<?xml version="1.0" encoding="UTF-8"?>
<gpx creator="Garmin Connect" version="1.1"
  xsi:schemaLocation="http://www.topografix.com/GPX/1/1 http://www.topografix.com/GPX/11.xsd"
  xmlns:ns3="http://www.garmin.com/xmlschemas/TrackPointExtension/v1"
  xmlns="http://www.topografix.com/GPX/1/1"
  xmlns:xsi="http://www.w3.org/2001/XMLSchema-instance" xmlns:ns2="http://www.garmin.com/xmlschemas/GpxExtensions/v3">
  <metadata>
    <link href="connect.garmin.com">
      <text>Garmin Connect</text>
    </link>
    <time>2026-07-18T15:50:21.000Z</time>
  </metadata>
  <trk>
    <name>Boulder County Gravel/Unpaved Cycling</name>
    <type>gravel_cycling</type>
    <trkseg>
      <trkpt lat="40.00878260470926761627197265625" lon="-105.32534007914364337921142578125">
        <ele>1780.4000244140625</ele>
        <time>2026-07-18T15:50:21.000Z</time>
        <extensions>
          <ns3:TrackPointExtension>
            <ns3:atemp>43.0</ns3:atemp>
          </ns3:TrackPointExtension>
        </extensions>
      </trkpt>
      <trkpt lat="40.00878260470926761627197265625" lon="-105.32534007914364337921142578125">
        <ele>1784</ele>
        <time>2026-07-18T15:50:22.000Z</time>
        <extensions>
          <ns3:TrackPointExtension>
            <ns3:atemp>43.0</ns3:atemp>
          </ns3:TrackPointExtension>
        </extensions>
      </trkpt>
      <trkpt lat="40.008781515061855316162109375" lon="-105.32534041441977024078369140625">
        <ele>1788.800048828125</ele>
        <time>2026-07-18T15:50:23.000Z</time>
        <extensions>
          <ns3:TrackPointExtension>
            <ns3:atemp>43.0</ns3:atemp>
          </ns3:TrackPointExtension>
        </extensions>
      </trkpt>
      <trkpt lat="40.0087873823940753936767578125" lon="-105.32534460537135601043701171875">
        <ele>1790.199951171875</ele>
        <time>2026-07-18T15:50:24.000Z</time>
        <extensions>
          <ns3:TrackPointExtension>
            <ns3:atemp>43.0</ns3:atemp>
          </ns3:TrackPointExtension>
        </extensions>
      </trkpt>
      <trkpt lat="40.0087873823940753936767578125" lon="-105.32534460537135601043701171875">
        <ele>1791.5999755859375</ele>
        <time>2026-07-18T15:50:25.000Z</time>
        <extensions>
          <ns3:TrackPointExtension>
            <ns3:atemp>43.0</ns3:atemp>
          </ns3:TrackPointExtension>
        </extensions>
      </trkpt>
      <trkpt lat="40.00878025777637958526611328125" lon="-105.32534460537135601043701171875">
        <ele>1792.5999755859375</ele>
        <time>2026-07-18T15:50:31.000Z</time>
        <extensions>
          <ns3:TrackPointExtension>
            <ns3:atemp>43.0</ns3:atemp>
          </ns3:TrackPointExtension>
        </extensions>
      </trkpt>
      <trkpt lat="40.0087702833116054534912109375" lon="-105.32538651488721370697021484375">
        <ele>1792.199951171875</ele>
        <time>2026-07-18T15:52:17.000Z</time>
        <extensions>
          <ns3:TrackPointExtension>
            <ns3:atemp>43.0</ns3:atemp>
          </ns3:TrackPointExtension>
        </extensions>
      </trkpt>
      <trkpt lat="40.00877170823514461517333984375" lon="-105.3253455273807048797607421875">
        <ele>1792.5999755859375</ele>
        <time>2026-07-18T15:52:56.000Z</time>
        <extensions>
          <ns3:TrackPointExtension>
            <ns3:atemp>43.0</ns3:atemp>
          </ns3:TrackPointExtension>
        </extensions>
      </trkpt>
      <trkpt lat="40.00880129635334014892578125" lon="-105.32528861425817012786865234375">
        <ele>1792.5999755859375</ele>
        <time>2026-07-18T15:52:59.000Z</time>
        <extensions>
          <ns3:TrackPointExtension>
            <ns3:atemp>43.0</ns3:atemp>
          </ns3:TrackPointExtension>
        </extensions>
      </trkpt>
      <trkpt lat="40.008882768452167510986328125" lon="-105.32520295120775699615478515625">
        <ele>1792.5999755859375</ele>
        <time>2026-07-18T15:53:05.000Z</time>
        <extensions>
          <ns3:TrackPointExtension>
            <ns3:atemp>43.0</ns3:atemp>
          </ns3:TrackPointExtension>
        </extensions>
      </trkpt>
      <trkpt lat="40.00886164605617523193359375" lon="-105.32518300227820873260498046875">
        <ele>1792.5999755859375</ele>
        <time>2026-07-18T15:53:12.000Z</time>
        <extensions>
          <ns3:TrackPointExtension>
            <ns3:atemp>43.0</ns3:atemp>
          </ns3:TrackPointExtension>
        </extensions>
      </trkpt>
      <trkpt lat="40.0088463909924030303955078125" lon="-105.3251859359443187713623046875">
        <ele>1792.5999755859375</ele>
        <time>2026-07-18T15:53:13.000Z</time>
        <extensions>
          <ns3:TrackPointExtension>
            <ns3:atemp>43.0</ns3:atemp>
          </ns3:TrackPointExtension>
        </extensions>
      </trkpt>
      <trkpt lat="40.008815713226795196533203125" lon="-105.32521761953830718994140625">
        <ele>1792.5999755859375</ele>
        <time>2026-07-18T15:53:15.000Z</time>
        <extensions>
          <ns3:TrackPointExtension>
            <ns3:atemp>43.0</ns3:atemp>
          </ns3:TrackPointExtension>
        </extensions>
      </trkpt>
      <trkpt lat="40.0088165514171123504638671875" lon="-105.3252610377967357635498046875">
        <ele>1792.5999755859375</ele>
        <time>2026-07-18T15:53:17.000Z</time>
        <extensions>
          <ns3:TrackPointExtension>
            <ns3:atemp>43.0</ns3:atemp>
          </ns3:TrackPointExtension>
        </extensions>
      </trkpt>
      <trkpt lat="40.00883004628121852874755859375" lon="-105.3252707608044147491455078125">
        <ele>1792.5999755859375</ele>
        <time>2026-07-18T15:53:18.000Z</time>
        <extensions>
          <ns3:TrackPointExtension>
            <ns3:atemp>43.0</ns3:atemp>
          </ns3:TrackPointExtension>
        </extensions>
      </trkpt>
      <trkpt lat="40.0088675133883953094482421875" lon="-105.3252392448484897613525390625">
        <ele>1792.5999755859375</ele>
        <time>2026-07-18T15:53:20.000Z</time>
        <extensions>
          <ns3:TrackPointExtension>
            <ns3:atemp>43.0</ns3:atemp>
          </ns3:TrackPointExtension>
        </extensions>
      </trkpt>
      <trkpt lat="40.0088985264301300048828125" lon="-105.32507940195500850677490234375">
        <ele>1793</ele>
        <time>2026-07-18T15:53:24.000Z</time>
        <extensions>
          <ns3:TrackPointExtension>
            <ns3:atemp>43.0</ns3:atemp>
          </ns3:TrackPointExtension>
        </extensions>
      </trkpt>
      <trkpt lat="40.0088584609329700469970703125" lon="-105.32503028400242328643798828125">
        <ele>1793.199951171875</ele>
        <time>2026-07-18T15:53:26.000Z</time>
        <extensions>
          <ns3:TrackPointExtension>
            <ns3:atemp>43.0</ns3:atemp>
          </ns3:TrackPointExtension>
        </extensions>
      </trkpt>
      <trkpt lat="40.00883088447153568267822265625" lon="-105.32502056099474430084228515625">
        <ele>1793.4000244140625</ele>
        <time>2026-07-18T15:53:27.000Z</time>
        <extensions>
          <ns3:TrackPointExtension>
            <ns3:atemp>43.0</ns3:atemp>
          </ns3:TrackPointExtension>
        </extensions>
      </trkpt>
      <trkpt lat="40.00877824611961841583251953125" lon="-105.32501888461410999298095703125">
        <ele>1794</ele>
        <time>2026-07-18T15:53:29.000Z</time>
        <extensions>
          <ns3:TrackPointExtension>
            <ns3:atemp>43.0</ns3:atemp>
          </ns3:TrackPointExtension>
        </extensions>
      </trkpt>
      <trkpt lat="40.00871286727488040924072265625" lon="-105.32502986490726470947265625">
        <ele>1794.800048828125</ele>
        <time>2026-07-18T15:53:32.000Z</time>
        <extensions>
          <ns3:TrackPointExtension>
            <ns3:atemp>43.0</ns3:atemp>
          </ns3:TrackPointExtension>
        </extensions>
      </trkpt>
      <trkpt lat="40.00869258306920528411865234375" lon="-105.32503028400242328643798828125">
        <ele>1795.199951171875</ele>
        <time>2026-07-18T15:53:33.000Z</time>
        <extensions>
          <ns3:TrackPointExtension>
            <ns3:atemp>43.0</ns3:atemp>
          </ns3:TrackPointExtension>
        </extensions>
      </trkpt>
      <trkpt lat="40.008602477610111236572265625" lon="-105.32503179274499416351318359375">
        <ele>1796.199951171875</ele>
        <time>2026-07-18T15:53:37.000Z</time>
        <extensions>
          <ns3:TrackPointExtension>
            <ns3:atemp>43.0</ns3:atemp>
          </ns3:TrackPointExtension>
        </extensions>
      </trkpt>
      <trkpt lat="40.008423440158367156982421875" lon="-105.32499541528522968292236328125">
        <ele>1797.4000244140625</ele>
        <time>2026-07-18T15:53:44.000Z</time>
        <extensions>
          <ns3:TrackPointExtension>
            <ns3:atemp>43.0</ns3:atemp>
          </ns3:TrackPointExtension>
        </extensions>
      </trkpt>
      <trkpt lat="40.0084024854004383087158203125" lon="-105.324993319809436798095703125">
        <ele>1797.800048828125</ele>
        <time>2026-07-18T15:53:45.000Z</time>
        <extensions>
          <ns3:TrackPointExtension>
            <ns3:atemp>43.0</ns3:atemp>
          </ns3:TrackPointExtension>
        </extensions>
      </trkpt>
      <trkpt lat="40.00834934413433074951171875" lon="-105.324979238212108612060546875">
        <ele>1798.800048828125</ele>
        <time>2026-07-18T15:53:47.000Z</time>
        <extensions>
          <ns3:TrackPointExtension>
            <ns3:atemp>43.0</ns3:atemp>
          </ns3:TrackPointExtension>
        </extensions>
      </trkpt>
      <trkpt lat="40.00826661475002765655517578125" lon="-105.32494126819074153900146484375">
        <ele>1800</ele>
        <time>2026-07-18T15:53:51.000Z</time>
        <extensions>
          <ns3:TrackPointExtension>
            <ns3:atemp>43.0</ns3:atemp>
          </ns3:TrackPointExtension>
        </extensions>
      </trkpt>
      <trkpt lat="40.00820425339043140411376953125" lon="-105.3249059803783893585205078125">
        <ele>1800.4000244140625</ele>
        <time>2026-07-18T15:53:54.000Z</time>
        <extensions>
          <ns3:TrackPointExtension>
            <ns3:atemp>43.0</ns3:atemp>
          </ns3:TrackPointExtension>
        </extensions>
      </trkpt>
      <trkpt lat="40.00811456702649593353271484375" lon="-105.32486759126186370849609375">
        <ele>1801.5999755859375</ele>
        <time>2026-07-18T15:53:58.000Z</time>
        <extensions>
          <ns3:TrackPointExtension>
            <ns3:atemp>43.0</ns3:atemp>
          </ns3:TrackPointExtension>
        </extensions>
      </trkpt>
      <trkpt lat="40.008009374141693115234375" lon="-105.32480657100677490234375">
        <ele>1802.5999755859375</ele>
        <time>2026-07-18T15:54:03.000Z</time>
        <extensions>
          <ns3:TrackPointExtension>
            <ns3:atemp>43.0</ns3:atemp>
          </ns3:TrackPointExtension>
        </extensions>
      </trkpt>
      <trkpt lat="40.0079180113971233367919921875" lon="-105.324766002595424652099609375">
        <ele>1803.199951171875</ele>
        <time>2026-07-18T15:54:07.000Z</time>
        <extensions>
          <ns3:TrackPointExtension>
            <ns3:atemp>43.0</ns3:atemp>
          </ns3:TrackPointExtension>
        </extensions>
      </trkpt>
      <trkpt lat="40.007870905101299285888671875" lon="-105.32474144361913204193115234375">
        <ele>1803.4000244140625</ele>
        <time>2026-07-18T15:54:09.000Z</time>
        <extensions>
          <ns3:TrackPointExtension>
            <ns3:atemp>43.0</ns3:atemp>
          </ns3:TrackPointExtension>
        </extensions>
      </trkpt>
      <trkpt lat="40.007832683622837066650390625" lon="-105.32470531761646270751953125">
        <ele>1803.5999755859375</ele>
        <time>2026-07-18T15:54:11.000Z</time>
        <extensions>
          <ns3:TrackPointExtension>
            <ns3:atemp>43.0</ns3:atemp>
          </ns3:TrackPointExtension>
        </extensions>
      </trkpt>
      <trkpt lat="40.00774475745856761932373046875" lon="-105.32463935203850269317626953125">
        <ele>1804.800048828125</ele>
        <time>2026-07-18T15:54:15.000Z</time>
        <extensions>
          <ns3:TrackPointExtension>
            <ns3:atemp>42.0</ns3:atemp>
          </ns3:TrackPointExtension>
        </extensions>
      </trkpt>
      <trkpt lat="40.0076454319059848785400390625" lon="-105.3245509229600429534912109375">
        <ele>1805.800048828125</ele>
        <time>2026-07-18T15:54:19.000Z</time>
        <extensions>
          <ns3:TrackPointExtension>
            <ns3:atemp>42.0</ns3:atemp>
          </ns3:TrackPointExtension>
        </extensions>
      </trkpt>
      <trkpt lat="40.007609389722347259521484375" lon="-105.3245227597653865814208984375">
        <ele>1806.4000244140625</ele>
        <time>2026-07-18T15:54:21.000Z</time>
        <extensions>
          <ns3:TrackPointExtension>
            <ns3:atemp>42.0</ns3:atemp>
          </ns3:TrackPointExtension>
        </extensions>
      </trkpt>
      <trkpt lat="40.0075428374111652374267578125" lon="-105.3244795091450214385986328125">
        <ele>1807</ele>
        <time>2026-07-18T15:54:24.000Z</time>
        <extensions>
          <ns3:TrackPointExtension>
            <ns3:atemp>42.0</ns3:atemp>
          </ns3:TrackPointExtension>
        </extensions>
      </trkpt>
      <trkpt lat="40.007514171302318572998046875" lon="-105.32441974617540836334228515625">
        <ele>1808</ele>
        <time>2026-07-18T15:54:28.000Z</time>
        <extensions>
          <ns3:TrackPointExtension>
            <ns3:atemp>42.0</ns3:atemp>
          </ns3:TrackPointExtension>
        </extensions>
      </trkpt>
      <trkpt lat="40.00744569115340709686279296875" lon="-105.32430759631097316741943359375">
        <ele>1809</ele>
        <time>2026-07-18T15:54:33.000Z</time>
        <extensions>
          <ns3:TrackPointExtension>
            <ns3:atemp>42.0</ns3:atemp>
          </ns3:TrackPointExtension>
        </extensions>
      </trkpt>
      <trkpt lat="40.0074030272662639617919921875" lon="-105.3242607414722442626953125">
        <ele>1809.5999755859375</ele>
        <time>2026-07-18T15:54:36.000Z</time>
        <extensions>
          <ns3:TrackPointExtension>
            <ns3:atemp>42.0</ns3:atemp>
          </ns3:TrackPointExtension>
        </extensions>
      </trkpt>
      <trkpt lat="40.00735365785658359527587890625" lon="-105.32416946254670619964599609375">
        <ele>1810.199951171875</ele>
        <time>2026-07-18T15:54:40.000Z</time>
        <extensions>
          <ns3:TrackPointExtension>
            <ns3:atemp>42.0</ns3:atemp>
          </ns3:TrackPointExtension>
        </extensions>
      </trkpt>
      <trkpt lat="40.00731292180716991424560546875" lon="-105.32409553416073322296142578125">
        <ele>1810.800048828125</ele>
        <time>2026-07-18T15:54:44.000Z</time>
        <extensions>
          <ns3:TrackPointExtension>
            <ns3:atemp>42.0</ns3:atemp>
          </ns3:TrackPointExtension>
        </extensions>
      </trkpt>
      <trkpt lat="40.00729129649698734283447265625" lon="-105.324038453400135040283203125">
        <ele>1811.4000244140625</ele>
        <time>2026-07-18T15:54:47.000Z</time>
        <extensions>
          <ns3:TrackPointExtension>
            <ns3:atemp>42.0</ns3:atemp>
          </ns3:TrackPointExtension>
        </extensions>
      </trkpt>
      <trkpt lat="40.00724385492503643035888671875" lon="-105.3239601664245128631591796875">
        <ele>1812.199951171875</ele>
        <time>2026-07-18T15:54:51.000Z</time>
        <extensions>
          <ns3:TrackPointExtension>
            <ns3:atemp>42.0</ns3:atemp>
          </ns3:TrackPointExtension>
        </extensions>
      </trkpt>
      <trkpt lat="40.00722742639482021331787109375" lon="-105.32392479479312896728515625">
        <ele>1812.4000244140625</ele>
        <time>2026-07-18T15:54:53.000Z</time>
        <extensions>
          <ns3:TrackPointExtension>
            <ns3:atemp>42.0</ns3:atemp>
          </ns3:TrackPointExtension>
        </extensions>
      </trkpt>
      <trkpt lat="40.0072194635868072509765625" lon="-105.3239021636545658111572265625">
        <ele>1812.5999755859375</ele>
        <time>2026-07-18T15:54:54.000Z</time>
        <extensions>
          <ns3:TrackPointExtension>
            <ns3:atemp>42.0</ns3:atemp>
          </ns3:TrackPointExtension>
        </extensions>
      </trkpt>
      <trkpt lat="40.0072018615901470184326171875" lon="-105.32385933212935924530029296875">
        <ele>1813</ele>
        <time>2026-07-18T15:54:56.000Z</time>
        <extensions>
          <ns3:TrackPointExtension>
            <ns3:atemp>42.0</ns3:atemp>
          </ns3:TrackPointExtension>
        </extensions>
      </trkpt>
      <trkpt lat="40.00718266703188419342041015625" lon="-105.3237372078001499176025390625">
        <ele>1813.4000244140625</ele>
        <time>2026-07-18T15:55:00.000Z</time>
        <extensions>
          <ns3:TrackPointExtension>
            <ns3:atemp>41.0</ns3:atemp>
          </ns3:TrackPointExtension>
        </extensions>
      </trkpt>
      <trkpt lat="40.00717587769031524658203125" lon="-105.32370359636843204498291015625">
        <ele>1813.5999755859375</ele>
        <time>2026-07-18T15:55:01.000Z</time>
        <extensions>
          <ns3:TrackPointExtension>
            <ns3:atemp>41.0</ns3:atemp>
          </ns3:TrackPointExtension>
        </extensions>
      </trkpt>
      <trkpt lat="40.007167495787143707275390625" lon="-105.32367375679314136505126953125">
        <ele>1813.800048828125</ele>
        <time>2026-07-18T15:55:02.000Z</time>
        <extensions>
          <ns3:TrackPointExtension>
            <ns3:atemp>41.0</ns3:atemp>
          </ns3:TrackPointExtension>
        </extensions>
      </trkpt>
      <trkpt lat="40.00715383328497409820556640625" lon="-105.32351441681385040283203125">
        <ele>1814.5999755859375</ele>
        <time>2026-07-18T15:55:07.000Z</time>
        <extensions>
          <ns3:TrackPointExtension>
            <ns3:atemp>41.0</ns3:atemp>
          </ns3:TrackPointExtension>
        </extensions>
      </trkpt>
      <trkpt lat="40.0071498937904834747314453125" lon="-105.32346102409064769744873046875">
        <ele>1815</ele>
        <time>2026-07-18T15:55:09.000Z</time>
        <extensions>
          <ns3:TrackPointExtension>
            <ns3:atemp>41.0</ns3:atemp>
          </ns3:TrackPointExtension>
        </extensions>
      </trkpt>
      <trkpt lat="40.00716472975909709930419921875" lon="-105.323253907263278961181640625">
        <ele>1815.5999755859375</ele>
        <time>2026-07-18T15:55:16.000Z</time>
        <extensions>
          <ns3:TrackPointExtension>
            <ns3:atemp>41.0</ns3:atemp>
          </ns3:TrackPointExtension>
        </extensions>
      </trkpt>
      <trkpt lat="40.00716707669198513031005859375" lon="-105.32322834245860576629638671875">
        <ele>1815.5999755859375</ele>
        <time>2026-07-18T15:55:17.000Z</time>
        <extensions>
          <ns3:TrackPointExtension>
            <ns3:atemp>41.0</ns3:atemp>
          </ns3:TrackPointExtension>
        </extensions>
      </trkpt>
      <trkpt lat="40.007172524929046630859375" lon="-105.32319095917046070098876953125">
        <ele>1815.800048828125</ele>
        <time>2026-07-18T15:55:18.000Z</time>
        <extensions>
          <ns3:TrackPointExtension>
            <ns3:atemp>41.0</ns3:atemp>
          </ns3:TrackPointExtension>
        </extensions>
      </trkpt>
      <trkpt lat="40.00718652270734310150146484375" lon="-105.32307109795510768890380859375">
        <ele>1817</ele>
        <time>2026-07-18T15:55:23.000Z</time>
        <extensions>
          <ns3:TrackPointExtension>
            <ns3:atemp>41.0</ns3:atemp>
          </ns3:TrackPointExtension>
        </extensions>
      </trkpt>
      <trkpt lat="40.00717981718480587005615234375" lon="-105.3230054676532745361328125">
        <ele>1817.5999755859375</ele>
        <time>2026-07-18T15:55:25.000Z</time>
        <extensions>
          <ns3:TrackPointExtension>
            <ns3:atemp>41.0</ns3:atemp>
          </ns3:TrackPointExtension>
        </extensions>
      </trkpt>
      <trkpt lat="40.00717193819582462310791015625" lon="-105.3229677490890026092529296875">
        <ele>1817.800048828125</ele>
        <time>2026-07-18T15:55:27.000Z</time>
        <extensions>
          <ns3:TrackPointExtension>
            <ns3:atemp>41.0</ns3:atemp>
          </ns3:TrackPointExtension>
        </extensions>
      </trkpt>
      <trkpt lat="40.00716355629265308380126953125" lon="-105.32295794226229190826416015625">
        <ele>1818</ele>
        <time>2026-07-18T15:55:28.000Z</time>
        <extensions>
          <ns3:TrackPointExtension>
            <ns3:atemp>41.0</ns3:atemp>
          </ns3:TrackPointExtension>
        </extensions>
      </trkpt>
      <trkpt lat="40.0071083195507526397705078125" lon="-105.32293229363858699798583984375">
        <ele>1818.800048828125</ele>
        <time>2026-07-18T15:55:32.000Z</time>
        <extensions>
          <ns3:TrackPointExtension>
            <ns3:atemp>41.0</ns3:atemp>
          </ns3:TrackPointExtension>
        </extensions>
      </trkpt>
      <trkpt lat="40.00707252882421016693115234375" lon="-105.3229332156479358673095703125">
        <ele>1819.199951171875</ele>
        <time>2026-07-18T15:55:34.000Z</time>
        <extensions>
          <ns3:TrackPointExtension>
            <ns3:atemp>41.0</ns3:atemp>
          </ns3:TrackPointExtension>
        </extensions>
      </trkpt>
      <trkpt lat="40.00702659599483013153076171875" lon="-105.32294805161654949188232421875">
        <ele>1819.800048828125</ele>
        <time>2026-07-18T15:55:37.000Z</time>
        <extensions>
          <ns3:TrackPointExtension>
            <ns3:atemp>41.0</ns3:atemp>
          </ns3:TrackPointExtension>
        </extensions>
      </trkpt>
      <trkpt lat="40.007015280425548553466796875" lon="-105.3229590319097042083740234375">
        <ele>1820.199951171875</ele>
        <time>2026-07-18T15:55:38.000Z</time>
        <extensions>
          <ns3:TrackPointExtension>
            <ns3:atemp>41.0</ns3:atemp>
          </ns3:TrackPointExtension>
        </extensions>
      </trkpt>
      <trkpt lat="40.00700362958014011383056640625" lon="-105.3229714371263980865478515625">
        <ele>1820.4000244140625</ele>
        <time>2026-07-18T15:55:39.000Z</time>
        <extensions>
          <ns3:TrackPointExtension>
            <ns3:atemp>41.0</ns3:atemp>
          </ns3:TrackPointExtension>
        </extensions>
      </trkpt>
      <trkpt lat="40.0069986842572689056396484375" lon="-105.3229786455631256103515625">
        <ele>1820.5999755859375</ele>
        <time>2026-07-18T15:55:40.000Z</time>
        <extensions>
          <ns3:TrackPointExtension>
            <ns3:atemp>41.0</ns3:atemp>
          </ns3:TrackPointExtension>
        </extensions>
      </trkpt>
      <trkpt lat="40.006997846066951751708984375" lon="-105.3229878656566143035888671875">
        <ele>1820.800048828125</ele>
        <time>2026-07-18T15:55:41.000Z</time>
        <extensions>
          <ns3:TrackPointExtension>
            <ns3:atemp>41.0</ns3:atemp>
          </ns3:TrackPointExtension>
        </extensions>
      </trkpt>
      <trkpt lat="40.0069980137050151824951171875" lon="-105.3230032883584499359130859375">
        <ele>1820.800048828125</ele>
        <time>2026-07-18T15:55:42.000Z</time>
        <extensions>
          <ns3:TrackPointExtension>
            <ns3:atemp>41.0</ns3:atemp>
          </ns3:TrackPointExtension>
        </extensions>
      </trkpt>
      <trkpt lat="40.0069968402385711669921875" lon="-105.32302491366863250732421875">
        <ele>1820.800048828125</ele>
        <time>2026-07-18T15:55:43.000Z</time>
        <extensions>
          <ns3:TrackPointExtension>
            <ns3:atemp>41.0</ns3:atemp>
          </ns3:TrackPointExtension>
        </extensions>
      </trkpt>
      <trkpt lat="40.00699080526828765869140625" lon="-105.32308392226696014404296875">
        <ele>1821.199951171875</ele>
        <time>2026-07-18T15:55:45.000Z</time>
        <extensions>
          <ns3:TrackPointExtension>
            <ns3:atemp>40.0</ns3:atemp>
          </ns3:TrackPointExtension>
        </extensions>
      </trkpt>
      <trkpt lat="40.00698250718414783477783203125" lon="-105.32311166636645793914794921875">
        <ele>1821.4000244140625</ele>
        <time>2026-07-18T15:55:46.000Z</time>
        <extensions>
          <ns3:TrackPointExtension>
            <ns3:atemp>40.0</ns3:atemp>
          </ns3:TrackPointExtension>
        </extensions>
      </trkpt>
      <trkpt lat="40.00695937313139438629150390625" lon="-105.32320034690201282501220703125">
        <ele>1822</ele>
        <time>2026-07-18T15:55:49.000Z</time>
        <extensions>
          <ns3:TrackPointExtension>
            <ns3:atemp>40.0</ns3:atemp>
          </ns3:TrackPointExtension>
        </extensions>
      </trkpt>
      <trkpt lat="40.00693037174642086029052734375" lon="-105.32327394001185894012451171875">
        <ele>1822.4000244140625</ele>
        <time>2026-07-18T15:55:52.000Z</time>
        <extensions>
          <ns3:TrackPointExtension>
            <ns3:atemp>40.0</ns3:atemp>
          </ns3:TrackPointExtension>
        </extensions>
      </trkpt>
      <trkpt lat="40.0069135241210460662841796875" lon="-105.323374606668949127197265625">
        <ele>1823</ele>
        <time>2026-07-18T15:55:55.000Z</time>
        <extensions>
          <ns3:TrackPointExtension>
            <ns3:atemp>40.0</ns3:atemp>
          </ns3:TrackPointExtension>
        </extensions>
      </trkpt>
      <trkpt lat="40.0068883784115314483642578125" lon="-105.32345918007194995880126953125">
        <ele>1823.800048828125</ele>
        <time>2026-07-18T15:55:58.000Z</time>
        <extensions>
          <ns3:TrackPointExtension>
            <ns3:atemp>40.0</ns3:atemp>
          </ns3:TrackPointExtension>
        </extensions>
      </trkpt>
      <trkpt lat="40.00687404535710811614990234375" lon="-105.323522798717021942138671875">
        <ele>1824</ele>
        <time>2026-07-18T15:56:00.000Z</time>
        <extensions>
          <ns3:TrackPointExtension>
            <ns3:atemp>40.0</ns3:atemp>
          </ns3:TrackPointExtension>
        </extensions>
      </trkpt>
      <trkpt lat="40.00683515332639217376708984375" lon="-105.3236778639256954193115234375">
        <ele>1825.199951171875</ele>
        <time>2026-07-18T15:56:05.000Z</time>
        <extensions>
          <ns3:TrackPointExtension>
            <ns3:atemp>40.0</ns3:atemp>
          </ns3:TrackPointExtension>
        </extensions>
      </trkpt>
      <trkpt lat="40.0068112649023532867431640625" lon="-105.32373896799981594085693359375">
        <ele>1825.800048828125</ele>
        <time>2026-07-18T15:56:08.000Z</time>
        <extensions>
          <ns3:TrackPointExtension>
            <ns3:atemp>40.0</ns3:atemp>
          </ns3:TrackPointExtension>
        </extensions>
      </trkpt>
      <trkpt lat="40.006802044808864593505859375" lon="-105.32375757582485675811767578125">
        <ele>1826</ele>
        <time>2026-07-18T15:56:09.000Z</time>
        <extensions>
          <ns3:TrackPointExtension>
            <ns3:atemp>40.0</ns3:atemp>
          </ns3:TrackPointExtension>
        </extensions>
      </trkpt>
      <trkpt lat="40.00678922049701213836669921875" lon="-105.323770232498645782470703125">
        <ele>1826.4000244140625</ele>
        <time>2026-07-18T15:56:10.000Z</time>
        <extensions>
          <ns3:TrackPointExtension>
            <ns3:atemp>40.0</ns3:atemp>
          </ns3:TrackPointExtension>
        </extensions>
      </trkpt>
      <trkpt lat="40.00674999319016933441162109375" lon="-105.32379630021750926971435546875">
        <ele>1826.5999755859375</ele>
        <time>2026-07-18T15:56:12.000Z</time>
        <extensions>
          <ns3:TrackPointExtension>
            <ns3:atemp>40.0</ns3:atemp>
          </ns3:TrackPointExtension>
        </extensions>
      </trkpt>
      <trkpt lat="40.00663599930703639984130859375" lon="-105.32383351586759090423583984375">
        <ele>1827.4000244140625</ele>
        <time>2026-07-18T15:56:17.000Z</time>
        <extensions>
          <ns3:TrackPointExtension>
            <ns3:atemp>40.0</ns3:atemp>
          </ns3:TrackPointExtension>
        </extensions>
      </trkpt>
      <trkpt lat="40.00659258104860782623291015625" lon="-105.32383066602051258087158203125">
        <ele>1828.199951171875</ele>
        <time>2026-07-18T15:56:19.000Z</time>
        <extensions>
          <ns3:TrackPointExtension>
            <ns3:atemp>40.0</ns3:atemp>
          </ns3:TrackPointExtension>
        </extensions>
      </trkpt>
      <trkpt lat="40.00654413364827632904052734375" lon="-105.3238324262201786041259765625">
        <ele>1828.5999755859375</ele>
        <time>2026-07-18T15:56:21.000Z</time>
        <extensions>
          <ns3:TrackPointExtension>
            <ns3:atemp>40.0</ns3:atemp>
          </ns3:TrackPointExtension>
        </extensions>
      </trkpt>
      <trkpt lat="40.00644220970571041107177734375" lon="-105.323811136186122894287109375">
        <ele>1829.5999755859375</ele>
        <time>2026-07-18T15:56:26.000Z</time>
        <extensions>
          <ns3:TrackPointExtension>
            <ns3:atemp>40.0</ns3:atemp>
          </ns3:TrackPointExtension>
        </extensions>
      </trkpt>
      <trkpt lat="40.00642527826130390167236328125" lon="-105.32380736432969570159912109375">
        <ele>1830</ele>
        <time>2026-07-18T15:56:27.000Z</time>
        <extensions>
          <ns3:TrackPointExtension>
            <ns3:atemp>40.0</ns3:atemp>
          </ns3:TrackPointExtension>
        </extensions>
      </trkpt>
      <trkpt lat="40.0063391961157321929931640625" lon="-105.3237972222268581390380859375">
        <ele>1830.800048828125</ele>
        <time>2026-07-18T15:56:30.000Z</time>
        <extensions>
          <ns3:TrackPointExtension>
            <ns3:atemp>40.0</ns3:atemp>
          </ns3:TrackPointExtension>
        </extensions>
      </trkpt>
      <trkpt lat="40.00632050447165966033935546875" lon="-105.32379361800849437713623046875">
        <ele>1830.800048828125</ele>
        <time>2026-07-18T15:56:31.000Z</time>
        <extensions>
          <ns3:TrackPointExtension>
            <ns3:atemp>40.0</ns3:atemp>
          </ns3:TrackPointExtension>
        </extensions>
      </trkpt>
      <trkpt lat="40.0062724761664867401123046875" lon="-105.32377467490732669830322265625">
        <ele>1831.199951171875</ele>
        <time>2026-07-18T15:56:33.000Z</time>
        <extensions>
          <ns3:TrackPointExtension>
            <ns3:atemp>39.0</ns3:atemp>
          </ns3:TrackPointExtension>
        </extensions>
      </trkpt>
      <trkpt lat="40.00620382837951183319091796875" lon="-105.32373175956308841705322265625">
        <ele>1832.4000244140625</ele>
        <time>2026-07-18T15:56:36.000Z</time>
        <extensions>
          <ns3:TrackPointExtension>
            <ns3:atemp>39.0</ns3:atemp>
          </ns3:TrackPointExtension>
        </extensions>
      </trkpt>
      <trkpt lat="40.00617197714745998382568359375" lon="-105.32369873486459255218505859375">
        <ele>1832.800048828125</ele>
        <time>2026-07-18T15:56:38.000Z</time>
        <extensions>
          <ns3:TrackPointExtension>
            <ns3:atemp>39.0</ns3:atemp>
          </ns3:TrackPointExtension>
        </extensions>
      </trkpt>
      <trkpt lat="40.006144233047962188720703125" lon="-105.32366705127060413360595703125">
        <ele>1833.199951171875</ele>
        <time>2026-07-18T15:56:40.000Z</time>
        <extensions>
          <ns3:TrackPointExtension>
            <ns3:atemp>39.0</ns3:atemp>
          </ns3:TrackPointExtension>
        </extensions>
      </trkpt>
      <trkpt lat="40.00613274984061717987060546875" lon="-105.32364475540816783905029296875">
        <ele>1833.5999755859375</ele>
        <time>2026-07-18T15:56:41.000Z</time>
        <extensions>
          <ns3:TrackPointExtension>
            <ns3:atemp>39.0</ns3:atemp>
          </ns3:TrackPointExtension>
        </extensions>
      </trkpt>
      <trkpt lat="40.00612805597484111785888671875" lon="-105.32361826859414577484130859375">
        <ele>1833.5999755859375</ele>
        <time>2026-07-18T15:56:42.000Z</time>
        <extensions>
          <ns3:TrackPointExtension>
            <ns3:atemp>39.0</ns3:atemp>
          </ns3:TrackPointExtension>
        </extensions>
      </trkpt>
      <trkpt lat="40.00614029355347156524658203125" lon="-105.32357770018279552459716796875">
        <ele>1834</ele>
        <time>2026-07-18T15:56:44.000Z</time>
        <extensions>
          <ns3:TrackPointExtension>
            <ns3:atemp>39.0</ns3:atemp>
          </ns3:TrackPointExtension>
        </extensions>
      </trkpt>
      <trkpt lat="40.006189830601215362548828125" lon="-105.32355624251067638397216796875">
        <ele>1834.199951171875</ele>
        <time>2026-07-18T15:56:46.000Z</time>
        <extensions>
          <ns3:TrackPointExtension>
            <ns3:atemp>39.0</ns3:atemp>
          </ns3:TrackPointExtension>
        </extensions>
      </trkpt>
      <trkpt lat="40.00627641566097736358642578125" lon="-105.323560349643230438232421875">
        <ele>1834.5999755859375</ele>
        <time>2026-07-18T15:56:49.000Z</time>
        <extensions>
          <ns3:TrackPointExtension>
            <ns3:atemp>39.0</ns3:atemp>
          </ns3:TrackPointExtension>
        </extensions>
      </trkpt>
      <trkpt lat="40.0063787586987018585205078125" lon="-105.323564708232879638671875">
        <ele>1834.800048828125</ele>
        <time>2026-07-18T15:56:52.000Z</time>
        <extensions>
          <ns3:TrackPointExtension>
            <ns3:atemp>39.0</ns3:atemp>
          </ns3:TrackPointExtension>
        </extensions>
      </trkpt>
      <trkpt lat="40.0065095163881778717041015625" lon="-105.32354182563722133636474609375">
        <ele>1835</ele>
        <time>2026-07-18T15:56:56.000Z</time>
        <extensions>
          <ns3:TrackPointExtension>
            <ns3:atemp>39.0</ns3:atemp>
          </ns3:TrackPointExtension>
        </extensions>
      </trkpt>
      <trkpt lat="40.0065638311207294464111328125" lon="-105.32350176014006137847900390625">
        <ele>1835</ele>
        <time>2026-07-18T15:56:58.000Z</time>
        <extensions>
          <ns3:TrackPointExtension>
            <ns3:atemp>39.0</ns3:atemp>
          </ns3:TrackPointExtension>
        </extensions>
      </trkpt>
      <trkpt lat="40.0066097639501094818115234375" lon="-105.32340587116777896881103515625">
        <ele>1835.4000244140625</ele>
        <time>2026-07-18T15:57:01.000Z</time>
        <extensions>
          <ns3:TrackPointExtension>
            <ns3:atemp>39.0</ns3:atemp>
          </ns3:TrackPointExtension>
        </extensions>
      </trkpt>
      <trkpt lat="40.00659811310470104217529296875" lon="-105.3233298473060131072998046875">
        <ele>1835.800048828125</ele>
        <time>2026-07-18T15:57:03.000Z</time>
        <extensions>
          <ns3:TrackPointExtension>
            <ns3:atemp>39.0</ns3:atemp>
          </ns3:TrackPointExtension>
        </extensions>
      </trkpt>
      <trkpt lat="40.0065314769744873046875" lon="-105.323153994977474212646484375">
        <ele>1837</ele>
        <time>2026-07-18T15:57:09.000Z</time>
        <extensions>
          <ns3:TrackPointExtension>
            <ns3:atemp>39.0</ns3:atemp>
          </ns3:TrackPointExtension>
        </extensions>
      </trkpt>
      <trkpt lat="40.0065135397017002105712890625" lon="-105.32312273047864437103271484375">
        <ele>1837.199951171875</ele>
        <time>2026-07-18T15:57:10.000Z</time>
        <extensions>
          <ns3:TrackPointExtension>
            <ns3:atemp>39.0</ns3:atemp>
          </ns3:TrackPointExtension>
        </extensions>
      </trkpt>
      <trkpt lat="40.00648319721221923828125" lon="-105.3230807371437549591064453125">
        <ele>1837.4000244140625</ele>
        <time>2026-07-18T15:57:12.000Z</time>
        <extensions>
          <ns3:TrackPointExtension>
            <ns3:atemp>39.0</ns3:atemp>
          </ns3:TrackPointExtension>
        </extensions>
      </trkpt>
      <trkpt lat="40.00644505955278873443603515625" lon="-105.32298375852406024932861328125">
        <ele>1837.5999755859375</ele>
        <time>2026-07-18T15:57:15.000Z</time>
        <extensions>
          <ns3:TrackPointExtension>
            <ns3:atemp>38.0</ns3:atemp>
          </ns3:TrackPointExtension>
        </extensions>
      </trkpt>
      <trkpt lat="40.0064240209758281707763671875" lon="-105.32288619317114353179931640625">
        <ele>1838.199951171875</ele>
        <time>2026-07-18T15:57:18.000Z</time>
        <extensions>
          <ns3:TrackPointExtension>
            <ns3:atemp>38.0</ns3:atemp>
          </ns3:TrackPointExtension>
        </extensions>
      </trkpt>
      <trkpt lat="40.00640382058918476104736328125" lon="-105.32278619706630706787109375">
        <ele>1838.800048828125</ele>
        <time>2026-07-18T15:57:22.000Z</time>
        <extensions>
          <ns3:TrackPointExtension>
            <ns3:atemp>38.0</ns3:atemp>
          </ns3:TrackPointExtension>
        </extensions>
      </trkpt>
      <trkpt lat="40.006388984620571136474609375" lon="-105.32273414544761180877685546875">
        <ele>1839.199951171875</ele>
        <time>2026-07-18T15:57:24.000Z</time>
        <extensions>
          <ns3:TrackPointExtension>
            <ns3:atemp>38.0</ns3:atemp>
          </ns3:TrackPointExtension>
        </extensions>
      </trkpt>
      <trkpt lat="40.00639962963759899139404296875" lon="-105.32263104803860187530517578125">
        <ele>1839.800048828125</ele>
        <time>2026-07-18T15:57:27.000Z</time>
        <extensions>
          <ns3:TrackPointExtension>
            <ns3:atemp>38.0</ns3:atemp>
          </ns3:TrackPointExtension>
        </extensions>
      </trkpt>
      <trkpt lat="40.00640952028334140777587890625" lon="-105.32259232364594936370849609375">
        <ele>1840</ele>
        <time>2026-07-18T15:57:28.000Z</time>
        <extensions>
          <ns3:TrackPointExtension>
            <ns3:atemp>38.0</ns3:atemp>
          </ns3:TrackPointExtension>
        </extensions>
      </trkpt>
      <trkpt lat="40.00643013976514339447021484375" lon="-105.3225513361394405364990234375">
        <ele>1840.199951171875</ele>
        <time>2026-07-18T15:57:29.000Z</time>
        <extensions>
          <ns3:TrackPointExtension>
            <ns3:atemp>38.0</ns3:atemp>
          </ns3:TrackPointExtension>
        </extensions>
      </trkpt>
      <trkpt lat="40.00650775618851184844970703125" lon="-105.3224510885775089263916015625">
        <ele>1840.800048828125</ele>
        <time>2026-07-18T15:57:32.000Z</time>
        <extensions>
          <ns3:TrackPointExtension>
            <ns3:atemp>38.0</ns3:atemp>
          </ns3:TrackPointExtension>
        </extensions>
      </trkpt>
      <trkpt lat="40.00655452720820903778076171875" lon="-105.32237338833510875701904296875">
        <ele>1841.199951171875</ele>
        <time>2026-07-18T15:57:34.000Z</time>
        <extensions>
          <ns3:TrackPointExtension>
            <ns3:atemp>38.0</ns3:atemp>
          </ns3:TrackPointExtension>
        </extensions>
      </trkpt>
      <trkpt lat="40.00660263933241367340087890625" lon="-105.32227951101958751678466796875">
        <ele>1842.4000244140625</ele>
        <time>2026-07-18T15:57:38.000Z</time>
        <extensions>
          <ns3:TrackPointExtension>
            <ns3:atemp>38.0</ns3:atemp>
          </ns3:TrackPointExtension>
        </extensions>
      </trkpt>
      <trkpt lat="40.00660297460854053497314453125" lon="-105.32226073555648326873779296875">
        <ele>1842.4000244140625</ele>
        <time>2026-07-18T15:57:39.000Z</time>
        <extensions>
          <ns3:TrackPointExtension>
            <ns3:atemp>38.0</ns3:atemp>
          </ns3:TrackPointExtension>
        </extensions>
      </trkpt>
      <trkpt lat="40.0066691078245639801025390625" lon="-105.32212360762059688568115234375">
        <ele>1843.4000244140625</ele>
        <time>2026-07-18T15:57:44.000Z</time>
        <extensions>
          <ns3:TrackPointExtension>
            <ns3:atemp>38.0</ns3:atemp>
          </ns3:TrackPointExtension>
        </extensions>
      </trkpt>
      <trkpt lat="40.00668059103190898895263671875" lon="-105.32210382632911205291748046875">
        <ele>1843.5999755859375</ele>
        <time>2026-07-18T15:57:45.000Z</time>
        <extensions>
          <ns3:TrackPointExtension>
            <ns3:atemp>38.0</ns3:atemp>
          </ns3:TrackPointExtension>
        </extensions>
      </trkpt>
      <trkpt lat="40.006708838045597076416015625" lon="-105.3220546245574951171875">
        <ele>1844</ele>
        <time>2026-07-18T15:57:47.000Z</time>
        <extensions>
          <ns3:TrackPointExtension>
            <ns3:atemp>37.0</ns3:atemp>
          </ns3:TrackPointExtension>
        </extensions>
      </trkpt>
      <trkpt lat="40.0067472271621227264404296875" lon="-105.32199720852077007293701171875">
        <ele>1844.800048828125</ele>
        <time>2026-07-18T15:57:49.000Z</time>
        <extensions>
          <ns3:TrackPointExtension>
            <ns3:atemp>37.0</ns3:atemp>
          </ns3:TrackPointExtension>
        </extensions>
      </trkpt>
      <trkpt lat="40.00675200484693050384521484375" lon="-105.321969129145145416259765625">
        <ele>1845</ele>
        <time>2026-07-18T15:57:50.000Z</time>
        <extensions>
          <ns3:TrackPointExtension>
            <ns3:atemp>37.0</ns3:atemp>
          </ns3:TrackPointExtension>
        </extensions>
      </trkpt>
      <trkpt lat="40.00675703398883342742919921875" lon="-105.32193887047469615936279296875">
        <ele>1845</ele>
        <time>2026-07-18T15:57:51.000Z</time>
        <extensions>
          <ns3:TrackPointExtension>
            <ns3:atemp>37.0</ns3:atemp>
          </ns3:TrackPointExtension>
        </extensions>
      </trkpt>
      <trkpt lat="40.00677220523357391357421875" lon="-105.3219042532145977020263671875">
        <ele>1845.5999755859375</ele>
        <time>2026-07-18T15:57:53.000Z</time>
        <extensions>
          <ns3:TrackPointExtension>
            <ns3:atemp>37.0</ns3:atemp>
          </ns3:TrackPointExtension>
        </extensions>
      </trkpt>
      <trkpt lat="40.00677396543323993682861328125" lon="-105.32186158932745456695556640625">
        <ele>1845.800048828125</ele>
        <time>2026-07-18T15:57:55.000Z</time>
        <extensions>
          <ns3:TrackPointExtension>
            <ns3:atemp>37.0</ns3:atemp>
          </ns3:TrackPointExtension>
        </extensions>
      </trkpt>
      <trkpt lat="40.00676759518682956695556640625" lon="-105.32168271951377391815185546875">
        <ele>1847</ele>
        <time>2026-07-18T15:58:02.000Z</time>
        <extensions>
          <ns3:TrackPointExtension>
            <ns3:atemp>37.0</ns3:atemp>
          </ns3:TrackPointExtension>
        </extensions>
      </trkpt>
      <trkpt lat="40.00673775561153888702392578125" lon="-105.3215753473341464996337890625">
        <ele>1847.800048828125</ele>
        <time>2026-07-18T15:58:06.000Z</time>
        <extensions>
          <ns3:TrackPointExtension>
            <ns3:atemp>37.0</ns3:atemp>
          </ns3:TrackPointExtension>
        </extensions>
      </trkpt>
      <trkpt lat="40.00672719441354274749755859375" lon="-105.32153352163732051849365234375">
        <ele>1848</ele>
        <time>2026-07-18T15:58:08.000Z</time>
        <extensions>
          <ns3:TrackPointExtension>
            <ns3:atemp>37.0</ns3:atemp>
          </ns3:TrackPointExtension>
        </extensions>
      </trkpt>
      <trkpt lat="40.00670515000820159912109375" lon="-105.3214305080473423004150390625">
        <ele>1849.199951171875</ele>
        <time>2026-07-18T15:58:12.000Z</time>
        <extensions>
          <ns3:TrackPointExtension>
            <ns3:atemp>37.0</ns3:atemp>
          </ns3:TrackPointExtension>
        </extensions>
      </trkpt>
      <trkpt lat="40.006700456142425537109375" lon="-105.32138683833181858062744140625">
        <ele>1849.4000244140625</ele>
        <time>2026-07-18T15:58:14.000Z</time>
        <extensions>
          <ns3:TrackPointExtension>
            <ns3:atemp>37.0</ns3:atemp>
          </ns3:TrackPointExtension>
        </extensions>
      </trkpt>
      <trkpt lat="40.00669232569634914398193359375" lon="-105.3213679790496826171875">
        <ele>1849.5999755859375</ele>
        <time>2026-07-18T15:58:15.000Z</time>
        <extensions>
          <ns3:TrackPointExtension>
            <ns3:atemp>37.0</ns3:atemp>
          </ns3:TrackPointExtension>
        </extensions>
      </trkpt>
      <trkpt lat="40.00666349194943904876708984375" lon="-105.32126479782164096832275390625">
        <ele>1849.800048828125</ele>
        <time>2026-07-18T15:58:19.000Z</time>
        <extensions>
          <ns3:TrackPointExtension>
            <ns3:atemp>37.0</ns3:atemp>
          </ns3:TrackPointExtension>
        </extensions>
      </trkpt>
      <trkpt lat="40.00665594823658466339111328125" lon="-105.32118550501763820648193359375">
        <ele>1850.199951171875</ele>
        <time>2026-07-18T15:58:22.000Z</time>
        <extensions>
          <ns3:TrackPointExtension>
            <ns3:atemp>37.0</ns3:atemp>
          </ns3:TrackPointExtension>
        </extensions>
      </trkpt>
      <trkpt lat="40.00665410421788692474365234375" lon="-105.3210662305355072021484375">
        <ele>1850.800048828125</ele>
        <time>2026-07-18T15:58:26.000Z</time>
        <extensions>
          <ns3:TrackPointExtension>
            <ns3:atemp>37.0</ns3:atemp>
          </ns3:TrackPointExtension>
        </extensions>
      </trkpt>
      <trkpt lat="40.00665611587464809417724609375" lon="-105.32101049087941646575927734375">
        <ele>1851</ele>
        <time>2026-07-18T15:58:28.000Z</time>
        <extensions>
          <ns3:TrackPointExtension>
            <ns3:atemp>37.0</ns3:atemp>
          </ns3:TrackPointExtension>
        </extensions>
      </trkpt>
      <trkpt lat="40.0066681019961833953857421875" lon="-105.32095919363200664520263671875">
        <ele>1851.4000244140625</ele>
        <time>2026-07-18T15:58:30.000Z</time>
        <extensions>
          <ns3:TrackPointExtension>
            <ns3:atemp>37.0</ns3:atemp>
          </ns3:TrackPointExtension>
        </extensions>
      </trkpt>
      <trkpt lat="40.00667631626129150390625" lon="-105.3209336288273334503173828125">
        <ele>1851.5999755859375</ele>
        <time>2026-07-18T15:58:31.000Z</time>
        <extensions>
          <ns3:TrackPointExtension>
            <ns3:atemp>37.0</ns3:atemp>
          </ns3:TrackPointExtension>
        </extensions>
      </trkpt>
      <trkpt lat="40.0067281164228916168212890625" lon="-105.3208233229815959930419921875">
        <ele>1852.4000244140625</ele>
        <time>2026-07-18T15:58:35.000Z</time>
        <extensions>
          <ns3:TrackPointExtension>
            <ns3:atemp>37.0</ns3:atemp>
          </ns3:TrackPointExtension>
        </extensions>
      </trkpt>
      <trkpt lat="40.006751082837581634521484375" lon="-105.32077881507575511932373046875">
        <ele>1853.5999755859375</ele>
        <time>2026-07-18T15:58:37.000Z</time>
        <extensions>
          <ns3:TrackPointExtension>
            <ns3:atemp>37.0</ns3:atemp>
          </ns3:TrackPointExtension>
        </extensions>
      </trkpt>
      <trkpt lat="40.00677580945193767547607421875" lon="-105.32072684727609157562255859375">
        <ele>1853.800048828125</ele>
        <time>2026-07-18T15:58:39.000Z</time>
        <extensions>
          <ns3:TrackPointExtension>
            <ns3:atemp>36.0</ns3:atemp>
          </ns3:TrackPointExtension>
        </extensions>
      </trkpt>
      <trkpt lat="40.0068266876041889190673828125" lon="-105.32064755447208881378173828125">
        <ele>1853.800048828125</ele>
        <time>2026-07-18T15:58:42.000Z</time>
        <extensions>
          <ns3:TrackPointExtension>
            <ns3:atemp>36.0</ns3:atemp>
          </ns3:TrackPointExtension>
        </extensions>
      </trkpt>
      <trkpt lat="40.00687153078615665435791015625" lon="-105.32057379372417926788330078125">
        <ele>1854</ele>
        <time>2026-07-18T15:58:45.000Z</time>
        <extensions>
          <ns3:TrackPointExtension>
            <ns3:atemp>36.0</ns3:atemp>
          </ns3:TrackPointExtension>
        </extensions>
      </trkpt>
      <trkpt lat="40.006964989006519317626953125" lon="-105.32047103159129619598388671875">
        <ele>1854.800048828125</ele>
        <time>2026-07-18T15:58:51.000Z</time>
        <extensions>
          <ns3:TrackPointExtension>
            <ns3:atemp>36.0</ns3:atemp>
          </ns3:TrackPointExtension>
        </extensions>
      </trkpt>
      <trkpt lat="40.0069646537303924560546875" lon="-105.3204414434731006622314453125">
        <ele>1854.800048828125</ele>
        <time>2026-07-18T15:58:52.000Z</time>
        <extensions>
          <ns3:TrackPointExtension>
            <ns3:atemp>36.0</ns3:atemp>
          </ns3:TrackPointExtension>
        </extensions>
      </trkpt>
      <trkpt lat="40.0069577805697917938232421875" lon="-105.32041604630649089813232421875">
        <ele>1855.199951171875</ele>
        <time>2026-07-18T15:58:53.000Z</time>
        <extensions>
          <ns3:TrackPointExtension>
            <ns3:atemp>36.0</ns3:atemp>
          </ns3:TrackPointExtension>
        </extensions>
      </trkpt>
      <trkpt lat="40.00694193877279758453369140625" lon="-105.320351086556911468505859375">
        <ele>1856</ele>
        <time>2026-07-18T15:58:57.000Z</time>
        <extensions>
          <ns3:TrackPointExtension>
            <ns3:atemp>36.0</ns3:atemp>
          </ns3:TrackPointExtension>
        </extensions>
      </trkpt>
      <trkpt lat="40.00693104229867458343505859375" lon="-105.3203344903886318206787109375">
        <ele>1856</ele>
        <time>2026-07-18T15:58:58.000Z</time>
        <extensions>
          <ns3:TrackPointExtension>
            <ns3:atemp>36.0</ns3:atemp>
          </ns3:TrackPointExtension>
        </extensions>
      </trkpt>
      <trkpt lat="40.0069229118525981903076171875" lon="-105.320324264466762542724609375">
        <ele>1856.199951171875</ele>
        <time>2026-07-18T15:58:59.000Z</time>
        <extensions>
          <ns3:TrackPointExtension>
            <ns3:atemp>36.0</ns3:atemp>
          </ns3:TrackPointExtension>
        </extensions>
      </trkpt>
      <trkpt lat="40.00684504397213459014892578125" lon="-105.32026399858295917510986328125">
        <ele>1857</ele>
        <time>2026-07-18T15:59:04.000Z</time>
        <extensions>
          <ns3:TrackPointExtension>
            <ns3:atemp>36.0</ns3:atemp>
          </ns3:TrackPointExtension>
        </extensions>
      </trkpt>
      <trkpt lat="40.00683381222188472747802734375" lon="-105.32025679014623165130615234375">
        <ele>1857.199951171875</ele>
        <time>2026-07-18T15:59:05.000Z</time>
        <extensions>
          <ns3:TrackPointExtension>
            <ns3:atemp>36.0</ns3:atemp>
          </ns3:TrackPointExtension>
        </extensions>
      </trkpt>
      <trkpt lat="40.00682190991938114166259765625" lon="-105.320252515375614166259765625">
        <ele>1857.4000244140625</ele>
        <time>2026-07-18T15:59:06.000Z</time>
        <extensions>
          <ns3:TrackPointExtension>
            <ns3:atemp>36.0</ns3:atemp>
          </ns3:TrackPointExtension>
        </extensions>
      </trkpt>
      <trkpt lat="40.0068090856075286865234375" lon="-105.32025360502302646636962890625">
        <ele>1857.4000244140625</ele>
        <time>2026-07-18T15:59:07.000Z</time>
        <extensions>
          <ns3:TrackPointExtension>
            <ns3:atemp>36.0</ns3:atemp>
          </ns3:TrackPointExtension>
        </extensions>
      </trkpt>
      <trkpt lat="40.0067774020135402679443359375" lon="-105.3202637471258640289306640625">
        <ele>1858</ele>
        <time>2026-07-18T15:59:09.000Z</time>
        <extensions>
          <ns3:TrackPointExtension>
            <ns3:atemp>36.0</ns3:atemp>
          </ns3:TrackPointExtension>
        </extensions>
      </trkpt>
      <trkpt lat="40.0067307986319065093994140625" lon="-105.320313535630702972412109375">
        <ele>1858.199951171875</ele>
        <time>2026-07-18T15:59:12.000Z</time>
        <extensions>
          <ns3:TrackPointExtension>
            <ns3:atemp>36.0</ns3:atemp>
          </ns3:TrackPointExtension>
        </extensions>
      </trkpt>
      <trkpt lat="40.0066862069070339202880859375" lon="-105.32041638158261775970458984375">
        <ele>1859.199951171875</ele>
        <time>2026-07-18T15:59:17.000Z</time>
        <extensions>
          <ns3:TrackPointExtension>
            <ns3:atemp>36.0</ns3:atemp>
          </ns3:TrackPointExtension>
        </extensions>
      </trkpt>
      <trkpt lat="40.006666593253612518310546875" lon="-105.32045477069914340972900390625">
        <ele>1859.800048828125</ele>
        <time>2026-07-18T15:59:19.000Z</time>
        <extensions>
          <ns3:TrackPointExtension>
            <ns3:atemp>36.0</ns3:atemp>
          </ns3:TrackPointExtension>
        </extensions>
      </trkpt>
      <trkpt lat="40.0066238455474376678466796875" lon="-105.32054009847342967987060546875">
        <ele>1860.4000244140625</ele>
        <time>2026-07-18T15:59:24.000Z</time>
        <extensions>
          <ns3:TrackPointExtension>
            <ns3:atemp>35.0</ns3:atemp>
          </ns3:TrackPointExtension>
        </extensions>
      </trkpt>
      <trkpt lat="40.0066184811294078826904296875" lon="-105.3205577842891216278076171875">
        <ele>1860.5999755859375</ele>
        <time>2026-07-18T15:59:25.000Z</time>
        <extensions>
          <ns3:TrackPointExtension>
            <ns3:atemp>35.0</ns3:atemp>
          </ns3:TrackPointExtension>
        </extensions>
      </trkpt>
      <trkpt lat="40.00661261379718780517578125" lon="-105.320579074323177337646484375">
        <ele>1860.5999755859375</ele>
        <time>2026-07-18T15:59:26.000Z</time>
        <extensions>
          <ns3:TrackPointExtension>
            <ns3:atemp>35.0</ns3:atemp>
          </ns3:TrackPointExtension>
        </extensions>
      </trkpt>
      <trkpt lat="40.00657112337648868560791015625" lon="-105.32066348008811473846435546875">
        <ele>1861.4000244140625</ele>
        <time>2026-07-18T15:59:31.000Z</time>
        <extensions>
          <ns3:TrackPointExtension>
            <ns3:atemp>35.0</ns3:atemp>
          </ns3:TrackPointExtension>
        </extensions>
      </trkpt>
      <trkpt lat="40.006558634340763092041015625" lon="-105.32069985754787921905517578125">
        <ele>1862</ele>
        <time>2026-07-18T15:59:33.000Z</time>
        <extensions>
          <ns3:TrackPointExtension>
            <ns3:atemp>35.0</ns3:atemp>
          </ns3:TrackPointExtension>
        </extensions>
      </trkpt>
      <trkpt lat="40.006523765623569488525390625" lon="-105.32078686170279979705810546875">
        <ele>1862.5999755859375</ele>
        <time>2026-07-18T15:59:38.000Z</time>
        <extensions>
          <ns3:TrackPointExtension>
            <ns3:atemp>35.0</ns3:atemp>
          </ns3:TrackPointExtension>
        </extensions>
      </trkpt>
      <trkpt lat="40.0065121985971927642822265625" lon="-105.32082759775221347808837890625">
        <ele>1863</ele>
        <time>2026-07-18T15:59:40.000Z</time>
        <extensions>
          <ns3:TrackPointExtension>
            <ns3:atemp>35.0</ns3:atemp>
          </ns3:TrackPointExtension>
        </extensions>
      </trkpt>
      <trkpt lat="40.00650574453175067901611328125" lon="-105.320933125913143157958984375">
        <ele>1863.5999755859375</ele>
        <time>2026-07-18T15:59:45.000Z</time>
        <extensions>
          <ns3:TrackPointExtension>
            <ns3:atemp>35.0</ns3:atemp>
          </ns3:TrackPointExtension>
        </extensions>
      </trkpt>
      <trkpt lat="40.00650507397949695587158203125" lon="-105.32095290720462799072265625">
        <ele>1863.800048828125</ele>
        <time>2026-07-18T15:59:46.000Z</time>
        <extensions>
          <ns3:TrackPointExtension>
            <ns3:atemp>35.0</ns3:atemp>
          </ns3:TrackPointExtension>
        </extensions>
      </trkpt>
      <trkpt lat="40.00649451278150081634521484375" lon="-105.3209943138062953948974609375">
        <ele>1864.199951171875</ele>
        <time>2026-07-18T15:59:48.000Z</time>
        <extensions>
          <ns3:TrackPointExtension>
            <ns3:atemp>35.0</ns3:atemp>
          </ns3:TrackPointExtension>
        </extensions>
      </trkpt>
      <trkpt lat="40.00648529268801212310791015625" lon="-105.32104678452014923095703125">
        <ele>1864.800048828125</ele>
        <time>2026-07-18T15:59:51.000Z</time>
        <extensions>
          <ns3:TrackPointExtension>
            <ns3:atemp>35.0</ns3:atemp>
          </ns3:TrackPointExtension>
        </extensions>
      </trkpt>
      <trkpt lat="40.00648562796413898468017578125" lon="-105.32107855193316936492919921875">
        <ele>1865</ele>
        <time>2026-07-18T15:59:52.000Z</time>
        <extensions>
          <ns3:TrackPointExtension>
            <ns3:atemp>35.0</ns3:atemp>
          </ns3:TrackPointExtension>
        </extensions>
      </trkpt>
      <trkpt lat="40.00648923218250274658203125" lon="-105.321144349873065948486328125">
        <ele>1865.4000244140625</ele>
        <time>2026-07-18T15:59:55.000Z</time>
        <extensions>
          <ns3:TrackPointExtension>
            <ns3:atemp>35.0</ns3:atemp>
          </ns3:TrackPointExtension>
        </extensions>
      </trkpt>
      <trkpt lat="40.00647674314677715301513671875" lon="-105.32122515141963958740234375">
        <ele>1865.800048828125</ele>
        <time>2026-07-18T15:59:58.000Z</time>
        <extensions>
          <ns3:TrackPointExtension>
            <ns3:atemp>35.0</ns3:atemp>
          </ns3:TrackPointExtension>
        </extensions>
      </trkpt>
      <trkpt lat="40.00647121109068393707275390625" lon="-105.3212531469762325286865234375">
        <ele>1865.800048828125</ele>
        <time>2026-07-18T15:59:59.000Z</time>
        <extensions>
          <ns3:TrackPointExtension>
            <ns3:atemp>35.0</ns3:atemp>
          </ns3:TrackPointExtension>
        </extensions>
      </trkpt>
      <trkpt lat="40.00643718056380748748779296875" lon="-105.32138750888407230377197265625">
        <ele>1867</ele>
        <time>2026-07-18T16:00:04.000Z</time>
        <extensions>
          <ns3:TrackPointExtension>
            <ns3:atemp>35.0</ns3:atemp>
          </ns3:TrackPointExtension>
        </extensions>
      </trkpt>
      <trkpt lat="40.00641270540654659271240234375" lon="-105.32143193297088146209716796875">
        <ele>1867.199951171875</ele>
        <time>2026-07-18T16:00:06.000Z</time>
        <extensions>
          <ns3:TrackPointExtension>
            <ns3:atemp>35.0</ns3:atemp>
          </ns3:TrackPointExtension>
        </extensions>
      </trkpt>
      <trkpt lat="40.0063143856823444366455078125" lon="-105.32151726074516773223876953125">
        <ele>1868</ele>
        <time>2026-07-18T16:00:12.000Z</time>
        <extensions>
          <ns3:TrackPointExtension>
            <ns3:atemp>35.0</ns3:atemp>
          </ns3:TrackPointExtension>
        </extensions>
      </trkpt>
      <trkpt lat="40.0062941014766693115234375" lon="-105.32152689993381500244140625">
        <ele>1868</ele>
        <time>2026-07-18T16:00:13.000Z</time>
        <extensions>
          <ns3:TrackPointExtension>
            <ns3:atemp>34.0</ns3:atemp>
          </ns3:TrackPointExtension>
        </extensions>
      </trkpt>
      <trkpt lat="40.00619259662926197052001953125" lon="-105.32157928682863712310791015625">
        <ele>1869.199951171875</ele>
        <time>2026-07-18T16:00:18.000Z</time>
        <extensions>
          <ns3:TrackPointExtension>
            <ns3:atemp>34.0</ns3:atemp>
          </ns3:TrackPointExtension>
        </extensions>
      </trkpt>
      <trkpt lat="40.00614716671407222747802734375" lon="-105.3215951286256313323974609375">
        <ele>1869.5999755859375</ele>
        <time>2026-07-18T16:00:20.000Z</time>
        <extensions>
          <ns3:TrackPointExtension>
            <ns3:atemp>34.0</ns3:atemp>
          </ns3:TrackPointExtension>
        </extensions>
      </trkpt>
      <trkpt lat="40.00607072375714778900146484375" lon="-105.321605019271373748779296875">
        <ele>1870</ele>
        <time>2026-07-18T16:00:24.000Z</time>
        <extensions>
          <ns3:TrackPointExtension>
            <ns3:atemp>34.0</ns3:atemp>
          </ns3:TrackPointExtension>
        </extensions>
      </trkpt>
      <trkpt lat="40.00604155473411083221435546875" lon="-105.32161734066903591156005859375">
        <ele>1870.199951171875</ele>
        <time>2026-07-18T16:00:26.000Z</time>
        <extensions>
          <ns3:TrackPointExtension>
            <ns3:atemp>34.0</ns3:atemp>
          </ns3:TrackPointExtension>
        </extensions>
      </trkpt>
      <trkpt lat="40.00600467436015605926513671875" lon="-105.3216326795518398284912109375">
        <ele>1870.4000244140625</ele>
        <time>2026-07-18T16:00:28.000Z</time>
        <extensions>
          <ns3:TrackPointExtension>
            <ns3:atemp>34.0</ns3:atemp>
          </ns3:TrackPointExtension>
        </extensions>
      </trkpt>
      <trkpt lat="40.00592756085097789764404296875" lon="-105.32165941782295703887939453125">
        <ele>1871.4000244140625</ele>
        <time>2026-07-18T16:00:32.000Z</time>
        <extensions>
          <ns3:TrackPointExtension>
            <ns3:atemp>34.0</ns3:atemp>
          </ns3:TrackPointExtension>
        </extensions>
      </trkpt>
      <trkpt lat="40.0058877468109130859375" lon="-105.32167710363864898681640625">
        <ele>1872</ele>
        <time>2026-07-18T16:00:35.000Z</time>
        <extensions>
          <ns3:TrackPointExtension>
            <ns3:atemp>34.0</ns3:atemp>
          </ns3:TrackPointExtension>
        </extensions>
      </trkpt>
      <trkpt lat="40.0058708153665065765380859375" lon="-105.32168054021894931793212890625">
        <ele>1872.4000244140625</ele>
        <time>2026-07-18T16:00:36.000Z</time>
        <extensions>
          <ns3:TrackPointExtension>
            <ns3:atemp>34.0</ns3:atemp>
          </ns3:TrackPointExtension>
        </extensions>
      </trkpt>
      <trkpt lat="40.00570694915950298309326171875" lon="-105.3217555582523345947265625">
        <ele>1873.800048828125</ele>
        <time>2026-07-18T16:00:44.000Z</time>
        <extensions>
          <ns3:TrackPointExtension>
            <ns3:atemp>34.0</ns3:atemp>
          </ns3:TrackPointExtension>
        </extensions>
      </trkpt>
      <trkpt lat="40.005667470395565032958984375" lon="-105.3217718191444873809814453125">
        <ele>1874.199951171875</ele>
        <time>2026-07-18T16:00:46.000Z</time>
        <extensions>
          <ns3:TrackPointExtension>
            <ns3:atemp>34.0</ns3:atemp>
          </ns3:TrackPointExtension>
        </extensions>
      </trkpt>
      <trkpt lat="40.0056341104209423065185546875" lon="-105.32178648747503757476806640625">
        <ele>1874.4000244140625</ele>
        <time>2026-07-18T16:00:48.000Z</time>
        <extensions>
          <ns3:TrackPointExtension>
            <ns3:atemp>34.0</ns3:atemp>
          </ns3:TrackPointExtension>
        </extensions>
      </trkpt>
      <trkpt lat="40.00558197498321533203125" lon="-105.3218365274369716644287109375">
        <ele>1874.800048828125</ele>
        <time>2026-07-18T16:00:51.000Z</time>
        <extensions>
          <ns3:TrackPointExtension>
            <ns3:atemp>34.0</ns3:atemp>
          </ns3:TrackPointExtension>
        </extensions>
      </trkpt>
      <trkpt lat="40.00544560141861438751220703125" lon="-105.3219002299010753631591796875">
        <ele>1875.800048828125</ele>
        <time>2026-07-18T16:00:58.000Z</time>
        <extensions>
          <ns3:TrackPointExtension>
            <ns3:atemp>34.0</ns3:atemp>
          </ns3:TrackPointExtension>
        </extensions>
      </trkpt>
      <trkpt lat="40.0054295919835567474365234375" lon="-105.3219062648713588714599609375">
        <ele>1875.800048828125</ele>
        <time>2026-07-18T16:00:59.000Z</time>
        <extensions>
          <ns3:TrackPointExtension>
            <ns3:atemp>34.0</ns3:atemp>
          </ns3:TrackPointExtension>
        </extensions>
      </trkpt>
      <trkpt lat="40.005275867879390716552734375" lon="-105.3219444863498210906982421875">
        <ele>1877</ele>
        <time>2026-07-18T16:01:07.000Z</time>
        <extensions>
          <ns3:TrackPointExtension>
            <ns3:atemp>34.0</ns3:atemp>
          </ns3:TrackPointExtension>
        </extensions>
      </trkpt>
      <trkpt lat="40.00516413711011409759521484375" lon="-105.32194725237786769866943359375">
        <ele>1878.199951171875</ele>
        <time>2026-07-18T16:01:13.000Z</time>
        <extensions>
          <ns3:TrackPointExtension>
            <ns3:atemp>34.0</ns3:atemp>
          </ns3:TrackPointExtension>
        </extensions>
      </trkpt>
      <trkpt lat="40.005025751888751983642578125" lon="-105.32190618105232715606689453125">
        <ele>1878.5999755859375</ele>
        <time>2026-07-18T16:01:19.000Z</time>
        <extensions>
          <ns3:TrackPointExtension>
            <ns3:atemp>34.0</ns3:atemp>
          </ns3:TrackPointExtension>
        </extensions>
      </trkpt>
      <trkpt lat="40.00490010716021060943603515625" lon="-105.32189696095883846282958984375">
        <ele>1879.199951171875</ele>
        <time>2026-07-18T16:01:23.000Z</time>
        <extensions>
          <ns3:TrackPointExtension>
            <ns3:atemp>34.0</ns3:atemp>
          </ns3:TrackPointExtension>
        </extensions>
      </trkpt>
      <trkpt lat="40.0048374943435192108154296875" lon="-105.32187717966735363006591796875">
        <ele>1879.5999755859375</ele>
        <time>2026-07-18T16:01:25.000Z</time>
        <extensions>
          <ns3:TrackPointExtension>
            <ns3:atemp>34.0</ns3:atemp>
          </ns3:TrackPointExtension>
        </extensions>
      </trkpt>
      <trkpt lat="40.004772953689098358154296875" lon="-105.32184499315917491912841796875">
        <ele>1880.4000244140625</ele>
        <time>2026-07-18T16:01:27.000Z</time>
        <extensions>
          <ns3:TrackPointExtension>
            <ns3:atemp>34.0</ns3:atemp>
          </ns3:TrackPointExtension>
        </extensions>
      </trkpt>
      <trkpt lat="40.00463121570646762847900390625" lon="-105.32174038700759410858154296875">
        <ele>1881.5999755859375</ele>
        <time>2026-07-18T16:01:32.000Z</time>
        <extensions>
          <ns3:TrackPointExtension>
            <ns3:atemp>34.0</ns3:atemp>
          </ns3:TrackPointExtension>
        </extensions>
      </trkpt>
      <trkpt lat="40.00451755709946155548095703125" lon="-105.32156805507838726043701171875">
        <ele>1883</ele>
        <time>2026-07-18T16:01:38.000Z</time>
        <extensions>
          <ns3:TrackPointExtension>
            <ns3:atemp>34.0</ns3:atemp>
          </ns3:TrackPointExtension>
        </extensions>
      </trkpt>
      <trkpt lat="40.0044529326260089874267578125" lon="-105.3214321844279766082763671875">
        <ele>1884.199951171875</ele>
        <time>2026-07-18T16:01:43.000Z</time>
        <extensions>
          <ns3:TrackPointExtension>
            <ns3:atemp>34.0</ns3:atemp>
          </ns3:TrackPointExtension>
        </extensions>
      </trkpt>
      <trkpt lat="40.00435997731983661651611328125" lon="-105.32127116806805133819580078125">
        <ele>1885.4000244140625</ele>
        <time>2026-07-18T16:01:48.000Z</time>
        <extensions>
          <ns3:TrackPointExtension>
            <ns3:atemp>34.0</ns3:atemp>
          </ns3:TrackPointExtension>
        </extensions>
      </trkpt>
      <trkpt lat="40.00428604893386363983154296875" lon="-105.321155078709125518798828125">
        <ele>1886.199951171875</ele>
        <time>2026-07-18T16:01:52.000Z</time>
        <extensions>
          <ns3:TrackPointExtension>
            <ns3:atemp>34.0</ns3:atemp>
          </ns3:TrackPointExtension>
        </extensions>
      </trkpt>
      <trkpt lat="40.00420491211116313934326171875" lon="-105.3210662305355072021484375">
        <ele>1886.800048828125</ele>
        <time>2026-07-18T16:01:56.000Z</time>
        <extensions>
          <ns3:TrackPointExtension>
            <ns3:atemp>33.0</ns3:atemp>
          </ns3:TrackPointExtension>
        </extensions>
      </trkpt>
      <trkpt lat="40.0041273795068264007568359375" lon="-105.32100328244268894195556640625">
        <ele>1887.5999755859375</ele>
        <time>2026-07-18T16:01:59.000Z</time>
        <extensions>
          <ns3:TrackPointExtension>
            <ns3:atemp>34.0</ns3:atemp>
          </ns3:TrackPointExtension>
        </extensions>
      </trkpt>
      <trkpt lat="40.00408940948545932769775390625" lon="-105.32096522860229015350341796875">
        <ele>1888</ele>
        <time>2026-07-18T16:02:01.000Z</time>
        <extensions>
          <ns3:TrackPointExtension>
            <ns3:atemp>33.0</ns3:atemp>
          </ns3:TrackPointExtension>
        </extensions>
      </trkpt>
      <trkpt lat="40.004018582403659820556640625" lon="-105.32091544009745121002197265625">
        <ele>1889.199951171875</ele>
        <time>2026-07-18T16:02:05.000Z</time>
        <extensions>
          <ns3:TrackPointExtension>
            <ns3:atemp>34.0</ns3:atemp>
          </ns3:TrackPointExtension>
        </extensions>
      </trkpt>
      <trkpt lat="40.0039979629218578338623046875" lon="-105.3208990953862667083740234375">
        <ele>1889.4000244140625</ele>
        <time>2026-07-18T16:02:06.000Z</time>
        <extensions>
          <ns3:TrackPointExtension>
            <ns3:atemp>34.0</ns3:atemp>
          </ns3:TrackPointExtension>
        </extensions>
      </trkpt>
      <trkpt lat="40.00388623215258121490478515625" lon="-105.32080396078526973724365234375">
        <ele>1890.4000244140625</ele>
        <time>2026-07-18T16:02:11.000Z</time>
        <extensions>
          <ns3:TrackPointExtension>
            <ns3:atemp>34.0</ns3:atemp>
          </ns3:TrackPointExtension>
        </extensions>
      </trkpt>
      <trkpt lat="40.00384465791285037994384765625" lon="-105.32077361829578876495361328125">
        <ele>1890.5999755859375</ele>
        <time>2026-07-18T16:02:13.000Z</time>
        <extensions>
          <ns3:TrackPointExtension>
            <ns3:atemp>33.0</ns3:atemp>
          </ns3:TrackPointExtension>
        </extensions>
      </trkpt>
      <trkpt lat="40.00378950498998165130615234375" lon="-105.32072366215288639068603515625">
        <ele>1891.4000244140625</ele>
        <time>2026-07-18T16:02:16.000Z</time>
        <extensions>
          <ns3:TrackPointExtension>
            <ns3:atemp>33.0</ns3:atemp>
          </ns3:TrackPointExtension>
        </extensions>
      </trkpt>
      <trkpt lat="40.00370451249182224273681640625" lon="-105.32063095830380916595458984375">
        <ele>1892</ele>
        <time>2026-07-18T16:02:20.000Z</time>
        <extensions>
          <ns3:TrackPointExtension>
            <ns3:atemp>33.0</ns3:atemp>
          </ns3:TrackPointExtension>
        </extensions>
      </trkpt>
      <trkpt lat="40.0036583282053470611572265625" lon="-105.3205839358270168304443359375">
        <ele>1892.4000244140625</ele>
        <time>2026-07-18T16:02:22.000Z</time>
        <extensions>
          <ns3:TrackPointExtension>
            <ns3:atemp>33.0</ns3:atemp>
          </ns3:TrackPointExtension>
        </extensions>
      </trkpt>
      <trkpt lat="40.00358498655259609222412109375" lon="-105.3204707801342010498046875">
        <ele>1893.4000244140625</ele>
        <time>2026-07-18T16:02:28.000Z</time>
        <extensions>
          <ns3:TrackPointExtension>
            <ns3:atemp>33.0</ns3:atemp>
          </ns3:TrackPointExtension>
        </extensions>
      </trkpt>
      <trkpt lat="40.00357375480234622955322265625" lon="-105.3204605542123317718505859375">
        <ele>1893.5999755859375</ele>
        <time>2026-07-18T16:02:29.000Z</time>
        <extensions>
          <ns3:TrackPointExtension>
            <ns3:atemp>33.0</ns3:atemp>
          </ns3:TrackPointExtension>
        </extensions>
      </trkpt>
      <trkpt lat="40.00355313532054424285888671875" lon="-105.3204213269054889678955078125">
        <ele>1893.800048828125</ele>
        <time>2026-07-18T16:02:31.000Z</time>
        <extensions>
          <ns3:TrackPointExtension>
            <ns3:atemp>33.0</ns3:atemp>
          </ns3:TrackPointExtension>
        </extensions>
      </trkpt>
      <trkpt lat="40.00352564267814159393310546875" lon="-105.3203717060387134552001953125">
        <ele>1894.199951171875</ele>
        <time>2026-07-18T16:02:34.000Z</time>
        <extensions>
          <ns3:TrackPointExtension>
            <ns3:atemp>33.0</ns3:atemp>
          </ns3:TrackPointExtension>
        </extensions>
      </trkpt>
      <trkpt lat="40.0035144947469234466552734375" lon="-105.320346392691135406494140625">
        <ele>1894.5999755859375</ele>
        <time>2026-07-18T16:02:35.000Z</time>
        <extensions>
          <ns3:TrackPointExtension>
            <ns3:atemp>34.0</ns3:atemp>
          </ns3:TrackPointExtension>
        </extensions>
      </trkpt>
      <trkpt lat="40.00345691107213497161865234375" lon="-105.320195853710174560546875">
        <ele>1895.199951171875</ele>
        <time>2026-07-18T16:02:40.000Z</time>
        <extensions>
          <ns3:TrackPointExtension>
            <ns3:atemp>33.0</ns3:atemp>
          </ns3:TrackPointExtension>
        </extensions>
      </trkpt>
      <trkpt lat="40.00342212617397308349609375" lon="-105.32011027447879314422607421875">
        <ele>1895.800048828125</ele>
        <time>2026-07-18T16:02:43.000Z</time>
        <extensions>
          <ns3:TrackPointExtension>
            <ns3:atemp>34.0</ns3:atemp>
          </ns3:TrackPointExtension>
        </extensions>
      </trkpt>
      <trkpt lat="40.0033904425799846649169921875" lon="-105.32003500498831272125244140625">
        <ele>1896.4000244140625</ele>
        <time>2026-07-18T16:02:46.000Z</time>
        <extensions>
          <ns3:TrackPointExtension>
            <ns3:atemp>34.0</ns3:atemp>
          </ns3:TrackPointExtension>
        </extensions>
      </trkpt>
      <trkpt lat="40.0033374689519405364990234375" lon="-105.3198915906250476837158203125">
        <ele>1897</ele>
        <time>2026-07-18T16:02:50.000Z</time>
        <extensions>
          <ns3:TrackPointExtension>
            <ns3:atemp>33.0</ns3:atemp>
          </ns3:TrackPointExtension>
        </extensions>
      </trkpt>
      <trkpt lat="40.003314502537250518798828125" lon="-105.31978036276996135711669921875">
        <ele>1897.800048828125</ele>
        <time>2026-07-18T16:02:53.000Z</time>
        <extensions>
          <ns3:TrackPointExtension>
            <ns3:atemp>33.0</ns3:atemp>
          </ns3:TrackPointExtension>
        </extensions>
      </trkpt>
      <trkpt lat="40.00331458635628223419189453125" lon="-105.31974599696695804595947265625">
        <ele>1898</ele>
        <time>2026-07-18T16:02:54.000Z</time>
        <extensions>
          <ns3:TrackPointExtension>
            <ns3:atemp>33.0</ns3:atemp>
          </ns3:TrackPointExtension>
        </extensions>
      </trkpt>
      <trkpt lat="40.0033217109739780426025390625" lon="-105.319708697497844696044921875">
        <ele>1898.199951171875</ele>
        <time>2026-07-18T16:02:55.000Z</time>
        <extensions>
          <ns3:TrackPointExtension>
            <ns3:atemp>33.0</ns3:atemp>
          </ns3:TrackPointExtension>
        </extensions>
      </trkpt>
      <trkpt lat="40.0033088028430938720703125" lon="-105.31951415352523326873779296875">
        <ele>1899</ele>
        <time>2026-07-18T16:03:00.000Z</time>
        <extensions>
          <ns3:TrackPointExtension>
            <ns3:atemp>33.0</ns3:atemp>
          </ns3:TrackPointExtension>
        </extensions>
      </trkpt>
      <trkpt lat="40.0033036060631275177001953125" lon="-105.319478027522563934326171875">
        <ele>1899.4000244140625</ele>
        <time>2026-07-18T16:03:01.000Z</time>
        <extensions>
          <ns3:TrackPointExtension>
            <ns3:atemp>33.0</ns3:atemp>
          </ns3:TrackPointExtension>
        </extensions>
      </trkpt>
      <trkpt lat="40.00326496548950672149658203125" lon="-105.31932505778968334197998046875">
        <ele>1900.4000244140625</ele>
        <time>2026-07-18T16:03:06.000Z</time>
        <extensions>
          <ns3:TrackPointExtension>
            <ns3:atemp>33.0</ns3:atemp>
          </ns3:TrackPointExtension>
        </extensions>
      </trkpt>
      <trkpt lat="40.003238059580326080322265625" lon="-105.31924140639603137969970703125">
        <ele>1901.199951171875</ele>
        <time>2026-07-18T16:03:09.000Z</time>
        <extensions>
          <ns3:TrackPointExtension>
            <ns3:atemp>34.0</ns3:atemp>
          </ns3:TrackPointExtension>
        </extensions>
      </trkpt>
      <trkpt lat="40.00323059968650341033935546875" lon="-105.31921081244945526123046875">
        <ele>1901.5999755859375</ele>
        <time>2026-07-18T16:03:10.000Z</time>
        <extensions>
          <ns3:TrackPointExtension>
            <ns3:atemp>34.0</ns3:atemp>
          </ns3:TrackPointExtension>
        </extensions>
      </trkpt>
      <trkpt lat="40.00320243649184703826904296875" lon="-105.319086425006389617919921875">
        <ele>1902.199951171875</ele>
        <time>2026-07-18T16:03:14.000Z</time>
        <extensions>
          <ns3:TrackPointExtension>
            <ns3:atemp>34.0</ns3:atemp>
          </ns3:TrackPointExtension>
        </extensions>
      </trkpt>
      <trkpt lat="40.00319003127515316009521484375" lon="-105.3190342895686626434326171875">
        <ele>1902.5999755859375</ele>
        <time>2026-07-18T16:03:16.000Z</time>
        <extensions>
          <ns3:TrackPointExtension>
            <ns3:atemp>34.0</ns3:atemp>
          </ns3:TrackPointExtension>
        </extensions>
      </trkpt>
      <trkpt lat="40.0031835772097110748291015625" lon="-105.31900553964078426361083984375">
        <ele>1902.800048828125</ele>
        <time>2026-07-18T16:03:17.000Z</time>
        <extensions>
          <ns3:TrackPointExtension>
            <ns3:atemp>34.0</ns3:atemp>
          </ns3:TrackPointExtension>
        </extensions>
      </trkpt>
      <trkpt lat="40.003157593309879302978515625" lon="-105.31881795264780521392822265625">
        <ele>1903.800048828125</ele>
        <time>2026-07-18T16:03:23.000Z</time>
        <extensions>
          <ns3:TrackPointExtension>
            <ns3:atemp>34.0</ns3:atemp>
          </ns3:TrackPointExtension>
        </extensions>
      </trkpt>
      <trkpt lat="40.0031396560370922088623046875" lon="-105.31872960738837718963623046875">
        <ele>1904.4000244140625</ele>
        <time>2026-07-18T16:03:26.000Z</time>
        <extensions>
          <ns3:TrackPointExtension>
            <ns3:atemp>34.0</ns3:atemp>
          </ns3:TrackPointExtension>
        </extensions>
      </trkpt>
      <trkpt lat="40.00312565825879573822021484375" lon="-105.31864176504313945770263671875">
        <ele>1905</ele>
        <time>2026-07-18T16:03:29.000Z</time>
        <extensions>
          <ns3:TrackPointExtension>
            <ns3:atemp>34.0</ns3:atemp>
          </ns3:TrackPointExtension>
        </extensions>
      </trkpt>
      <trkpt lat="40.003091208636760711669921875" lon="-105.31854403205215930938720703125">
        <ele>1905.800048828125</ele>
        <time>2026-07-18T16:03:33.000Z</time>
        <extensions>
          <ns3:TrackPointExtension>
            <ns3:atemp>34.0</ns3:atemp>
          </ns3:TrackPointExtension>
        </extensions>
      </trkpt>
      <trkpt lat="40.0030789710581302642822265625" lon="-105.31851151026785373687744140625">
        <ele>1906</ele>
        <time>2026-07-18T16:03:34.000Z</time>
        <extensions>
          <ns3:TrackPointExtension>
            <ns3:atemp>34.0</ns3:atemp>
          </ns3:TrackPointExtension>
        </extensions>
      </trkpt>
      <trkpt lat="40.00302574597299098968505859375" lon="-105.31837823800742626190185546875">
        <ele>1906.800048828125</ele>
        <time>2026-07-18T16:03:39.000Z</time>
        <extensions>
          <ns3:TrackPointExtension>
            <ns3:atemp>34.0</ns3:atemp>
          </ns3:TrackPointExtension>
        </extensions>
      </trkpt>
      <trkpt lat="40.0030119158327579498291015625" lon="-105.3183322213590145111083984375">
        <ele>1907</ele>
        <time>2026-07-18T16:03:41.000Z</time>
        <extensions>
          <ns3:TrackPointExtension>
            <ns3:atemp>34.0</ns3:atemp>
          </ns3:TrackPointExtension>
        </extensions>
      </trkpt>
      <trkpt lat="40.0029901228845119476318359375" lon="-105.31828276813030242919921875">
        <ele>1908.199951171875</ele>
        <time>2026-07-18T16:03:44.000Z</time>
        <extensions>
          <ns3:TrackPointExtension>
            <ns3:atemp>34.0</ns3:atemp>
          </ns3:TrackPointExtension>
        </extensions>
      </trkpt>
      <trkpt lat="40.0029438547790050506591796875" lon="-105.318183861672878265380859375">
        <ele>1908.800048828125</ele>
        <time>2026-07-18T16:03:48.000Z</time>
        <extensions>
          <ns3:TrackPointExtension>
            <ns3:atemp>34.0</ns3:atemp>
          </ns3:TrackPointExtension>
        </extensions>
      </trkpt>
      <trkpt lat="40.00291476957499980926513671875" lon="-105.31809962354600429534912109375">
        <ele>1909.4000244140625</ele>
        <time>2026-07-18T16:03:51.000Z</time>
        <extensions>
          <ns3:TrackPointExtension>
            <ns3:atemp>34.0</ns3:atemp>
          </ns3:TrackPointExtension>
        </extensions>
      </trkpt>
      <trkpt lat="40.00290337018668651580810546875" lon="-105.31805000267922878265380859375">
        <ele>1909.800048828125</ele>
        <time>2026-07-18T16:03:53.000Z</time>
        <extensions>
          <ns3:TrackPointExtension>
            <ns3:atemp>34.0</ns3:atemp>
          </ns3:TrackPointExtension>
        </extensions>
      </trkpt>
      <trkpt lat="40.00285810790956020355224609375" lon="-105.31796249561011791229248046875">
        <ele>1910.4000244140625</ele>
        <time>2026-07-18T16:03:57.000Z</time>
        <extensions>
          <ns3:TrackPointExtension>
            <ns3:atemp>34.0</ns3:atemp>
          </ns3:TrackPointExtension>
        </extensions>
      </trkpt>
      <trkpt lat="40.00283698551356792449951171875" lon="-105.31792963854968547821044921875">
        <ele>1910.5999755859375</ele>
        <time>2026-07-18T16:03:58.000Z</time>
        <extensions>
          <ns3:TrackPointExtension>
            <ns3:atemp>34.0</ns3:atemp>
          </ns3:TrackPointExtension>
        </extensions>
      </trkpt>
      <trkpt lat="40.002765655517578125" lon="-105.31783173792064189910888671875">
        <ele>1911.199951171875</ele>
        <time>2026-07-18T16:04:02.000Z</time>
        <extensions>
          <ns3:TrackPointExtension>
            <ns3:atemp>34.0</ns3:atemp>
          </ns3:TrackPointExtension>
        </extensions>
      </trkpt>
      <trkpt lat="40.0027549266815185546875" lon="-105.31780558638274669647216796875">
        <ele>1911.4000244140625</ele>
        <time>2026-07-18T16:04:03.000Z</time>
        <extensions>
          <ns3:TrackPointExtension>
            <ns3:atemp>34.0</ns3:atemp>
          </ns3:TrackPointExtension>
        </extensions>
      </trkpt>
      <trkpt lat="40.00274444930255413055419921875" lon="-105.31777893193066120147705078125">
        <ele>1911.5999755859375</ele>
        <time>2026-07-18T16:04:04.000Z</time>
        <extensions>
          <ns3:TrackPointExtension>
            <ns3:atemp>34.0</ns3:atemp>
          </ns3:TrackPointExtension>
        </extensions>
      </trkpt>
      <trkpt lat="40.00271863304078578948974609375" lon="-105.31770500354468822479248046875">
        <ele>1912.5999755859375</ele>
        <time>2026-07-18T16:04:07.000Z</time>
        <extensions>
          <ns3:TrackPointExtension>
            <ns3:atemp>34.0</ns3:atemp>
          </ns3:TrackPointExtension>
        </extensions>
      </trkpt>
      <trkpt lat="40.00262810848653316497802734375" lon="-105.31759754754602909088134765625">
        <ele>1913.4000244140625</ele>
        <time>2026-07-18T16:04:12.000Z</time>
        <extensions>
          <ns3:TrackPointExtension>
            <ns3:atemp>34.0</ns3:atemp>
          </ns3:TrackPointExtension>
        </extensions>
      </trkpt>
      <trkpt lat="40.00259927473962306976318359375" lon="-105.317559577524662017822265625">
        <ele>1913.800048828125</ele>
        <time>2026-07-18T16:04:13.000Z</time>
        <extensions>
          <ns3:TrackPointExtension>
            <ns3:atemp>34.0</ns3:atemp>
          </ns3:TrackPointExtension>
        </extensions>
      </trkpt>
      <trkpt lat="40.002546720206737518310546875" lon="-105.317444242537021636962890625">
        <ele>1914.5999755859375</ele>
        <time>2026-07-18T16:04:17.000Z</time>
        <extensions>
          <ns3:TrackPointExtension>
            <ns3:atemp>34.0</ns3:atemp>
          </ns3:TrackPointExtension>
        </extensions>
      </trkpt>
      <trkpt lat="40.0025334767997264862060546875" lon="-105.3174212761223316192626953125">
        <ele>1914.800048828125</ele>
        <time>2026-07-18T16:04:18.000Z</time>
        <extensions>
          <ns3:TrackPointExtension>
            <ns3:atemp>34.0</ns3:atemp>
          </ns3:TrackPointExtension>
        </extensions>
      </trkpt>
      <trkpt lat="40.002385787665843963623046875" lon="-105.3172932006418704986572265625">
        <ele>1915.4000244140625</ele>
        <time>2026-07-18T16:04:23.000Z</time>
        <extensions>
          <ns3:TrackPointExtension>
            <ns3:atemp>34.0</ns3:atemp>
          </ns3:TrackPointExtension>
        </extensions>
      </trkpt>
      <trkpt lat="40.00236340798437595367431640625" lon="-105.31726981513202190399169921875">
        <ele>1916</ele>
        <time>2026-07-18T16:04:24.000Z</time>
        <extensions>
          <ns3:TrackPointExtension>
            <ns3:atemp>34.0</ns3:atemp>
          </ns3:TrackPointExtension>
        </extensions>
      </trkpt>
      <trkpt lat="40.00232032500207424163818359375" lon="-105.317208878695964813232421875">
        <ele>1916.5999755859375</ele>
        <time>2026-07-18T16:04:26.000Z</time>
        <extensions>
          <ns3:TrackPointExtension>
            <ns3:atemp>34.0</ns3:atemp>
          </ns3:TrackPointExtension>
        </extensions>
      </trkpt>
      <trkpt lat="40.00229886732995510101318359375" lon="-105.31717862002551555633544921875">
        <ele>1917.199951171875</ele>
        <time>2026-07-18T16:04:28.000Z</time>
        <extensions>
          <ns3:TrackPointExtension>
            <ns3:atemp>34.0</ns3:atemp>
          </ns3:TrackPointExtension>
        </extensions>
      </trkpt>
      <trkpt lat="40.00227824784815311431884765625" lon="-105.317173339426517486572265625">
        <ele>1917.4000244140625</ele>
        <time>2026-07-18T16:04:30.000Z</time>
        <extensions>
          <ns3:TrackPointExtension>
            <ns3:atemp>34.0</ns3:atemp>
          </ns3:TrackPointExtension>
        </extensions>
      </trkpt>
      <trkpt lat="40.002270452678203582763671875" lon="-105.31715950928628444671630859375">
        <ele>1918.199951171875</ele>
        <time>2026-07-18T16:04:33.000Z</time>
        <extensions>
          <ns3:TrackPointExtension>
            <ns3:atemp>34.0</ns3:atemp>
          </ns3:TrackPointExtension>
        </extensions>
      </trkpt>
      <trkpt lat="40.00215352512896060943603515625" lon="-105.31704182736575603485107421875">
        <ele>1919</ele>
        <time>2026-07-18T16:04:42.000Z</time>
        <extensions>
          <ns3:TrackPointExtension>
            <ns3:atemp>34.0</ns3:atemp>
          </ns3:TrackPointExtension>
        </extensions>
      </trkpt>
      <trkpt lat="40.00212301500141620635986328125" lon="-105.3170162625610828399658203125">
        <ele>1919.199951171875</ele>
        <time>2026-07-18T16:04:44.000Z</time>
        <extensions>
          <ns3:TrackPointExtension>
            <ns3:atemp>34.0</ns3:atemp>
          </ns3:TrackPointExtension>
        </extensions>
      </trkpt>
      <trkpt lat="40.00205512158572673797607421875" lon="-105.31695197336375713348388671875">
        <ele>1920.4000244140625</ele>
        <time>2026-07-18T16:04:49.000Z</time>
        <extensions>
          <ns3:TrackPointExtension>
            <ns3:atemp>34.0</ns3:atemp>
          </ns3:TrackPointExtension>
        </extensions>
      </trkpt>
      <trkpt lat="40.0020496733486652374267578125" lon="-105.316935293376445770263671875">
        <ele>1920.5999755859375</ele>
        <time>2026-07-18T16:04:50.000Z</time>
        <extensions>
          <ns3:TrackPointExtension>
            <ns3:atemp>34.0</ns3:atemp>
          </ns3:TrackPointExtension>
        </extensions>
      </trkpt>
      <trkpt lat="40.0020479969680309295654296875" lon="-105.316913835704326629638671875">
        <ele>1920.800048828125</ele>
        <time>2026-07-18T16:04:51.000Z</time>
        <extensions>
          <ns3:TrackPointExtension>
            <ns3:atemp>34.0</ns3:atemp>
          </ns3:TrackPointExtension>
        </extensions>
      </trkpt>
      <trkpt lat="40.0020401179790496826171875" lon="-105.31689204275608062744140625">
        <ele>1920.800048828125</ele>
        <time>2026-07-18T16:04:52.000Z</time>
        <extensions>
          <ns3:TrackPointExtension>
            <ns3:atemp>34.0</ns3:atemp>
          </ns3:TrackPointExtension>
        </extensions>
      </trkpt>
      <trkpt lat="40.00195940025150775909423828125" lon="-105.31679489649832248687744140625">
        <ele>1921.4000244140625</ele>
        <time>2026-07-18T16:04:56.000Z</time>
        <extensions>
          <ns3:TrackPointExtension>
            <ns3:atemp>34.0</ns3:atemp>
          </ns3:TrackPointExtension>
        </extensions>
      </trkpt>
      <trkpt lat="40.00188597477972507476806640625" lon="-105.3166835010051727294921875">
        <ele>1922.4000244140625</ele>
        <time>2026-07-18T16:05:01.000Z</time>
        <extensions>
          <ns3:TrackPointExtension>
            <ns3:atemp>34.0</ns3:atemp>
          </ns3:TrackPointExtension>
        </extensions>
      </trkpt>
      <trkpt lat="40.0018293969333171844482421875" lon="-105.3166083991527557373046875">
        <ele>1922.800048828125</ele>
        <time>2026-07-18T16:05:04.000Z</time>
        <extensions>
          <ns3:TrackPointExtension>
            <ns3:atemp>34.0</ns3:atemp>
          </ns3:TrackPointExtension>
        </extensions>
      </trkpt>
      <trkpt lat="40.00178572721779346466064453125" lon="-105.3165163658559322357177734375">
        <ele>1923.4000244140625</ele>
        <time>2026-07-18T16:05:07.000Z</time>
        <extensions>
          <ns3:TrackPointExtension>
            <ns3:atemp>34.0</ns3:atemp>
          </ns3:TrackPointExtension>
        </extensions>
      </trkpt>
      <trkpt lat="40.0017254613339900970458984375" lon="-105.31640388071537017822265625">
        <ele>1924</ele>
        <time>2026-07-18T16:05:11.000Z</time>
        <extensions>
          <ns3:TrackPointExtension>
            <ns3:atemp>34.0</ns3:atemp>
          </ns3:TrackPointExtension>
        </extensions>
      </trkpt>
      <trkpt lat="40.00167441554367542266845703125" lon="-105.31631536781787872314453125">
        <ele>1924.800048828125</ele>
        <time>2026-07-18T16:05:14.000Z</time>
        <extensions>
          <ns3:TrackPointExtension>
            <ns3:atemp>34.0</ns3:atemp>
          </ns3:TrackPointExtension>
        </extensions>
      </trkpt>
      <trkpt lat="40.0016540475189685821533203125" lon="-105.31623599119484424591064453125">
        <ele>1925.5999755859375</ele>
        <time>2026-07-18T16:05:18.000Z</time>
        <extensions>
          <ns3:TrackPointExtension>
            <ns3:atemp>34.0</ns3:atemp>
          </ns3:TrackPointExtension>
        </extensions>
      </trkpt>
      <trkpt lat="40.0016493536531925201416015625" lon="-105.316197015345096588134765625">
        <ele>1925.5999755859375</ele>
        <time>2026-07-18T16:05:19.000Z</time>
        <extensions>
          <ns3:TrackPointExtension>
            <ns3:atemp>34.0</ns3:atemp>
          </ns3:TrackPointExtension>
        </extensions>
      </trkpt>
      <trkpt lat="40.001636110246181488037109375" lon="-105.31615753658115863800048828125">
        <ele>1926</ele>
        <time>2026-07-18T16:05:20.000Z</time>
        <extensions>
          <ns3:TrackPointExtension>
            <ns3:atemp>34.0</ns3:atemp>
          </ns3:TrackPointExtension>
        </extensions>
      </trkpt>
      <trkpt lat="40.001647509634494781494140625" lon="-105.3160057403147220611572265625">
        <ele>1927.199951171875</ele>
        <time>2026-07-18T16:05:26.000Z</time>
        <extensions>
          <ns3:TrackPointExtension>
            <ns3:atemp>34.0</ns3:atemp>
          </ns3:TrackPointExtension>
        </extensions>
      </trkpt>
      <trkpt lat="40.0016485154628753662109375" lon="-105.315983109176158905029296875">
        <ele>1927.5999755859375</ele>
        <time>2026-07-18T16:05:27.000Z</time>
        <extensions>
          <ns3:TrackPointExtension>
            <ns3:atemp>34.0</ns3:atemp>
          </ns3:TrackPointExtension>
        </extensions>
      </trkpt>
      <trkpt lat="40.00165044330060482025146484375" lon="-105.31595838256180286407470703125">
        <ele>1927.800048828125</ele>
        <time>2026-07-18T16:05:28.000Z</time>
        <extensions>
          <ns3:TrackPointExtension>
            <ns3:atemp>34.0</ns3:atemp>
          </ns3:TrackPointExtension>
        </extensions>
      </trkpt>
      <trkpt lat="40.0016758404672145843505859375" lon="-105.315869115293025970458984375">
        <ele>1928.4000244140625</ele>
        <time>2026-07-18T16:05:31.000Z</time>
        <extensions>
          <ns3:TrackPointExtension>
            <ns3:atemp>34.0</ns3:atemp>
          </ns3:TrackPointExtension>
        </extensions>
      </trkpt>
      <trkpt lat="40.00168413855135440826416015625" lon="-105.3158394433557987213134765625">
        <ele>1928.5999755859375</ele>
        <time>2026-07-18T16:05:32.000Z</time>
        <extensions>
          <ns3:TrackPointExtension>
            <ns3:atemp>34.0</ns3:atemp>
          </ns3:TrackPointExtension>
        </extensions>
      </trkpt>
      <trkpt lat="40.00175119377672672271728515625" lon="-105.31569317914545536041259765625">
        <ele>1929.4000244140625</ele>
        <time>2026-07-18T16:05:38.000Z</time>
        <extensions>
          <ns3:TrackPointExtension>
            <ns3:atemp>34.0</ns3:atemp>
          </ns3:TrackPointExtension>
        </extensions>
      </trkpt>
      <trkpt lat="40.00176527537405490875244140625" lon="-105.315671302378177642822265625">
        <ele>1929.5999755859375</ele>
        <time>2026-07-18T16:05:39.000Z</time>
        <extensions>
          <ns3:TrackPointExtension>
            <ns3:atemp>34.0</ns3:atemp>
          </ns3:TrackPointExtension>
        </extensions>
      </trkpt>
      <trkpt lat="40.00179913826286792755126953125" lon="-105.31557968817651271820068359375">
        <ele>1930.199951171875</ele>
        <time>2026-07-18T16:05:43.000Z</time>
        <extensions>
          <ns3:TrackPointExtension>
            <ns3:atemp>34.0</ns3:atemp>
          </ns3:TrackPointExtension>
        </extensions>
      </trkpt>
      <trkpt lat="40.00182352960109710693359375" lon="-105.31550844199955463409423828125">
        <ele>1930.5999755859375</ele>
        <time>2026-07-18T16:05:46.000Z</time>
        <extensions>
          <ns3:TrackPointExtension>
            <ns3:atemp>34.0</ns3:atemp>
          </ns3:TrackPointExtension>
        </extensions>
      </trkpt>
      <trkpt lat="40.00188924372196197509765625" lon="-105.3153462521731853485107421875">
        <ele>1931.800048828125</ele>
        <time>2026-07-18T16:05:52.000Z</time>
        <extensions>
          <ns3:TrackPointExtension>
            <ns3:atemp>34.0</ns3:atemp>
          </ns3:TrackPointExtension>
        </extensions>
      </trkpt>
      <trkpt lat="40.00191296450793743133544921875" lon="-105.31522245146334171295166015625">
        <ele>1933</ele>
        <time>2026-07-18T16:05:58.000Z</time>
        <extensions>
          <ns3:TrackPointExtension>
            <ns3:atemp>34.0</ns3:atemp>
          </ns3:TrackPointExtension>
        </extensions>
      </trkpt>
      <trkpt lat="40.001925788819789886474609375" lon="-105.31519864685833454132080078125">
        <ele>1933.199951171875</ele>
        <time>2026-07-18T16:05:59.000Z</time>
        <extensions>
          <ns3:TrackPointExtension>
            <ns3:atemp>34.0</ns3:atemp>
          </ns3:TrackPointExtension>
        </extensions>
      </trkpt>
      <trkpt lat="40.0020362623035907745361328125" lon="-105.31507040373980998992919921875">
        <ele>1934</ele>
        <time>2026-07-18T16:06:03.000Z</time>
        <extensions>
          <ns3:TrackPointExtension>
            <ns3:atemp>34.0</ns3:atemp>
          </ns3:TrackPointExtension>
        </extensions>
      </trkpt>
      <trkpt lat="40.00206367112696170806884765625" lon="-105.31504542566835880279541015625">
        <ele>1934.199951171875</ele>
        <time>2026-07-18T16:06:04.000Z</time>
        <extensions>
          <ns3:TrackPointExtension>
            <ns3:atemp>34.0</ns3:atemp>
          </ns3:TrackPointExtension>
        </extensions>
      </trkpt>
      <trkpt lat="40.00210625119507312774658203125" lon="-105.3149898536503314971923828125">
        <ele>1935</ele>
        <time>2026-07-18T16:06:07.000Z</time>
        <extensions>
          <ns3:TrackPointExtension>
            <ns3:atemp>34.0</ns3:atemp>
          </ns3:TrackPointExtension>
        </extensions>
      </trkpt>
      <trkpt lat="40.00211530365049839019775390625" lon="-105.31496445648372173309326171875">
        <ele>1935.4000244140625</ele>
        <time>2026-07-18T16:06:08.000Z</time>
        <extensions>
          <ns3:TrackPointExtension>
            <ns3:atemp>34.0</ns3:atemp>
          </ns3:TrackPointExtension>
        </extensions>
      </trkpt>
      <trkpt lat="40.00214497558772563934326171875" lon="-105.31484275124967098236083984375">
        <ele>1936.4000244140625</ele>
        <time>2026-07-18T16:06:12.000Z</time>
        <extensions>
          <ns3:TrackPointExtension>
            <ns3:atemp>34.0</ns3:atemp>
          </ns3:TrackPointExtension>
        </extensions>
      </trkpt>
      <trkpt lat="40.00214648433029651641845703125" lon="-105.31481006182730197906494140625">
        <ele>1936.4000244140625</ele>
        <time>2026-07-18T16:06:13.000Z</time>
        <extensions>
          <ns3:TrackPointExtension>
            <ns3:atemp>34.0</ns3:atemp>
          </ns3:TrackPointExtension>
        </extensions>
      </trkpt>
      <trkpt lat="40.00213089399039745330810546875" lon="-105.31474334187805652618408203125">
        <ele>1937</ele>
        <time>2026-07-18T16:06:15.000Z</time>
        <extensions>
          <ns3:TrackPointExtension>
            <ns3:atemp>34.0</ns3:atemp>
          </ns3:TrackPointExtension>
        </extensions>
      </trkpt>
      <trkpt lat="40.00210373662412166595458984375" lon="-105.3147147595882415771484375">
        <ele>1937.4000244140625</ele>
        <time>2026-07-18T16:06:17.000Z</time>
        <extensions>
          <ns3:TrackPointExtension>
            <ns3:atemp>34.0</ns3:atemp>
          </ns3:TrackPointExtension>
        </extensions>
      </trkpt>
      <trkpt lat="40.0020369328558444976806640625" lon="-105.3146649710834026336669921875">
        <ele>1937.5999755859375</ele>
        <time>2026-07-18T16:06:20.000Z</time>
        <extensions>
          <ns3:TrackPointExtension>
            <ns3:atemp>34.0</ns3:atemp>
          </ns3:TrackPointExtension>
        </extensions>
      </trkpt>
      <trkpt lat="40.00194632448256015777587890625" lon="-105.3146155178546905517578125">
        <ele>1938.199951171875</ele>
        <time>2026-07-18T16:06:24.000Z</time>
        <extensions>
          <ns3:TrackPointExtension>
            <ns3:atemp>34.0</ns3:atemp>
          </ns3:TrackPointExtension>
        </extensions>
      </trkpt>
      <trkpt lat="40.00192486681044101715087890625" lon="-105.31460453756153583526611328125">
        <ele>1938.5999755859375</ele>
        <time>2026-07-18T16:06:25.000Z</time>
        <extensions>
          <ns3:TrackPointExtension>
            <ns3:atemp>34.0</ns3:atemp>
          </ns3:TrackPointExtension>
        </extensions>
      </trkpt>
      <trkpt lat="40.0018523633480072021484375" lon="-105.314543433487415313720703125">
        <ele>1939.800048828125</ele>
        <time>2026-07-18T16:06:29.000Z</time>
        <extensions>
          <ns3:TrackPointExtension>
            <ns3:atemp>34.0</ns3:atemp>
          </ns3:TrackPointExtension>
        </extensions>
      </trkpt>
      <trkpt lat="40.00182352960109710693359375" lon="-105.31451267190277576446533203125">
        <ele>1940.199951171875</ele>
        <time>2026-07-18T16:06:31.000Z</time>
        <extensions>
          <ns3:TrackPointExtension>
            <ns3:atemp>34.0</ns3:atemp>
          </ns3:TrackPointExtension>
        </extensions>
      </trkpt>
      <trkpt lat="40.00175924040377140045166015625" lon="-105.314437486231327056884765625">
        <ele>1940.800048828125</ele>
        <time>2026-07-18T16:06:34.000Z</time>
        <extensions>
          <ns3:TrackPointExtension>
            <ns3:atemp>34.0</ns3:atemp>
          </ns3:TrackPointExtension>
        </extensions>
      </trkpt>
      <trkpt lat="40.001707859337329864501953125" lon="-105.3143783099949359893798828125">
        <ele>1941.199951171875</ele>
        <time>2026-07-18T16:06:36.000Z</time>
        <extensions>
          <ns3:TrackPointExtension>
            <ns3:atemp>34.0</ns3:atemp>
          </ns3:TrackPointExtension>
        </extensions>
      </trkpt>
      <trkpt lat="40.001656897366046905517578125" lon="-105.3143152780830860137939453125">
        <ele>1941.800048828125</ele>
        <time>2026-07-18T16:06:39.000Z</time>
        <extensions>
          <ns3:TrackPointExtension>
            <ns3:atemp>34.0</ns3:atemp>
          </ns3:TrackPointExtension>
        </extensions>
      </trkpt>
      <trkpt lat="40.00165061093866825103759765625" lon="-105.3143045492470264434814453125">
        <ele>1942</ele>
        <time>2026-07-18T16:06:40.000Z</time>
        <extensions>
          <ns3:TrackPointExtension>
            <ns3:atemp>34.0</ns3:atemp>
          </ns3:TrackPointExtension>
        </extensions>
      </trkpt>
      <trkpt lat="40.0016630999743938446044921875" lon="-105.3142861090600490570068359375">
        <ele>1942.5999755859375</ele>
        <time>2026-07-18T16:06:42.000Z</time>
        <extensions>
          <ns3:TrackPointExtension>
            <ns3:atemp>34.0</ns3:atemp>
          </ns3:TrackPointExtension>
        </extensions>
      </trkpt>
      <trkpt lat="40.00166100449860095977783203125" lon="-105.31424679793417453765869140625">
        <ele>1943</ele>
        <time>2026-07-18T16:06:44.000Z</time>
        <extensions>
          <ns3:TrackPointExtension>
            <ns3:atemp>34.0</ns3:atemp>
          </ns3:TrackPointExtension>
        </extensions>
      </trkpt>
      <trkpt lat="40.00165245495736598968505859375" lon="-105.314233303070068359375">
        <ele>1943</ele>
        <time>2026-07-18T16:06:45.000Z</time>
        <extensions>
          <ns3:TrackPointExtension>
            <ns3:atemp>34.0</ns3:atemp>
          </ns3:TrackPointExtension>
        </extensions>
      </trkpt>
      <trkpt lat="40.00162102282047271728515625" lon="-105.31418435275554656982421875">
        <ele>1943.5999755859375</ele>
        <time>2026-07-18T16:06:48.000Z</time>
        <extensions>
          <ns3:TrackPointExtension>
            <ns3:atemp>34.0</ns3:atemp>
          </ns3:TrackPointExtension>
        </extensions>
      </trkpt>
      <trkpt lat="40.00159311108291149139404296875" lon="-105.31409994699060916900634765625">
        <ele>1944</ele>
        <time>2026-07-18T16:06:51.000Z</time>
        <extensions>
          <ns3:TrackPointExtension>
            <ns3:atemp>34.0</ns3:atemp>
          </ns3:TrackPointExtension>
        </extensions>
      </trkpt>
      <trkpt lat="40.00158347189426422119140625" lon="-105.3140758909285068511962890625">
        <ele>1944.199951171875</ele>
        <time>2026-07-18T16:06:52.000Z</time>
        <extensions>
          <ns3:TrackPointExtension>
            <ns3:atemp>34.0</ns3:atemp>
          </ns3:TrackPointExtension>
        </extensions>
      </trkpt>
      <trkpt lat="40.001550279557704925537109375" lon="-105.31391085125505924224853515625">
        <ele>1945</ele>
        <time>2026-07-18T16:06:57.000Z</time>
        <extensions>
          <ns3:TrackPointExtension>
            <ns3:atemp>34.0</ns3:atemp>
          </ns3:TrackPointExtension>
        </extensions>
      </trkpt>
      <trkpt lat="40.0015494413673877716064453125" lon="-105.31385217793285846710205078125">
        <ele>1945.199951171875</ele>
        <time>2026-07-18T16:06:59.000Z</time>
        <extensions>
          <ns3:TrackPointExtension>
            <ns3:atemp>34.0</ns3:atemp>
          </ns3:TrackPointExtension>
        </extensions>
      </trkpt>
      <trkpt lat="40.001512728631496429443359375" lon="-105.31374757178127765655517578125">
        <ele>1945.800048828125</ele>
        <time>2026-07-18T16:07:03.000Z</time>
        <extensions>
          <ns3:TrackPointExtension>
            <ns3:atemp>34.0</ns3:atemp>
          </ns3:TrackPointExtension>
        </extensions>
      </trkpt>
      <trkpt lat="40.0015001557767391204833984375" lon="-105.31373131088912487030029296875">
        <ele>1946</ele>
        <time>2026-07-18T16:07:04.000Z</time>
        <extensions>
          <ns3:TrackPointExtension>
            <ns3:atemp>34.0</ns3:atemp>
          </ns3:TrackPointExtension>
        </extensions>
      </trkpt>
      <trkpt lat="40.00142966397106647491455078125" lon="-105.31363139860332012176513671875">
        <ele>1946.4000244140625</ele>
        <time>2026-07-18T16:07:09.000Z</time>
        <extensions>
          <ns3:TrackPointExtension>
            <ns3:atemp>34.0</ns3:atemp>
          </ns3:TrackPointExtension>
        </extensions>
      </trkpt>
      <trkpt lat="40.00141725875437259674072265625" lon="-105.313632152974605560302734375">
        <ele>1946.800048828125</ele>
        <time>2026-07-18T16:07:10.000Z</time>
        <extensions>
          <ns3:TrackPointExtension>
            <ns3:atemp>34.0</ns3:atemp>
          </ns3:TrackPointExtension>
        </extensions>
      </trkpt>
      <trkpt lat="40.00140300951898097991943359375" lon="-105.3136276267468929290771484375">
        <ele>1946.800048828125</ele>
        <time>2026-07-18T16:07:11.000Z</time>
        <extensions>
          <ns3:TrackPointExtension>
            <ns3:atemp>33.0</ns3:atemp>
          </ns3:TrackPointExtension>
        </extensions>
      </trkpt>
      <trkpt lat="40.0013657100498676300048828125" lon="-105.31360457651317119598388671875">
        <ele>1947.199951171875</ele>
        <time>2026-07-18T16:07:13.000Z</time>
        <extensions>
          <ns3:TrackPointExtension>
            <ns3:atemp>33.0</ns3:atemp>
          </ns3:TrackPointExtension>
        </extensions>
      </trkpt>
      <trkpt lat="40.00127443112432956695556640625" lon="-105.313563086092472076416015625">
        <ele>1948</ele>
        <time>2026-07-18T16:07:17.000Z</time>
        <extensions>
          <ns3:TrackPointExtension>
            <ns3:atemp>33.0</ns3:atemp>
          </ns3:TrackPointExtension>
        </extensions>
      </trkpt>
      <trkpt lat="40.00122983939945697784423828125" lon="-105.31352427788078784942626953125">
        <ele>1948.5999755859375</ele>
        <time>2026-07-18T16:07:19.000Z</time>
        <extensions>
          <ns3:TrackPointExtension>
            <ns3:atemp>33.0</ns3:atemp>
          </ns3:TrackPointExtension>
        </extensions>
      </trkpt>
      <trkpt lat="40.00117778778076171875" lon="-105.31348991207778453826904296875">
        <ele>1949.199951171875</ele>
        <time>2026-07-18T16:07:21.000Z</time>
        <extensions>
          <ns3:TrackPointExtension>
            <ns3:atemp>33.0</ns3:atemp>
          </ns3:TrackPointExtension>
        </extensions>
      </trkpt>
      <trkpt lat="40.00108935870230197906494140625" lon="-105.31344967894256114959716796875">
        <ele>1950.199951171875</ele>
        <time>2026-07-18T16:07:25.000Z</time>
        <extensions>
          <ns3:TrackPointExtension>
            <ns3:atemp>33.0</ns3:atemp>
          </ns3:TrackPointExtension>
        </extensions>
      </trkpt>
      <trkpt lat="40.00107712112367153167724609375" lon="-105.31342688016593456268310546875">
        <ele>1950.4000244140625</ele>
        <time>2026-07-18T16:07:26.000Z</time>
        <extensions>
          <ns3:TrackPointExtension>
            <ns3:atemp>33.0</ns3:atemp>
          </ns3:TrackPointExtension>
        </extensions>
      </trkpt>
      <trkpt lat="40.0010562501847743988037109375" lon="-105.31340156681835651397705078125">
        <ele>1950.4000244140625</ele>
        <time>2026-07-18T16:07:27.000Z</time>
        <extensions>
          <ns3:TrackPointExtension>
            <ns3:atemp>33.0</ns3:atemp>
          </ns3:TrackPointExtension>
        </extensions>
      </trkpt>
      <trkpt lat="40.000992380082607269287109375" lon="-105.3133642673492431640625">
        <ele>1951.199951171875</ele>
        <time>2026-07-18T16:07:30.000Z</time>
        <extensions>
          <ns3:TrackPointExtension>
            <ns3:atemp>33.0</ns3:atemp>
          </ns3:TrackPointExtension>
        </extensions>
      </trkpt>
      <trkpt lat="40.00095273368060588836669921875" lon="-105.3133399598300457000732421875">
        <ele>1951.4000244140625</ele>
        <time>2026-07-18T16:07:32.000Z</time>
        <extensions>
          <ns3:TrackPointExtension>
            <ns3:atemp>33.0</ns3:atemp>
          </ns3:TrackPointExtension>
        </extensions>
      </trkpt>
      <trkpt lat="40.0008745305240154266357421875" lon="-105.31329360790550708770751953125">
        <ele>1952.4000244140625</ele>
        <time>2026-07-18T16:07:35.000Z</time>
        <extensions>
          <ns3:TrackPointExtension>
            <ns3:atemp>33.0</ns3:atemp>
          </ns3:TrackPointExtension>
        </extensions>
      </trkpt>
      <trkpt lat="40.00081627629697322845458984375" lon="-105.31327642500400543212890625">
        <ele>1953</ele>
        <time>2026-07-18T16:07:38.000Z</time>
        <extensions>
          <ns3:TrackPointExtension>
            <ns3:atemp>33.0</ns3:atemp>
          </ns3:TrackPointExtension>
        </extensions>
      </trkpt>
      <trkpt lat="40.000797249376773834228515625" lon="-105.31326108612120151519775390625">
        <ele>1953.199951171875</ele>
        <time>2026-07-18T16:07:40.000Z</time>
        <extensions>
          <ns3:TrackPointExtension>
            <ns3:atemp>33.0</ns3:atemp>
          </ns3:TrackPointExtension>
        </extensions>
      </trkpt>
      <trkpt lat="40.00067914836108684539794921875" lon="-105.3132490999996662139892578125">
        <ele>1954.199951171875</ele>
        <time>2026-07-18T16:07:46.000Z</time>
        <extensions>
          <ns3:TrackPointExtension>
            <ns3:atemp>33.0</ns3:atemp>
          </ns3:TrackPointExtension>
        </extensions>
      </trkpt>
      <trkpt lat="40.00065836124122142791748046875" lon="-105.31324549578130245208740234375">
        <ele>1954.5999755859375</ele>
        <time>2026-07-18T16:07:48.000Z</time>
        <extensions>
          <ns3:TrackPointExtension>
            <ns3:atemp>33.0</ns3:atemp>
          </ns3:TrackPointExtension>
        </extensions>
      </trkpt>
      <trkpt lat="40.00058837234973907470703125" lon="-105.31322504393756389617919921875">
        <ele>1955.800048828125</ele>
        <time>2026-07-18T16:07:52.000Z</time>
        <extensions>
          <ns3:TrackPointExtension>
            <ns3:atemp>33.0</ns3:atemp>
          </ns3:TrackPointExtension>
        </extensions>
      </trkpt>
      <trkpt lat="40.0005080737173557281494140625" lon="-105.31315865926444530487060546875">
        <ele>1956.5999755859375</ele>
        <time>2026-07-18T16:07:57.000Z</time>
        <extensions>
          <ns3:TrackPointExtension>
            <ns3:atemp>33.0</ns3:atemp>
          </ns3:TrackPointExtension>
        </extensions>
      </trkpt>
      <trkpt lat="40.00048586167395114898681640625" lon="-105.313116498291492462158203125">
        <ele>1957</ele>
        <time>2026-07-18T16:07:59.000Z</time>
        <extensions>
          <ns3:TrackPointExtension>
            <ns3:atemp>33.0</ns3:atemp>
          </ns3:TrackPointExtension>
        </extensions>
      </trkpt>
      <trkpt lat="40.00048385001718997955322265625" lon="-105.31308774836361408233642578125">
        <ele>1957.199951171875</ele>
        <time>2026-07-18T16:08:01.000Z</time>
        <extensions>
          <ns3:TrackPointExtension>
            <ns3:atemp>33.0</ns3:atemp>
          </ns3:TrackPointExtension>
        </extensions>
      </trkpt>
      <trkpt lat="40.00049583613872528076171875" lon="-105.3130727447569370269775390625">
        <ele>1957.4000244140625</ele>
        <time>2026-07-18T16:08:02.000Z</time>
        <extensions>
          <ns3:TrackPointExtension>
            <ns3:atemp>33.0</ns3:atemp>
          </ns3:TrackPointExtension>
        </extensions>
      </trkpt>
      <trkpt lat="40.00051050446927547454833984375" lon="-105.3130358643829822540283203125">
        <ele>1957.5999755859375</ele>
        <time>2026-07-18T16:08:04.000Z</time>
        <extensions>
          <ns3:TrackPointExtension>
            <ns3:atemp>33.0</ns3:atemp>
          </ns3:TrackPointExtension>
        </extensions>
      </trkpt>
      <trkpt lat="40.000569261610507965087890625" lon="-105.3130008280277252197265625">
        <ele>1958</ele>
        <time>2026-07-18T16:08:07.000Z</time>
        <extensions>
          <ns3:TrackPointExtension>
            <ns3:atemp>33.0</ns3:atemp>
          </ns3:TrackPointExtension>
        </extensions>
      </trkpt>
      <trkpt lat="40.00061594881117343902587890625" lon="-105.312993116676807403564453125">
        <ele>1958.4000244140625</ele>
        <time>2026-07-18T16:08:09.000Z</time>
        <extensions>
          <ns3:TrackPointExtension>
            <ns3:atemp>33.0</ns3:atemp>
          </ns3:TrackPointExtension>
        </extensions>
      </trkpt>
      <trkpt lat="40.00066640786826610565185546875" lon="-105.31298347748816013336181640625">
        <ele>1958.800048828125</ele>
        <time>2026-07-18T16:08:11.000Z</time>
        <extensions>
          <ns3:TrackPointExtension>
            <ns3:atemp>33.0</ns3:atemp>
          </ns3:TrackPointExtension>
        </extensions>
      </trkpt>
      <trkpt lat="40.00075626187026500701904296875" lon="-105.312973000109195709228515625">
        <ele>1959.4000244140625</ele>
        <time>2026-07-18T16:08:15.000Z</time>
        <extensions>
          <ns3:TrackPointExtension>
            <ns3:atemp>33.0</ns3:atemp>
          </ns3:TrackPointExtension>
        </extensions>
      </trkpt>
      <trkpt lat="40.000864304602146148681640625" lon="-105.313008539378643035888671875">
        <ele>1959.800048828125</ele>
        <time>2026-07-18T16:08:20.000Z</time>
        <extensions>
          <ns3:TrackPointExtension>
            <ns3:atemp>33.0</ns3:atemp>
          </ns3:TrackPointExtension>
        </extensions>
      </trkpt>
      <trkpt lat="40.0009216368198394775390625" lon="-105.31301759183406829833984375">
        <ele>1960.199951171875</ele>
        <time>2026-07-18T16:08:23.000Z</time>
        <extensions>
          <ns3:TrackPointExtension>
            <ns3:atemp>33.0</ns3:atemp>
          </ns3:TrackPointExtension>
        </extensions>
      </trkpt>
      <trkpt lat="40.00105834566056728363037109375" lon="-105.31303695403039455413818359375">
        <ele>1961</ele>
        <time>2026-07-18T16:08:29.000Z</time>
        <extensions>
          <ns3:TrackPointExtension>
            <ns3:atemp>33.0</ns3:atemp>
          </ns3:TrackPointExtension>
        </extensions>
      </trkpt>
      <trkpt lat="40.00112204812467098236083984375" lon="-105.31304349191486835479736328125">
        <ele>1961.199951171875</ele>
        <time>2026-07-18T16:08:32.000Z</time>
        <extensions>
          <ns3:TrackPointExtension>
            <ns3:atemp>33.0</ns3:atemp>
          </ns3:TrackPointExtension>
        </extensions>
      </trkpt>
      <trkpt lat="40.00126604922115802764892578125" lon="-105.31306277029216289520263671875">
        <ele>1961.800048828125</ele>
        <time>2026-07-18T16:08:38.000Z</time>
        <extensions>
          <ns3:TrackPointExtension>
            <ns3:atemp>33.0</ns3:atemp>
          </ns3:TrackPointExtension>
        </extensions>
      </trkpt>
      <trkpt lat="40.001286081969738006591796875" lon="-105.31306327320635318756103515625">
        <ele>1962</ele>
        <time>2026-07-18T16:08:39.000Z</time>
        <extensions>
          <ns3:TrackPointExtension>
            <ns3:atemp>33.0</ns3:atemp>
          </ns3:TrackPointExtension>
        </extensions>
      </trkpt>
      <trkpt lat="40.001395381987094879150390625" lon="-105.31309294514358043670654296875">
        <ele>1963</ele>
        <time>2026-07-18T16:08:45.000Z</time>
        <extensions>
          <ns3:TrackPointExtension>
            <ns3:atemp>32.0</ns3:atemp>
          </ns3:TrackPointExtension>
        </extensions>
      </trkpt>
      <trkpt lat="40.0015196017920970916748046875" lon="-105.31309604644775390625">
        <ele>1964</ele>
        <time>2026-07-18T16:08:51.000Z</time>
        <extensions>
          <ns3:TrackPointExtension>
            <ns3:atemp>32.0</ns3:atemp>
          </ns3:TrackPointExtension>
        </extensions>
      </trkpt>
      <trkpt lat="40.00156612135469913482666015625" lon="-105.3130871616303920745849609375">
        <ele>1964.199951171875</ele>
        <time>2026-07-18T16:08:53.000Z</time>
        <extensions>
          <ns3:TrackPointExtension>
            <ns3:atemp>32.0</ns3:atemp>
          </ns3:TrackPointExtension>
        </extensions>
      </trkpt>
      <trkpt lat="40.001606605947017669677734375" lon="-105.31307970173656940460205078125">
        <ele>1964.5999755859375</ele>
        <time>2026-07-18T16:08:55.000Z</time>
        <extensions>
          <ns3:TrackPointExtension>
            <ns3:atemp>32.0</ns3:atemp>
          </ns3:TrackPointExtension>
        </extensions>
      </trkpt>
      <trkpt lat="40.001628398895263671875" lon="-105.31307735480368137359619140625">
        <ele>1964.800048828125</ele>
        <time>2026-07-18T16:08:56.000Z</time>
        <extensions>
          <ns3:TrackPointExtension>
            <ns3:atemp>32.0</ns3:atemp>
          </ns3:TrackPointExtension>
        </extensions>
      </trkpt>
      <trkpt lat="40.00165530480444431304931640625" lon="-105.31307299621403217315673828125">
        <ele>1965</ele>
        <time>2026-07-18T16:08:57.000Z</time>
        <extensions>
          <ns3:TrackPointExtension>
            <ns3:atemp>32.0</ns3:atemp>
          </ns3:TrackPointExtension>
        </extensions>
      </trkpt>
      <trkpt lat="40.00176728703081607818603515625" lon="-105.31306930817663669586181640625">
        <ele>1965.800048828125</ele>
        <time>2026-07-18T16:09:01.000Z</time>
        <extensions>
          <ns3:TrackPointExtension>
            <ns3:atemp>32.0</ns3:atemp>
          </ns3:TrackPointExtension>
        </extensions>
      </trkpt>
      <trkpt lat="40.00178824178874492645263671875" lon="-105.31308271922171115875244140625">
        <ele>1966</ele>
        <time>2026-07-18T16:09:02.000Z</time>
        <extensions>
          <ns3:TrackPointExtension>
            <ns3:atemp>32.0</ns3:atemp>
          </ns3:TrackPointExtension>
        </extensions>
      </trkpt>
      <trkpt lat="40.001808106899261474609375" lon="-105.31309680081903934478759765625">
        <ele>1966.199951171875</ele>
        <time>2026-07-18T16:09:03.000Z</time>
        <extensions>
          <ns3:TrackPointExtension>
            <ns3:atemp>32.0</ns3:atemp>
          </ns3:TrackPointExtension>
        </extensions>
      </trkpt>
      <trkpt lat="40.0018749944865703582763671875" lon="-105.313163101673126220703125">
        <ele>1966.5999755859375</ele>
        <time>2026-07-18T16:09:07.000Z</time>
        <extensions>
          <ns3:TrackPointExtension>
            <ns3:atemp>32.0</ns3:atemp>
          </ns3:TrackPointExtension>
        </extensions>
      </trkpt>
      <trkpt lat="40.00194649212062358856201171875" lon="-105.31325655989348888397216796875">
        <ele>1967.4000244140625</ele>
        <time>2026-07-18T16:09:11.000Z</time>
        <extensions>
          <ns3:TrackPointExtension>
            <ns3:atemp>32.0</ns3:atemp>
          </ns3:TrackPointExtension>
        </extensions>
      </trkpt>
      <trkpt lat="40.00195872969925403594970703125" lon="-105.3132843039929866790771484375">
        <ele>1967.4000244140625</ele>
        <time>2026-07-18T16:09:12.000Z</time>
        <extensions>
          <ns3:TrackPointExtension>
            <ns3:atemp>32.0</ns3:atemp>
          </ns3:TrackPointExtension>
        </extensions>
      </trkpt>
      <trkpt lat="40.0019715540111064910888671875" lon="-105.31348924152553081512451171875">
        <ele>1968.4000244140625</ele>
        <time>2026-07-18T16:09:17.000Z</time>
        <extensions>
          <ns3:TrackPointExtension>
            <ns3:atemp>32.0</ns3:atemp>
          </ns3:TrackPointExtension>
        </extensions>
      </trkpt>
      <trkpt lat="40.00197147019207477569580078125" lon="-105.31351916491985321044921875">
        <ele>1968.800048828125</ele>
        <time>2026-07-18T16:09:18.000Z</time>
        <extensions>
          <ns3:TrackPointExtension>
            <ns3:atemp>32.0</ns3:atemp>
          </ns3:TrackPointExtension>
        </extensions>
      </trkpt>
      <trkpt lat="40.0020127929747104644775390625" lon="-105.313668362796306610107421875">
        <ele>1969.5999755859375</ele>
        <time>2026-07-18T16:09:22.000Z</time>
        <extensions>
          <ns3:TrackPointExtension>
            <ns3:atemp>32.0</ns3:atemp>
          </ns3:TrackPointExtension>
        </extensions>
      </trkpt>
      <trkpt lat="40.002027042210102081298828125" lon="-105.313696525990962982177734375">
        <ele>1969.800048828125</ele>
        <time>2026-07-18T16:09:23.000Z</time>
        <extensions>
          <ns3:TrackPointExtension>
            <ns3:atemp>32.0</ns3:atemp>
          </ns3:TrackPointExtension>
        </extensions>
      </trkpt>
      <trkpt lat="40.00211848877370357513427734375" lon="-105.31372292898595333099365234375">
        <ele>1970.4000244140625</ele>
        <time>2026-07-18T16:09:27.000Z</time>
        <extensions>
          <ns3:TrackPointExtension>
            <ns3:atemp>32.0</ns3:atemp>
          </ns3:TrackPointExtension>
        </extensions>
      </trkpt>
      <trkpt lat="40.00216693617403507232666015625" lon="-105.313672721385955810546875">
        <ele>1970.5999755859375</ele>
        <time>2026-07-18T16:09:30.000Z</time>
        <extensions>
          <ns3:TrackPointExtension>
            <ns3:atemp>32.0</ns3:atemp>
          </ns3:TrackPointExtension>
        </extensions>
      </trkpt>
      <trkpt lat="40.00217682681977748870849609375" lon="-105.313645899295806884765625">
        <ele>1970.800048828125</ele>
        <time>2026-07-18T16:09:31.000Z</time>
        <extensions>
          <ns3:TrackPointExtension>
            <ns3:atemp>32.0</ns3:atemp>
          </ns3:TrackPointExtension>
        </extensions>
      </trkpt>
      <trkpt lat="40.0021834485232830047607421875" lon="-105.31361815519630908966064453125">
        <ele>1970.800048828125</ele>
        <time>2026-07-18T16:09:32.000Z</time>
        <extensions>
          <ns3:TrackPointExtension>
            <ns3:atemp>32.0</ns3:atemp>
          </ns3:TrackPointExtension>
        </extensions>
      </trkpt>
      <trkpt lat="40.00215587206184864044189453125" lon="-105.31348421238362789154052734375">
        <ele>1971.4000244140625</ele>
        <time>2026-07-18T16:09:37.000Z</time>
        <extensions>
          <ns3:TrackPointExtension>
            <ns3:atemp>32.0</ns3:atemp>
          </ns3:TrackPointExtension>
        </extensions>
      </trkpt>
      <trkpt lat="40.0021311454474925994873046875" lon="-105.31342838890850543975830078125">
        <ele>1971.800048828125</ele>
        <time>2026-07-18T16:09:39.000Z</time>
        <extensions>
          <ns3:TrackPointExtension>
            <ns3:atemp>32.0</ns3:atemp>
          </ns3:TrackPointExtension>
        </extensions>
      </trkpt>
      <trkpt lat="40.0020899064838886260986328125" lon="-105.3133144788444042205810546875">
        <ele>1972.5999755859375</ele>
        <time>2026-07-18T16:09:44.000Z</time>
        <extensions>
          <ns3:TrackPointExtension>
            <ns3:atemp>32.0</ns3:atemp>
          </ns3:TrackPointExtension>
        </extensions>
      </trkpt>
      <trkpt lat="40.002080015838146209716796875" lon="-105.31328715384006500244140625">
        <ele>1972.800048828125</ele>
        <time>2026-07-18T16:09:45.000Z</time>
        <extensions>
          <ns3:TrackPointExtension>
            <ns3:atemp>32.0</ns3:atemp>
          </ns3:TrackPointExtension>
        </extensions>
      </trkpt>
      <trkpt lat="40.0020547024905681610107421875" lon="-105.31318447552621364593505859375">
        <ele>1973.800048828125</ele>
        <time>2026-07-18T16:09:50.000Z</time>
        <extensions>
          <ns3:TrackPointExtension>
            <ns3:atemp>32.0</ns3:atemp>
          </ns3:TrackPointExtension>
        </extensions>
      </trkpt>
      <trkpt lat="40.00200315378606319427490234375" lon="-105.31306587159633636474609375">
        <ele>1974.800048828125</ele>
        <time>2026-07-18T16:09:55.000Z</time>
        <extensions>
          <ns3:TrackPointExtension>
            <ns3:atemp>32.0</ns3:atemp>
          </ns3:TrackPointExtension>
        </extensions>
      </trkpt>
      <trkpt lat="40.001988820731639862060546875" lon="-105.31302161514759063720703125">
        <ele>1975</ele>
        <time>2026-07-18T16:09:57.000Z</time>
        <extensions>
          <ns3:TrackPointExtension>
            <ns3:atemp>32.0</ns3:atemp>
          </ns3:TrackPointExtension>
        </extensions>
      </trkpt>
      <trkpt lat="40.0019301474094390869140625" lon="-105.3129235468804836273193359375">
        <ele>1976</ele>
        <time>2026-07-18T16:10:02.000Z</time>
        <extensions>
          <ns3:TrackPointExtension>
            <ns3:atemp>32.0</ns3:atemp>
          </ns3:TrackPointExtension>
        </extensions>
      </trkpt>
      <trkpt lat="40.00179779715836048126220703125" lon="-105.31275649555027484893798828125">
        <ele>1977</ele>
        <time>2026-07-18T16:10:09.000Z</time>
        <extensions>
          <ns3:TrackPointExtension>
            <ns3:atemp>32.0</ns3:atemp>
          </ns3:TrackPointExtension>
        </extensions>
      </trkpt>
      <trkpt lat="40.0017717294394969940185546875" lon="-105.31274191103875637054443359375">
        <ele>1977</ele>
        <time>2026-07-18T16:10:10.000Z</time>
        <extensions>
          <ns3:TrackPointExtension>
            <ns3:atemp>32.0</ns3:atemp>
          </ns3:TrackPointExtension>
        </extensions>
      </trkpt>
      <trkpt lat="40.00174767337739467620849609375" lon="-105.31272816471755504608154296875">
        <ele>1977.199951171875</ele>
        <time>2026-07-18T16:10:11.000Z</time>
        <extensions>
          <ns3:TrackPointExtension>
            <ns3:atemp>32.0</ns3:atemp>
          </ns3:TrackPointExtension>
        </extensions>
      </trkpt>
      <trkpt lat="40.0016163289546966552734375" lon="-105.3126979060471057891845703125">
        <ele>1978.199951171875</ele>
        <time>2026-07-18T16:10:16.000Z</time>
        <extensions>
          <ns3:TrackPointExtension>
            <ns3:atemp>32.0</ns3:atemp>
          </ns3:TrackPointExtension>
        </extensions>
      </trkpt>
      <trkpt lat="40.00152186490595340728759765625" lon="-105.3126885183155536651611328125">
        <ele>1979.4000244140625</ele>
        <time>2026-07-18T16:10:20.000Z</time>
        <extensions>
          <ns3:TrackPointExtension>
            <ns3:atemp>32.0</ns3:atemp>
          </ns3:TrackPointExtension>
        </extensions>
      </trkpt>
      <trkpt lat="40.0014354474842548370361328125" lon="-105.31265825964510440826416015625">
        <ele>1980.4000244140625</ele>
        <time>2026-07-18T16:10:24.000Z</time>
        <extensions>
          <ns3:TrackPointExtension>
            <ns3:atemp>32.0</ns3:atemp>
          </ns3:TrackPointExtension>
        </extensions>
      </trkpt>
      <trkpt lat="40.00141792930662631988525390625" lon="-105.3126499615609645843505859375">
        <ele>1980.4000244140625</ele>
        <time>2026-07-18T16:10:25.000Z</time>
        <extensions>
          <ns3:TrackPointExtension>
            <ns3:atemp>32.0</ns3:atemp>
          </ns3:TrackPointExtension>
        </extensions>
      </trkpt>
      <trkpt lat="40.00129890628159046173095703125" lon="-105.31259112060070037841796875">
        <ele>1981.4000244140625</ele>
        <time>2026-07-18T16:10:31.000Z</time>
        <extensions>
          <ns3:TrackPointExtension>
            <ns3:atemp>32.0</ns3:atemp>
          </ns3:TrackPointExtension>
        </extensions>
      </trkpt>
      <trkpt lat="40.00128574669361114501953125" lon="-105.31258173286914825439453125">
        <ele>1981.5999755859375</ele>
        <time>2026-07-18T16:10:32.000Z</time>
        <extensions>
          <ns3:TrackPointExtension>
            <ns3:atemp>32.0</ns3:atemp>
          </ns3:TrackPointExtension>
        </extensions>
      </trkpt>
      <trkpt lat="40.00114836730062961578369140625" lon="-105.3125074692070484161376953125">
        <ele>1982.5999755859375</ele>
        <time>2026-07-18T16:10:38.000Z</time>
        <extensions>
          <ns3:TrackPointExtension>
            <ns3:atemp>32.0</ns3:atemp>
          </ns3:TrackPointExtension>
        </extensions>
      </trkpt>
      <trkpt lat="40.001127831637859344482421875" lon="-105.31249313615262508392333984375">
        <ele>1982.5999755859375</ele>
        <time>2026-07-18T16:10:39.000Z</time>
        <extensions>
          <ns3:TrackPointExtension>
            <ns3:atemp>32.0</ns3:atemp>
          </ns3:TrackPointExtension>
        </extensions>
      </trkpt>
      <trkpt lat="40.0010404922068119049072265625" lon="-105.3124296851456165313720703125">
        <ele>1983.5999755859375</ele>
        <time>2026-07-18T16:10:43.000Z</time>
        <extensions>
          <ns3:TrackPointExtension>
            <ns3:atemp>32.0</ns3:atemp>
          </ns3:TrackPointExtension>
        </extensions>
      </trkpt>
      <trkpt lat="40.0010166876018047332763671875" lon="-105.312421806156635284423828125">
        <ele>1983.800048828125</ele>
        <time>2026-07-18T16:10:44.000Z</time>
        <extensions>
          <ns3:TrackPointExtension>
            <ns3:atemp>32.0</ns3:atemp>
          </ns3:TrackPointExtension>
        </extensions>
      </trkpt>
      <trkpt lat="40.00088986940681934356689453125" lon="-105.312359444797039031982421875">
        <ele>1984.800048828125</ele>
        <time>2026-07-18T16:10:50.000Z</time>
        <extensions>
          <ns3:TrackPointExtension>
            <ns3:atemp>32.0</ns3:atemp>
          </ns3:TrackPointExtension>
        </extensions>
      </trkpt>
      <trkpt lat="40.000836141407489776611328125" lon="-105.31233957968652248382568359375">
        <ele>1985.199951171875</ele>
        <time>2026-07-18T16:10:52.000Z</time>
        <extensions>
          <ns3:TrackPointExtension>
            <ns3:atemp>32.0</ns3:atemp>
          </ns3:TrackPointExtension>
        </extensions>
      </trkpt>
      <trkpt lat="40.0007545016705989837646484375" lon="-105.31231543980538845062255859375">
        <ele>1985.800048828125</ele>
        <time>2026-07-18T16:10:56.000Z</time>
        <extensions>
          <ns3:TrackPointExtension>
            <ns3:atemp>32.0</ns3:atemp>
          </ns3:TrackPointExtension>
        </extensions>
      </trkpt>
      <trkpt lat="40.00069306232035160064697265625" lon="-105.31228979118168354034423828125">
        <ele>1986.199951171875</ele>
        <time>2026-07-18T16:10:58.000Z</time>
        <extensions>
          <ns3:TrackPointExtension>
            <ns3:atemp>32.0</ns3:atemp>
          </ns3:TrackPointExtension>
        </extensions>
      </trkpt>
      <trkpt lat="40.00066976062953472137451171875" lon="-105.312270931899547576904296875">
        <ele>1986.4000244140625</ele>
        <time>2026-07-18T16:10:59.000Z</time>
        <extensions>
          <ns3:TrackPointExtension>
            <ns3:atemp>32.0</ns3:atemp>
          </ns3:TrackPointExtension>
        </extensions>
      </trkpt>
      <trkpt lat="40.0006012804806232452392578125" lon="-105.31222164630889892578125">
        <ele>1986.800048828125</ele>
        <time>2026-07-18T16:11:02.000Z</time>
        <extensions>
          <ns3:TrackPointExtension>
            <ns3:atemp>32.0</ns3:atemp>
          </ns3:TrackPointExtension>
        </extensions>
      </trkpt>
      <trkpt lat="40.000532381236553192138671875" lon="-105.31209482811391353607177734375">
        <ele>1987.5999755859375</ele>
        <time>2026-07-18T16:11:08.000Z</time>
        <extensions>
          <ns3:TrackPointExtension>
            <ns3:atemp>32.0</ns3:atemp>
          </ns3:TrackPointExtension>
        </extensions>
      </trkpt>
      <trkpt lat="40.00052559189498424530029296875" lon="-105.312074124813079833984375">
        <ele>1987.800048828125</ele>
        <time>2026-07-18T16:11:09.000Z</time>
        <extensions>
          <ns3:TrackPointExtension>
            <ns3:atemp>32.0</ns3:atemp>
          </ns3:TrackPointExtension>
        </extensions>
      </trkpt>
      <trkpt lat="40.000518299639225006103515625" lon="-105.31205442734062671661376953125">
        <ele>1988</ele>
        <time>2026-07-18T16:11:10.000Z</time>
        <extensions>
          <ns3:TrackPointExtension>
            <ns3:atemp>32.0</ns3:atemp>
          </ns3:TrackPointExtension>
        </extensions>
      </trkpt>
      <trkpt lat="40.00047848559916019439697265625" lon="-105.31195132993161678314208984375">
        <ele>1988.5999755859375</ele>
        <time>2026-07-18T16:11:15.000Z</time>
        <extensions>
          <ns3:TrackPointExtension>
            <ns3:atemp>32.0</ns3:atemp>
          </ns3:TrackPointExtension>
        </extensions>
      </trkpt>
      <trkpt lat="40.000449232757091522216796875" lon="-105.3118781559169292449951171875">
        <ele>1989</ele>
        <time>2026-07-18T16:11:18.000Z</time>
        <extensions>
          <ns3:TrackPointExtension>
            <ns3:atemp>32.0</ns3:atemp>
          </ns3:TrackPointExtension>
        </extensions>
      </trkpt>
      <trkpt lat="40.00039483420550823211669921875" lon="-105.311768352985382080078125">
        <ele>1989.4000244140625</ele>
        <time>2026-07-18T16:11:22.000Z</time>
        <extensions>
          <ns3:TrackPointExtension>
            <ns3:atemp>32.0</ns3:atemp>
          </ns3:TrackPointExtension>
        </extensions>
      </trkpt>
      <trkpt lat="40.00027589499950408935546875" lon="-105.3116293810307979583740234375">
        <ele>1990</ele>
        <time>2026-07-18T16:11:29.000Z</time>
        <extensions>
          <ns3:TrackPointExtension>
            <ns3:atemp>32.0</ns3:atemp>
          </ns3:TrackPointExtension>
        </extensions>
      </trkpt>
      <trkpt lat="40.00025569461286067962646484375" lon="-105.31159065663814544677734375">
        <ele>1990.4000244140625</ele>
        <time>2026-07-18T16:11:31.000Z</time>
        <extensions>
          <ns3:TrackPointExtension>
            <ns3:atemp>32.0</ns3:atemp>
          </ns3:TrackPointExtension>
        </extensions>
      </trkpt>
      <trkpt lat="40.0002727098762989044189453125" lon="-105.31156651675701141357421875">
        <ele>1991</ele>
        <time>2026-07-18T16:11:34.000Z</time>
        <extensions>
          <ns3:TrackPointExtension>
            <ns3:atemp>32.0</ns3:atemp>
          </ns3:TrackPointExtension>
        </extensions>
      </trkpt>
      <trkpt lat="40.00025737099349498748779296875" lon="-105.311544053256511688232421875">
        <ele>1992</ele>
        <time>2026-07-18T16:11:39.000Z</time>
        <extensions>
          <ns3:TrackPointExtension>
            <ns3:atemp>32.0</ns3:atemp>
          </ns3:TrackPointExtension>
        </extensions>
      </trkpt>
      <trkpt lat="40.00024831853806972503662109375" lon="-105.31154346652328968048095703125">
        <ele>1992.199951171875</ele>
        <time>2026-07-18T16:11:40.000Z</time>
        <extensions>
          <ns3:TrackPointExtension>
            <ns3:atemp>32.0</ns3:atemp>
          </ns3:TrackPointExtension>
        </extensions>
      </trkpt>
      <trkpt lat="40.0002291239798069000244140625" lon="-105.311562828719615936279296875">
        <ele>1992.4000244140625</ele>
        <time>2026-07-18T16:11:43.000Z</time>
        <extensions>
          <ns3:TrackPointExtension>
            <ns3:atemp>32.0</ns3:atemp>
          </ns3:TrackPointExtension>
        </extensions>
      </trkpt>
      <trkpt lat="40.00022233463823795318603515625" lon="-105.311575233936309814453125">
        <ele>1992.5999755859375</ele>
        <time>2026-07-18T16:11:44.000Z</time>
        <extensions>
          <ns3:TrackPointExtension>
            <ns3:atemp>32.0</ns3:atemp>
          </ns3:TrackPointExtension>
        </extensions>
      </trkpt>
      <trkpt lat="40.00020607374608516693115234375" lon="-105.3115743957459926605224609375">
        <ele>1992.5999755859375</ele>
        <time>2026-07-18T16:11:49.000Z</time>
        <extensions>
          <ns3:TrackPointExtension>
            <ns3:atemp>32.0</ns3:atemp>
          </ns3:TrackPointExtension>
        </extensions>
      </trkpt>
      <trkpt lat="40.00019408762454986572265625" lon="-105.3115757368505001068115234375">
        <ele>1993</ele>
        <time>2026-07-18T16:11:59.000Z</time>
        <extensions>
          <ns3:TrackPointExtension>
            <ns3:atemp>32.0</ns3:atemp>
          </ns3:TrackPointExtension>
        </extensions>
      </trkpt>
      <trkpt lat="40.00020238570868968963623046875" lon="-105.31157665885984897613525390625">
        <ele>1993.199951171875</ele>
        <time>2026-07-18T16:12:11.000Z</time>
        <extensions>
          <ns3:TrackPointExtension>
            <ns3:atemp>32.0</ns3:atemp>
          </ns3:TrackPointExtension>
        </extensions>
      </trkpt>
      <trkpt lat="40.000144131481647491455078125" lon="-105.311591662466526031494140625">
        <ele>1993.4000244140625</ele>
        <time>2026-07-18T16:12:24.000Z</time>
        <extensions>
          <ns3:TrackPointExtension>
            <ns3:atemp>32.0</ns3:atemp>
          </ns3:TrackPointExtension>
        </extensions>
      </trkpt>
      <trkpt lat="40.0000500865280628204345703125" lon="-105.3116099350154399871826171875">
        <ele>1993.800048828125</ele>
        <time>2026-07-18T16:12:28.000Z</time>
        <extensions>
          <ns3:TrackPointExtension>
            <ns3:atemp>31.0</ns3:atemp>
          </ns3:TrackPointExtension>
        </extensions>
      </trkpt>
      <trkpt lat="40.00002468936145305633544921875" lon="-105.3116072528064250946044921875">
        <ele>1993.800048828125</ele>
        <time>2026-07-18T16:12:29.000Z</time>
        <extensions>
          <ns3:TrackPointExtension>
            <ns3:atemp>32.0</ns3:atemp>
          </ns3:TrackPointExtension>
        </extensions>
      </trkpt>
      <trkpt lat="39.9999981187283992767333984375" lon="-105.31161270104348659515380859375">
        <ele>1994</ele>
        <time>2026-07-18T16:12:30.000Z</time>
        <extensions>
          <ns3:TrackPointExtension>
            <ns3:atemp>32.0</ns3:atemp>
          </ns3:TrackPointExtension>
        </extensions>
      </trkpt>
      <trkpt lat="39.99990248121321201324462890625" lon="-105.311623848974704742431640625">
        <ele>1994.4000244140625</ele>
        <time>2026-07-18T16:12:33.000Z</time>
        <extensions>
          <ns3:TrackPointExtension>
            <ns3:atemp>31.0</ns3:atemp>
          </ns3:TrackPointExtension>
        </extensions>
      </trkpt>
      <trkpt lat="39.99986543320119380950927734375" lon="-105.31162259168922901153564453125">
        <ele>1994.5999755859375</ele>
        <time>2026-07-18T16:12:34.000Z</time>
        <extensions>
          <ns3:TrackPointExtension>
            <ns3:atemp>31.0</ns3:atemp>
          </ns3:TrackPointExtension>
        </extensions>
      </trkpt>
      <trkpt lat="39.99975613318383693695068359375" lon="-105.311608426272869110107421875">
        <ele>1995</ele>
        <time>2026-07-18T16:12:37.000Z</time>
        <extensions>
          <ns3:TrackPointExtension>
            <ns3:atemp>31.0</ns3:atemp>
          </ns3:TrackPointExtension>
        </extensions>
      </trkpt>
      <trkpt lat="39.99965856783092021942138671875" lon="-105.31158973462879657745361328125">
        <ele>1996</ele>
        <time>2026-07-18T16:12:40.000Z</time>
        <extensions>
          <ns3:TrackPointExtension>
            <ns3:atemp>31.0</ns3:atemp>
          </ns3:TrackPointExtension>
        </extensions>
      </trkpt>
      <trkpt lat="39.99960039742290973663330078125" lon="-105.311570875346660614013671875">
        <ele>1996.199951171875</ele>
        <time>2026-07-18T16:12:42.000Z</time>
        <extensions>
          <ns3:TrackPointExtension>
            <ns3:atemp>31.0</ns3:atemp>
          </ns3:TrackPointExtension>
        </extensions>
      </trkpt>
      <trkpt lat="39.99946611933410167694091796875" lon="-105.3115395270287990570068359375">
        <ele>1997.4000244140625</ele>
        <time>2026-07-18T16:12:47.000Z</time>
        <extensions>
          <ns3:TrackPointExtension>
            <ns3:atemp>31.0</ns3:atemp>
          </ns3:TrackPointExtension>
        </extensions>
      </trkpt>
      <trkpt lat="39.99935614876449108123779296875" lon="-105.3115277923643589019775390625">
        <ele>1998.4000244140625</ele>
        <time>2026-07-18T16:12:51.000Z</time>
        <extensions>
          <ns3:TrackPointExtension>
            <ns3:atemp>31.0</ns3:atemp>
          </ns3:TrackPointExtension>
        </extensions>
      </trkpt>
      <trkpt lat="39.9992709048092365264892578125" lon="-105.31148915179073810577392578125">
        <ele>1999</ele>
        <time>2026-07-18T16:12:55.000Z</time>
        <extensions>
          <ns3:TrackPointExtension>
            <ns3:atemp>31.0</ns3:atemp>
          </ns3:TrackPointExtension>
        </extensions>
      </trkpt>
      <trkpt lat="39.9992112256586551666259765625" lon="-105.31149971298873424530029296875">
        <ele>1999.800048828125</ele>
        <time>2026-07-18T16:12:57.000Z</time>
        <extensions>
          <ns3:TrackPointExtension>
            <ns3:atemp>31.0</ns3:atemp>
          </ns3:TrackPointExtension>
        </extensions>
      </trkpt>
      <trkpt lat="39.9991022609174251556396484375" lon="-105.31150055117905139923095703125">
        <ele>2000.800048828125</ele>
        <time>2026-07-18T16:13:01.000Z</time>
        <extensions>
          <ns3:TrackPointExtension>
            <ns3:atemp>31.0</ns3:atemp>
          </ns3:TrackPointExtension>
        </extensions>
      </trkpt>
      <trkpt lat="39.99907694756984710693359375" lon="-105.31149543821811676025390625">
        <ele>2001</ele>
        <time>2026-07-18T16:13:02.000Z</time>
        <extensions>
          <ns3:TrackPointExtension>
            <ns3:atemp>31.0</ns3:atemp>
          </ns3:TrackPointExtension>
        </extensions>
      </trkpt>
      <trkpt lat="39.998975694179534912109375" lon="-105.31147062778472900390625">
        <ele>2002</ele>
        <time>2026-07-18T16:13:06.000Z</time>
        <extensions>
          <ns3:TrackPointExtension>
            <ns3:atemp>31.0</ns3:atemp>
          </ns3:TrackPointExtension>
        </extensions>
      </trkpt>
      <trkpt lat="39.99891928397119045257568359375" lon="-105.3115056641399860382080078125">
        <ele>2002.4000244140625</ele>
        <time>2026-07-18T16:13:08.000Z</time>
        <extensions>
          <ns3:TrackPointExtension>
            <ns3:atemp>31.0</ns3:atemp>
          </ns3:TrackPointExtension>
        </extensions>
      </trkpt>
      <trkpt lat="39.99884870834648609161376953125" lon="-105.3115086816251277923583984375">
        <ele>2003</ele>
        <time>2026-07-18T16:13:11.000Z</time>
        <extensions>
          <ns3:TrackPointExtension>
            <ns3:atemp>31.0</ns3:atemp>
          </ns3:TrackPointExtension>
        </extensions>
      </trkpt>
      <trkpt lat="39.9988025240600109100341796875" lon="-105.3115113638341426849365234375">
        <ele>2003.4000244140625</ele>
        <time>2026-07-18T16:13:13.000Z</time>
        <extensions>
          <ns3:TrackPointExtension>
            <ns3:atemp>31.0</ns3:atemp>
          </ns3:TrackPointExtension>
        </extensions>
      </trkpt>
      <trkpt lat="39.99872599728405475616455078125" lon="-105.311591662466526031494140625">
        <ele>2004</ele>
        <time>2026-07-18T16:13:18.000Z</time>
        <extensions>
          <ns3:TrackPointExtension>
            <ns3:atemp>31.0</ns3:atemp>
          </ns3:TrackPointExtension>
        </extensions>
      </trkpt>
      <trkpt lat="39.99872398562729358673095703125" lon="-105.31160817481577396392822265625">
        <ele>2004.199951171875</ele>
        <time>2026-07-18T16:13:19.000Z</time>
        <extensions>
          <ns3:TrackPointExtension>
            <ns3:atemp>31.0</ns3:atemp>
          </ns3:TrackPointExtension>
        </extensions>
      </trkpt>
      <trkpt lat="39.9987277574837207794189453125" lon="-105.31165226362645626068115234375">
        <ele>2004.5999755859375</ele>
        <time>2026-07-18T16:13:21.000Z</time>
        <extensions>
          <ns3:TrackPointExtension>
            <ns3:atemp>31.0</ns3:atemp>
          </ns3:TrackPointExtension>
        </extensions>
      </trkpt>
      <trkpt lat="39.998758770525455474853515625" lon="-105.311704315245151519775390625">
        <ele>2004.800048828125</ele>
        <time>2026-07-18T16:13:23.000Z</time>
        <extensions>
          <ns3:TrackPointExtension>
            <ns3:atemp>31.0</ns3:atemp>
          </ns3:TrackPointExtension>
        </extensions>
      </trkpt>
      <trkpt lat="39.99879841692745685577392578125" lon="-105.3117353282868862152099609375">
        <ele>2005.199951171875</ele>
        <time>2026-07-18T16:13:25.000Z</time>
        <extensions>
          <ns3:TrackPointExtension>
            <ns3:atemp>31.0</ns3:atemp>
          </ns3:TrackPointExtension>
        </extensions>
      </trkpt>
      <trkpt lat="39.99886899255216121673583984375" lon="-105.311778746545314788818359375">
        <ele>2005.5999755859375</ele>
        <time>2026-07-18T16:13:28.000Z</time>
        <extensions>
          <ns3:TrackPointExtension>
            <ns3:atemp>31.0</ns3:atemp>
          </ns3:TrackPointExtension>
        </extensions>
      </trkpt>
      <trkpt lat="39.9990338645875453948974609375" lon="-105.31194177456200122833251953125">
        <ele>2006.199951171875</ele>
        <time>2026-07-18T16:13:35.000Z</time>
        <extensions>
          <ns3:TrackPointExtension>
            <ns3:atemp>31.0</ns3:atemp>
          </ns3:TrackPointExtension>
        </extensions>
      </trkpt>
      <trkpt lat="39.999041743576526641845703125" lon="-105.31197530217468738555908203125">
        <ele>2006.4000244140625</ele>
        <time>2026-07-18T16:13:36.000Z</time>
        <extensions>
          <ns3:TrackPointExtension>
            <ns3:atemp>31.0</ns3:atemp>
          </ns3:TrackPointExtension>
        </extensions>
      </trkpt>
      <trkpt lat="39.99903478659689426422119140625" lon="-105.31211326830089092254638671875">
        <ele>2007.199951171875</ele>
        <time>2026-07-18T16:13:40.000Z</time>
        <extensions>
          <ns3:TrackPointExtension>
            <ns3:atemp>31.0</ns3:atemp>
          </ns3:TrackPointExtension>
        </extensions>
      </trkpt>
      <trkpt lat="39.9990067072212696075439453125" lon="-105.31216624192893505096435546875">
        <ele>2007.5999755859375</ele>
        <time>2026-07-18T16:13:42.000Z</time>
        <extensions>
          <ns3:TrackPointExtension>
            <ns3:atemp>31.0</ns3:atemp>
          </ns3:TrackPointExtension>
        </extensions>
      </trkpt>
      <trkpt lat="39.9989433400332927703857421875" lon="-105.3122244961559772491455078125">
        <ele>2007.800048828125</ele>
        <time>2026-07-18T16:13:45.000Z</time>
        <extensions>
          <ns3:TrackPointExtension>
            <ns3:atemp>31.0</ns3:atemp>
          </ns3:TrackPointExtension>
        </extensions>
      </trkpt>
      <trkpt lat="39.99882205389440059661865234375" lon="-105.31226900406181812286376953125">
        <ele>2008.5999755859375</ele>
        <time>2026-07-18T16:13:50.000Z</time>
        <extensions>
          <ns3:TrackPointExtension>
            <ns3:atemp>31.0</ns3:atemp>
          </ns3:TrackPointExtension>
        </extensions>
      </trkpt>
      <trkpt lat="39.99879908747971057891845703125" lon="-105.31228174455463886260986328125">
        <ele>2009</ele>
        <time>2026-07-18T16:13:51.000Z</time>
        <extensions>
          <ns3:TrackPointExtension>
            <ns3:atemp>31.0</ns3:atemp>
          </ns3:TrackPointExtension>
        </extensions>
      </trkpt>
      <trkpt lat="39.99869045801460742950439453125" lon="-105.31232365407049655914306640625">
        <ele>2009.800048828125</ele>
        <time>2026-07-18T16:13:56.000Z</time>
        <extensions>
          <ns3:TrackPointExtension>
            <ns3:atemp>31.0</ns3:atemp>
          </ns3:TrackPointExtension>
        </extensions>
      </trkpt>
      <trkpt lat="39.99861787073314189910888671875" lon="-105.3123337961733341217041015625">
        <ele>2010</ele>
        <time>2026-07-18T16:13:59.000Z</time>
        <extensions>
          <ns3:TrackPointExtension>
            <ns3:atemp>31.0</ns3:atemp>
          </ns3:TrackPointExtension>
        </extensions>
      </trkpt>
      <trkpt lat="39.9984793178737163543701171875" lon="-105.3123019449412822723388671875">
        <ele>2010.800048828125</ele>
        <time>2026-07-18T16:14:05.000Z</time>
        <extensions>
          <ns3:TrackPointExtension>
            <ns3:atemp>31.0</ns3:atemp>
          </ns3:TrackPointExtension>
        </extensions>
      </trkpt>
      <trkpt lat="39.99833204783499240875244140625" lon="-105.31226347200572490692138671875">
        <ele>2011.5999755859375</ele>
        <time>2026-07-18T16:14:12.000Z</time>
        <extensions>
          <ns3:TrackPointExtension>
            <ns3:atemp>31.0</ns3:atemp>
          </ns3:TrackPointExtension>
        </extensions>
      </trkpt>
      <trkpt lat="39.9982915632426738739013671875" lon="-105.31226246617734432220458984375">
        <ele>2012</ele>
        <time>2026-07-18T16:14:14.000Z</time>
        <extensions>
          <ns3:TrackPointExtension>
            <ns3:atemp>31.0</ns3:atemp>
          </ns3:TrackPointExtension>
        </extensions>
      </trkpt>
      <trkpt lat="39.998208582401275634765625" lon="-105.31223430298268795013427734375">
        <ele>2012.5999755859375</ele>
        <time>2026-07-18T16:14:18.000Z</time>
        <extensions>
          <ns3:TrackPointExtension>
            <ns3:atemp>31.0</ns3:atemp>
          </ns3:TrackPointExtension>
        </extensions>
      </trkpt>
      <trkpt lat="39.99819139949977397918701171875" lon="-105.3122231550514698028564453125">
        <ele>2012.800048828125</ele>
        <time>2026-07-18T16:14:19.000Z</time>
        <extensions>
          <ns3:TrackPointExtension>
            <ns3:atemp>31.0</ns3:atemp>
          </ns3:TrackPointExtension>
        </extensions>
      </trkpt>
      <trkpt lat="39.998143874108791351318359375" lon="-105.31220781616866588592529296875">
        <ele>2013</ele>
        <time>2026-07-18T16:14:21.000Z</time>
        <extensions>
          <ns3:TrackPointExtension>
            <ns3:atemp>31.0</ns3:atemp>
          </ns3:TrackPointExtension>
        </extensions>
      </trkpt>
      <trkpt lat="39.998015463352203369140625" lon="-105.3121949918568134307861328125">
        <ele>2014</ele>
        <time>2026-07-18T16:14:28.000Z</time>
        <extensions>
          <ns3:TrackPointExtension>
            <ns3:atemp>31.0</ns3:atemp>
          </ns3:TrackPointExtension>
        </extensions>
      </trkpt>
      <trkpt lat="39.998000375926494598388671875" lon="-105.3121949918568134307861328125">
        <ele>2014.199951171875</ele>
        <time>2026-07-18T16:14:29.000Z</time>
        <extensions>
          <ns3:TrackPointExtension>
            <ns3:atemp>31.0</ns3:atemp>
          </ns3:TrackPointExtension>
        </extensions>
      </trkpt>
      <trkpt lat="39.99793231487274169921875" lon="-105.31225475482642650604248046875">
        <ele>2014.5999755859375</ele>
        <time>2026-07-18T16:14:33.000Z</time>
        <extensions>
          <ns3:TrackPointExtension>
            <ns3:atemp>31.0</ns3:atemp>
          </ns3:TrackPointExtension>
        </extensions>
      </trkpt>
      <trkpt lat="39.9979041516780853271484375" lon="-105.31232289969921112060546875">
        <ele>2015</ele>
        <time>2026-07-18T16:14:36.000Z</time>
        <extensions>
          <ns3:TrackPointExtension>
            <ns3:atemp>31.0</ns3:atemp>
          </ns3:TrackPointExtension>
        </extensions>
      </trkpt>
      <trkpt lat="39.9978979490697383880615234375" lon="-105.31244066543877124786376953125">
        <ele>2015.5999755859375</ele>
        <time>2026-07-18T16:14:39.000Z</time>
        <extensions>
          <ns3:TrackPointExtension>
            <ns3:atemp>31.0</ns3:atemp>
          </ns3:TrackPointExtension>
        </extensions>
      </trkpt>
      <trkpt lat="39.99790725298225879669189453125" lon="-105.31257343478500843048095703125">
        <ele>2016.4000244140625</ele>
        <time>2026-07-18T16:14:43.000Z</time>
        <extensions>
          <ns3:TrackPointExtension>
            <ns3:atemp>31.0</ns3:atemp>
          </ns3:TrackPointExtension>
        </extensions>
      </trkpt>
      <trkpt lat="39.9979106895625591278076171875" lon="-105.31263797543942928314208984375">
        <ele>2017</ele>
        <time>2026-07-18T16:14:45.000Z</time>
        <extensions>
          <ns3:TrackPointExtension>
            <ns3:atemp>31.0</ns3:atemp>
          </ns3:TrackPointExtension>
        </extensions>
      </trkpt>
      <trkpt lat="39.9979180656373500823974609375" lon="-105.31266312114894390106201171875">
        <ele>2017</ele>
        <time>2026-07-18T16:14:46.000Z</time>
        <extensions>
          <ns3:TrackPointExtension>
            <ns3:atemp>31.0</ns3:atemp>
          </ns3:TrackPointExtension>
        </extensions>
      </trkpt>
      <trkpt lat="39.9979415349662303924560546875" lon="-105.312715508043766021728515625">
        <ele>2017.4000244140625</ele>
        <time>2026-07-18T16:14:48.000Z</time>
        <extensions>
          <ns3:TrackPointExtension>
            <ns3:atemp>31.0</ns3:atemp>
          </ns3:TrackPointExtension>
        </extensions>
      </trkpt>
      <trkpt lat="39.99796039424836635589599609375" lon="-105.31275515444576740264892578125">
        <ele>2017.5999755859375</ele>
        <time>2026-07-18T16:14:49.000Z</time>
        <extensions>
          <ns3:TrackPointExtension>
            <ns3:atemp>31.0</ns3:atemp>
          </ns3:TrackPointExtension>
        </extensions>
      </trkpt>
      <trkpt lat="39.99799241311848163604736328125" lon="-105.31281583942472934722900390625">
        <ele>2017.800048828125</ele>
        <time>2026-07-18T16:14:51.000Z</time>
        <extensions>
          <ns3:TrackPointExtension>
            <ns3:atemp>31.0</ns3:atemp>
          </ns3:TrackPointExtension>
        </extensions>
      </trkpt>
      <trkpt lat="39.9980543553829193115234375" lon="-105.3129483573138713836669921875">
        <ele>2018.800048828125</ele>
        <time>2026-07-18T16:14:56.000Z</time>
        <extensions>
          <ns3:TrackPointExtension>
            <ns3:atemp>31.0</ns3:atemp>
          </ns3:TrackPointExtension>
        </extensions>
      </trkpt>
      <trkpt lat="39.9980662576854228973388671875" lon="-105.3129673004150390625">
        <ele>2019.199951171875</ele>
        <time>2026-07-18T16:14:57.000Z</time>
        <extensions>
          <ns3:TrackPointExtension>
            <ns3:atemp>31.0</ns3:atemp>
          </ns3:TrackPointExtension>
        </extensions>
      </trkpt>
      <trkpt lat="39.998125769197940826416015625" lon="-105.31306092627346515655517578125">
        <ele>2020</ele>
        <time>2026-07-18T16:15:01.000Z</time>
        <extensions>
          <ns3:TrackPointExtension>
            <ns3:atemp>31.0</ns3:atemp>
          </ns3:TrackPointExtension>
        </extensions>
      </trkpt>
      <trkpt lat="39.9982027150690555572509765625" lon="-105.3132494352757930755615234375">
        <ele>2021</ele>
        <time>2026-07-18T16:15:08.000Z</time>
        <extensions>
          <ns3:TrackPointExtension>
            <ns3:atemp>31.0</ns3:atemp>
          </ns3:TrackPointExtension>
        </extensions>
      </trkpt>
      <trkpt lat="39.99824814498424530029296875" lon="-105.3134031593799591064453125">
        <ele>2022.199951171875</ele>
        <time>2026-07-18T16:15:13.000Z</time>
        <extensions>
          <ns3:TrackPointExtension>
            <ns3:atemp>31.0</ns3:atemp>
          </ns3:TrackPointExtension>
        </extensions>
      </trkpt>
      <trkpt lat="39.99825543724000453948974609375" lon="-105.3134321607649326324462890625">
        <ele>2022.5999755859375</ele>
        <time>2026-07-18T16:15:14.000Z</time>
        <extensions>
          <ns3:TrackPointExtension>
            <ns3:atemp>31.0</ns3:atemp>
          </ns3:TrackPointExtension>
        </extensions>
      </trkpt>
      <trkpt lat="39.99826834537088871002197265625" lon="-105.3134854696691036224365234375">
        <ele>2022.800048828125</ele>
        <time>2026-07-18T16:15:16.000Z</time>
        <extensions>
          <ns3:TrackPointExtension>
            <ns3:atemp>31.0</ns3:atemp>
          </ns3:TrackPointExtension>
        </extensions>
      </trkpt>
      <trkpt lat="39.99829634092748165130615234375" lon="-105.313597619533538818359375">
        <ele>2023.199951171875</ele>
        <time>2026-07-18T16:15:19.000Z</time>
        <extensions>
          <ns3:TrackPointExtension>
            <ns3:atemp>31.0</ns3:atemp>
          </ns3:TrackPointExtension>
        </extensions>
      </trkpt>
      <trkpt lat="39.99842726625502109527587890625" lon="-105.3137630783021450042724609375">
        <ele>2024.199951171875</ele>
        <time>2026-07-18T16:15:26.000Z</time>
        <extensions>
          <ns3:TrackPointExtension>
            <ns3:atemp>30.0</ns3:atemp>
          </ns3:TrackPointExtension>
        </extensions>
      </trkpt>
      <trkpt lat="39.998601861298084259033203125" lon="-105.31388050876557826995849609375">
        <ele>2025</ele>
        <time>2026-07-18T16:15:33.000Z</time>
        <extensions>
          <ns3:TrackPointExtension>
            <ns3:atemp>31.0</ns3:atemp>
          </ns3:TrackPointExtension>
        </extensions>
      </trkpt>
      <trkpt lat="39.99863077886402606964111328125" lon="-105.313889980316162109375">
        <ele>2025.199951171875</ele>
        <time>2026-07-18T16:15:35.000Z</time>
        <extensions>
          <ns3:TrackPointExtension>
            <ns3:atemp>30.0</ns3:atemp>
          </ns3:TrackPointExtension>
        </extensions>
      </trkpt>
      <trkpt lat="39.9987626262009143829345703125" lon="-105.3139618970453739166259765625">
        <ele>2026</ele>
        <time>2026-07-18T16:15:41.000Z</time>
        <extensions>
          <ns3:TrackPointExtension>
            <ns3:atemp>30.0</ns3:atemp>
          </ns3:TrackPointExtension>
        </extensions>
      </trkpt>
      <trkpt lat="39.99880176968872547149658203125" lon="-105.313996262848377227783203125">
        <ele>2026.199951171875</ele>
        <time>2026-07-18T16:15:43.000Z</time>
        <extensions>
          <ns3:TrackPointExtension>
            <ns3:atemp>31.0</ns3:atemp>
          </ns3:TrackPointExtension>
        </extensions>
      </trkpt>
      <trkpt lat="39.998925738036632537841796875" lon="-105.3140675090253353118896484375">
        <ele>2027.4000244140625</ele>
        <time>2026-07-18T16:15:48.000Z</time>
        <extensions>
          <ns3:TrackPointExtension>
            <ns3:atemp>30.0</ns3:atemp>
          </ns3:TrackPointExtension>
        </extensions>
      </trkpt>
      <trkpt lat="39.99895079992711544036865234375" lon="-105.31408703885972499847412109375">
        <ele>2027.5999755859375</ele>
        <time>2026-07-18T16:15:49.000Z</time>
        <extensions>
          <ns3:TrackPointExtension>
            <ns3:atemp>30.0</ns3:atemp>
          </ns3:TrackPointExtension>
        </extensions>
      </trkpt>
      <trkpt lat="39.999103434383869171142578125" lon="-105.3142348118126392364501953125">
        <ele>2028.800048828125</ele>
        <time>2026-07-18T16:15:55.000Z</time>
        <extensions>
          <ns3:TrackPointExtension>
            <ns3:atemp>31.0</ns3:atemp>
          </ns3:TrackPointExtension>
        </extensions>
      </trkpt>
      <trkpt lat="39.99926780350506305694580078125" lon="-105.31441577710211277008056640625">
        <ele>2029.5999755859375</ele>
        <time>2026-07-18T16:16:02.000Z</time>
        <extensions>
          <ns3:TrackPointExtension>
            <ns3:atemp>30.0</ns3:atemp>
          </ns3:TrackPointExtension>
        </extensions>
      </trkpt>
      <trkpt lat="39.9993149936199188232421875" lon="-105.314487107098102569580078125">
        <ele>2029.800048828125</ele>
        <time>2026-07-18T16:16:04.000Z</time>
        <extensions>
          <ns3:TrackPointExtension>
            <ns3:atemp>30.0</ns3:atemp>
          </ns3:TrackPointExtension>
        </extensions>
      </trkpt>
      <trkpt lat="39.99937961809337139129638671875" lon="-105.314703695476055145263671875">
        <ele>2030.5999755859375</ele>
        <time>2026-07-18T16:16:09.000Z</time>
        <extensions>
          <ns3:TrackPointExtension>
            <ns3:atemp>30.0</ns3:atemp>
          </ns3:TrackPointExtension>
        </extensions>
      </trkpt>
      <trkpt lat="39.9993755109608173370361328125" lon="-105.31474568881094455718994140625">
        <ele>2030.800048828125</ele>
        <time>2026-07-18T16:16:10.000Z</time>
        <extensions>
          <ns3:TrackPointExtension>
            <ns3:atemp>30.0</ns3:atemp>
          </ns3:TrackPointExtension>
        </extensions>
      </trkpt>
      <trkpt lat="39.99936251901090145111083984375" lon="-105.314936377108097076416015625">
        <ele>2031.4000244140625</ele>
        <time>2026-07-18T16:16:15.000Z</time>
        <extensions>
          <ns3:TrackPointExtension>
            <ns3:atemp>30.0</ns3:atemp>
          </ns3:TrackPointExtension>
        </extensions>
      </trkpt>
      <trkpt lat="39.99933703802525997161865234375" lon="-105.31507618725299835205078125">
        <ele>2031.800048828125</ele>
        <time>2026-07-18T16:16:20.000Z</time>
        <extensions>
          <ns3:TrackPointExtension>
            <ns3:atemp>30.0</ns3:atemp>
          </ns3:TrackPointExtension>
        </extensions>
      </trkpt>
      <trkpt lat="39.99932765029370784759521484375" lon="-105.31510703265666961669921875">
        <ele>2032</ele>
        <time>2026-07-18T16:16:21.000Z</time>
        <extensions>
          <ns3:TrackPointExtension>
            <ns3:atemp>30.0</ns3:atemp>
          </ns3:TrackPointExtension>
        </extensions>
      </trkpt>
      <trkpt lat="39.99925355426967144012451171875" lon="-105.3151970542967319488525390625">
        <ele>2032.5999755859375</ele>
        <time>2026-07-18T16:16:25.000Z</time>
        <extensions>
          <ns3:TrackPointExtension>
            <ns3:atemp>30.0</ns3:atemp>
          </ns3:TrackPointExtension>
        </extensions>
      </trkpt>
      <trkpt lat="39.99922673217952251434326171875" lon="-105.31520493328571319580078125">
        <ele>2032.5999755859375</ele>
        <time>2026-07-18T16:16:26.000Z</time>
        <extensions>
          <ns3:TrackPointExtension>
            <ns3:atemp>30.0</ns3:atemp>
          </ns3:TrackPointExtension>
        </extensions>
      </trkpt>
      <trkpt lat="39.99915498308837413787841796875" lon="-105.315188504755496978759765625">
        <ele>2033</ele>
        <time>2026-07-18T16:16:29.000Z</time>
        <extensions>
          <ns3:TrackPointExtension>
            <ns3:atemp>30.0</ns3:atemp>
          </ns3:TrackPointExtension>
        </extensions>
      </trkpt>
      <trkpt lat="39.99913729727268218994140625" lon="-105.31517266295850276947021484375">
        <ele>2033</ele>
        <time>2026-07-18T16:16:30.000Z</time>
        <extensions>
          <ns3:TrackPointExtension>
            <ns3:atemp>30.0</ns3:atemp>
          </ns3:TrackPointExtension>
        </extensions>
      </trkpt>
      <trkpt lat="39.99909781850874423980712890625" lon="-105.31507928855717182159423828125">
        <ele>2033.5999755859375</ele>
        <time>2026-07-18T16:16:33.000Z</time>
        <extensions>
          <ns3:TrackPointExtension>
            <ns3:atemp>30.0</ns3:atemp>
          </ns3:TrackPointExtension>
        </extensions>
      </trkpt>
      <trkpt lat="39.99909128062427043914794921875" lon="-105.31500904820859432220458984375">
        <ele>2034.199951171875</ele>
        <time>2026-07-18T16:16:35.000Z</time>
        <extensions>
          <ns3:TrackPointExtension>
            <ns3:atemp>30.0</ns3:atemp>
          </ns3:TrackPointExtension>
        </extensions>
      </trkpt>
      <trkpt lat="39.99914274550974369049072265625" lon="-105.314804948866367340087890625">
        <ele>2035.5999755859375</ele>
        <time>2026-07-18T16:16:42.000Z</time>
        <extensions>
          <ns3:TrackPointExtension>
            <ns3:atemp>30.0</ns3:atemp>
          </ns3:TrackPointExtension>
        </extensions>
      </trkpt>
      <trkpt lat="39.99913394451141357421875" lon="-105.31463454477488994598388671875">
        <ele>2036.5999755859375</ele>
        <time>2026-07-18T16:16:48.000Z</time>
        <extensions>
          <ns3:TrackPointExtension>
            <ns3:atemp>30.0</ns3:atemp>
          </ns3:TrackPointExtension>
        </extensions>
      </trkpt>
      <trkpt lat="39.999113492667675018310546875" lon="-105.31458626501262187957763671875">
        <ele>2037.199951171875</ele>
        <time>2026-07-18T16:16:50.000Z</time>
        <extensions>
          <ns3:TrackPointExtension>
            <ns3:atemp>30.0</ns3:atemp>
          </ns3:TrackPointExtension>
        </extensions>
      </trkpt>
      <trkpt lat="39.99905255623161792755126953125" lon="-105.314541421830654144287109375">
        <ele>2038</ele>
        <time>2026-07-18T16:16:53.000Z</time>
        <extensions>
          <ns3:TrackPointExtension>
            <ns3:atemp>30.0</ns3:atemp>
          </ns3:TrackPointExtension>
        </extensions>
      </trkpt>
      <trkpt lat="39.99889765866100788116455078125" lon="-105.31448165886104106903076171875">
        <ele>2038.800048828125</ele>
        <time>2026-07-18T16:17:00.000Z</time>
        <extensions>
          <ns3:TrackPointExtension>
            <ns3:atemp>30.0</ns3:atemp>
          </ns3:TrackPointExtension>
        </extensions>
      </trkpt>
      <trkpt lat="39.99882691539824008941650390625" lon="-105.3144795633852481842041015625">
        <ele>2039</ele>
        <time>2026-07-18T16:17:03.000Z</time>
        <extensions>
          <ns3:TrackPointExtension>
            <ns3:atemp>30.0</ns3:atemp>
          </ns3:TrackPointExtension>
        </extensions>
      </trkpt>
      <trkpt lat="39.9987331219017505645751953125" lon="-105.31443840824067592620849609375">
        <ele>2039.5999755859375</ele>
        <time>2026-07-18T16:17:07.000Z</time>
        <extensions>
          <ns3:TrackPointExtension>
            <ns3:atemp>30.0</ns3:atemp>
          </ns3:TrackPointExtension>
        </extensions>
      </trkpt>
      <trkpt lat="39.99868827871978282928466796875" lon="-105.314423404633998870849609375">
        <ele>2040.4000244140625</ele>
        <time>2026-07-18T16:17:09.000Z</time>
        <extensions>
          <ns3:TrackPointExtension>
            <ns3:atemp>30.0</ns3:atemp>
          </ns3:TrackPointExtension>
        </extensions>
      </trkpt>
      <trkpt lat="39.9986506439745426177978515625" lon="-105.31442130915820598602294921875">
        <ele>2040.800048828125</ele>
        <time>2026-07-18T16:17:11.000Z</time>
        <extensions>
          <ns3:TrackPointExtension>
            <ns3:atemp>30.0</ns3:atemp>
          </ns3:TrackPointExtension>
        </extensions>
      </trkpt>
      <trkpt lat="39.9986368976533412933349609375" lon="-105.31441443599760532379150390625">
        <ele>2041</ele>
        <time>2026-07-18T16:17:12.000Z</time>
        <extensions>
          <ns3:TrackPointExtension>
            <ns3:atemp>30.0</ns3:atemp>
          </ns3:TrackPointExtension>
        </extensions>
      </trkpt>
      <trkpt lat="39.99860010109841823577880859375" lon="-105.31439834274351596832275390625">
        <ele>2041.4000244140625</ele>
        <time>2026-07-18T16:17:14.000Z</time>
        <extensions>
          <ns3:TrackPointExtension>
            <ns3:atemp>30.0</ns3:atemp>
          </ns3:TrackPointExtension>
        </extensions>
      </trkpt>
      <trkpt lat="39.99849624931812286376953125" lon="-105.3143504820764064788818359375">
        <ele>2042.199951171875</ele>
        <time>2026-07-18T16:17:19.000Z</time>
        <extensions>
          <ns3:TrackPointExtension>
            <ns3:atemp>30.0</ns3:atemp>
          </ns3:TrackPointExtension>
        </extensions>
      </trkpt>
      <trkpt lat="39.9984763003885746002197265625" lon="-105.31434151344001293182373046875">
        <ele>2042.4000244140625</ele>
        <time>2026-07-18T16:17:20.000Z</time>
        <extensions>
          <ns3:TrackPointExtension>
            <ns3:atemp>30.0</ns3:atemp>
          </ns3:TrackPointExtension>
        </extensions>
      </trkpt>
      <trkpt lat="39.998385272920131683349609375" lon="-105.31430966220796108245849609375">
        <ele>2043.4000244140625</ele>
        <time>2026-07-18T16:17:25.000Z</time>
        <extensions>
          <ns3:TrackPointExtension>
            <ns3:atemp>30.0</ns3:atemp>
          </ns3:TrackPointExtension>
        </extensions>
      </trkpt>
      <trkpt lat="39.99836306087672710418701171875" lon="-105.3142978437244892120361328125">
        <ele>2043.800048828125</ele>
        <time>2026-07-18T16:17:26.000Z</time>
        <extensions>
          <ns3:TrackPointExtension>
            <ns3:atemp>30.0</ns3:atemp>
          </ns3:TrackPointExtension>
        </extensions>
      </trkpt>
      <trkpt lat="39.99822132289409637451171875" lon="-105.3142408467829227447509765625">
        <ele>2044.199951171875</ele>
        <time>2026-07-18T16:17:32.000Z</time>
        <extensions>
          <ns3:TrackPointExtension>
            <ns3:atemp>30.0</ns3:atemp>
          </ns3:TrackPointExtension>
        </extensions>
      </trkpt>
      <trkpt lat="39.99806575477123260498046875" lon="-105.314147137105464935302734375">
        <ele>2044.800048828125</ele>
        <time>2026-07-18T16:17:38.000Z</time>
        <extensions>
          <ns3:TrackPointExtension>
            <ns3:atemp>30.0</ns3:atemp>
          </ns3:TrackPointExtension>
        </extensions>
      </trkpt>
      <trkpt lat="39.99803960323333740234375" lon="-105.3141219913959503173828125">
        <ele>2045</ele>
        <time>2026-07-18T16:17:39.000Z</time>
        <extensions>
          <ns3:TrackPointExtension>
            <ns3:atemp>30.0</ns3:atemp>
          </ns3:TrackPointExtension>
        </extensions>
      </trkpt>
      <trkpt lat="39.997891746461391448974609375" lon="-105.31392593868076801300048828125">
        <ele>2045.4000244140625</ele>
        <time>2026-07-18T16:17:45.000Z</time>
        <extensions>
          <ns3:TrackPointExtension>
            <ns3:atemp>30.0</ns3:atemp>
          </ns3:TrackPointExtension>
        </extensions>
      </trkpt>
      <trkpt lat="39.99784455634653568267822265625" lon="-105.3138023056089878082275390625">
        <ele>2045.4000244140625</ele>
        <time>2026-07-18T16:17:48.000Z</time>
        <extensions>
          <ns3:TrackPointExtension>
            <ns3:atemp>30.0</ns3:atemp>
          </ns3:TrackPointExtension>
        </extensions>
      </trkpt>
      <trkpt lat="39.99777046032249927520751953125" lon="-105.31363156624138355255126953125">
        <ele>2045.4000244140625</ele>
        <time>2026-07-18T16:17:52.000Z</time>
        <extensions>
          <ns3:TrackPointExtension>
            <ns3:atemp>30.0</ns3:atemp>
          </ns3:TrackPointExtension>
        </extensions>
      </trkpt>
      <trkpt lat="39.99758454971015453338623046875" lon="-105.31336896121501922607421875">
        <ele>2045.5999755859375</ele>
        <time>2026-07-18T16:17:59.000Z</time>
        <extensions>
          <ns3:TrackPointExtension>
            <ns3:atemp>31.0</ns3:atemp>
          </ns3:TrackPointExtension>
        </extensions>
      </trkpt>
      <trkpt lat="39.99755479395389556884765625" lon="-105.3133470006287097930908203125">
        <ele>2045.800048828125</ele>
        <time>2026-07-18T16:18:00.000Z</time>
        <extensions>
          <ns3:TrackPointExtension>
            <ns3:atemp>31.0</ns3:atemp>
          </ns3:TrackPointExtension>
        </extensions>
      </trkpt>
      <trkpt lat="39.997522942721843719482421875" lon="-105.31332068145275115966796875">
        <ele>2046</ele>
        <time>2026-07-18T16:18:01.000Z</time>
        <extensions>
          <ns3:TrackPointExtension>
            <ns3:atemp>31.0</ns3:atemp>
          </ns3:TrackPointExtension>
        </extensions>
      </trkpt>
      <trkpt lat="39.997431747615337371826171875" lon="-105.31322521157562732696533203125">
        <ele>2046.199951171875</ele>
        <time>2026-07-18T16:18:04.000Z</time>
        <extensions>
          <ns3:TrackPointExtension>
            <ns3:atemp>31.0</ns3:atemp>
          </ns3:TrackPointExtension>
        </extensions>
      </trkpt>
      <trkpt lat="39.9973859824240207672119140625" lon="-105.3131374530494213104248046875">
        <ele>2046.4000244140625</ele>
        <time>2026-07-18T16:18:06.000Z</time>
        <extensions>
          <ns3:TrackPointExtension>
            <ns3:atemp>31.0</ns3:atemp>
          </ns3:TrackPointExtension>
        </extensions>
      </trkpt>
      <trkpt lat="39.997317753732204437255859375" lon="-105.31293972395360469818115234375">
        <ele>2046.4000244140625</ele>
        <time>2026-07-18T16:18:10.000Z</time>
        <extensions>
          <ns3:TrackPointExtension>
            <ns3:atemp>31.0</ns3:atemp>
          </ns3:TrackPointExtension>
        </extensions>
      </trkpt>
      <trkpt lat="39.99721406958997249603271484375" lon="-105.31265926547348499298095703125">
        <ele>2046.5999755859375</ele>
        <time>2026-07-18T16:18:16.000Z</time>
        <extensions>
          <ns3:TrackPointExtension>
            <ns3:atemp>31.0</ns3:atemp>
          </ns3:TrackPointExtension>
        </extensions>
      </trkpt>
      <trkpt lat="39.99718372710049152374267578125" lon="-105.3125728480517864227294921875">
        <ele>2046.5999755859375</ele>
        <time>2026-07-18T16:18:18.000Z</time>
        <extensions>
          <ns3:TrackPointExtension>
            <ns3:atemp>31.0</ns3:atemp>
          </ns3:TrackPointExtension>
        </extensions>
      </trkpt>
      <trkpt lat="39.9971469305455684661865234375" lon="-105.31244804151356220245361328125">
        <ele>2046.800048828125</ele>
        <time>2026-07-18T16:18:21.000Z</time>
        <extensions>
          <ns3:TrackPointExtension>
            <ns3:atemp>31.0</ns3:atemp>
          </ns3:TrackPointExtension>
        </extensions>
      </trkpt>
      <trkpt lat="39.997124969959259033203125" lon="-105.3121654875576496124267578125">
        <ele>2048</ele>
        <time>2026-07-18T16:18:27.000Z</time>
        <extensions>
          <ns3:TrackPointExtension>
            <ns3:atemp>31.0</ns3:atemp>
          </ns3:TrackPointExtension>
        </extensions>
      </trkpt>
      <trkpt lat="39.9971120618283748626708984375" lon="-105.31176139600574970245361328125">
        <ele>2048.800048828125</ele>
        <time>2026-07-18T16:18:35.000Z</time>
        <extensions>
          <ns3:TrackPointExtension>
            <ns3:atemp>31.0</ns3:atemp>
          </ns3:TrackPointExtension>
        </extensions>
      </trkpt>
      <trkpt lat="39.9971020035445690155029296875" lon="-105.31171261332929134368896484375">
        <ele>2049</ele>
        <time>2026-07-18T16:18:36.000Z</time>
        <extensions>
          <ns3:TrackPointExtension>
            <ns3:atemp>31.0</ns3:atemp>
          </ns3:TrackPointExtension>
        </extensions>
      </trkpt>
      <trkpt lat="39.997102506458759307861328125" lon="-105.31166701577603816986083984375">
        <ele>2049</ele>
        <time>2026-07-18T16:18:37.000Z</time>
        <extensions>
          <ns3:TrackPointExtension>
            <ns3:atemp>31.0</ns3:atemp>
          </ns3:TrackPointExtension>
        </extensions>
      </trkpt>
      <trkpt lat="39.99710946343839168548583984375" lon="-105.3115743957459926605224609375">
        <ele>2049.199951171875</ele>
        <time>2026-07-18T16:18:39.000Z</time>
        <extensions>
          <ns3:TrackPointExtension>
            <ns3:atemp>31.0</ns3:atemp>
          </ns3:TrackPointExtension>
        </extensions>
      </trkpt>
      <trkpt lat="39.9971700645983219146728515625" lon="-105.311373732984066009521484375">
        <ele>2050</ele>
        <time>2026-07-18T16:18:43.000Z</time>
        <extensions>
          <ns3:TrackPointExtension>
            <ns3:atemp>31.0</ns3:atemp>
          </ns3:TrackPointExtension>
        </extensions>
      </trkpt>
      <trkpt lat="39.997272491455078125" lon="-105.31119997613131999969482421875">
        <ele>2051.199951171875</ele>
        <time>2026-07-18T16:18:47.000Z</time>
        <extensions>
          <ns3:TrackPointExtension>
            <ns3:atemp>31.0</ns3:atemp>
          </ns3:TrackPointExtension>
        </extensions>
      </trkpt>
      <trkpt lat="39.99729705043137073516845703125" lon="-105.311159156262874603271484375">
        <ele>2051.199951171875</ele>
        <time>2026-07-18T16:18:48.000Z</time>
        <extensions>
          <ns3:TrackPointExtension>
            <ns3:atemp>31.0</ns3:atemp>
          </ns3:TrackPointExtension>
        </extensions>
      </trkpt>
      <trkpt lat="39.99731984920799732208251953125" lon="-105.31111196614801883697509765625">
        <ele>2051.800048828125</ele>
        <time>2026-07-18T16:18:49.000Z</time>
        <extensions>
          <ns3:TrackPointExtension>
            <ns3:atemp>31.0</ns3:atemp>
          </ns3:TrackPointExtension>
        </extensions>
      </trkpt>
      <trkpt lat="39.99733175151050090789794921875" lon="-105.311069302260875701904296875">
        <ele>2052</ele>
        <time>2026-07-18T16:18:50.000Z</time>
        <extensions>
          <ns3:TrackPointExtension>
            <ns3:atemp>31.0</ns3:atemp>
          </ns3:TrackPointExtension>
        </extensions>
      </trkpt>
      <trkpt lat="39.99734465964138507843017578125" lon="-105.31101658008992671966552734375">
        <ele>2052.199951171875</ele>
        <time>2026-07-18T16:18:51.000Z</time>
        <extensions>
          <ns3:TrackPointExtension>
            <ns3:atemp>31.0</ns3:atemp>
          </ns3:TrackPointExtension>
        </extensions>
      </trkpt>
      <trkpt lat="39.997361339628696441650390625" lon="-105.31097617931663990020751953125">
        <ele>2052.199951171875</ele>
        <time>2026-07-18T16:18:52.000Z</time>
        <extensions>
          <ns3:TrackPointExtension>
            <ns3:atemp>31.0</ns3:atemp>
          </ns3:TrackPointExtension>
        </extensions>
      </trkpt>
      <trkpt lat="39.9973698891699314117431640625" lon="-105.310883224010467529296875">
        <ele>2052.39990234375</ele>
        <time>2026-07-18T16:18:54.000Z</time>
        <extensions>
          <ns3:TrackPointExtension>
            <ns3:atemp>31.0</ns3:atemp>
          </ns3:TrackPointExtension>
        </extensions>
      </trkpt>
      <trkpt lat="39.99738723970949649810791015625" lon="-105.3107667155563831329345703125">
        <ele>2052.60009765625</ele>
        <time>2026-07-18T16:18:56.000Z</time>
        <extensions>
          <ns3:TrackPointExtension>
            <ns3:atemp>31.0</ns3:atemp>
          </ns3:TrackPointExtension>
        </extensions>
      </trkpt>
      <trkpt lat="39.99741171486675739288330078125" lon="-105.3105997480452060699462890625">
        <ele>2053.39990234375</ele>
        <time>2026-07-18T16:18:59.000Z</time>
        <extensions>
          <ns3:TrackPointExtension>
            <ns3:atemp>31.0</ns3:atemp>
          </ns3:TrackPointExtension>
        </extensions>
      </trkpt>
      <trkpt lat="39.99742076732218265533447265625" lon="-105.310506708920001983642578125">
        <ele>2053.60009765625</ele>
        <time>2026-07-18T16:19:01.000Z</time>
        <extensions>
          <ns3:TrackPointExtension>
            <ns3:atemp>31.0</ns3:atemp>
          </ns3:TrackPointExtension>
        </extensions>
      </trkpt>
      <trkpt lat="39.9974299035966396331787109375" lon="-105.31025231815874576568603515625">
        <ele>2054.39990234375</ele>
        <time>2026-07-18T16:19:07.000Z</time>
        <extensions>
          <ns3:TrackPointExtension>
            <ns3:atemp>31.0</ns3:atemp>
          </ns3:TrackPointExtension>
        </extensions>
      </trkpt>
      <trkpt lat="39.99742604792118072509765625" lon="-105.31021057628095149993896484375">
        <ele>2054.60009765625</ele>
        <time>2026-07-18T16:19:08.000Z</time>
        <extensions>
          <ns3:TrackPointExtension>
            <ns3:atemp>31.0</ns3:atemp>
          </ns3:TrackPointExtension>
        </extensions>
      </trkpt>
      <trkpt lat="39.99741305597126483917236328125" lon="-105.31004310585558414459228515625">
        <ele>2055.800048828125</ele>
        <time>2026-07-18T16:19:12.000Z</time>
        <extensions>
          <ns3:TrackPointExtension>
            <ns3:atemp>31.0</ns3:atemp>
          </ns3:TrackPointExtension>
        </extensions>
      </trkpt>
      <trkpt lat="39.997374080121517181396484375" lon="-105.30984613113105297088623046875">
        <ele>2056.39990234375</ele>
        <time>2026-07-18T16:19:17.000Z</time>
        <extensions>
          <ns3:TrackPointExtension>
            <ns3:atemp>31.0</ns3:atemp>
          </ns3:TrackPointExtension>
        </extensions>
      </trkpt>
      <trkpt lat="39.9973625130951404571533203125" lon="-105.3098105080425739288330078125">
        <ele>2056.60009765625</ele>
        <time>2026-07-18T16:19:18.000Z</time>
        <extensions>
          <ns3:TrackPointExtension>
            <ns3:atemp>31.0</ns3:atemp>
          </ns3:TrackPointExtension>
        </extensions>
      </trkpt>
      <trkpt lat="39.99728498049080371856689453125" lon="-105.309551171958446502685546875">
        <ele>2057.60009765625</ele>
        <time>2026-07-18T16:19:25.000Z</time>
        <extensions>
          <ns3:TrackPointExtension>
            <ns3:atemp>31.0</ns3:atemp>
          </ns3:TrackPointExtension>
        </extensions>
      </trkpt>
      <trkpt lat="39.99724860303103923797607421875" lon="-105.30945017002522945404052734375">
        <ele>2058.800048828125</ele>
        <time>2026-07-18T16:19:28.000Z</time>
        <extensions>
          <ns3:TrackPointExtension>
            <ns3:atemp>31.0</ns3:atemp>
          </ns3:TrackPointExtension>
        </extensions>
      </trkpt>
      <trkpt lat="39.9971962161362171173095703125" lon="-105.30933919362723827362060546875">
        <ele>2059.199951171875</ele>
        <time>2026-07-18T16:19:32.000Z</time>
        <extensions>
          <ns3:TrackPointExtension>
            <ns3:atemp>31.0</ns3:atemp>
          </ns3:TrackPointExtension>
        </extensions>
      </trkpt>
      <trkpt lat="39.99719076789915561676025390625" lon="-105.3093163110315799713134765625">
        <ele>2059.39990234375</ele>
        <time>2026-07-18T16:19:33.000Z</time>
        <extensions>
          <ns3:TrackPointExtension>
            <ns3:atemp>31.0</ns3:atemp>
          </ns3:TrackPointExtension>
        </extensions>
      </trkpt>
      <trkpt lat="39.9971799552440643310546875" lon="-105.30928119085729122161865234375">
        <ele>2059.800048828125</ele>
        <time>2026-07-18T16:19:35.000Z</time>
        <extensions>
          <ns3:TrackPointExtension>
            <ns3:atemp>31.0</ns3:atemp>
          </ns3:TrackPointExtension>
        </extensions>
      </trkpt>
      <trkpt lat="39.99716863967478275299072265625" lon="-105.309268534183502197265625">
        <ele>2060</ele>
        <time>2026-07-18T16:19:36.000Z</time>
        <extensions>
          <ns3:TrackPointExtension>
            <ns3:atemp>31.0</ns3:atemp>
          </ns3:TrackPointExtension>
        </extensions>
      </trkpt>
      <trkpt lat="39.99715271405875682830810546875" lon="-105.30923509038984775543212890625">
        <ele>2060.199951171875</ele>
        <time>2026-07-18T16:19:38.000Z</time>
        <extensions>
          <ns3:TrackPointExtension>
            <ns3:atemp>31.0</ns3:atemp>
          </ns3:TrackPointExtension>
        </extensions>
      </trkpt>
      <trkpt lat="39.99716746620833873748779296875" lon="-105.3091553784906864166259765625">
        <ele>2060.199951171875</ele>
        <time>2026-07-18T16:19:41.000Z</time>
        <extensions>
          <ns3:TrackPointExtension>
            <ns3:atemp>31.0</ns3:atemp>
          </ns3:TrackPointExtension>
        </extensions>
      </trkpt>
      <trkpt lat="39.99726184643805027008056640625" lon="-105.3090494312345981597900390625">
        <ele>2060.199951171875</ele>
        <time>2026-07-18T16:19:45.000Z</time>
        <extensions>
          <ns3:TrackPointExtension>
            <ns3:atemp>31.0</ns3:atemp>
          </ns3:TrackPointExtension>
        </extensions>
      </trkpt>
      <trkpt lat="39.99742244370281696319580078125" lon="-105.3089676238596439361572265625">
        <ele>2060.199951171875</ele>
        <time>2026-07-18T16:19:51.000Z</time>
        <extensions>
          <ns3:TrackPointExtension>
            <ns3:atemp>31.0</ns3:atemp>
          </ns3:TrackPointExtension>
        </extensions>
      </trkpt>
      <trkpt lat="39.9974345974624156951904296875" lon="-105.30895865522325038909912109375">
        <ele>2060.39990234375</ele>
        <time>2026-07-18T16:19:55.000Z</time>
        <extensions>
          <ns3:TrackPointExtension>
            <ns3:atemp>31.0</ns3:atemp>
          </ns3:TrackPointExtension>
        </extensions>
      </trkpt>
      <trkpt lat="39.9974347651004791259765625" lon="-105.3089498542249202728271484375">
        <ele>2060.60009765625</ele>
        <time>2026-07-18T16:20:00.000Z</time>
        <extensions>
          <ns3:TrackPointExtension>
            <ns3:atemp>31.0</ns3:atemp>
          </ns3:TrackPointExtension>
        </extensions>
      </trkpt>
      <trkpt lat="39.99743870459496974945068359375" lon="-105.30894055031239986419677734375">
        <ele>2060.39990234375</ele>
        <time>2026-07-18T16:20:10.000Z</time>
        <extensions>
          <ns3:TrackPointExtension>
            <ns3:atemp>31.0</ns3:atemp>
          </ns3:TrackPointExtension>
        </extensions>
      </trkpt>
      <trkpt lat="39.99745781533420085906982421875" lon="-105.30892982147634029388427734375">
        <ele>2059.60009765625</ele>
        <time>2026-07-18T16:21:04.000Z</time>
        <extensions>
          <ns3:TrackPointExtension>
            <ns3:atemp>32.0</ns3:atemp>
          </ns3:TrackPointExtension>
        </extensions>
      </trkpt>
      <trkpt lat="39.9974590726196765899658203125" lon="-105.30894323252141475677490234375">
        <ele>2060</ele>
        <time>2026-07-18T16:21:45.000Z</time>
        <extensions>
          <ns3:TrackPointExtension>
            <ns3:atemp>32.0</ns3:atemp>
          </ns3:TrackPointExtension>
        </extensions>
      </trkpt>
      <trkpt lat="39.99741976149380207061767578125" lon="-105.30891716480255126953125">
        <ele>2060.199951171875</ele>
        <time>2026-07-18T16:22:13.000Z</time>
        <extensions>
          <ns3:TrackPointExtension>
            <ns3:atemp>33.0</ns3:atemp>
          </ns3:TrackPointExtension>
        </extensions>
      </trkpt>
      <trkpt lat="39.99744155444204807281494140625" lon="-105.30891573987901210784912109375">
        <ele>2060</ele>
        <time>2026-07-18T16:22:45.000Z</time>
        <extensions>
          <ns3:TrackPointExtension>
            <ns3:atemp>33.0</ns3:atemp>
          </ns3:TrackPointExtension>
        </extensions>
      </trkpt>
      <trkpt lat="39.99745345674455165863037109375" lon="-105.30893015675246715545654296875">
        <ele>2060.199951171875</ele>
        <time>2026-07-18T16:23:16.000Z</time>
        <extensions>
          <ns3:TrackPointExtension>
            <ns3:atemp>34.0</ns3:atemp>
          </ns3:TrackPointExtension>
        </extensions>
      </trkpt>
      <trkpt lat="39.99745613895356655120849609375" lon="-105.308930575847625732421875">
        <ele>2060.60009765625</ele>
        <time>2026-07-18T16:23:22.000Z</time>
        <extensions>
          <ns3:TrackPointExtension>
            <ns3:atemp>34.0</ns3:atemp>
          </ns3:TrackPointExtension>
        </extensions>
      </trkpt>
      <trkpt lat="39.99745823442935943603515625" lon="-105.30893065966665744781494140625">
        <ele>2060.60009765625</ele>
        <time>2026-07-18T16:23:58.000Z</time>
        <extensions>
          <ns3:TrackPointExtension>
            <ns3:atemp>34.0</ns3:atemp>
          </ns3:TrackPointExtension>
        </extensions>
      </trkpt>
      <trkpt lat="39.997442476451396942138671875" lon="-105.30892730690538883209228515625">
        <ele>2060.199951171875</ele>
        <time>2026-07-18T16:24:27.000Z</time>
        <extensions>
          <ns3:TrackPointExtension>
            <ns3:atemp>35.0</ns3:atemp>
          </ns3:TrackPointExtension>
        </extensions>
      </trkpt>
      <trkpt lat="39.997442476451396942138671875" lon="-105.30892730690538883209228515625">
        <ele>2060.199951171875</ele>
        <time>2026-07-18T16:24:30.000Z</time>
        <extensions>
          <ns3:TrackPointExtension>
            <ns3:atemp>35.0</ns3:atemp>
          </ns3:TrackPointExtension>
        </extensions>
      </trkpt>
      <trkpt lat="39.99740685336291790008544921875" lon="-105.30892881564795970916748046875">
        <ele>2060.199951171875</ele>
        <time>2026-07-18T16:25:08.000Z</time>
        <extensions>
          <ns3:TrackPointExtension>
            <ns3:atemp>35.0</ns3:atemp>
          </ns3:TrackPointExtension>
        </extensions>
      </trkpt>
      <trkpt lat="39.9974597431719303131103515625" lon="-105.308949016034603118896484375">
        <ele>2060.60009765625</ele>
        <time>2026-07-18T16:25:45.000Z</time>
        <extensions>
          <ns3:TrackPointExtension>
            <ns3:atemp>36.0</ns3:atemp>
          </ns3:TrackPointExtension>
        </extensions>
      </trkpt>
      <trkpt lat="39.997461251914501190185546875" lon="-105.30896536074578762054443359375">
        <ele>2061</ele>
        <time>2026-07-18T16:26:42.000Z</time>
        <extensions>
          <ns3:TrackPointExtension>
            <ns3:atemp>36.0</ns3:atemp>
          </ns3:TrackPointExtension>
        </extensions>
      </trkpt>
      <trkpt lat="39.9974594078958034515380859375" lon="-105.30893418006598949432373046875">
        <ele>2061.199951171875</ele>
        <time>2026-07-18T16:28:13.000Z</time>
        <extensions>
          <ns3:TrackPointExtension>
            <ns3:atemp>36.0</ns3:atemp>
          </ns3:TrackPointExtension>
        </extensions>
      </trkpt>
      <trkpt lat="39.99745429493486881256103515625" lon="-105.3089186735451221466064453125">
        <ele>2060.199951171875</ele>
        <time>2026-07-18T16:30:06.000Z</time>
        <extensions>
          <ns3:TrackPointExtension>
            <ns3:atemp>36.0</ns3:atemp>
          </ns3:TrackPointExtension>
        </extensions>
      </trkpt>
      <trkpt lat="39.9974533729255199432373046875" lon="-105.30891858972609043121337890625">
        <ele>2061.39990234375</ele>
        <time>2026-07-18T16:30:11.000Z</time>
        <extensions>
          <ns3:TrackPointExtension>
            <ns3:atemp>36.0</ns3:atemp>
          </ns3:TrackPointExtension>
        </extensions>
      </trkpt>
      <trkpt lat="39.99745798297226428985595703125" lon="-105.30893149785697460174560546875">
        <ele>2060.39990234375</ele>
        <time>2026-07-18T16:30:28.000Z</time>
        <extensions>
          <ns3:TrackPointExtension>
            <ns3:atemp>36.0</ns3:atemp>
          </ns3:TrackPointExtension>
        </extensions>
      </trkpt>
      <trkpt lat="39.99746368266642093658447265625" lon="-105.30893929302692413330078125">
        <ele>2060</ele>
        <time>2026-07-18T16:30:39.000Z</time>
        <extensions>
          <ns3:TrackPointExtension>
            <ns3:atemp>37.0</ns3:atemp>
          </ns3:TrackPointExtension>
        </extensions>
      </trkpt>
      <trkpt lat="39.99747508205473423004150390625" lon="-105.30894859693944454193115234375">
        <ele>2061.39990234375</ele>
        <time>2026-07-18T16:30:53.000Z</time>
        <extensions>
          <ns3:TrackPointExtension>
            <ns3:atemp>37.0</ns3:atemp>
          </ns3:TrackPointExtension>
        </extensions>
      </trkpt>
      <trkpt lat="39.99745999462902545928955078125" lon="-105.30895127914845943450927734375">
        <ele>2061.199951171875</ele>
        <time>2026-07-18T16:31:26.000Z</time>
        <extensions>
          <ns3:TrackPointExtension>
            <ns3:atemp>37.0</ns3:atemp>
          </ns3:TrackPointExtension>
        </extensions>
      </trkpt>
      <trkpt lat="39.99745831824839115142822265625" lon="-105.3089426457881927490234375">
        <ele>2060.60009765625</ele>
        <time>2026-07-18T16:32:14.000Z</time>
        <extensions>
          <ns3:TrackPointExtension>
            <ns3:atemp>38.0</ns3:atemp>
          </ns3:TrackPointExtension>
        </extensions>
      </trkpt>
      <trkpt lat="39.99744440428912639617919921875" lon="-105.308954715728759765625">
        <ele>2060.800048828125</ele>
        <time>2026-07-18T16:33:19.000Z</time>
        <extensions>
          <ns3:TrackPointExtension>
            <ns3:atemp>38.0</ns3:atemp>
          </ns3:TrackPointExtension>
        </extensions>
      </trkpt>
      <trkpt lat="39.99741087667644023895263671875" lon="-105.308968462049961090087890625">
        <ele>2060.800048828125</ele>
        <time>2026-07-18T16:33:21.000Z</time>
        <extensions>
          <ns3:TrackPointExtension>
            <ns3:atemp>38.0</ns3:atemp>
          </ns3:TrackPointExtension>
        </extensions>
      </trkpt>
      <trkpt lat="39.99736033380031585693359375" lon="-105.3089984692633152008056640625">
        <ele>2060.800048828125</ele>
        <time>2026-07-18T16:33:27.000Z</time>
        <extensions>
          <ns3:TrackPointExtension>
            <ns3:atemp>38.0</ns3:atemp>
          </ns3:TrackPointExtension>
        </extensions>
      </trkpt>
      <trkpt lat="39.99734424054622650146484375" lon="-105.30898765660822391510009765625">
        <ele>2060.60009765625</ele>
        <time>2026-07-18T16:33:34.000Z</time>
        <extensions>
          <ns3:TrackPointExtension>
            <ns3:atemp>38.0</ns3:atemp>
          </ns3:TrackPointExtension>
        </extensions>
      </trkpt>
      <trkpt lat="39.9972941167652606964111328125" lon="-105.30891573987901210784912109375">
        <ele>2060.800048828125</ele>
        <time>2026-07-18T16:33:53.000Z</time>
        <extensions>
          <ns3:TrackPointExtension>
            <ns3:atemp>37.0</ns3:atemp>
          </ns3:TrackPointExtension>
        </extensions>
      </trkpt>
      <trkpt lat="39.9972991459071636199951171875" lon="-105.308792106807231903076171875">
        <ele>2060.60009765625</ele>
        <time>2026-07-18T16:33:56.000Z</time>
        <extensions>
          <ns3:TrackPointExtension>
            <ns3:atemp>37.0</ns3:atemp>
          </ns3:TrackPointExtension>
        </extensions>
      </trkpt>
      <trkpt lat="39.99731398187577724456787109375" lon="-105.3087414801120758056640625">
        <ele>2060.60009765625</ele>
        <time>2026-07-18T16:33:57.000Z</time>
        <extensions>
          <ns3:TrackPointExtension>
            <ns3:atemp>37.0</ns3:atemp>
          </ns3:TrackPointExtension>
        </extensions>
      </trkpt>
      <trkpt lat="39.99733678065240383148193359375" lon="-105.30869252979755401611328125">
        <ele>2060.39990234375</ele>
        <time>2026-07-18T16:33:58.000Z</time>
        <extensions>
          <ns3:TrackPointExtension>
            <ns3:atemp>37.0</ns3:atemp>
          </ns3:TrackPointExtension>
        </extensions>
      </trkpt>
      <trkpt lat="39.99747491441667079925537109375" lon="-105.30855146236717700958251953125">
        <ele>2060.199951171875</ele>
        <time>2026-07-18T16:34:01.000Z</time>
        <extensions>
          <ns3:TrackPointExtension>
            <ns3:atemp>37.0</ns3:atemp>
          </ns3:TrackPointExtension>
        </extensions>
      </trkpt>
      <trkpt lat="39.99761774204671382904052734375" lon="-105.30832506716251373291015625">
        <ele>2059.60009765625</ele>
        <time>2026-07-18T16:34:04.000Z</time>
        <extensions>
          <ns3:TrackPointExtension>
            <ns3:atemp>37.0</ns3:atemp>
          </ns3:TrackPointExtension>
        </extensions>
      </trkpt>
      <trkpt lat="39.99765730462968349456787109375" lon="-105.30822892673313617706298828125">
        <ele>2059.39990234375</ele>
        <time>2026-07-18T16:34:05.000Z</time>
        <extensions>
          <ns3:TrackPointExtension>
            <ns3:atemp>37.0</ns3:atemp>
          </ns3:TrackPointExtension>
        </extensions>
      </trkpt>
      <trkpt lat="39.9976910836994647979736328125" lon="-105.30813270248472690582275390625">
        <ele>2059</ele>
        <time>2026-07-18T16:34:06.000Z</time>
        <extensions>
          <ns3:TrackPointExtension>
            <ns3:atemp>37.0</ns3:atemp>
          </ns3:TrackPointExtension>
        </extensions>
      </trkpt>
      <trkpt lat="39.997708685696125030517578125" lon="-105.3080352209508419036865234375">
        <ele>2058.800048828125</ele>
        <time>2026-07-18T16:34:07.000Z</time>
        <extensions>
          <ns3:TrackPointExtension>
            <ns3:atemp>37.0</ns3:atemp>
          </ns3:TrackPointExtension>
        </extensions>
      </trkpt>
      <trkpt lat="39.9977182410657405853271484375" lon="-105.307924412190914154052734375">
        <ele>2057.60009765625</ele>
        <time>2026-07-18T16:34:08.000Z</time>
        <extensions>
          <ns3:TrackPointExtension>
            <ns3:atemp>37.0</ns3:atemp>
          </ns3:TrackPointExtension>
        </extensions>
      </trkpt>
      <trkpt lat="39.99772838316857814788818359375" lon="-105.307777561247348785400390625">
        <ele>2057</ele>
        <time>2026-07-18T16:34:09.000Z</time>
        <extensions>
          <ns3:TrackPointExtension>
            <ns3:atemp>37.0</ns3:atemp>
          </ns3:TrackPointExtension>
        </extensions>
      </trkpt>
      <trkpt lat="39.99773852527141571044921875" lon="-105.3076768107712268829345703125">
        <ele>2056.39990234375</ele>
        <time>2026-07-18T16:34:10.000Z</time>
        <extensions>
          <ns3:TrackPointExtension>
            <ns3:atemp>37.0</ns3:atemp>
          </ns3:TrackPointExtension>
        </extensions>
      </trkpt>
      <trkpt lat="39.99776207841932773590087890625" lon="-105.30753071419894695281982421875">
        <ele>2054.800048828125</ele>
        <time>2026-07-18T16:34:11.000Z</time>
        <extensions>
          <ns3:TrackPointExtension>
            <ns3:atemp>37.0</ns3:atemp>
          </ns3:TrackPointExtension>
        </extensions>
      </trkpt>
      <trkpt lat="39.99782460741698741912841796875" lon="-105.3072969429194927215576171875">
        <ele>2053</ele>
        <time>2026-07-18T16:34:13.000Z</time>
        <extensions>
          <ns3:TrackPointExtension>
            <ns3:atemp>37.0</ns3:atemp>
          </ns3:TrackPointExtension>
        </extensions>
      </trkpt>
      <trkpt lat="39.9979103542864322662353515625" lon="-105.30709351412951946258544921875">
        <ele>2051.39990234375</ele>
        <time>2026-07-18T16:34:15.000Z</time>
        <extensions>
          <ns3:TrackPointExtension>
            <ns3:atemp>37.0</ns3:atemp>
          </ns3:TrackPointExtension>
        </extensions>
      </trkpt>
      <trkpt lat="39.99799978919327259063720703125" lon="-105.30694129876792430877685546875">
        <ele>2049.800048828125</ele>
        <time>2026-07-18T16:34:17.000Z</time>
        <extensions>
          <ns3:TrackPointExtension>
            <ns3:atemp>37.0</ns3:atemp>
          </ns3:TrackPointExtension>
        </extensions>
      </trkpt>
      <trkpt lat="39.998049326241016387939453125" lon="-105.30687206424772739410400390625">
        <ele>2049.39990234375</ele>
        <time>2026-07-18T16:34:18.000Z</time>
        <extensions>
          <ns3:TrackPointExtension>
            <ns3:atemp>37.0</ns3:atemp>
          </ns3:TrackPointExtension>
        </extensions>
      </trkpt>
      <trkpt lat="39.9980967678129673004150390625" lon="-105.30681272037327289581298828125">
        <ele>2048.199951171875</ele>
        <time>2026-07-18T16:34:19.000Z</time>
        <extensions>
          <ns3:TrackPointExtension>
            <ns3:atemp>37.0</ns3:atemp>
          </ns3:TrackPointExtension>
        </extensions>
      </trkpt>
      <trkpt lat="39.99814026989042758941650390625" lon="-105.3067591600120067596435546875">
        <ele>2046.800048828125</ele>
        <time>2026-07-18T16:34:20.000Z</time>
        <extensions>
          <ns3:TrackPointExtension>
            <ns3:atemp>37.0</ns3:atemp>
          </ns3:TrackPointExtension>
        </extensions>
      </trkpt>
      <trkpt lat="39.99817715026438236236572265625" lon="-105.30671414919197559356689453125">
        <ele>2046.4000244140625</ele>
        <time>2026-07-18T16:34:21.000Z</time>
        <extensions>
          <ns3:TrackPointExtension>
            <ns3:atemp>37.0</ns3:atemp>
          </ns3:TrackPointExtension>
        </extensions>
      </trkpt>
      <trkpt lat="39.99820791184902191162109375" lon="-105.30667911283671855926513671875">
        <ele>2045.199951171875</ele>
        <time>2026-07-18T16:34:22.000Z</time>
        <extensions>
          <ns3:TrackPointExtension>
            <ns3:atemp>37.0</ns3:atemp>
          </ns3:TrackPointExtension>
        </extensions>
      </trkpt>
      <trkpt lat="39.9982555210590362548828125" lon="-105.3066146560013294219970703125">
        <ele>2044</ele>
        <time>2026-07-18T16:34:24.000Z</time>
        <extensions>
          <ns3:TrackPointExtension>
            <ns3:atemp>37.0</ns3:atemp>
          </ns3:TrackPointExtension>
        </extensions>
      </trkpt>
      <trkpt lat="39.99828075058758258819580078125" lon="-105.30658674426376819610595703125">
        <ele>2043.800048828125</ele>
        <time>2026-07-18T16:34:25.000Z</time>
        <extensions>
          <ns3:TrackPointExtension>
            <ns3:atemp>37.0</ns3:atemp>
          </ns3:TrackPointExtension>
        </extensions>
      </trkpt>
      <trkpt lat="39.99831025488674640655517578125" lon="-105.3065533004701137542724609375">
        <ele>2042.800048828125</ele>
        <time>2026-07-18T16:34:26.000Z</time>
        <extensions>
          <ns3:TrackPointExtension>
            <ns3:atemp>37.0</ns3:atemp>
          </ns3:TrackPointExtension>
        </extensions>
      </trkpt>
      <trkpt lat="39.998377896845340728759765625" lon="-105.3064604289829730987548828125">
        <ele>2042</ele>
        <time>2026-07-18T16:34:28.000Z</time>
        <extensions>
          <ns3:TrackPointExtension>
            <ns3:atemp>37.0</ns3:atemp>
          </ns3:TrackPointExtension>
        </extensions>
      </trkpt>
      <trkpt lat="39.9984169565141201019287109375" lon="-105.30639924108982086181640625">
        <ele>2041.5999755859375</ele>
        <time>2026-07-18T16:34:29.000Z</time>
        <extensions>
          <ns3:TrackPointExtension>
            <ns3:atemp>37.0</ns3:atemp>
          </ns3:TrackPointExtension>
        </extensions>
      </trkpt>
      <trkpt lat="39.99855182133615016937255859375" lon="-105.3061754442751407623291015625">
        <ele>2040.199951171875</ele>
        <time>2026-07-18T16:34:32.000Z</time>
        <extensions>
          <ns3:TrackPointExtension>
            <ns3:atemp>37.0</ns3:atemp>
          </ns3:TrackPointExtension>
        </extensions>
      </trkpt>
      <trkpt lat="39.9986429326236248016357421875" lon="-105.30601928941905498504638671875">
        <ele>2039.5999755859375</ele>
        <time>2026-07-18T16:34:34.000Z</time>
        <extensions>
          <ns3:TrackPointExtension>
            <ns3:atemp>37.0</ns3:atemp>
          </ns3:TrackPointExtension>
        </extensions>
      </trkpt>
      <trkpt lat="39.99873052351176738739013671875" lon="-105.30587696470320224761962890625">
        <ele>2039.199951171875</ele>
        <time>2026-07-18T16:34:36.000Z</time>
        <extensions>
          <ns3:TrackPointExtension>
            <ns3:atemp>37.0</ns3:atemp>
          </ns3:TrackPointExtension>
        </extensions>
      </trkpt>
      <trkpt lat="39.9988984130322933197021484375" lon="-105.3056014515459537506103515625">
        <ele>2038</ele>
        <time>2026-07-18T16:34:39.000Z</time>
        <extensions>
          <ns3:TrackPointExtension>
            <ns3:atemp>37.0</ns3:atemp>
          </ns3:TrackPointExtension>
        </extensions>
      </trkpt>
      <trkpt lat="39.9989555776119232177734375" lon="-105.3055126033723354339599609375">
        <ele>2037.4000244140625</ele>
        <time>2026-07-18T16:34:40.000Z</time>
        <extensions>
          <ns3:TrackPointExtension>
            <ns3:atemp>37.0</ns3:atemp>
          </ns3:TrackPointExtension>
        </extensions>
      </trkpt>
      <trkpt lat="39.99905926175415515899658203125" lon="-105.30534035526216030120849609375">
        <ele>2036.5999755859375</ele>
        <time>2026-07-18T16:34:42.000Z</time>
        <extensions>
          <ns3:TrackPointExtension>
            <ns3:atemp>37.0</ns3:atemp>
          </ns3:TrackPointExtension>
        </extensions>
      </trkpt>
      <trkpt lat="39.9992112256586551666259765625" lon="-105.3050140477716922760009765625">
        <ele>2035.800048828125</ele>
        <time>2026-07-18T16:34:45.000Z</time>
        <extensions>
          <ns3:TrackPointExtension>
            <ns3:atemp>37.0</ns3:atemp>
          </ns3:TrackPointExtension>
        </extensions>
      </trkpt>
      <trkpt lat="39.99924458563327789306640625" lon="-105.304928384721279144287109375">
        <ele>2035.199951171875</ele>
        <time>2026-07-18T16:34:46.000Z</time>
        <extensions>
          <ns3:TrackPointExtension>
            <ns3:atemp>37.0</ns3:atemp>
          </ns3:TrackPointExtension>
        </extensions>
      </trkpt>
      <trkpt lat="39.99934206716716289520263671875" lon="-105.30470651574432849884033203125">
        <ele>2034.5999755859375</ele>
        <time>2026-07-18T16:34:48.000Z</time>
        <extensions>
          <ns3:TrackPointExtension>
            <ns3:atemp>37.0</ns3:atemp>
          </ns3:TrackPointExtension>
        </extensions>
      </trkpt>
      <trkpt lat="39.99939789064228534698486328125" lon="-105.30462227761745452880859375">
        <ele>2034.199951171875</ele>
        <time>2026-07-18T16:34:49.000Z</time>
        <extensions>
          <ns3:TrackPointExtension>
            <ns3:atemp>37.0</ns3:atemp>
          </ns3:TrackPointExtension>
        </extensions>
      </trkpt>
      <trkpt lat="39.99946176074445247650146484375" lon="-105.3045473434031009674072265625">
        <ele>2034</ele>
        <time>2026-07-18T16:34:50.000Z</time>
        <extensions>
          <ns3:TrackPointExtension>
            <ns3:atemp>37.0</ns3:atemp>
          </ns3:TrackPointExtension>
        </extensions>
      </trkpt>
      <trkpt lat="39.99966661445796489715576171875" lon="-105.30436017550528049468994140625">
        <ele>2033.199951171875</ele>
        <time>2026-07-18T16:34:53.000Z</time>
        <extensions>
          <ns3:TrackPointExtension>
            <ns3:atemp>37.0</ns3:atemp>
          </ns3:TrackPointExtension>
        </extensions>
      </trkpt>
      <trkpt lat="39.99973149038851261138916015625" lon="-105.30429312027990818023681640625">
        <ele>2033.199951171875</ele>
        <time>2026-07-18T16:34:54.000Z</time>
        <extensions>
          <ns3:TrackPointExtension>
            <ns3:atemp>37.0</ns3:atemp>
          </ns3:TrackPointExtension>
        </extensions>
      </trkpt>
      <trkpt lat="39.99982436187565326690673828125" lon="-105.30414325185120105743408203125">
        <ele>2032.800048828125</ele>
        <time>2026-07-18T16:34:56.000Z</time>
        <extensions>
          <ns3:TrackPointExtension>
            <ns3:atemp>37.0</ns3:atemp>
          </ns3:TrackPointExtension>
        </extensions>
      </trkpt>
      <trkpt lat="39.99993433244526386260986328125" lon="-105.30382591299712657928466796875">
        <ele>2032.199951171875</ele>
        <time>2026-07-18T16:34:59.000Z</time>
        <extensions>
          <ns3:TrackPointExtension>
            <ns3:atemp>37.0</ns3:atemp>
          </ns3:TrackPointExtension>
        </extensions>
      </trkpt>
      <trkpt lat="39.99995294027030467987060546875" lon="-105.30373714864253997802734375">
        <ele>2031.800048828125</ele>
        <time>2026-07-18T16:35:00.000Z</time>
        <extensions>
          <ns3:TrackPointExtension>
            <ns3:atemp>37.0</ns3:atemp>
          </ns3:TrackPointExtension>
        </extensions>
      </trkpt>
      <trkpt lat="40.00000189058482646942138671875" lon="-105.303363986313343048095703125">
        <ele>2031</ele>
        <time>2026-07-18T16:35:03.000Z</time>
        <extensions>
          <ns3:TrackPointExtension>
            <ns3:atemp>37.0</ns3:atemp>
          </ns3:TrackPointExtension>
        </extensions>
      </trkpt>
      <trkpt lat="40.0000195764005184173583984375" lon="-105.3032684326171875">
        <ele>2030.5999755859375</ele>
        <time>2026-07-18T16:35:04.000Z</time>
        <extensions>
          <ns3:TrackPointExtension>
            <ns3:atemp>37.0</ns3:atemp>
          </ns3:TrackPointExtension>
        </extensions>
      </trkpt>
      <trkpt lat="40.0000463984906673431396484375" lon="-105.30314714647829532623291015625">
        <ele>2030.4000244140625</ele>
        <time>2026-07-18T16:35:05.000Z</time>
        <extensions>
          <ns3:TrackPointExtension>
            <ns3:atemp>37.0</ns3:atemp>
          </ns3:TrackPointExtension>
        </extensions>
      </trkpt>
      <trkpt lat="40.000078417360782623291015625" lon="-105.30302829109132289886474609375">
        <ele>2029.800048828125</ele>
        <time>2026-07-18T16:35:06.000Z</time>
        <extensions>
          <ns3:TrackPointExtension>
            <ns3:atemp>37.0</ns3:atemp>
          </ns3:TrackPointExtension>
        </extensions>
      </trkpt>
      <trkpt lat="40.0001979433000087738037109375" lon="-105.30264423228800296783447265625">
        <ele>2028</ele>
        <time>2026-07-18T16:35:09.000Z</time>
        <extensions>
          <ns3:TrackPointExtension>
            <ns3:atemp>36.0</ns3:atemp>
          </ns3:TrackPointExtension>
        </extensions>
      </trkpt>
      <trkpt lat="40.0002794153988361358642578125" lon="-105.30243669636547565460205078125">
        <ele>2027.4000244140625</ele>
        <time>2026-07-18T16:35:11.000Z</time>
        <extensions>
          <ns3:TrackPointExtension>
            <ns3:atemp>36.0</ns3:atemp>
          </ns3:TrackPointExtension>
        </extensions>
      </trkpt>
      <trkpt lat="40.0004048086702823638916015625" lon="-105.30225145630538463592529296875">
        <ele>2026.5999755859375</ele>
        <time>2026-07-18T16:35:13.000Z</time>
        <extensions>
          <ns3:TrackPointExtension>
            <ns3:atemp>36.0</ns3:atemp>
          </ns3:TrackPointExtension>
        </extensions>
      </trkpt>
      <trkpt lat="40.000626929104328155517578125" lon="-105.30204794369637966156005859375">
        <ele>2025.4000244140625</ele>
        <time>2026-07-18T16:35:16.000Z</time>
        <extensions>
          <ns3:TrackPointExtension>
            <ns3:atemp>36.0</ns3:atemp>
          </ns3:TrackPointExtension>
        </extensions>
      </trkpt>
      <trkpt lat="40.00068233348429203033447265625" lon="-105.30196999199688434600830078125">
        <ele>2025</ele>
        <time>2026-07-18T16:35:17.000Z</time>
        <extensions>
          <ns3:TrackPointExtension>
            <ns3:atemp>36.0</ns3:atemp>
          </ns3:TrackPointExtension>
        </extensions>
      </trkpt>
      <trkpt lat="40.0007327087223529815673828125" lon="-105.301864631474018096923828125">
        <ele>2024.5999755859375</ele>
        <time>2026-07-18T16:35:18.000Z</time>
        <extensions>
          <ns3:TrackPointExtension>
            <ns3:atemp>36.0</ns3:atemp>
          </ns3:TrackPointExtension>
        </extensions>
      </trkpt>
      <trkpt lat="40.00074134208261966705322265625" lon="-105.30176882632076740264892578125">
        <ele>2024.4000244140625</ele>
        <time>2026-07-18T16:35:19.000Z</time>
        <extensions>
          <ns3:TrackPointExtension>
            <ns3:atemp>36.0</ns3:atemp>
          </ns3:TrackPointExtension>
        </extensions>
      </trkpt>
      <trkpt lat="40.0007313676178455352783203125" lon="-105.30166514217853546142578125">
        <ele>2024</ele>
        <time>2026-07-18T16:35:20.000Z</time>
        <extensions>
          <ns3:TrackPointExtension>
            <ns3:atemp>36.0</ns3:atemp>
          </ns3:TrackPointExtension>
        </extensions>
      </trkpt>
      <trkpt lat="40.00069457106292247772216796875" lon="-105.3014644794166088104248046875">
        <ele>2023.199951171875</ele>
        <time>2026-07-18T16:35:22.000Z</time>
        <extensions>
          <ns3:TrackPointExtension>
            <ns3:atemp>36.0</ns3:atemp>
          </ns3:TrackPointExtension>
        </extensions>
      </trkpt>
      <trkpt lat="40.0006512366235256195068359375" lon="-105.30107698403298854827880859375">
        <ele>2022.4000244140625</ele>
        <time>2026-07-18T16:35:25.000Z</time>
        <extensions>
          <ns3:TrackPointExtension>
            <ns3:atemp>36.0</ns3:atemp>
          </ns3:TrackPointExtension>
        </extensions>
      </trkpt>
      <trkpt lat="40.0006636418402194976806640625" lon="-105.30098159797489643096923828125">
        <ele>2022</ele>
        <time>2026-07-18T16:35:26.000Z</time>
        <extensions>
          <ns3:TrackPointExtension>
            <ns3:atemp>36.0</ns3:atemp>
          </ns3:TrackPointExtension>
        </extensions>
      </trkpt>
      <trkpt lat="40.00069038011133670806884765625" lon="-105.30086718499660491943359375">
        <ele>2021.5999755859375</ele>
        <time>2026-07-18T16:35:27.000Z</time>
        <extensions>
          <ns3:TrackPointExtension>
            <ns3:atemp>36.0</ns3:atemp>
          </ns3:TrackPointExtension>
        </extensions>
      </trkpt>
      <trkpt lat="40.00073798932135105133056640625" lon="-105.30073131434619426727294921875">
        <ele>2021.4000244140625</ele>
        <time>2026-07-18T16:35:28.000Z</time>
        <extensions>
          <ns3:TrackPointExtension>
            <ns3:atemp>36.0</ns3:atemp>
          </ns3:TrackPointExtension>
        </extensions>
      </trkpt>
      <trkpt lat="40.0007897056639194488525390625" lon="-105.30062100850045680999755859375">
        <ele>2021</ele>
        <time>2026-07-18T16:35:29.000Z</time>
        <extensions>
          <ns3:TrackPointExtension>
            <ns3:atemp>36.0</ns3:atemp>
          </ns3:TrackPointExtension>
        </extensions>
      </trkpt>
      <trkpt lat="40.00083781778812408447265625" lon="-105.300506763160228729248046875">
        <ele>2020.5999755859375</ele>
        <time>2026-07-18T16:35:30.000Z</time>
        <extensions>
          <ns3:TrackPointExtension>
            <ns3:atemp>36.0</ns3:atemp>
          </ns3:TrackPointExtension>
        </extensions>
      </trkpt>
      <trkpt lat="40.0008899532258510589599609375" lon="-105.30039452947676181793212890625">
        <ele>2019.800048828125</ele>
        <time>2026-07-18T16:35:31.000Z</time>
        <extensions>
          <ns3:TrackPointExtension>
            <ns3:atemp>36.0</ns3:atemp>
          </ns3:TrackPointExtension>
        </extensions>
      </trkpt>
      <trkpt lat="40.0010197050869464874267578125" lon="-105.30017861165106296539306640625">
        <ele>2018.5999755859375</ele>
        <time>2026-07-18T16:35:33.000Z</time>
        <extensions>
          <ns3:TrackPointExtension>
            <ns3:atemp>36.0</ns3:atemp>
          </ns3:TrackPointExtension>
        </extensions>
      </trkpt>
      <trkpt lat="40.00115909613668918609619140625" lon="-105.2999902702867984771728515625">
        <ele>2017</ele>
        <time>2026-07-18T16:35:35.000Z</time>
        <extensions>
          <ns3:TrackPointExtension>
            <ns3:atemp>36.0</ns3:atemp>
          </ns3:TrackPointExtension>
        </extensions>
      </trkpt>
      <trkpt lat="40.00124576501548290252685546875" lon="-105.29989614151418209075927734375">
        <ele>2016</ele>
        <time>2026-07-18T16:35:36.000Z</time>
        <extensions>
          <ns3:TrackPointExtension>
            <ns3:atemp>36.0</ns3:atemp>
          </ns3:TrackPointExtension>
        </extensions>
      </trkpt>
      <trkpt lat="40.0013590045273303985595703125" lon="-105.29980544932186603546142578125">
        <ele>2015.800048828125</ele>
        <time>2026-07-18T16:35:37.000Z</time>
        <extensions>
          <ns3:TrackPointExtension>
            <ns3:atemp>36.0</ns3:atemp>
          </ns3:TrackPointExtension>
        </extensions>
      </trkpt>
      <trkpt lat="40.0014619342982769012451171875" lon="-105.29975264333188533782958984375">
        <ele>2014.5999755859375</ele>
        <time>2026-07-18T16:35:38.000Z</time>
        <extensions>
          <ns3:TrackPointExtension>
            <ns3:atemp>36.0</ns3:atemp>
          </ns3:TrackPointExtension>
        </extensions>
      </trkpt>
      <trkpt lat="40.0015685521066188812255859375" lon="-105.2997180260717868804931640625">
        <ele>2014</ele>
        <time>2026-07-18T16:35:39.000Z</time>
        <extensions>
          <ns3:TrackPointExtension>
            <ns3:atemp>36.0</ns3:atemp>
          </ns3:TrackPointExtension>
        </extensions>
      </trkpt>
      <trkpt lat="40.0016594119369983673095703125" lon="-105.29970453120768070220947265625">
        <ele>2012.199951171875</ele>
        <time>2026-07-18T16:35:40.000Z</time>
        <extensions>
          <ns3:TrackPointExtension>
            <ns3:atemp>36.0</ns3:atemp>
          </ns3:TrackPointExtension>
        </extensions>
      </trkpt>
      <trkpt lat="40.00191916711628437042236328125" lon="-105.29971626587212085723876953125">
        <ele>2011</ele>
        <time>2026-07-18T16:35:42.000Z</time>
        <extensions>
          <ns3:TrackPointExtension>
            <ns3:atemp>36.0</ns3:atemp>
          </ns3:TrackPointExtension>
        </extensions>
      </trkpt>
      <trkpt lat="40.0021536089479923248291015625" lon="-105.29977292753756046295166015625">
        <ele>2009.4000244140625</ele>
        <time>2026-07-18T16:35:44.000Z</time>
        <extensions>
          <ns3:TrackPointExtension>
            <ns3:atemp>36.0</ns3:atemp>
          </ns3:TrackPointExtension>
        </extensions>
      </trkpt>
      <trkpt lat="40.002249665558338165283203125" lon="-105.2997907809913158416748046875">
        <ele>2008</ele>
        <time>2026-07-18T16:35:45.000Z</time>
        <extensions>
          <ns3:TrackPointExtension>
            <ns3:atemp>36.0</ns3:atemp>
          </ns3:TrackPointExtension>
        </extensions>
      </trkpt>
      <trkpt lat="40.0023708678781986236572265625" lon="-105.2997733466327190399169921875">
        <ele>2007.4000244140625</ele>
        <time>2026-07-18T16:35:46.000Z</time>
        <extensions>
          <ns3:TrackPointExtension>
            <ns3:atemp>36.0</ns3:atemp>
          </ns3:TrackPointExtension>
        </extensions>
      </trkpt>
      <trkpt lat="40.0024801678955554962158203125" lon="-105.2997277490794658660888671875">
        <ele>2006.199951171875</ele>
        <time>2026-07-18T16:35:47.000Z</time>
        <extensions>
          <ns3:TrackPointExtension>
            <ns3:atemp>36.0</ns3:atemp>
          </ns3:TrackPointExtension>
        </extensions>
      </trkpt>
      <trkpt lat="40.0025747157633304595947265625" lon="-105.29965340159833431243896484375">
        <ele>2005.5999755859375</ele>
        <time>2026-07-18T16:35:48.000Z</time>
        <extensions>
          <ns3:TrackPointExtension>
            <ns3:atemp>36.0</ns3:atemp>
          </ns3:TrackPointExtension>
        </extensions>
      </trkpt>
      <trkpt lat="40.0026535056531429290771484375" lon="-105.29953052289783954620361328125">
        <ele>2004.800048828125</ele>
        <time>2026-07-18T16:35:49.000Z</time>
        <extensions>
          <ns3:TrackPointExtension>
            <ns3:atemp>36.0</ns3:atemp>
          </ns3:TrackPointExtension>
        </extensions>
      </trkpt>
      <trkpt lat="40.00280815176665782928466796875" lon="-105.29927370138466358184814453125">
        <ele>2003.4000244140625</ele>
        <time>2026-07-18T16:35:51.000Z</time>
        <extensions>
          <ns3:TrackPointExtension>
            <ns3:atemp>36.0</ns3:atemp>
          </ns3:TrackPointExtension>
        </extensions>
      </trkpt>
      <trkpt lat="40.00298232771456241607666015625" lon="-105.2990090847015380859375">
        <ele>2001.4000244140625</ele>
        <time>2026-07-18T16:35:53.000Z</time>
        <extensions>
          <ns3:TrackPointExtension>
            <ns3:atemp>36.0</ns3:atemp>
          </ns3:TrackPointExtension>
        </extensions>
      </trkpt>
      <trkpt lat="40.00310386531054973602294921875" lon="-105.298817642033100128173828125">
        <ele>1999.800048828125</ele>
        <time>2026-07-18T16:35:55.000Z</time>
        <extensions>
          <ns3:TrackPointExtension>
            <ns3:atemp>36.0</ns3:atemp>
          </ns3:TrackPointExtension>
        </extensions>
      </trkpt>
      <trkpt lat="40.00315231271088123321533203125" lon="-105.29873885214328765869140625">
        <ele>1999</ele>
        <time>2026-07-18T16:35:56.000Z</time>
        <extensions>
          <ns3:TrackPointExtension>
            <ns3:atemp>36.0</ns3:atemp>
          </ns3:TrackPointExtension>
        </extensions>
      </trkpt>
      <trkpt lat="40.0031768716871738433837890625" lon="-105.29865310527384281158447265625">
        <ele>1998.800048828125</ele>
        <time>2026-07-18T16:35:57.000Z</time>
        <extensions>
          <ns3:TrackPointExtension>
            <ns3:atemp>36.0</ns3:atemp>
          </ns3:TrackPointExtension>
        </extensions>
      </trkpt>
      <trkpt lat="40.0031666457653045654296875" lon="-105.2985898219048976898193359375">
        <ele>1998</ele>
        <time>2026-07-18T16:35:58.000Z</time>
        <extensions>
          <ns3:TrackPointExtension>
            <ns3:atemp>36.0</ns3:atemp>
          </ns3:TrackPointExtension>
        </extensions>
      </trkpt>
      <trkpt lat="40.00313202850520610809326171875" lon="-105.298554785549640655517578125">
        <ele>1997.5999755859375</ele>
        <time>2026-07-18T16:35:59.000Z</time>
        <extensions>
          <ns3:TrackPointExtension>
            <ns3:atemp>36.0</ns3:atemp>
          </ns3:TrackPointExtension>
        </extensions>
      </trkpt>
      <trkpt lat="40.00309196300804615020751953125" lon="-105.29853726737201213836669921875">
        <ele>1997</ele>
        <time>2026-07-18T16:36:00.000Z</time>
        <extensions>
          <ns3:TrackPointExtension>
            <ns3:atemp>36.0</ns3:atemp>
          </ns3:TrackPointExtension>
        </extensions>
      </trkpt>
      <trkpt lat="40.00301468186080455780029296875" lon="-105.2985946834087371826171875">
        <ele>1996.199951171875</ele>
        <time>2026-07-18T16:36:02.000Z</time>
        <extensions>
          <ns3:TrackPointExtension>
            <ns3:atemp>36.0</ns3:atemp>
          </ns3:TrackPointExtension>
        </extensions>
      </trkpt>
      <trkpt lat="40.00293538905680179595947265625" lon="-105.298729799687862396240234375">
        <ele>1995</ele>
        <time>2026-07-18T16:36:04.000Z</time>
        <extensions>
          <ns3:TrackPointExtension>
            <ns3:atemp>36.0</ns3:atemp>
          </ns3:TrackPointExtension>
        </extensions>
      </trkpt>
      <trkpt lat="40.00289867632091045379638671875" lon="-105.2987943403422832489013671875">
        <ele>1994.4000244140625</ele>
        <time>2026-07-18T16:36:05.000Z</time>
        <extensions>
          <ns3:TrackPointExtension>
            <ns3:atemp>36.0</ns3:atemp>
          </ns3:TrackPointExtension>
        </extensions>
      </trkpt>
      <trkpt lat="40.00284737907350063323974609375" lon="-105.2988734655082225799560546875">
        <ele>1994.199951171875</ele>
        <time>2026-07-18T16:36:06.000Z</time>
        <extensions>
          <ns3:TrackPointExtension>
            <ns3:atemp>36.0</ns3:atemp>
          </ns3:TrackPointExtension>
        </extensions>
      </trkpt>
      <trkpt lat="40.00277311541140079498291015625" lon="-105.2989649958908557891845703125">
        <ele>1993.800048828125</ele>
        <time>2026-07-18T16:36:07.000Z</time>
        <extensions>
          <ns3:TrackPointExtension>
            <ns3:atemp>36.0</ns3:atemp>
          </ns3:TrackPointExtension>
        </extensions>
      </trkpt>
      <trkpt lat="40.00262894667685031890869140625" lon="-105.29910941608250141143798828125">
        <ele>1992.4000244140625</ele>
        <time>2026-07-18T16:36:09.000Z</time>
        <extensions>
          <ns3:TrackPointExtension>
            <ns3:atemp>36.0</ns3:atemp>
          </ns3:TrackPointExtension>
        </extensions>
      </trkpt>
      <trkpt lat="40.00246063806116580963134765625" lon="-105.299256853759288787841796875">
        <ele>1991.4000244140625</ele>
        <time>2026-07-18T16:36:11.000Z</time>
        <extensions>
          <ns3:TrackPointExtension>
            <ns3:atemp>36.0</ns3:atemp>
          </ns3:TrackPointExtension>
        </extensions>
      </trkpt>
      <trkpt lat="40.002332143485546112060546875" lon="-105.29932013712823390960693359375">
        <ele>1990.4000244140625</ele>
        <time>2026-07-18T16:36:12.000Z</time>
        <extensions>
          <ns3:TrackPointExtension>
            <ns3:atemp>36.0</ns3:atemp>
          </ns3:TrackPointExtension>
        </extensions>
      </trkpt>
      <trkpt lat="40.00224086456000804901123046875" lon="-105.299331285059452056884765625">
        <ele>1989.800048828125</ele>
        <time>2026-07-18T16:36:13.000Z</time>
        <extensions>
          <ns3:TrackPointExtension>
            <ns3:atemp>36.0</ns3:atemp>
          </ns3:TrackPointExtension>
        </extensions>
      </trkpt>
      <trkpt lat="40.002129971981048583984375" lon="-105.29932432807981967926025390625">
        <ele>1989</ele>
        <time>2026-07-18T16:36:14.000Z</time>
        <extensions>
          <ns3:TrackPointExtension>
            <ns3:atemp>36.0</ns3:atemp>
          </ns3:TrackPointExtension>
        </extensions>
      </trkpt>
      <trkpt lat="40.002022683620452880859375" lon="-105.299299769103527069091796875">
        <ele>1988.5999755859375</ele>
        <time>2026-07-18T16:36:15.000Z</time>
        <extensions>
          <ns3:TrackPointExtension>
            <ns3:atemp>36.0</ns3:atemp>
          </ns3:TrackPointExtension>
        </extensions>
      </trkpt>
      <trkpt lat="40.001802407205104827880859375" lon="-105.29923497699201107025146484375">
        <ele>1987.4000244140625</ele>
        <time>2026-07-18T16:36:17.000Z</time>
        <extensions>
          <ns3:TrackPointExtension>
            <ns3:atemp>36.0</ns3:atemp>
          </ns3:TrackPointExtension>
        </extensions>
      </trkpt>
      <trkpt lat="40.001689083874225616455078125" lon="-105.29920932836830615997314453125">
        <ele>1986.199951171875</ele>
        <time>2026-07-18T16:36:18.000Z</time>
        <extensions>
          <ns3:TrackPointExtension>
            <ns3:atemp>36.0</ns3:atemp>
          </ns3:TrackPointExtension>
        </extensions>
      </trkpt>
      <trkpt lat="40.00146872363984584808349609375" lon="-105.29916130006313323974609375">
        <ele>1984.800048828125</ele>
        <time>2026-07-18T16:36:20.000Z</time>
        <extensions>
          <ns3:TrackPointExtension>
            <ns3:atemp>36.0</ns3:atemp>
          </ns3:TrackPointExtension>
        </extensions>
      </trkpt>
      <trkpt lat="40.00136755406856536865234375" lon="-105.2991520799696445465087890625">
        <ele>1984.4000244140625</ele>
        <time>2026-07-18T16:36:21.000Z</time>
        <extensions>
          <ns3:TrackPointExtension>
            <ns3:atemp>36.0</ns3:atemp>
          </ns3:TrackPointExtension>
        </extensions>
      </trkpt>
      <trkpt lat="40.001244507730007171630859375" lon="-105.2991715259850025177001953125">
        <ele>1983</ele>
        <time>2026-07-18T16:36:22.000Z</time>
        <extensions>
          <ns3:TrackPointExtension>
            <ns3:atemp>35.0</ns3:atemp>
          </ns3:TrackPointExtension>
        </extensions>
      </trkpt>
      <trkpt lat="40.0010374747216701507568359375" lon="-105.29923430643975734710693359375">
        <ele>1981.4000244140625</ele>
        <time>2026-07-18T16:36:24.000Z</time>
        <extensions>
          <ns3:TrackPointExtension>
            <ns3:atemp>35.0</ns3:atemp>
          </ns3:TrackPointExtension>
        </extensions>
      </trkpt>
      <trkpt lat="40.00095776282250881195068359375" lon="-105.299250148236751556396484375">
        <ele>1980.4000244140625</ele>
        <time>2026-07-18T16:36:25.000Z</time>
        <extensions>
          <ns3:TrackPointExtension>
            <ns3:atemp>35.0</ns3:atemp>
          </ns3:TrackPointExtension>
        </extensions>
      </trkpt>
      <trkpt lat="40.00076380558311939239501953125" lon="-105.29929281212389469146728515625">
        <ele>1979.4000244140625</ele>
        <time>2026-07-18T16:36:27.000Z</time>
        <extensions>
          <ns3:TrackPointExtension>
            <ns3:atemp>35.0</ns3:atemp>
          </ns3:TrackPointExtension>
        </extensions>
      </trkpt>
      <trkpt lat="40.00065333209931850433349609375" lon="-105.2993485517799854278564453125">
        <ele>1979.199951171875</ele>
        <time>2026-07-18T16:36:28.000Z</time>
        <extensions>
          <ns3:TrackPointExtension>
            <ns3:atemp>35.0</ns3:atemp>
          </ns3:TrackPointExtension>
        </extensions>
      </trkpt>
      <trkpt lat="40.00056582503020763397216796875" lon="-105.29941610991954803466796875">
        <ele>1978.800048828125</ele>
        <time>2026-07-18T16:36:29.000Z</time>
        <extensions>
          <ns3:TrackPointExtension>
            <ns3:atemp>35.0</ns3:atemp>
          </ns3:TrackPointExtension>
        </extensions>
      </trkpt>
      <trkpt lat="40.0004960037767887115478515625" lon="-105.29947704635560512542724609375">
        <ele>1978.4000244140625</ele>
        <time>2026-07-18T16:36:30.000Z</time>
        <extensions>
          <ns3:TrackPointExtension>
            <ns3:atemp>35.0</ns3:atemp>
          </ns3:TrackPointExtension>
        </extensions>
      </trkpt>
      <trkpt lat="40.00040371902287006378173828125" lon="-105.2995550818741321563720703125">
        <ele>1977.4000244140625</ele>
        <time>2026-07-18T16:36:31.000Z</time>
        <extensions>
          <ns3:TrackPointExtension>
            <ns3:atemp>35.0</ns3:atemp>
          </ns3:TrackPointExtension>
        </extensions>
      </trkpt>
      <trkpt lat="40.00019433908164501190185546875" lon="-105.29971291311085224151611328125">
        <ele>1976.4000244140625</ele>
        <time>2026-07-18T16:36:33.000Z</time>
        <extensions>
          <ns3:TrackPointExtension>
            <ns3:atemp>35.0</ns3:atemp>
          </ns3:TrackPointExtension>
        </extensions>
      </trkpt>
      <trkpt lat="40.0001060776412487030029296875" lon="-105.29979019425809383392333984375">
        <ele>1975</ele>
        <time>2026-07-18T16:36:34.000Z</time>
        <extensions>
          <ns3:TrackPointExtension>
            <ns3:atemp>35.0</ns3:atemp>
          </ns3:TrackPointExtension>
        </extensions>
      </trkpt>
      <trkpt lat="40.00004011206328868865966796875" lon="-105.29985733330249786376953125">
        <ele>1974.5999755859375</ele>
        <time>2026-07-18T16:36:35.000Z</time>
        <extensions>
          <ns3:TrackPointExtension>
            <ns3:atemp>35.0</ns3:atemp>
          </ns3:TrackPointExtension>
        </extensions>
      </trkpt>
      <trkpt lat="39.99996081925928592681884765625" lon="-105.29993955977261066436767578125">
        <ele>1973.800048828125</ele>
        <time>2026-07-18T16:36:36.000Z</time>
        <extensions>
          <ns3:TrackPointExtension>
            <ns3:atemp>35.0</ns3:atemp>
          </ns3:TrackPointExtension>
        </extensions>
      </trkpt>
      <trkpt lat="39.9998085200786590576171875" lon="-105.30009395442903041839599609375">
        <ele>1972.800048828125</ele>
        <time>2026-07-18T16:36:38.000Z</time>
        <extensions>
          <ns3:TrackPointExtension>
            <ns3:atemp>35.0</ns3:atemp>
          </ns3:TrackPointExtension>
        </extensions>
      </trkpt>
      <trkpt lat="39.99974875710904598236083984375" lon="-105.30011574737727642059326171875">
        <ele>1972.5999755859375</ele>
        <time>2026-07-18T16:36:39.000Z</time>
        <extensions>
          <ns3:TrackPointExtension>
            <ns3:atemp>35.0</ns3:atemp>
          </ns3:TrackPointExtension>
        </extensions>
      </trkpt>
      <trkpt lat="39.9997044168412685394287109375" lon="-105.30009764246642589569091796875">
        <ele>1971.4000244140625</ele>
        <time>2026-07-18T16:36:40.000Z</time>
        <extensions>
          <ns3:TrackPointExtension>
            <ns3:atemp>35.0</ns3:atemp>
          </ns3:TrackPointExtension>
        </extensions>
      </trkpt>
      <trkpt lat="39.99965169467031955718994140625" lon="-105.30006327666342258453369140625">
        <ele>1970.199951171875</ele>
        <time>2026-07-18T16:36:41.000Z</time>
        <extensions>
          <ns3:TrackPointExtension>
            <ns3:atemp>35.0</ns3:atemp>
          </ns3:TrackPointExtension>
        </extensions>
      </trkpt>
      <trkpt lat="39.9996165744960308074951171875" lon="-105.30000326223671436309814453125">
        <ele>1969.5999755859375</ele>
        <time>2026-07-18T16:36:42.000Z</time>
        <extensions>
          <ns3:TrackPointExtension>
            <ns3:atemp>35.0</ns3:atemp>
          </ns3:TrackPointExtension>
        </extensions>
      </trkpt>
      <trkpt lat="39.99961380846798419952392578125" lon="-105.29991902410984039306640625">
        <ele>1969</ele>
        <time>2026-07-18T16:36:43.000Z</time>
        <extensions>
          <ns3:TrackPointExtension>
            <ns3:atemp>35.0</ns3:atemp>
          </ns3:TrackPointExtension>
        </extensions>
      </trkpt>
      <trkpt lat="39.99965018592774868011474609375" lon="-105.29983243905007839202880859375">
        <ele>1968.800048828125</ele>
        <time>2026-07-18T16:36:44.000Z</time>
        <extensions>
          <ns3:TrackPointExtension>
            <ns3:atemp>35.0</ns3:atemp>
          </ns3:TrackPointExtension>
        </extensions>
      </trkpt>
      <trkpt lat="39.9997107870876789093017578125" lon="-105.2997639589011669158935546875">
        <ele>1968.4000244140625</ele>
        <time>2026-07-18T16:36:45.000Z</time>
        <extensions>
          <ns3:TrackPointExtension>
            <ns3:atemp>35.0</ns3:atemp>
          </ns3:TrackPointExtension>
        </extensions>
      </trkpt>
      <trkpt lat="39.999870546162128448486328125" lon="-105.29963311739265918731689453125">
        <ele>1967.800048828125</ele>
        <time>2026-07-18T16:36:47.000Z</time>
        <extensions>
          <ns3:TrackPointExtension>
            <ns3:atemp>35.0</ns3:atemp>
          </ns3:TrackPointExtension>
        </extensions>
      </trkpt>
      <trkpt lat="39.99997020699083805084228515625" lon="-105.2995420061051845550537109375">
        <ele>1967.4000244140625</ele>
        <time>2026-07-18T16:36:48.000Z</time>
        <extensions>
          <ns3:TrackPointExtension>
            <ns3:atemp>35.0</ns3:atemp>
          </ns3:TrackPointExtension>
        </extensions>
      </trkpt>
      <trkpt lat="40.00013952143490314483642578125" lon="-105.2993606217205524444580078125">
        <ele>1966.5999755859375</ele>
        <time>2026-07-18T16:36:50.000Z</time>
        <extensions>
          <ns3:TrackPointExtension>
            <ns3:atemp>35.0</ns3:atemp>
          </ns3:TrackPointExtension>
        </extensions>
      </trkpt>
      <trkpt lat="40.00021730549633502960205078125" lon="-105.299256853759288787841796875">
        <ele>1966.199951171875</ele>
        <time>2026-07-18T16:36:51.000Z</time>
        <extensions>
          <ns3:TrackPointExtension>
            <ns3:atemp>35.0</ns3:atemp>
          </ns3:TrackPointExtension>
        </extensions>
      </trkpt>
      <trkpt lat="40.00029324553906917572021484375" lon="-105.2991477213799953460693359375">
        <ele>1965.199951171875</ele>
        <time>2026-07-18T16:36:52.000Z</time>
        <extensions>
          <ns3:TrackPointExtension>
            <ns3:atemp>35.0</ns3:atemp>
          </ns3:TrackPointExtension>
        </extensions>
      </trkpt>
      <trkpt lat="40.000451914966106414794921875" lon="-105.298921577632427215576171875">
        <ele>1963.5999755859375</ele>
        <time>2026-07-18T16:36:54.000Z</time>
        <extensions>
          <ns3:TrackPointExtension>
            <ns3:atemp>35.0</ns3:atemp>
          </ns3:TrackPointExtension>
        </extensions>
      </trkpt>
      <trkpt lat="40.000537745654582977294921875" lon="-105.298821665346622467041015625">
        <ele>1963</ele>
        <time>2026-07-18T16:36:55.000Z</time>
        <extensions>
          <ns3:TrackPointExtension>
            <ns3:atemp>35.0</ns3:atemp>
          </ns3:TrackPointExtension>
        </extensions>
      </trkpt>
      <trkpt lat="40.00061544589698314666748046875" lon="-105.29875553213059902191162109375">
        <ele>1961.800048828125</ele>
        <time>2026-07-18T16:36:56.000Z</time>
        <extensions>
          <ns3:TrackPointExtension>
            <ns3:atemp>35.0</ns3:atemp>
          </ns3:TrackPointExtension>
        </extensions>
      </trkpt>
      <trkpt lat="40.00073991715908050537109375" lon="-105.2986893989145755767822265625">
        <ele>1961.4000244140625</ele>
        <time>2026-07-18T16:36:57.000Z</time>
        <extensions>
          <ns3:TrackPointExtension>
            <ns3:atemp>35.0</ns3:atemp>
          </ns3:TrackPointExtension>
        </extensions>
      </trkpt>
      <trkpt lat="40.00084720551967620849609375" lon="-105.298655033111572265625">
        <ele>1960.4000244140625</ele>
        <time>2026-07-18T16:36:58.000Z</time>
        <extensions>
          <ns3:TrackPointExtension>
            <ns3:atemp>35.0</ns3:atemp>
          </ns3:TrackPointExtension>
        </extensions>
      </trkpt>
      <trkpt lat="40.0009529851377010345458984375" lon="-105.29862628318369388580322265625">
        <ele>1959.5999755859375</ele>
        <time>2026-07-18T16:36:59.000Z</time>
        <extensions>
          <ns3:TrackPointExtension>
            <ns3:atemp>35.0</ns3:atemp>
          </ns3:TrackPointExtension>
        </extensions>
      </trkpt>
      <trkpt lat="40.001056082546710968017578125" lon="-105.29857817105948925018310546875">
        <ele>1959.199951171875</ele>
        <time>2026-07-18T16:37:00.000Z</time>
        <extensions>
          <ns3:TrackPointExtension>
            <ns3:atemp>35.0</ns3:atemp>
          </ns3:TrackPointExtension>
        </extensions>
      </trkpt>
      <trkpt lat="40.00115859322249889373779296875" lon="-105.29850742779672145843505859375">
        <ele>1958.4000244140625</ele>
        <time>2026-07-18T16:37:01.000Z</time>
        <extensions>
          <ns3:TrackPointExtension>
            <ns3:atemp>35.0</ns3:atemp>
          </ns3:TrackPointExtension>
        </extensions>
      </trkpt>
      <trkpt lat="40.00126370228826999664306640625" lon="-105.298433415591716766357421875">
        <ele>1958</ele>
        <time>2026-07-18T16:37:02.000Z</time>
        <extensions>
          <ns3:TrackPointExtension>
            <ns3:atemp>35.0</ns3:atemp>
          </ns3:TrackPointExtension>
        </extensions>
      </trkpt>
      <trkpt lat="40.0014854036271572113037109375" lon="-105.2983122132718563079833984375">
        <ele>1957</ele>
        <time>2026-07-18T16:37:04.000Z</time>
        <extensions>
          <ns3:TrackPointExtension>
            <ns3:atemp>35.0</ns3:atemp>
          </ns3:TrackPointExtension>
        </extensions>
      </trkpt>
      <trkpt lat="40.001572407782077789306640625" lon="-105.298263095319271087646484375">
        <ele>1955.800048828125</ele>
        <time>2026-07-18T16:37:05.000Z</time>
        <extensions>
          <ns3:TrackPointExtension>
            <ns3:atemp>35.0</ns3:atemp>
          </ns3:TrackPointExtension>
        </extensions>
      </trkpt>
      <trkpt lat="40.00167424790561199188232421875" lon="-105.2982025779783725738525390625">
        <ele>1955.199951171875</ele>
        <time>2026-07-18T16:37:06.000Z</time>
        <extensions>
          <ns3:TrackPointExtension>
            <ns3:atemp>35.0</ns3:atemp>
          </ns3:TrackPointExtension>
        </extensions>
      </trkpt>
      <trkpt lat="40.0017824582755565643310546875" lon="-105.2981281466782093048095703125">
        <ele>1953.800048828125</ele>
        <time>2026-07-18T16:37:07.000Z</time>
        <extensions>
          <ns3:TrackPointExtension>
            <ns3:atemp>35.0</ns3:atemp>
          </ns3:TrackPointExtension>
        </extensions>
      </trkpt>
      <trkpt lat="40.00185630284249782562255859375" lon="-105.29804977588355541229248046875">
        <ele>1953</ele>
        <time>2026-07-18T16:37:08.000Z</time>
        <extensions>
          <ns3:TrackPointExtension>
            <ns3:atemp>35.0</ns3:atemp>
          </ns3:TrackPointExtension>
        </extensions>
      </trkpt>
      <trkpt lat="40.00191271305084228515625" lon="-105.29795221053063869476318359375">
        <ele>1952.5999755859375</ele>
        <time>2026-07-18T16:37:09.000Z</time>
        <extensions>
          <ns3:TrackPointExtension>
            <ns3:atemp>35.0</ns3:atemp>
          </ns3:TrackPointExtension>
        </extensions>
      </trkpt>
      <trkpt lat="40.001917742192745208740234375" lon="-105.29782866127789020538330078125">
        <ele>1951.199951171875</ele>
        <time>2026-07-18T16:37:10.000Z</time>
        <extensions>
          <ns3:TrackPointExtension>
            <ns3:atemp>35.0</ns3:atemp>
          </ns3:TrackPointExtension>
        </extensions>
      </trkpt>
      <trkpt lat="40.00188413076102733612060546875" lon="-105.29772019945085048675537109375">
        <ele>1950.5999755859375</ele>
        <time>2026-07-18T16:37:11.000Z</time>
        <extensions>
          <ns3:TrackPointExtension>
            <ns3:atemp>35.0</ns3:atemp>
          </ns3:TrackPointExtension>
        </extensions>
      </trkpt>
      <trkpt lat="40.00183987431228160858154296875" lon="-105.2975615300238132476806640625">
        <ele>1949.800048828125</ele>
        <time>2026-07-18T16:37:12.000Z</time>
        <extensions>
          <ns3:TrackPointExtension>
            <ns3:atemp>35.0</ns3:atemp>
          </ns3:TrackPointExtension>
        </extensions>
      </trkpt>
      <trkpt lat="40.00183015130460262298583984375" lon="-105.297289788722991943359375">
        <ele>1948</ele>
        <time>2026-07-18T16:37:14.000Z</time>
        <extensions>
          <ns3:TrackPointExtension>
            <ns3:atemp>35.0</ns3:atemp>
          </ns3:TrackPointExtension>
        </extensions>
      </trkpt>
      <trkpt lat="40.00183903612196445465087890625" lon="-105.29717822559177875518798828125">
        <ele>1947.5999755859375</ele>
        <time>2026-07-18T16:37:15.000Z</time>
        <extensions>
          <ns3:TrackPointExtension>
            <ns3:atemp>35.0</ns3:atemp>
          </ns3:TrackPointExtension>
        </extensions>
      </trkpt>
      <trkpt lat="40.0018498487770557403564453125" lon="-105.2970123477280139923095703125">
        <ele>1946.5999755859375</ele>
        <time>2026-07-18T16:37:16.000Z</time>
        <extensions>
          <ns3:TrackPointExtension>
            <ns3:atemp>35.0</ns3:atemp>
          </ns3:TrackPointExtension>
        </extensions>
      </trkpt>
      <trkpt lat="40.00184641219675540924072265625" lon="-105.2967384271323680877685546875">
        <ele>1945.199951171875</ele>
        <time>2026-07-18T16:37:18.000Z</time>
        <extensions>
          <ns3:TrackPointExtension>
            <ns3:atemp>35.0</ns3:atemp>
          </ns3:TrackPointExtension>
        </extensions>
      </trkpt>
      <trkpt lat="40.001831240952014923095703125" lon="-105.29660540632903575897216796875">
        <ele>1944</ele>
        <time>2026-07-18T16:37:19.000Z</time>
        <extensions>
          <ns3:TrackPointExtension>
            <ns3:atemp>35.0</ns3:atemp>
          </ns3:TrackPointExtension>
        </extensions>
      </trkpt>
      <trkpt lat="40.00179997645318508148193359375" lon="-105.29648001305758953094482421875">
        <ele>1943.5999755859375</ele>
        <time>2026-07-18T16:37:20.000Z</time>
        <extensions>
          <ns3:TrackPointExtension>
            <ns3:atemp>35.0</ns3:atemp>
          </ns3:TrackPointExtension>
        </extensions>
      </trkpt>
      <trkpt lat="40.0017422251403331756591796875" lon="-105.29636451043188571929931640625">
        <ele>1942.800048828125</ele>
        <time>2026-07-18T16:37:21.000Z</time>
        <extensions>
          <ns3:TrackPointExtension>
            <ns3:atemp>35.0</ns3:atemp>
          </ns3:TrackPointExtension>
        </extensions>
      </trkpt>
      <trkpt lat="40.00166284851729869842529296875" lon="-105.29628421179950237274169921875">
        <ele>1942.4000244140625</ele>
        <time>2026-07-18T16:37:22.000Z</time>
        <extensions>
          <ns3:TrackPointExtension>
            <ns3:atemp>35.0</ns3:atemp>
          </ns3:TrackPointExtension>
        </extensions>
      </trkpt>
      <trkpt lat="40.0015732459723949432373046875" lon="-105.29622704721987247467041015625">
        <ele>1941.5999755859375</ele>
        <time>2026-07-18T16:37:23.000Z</time>
        <extensions>
          <ns3:TrackPointExtension>
            <ns3:atemp>35.0</ns3:atemp>
          </ns3:TrackPointExtension>
        </extensions>
      </trkpt>
      <trkpt lat="40.00124375335872173309326171875" lon="-105.29599654488265514373779296875">
        <ele>1940.199951171875</ele>
        <time>2026-07-18T16:37:27.000Z</time>
        <extensions>
          <ns3:TrackPointExtension>
            <ns3:atemp>35.0</ns3:atemp>
          </ns3:TrackPointExtension>
        </extensions>
      </trkpt>
      <trkpt lat="40.0011849962174892425537109375" lon="-105.29592881910502910614013671875">
        <ele>1940</ele>
        <time>2026-07-18T16:37:28.000Z</time>
        <extensions>
          <ns3:TrackPointExtension>
            <ns3:atemp>35.0</ns3:atemp>
          </ns3:TrackPointExtension>
        </extensions>
      </trkpt>
      <trkpt lat="40.00115289352834224700927734375" lon="-105.29586260206997394561767578125">
        <ele>1939.800048828125</ele>
        <time>2026-07-18T16:37:29.000Z</time>
        <extensions>
          <ns3:TrackPointExtension>
            <ns3:atemp>35.0</ns3:atemp>
          </ns3:TrackPointExtension>
        </extensions>
      </trkpt>
      <trkpt lat="40.001152642071247100830078125" lon="-105.29576185159385204315185546875">
        <ele>1939.4000244140625</ele>
        <time>2026-07-18T16:37:30.000Z</time>
        <extensions>
          <ns3:TrackPointExtension>
            <ns3:atemp>35.0</ns3:atemp>
          </ns3:TrackPointExtension>
        </extensions>
      </trkpt>
      <trkpt lat="40.001209639012813568115234375" lon="-105.295672081410884857177734375">
        <ele>1939.199951171875</ele>
        <time>2026-07-18T16:37:31.000Z</time>
        <extensions>
          <ns3:TrackPointExtension>
            <ns3:atemp>35.0</ns3:atemp>
          </ns3:TrackPointExtension>
        </extensions>
      </trkpt>
      <trkpt lat="40.00127476640045642852783203125" lon="-105.29561868868768215179443359375">
        <ele>1939</ele>
        <time>2026-07-18T16:37:32.000Z</time>
        <extensions>
          <ns3:TrackPointExtension>
            <ns3:atemp>35.0</ns3:atemp>
          </ns3:TrackPointExtension>
        </extensions>
      </trkpt>
      <trkpt lat="40.00142463482916355133056640625" lon="-105.29565322212874889373779296875">
        <ele>1938.199951171875</ele>
        <time>2026-07-18T16:37:34.000Z</time>
        <extensions>
          <ns3:TrackPointExtension>
            <ns3:atemp>35.0</ns3:atemp>
          </ns3:TrackPointExtension>
        </extensions>
      </trkpt>
      <trkpt lat="40.0015962123870849609375" lon="-105.29580644331872463226318359375">
        <ele>1937.5999755859375</ele>
        <time>2026-07-18T16:37:36.000Z</time>
        <extensions>
          <ns3:TrackPointExtension>
            <ns3:atemp>35.0</ns3:atemp>
          </ns3:TrackPointExtension>
        </extensions>
      </trkpt>
      <trkpt lat="40.001656897366046905517578125" lon="-105.29589596204459667205810546875">
        <ele>1936.5999755859375</ele>
        <time>2026-07-18T16:37:37.000Z</time>
        <extensions>
          <ns3:TrackPointExtension>
            <ns3:atemp>35.0</ns3:atemp>
          </ns3:TrackPointExtension>
        </extensions>
      </trkpt>
      <trkpt lat="40.00178338028490543365478515625" lon="-105.2960494346916675567626953125">
        <ele>1935.5999755859375</ele>
        <time>2026-07-18T16:37:39.000Z</time>
        <extensions>
          <ns3:TrackPointExtension>
            <ns3:atemp>35.0</ns3:atemp>
          </ns3:TrackPointExtension>
        </extensions>
      </trkpt>
      <trkpt lat="40.00195093452930450439453125" lon="-105.29621087014675140380859375">
        <ele>1934.4000244140625</ele>
        <time>2026-07-18T16:37:41.000Z</time>
        <extensions>
          <ns3:TrackPointExtension>
            <ns3:atemp>35.0</ns3:atemp>
          </ns3:TrackPointExtension>
        </extensions>
      </trkpt>
      <trkpt lat="40.00203274190425872802734375" lon="-105.296273566782474517822265625">
        <ele>1934.199951171875</ele>
        <time>2026-07-18T16:37:42.000Z</time>
        <extensions>
          <ns3:TrackPointExtension>
            <ns3:atemp>35.0</ns3:atemp>
          </ns3:TrackPointExtension>
        </extensions>
      </trkpt>
      <trkpt lat="40.002119243144989013671875" lon="-105.2963226847350597381591796875">
        <ele>1933.199951171875</ele>
        <time>2026-07-18T16:37:43.000Z</time>
        <extensions>
          <ns3:TrackPointExtension>
            <ns3:atemp>35.0</ns3:atemp>
          </ns3:TrackPointExtension>
        </extensions>
      </trkpt>
      <trkpt lat="40.00230439938604831695556640625" lon="-105.296339951455593109130859375">
        <ele>1932.199951171875</ele>
        <time>2026-07-18T16:37:45.000Z</time>
        <extensions>
          <ns3:TrackPointExtension>
            <ns3:atemp>35.0</ns3:atemp>
          </ns3:TrackPointExtension>
        </extensions>
      </trkpt>
      <trkpt lat="40.00248947180807590484619140625" lon="-105.2962398715317249298095703125">
        <ele>1931</ele>
        <time>2026-07-18T16:37:47.000Z</time>
        <extensions>
          <ns3:TrackPointExtension>
            <ns3:atemp>35.0</ns3:atemp>
          </ns3:TrackPointExtension>
        </extensions>
      </trkpt>
      <trkpt lat="40.00257597304880619049072265625" lon="-105.29615781269967555999755859375">
        <ele>1930.199951171875</ele>
        <time>2026-07-18T16:37:48.000Z</time>
        <extensions>
          <ns3:TrackPointExtension>
            <ns3:atemp>35.0</ns3:atemp>
          </ns3:TrackPointExtension>
        </extensions>
      </trkpt>
      <trkpt lat="40.002730786800384521484375" lon="-105.2959686331450939178466796875">
        <ele>1929.5999755859375</ele>
        <time>2026-07-18T16:37:50.000Z</time>
        <extensions>
          <ns3:TrackPointExtension>
            <ns3:atemp>34.0</ns3:atemp>
          </ns3:TrackPointExtension>
        </extensions>
      </trkpt>
      <trkpt lat="40.00279775820672512054443359375" lon="-105.29586679302155971527099609375">
        <ele>1929</ele>
        <time>2026-07-18T16:37:51.000Z</time>
        <extensions>
          <ns3:TrackPointExtension>
            <ns3:atemp>34.0</ns3:atemp>
          </ns3:TrackPointExtension>
        </extensions>
      </trkpt>
      <trkpt lat="40.002851150929927825927734375" lon="-105.29575983993709087371826171875">
        <ele>1928.4000244140625</ele>
        <time>2026-07-18T16:37:52.000Z</time>
        <extensions>
          <ns3:TrackPointExtension>
            <ns3:atemp>34.0</ns3:atemp>
          </ns3:TrackPointExtension>
        </extensions>
      </trkpt>
      <trkpt lat="40.0028918869793415069580078125" lon="-105.2956464327871799468994140625">
        <ele>1928</ele>
        <time>2026-07-18T16:37:53.000Z</time>
        <extensions>
          <ns3:TrackPointExtension>
            <ns3:atemp>34.0</ns3:atemp>
          </ns3:TrackPointExtension>
        </extensions>
      </trkpt>
      <trkpt lat="40.002922229468822479248046875" lon="-105.2955300919711589813232421875">
        <ele>1927</ele>
        <time>2026-07-18T16:37:54.000Z</time>
        <extensions>
          <ns3:TrackPointExtension>
            <ns3:atemp>34.0</ns3:atemp>
          </ns3:TrackPointExtension>
        </extensions>
      </trkpt>
      <trkpt lat="40.0029451958835124969482421875" lon="-105.29542154632508754730224609375">
        <ele>1926.4000244140625</ele>
        <time>2026-07-18T16:37:55.000Z</time>
        <extensions>
          <ns3:TrackPointExtension>
            <ns3:atemp>34.0</ns3:atemp>
          </ns3:TrackPointExtension>
        </extensions>
      </trkpt>
      <trkpt lat="40.002963133156299591064453125" lon="-105.29532331041991710662841796875">
        <ele>1926</ele>
        <time>2026-07-18T16:37:56.000Z</time>
        <extensions>
          <ns3:TrackPointExtension>
            <ns3:atemp>34.0</ns3:atemp>
          </ns3:TrackPointExtension>
        </extensions>
      </trkpt>
      <trkpt lat="40.00296707265079021453857421875" lon="-105.2952367253601551055908203125">
        <ele>1925.4000244140625</ele>
        <time>2026-07-18T16:37:57.000Z</time>
        <extensions>
          <ns3:TrackPointExtension>
            <ns3:atemp>34.0</ns3:atemp>
          </ns3:TrackPointExtension>
        </extensions>
      </trkpt>
      <trkpt lat="40.00295433215796947479248046875" lon="-105.29518014751374721527099609375">
        <ele>1925.199951171875</ele>
        <time>2026-07-18T16:37:58.000Z</time>
        <extensions>
          <ns3:TrackPointExtension>
            <ns3:atemp>34.0</ns3:atemp>
          </ns3:TrackPointExtension>
        </extensions>
      </trkpt>
      <trkpt lat="40.0028660707175731658935546875" lon="-105.29508878476917743682861328125">
        <ele>1924.4000244140625</ele>
        <time>2026-07-18T16:38:00.000Z</time>
        <extensions>
          <ns3:TrackPointExtension>
            <ns3:atemp>34.0</ns3:atemp>
          </ns3:TrackPointExtension>
        </extensions>
      </trkpt>
      <trkpt lat="40.00282307155430316925048828125" lon="-105.29509481973946094512939453125">
        <ele>1923.5999755859375</ele>
        <time>2026-07-18T16:38:01.000Z</time>
        <extensions>
          <ns3:TrackPointExtension>
            <ns3:atemp>34.0</ns3:atemp>
          </ns3:TrackPointExtension>
        </extensions>
      </trkpt>
      <trkpt lat="40.002773366868495941162109375" lon="-105.29513019137084484100341796875">
        <ele>1922.800048828125</ele>
        <time>2026-07-18T16:38:02.000Z</time>
        <extensions>
          <ns3:TrackPointExtension>
            <ns3:atemp>34.0</ns3:atemp>
          </ns3:TrackPointExtension>
        </extensions>
      </trkpt>
      <trkpt lat="40.00273455865681171417236328125" lon="-105.29519070871174335479736328125">
        <ele>1922</ele>
        <time>2026-07-18T16:38:03.000Z</time>
        <extensions>
          <ns3:TrackPointExtension>
            <ns3:atemp>34.0</ns3:atemp>
          </ns3:TrackPointExtension>
        </extensions>
      </trkpt>
      <trkpt lat="40.0027078203856945037841796875" lon="-105.29528358019888401031494140625">
        <ele>1921.5999755859375</ele>
        <time>2026-07-18T16:38:04.000Z</time>
        <extensions>
          <ns3:TrackPointExtension>
            <ns3:atemp>34.0</ns3:atemp>
          </ns3:TrackPointExtension>
        </extensions>
      </trkpt>
      <trkpt lat="40.00270170159637928009033203125" lon="-105.29537024907767772674560546875">
        <ele>1920.4000244140625</ele>
        <time>2026-07-18T16:38:05.000Z</time>
        <extensions>
          <ns3:TrackPointExtension>
            <ns3:atemp>34.0</ns3:atemp>
          </ns3:TrackPointExtension>
        </extensions>
      </trkpt>
      <trkpt lat="40.00269918702542781829833984375" lon="-105.295456834137439727783203125">
        <ele>1919.800048828125</ele>
        <time>2026-07-18T16:38:06.000Z</time>
        <extensions>
          <ns3:TrackPointExtension>
            <ns3:atemp>34.0</ns3:atemp>
          </ns3:TrackPointExtension>
        </extensions>
      </trkpt>
      <trkpt lat="40.00269264914095401763916015625" lon="-105.29554425738751888275146484375">
        <ele>1919.800048828125</ele>
        <time>2026-07-18T16:38:07.000Z</time>
        <extensions>
          <ns3:TrackPointExtension>
            <ns3:atemp>34.0</ns3:atemp>
          </ns3:TrackPointExtension>
        </extensions>
      </trkpt>
      <trkpt lat="40.00264101661741733551025390625" lon="-105.29567711055278778076171875">
        <ele>1919.4000244140625</ele>
        <time>2026-07-18T16:38:09.000Z</time>
        <extensions>
          <ns3:TrackPointExtension>
            <ns3:atemp>34.0</ns3:atemp>
          </ns3:TrackPointExtension>
        </extensions>
      </trkpt>
      <trkpt lat="40.0025519169867038726806640625" lon="-105.29580007307231426239013671875">
        <ele>1919.4000244140625</ele>
        <time>2026-07-18T16:38:11.000Z</time>
        <extensions>
          <ns3:TrackPointExtension>
            <ns3:atemp>34.0</ns3:atemp>
          </ns3:TrackPointExtension>
        </extensions>
      </trkpt>
      <trkpt lat="40.0025056488811969757080078125" lon="-105.29585053212940692901611328125">
        <ele>1919.199951171875</ele>
        <time>2026-07-18T16:38:12.000Z</time>
        <extensions>
          <ns3:TrackPointExtension>
            <ns3:atemp>34.0</ns3:atemp>
          </ns3:TrackPointExtension>
        </extensions>
      </trkpt>
      <trkpt lat="40.00242476351559162139892578125" lon="-105.29593686573207378387451171875">
        <ele>1919</ele>
        <time>2026-07-18T16:38:14.000Z</time>
        <extensions>
          <ns3:TrackPointExtension>
            <ns3:atemp>34.0</ns3:atemp>
          </ns3:TrackPointExtension>
        </extensions>
      </trkpt>
      <trkpt lat="40.00230590812861919403076171875" lon="-105.29599973000586032867431640625">
        <ele>1919</ele>
        <time>2026-07-18T16:38:16.000Z</time>
        <extensions>
          <ns3:TrackPointExtension>
            <ns3:atemp>34.0</ns3:atemp>
          </ns3:TrackPointExtension>
        </extensions>
      </trkpt>
      <trkpt lat="40.0021955184638500213623046875" lon="-105.295997299253940582275390625">
        <ele>1918.800048828125</ele>
        <time>2026-07-18T16:38:18.000Z</time>
        <extensions>
          <ns3:TrackPointExtension>
            <ns3:atemp>34.0</ns3:atemp>
          </ns3:TrackPointExtension>
        </extensions>
      </trkpt>
      <trkpt lat="40.00212871469557285308837890625" lon="-105.29595782049000263214111328125">
        <ele>1918.800048828125</ele>
        <time>2026-07-18T16:38:19.000Z</time>
        <extensions>
          <ns3:TrackPointExtension>
            <ns3:atemp>34.0</ns3:atemp>
          </ns3:TrackPointExtension>
        </extensions>
      </trkpt>
      <trkpt lat="40.002099461853504180908203125" lon="-105.2959029190242290496826171875">
        <ele>1918.800048828125</ele>
        <time>2026-07-18T16:38:20.000Z</time>
        <extensions>
          <ns3:TrackPointExtension>
            <ns3:atemp>34.0</ns3:atemp>
          </ns3:TrackPointExtension>
        </extensions>
      </trkpt>
      <trkpt lat="40.0020412914454936981201171875" lon="-105.2957517094910144805908203125">
        <ele>1918.5999755859375</ele>
        <time>2026-07-18T16:38:22.000Z</time>
        <extensions>
          <ns3:TrackPointExtension>
            <ns3:atemp>34.0</ns3:atemp>
          </ns3:TrackPointExtension>
        </extensions>
      </trkpt>
      <trkpt lat="40.0020151399075984954833984375" lon="-105.2956357039511203765869140625">
        <ele>1918.4000244140625</ele>
        <time>2026-07-18T16:38:23.000Z</time>
        <extensions>
          <ns3:TrackPointExtension>
            <ns3:atemp>34.0</ns3:atemp>
          </ns3:TrackPointExtension>
        </extensions>
      </trkpt>
      <trkpt lat="40.00195629894733428955078125" lon="-105.2953440137207508087158203125">
        <ele>1917.199951171875</ele>
        <time>2026-07-18T16:38:26.000Z</time>
        <extensions>
          <ns3:TrackPointExtension>
            <ns3:atemp>34.0</ns3:atemp>
          </ns3:TrackPointExtension>
        </extensions>
      </trkpt>
      <trkpt lat="40.0018954463303089141845703125" lon="-105.2948575280606746673583984375">
        <ele>1915.800048828125</ele>
        <time>2026-07-18T16:38:30.000Z</time>
        <extensions>
          <ns3:TrackPointExtension>
            <ns3:atemp>34.0</ns3:atemp>
          </ns3:TrackPointExtension>
        </extensions>
      </trkpt>
      <trkpt lat="40.0018765032291412353515625" lon="-105.29472886584699153900146484375">
        <ele>1915.4000244140625</ele>
        <time>2026-07-18T16:38:31.000Z</time>
        <extensions>
          <ns3:TrackPointExtension>
            <ns3:atemp>34.0</ns3:atemp>
          </ns3:TrackPointExtension>
        </extensions>
      </trkpt>
      <trkpt lat="40.0018511898815631866455078125" lon="-105.29461822472512722015380859375">
        <ele>1914.5999755859375</ele>
        <time>2026-07-18T16:38:32.000Z</time>
        <extensions>
          <ns3:TrackPointExtension>
            <ns3:atemp>34.0</ns3:atemp>
          </ns3:TrackPointExtension>
        </extensions>
      </trkpt>
      <trkpt lat="40.0018263794481754302978515625" lon="-105.29454479925334453582763671875">
        <ele>1913.800048828125</ele>
        <time>2026-07-18T16:38:33.000Z</time>
        <extensions>
          <ns3:TrackPointExtension>
            <ns3:atemp>34.0</ns3:atemp>
          </ns3:TrackPointExtension>
        </extensions>
      </trkpt>
      <trkpt lat="40.001773573458194732666015625" lon="-105.29444488696753978729248046875">
        <ele>1913.4000244140625</ele>
        <time>2026-07-18T16:38:34.000Z</time>
        <extensions>
          <ns3:TrackPointExtension>
            <ns3:atemp>34.0</ns3:atemp>
          </ns3:TrackPointExtension>
        </extensions>
      </trkpt>
      <trkpt lat="40.001626051962375640869140625" lon="-105.29438504017889499664306640625">
        <ele>1912.199951171875</ele>
        <time>2026-07-18T16:38:36.000Z</time>
        <extensions>
          <ns3:TrackPointExtension>
            <ns3:atemp>34.0</ns3:atemp>
          </ns3:TrackPointExtension>
        </extensions>
      </trkpt>
      <trkpt lat="40.00147107057273387908935546875" lon="-105.2944541908800601959228515625">
        <ele>1911</ele>
        <time>2026-07-18T16:38:38.000Z</time>
        <extensions>
          <ns3:TrackPointExtension>
            <ns3:atemp>34.0</ns3:atemp>
          </ns3:TrackPointExtension>
        </extensions>
      </trkpt>
      <trkpt lat="40.00138104893267154693603515625" lon="-105.2945356629788875579833984375">
        <ele>1910.199951171875</ele>
        <time>2026-07-18T16:38:39.000Z</time>
        <extensions>
          <ns3:TrackPointExtension>
            <ns3:atemp>34.0</ns3:atemp>
          </ns3:TrackPointExtension>
        </extensions>
      </trkpt>
      <trkpt lat="40.001316927373409271240234375" lon="-105.2946223318576812744140625">
        <ele>1909.5999755859375</ele>
        <time>2026-07-18T16:38:40.000Z</time>
        <extensions>
          <ns3:TrackPointExtension>
            <ns3:atemp>34.0</ns3:atemp>
          </ns3:TrackPointExtension>
        </extensions>
      </trkpt>
      <trkpt lat="40.0012543983757495880126953125" lon="-105.2947187237441539764404296875">
        <ele>1909</ele>
        <time>2026-07-18T16:38:41.000Z</time>
        <extensions>
          <ns3:TrackPointExtension>
            <ns3:atemp>34.0</ns3:atemp>
          </ns3:TrackPointExtension>
        </extensions>
      </trkpt>
      <trkpt lat="40.001191534101963043212890625" lon="-105.2948008663952350616455078125">
        <ele>1908.4000244140625</ele>
        <time>2026-07-18T16:38:42.000Z</time>
        <extensions>
          <ns3:TrackPointExtension>
            <ns3:atemp>34.0</ns3:atemp>
          </ns3:TrackPointExtension>
        </extensions>
      </trkpt>
      <trkpt lat="40.0011243112385272979736328125" lon="-105.294856689870357513427734375">
        <ele>1908.199951171875</ele>
        <time>2026-07-18T16:38:43.000Z</time>
        <extensions>
          <ns3:TrackPointExtension>
            <ns3:atemp>34.0</ns3:atemp>
          </ns3:TrackPointExtension>
        </extensions>
      </trkpt>
      <trkpt lat="40.00105700455605983734130859375" lon="-105.29487253166735172271728515625">
        <ele>1907.5999755859375</ele>
        <time>2026-07-18T16:38:44.000Z</time>
        <extensions>
          <ns3:TrackPointExtension>
            <ns3:atemp>34.0</ns3:atemp>
          </ns3:TrackPointExtension>
        </extensions>
      </trkpt>
      <trkpt lat="40.00100813806056976318359375" lon="-105.29483414255082607269287109375">
        <ele>1907</ele>
        <time>2026-07-18T16:38:45.000Z</time>
        <extensions>
          <ns3:TrackPointExtension>
            <ns3:atemp>34.0</ns3:atemp>
          </ns3:TrackPointExtension>
        </extensions>
      </trkpt>
      <trkpt lat="40.00098441727459430694580078125" lon="-105.294757783412933349609375">
        <ele>1906.4000244140625</ele>
        <time>2026-07-18T16:38:46.000Z</time>
        <extensions>
          <ns3:TrackPointExtension>
            <ns3:atemp>34.0</ns3:atemp>
          </ns3:TrackPointExtension>
        </extensions>
      </trkpt>
      <trkpt lat="40.00099615193903446197509765625" lon="-105.294670276343822479248046875">
        <ele>1905.800048828125</ele>
        <time>2026-07-18T16:38:47.000Z</time>
        <extensions>
          <ns3:TrackPointExtension>
            <ns3:atemp>34.0</ns3:atemp>
          </ns3:TrackPointExtension>
        </extensions>
      </trkpt>
      <trkpt lat="40.00103739090263843536376953125" lon="-105.29460213147103786468505859375">
        <ele>1905.199951171875</ele>
        <time>2026-07-18T16:38:48.000Z</time>
        <extensions>
          <ns3:TrackPointExtension>
            <ns3:atemp>34.0</ns3:atemp>
          </ns3:TrackPointExtension>
        </extensions>
      </trkpt>
      <trkpt lat="40.0011075474321842193603515625" lon="-105.29452887363731861114501953125">
        <ele>1905</ele>
        <time>2026-07-18T16:38:49.000Z</time>
        <extensions>
          <ns3:TrackPointExtension>
            <ns3:atemp>34.0</ns3:atemp>
          </ns3:TrackPointExtension>
        </extensions>
      </trkpt>
      <trkpt lat="40.00118424184620380401611328125" lon="-105.29445326887071132659912109375">
        <ele>1904.4000244140625</ele>
        <time>2026-07-18T16:38:50.000Z</time>
        <extensions>
          <ns3:TrackPointExtension>
            <ns3:atemp>34.0</ns3:atemp>
          </ns3:TrackPointExtension>
        </extensions>
      </trkpt>
      <trkpt lat="40.001275353133678436279296875" lon="-105.29435922391712665557861328125">
        <ele>1904</ele>
        <time>2026-07-18T16:38:51.000Z</time>
        <extensions>
          <ns3:TrackPointExtension>
            <ns3:atemp>34.0</ns3:atemp>
          </ns3:TrackPointExtension>
        </extensions>
      </trkpt>
      <trkpt lat="40.00135690905153751373291015625" lon="-105.294285379350185394287109375">
        <ele>1903.199951171875</ele>
        <time>2026-07-18T16:38:52.000Z</time>
        <extensions>
          <ns3:TrackPointExtension>
            <ns3:atemp>34.0</ns3:atemp>
          </ns3:TrackPointExtension>
        </extensions>
      </trkpt>
      <trkpt lat="40.0014294125139713287353515625" lon="-105.29423802159726619720458984375">
        <ele>1902.4000244140625</ele>
        <time>2026-07-18T16:38:53.000Z</time>
        <extensions>
          <ns3:TrackPointExtension>
            <ns3:atemp>34.0</ns3:atemp>
          </ns3:TrackPointExtension>
        </extensions>
      </trkpt>
      <trkpt lat="40.0016426481306552886962890625" lon="-105.29411916621029376983642578125">
        <ele>1901.5999755859375</ele>
        <time>2026-07-18T16:38:55.000Z</time>
        <extensions>
          <ns3:TrackPointExtension>
            <ns3:atemp>34.0</ns3:atemp>
          </ns3:TrackPointExtension>
        </extensions>
      </trkpt>
      <trkpt lat="40.0017449073493480682373046875" lon="-105.294076837599277496337890625">
        <ele>1901.199951171875</ele>
        <time>2026-07-18T16:38:56.000Z</time>
        <extensions>
          <ns3:TrackPointExtension>
            <ns3:atemp>34.0</ns3:atemp>
          </ns3:TrackPointExtension>
        </extensions>
      </trkpt>
      <trkpt lat="40.00182981602847576141357421875" lon="-105.2940431423485279083251953125">
        <ele>1900.199951171875</ele>
        <time>2026-07-18T16:38:57.000Z</time>
        <extensions>
          <ns3:TrackPointExtension>
            <ns3:atemp>34.0</ns3:atemp>
          </ns3:TrackPointExtension>
        </extensions>
      </trkpt>
      <trkpt lat="40.0019430555403232574462890625" lon="-105.29400877654552459716796875">
        <ele>1899.5999755859375</ele>
        <time>2026-07-18T16:38:58.000Z</time>
        <extensions>
          <ns3:TrackPointExtension>
            <ns3:atemp>34.0</ns3:atemp>
          </ns3:TrackPointExtension>
        </extensions>
      </trkpt>
      <trkpt lat="40.00208278186619281768798828125" lon="-105.293987654149532318115234375">
        <ele>1898.800048828125</ele>
        <time>2026-07-18T16:38:59.000Z</time>
        <extensions>
          <ns3:TrackPointExtension>
            <ns3:atemp>34.0</ns3:atemp>
          </ns3:TrackPointExtension>
        </extensions>
      </trkpt>
      <trkpt lat="40.00219124369323253631591796875" lon="-105.2939881570637226104736328125">
        <ele>1898.4000244140625</ele>
        <time>2026-07-18T16:39:00.000Z</time>
        <extensions>
          <ns3:TrackPointExtension>
            <ns3:atemp>34.0</ns3:atemp>
          </ns3:TrackPointExtension>
        </extensions>
      </trkpt>
      <trkpt lat="40.00230121426284313201904296875" lon="-105.29400072991847991943359375">
        <ele>1897.4000244140625</ele>
        <time>2026-07-18T16:39:01.000Z</time>
        <extensions>
          <ns3:TrackPointExtension>
            <ns3:atemp>34.0</ns3:atemp>
          </ns3:TrackPointExtension>
        </extensions>
      </trkpt>
      <trkpt lat="40.002505145967006683349609375" lon="-105.29403149150311946868896484375">
        <ele>1896.4000244140625</ele>
        <time>2026-07-18T16:39:03.000Z</time>
        <extensions>
          <ns3:TrackPointExtension>
            <ns3:atemp>34.0</ns3:atemp>
          </ns3:TrackPointExtension>
        </extensions>
      </trkpt>
      <trkpt lat="40.00274646095931529998779296875" lon="-105.294072143733501434326171875">
        <ele>1895.4000244140625</ele>
        <time>2026-07-18T16:39:05.000Z</time>
        <extensions>
          <ns3:TrackPointExtension>
            <ns3:atemp>34.0</ns3:atemp>
          </ns3:TrackPointExtension>
        </extensions>
      </trkpt>
      <trkpt lat="40.00286154448986053466796875" lon="-105.2940832078456878662109375">
        <ele>1895</ele>
        <time>2026-07-18T16:39:06.000Z</time>
        <extensions>
          <ns3:TrackPointExtension>
            <ns3:atemp>34.0</ns3:atemp>
          </ns3:TrackPointExtension>
        </extensions>
      </trkpt>
      <trkpt lat="40.00307436101138591766357421875" lon="-105.29410206712782382965087890625">
        <ele>1893.800048828125</ele>
        <time>2026-07-18T16:39:08.000Z</time>
        <extensions>
          <ns3:TrackPointExtension>
            <ns3:atemp>34.0</ns3:atemp>
          </ns3:TrackPointExtension>
        </extensions>
      </trkpt>
      <trkpt lat="40.00317594967782497406005859375" lon="-105.29412654228508472442626953125">
        <ele>1893</ele>
        <time>2026-07-18T16:39:09.000Z</time>
        <extensions>
          <ns3:TrackPointExtension>
            <ns3:atemp>34.0</ns3:atemp>
          </ns3:TrackPointExtension>
        </extensions>
      </trkpt>
      <trkpt lat="40.0032714195549488067626953125" lon="-105.2941631712019443511962890625">
        <ele>1892</ele>
        <time>2026-07-18T16:39:10.000Z</time>
        <extensions>
          <ns3:TrackPointExtension>
            <ns3:atemp>34.0</ns3:atemp>
          </ns3:TrackPointExtension>
        </extensions>
      </trkpt>
      <trkpt lat="40.00342204235494136810302734375" lon="-105.294306166470050811767578125">
        <ele>1891.199951171875</ele>
        <time>2026-07-18T16:39:12.000Z</time>
        <extensions>
          <ns3:TrackPointExtension>
            <ns3:atemp>34.0</ns3:atemp>
          </ns3:TrackPointExtension>
        </extensions>
      </trkpt>
      <trkpt lat="40.0034750998020172119140625" lon="-105.29441823251545429229736328125">
        <ele>1890.199951171875</ele>
        <time>2026-07-18T16:39:13.000Z</time>
        <extensions>
          <ns3:TrackPointExtension>
            <ns3:atemp>34.0</ns3:atemp>
          </ns3:TrackPointExtension>
        </extensions>
      </trkpt>
      <trkpt lat="40.00355497933924198150634765625" lon="-105.29466097243130207061767578125">
        <ele>1888.5999755859375</ele>
        <time>2026-07-18T16:39:15.000Z</time>
        <extensions>
          <ns3:TrackPointExtension>
            <ns3:atemp>34.0</ns3:atemp>
          </ns3:TrackPointExtension>
        </extensions>
      </trkpt>
      <trkpt lat="40.00368875451385974884033203125" lon="-105.29502927325665950775146484375">
        <ele>1887.199951171875</ele>
        <time>2026-07-18T16:39:18.000Z</time>
        <extensions>
          <ns3:TrackPointExtension>
            <ns3:atemp>34.0</ns3:atemp>
          </ns3:TrackPointExtension>
        </extensions>
      </trkpt>
      <trkpt lat="40.00376276671886444091796875" lon="-105.29523932375013828277587890625">
        <ele>1885.800048828125</ele>
        <time>2026-07-18T16:39:20.000Z</time>
        <extensions>
          <ns3:TrackPointExtension>
            <ns3:atemp>34.0</ns3:atemp>
          </ns3:TrackPointExtension>
        </extensions>
      </trkpt>
      <trkpt lat="40.00381238758563995361328125" lon="-105.29534694738686084747314453125">
        <ele>1885.4000244140625</ele>
        <time>2026-07-18T16:39:21.000Z</time>
        <extensions>
          <ns3:TrackPointExtension>
            <ns3:atemp>34.0</ns3:atemp>
          </ns3:TrackPointExtension>
        </extensions>
      </trkpt>
      <trkpt lat="40.00387148000299930572509765625" lon="-105.29544551856815814971923828125">
        <ele>1884.5999755859375</ele>
        <time>2026-07-18T16:39:22.000Z</time>
        <extensions>
          <ns3:TrackPointExtension>
            <ns3:atemp>34.0</ns3:atemp>
          </ns3:TrackPointExtension>
        </extensions>
      </trkpt>
      <trkpt lat="40.0039391219615936279296875" lon="-105.2955321036279201507568359375">
        <ele>1884.4000244140625</ele>
        <time>2026-07-18T16:39:23.000Z</time>
        <extensions>
          <ns3:TrackPointExtension>
            <ns3:atemp>34.0</ns3:atemp>
          </ns3:TrackPointExtension>
        </extensions>
      </trkpt>
      <trkpt lat="40.00402134843170642852783203125" lon="-105.295613072812557220458984375">
        <ele>1883.800048828125</ele>
        <time>2026-07-18T16:39:24.000Z</time>
        <extensions>
          <ns3:TrackPointExtension>
            <ns3:atemp>34.0</ns3:atemp>
          </ns3:TrackPointExtension>
        </extensions>
      </trkpt>
      <trkpt lat="40.00411656685173511505126953125" lon="-105.295675434172153472900390625">
        <ele>1883.199951171875</ele>
        <time>2026-07-18T16:39:25.000Z</time>
        <extensions>
          <ns3:TrackPointExtension>
            <ns3:atemp>34.0</ns3:atemp>
          </ns3:TrackPointExtension>
        </extensions>
      </trkpt>
      <trkpt lat="40.00421765260398387908935546875" lon="-105.29571491293609142303466796875">
        <ele>1882.199951171875</ele>
        <time>2026-07-18T16:39:26.000Z</time>
        <extensions>
          <ns3:TrackPointExtension>
            <ns3:atemp>34.0</ns3:atemp>
          </ns3:TrackPointExtension>
        </extensions>
      </trkpt>
      <trkpt lat="40.00432242639362812042236328125" lon="-105.29572329483926296234130859375">
        <ele>1881.800048828125</ele>
        <time>2026-07-18T16:39:27.000Z</time>
        <extensions>
          <ns3:TrackPointExtension>
            <ns3:atemp>34.0</ns3:atemp>
          </ns3:TrackPointExtension>
        </extensions>
      </trkpt>
      <trkpt lat="40.0044272840023040771484375" lon="-105.2957007475197315216064453125">
        <ele>1880.5999755859375</ele>
        <time>2026-07-18T16:39:28.000Z</time>
        <extensions>
          <ns3:TrackPointExtension>
            <ns3:atemp>34.0</ns3:atemp>
          </ns3:TrackPointExtension>
        </extensions>
      </trkpt>
      <trkpt lat="40.00453121960163116455078125" lon="-105.29564618133008480072021484375">
        <ele>1880.199951171875</ele>
        <time>2026-07-18T16:39:29.000Z</time>
        <extensions>
          <ns3:TrackPointExtension>
            <ns3:atemp>34.0</ns3:atemp>
          </ns3:TrackPointExtension>
        </extensions>
      </trkpt>
      <trkpt lat="40.004651583731174468994140625" lon="-105.29555230401456356048583984375">
        <ele>1879.199951171875</ele>
        <time>2026-07-18T16:39:30.000Z</time>
        <extensions>
          <ns3:TrackPointExtension>
            <ns3:atemp>34.0</ns3:atemp>
          </ns3:TrackPointExtension>
        </extensions>
      </trkpt>
      <trkpt lat="40.0047462992370128631591796875" lon="-105.29545775614678859710693359375">
        <ele>1878.199951171875</ele>
        <time>2026-07-18T16:39:31.000Z</time>
        <extensions>
          <ns3:TrackPointExtension>
            <ns3:atemp>34.0</ns3:atemp>
          </ns3:TrackPointExtension>
        </extensions>
      </trkpt>
      <trkpt lat="40.00491720624268054962158203125" lon="-105.2952437661588191986083984375">
        <ele>1876.5999755859375</ele>
        <time>2026-07-18T16:39:33.000Z</time>
        <extensions>
          <ns3:TrackPointExtension>
            <ns3:atemp>34.0</ns3:atemp>
          </ns3:TrackPointExtension>
        </extensions>
      </trkpt>
      <trkpt lat="40.00500521622598171234130859375" lon="-105.29513857327401638031005859375">
        <ele>1876.199951171875</ele>
        <time>2026-07-18T16:39:34.000Z</time>
        <extensions>
          <ns3:TrackPointExtension>
            <ns3:atemp>34.0</ns3:atemp>
          </ns3:TrackPointExtension>
        </extensions>
      </trkpt>
      <trkpt lat="40.0051032006740570068359375" lon="-105.29505752027034759521484375">
        <ele>1875.199951171875</ele>
        <time>2026-07-18T16:39:35.000Z</time>
        <extensions>
          <ns3:TrackPointExtension>
            <ns3:atemp>34.0</ns3:atemp>
          </ns3:TrackPointExtension>
        </extensions>
      </trkpt>
      <trkpt lat="40.00520990230143070220947265625" lon="-105.29500178061425685882568359375">
        <ele>1875</ele>
        <time>2026-07-18T16:39:36.000Z</time>
        <extensions>
          <ns3:TrackPointExtension>
            <ns3:atemp>34.0</ns3:atemp>
          </ns3:TrackPointExtension>
        </extensions>
      </trkpt>
      <trkpt lat="40.00543688423931598663330078125" lon="-105.2949557639658451080322265625">
        <ele>1874.199951171875</ele>
        <time>2026-07-18T16:39:38.000Z</time>
        <extensions>
          <ns3:TrackPointExtension>
            <ns3:atemp>34.0</ns3:atemp>
          </ns3:TrackPointExtension>
        </extensions>
      </trkpt>
      <trkpt lat="40.00555372796952724456787109375" lon="-105.2949440293014049530029296875">
        <ele>1873.4000244140625</ele>
        <time>2026-07-18T16:39:39.000Z</time>
        <extensions>
          <ns3:TrackPointExtension>
            <ns3:atemp>34.0</ns3:atemp>
          </ns3:TrackPointExtension>
        </extensions>
      </trkpt>
      <trkpt lat="40.005675517022609710693359375" lon="-105.29492097906768321990966796875">
        <ele>1872.5999755859375</ele>
        <time>2026-07-18T16:39:40.000Z</time>
        <extensions>
          <ns3:TrackPointExtension>
            <ns3:atemp>34.0</ns3:atemp>
          </ns3:TrackPointExtension>
        </extensions>
      </trkpt>
      <trkpt lat="40.00592202879488468170166015625" lon="-105.294872783124446868896484375">
        <ele>1871.199951171875</ele>
        <time>2026-07-18T16:39:42.000Z</time>
        <extensions>
          <ns3:TrackPointExtension>
            <ns3:atemp>34.0</ns3:atemp>
          </ns3:TrackPointExtension>
        </extensions>
      </trkpt>
      <trkpt lat="40.00615395605564117431640625" lon="-105.29480447061359882354736328125">
        <ele>1869.800048828125</ele>
        <time>2026-07-18T16:39:44.000Z</time>
        <extensions>
          <ns3:TrackPointExtension>
            <ns3:atemp>34.0</ns3:atemp>
          </ns3:TrackPointExtension>
        </extensions>
      </trkpt>
      <trkpt lat="40.00636710785329341888427734375" lon="-105.2947371639311313629150390625">
        <ele>1868</ele>
        <time>2026-07-18T16:39:46.000Z</time>
        <extensions>
          <ns3:TrackPointExtension>
            <ns3:atemp>34.0</ns3:atemp>
          </ns3:TrackPointExtension>
        </extensions>
      </trkpt>
      <trkpt lat="40.00647582113742828369140625" lon="-105.29469382949173450469970703125">
        <ele>1867.4000244140625</ele>
        <time>2026-07-18T16:39:47.000Z</time>
        <extensions>
          <ns3:TrackPointExtension>
            <ns3:atemp>34.0</ns3:atemp>
          </ns3:TrackPointExtension>
        </extensions>
      </trkpt>
      <trkpt lat="40.006595514714717864990234375" lon="-105.29463901184499263763427734375">
        <ele>1866.4000244140625</ele>
        <time>2026-07-18T16:39:48.000Z</time>
        <extensions>
          <ns3:TrackPointExtension>
            <ns3:atemp>34.0</ns3:atemp>
          </ns3:TrackPointExtension>
        </extensions>
      </trkpt>
      <trkpt lat="40.00669098459184169769287109375" lon="-105.29458343982696533203125">
        <ele>1865</ele>
        <time>2026-07-18T16:39:49.000Z</time>
        <extensions>
          <ns3:TrackPointExtension>
            <ns3:atemp>34.0</ns3:atemp>
          </ns3:TrackPointExtension>
        </extensions>
      </trkpt>
      <trkpt lat="40.00677413307130336761474609375" lon="-105.29450590722262859344482421875">
        <ele>1864.4000244140625</ele>
        <time>2026-07-18T16:39:50.000Z</time>
        <extensions>
          <ns3:TrackPointExtension>
            <ns3:atemp>34.0</ns3:atemp>
          </ns3:TrackPointExtension>
        </extensions>
      </trkpt>
      <trkpt lat="40.00684957019984722137451171875" lon="-105.2944106049835681915283203125">
        <ele>1863.5999755859375</ele>
        <time>2026-07-18T16:39:51.000Z</time>
        <extensions>
          <ns3:TrackPointExtension>
            <ns3:atemp>34.0</ns3:atemp>
          </ns3:TrackPointExtension>
        </extensions>
      </trkpt>
      <trkpt lat="40.00690388493239879608154296875" lon="-105.2943214215338230133056640625">
        <ele>1863.199951171875</ele>
        <time>2026-07-18T16:39:52.000Z</time>
        <extensions>
          <ns3:TrackPointExtension>
            <ns3:atemp>34.0</ns3:atemp>
          </ns3:TrackPointExtension>
        </extensions>
      </trkpt>
      <trkpt lat="40.00697244890034198760986328125" lon="-105.29417239129543304443359375">
        <ele>1862</ele>
        <time>2026-07-18T16:39:53.000Z</time>
        <extensions>
          <ns3:TrackPointExtension>
            <ns3:atemp>34.0</ns3:atemp>
          </ns3:TrackPointExtension>
        </extensions>
      </trkpt>
      <trkpt lat="40.00699642114341259002685546875" lon="-105.294065773487091064453125">
        <ele>1861.4000244140625</ele>
        <time>2026-07-18T16:39:54.000Z</time>
        <extensions>
          <ns3:TrackPointExtension>
            <ns3:atemp>34.0</ns3:atemp>
          </ns3:TrackPointExtension>
        </extensions>
      </trkpt>
      <trkpt lat="40.00700530596077442169189453125" lon="-105.29393090866506099700927734375">
        <ele>1860.800048828125</ele>
        <time>2026-07-18T16:39:55.000Z</time>
        <extensions>
          <ns3:TrackPointExtension>
            <ns3:atemp>34.0</ns3:atemp>
          </ns3:TrackPointExtension>
        </extensions>
      </trkpt>
      <trkpt lat="40.00698569230735301971435546875" lon="-105.29379931278526782989501953125">
        <ele>1860.199951171875</ele>
        <time>2026-07-18T16:39:56.000Z</time>
        <extensions>
          <ns3:TrackPointExtension>
            <ns3:atemp>34.0</ns3:atemp>
          </ns3:TrackPointExtension>
        </extensions>
      </trkpt>
      <trkpt lat="40.0069390051066875457763671875" lon="-105.293678529560565948486328125">
        <ele>1859.199951171875</ele>
        <time>2026-07-18T16:39:57.000Z</time>
        <extensions>
          <ns3:TrackPointExtension>
            <ns3:atemp>34.0</ns3:atemp>
          </ns3:TrackPointExtension>
        </extensions>
      </trkpt>
      <trkpt lat="40.00686767511069774627685546875" lon="-105.2935767732560634613037109375">
        <ele>1857.5999755859375</ele>
        <time>2026-07-18T16:39:58.000Z</time>
        <extensions>
          <ns3:TrackPointExtension>
            <ns3:atemp>34.0</ns3:atemp>
          </ns3:TrackPointExtension>
        </extensions>
      </trkpt>
      <trkpt lat="40.00677346251904964447021484375" lon="-105.293496809899806976318359375">
        <ele>1857</ele>
        <time>2026-07-18T16:39:59.000Z</time>
        <extensions>
          <ns3:TrackPointExtension>
            <ns3:atemp>34.0</ns3:atemp>
          </ns3:TrackPointExtension>
        </extensions>
      </trkpt>
      <trkpt lat="40.00667740590870380401611328125" lon="-105.29341676272451877593994140625">
        <ele>1855.5999755859375</ele>
        <time>2026-07-18T16:40:00.000Z</time>
        <extensions>
          <ns3:TrackPointExtension>
            <ns3:atemp>34.0</ns3:atemp>
          </ns3:TrackPointExtension>
        </extensions>
      </trkpt>
      <trkpt lat="40.0064746476709842681884765625" lon="-105.29325298033654689788818359375">
        <ele>1853.199951171875</ele>
        <time>2026-07-18T16:40:02.000Z</time>
        <extensions>
          <ns3:TrackPointExtension>
            <ns3:atemp>34.0</ns3:atemp>
          </ns3:TrackPointExtension>
        </extensions>
      </trkpt>
      <trkpt lat="40.006268285214900970458984375" lon="-105.293091796338558197021484375">
        <ele>1851</ele>
        <time>2026-07-18T16:40:04.000Z</time>
        <extensions>
          <ns3:TrackPointExtension>
            <ns3:atemp>34.0</ns3:atemp>
          </ns3:TrackPointExtension>
        </extensions>
      </trkpt>
      <trkpt lat="40.00615169294178485870361328125" lon="-105.29303890652954578399658203125">
        <ele>1849.800048828125</ele>
        <time>2026-07-18T16:40:05.000Z</time>
        <extensions>
          <ns3:TrackPointExtension>
            <ns3:atemp>34.0</ns3:atemp>
          </ns3:TrackPointExtension>
        </extensions>
      </trkpt>
      <trkpt lat="40.006024874746799468994140625" lon="-105.29301677830517292022705078125">
        <ele>1848.199951171875</ele>
        <time>2026-07-18T16:40:06.000Z</time>
        <extensions>
          <ns3:TrackPointExtension>
            <ns3:atemp>34.0</ns3:atemp>
          </ns3:TrackPointExtension>
        </extensions>
      </trkpt>
      <trkpt lat="40.00590543262660503387451171875" lon="-105.29301878996193408966064453125">
        <ele>1847.4000244140625</ele>
        <time>2026-07-18T16:40:07.000Z</time>
        <extensions>
          <ns3:TrackPointExtension>
            <ns3:atemp>34.0</ns3:atemp>
          </ns3:TrackPointExtension>
        </extensions>
      </trkpt>
      <trkpt lat="40.005798228085041046142578125" lon="-105.2930398285388946533203125">
        <ele>1846.4000244140625</ele>
        <time>2026-07-18T16:40:08.000Z</time>
        <extensions>
          <ns3:TrackPointExtension>
            <ns3:atemp>34.0</ns3:atemp>
          </ns3:TrackPointExtension>
        </extensions>
      </trkpt>
      <trkpt lat="40.00568800605833530426025390625" lon="-105.29306103475391864776611328125">
        <ele>1845</ele>
        <time>2026-07-18T16:40:09.000Z</time>
        <extensions>
          <ns3:TrackPointExtension>
            <ns3:atemp>34.0</ns3:atemp>
          </ns3:TrackPointExtension>
        </extensions>
      </trkpt>
      <trkpt lat="40.00557619147002696990966796875" lon="-105.2930854260921478271484375">
        <ele>1844.199951171875</ele>
        <time>2026-07-18T16:40:10.000Z</time>
        <extensions>
          <ns3:TrackPointExtension>
            <ns3:atemp>34.0</ns3:atemp>
          </ns3:TrackPointExtension>
        </extensions>
      </trkpt>
      <trkpt lat="40.0054587610065937042236328125" lon="-105.293095819652080535888671875">
        <ele>1842.5999755859375</ele>
        <time>2026-07-18T16:40:11.000Z</time>
        <extensions>
          <ns3:TrackPointExtension>
            <ns3:atemp>34.0</ns3:atemp>
          </ns3:TrackPointExtension>
        </extensions>
      </trkpt>
      <trkpt lat="40.005336888134479522705078125" lon="-105.2930926345288753509521484375">
        <ele>1842</ele>
        <time>2026-07-18T16:40:12.000Z</time>
        <extensions>
          <ns3:TrackPointExtension>
            <ns3:atemp>34.0</ns3:atemp>
          </ns3:TrackPointExtension>
        </extensions>
      </trkpt>
      <trkpt lat="40.0052166916429996490478515625" lon="-105.29309238307178020477294921875">
        <ele>1840.5999755859375</ele>
        <time>2026-07-18T16:40:13.000Z</time>
        <extensions>
          <ns3:TrackPointExtension>
            <ns3:atemp>34.0</ns3:atemp>
          </ns3:TrackPointExtension>
        </extensions>
      </trkpt>
      <trkpt lat="40.0050986744463443756103515625" lon="-105.29310998506844043731689453125">
        <ele>1840</ele>
        <time>2026-07-18T16:40:14.000Z</time>
        <extensions>
          <ns3:TrackPointExtension>
            <ns3:atemp>34.0</ns3:atemp>
          </ns3:TrackPointExtension>
        </extensions>
      </trkpt>
      <trkpt lat="40.00498459674417972564697265625" lon="-105.293146111071109771728515625">
        <ele>1838.199951171875</ele>
        <time>2026-07-18T16:40:15.000Z</time>
        <extensions>
          <ns3:TrackPointExtension>
            <ns3:atemp>34.0</ns3:atemp>
          </ns3:TrackPointExtension>
        </extensions>
      </trkpt>
      <trkpt lat="40.00478963367640972137451171875" lon="-105.2932207100093364715576171875">
        <ele>1836.4000244140625</ele>
        <time>2026-07-18T16:40:17.000Z</time>
        <extensions>
          <ns3:TrackPointExtension>
            <ns3:atemp>34.0</ns3:atemp>
          </ns3:TrackPointExtension>
        </extensions>
      </trkpt>
      <trkpt lat="40.00470682047307491302490234375" lon="-105.293214507400989532470703125">
        <ele>1835.4000244140625</ele>
        <time>2026-07-18T16:40:18.000Z</time>
        <extensions>
          <ns3:TrackPointExtension>
            <ns3:atemp>34.0</ns3:atemp>
          </ns3:TrackPointExtension>
        </extensions>
      </trkpt>
      <trkpt lat="40.0046262703835964202880859375" lon="-105.29315625317394733428955078125">
        <ele>1834.800048828125</ele>
        <time>2026-07-18T16:40:19.000Z</time>
        <extensions>
          <ns3:TrackPointExtension>
            <ns3:atemp>34.0</ns3:atemp>
          </ns3:TrackPointExtension>
        </extensions>
      </trkpt>
      <trkpt lat="40.00457690097391605377197265625" lon="-105.29305659234523773193359375">
        <ele>1833.199951171875</ele>
        <time>2026-07-18T16:40:20.000Z</time>
        <extensions>
          <ns3:TrackPointExtension>
            <ns3:atemp>34.0</ns3:atemp>
          </ns3:TrackPointExtension>
        </extensions>
      </trkpt>
      <trkpt lat="40.00455074943602085113525390625" lon="-105.29294117353856563568115234375">
        <ele>1832.5999755859375</ele>
        <time>2026-07-18T16:40:21.000Z</time>
        <extensions>
          <ns3:TrackPointExtension>
            <ns3:atemp>34.0</ns3:atemp>
          </ns3:TrackPointExtension>
        </extensions>
      </trkpt>
      <trkpt lat="40.00450246967375278472900390625" lon="-105.292700193822383880615234375">
        <ele>1831</ele>
        <time>2026-07-18T16:40:22.000Z</time>
        <extensions>
          <ns3:TrackPointExtension>
            <ns3:atemp>34.0</ns3:atemp>
          </ns3:TrackPointExtension>
        </extensions>
      </trkpt>
      <trkpt lat="40.00450246967375278472900390625" lon="-105.292700193822383880615234375">
        <ele>1830.199951171875</ele>
        <time>2026-07-18T16:40:23.000Z</time>
        <extensions>
          <ns3:TrackPointExtension>
            <ns3:atemp>34.0</ns3:atemp>
          </ns3:TrackPointExtension>
        </extensions>
      </trkpt>
      <trkpt lat="40.00448034144937992095947265625" lon="-105.29257287271320819854736328125">
        <ele>1829.4000244140625</ele>
        <time>2026-07-18T16:40:24.000Z</time>
        <extensions>
          <ns3:TrackPointExtension>
            <ns3:atemp>34.0</ns3:atemp>
          </ns3:TrackPointExtension>
        </extensions>
      </trkpt>
      <trkpt lat="40.004442036151885986328125" lon="-105.2924522571265697479248046875">
        <ele>1829</ele>
        <time>2026-07-18T16:40:25.000Z</time>
        <extensions>
          <ns3:TrackPointExtension>
            <ns3:atemp>34.0</ns3:atemp>
          </ns3:TrackPointExtension>
        </extensions>
      </trkpt>
      <trkpt lat="40.004386715590953826904296875" lon="-105.2923469804227352142333984375">
        <ele>1827.5999755859375</ele>
        <time>2026-07-18T16:40:26.000Z</time>
        <extensions>
          <ns3:TrackPointExtension>
            <ns3:atemp>34.0</ns3:atemp>
          </ns3:TrackPointExtension>
        </extensions>
      </trkpt>
      <trkpt lat="40.00431152991950511932373046875" lon="-105.29226559214293956756591796875">
        <ele>1826.4000244140625</ele>
        <time>2026-07-18T16:40:27.000Z</time>
        <extensions>
          <ns3:TrackPointExtension>
            <ns3:atemp>34.0</ns3:atemp>
          </ns3:TrackPointExtension>
        </extensions>
      </trkpt>
      <trkpt lat="40.00422419048845767974853515625" lon="-105.292228125035762786865234375">
        <ele>1825.800048828125</ele>
        <time>2026-07-18T16:40:28.000Z</time>
        <extensions>
          <ns3:TrackPointExtension>
            <ns3:atemp>34.0</ns3:atemp>
          </ns3:TrackPointExtension>
        </extensions>
      </trkpt>
      <trkpt lat="40.004102401435375213623046875" lon="-105.29222938232123851776123046875">
        <ele>1824.5999755859375</ele>
        <time>2026-07-18T16:40:29.000Z</time>
        <extensions>
          <ns3:TrackPointExtension>
            <ns3:atemp>34.0</ns3:atemp>
          </ns3:TrackPointExtension>
        </extensions>
      </trkpt>
      <trkpt lat="40.0040127150714397430419921875" lon="-105.292242877185344696044921875">
        <ele>1824</ele>
        <time>2026-07-18T16:40:30.000Z</time>
        <extensions>
          <ns3:TrackPointExtension>
            <ns3:atemp>34.0</ns3:atemp>
          </ns3:TrackPointExtension>
        </extensions>
      </trkpt>
      <trkpt lat="40.0039047561585903167724609375" lon="-105.29227598570287227630615234375">
        <ele>1822.4000244140625</ele>
        <time>2026-07-18T16:40:31.000Z</time>
        <extensions>
          <ns3:TrackPointExtension>
            <ns3:atemp>34.0</ns3:atemp>
          </ns3:TrackPointExtension>
        </extensions>
      </trkpt>
      <trkpt lat="40.003697387874126434326171875" lon="-105.29235745780169963836669921875">
        <ele>1820.5999755859375</ele>
        <time>2026-07-18T16:40:33.000Z</time>
        <extensions>
          <ns3:TrackPointExtension>
            <ns3:atemp>34.0</ns3:atemp>
          </ns3:TrackPointExtension>
        </extensions>
      </trkpt>
      <trkpt lat="40.00359253026545047760009765625" lon="-105.2923929132521152496337890625">
        <ele>1819.5999755859375</ele>
        <time>2026-07-18T16:40:34.000Z</time>
        <extensions>
          <ns3:TrackPointExtension>
            <ns3:atemp>34.0</ns3:atemp>
          </ns3:TrackPointExtension>
        </extensions>
      </trkpt>
      <trkpt lat="40.003484822809696197509765625" lon="-105.292413532733917236328125">
        <ele>1817.800048828125</ele>
        <time>2026-07-18T16:40:35.000Z</time>
        <extensions>
          <ns3:TrackPointExtension>
            <ns3:atemp>34.0</ns3:atemp>
          </ns3:TrackPointExtension>
        </extensions>
      </trkpt>
      <trkpt lat="40.0033771991729736328125" lon="-105.29242350719869136810302734375">
        <ele>1816</ele>
        <time>2026-07-18T16:40:36.000Z</time>
        <extensions>
          <ns3:TrackPointExtension>
            <ns3:atemp>34.0</ns3:atemp>
          </ns3:TrackPointExtension>
        </extensions>
      </trkpt>
      <trkpt lat="40.00316455028951168060302734375" lon="-105.2924250997602939605712890625">
        <ele>1813.5999755859375</ele>
        <time>2026-07-18T16:40:38.000Z</time>
        <extensions>
          <ns3:TrackPointExtension>
            <ns3:atemp>34.0</ns3:atemp>
          </ns3:TrackPointExtension>
        </extensions>
      </trkpt>
      <trkpt lat="40.00303396023809909820556640625" lon="-105.29240892268717288970947265625">
        <ele>1812.800048828125</ele>
        <time>2026-07-18T16:40:39.000Z</time>
        <extensions>
          <ns3:TrackPointExtension>
            <ns3:atemp>34.0</ns3:atemp>
          </ns3:TrackPointExtension>
        </extensions>
      </trkpt>
      <trkpt lat="40.00293932855129241943359375" lon="-105.2923815138638019561767578125">
        <ele>1811.800048828125</ele>
        <time>2026-07-18T16:40:40.000Z</time>
        <extensions>
          <ns3:TrackPointExtension>
            <ns3:atemp>34.0</ns3:atemp>
          </ns3:TrackPointExtension>
        </extensions>
      </trkpt>
      <trkpt lat="40.002835057675838470458984375" lon="-105.29233667068183422088623046875">
        <ele>1811.5999755859375</ele>
        <time>2026-07-18T16:40:41.000Z</time>
        <extensions>
          <ns3:TrackPointExtension>
            <ns3:atemp>34.0</ns3:atemp>
          </ns3:TrackPointExtension>
        </extensions>
      </trkpt>
      <trkpt lat="40.0027460418641567230224609375" lon="-105.2922566235065460205078125">
        <ele>1810.4000244140625</ele>
        <time>2026-07-18T16:40:42.000Z</time>
        <extensions>
          <ns3:TrackPointExtension>
            <ns3:atemp>34.0</ns3:atemp>
          </ns3:TrackPointExtension>
        </extensions>
      </trkpt>
      <trkpt lat="40.0026712752878665924072265625" lon="-105.29214170761406421661376953125">
        <ele>1810.199951171875</ele>
        <time>2026-07-18T16:40:43.000Z</time>
        <extensions>
          <ns3:TrackPointExtension>
            <ns3:atemp>34.0</ns3:atemp>
          </ns3:TrackPointExtension>
        </extensions>
      </trkpt>
      <trkpt lat="40.00259642489254474639892578125" lon="-105.292022936046123504638671875">
        <ele>1809.4000244140625</ele>
        <time>2026-07-18T16:40:44.000Z</time>
        <extensions>
          <ns3:TrackPointExtension>
            <ns3:atemp>34.0</ns3:atemp>
          </ns3:TrackPointExtension>
        </extensions>
      </trkpt>
      <trkpt lat="40.00251813791692256927490234375" lon="-105.29190818779170513153076171875">
        <ele>1808.5999755859375</ele>
        <time>2026-07-18T16:40:45.000Z</time>
        <extensions>
          <ns3:TrackPointExtension>
            <ns3:atemp>34.0</ns3:atemp>
          </ns3:TrackPointExtension>
        </extensions>
      </trkpt>
      <trkpt lat="40.002433396875858306884765625" lon="-105.29179285280406475067138671875">
        <ele>1808.199951171875</ele>
        <time>2026-07-18T16:40:46.000Z</time>
        <extensions>
          <ns3:TrackPointExtension>
            <ns3:atemp>34.0</ns3:atemp>
          </ns3:TrackPointExtension>
        </extensions>
      </trkpt>
      <trkpt lat="40.00234127976000308990478515625" lon="-105.29168623499572277069091796875">
        <ele>1807.4000244140625</ele>
        <time>2026-07-18T16:40:47.000Z</time>
        <extensions>
          <ns3:TrackPointExtension>
            <ns3:atemp>34.0</ns3:atemp>
          </ns3:TrackPointExtension>
        </extensions>
      </trkpt>
      <trkpt lat="40.0022377632558345794677734375" lon="-105.29158942401409149169921875">
        <ele>1806.800048828125</ele>
        <time>2026-07-18T16:40:48.000Z</time>
        <extensions>
          <ns3:TrackPointExtension>
            <ns3:atemp>34.0</ns3:atemp>
          </ns3:TrackPointExtension>
        </extensions>
      </trkpt>
      <trkpt lat="40.00212938524782657623291015625" lon="-105.291499905288219451904296875">
        <ele>1805.5999755859375</ele>
        <time>2026-07-18T16:40:49.000Z</time>
        <extensions>
          <ns3:TrackPointExtension>
            <ns3:atemp>34.0</ns3:atemp>
          </ns3:TrackPointExtension>
        </extensions>
      </trkpt>
      <trkpt lat="40.00201773829758167266845703125" lon="-105.29142706654965877532958984375">
        <ele>1805.199951171875</ele>
        <time>2026-07-18T16:40:50.000Z</time>
        <extensions>
          <ns3:TrackPointExtension>
            <ns3:atemp>34.0</ns3:atemp>
          </ns3:TrackPointExtension>
        </extensions>
      </trkpt>
      <trkpt lat="40.00190558843314647674560546875" lon="-105.291369818150997161865234375">
        <ele>1804</ele>
        <time>2026-07-18T16:40:51.000Z</time>
        <extensions>
          <ns3:TrackPointExtension>
            <ns3:atemp>34.0</ns3:atemp>
          </ns3:TrackPointExtension>
        </extensions>
      </trkpt>
      <trkpt lat="40.00179134309291839599609375" lon="-105.29132296331226825714111328125">
        <ele>1803.4000244140625</ele>
        <time>2026-07-18T16:40:52.000Z</time>
        <extensions>
          <ns3:TrackPointExtension>
            <ns3:atemp>34.0</ns3:atemp>
          </ns3:TrackPointExtension>
        </extensions>
      </trkpt>
      <trkpt lat="40.00167374499142169952392578125" lon="-105.29127468355000019073486328125">
        <ele>1802.199951171875</ele>
        <time>2026-07-18T16:40:53.000Z</time>
        <extensions>
          <ns3:TrackPointExtension>
            <ns3:atemp>34.0</ns3:atemp>
          </ns3:TrackPointExtension>
        </extensions>
      </trkpt>
      <trkpt lat="40.00140753574669361114501953125" lon="-105.2911409921944141387939453125">
        <ele>1799.5999755859375</ele>
        <time>2026-07-18T16:40:55.000Z</time>
        <extensions>
          <ns3:TrackPointExtension>
            <ns3:atemp>34.0</ns3:atemp>
          </ns3:TrackPointExtension>
        </extensions>
      </trkpt>
      <trkpt lat="40.00130116939544677734375" lon="-105.29105306603014469146728515625">
        <ele>1798</ele>
        <time>2026-07-18T16:40:56.000Z</time>
        <extensions>
          <ns3:TrackPointExtension>
            <ns3:atemp>34.0</ns3:atemp>
          </ns3:TrackPointExtension>
        </extensions>
      </trkpt>
      <trkpt lat="40.0012349523603916168212890625" lon="-105.2909602783620357513427734375">
        <ele>1797</ele>
        <time>2026-07-18T16:40:57.000Z</time>
        <extensions>
          <ns3:TrackPointExtension>
            <ns3:atemp>34.0</ns3:atemp>
          </ns3:TrackPointExtension>
        </extensions>
      </trkpt>
      <trkpt lat="40.0011601857841014862060546875" lon="-105.29084217734634876251220703125">
        <ele>1795.4000244140625</ele>
        <time>2026-07-18T16:40:58.000Z</time>
        <extensions>
          <ns3:TrackPointExtension>
            <ns3:atemp>34.0</ns3:atemp>
          </ns3:TrackPointExtension>
        </extensions>
      </trkpt>
      <trkpt lat="40.0009881891310214996337890625" lon="-105.29060899280011653900146484375">
        <ele>1794</ele>
        <time>2026-07-18T16:40:59.000Z</time>
        <extensions>
          <ns3:TrackPointExtension>
            <ns3:atemp>34.0</ns3:atemp>
          </ns3:TrackPointExtension>
        </extensions>
      </trkpt>
      <trkpt lat="40.0009881891310214996337890625" lon="-105.29060899280011653900146484375">
        <ele>1792.5999755859375</ele>
        <time>2026-07-18T16:41:00.000Z</time>
        <extensions>
          <ns3:TrackPointExtension>
            <ns3:atemp>34.0</ns3:atemp>
          </ns3:TrackPointExtension>
        </extensions>
      </trkpt>
      <trkpt lat="40.0009162724018096923828125" lon="-105.290552414953708648681640625">
        <ele>1791.800048828125</ele>
        <time>2026-07-18T16:41:01.000Z</time>
        <extensions>
          <ns3:TrackPointExtension>
            <ns3:atemp>34.0</ns3:atemp>
          </ns3:TrackPointExtension>
        </extensions>
      </trkpt>
      <trkpt lat="40.0008022785186767578125" lon="-105.290492735803127288818359375">
        <ele>1789.800048828125</ele>
        <time>2026-07-18T16:41:02.000Z</time>
        <extensions>
          <ns3:TrackPointExtension>
            <ns3:atemp>34.0</ns3:atemp>
          </ns3:TrackPointExtension>
        </extensions>
      </trkpt>
      <trkpt lat="40.00070010311901569366455078125" lon="-105.290465243160724639892578125">
        <ele>1789</ele>
        <time>2026-07-18T16:41:03.000Z</time>
        <extensions>
          <ns3:TrackPointExtension>
            <ns3:atemp>34.0</ns3:atemp>
          </ns3:TrackPointExtension>
        </extensions>
      </trkpt>
      <trkpt lat="40.00060002319514751434326171875" lon="-105.29046080075204372406005859375">
        <ele>1787</ele>
        <time>2026-07-18T16:41:04.000Z</time>
        <extensions>
          <ns3:TrackPointExtension>
            <ns3:atemp>34.0</ns3:atemp>
          </ns3:TrackPointExtension>
        </extensions>
      </trkpt>
      <trkpt lat="40.00049675814807415008544921875" lon="-105.29047370888292789459228515625">
        <ele>1785.199951171875</ele>
        <time>2026-07-18T16:41:05.000Z</time>
        <extensions>
          <ns3:TrackPointExtension>
            <ns3:atemp>34.0</ns3:atemp>
          </ns3:TrackPointExtension>
        </extensions>
      </trkpt>
      <trkpt lat="40.00031487084925174713134765625" lon="-105.290520228445529937744140625">
        <ele>1782.5999755859375</ele>
        <time>2026-07-18T16:41:07.000Z</time>
        <extensions>
          <ns3:TrackPointExtension>
            <ns3:atemp>34.0</ns3:atemp>
          </ns3:TrackPointExtension>
        </extensions>
      </trkpt>
      <trkpt lat="40.00002452172338962554931640625" lon="-105.29062525369226932525634765625">
        <ele>1780.5999755859375</ele>
        <time>2026-07-18T16:41:09.000Z</time>
        <extensions>
          <ns3:TrackPointExtension>
            <ns3:atemp>34.0</ns3:atemp>
          </ns3:TrackPointExtension>
        </extensions>
      </trkpt>
      <trkpt lat="39.999932236969470977783203125" lon="-105.29066347517073154449462890625">
        <ele>1778.800048828125</ele>
        <time>2026-07-18T16:41:11.000Z</time>
        <extensions>
          <ns3:TrackPointExtension>
            <ns3:atemp>34.0</ns3:atemp>
          </ns3:TrackPointExtension>
        </extensions>
      </trkpt>
      <trkpt lat="39.99973970465362071990966796875" lon="-105.29073522426187992095947265625">
        <ele>1776.4000244140625</ele>
        <time>2026-07-18T16:41:13.000Z</time>
        <extensions>
          <ns3:TrackPointExtension>
            <ns3:atemp>34.0</ns3:atemp>
          </ns3:TrackPointExtension>
        </extensions>
      </trkpt>
      <trkpt lat="39.999567456543445587158203125" lon="-105.2907849289476871490478515625">
        <ele>1774.5999755859375</ele>
        <time>2026-07-18T16:41:14.000Z</time>
        <extensions>
          <ns3:TrackPointExtension>
            <ns3:atemp>34.0</ns3:atemp>
          </ns3:TrackPointExtension>
        </extensions>
      </trkpt>
      <trkpt lat="39.999396800994873046875" lon="-105.29078300110995769500732421875">
        <ele>1773.800048828125</ele>
        <time>2026-07-18T16:41:16.000Z</time>
        <extensions>
          <ns3:TrackPointExtension>
            <ns3:atemp>34.0</ns3:atemp>
          </ns3:TrackPointExtension>
        </extensions>
      </trkpt>
      <trkpt lat="39.999396800994873046875" lon="-105.29078300110995769500732421875">
        <ele>1773.4000244140625</ele>
        <time>2026-07-18T16:41:17.000Z</time>
        <extensions>
          <ns3:TrackPointExtension>
            <ns3:atemp>34.0</ns3:atemp>
          </ns3:TrackPointExtension>
        </extensions>
      </trkpt>
      <trkpt lat="39.99925673939287662506103515625" lon="-105.29071276076138019561767578125">
        <ele>1773</ele>
        <time>2026-07-18T16:41:18.000Z</time>
        <extensions>
          <ns3:TrackPointExtension>
            <ns3:atemp>34.0</ns3:atemp>
          </ns3:TrackPointExtension>
        </extensions>
      </trkpt>
      <trkpt lat="39.99920041300356388092041015625" lon="-105.2906446158885955810546875">
        <ele>1772.4000244140625</ele>
        <time>2026-07-18T16:41:20.000Z</time>
        <extensions>
          <ns3:TrackPointExtension>
            <ns3:atemp>34.0</ns3:atemp>
          </ns3:TrackPointExtension>
        </extensions>
      </trkpt>
      <trkpt lat="39.9991636164486408233642578125" lon="-105.29055920429527759552001953125">
        <ele>1772.4000244140625</ele>
        <time>2026-07-18T16:41:21.000Z</time>
        <extensions>
          <ns3:TrackPointExtension>
            <ns3:atemp>34.0</ns3:atemp>
          </ns3:TrackPointExtension>
        </extensions>
      </trkpt>
      <trkpt lat="39.99916302971541881561279296875" lon="-105.29045577161014080047607421875">
        <ele>1772</ele>
        <time>2026-07-18T16:41:22.000Z</time>
        <extensions>
          <ns3:TrackPointExtension>
            <ns3:atemp>34.0</ns3:atemp>
          </ns3:TrackPointExtension>
        </extensions>
      </trkpt>
      <trkpt lat="39.99921868555247783660888671875" lon="-105.29024337418377399444580078125">
        <ele>1771.800048828125</ele>
        <time>2026-07-18T16:41:23.000Z</time>
        <extensions>
          <ns3:TrackPointExtension>
            <ns3:atemp>34.0</ns3:atemp>
          </ns3:TrackPointExtension>
        </extensions>
      </trkpt>
      <trkpt lat="39.99940828420221805572509765625" lon="-105.2898572199046611785888671875">
        <ele>1771.5999755859375</ele>
        <time>2026-07-18T16:41:27.000Z</time>
        <extensions>
          <ns3:TrackPointExtension>
            <ns3:atemp>34.0</ns3:atemp>
          </ns3:TrackPointExtension>
        </extensions>
      </trkpt>
      <trkpt lat="39.9995052628219127655029296875" lon="-105.28964440338313579559326171875">
        <ele>1771.4000244140625</ele>
        <time>2026-07-18T16:41:29.000Z</time>
        <extensions>
          <ns3:TrackPointExtension>
            <ns3:atemp>34.0</ns3:atemp>
          </ns3:TrackPointExtension>
        </extensions>
      </trkpt>
      <trkpt lat="39.99954775907099246978759765625" lon="-105.28953342698514461517333984375">
        <ele>1771.199951171875</ele>
        <time>2026-07-18T16:41:30.000Z</time>
        <extensions>
          <ns3:TrackPointExtension>
            <ns3:atemp>34.0</ns3:atemp>
          </ns3:TrackPointExtension>
        </extensions>
      </trkpt>
      <trkpt lat="39.999608360230922698974609375" lon="-105.289293788373470306396484375">
        <ele>1770.4000244140625</ele>
        <time>2026-07-18T16:41:32.000Z</time>
        <extensions>
          <ns3:TrackPointExtension>
            <ns3:atemp>34.0</ns3:atemp>
          </ns3:TrackPointExtension>
        </extensions>
      </trkpt>
      <trkpt lat="39.9996423907577991485595703125" lon="-105.28914366848766803741455078125">
        <ele>1770</ele>
        <time>2026-07-18T16:41:33.000Z</time>
        <extensions>
          <ns3:TrackPointExtension>
            <ns3:atemp>34.0</ns3:atemp>
          </ns3:TrackPointExtension>
        </extensions>
      </trkpt>
      <trkpt lat="39.99969980679452419281005859375" lon="-105.2889164350926876068115234375">
        <ele>1769</ele>
        <time>2026-07-18T16:41:35.000Z</time>
        <extensions>
          <ns3:TrackPointExtension>
            <ns3:atemp>34.0</ns3:atemp>
          </ns3:TrackPointExtension>
        </extensions>
      </trkpt>
      <trkpt lat="39.99977306462824344635009765625" lon="-105.28866590000689029693603515625">
        <ele>1768.4000244140625</ele>
        <time>2026-07-18T16:41:37.000Z</time>
        <extensions>
          <ns3:TrackPointExtension>
            <ns3:atemp>34.0</ns3:atemp>
          </ns3:TrackPointExtension>
        </extensions>
      </trkpt>
      <trkpt lat="39.9998257867991924285888671875" lon="-105.2885151095688343048095703125">
        <ele>1767.800048828125</ele>
        <time>2026-07-18T16:41:38.000Z</time>
        <extensions>
          <ns3:TrackPointExtension>
            <ns3:atemp>34.0</ns3:atemp>
          </ns3:TrackPointExtension>
        </extensions>
      </trkpt>
      <trkpt lat="39.99986291863024234771728515625" lon="-105.2884135209023952484130859375">
        <ele>1767.5999755859375</ele>
        <time>2026-07-18T16:41:39.000Z</time>
        <extensions>
          <ns3:TrackPointExtension>
            <ns3:atemp>34.0</ns3:atemp>
          </ns3:TrackPointExtension>
        </extensions>
      </trkpt>
      <trkpt lat="39.99986291863024234771728515625" lon="-105.2884135209023952484130859375">
        <ele>1766.800048828125</ele>
        <time>2026-07-18T16:41:40.000Z</time>
        <extensions>
          <ns3:TrackPointExtension>
            <ns3:atemp>34.0</ns3:atemp>
          </ns3:TrackPointExtension>
        </extensions>
      </trkpt>
      <trkpt lat="39.99997909180819988250732421875" lon="-105.288070701062679290771484375">
        <ele>1765.5999755859375</ele>
        <time>2026-07-18T16:41:42.000Z</time>
        <extensions>
          <ns3:TrackPointExtension>
            <ns3:atemp>34.0</ns3:atemp>
          </ns3:TrackPointExtension>
        </extensions>
      </trkpt>
      <trkpt lat="40.0000256113708019256591796875" lon="-105.28784749098122119903564453125">
        <ele>1764.4000244140625</ele>
        <time>2026-07-18T16:41:44.000Z</time>
        <extensions>
          <ns3:TrackPointExtension>
            <ns3:atemp>34.0</ns3:atemp>
          </ns3:TrackPointExtension>
        </extensions>
      </trkpt>
      <trkpt lat="40.00004178844392299652099609375" lon="-105.28773249126970767974853515625">
        <ele>1763.4000244140625</ele>
        <time>2026-07-18T16:41:45.000Z</time>
        <extensions>
          <ns3:TrackPointExtension>
            <ns3:atemp>34.0</ns3:atemp>
          </ns3:TrackPointExtension>
        </extensions>
      </trkpt>
      <trkpt lat="40.000065006315708160400390625" lon="-105.28751120902597904205322265625">
        <ele>1762.199951171875</ele>
        <time>2026-07-18T16:41:47.000Z</time>
        <extensions>
          <ns3:TrackPointExtension>
            <ns3:atemp>34.0</ns3:atemp>
          </ns3:TrackPointExtension>
        </extensions>
      </trkpt>
      <trkpt lat="40.00008252449333667755126953125" lon="-105.287191607058048248291015625">
        <ele>1761</ele>
        <time>2026-07-18T16:41:50.000Z</time>
        <extensions>
          <ns3:TrackPointExtension>
            <ns3:atemp>34.0</ns3:atemp>
          </ns3:TrackPointExtension>
        </extensions>
      </trkpt>
      <trkpt lat="40.00007447786629199981689453125" lon="-105.28678156435489654541015625">
        <ele>1759.800048828125</ele>
        <time>2026-07-18T16:41:54.000Z</time>
        <extensions>
          <ns3:TrackPointExtension>
            <ns3:atemp>34.0</ns3:atemp>
          </ns3:TrackPointExtension>
        </extensions>
      </trkpt>
      <trkpt lat="40.00008805654942989349365234375" lon="-105.2867220528423786163330078125">
        <ele>1759.5999755859375</ele>
        <time>2026-07-18T16:41:55.000Z</time>
        <extensions>
          <ns3:TrackPointExtension>
            <ns3:atemp>34.0</ns3:atemp>
          </ns3:TrackPointExtension>
        </extensions>
      </trkpt>
      <trkpt lat="40.0001741386950016021728515625" lon="-105.28663412667810916900634765625">
        <ele>1759.199951171875</ele>
        <time>2026-07-18T16:41:57.000Z</time>
        <extensions>
          <ns3:TrackPointExtension>
            <ns3:atemp>34.0</ns3:atemp>
          </ns3:TrackPointExtension>
        </extensions>
      </trkpt>
      <trkpt lat="40.000222586095333099365234375" lon="-105.28663136065006256103515625">
        <ele>1759</ele>
        <time>2026-07-18T16:41:58.000Z</time>
        <extensions>
          <ns3:TrackPointExtension>
            <ns3:atemp>34.0</ns3:atemp>
          </ns3:TrackPointExtension>
        </extensions>
      </trkpt>
      <trkpt lat="40.00028788112103939056396484375" lon="-105.28662809170782566070556640625">
        <ele>1758.5999755859375</ele>
        <time>2026-07-18T16:42:01.000Z</time>
        <extensions>
          <ns3:TrackPointExtension>
            <ns3:atemp>34.0</ns3:atemp>
          </ns3:TrackPointExtension>
        </extensions>
      </trkpt>
      <trkpt lat="40.0003340654075145721435546875" lon="-105.28662054799497127532958984375">
        <ele>1758.5999755859375</ele>
        <time>2026-07-18T16:42:02.000Z</time>
        <extensions>
          <ns3:TrackPointExtension>
            <ns3:atemp>34.0</ns3:atemp>
          </ns3:TrackPointExtension>
        </extensions>
      </trkpt>
      <trkpt lat="40.0003437884151935577392578125" lon="-105.2866321988403797149658203125">
        <ele>1758.199951171875</ele>
        <time>2026-07-18T16:42:04.000Z</time>
        <extensions>
          <ns3:TrackPointExtension>
            <ns3:atemp>34.0</ns3:atemp>
          </ns3:TrackPointExtension>
        </extensions>
      </trkpt>
      <trkpt lat="40.000331215560436248779296875" lon="-105.28663110919296741485595703125">
        <ele>1757.800048828125</ele>
        <time>2026-07-18T16:42:05.000Z</time>
        <extensions>
          <ns3:TrackPointExtension>
            <ns3:atemp>34.0</ns3:atemp>
          </ns3:TrackPointExtension>
        </extensions>
      </trkpt>
      <trkpt lat="40.0002881325781345367431640625" lon="-105.28663161210715770721435546875">
        <ele>1756.4000244140625</ele>
        <time>2026-07-18T16:42:09.000Z</time>
        <extensions>
          <ns3:TrackPointExtension>
            <ns3:atemp>34.0</ns3:atemp>
          </ns3:TrackPointExtension>
        </extensions>
      </trkpt>
      <trkpt lat="40.00027296133339405059814453125" lon="-105.2866429276764392852783203125">
        <ele>1756.199951171875</ele>
        <time>2026-07-18T16:42:11.000Z</time>
        <extensions>
          <ns3:TrackPointExtension>
            <ns3:atemp>34.0</ns3:atemp>
          </ns3:TrackPointExtension>
        </extensions>
      </trkpt>
      <trkpt lat="40.00026374123990535736083984375" lon="-105.28663949109613895416259765625">
        <ele>1756</ele>
        <time>2026-07-18T16:42:12.000Z</time>
        <extensions>
          <ns3:TrackPointExtension>
            <ns3:atemp>34.0</ns3:atemp>
          </ns3:TrackPointExtension>
        </extensions>
      </trkpt>
      <trkpt lat="40.00023021362721920013427734375" lon="-105.28661836870014667510986328125">
        <ele>1756.4000244140625</ele>
        <time>2026-07-18T16:42:19.000Z</time>
        <extensions>
          <ns3:TrackPointExtension>
            <ns3:atemp>34.0</ns3:atemp>
          </ns3:TrackPointExtension>
        </extensions>
      </trkpt>
      <trkpt lat="40.0002291239798069000244140625" lon="-105.28661853633821010589599609375">
        <ele>1757.199951171875</ele>
        <time>2026-07-18T16:42:30.000Z</time>
        <extensions>
          <ns3:TrackPointExtension>
            <ns3:atemp>34.0</ns3:atemp>
          </ns3:TrackPointExtension>
        </extensions>
      </trkpt>
      <trkpt lat="40.0002188980579376220703125" lon="-105.2866201288998126983642578125">
        <ele>1757</ele>
        <time>2026-07-18T16:42:43.000Z</time>
        <extensions>
          <ns3:TrackPointExtension>
            <ns3:atemp>33.0</ns3:atemp>
          </ns3:TrackPointExtension>
        </extensions>
      </trkpt>
      <trkpt lat="40.0002188980579376220703125" lon="-105.2866201288998126983642578125">
        <ele>1757.199951171875</ele>
        <time>2026-07-18T16:44:05.000Z</time>
        <extensions>
          <ns3:TrackPointExtension>
            <ns3:atemp>33.0</ns3:atemp>
          </ns3:TrackPointExtension>
        </extensions>
      </trkpt>
      <trkpt lat="40.0002188980579376220703125" lon="-105.2866201288998126983642578125">
        <ele>1757.199951171875</ele>
        <time>2026-07-18T16:44:49.000Z</time>
        <extensions>
          <ns3:TrackPointExtension>
            <ns3:atemp>33.0</ns3:atemp>
          </ns3:TrackPointExtension>
        </extensions>
      </trkpt>
      <trkpt lat="40.000313781201839447021484375" lon="-105.28664552606642246246337890625">
        <ele>1757.4000244140625</ele>
        <time>2026-07-18T16:45:40.000Z</time>
        <extensions>
          <ns3:TrackPointExtension>
            <ns3:atemp>33.0</ns3:atemp>
          </ns3:TrackPointExtension>
        </extensions>
      </trkpt>
      <trkpt lat="40.00054654665291309356689453125" lon="-105.28664954937994480133056640625">
        <ele>1757</ele>
        <time>2026-07-18T16:45:44.000Z</time>
        <extensions>
          <ns3:TrackPointExtension>
            <ns3:atemp>33.0</ns3:atemp>
          </ns3:TrackPointExtension>
        </extensions>
      </trkpt>
      <trkpt lat="40.0006448663771152496337890625" lon="-105.28665005229413509368896484375">
        <ele>1756.4000244140625</ele>
        <time>2026-07-18T16:45:46.000Z</time>
        <extensions>
          <ns3:TrackPointExtension>
            <ns3:atemp>33.0</ns3:atemp>
          </ns3:TrackPointExtension>
        </extensions>
      </trkpt>
      <trkpt lat="40.00093303620815277099609375" lon="-105.2866593562066555023193359375">
        <ele>1755.5999755859375</ele>
        <time>2026-07-18T16:45:48.000Z</time>
        <extensions>
          <ns3:TrackPointExtension>
            <ns3:atemp>33.0</ns3:atemp>
          </ns3:TrackPointExtension>
        </extensions>
      </trkpt>
      <trkpt lat="40.00093303620815277099609375" lon="-105.2866593562066555023193359375">
        <ele>1755.199951171875</ele>
        <time>2026-07-18T16:45:49.000Z</time>
        <extensions>
          <ns3:TrackPointExtension>
            <ns3:atemp>33.0</ns3:atemp>
          </ns3:TrackPointExtension>
        </extensions>
      </trkpt>
      <trkpt lat="40.00134400092065334320068359375" lon="-105.28666715137660503387451171875">
        <ele>1753.800048828125</ele>
        <time>2026-07-18T16:45:52.000Z</time>
        <extensions>
          <ns3:TrackPointExtension>
            <ns3:atemp>33.0</ns3:atemp>
          </ns3:TrackPointExtension>
        </extensions>
      </trkpt>
      <trkpt lat="40.0015591643750667572021484375" lon="-105.28667720966041088104248046875">
        <ele>1752</ele>
        <time>2026-07-18T16:45:54.000Z</time>
        <extensions>
          <ns3:TrackPointExtension>
            <ns3:atemp>33.0</ns3:atemp>
          </ns3:TrackPointExtension>
        </extensions>
      </trkpt>
      <trkpt lat="40.0016624294221401214599609375" lon="-105.28667788021266460418701171875">
        <ele>1751</ele>
        <time>2026-07-18T16:45:55.000Z</time>
        <extensions>
          <ns3:TrackPointExtension>
            <ns3:atemp>33.0</ns3:atemp>
          </ns3:TrackPointExtension>
        </extensions>
      </trkpt>
      <trkpt lat="40.00185982324182987213134765625" lon="-105.2866774611175060272216796875">
        <ele>1749.5999755859375</ele>
        <time>2026-07-18T16:45:57.000Z</time>
        <extensions>
          <ns3:TrackPointExtension>
            <ns3:atemp>33.0</ns3:atemp>
          </ns3:TrackPointExtension>
        </extensions>
      </trkpt>
      <trkpt lat="40.001939870417118072509765625" lon="-105.28667771257460117340087890625">
        <ele>1748</ele>
        <time>2026-07-18T16:45:58.000Z</time>
        <extensions>
          <ns3:TrackPointExtension>
            <ns3:atemp>33.0</ns3:atemp>
          </ns3:TrackPointExtension>
        </extensions>
      </trkpt>
      <trkpt lat="40.00215905718505382537841796875" lon="-105.28668693266808986663818359375">
        <ele>1746.199951171875</ele>
        <time>2026-07-18T16:46:00.000Z</time>
        <extensions>
          <ns3:TrackPointExtension>
            <ns3:atemp>33.0</ns3:atemp>
          </ns3:TrackPointExtension>
        </extensions>
      </trkpt>
      <trkpt lat="40.0022598914802074432373046875" lon="-105.28668777085840702056884765625">
        <ele>1746</ele>
        <time>2026-07-18T16:46:01.000Z</time>
        <extensions>
          <ns3:TrackPointExtension>
            <ns3:atemp>33.0</ns3:atemp>
          </ns3:TrackPointExtension>
        </extensions>
      </trkpt>
      <trkpt lat="40.00246231444180011749267578125" lon="-105.286693386733531951904296875">
        <ele>1744.4000244140625</ele>
        <time>2026-07-18T16:46:03.000Z</time>
        <extensions>
          <ns3:TrackPointExtension>
            <ns3:atemp>33.0</ns3:atemp>
          </ns3:TrackPointExtension>
        </extensions>
      </trkpt>
      <trkpt lat="40.00256189145147800445556640625" lon="-105.28669732622802257537841796875">
        <ele>1743.199951171875</ele>
        <time>2026-07-18T16:46:04.000Z</time>
        <extensions>
          <ns3:TrackPointExtension>
            <ns3:atemp>33.0</ns3:atemp>
          </ns3:TrackPointExtension>
        </extensions>
      </trkpt>
      <trkpt lat="40.00279038213193416595458984375" lon="-105.2866990864276885986328125">
        <ele>1741.800048828125</ele>
        <time>2026-07-18T16:46:06.000Z</time>
        <extensions>
          <ns3:TrackPointExtension>
            <ns3:atemp>33.0</ns3:atemp>
          </ns3:TrackPointExtension>
        </extensions>
      </trkpt>
      <trkpt lat="40.00290387310087680816650390625" lon="-105.286691375076770782470703125">
        <ele>1740.4000244140625</ele>
        <time>2026-07-18T16:46:07.000Z</time>
        <extensions>
          <ns3:TrackPointExtension>
            <ns3:atemp>33.0</ns3:atemp>
          </ns3:TrackPointExtension>
        </extensions>
      </trkpt>
      <trkpt lat="40.00290387310087680816650390625" lon="-105.286691375076770782470703125">
        <ele>1739.800048828125</ele>
        <time>2026-07-18T16:46:08.000Z</time>
        <extensions>
          <ns3:TrackPointExtension>
            <ns3:atemp>33.0</ns3:atemp>
          </ns3:TrackPointExtension>
        </extensions>
      </trkpt>
      <trkpt lat="40.00312029384076595306396484375" lon="-105.2866910398006439208984375">
        <ele>1738.800048828125</ele>
        <time>2026-07-18T16:46:09.000Z</time>
        <extensions>
          <ns3:TrackPointExtension>
            <ns3:atemp>33.0</ns3:atemp>
          </ns3:TrackPointExtension>
        </extensions>
      </trkpt>
      <trkpt lat="40.00331081449985504150390625" lon="-105.28669179417192935943603515625">
        <ele>1737.199951171875</ele>
        <time>2026-07-18T16:46:11.000Z</time>
        <extensions>
          <ns3:TrackPointExtension>
            <ns3:atemp>33.0</ns3:atemp>
          </ns3:TrackPointExtension>
        </extensions>
      </trkpt>
      <trkpt lat="40.003395639359951019287109375" lon="-105.2866898663341999053955078125">
        <ele>1736.5999755859375</ele>
        <time>2026-07-18T16:46:12.000Z</time>
        <extensions>
          <ns3:TrackPointExtension>
            <ns3:atemp>33.0</ns3:atemp>
          </ns3:TrackPointExtension>
        </extensions>
      </trkpt>
      <trkpt lat="40.00347233377397060394287109375" lon="-105.28668408282101154327392578125">
        <ele>1735.800048828125</ele>
        <time>2026-07-18T16:46:13.000Z</time>
        <extensions>
          <ns3:TrackPointExtension>
            <ns3:atemp>33.0</ns3:atemp>
          </ns3:TrackPointExtension>
        </extensions>
      </trkpt>
      <trkpt lat="40.00347233377397060394287109375" lon="-105.28668408282101154327392578125">
        <ele>1734.4000244140625</ele>
        <time>2026-07-18T16:46:14.000Z</time>
        <extensions>
          <ns3:TrackPointExtension>
            <ns3:atemp>33.0</ns3:atemp>
          </ns3:TrackPointExtension>
        </extensions>
      </trkpt>
      <trkpt lat="40.00368439592421054840087890625" lon="-105.2866610325872898101806640625">
        <ele>1733</ele>
        <time>2026-07-18T16:46:16.000Z</time>
        <extensions>
          <ns3:TrackPointExtension>
            <ns3:atemp>33.0</ns3:atemp>
          </ns3:TrackPointExtension>
        </extensions>
      </trkpt>
      <trkpt lat="40.00379872508347034454345703125" lon="-105.2866429276764392852783203125">
        <ele>1731.800048828125</ele>
        <time>2026-07-18T16:46:18.000Z</time>
        <extensions>
          <ns3:TrackPointExtension>
            <ns3:atemp>33.0</ns3:atemp>
          </ns3:TrackPointExtension>
        </extensions>
      </trkpt>
      <trkpt lat="40.00385538674890995025634765625" lon="-105.286631695926189422607421875">
        <ele>1731.199951171875</ele>
        <time>2026-07-18T16:46:19.000Z</time>
        <extensions>
          <ns3:TrackPointExtension>
            <ns3:atemp>33.0</ns3:atemp>
          </ns3:TrackPointExtension>
        </extensions>
      </trkpt>
      <trkpt lat="40.0039178319275379180908203125" lon="-105.28663228265941143035888671875">
        <ele>1730.4000244140625</ele>
        <time>2026-07-18T16:46:20.000Z</time>
        <extensions>
          <ns3:TrackPointExtension>
            <ns3:atemp>33.0</ns3:atemp>
          </ns3:TrackPointExtension>
        </extensions>
      </trkpt>
      <trkpt lat="40.00396921299397945404052734375" lon="-105.28663630597293376922607421875">
        <ele>1730</ele>
        <time>2026-07-18T16:46:21.000Z</time>
        <extensions>
          <ns3:TrackPointExtension>
            <ns3:atemp>33.0</ns3:atemp>
          </ns3:TrackPointExtension>
        </extensions>
      </trkpt>
      <trkpt lat="40.00396921299397945404052734375" lon="-105.28663630597293376922607421875">
        <ele>1729.199951171875</ele>
        <time>2026-07-18T16:46:22.000Z</time>
        <extensions>
          <ns3:TrackPointExtension>
            <ns3:atemp>33.0</ns3:atemp>
          </ns3:TrackPointExtension>
        </extensions>
      </trkpt>
      <trkpt lat="40.00412352383136749267578125" lon="-105.28665684163570404052734375">
        <ele>1729</ele>
        <time>2026-07-18T16:46:23.000Z</time>
        <extensions>
          <ns3:TrackPointExtension>
            <ns3:atemp>33.0</ns3:atemp>
          </ns3:TrackPointExtension>
        </extensions>
      </trkpt>
      <trkpt lat="40.004345476627349853515625" lon="-105.28666161932051181793212890625">
        <ele>1728.4000244140625</ele>
        <time>2026-07-18T16:46:26.000Z</time>
        <extensions>
          <ns3:TrackPointExtension>
            <ns3:atemp>33.0</ns3:atemp>
          </ns3:TrackPointExtension>
        </extensions>
      </trkpt>
      <trkpt lat="40.00441856682300567626953125" lon="-105.286653824150562286376953125">
        <ele>1728</ele>
        <time>2026-07-18T16:46:27.000Z</time>
        <extensions>
          <ns3:TrackPointExtension>
            <ns3:atemp>33.0</ns3:atemp>
          </ns3:TrackPointExtension>
        </extensions>
      </trkpt>
      <trkpt lat="40.0045694410800933837890625" lon="-105.28664703480899333953857421875">
        <ele>1727.5999755859375</ele>
        <time>2026-07-18T16:46:29.000Z</time>
        <extensions>
          <ns3:TrackPointExtension>
            <ns3:atemp>33.0</ns3:atemp>
          </ns3:TrackPointExtension>
        </extensions>
      </trkpt>
      <trkpt lat="40.00465200282633304595947265625" lon="-105.28665910474956035614013671875">
        <ele>1726.800048828125</ele>
        <time>2026-07-18T16:46:31.000Z</time>
        <extensions>
          <ns3:TrackPointExtension>
            <ns3:atemp>33.0</ns3:atemp>
          </ns3:TrackPointExtension>
        </extensions>
      </trkpt>
      <trkpt lat="40.0047357380390167236328125" lon="-105.2866674028337001800537109375">
        <ele>1726.5999755859375</ele>
        <time>2026-07-18T16:46:32.000Z</time>
        <extensions>
          <ns3:TrackPointExtension>
            <ns3:atemp>33.0</ns3:atemp>
          </ns3:TrackPointExtension>
        </extensions>
      </trkpt>
      <trkpt lat="40.0049692578613758087158203125" lon="-105.286661200225353240966796875">
        <ele>1725.199951171875</ele>
        <time>2026-07-18T16:46:34.000Z</time>
        <extensions>
          <ns3:TrackPointExtension>
            <ns3:atemp>33.0</ns3:atemp>
          </ns3:TrackPointExtension>
        </extensions>
      </trkpt>
      <trkpt lat="40.0050477124750614166259765625" lon="-105.28665072284638881683349609375">
        <ele>1724.800048828125</ele>
        <time>2026-07-18T16:46:35.000Z</time>
        <extensions>
          <ns3:TrackPointExtension>
            <ns3:atemp>33.0</ns3:atemp>
          </ns3:TrackPointExtension>
        </extensions>
      </trkpt>
      <trkpt lat="40.0050477124750614166259765625" lon="-105.28665072284638881683349609375">
        <ele>1724</ele>
        <time>2026-07-18T16:46:36.000Z</time>
        <extensions>
          <ns3:TrackPointExtension>
            <ns3:atemp>33.0</ns3:atemp>
          </ns3:TrackPointExtension>
        </extensions>
      </trkpt>
      <trkpt lat="40.0052800588309764862060546875" lon="-105.28664016164839267730712890625">
        <ele>1723.199951171875</ele>
        <time>2026-07-18T16:46:38.000Z</time>
        <extensions>
          <ns3:TrackPointExtension>
            <ns3:atemp>33.0</ns3:atemp>
          </ns3:TrackPointExtension>
        </extensions>
      </trkpt>
      <trkpt lat="40.00533630140125751495361328125" lon="-105.28664904646575450897216796875">
        <ele>1722.5999755859375</ele>
        <time>2026-07-18T16:46:39.000Z</time>
        <extensions>
          <ns3:TrackPointExtension>
            <ns3:atemp>33.0</ns3:atemp>
          </ns3:TrackPointExtension>
        </extensions>
      </trkpt>
      <trkpt lat="40.00533630140125751495361328125" lon="-105.28664904646575450897216796875">
        <ele>1722</ele>
        <time>2026-07-18T16:46:40.000Z</time>
        <extensions>
          <ns3:TrackPointExtension>
            <ns3:atemp>33.0</ns3:atemp>
          </ns3:TrackPointExtension>
        </extensions>
      </trkpt>
      <trkpt lat="40.00546236522495746612548828125" lon="-105.28674057684838771820068359375">
        <ele>1721.5999755859375</ele>
        <time>2026-07-18T16:46:41.000Z</time>
        <extensions>
          <ns3:TrackPointExtension>
            <ns3:atemp>33.0</ns3:atemp>
          </ns3:TrackPointExtension>
        </extensions>
      </trkpt>
      <trkpt lat="40.0054899416863918304443359375" lon="-105.2868259884417057037353515625">
        <ele>1720.800048828125</ele>
        <time>2026-07-18T16:46:42.000Z</time>
        <extensions>
          <ns3:TrackPointExtension>
            <ns3:atemp>33.0</ns3:atemp>
          </ns3:TrackPointExtension>
        </extensions>
      </trkpt>
      <trkpt lat="40.00549522228538990020751953125" lon="-105.2869178541004657745361328125">
        <ele>1720.199951171875</ele>
        <time>2026-07-18T16:46:43.000Z</time>
        <extensions>
          <ns3:TrackPointExtension>
            <ns3:atemp>33.0</ns3:atemp>
          </ns3:TrackPointExtension>
        </extensions>
      </trkpt>
      <trkpt lat="40.0054956413805484771728515625" lon="-105.28700326569378376007080078125">
        <ele>1718.800048828125</ele>
        <time>2026-07-18T16:46:45.000Z</time>
        <extensions>
          <ns3:TrackPointExtension>
            <ns3:atemp>33.0</ns3:atemp>
          </ns3:TrackPointExtension>
        </extensions>
      </trkpt>
      <trkpt lat="40.00551047734916210174560546875" lon="-105.28714441694319248199462890625">
        <ele>1718.4000244140625</ele>
        <time>2026-07-18T16:46:46.000Z</time>
        <extensions>
          <ns3:TrackPointExtension>
            <ns3:atemp>33.0</ns3:atemp>
          </ns3:TrackPointExtension>
        </extensions>
      </trkpt>
      <trkpt lat="40.00554987229406833648681640625" lon="-105.287188254296779632568359375">
        <ele>1717.800048828125</ele>
        <time>2026-07-18T16:46:47.000Z</time>
        <extensions>
          <ns3:TrackPointExtension>
            <ns3:atemp>33.0</ns3:atemp>
          </ns3:TrackPointExtension>
        </extensions>
      </trkpt>
      <trkpt lat="40.00560946762561798095703125" lon="-105.2872061915695667266845703125">
        <ele>1717.5999755859375</ele>
        <time>2026-07-18T16:46:48.000Z</time>
        <extensions>
          <ns3:TrackPointExtension>
            <ns3:atemp>33.0</ns3:atemp>
          </ns3:TrackPointExtension>
        </extensions>
      </trkpt>
      <trkpt lat="40.00582949258387088775634765625" lon="-105.2872507832944393157958984375">
        <ele>1717</ele>
        <time>2026-07-18T16:46:51.000Z</time>
        <extensions>
          <ns3:TrackPointExtension>
            <ns3:atemp>33.0</ns3:atemp>
          </ns3:TrackPointExtension>
        </extensions>
      </trkpt>
      <trkpt lat="40.0060773454606533050537109375" lon="-105.28727467171847820281982421875">
        <ele>1716.4000244140625</ele>
        <time>2026-07-18T16:46:54.000Z</time>
        <extensions>
          <ns3:TrackPointExtension>
            <ns3:atemp>33.0</ns3:atemp>
          </ns3:TrackPointExtension>
        </extensions>
      </trkpt>
      <trkpt lat="40.00624875538051128387451171875" lon="-105.28726327233016490936279296875">
        <ele>1715.5999755859375</ele>
        <time>2026-07-18T16:46:56.000Z</time>
        <extensions>
          <ns3:TrackPointExtension>
            <ns3:atemp>33.0</ns3:atemp>
          </ns3:TrackPointExtension>
        </extensions>
      </trkpt>
      <trkpt lat="40.00633290968835353851318359375" lon="-105.28725556097924709320068359375">
        <ele>1715</ele>
        <time>2026-07-18T16:46:57.000Z</time>
        <extensions>
          <ns3:TrackPointExtension>
            <ns3:atemp>33.0</ns3:atemp>
          </ns3:TrackPointExtension>
        </extensions>
      </trkpt>
      <trkpt lat="40.006422512233257293701171875" lon="-105.28724885545670986175537109375">
        <ele>1713.800048828125</ele>
        <time>2026-07-18T16:46:58.000Z</time>
        <extensions>
          <ns3:TrackPointExtension>
            <ns3:atemp>33.0</ns3:atemp>
          </ns3:TrackPointExtension>
        </extensions>
      </trkpt>
      <trkpt lat="40.0065883062779903411865234375" lon="-105.28722505085170269012451171875">
        <ele>1712.5999755859375</ele>
        <time>2026-07-18T16:47:00.000Z</time>
        <extensions>
          <ns3:TrackPointExtension>
            <ns3:atemp>33.0</ns3:atemp>
          </ns3:TrackPointExtension>
        </extensions>
      </trkpt>
      <trkpt lat="40.00666625797748565673828125" lon="-105.2872269786894321441650390625">
        <ele>1712</ele>
        <time>2026-07-18T16:47:01.000Z</time>
        <extensions>
          <ns3:TrackPointExtension>
            <ns3:atemp>33.0</ns3:atemp>
          </ns3:TrackPointExtension>
        </extensions>
      </trkpt>
      <trkpt lat="40.00682048499584197998046875" lon="-105.28724617324769496917724609375">
        <ele>1711</ele>
        <time>2026-07-18T16:47:03.000Z</time>
        <extensions>
          <ns3:TrackPointExtension>
            <ns3:atemp>33.0</ns3:atemp>
          </ns3:TrackPointExtension>
        </extensions>
      </trkpt>
      <trkpt lat="40.0071653164923191070556640625" lon="-105.2872328460216522216796875">
        <ele>1710</ele>
        <time>2026-07-18T16:47:07.000Z</time>
        <extensions>
          <ns3:TrackPointExtension>
            <ns3:atemp>33.0</ns3:atemp>
          </ns3:TrackPointExtension>
        </extensions>
      </trkpt>
      <trkpt lat="40.007237903773784637451171875" lon="-105.2872249670326709747314453125">
        <ele>1710</ele>
        <time>2026-07-18T16:47:08.000Z</time>
        <extensions>
          <ns3:TrackPointExtension>
            <ns3:atemp>33.0</ns3:atemp>
          </ns3:TrackPointExtension>
        </extensions>
      </trkpt>
      <trkpt lat="40.00731267035007476806640625" lon="-105.2872159145772457122802734375">
        <ele>1709.5999755859375</ele>
        <time>2026-07-18T16:47:09.000Z</time>
        <extensions>
          <ns3:TrackPointExtension>
            <ns3:atemp>33.0</ns3:atemp>
          </ns3:TrackPointExtension>
        </extensions>
      </trkpt>
      <trkpt lat="40.00738567672669887542724609375" lon="-105.2872182615101337432861328125">
        <ele>1709.199951171875</ele>
        <time>2026-07-18T16:47:10.000Z</time>
        <extensions>
          <ns3:TrackPointExtension>
            <ns3:atemp>33.0</ns3:atemp>
          </ns3:TrackPointExtension>
        </extensions>
      </trkpt>
      <trkpt lat="40.007520206272602081298828125" lon="-105.2872286550700664520263671875">
        <ele>1708.5999755859375</ele>
        <time>2026-07-18T16:47:12.000Z</time>
        <extensions>
          <ns3:TrackPointExtension>
            <ns3:atemp>33.0</ns3:atemp>
          </ns3:TrackPointExtension>
        </extensions>
      </trkpt>
      <trkpt lat="40.007520206272602081298828125" lon="-105.2872286550700664520263671875">
        <ele>1708.199951171875</ele>
        <time>2026-07-18T16:47:13.000Z</time>
        <extensions>
          <ns3:TrackPointExtension>
            <ns3:atemp>33.0</ns3:atemp>
          </ns3:TrackPointExtension>
        </extensions>
      </trkpt>
      <trkpt lat="40.00779680907726287841796875" lon="-105.2872564829885959625244140625">
        <ele>1707.5999755859375</ele>
        <time>2026-07-18T16:47:15.000Z</time>
        <extensions>
          <ns3:TrackPointExtension>
            <ns3:atemp>33.0</ns3:atemp>
          </ns3:TrackPointExtension>
        </extensions>
      </trkpt>
      <trkpt lat="40.00796687789261341094970703125" lon="-105.287266708910465240478515625">
        <ele>1706.800048828125</ele>
        <time>2026-07-18T16:47:17.000Z</time>
        <extensions>
          <ns3:TrackPointExtension>
            <ns3:atemp>33.0</ns3:atemp>
          </ns3:TrackPointExtension>
        </extensions>
      </trkpt>
      <trkpt lat="40.00814407132565975189208984375" lon="-105.28725505806505680084228515625">
        <ele>1705.800048828125</ele>
        <time>2026-07-18T16:47:19.000Z</time>
        <extensions>
          <ns3:TrackPointExtension>
            <ns3:atemp>33.0</ns3:atemp>
          </ns3:TrackPointExtension>
        </extensions>
      </trkpt>
      <trkpt lat="40.00833316706120967864990234375" lon="-105.287236869335174560546875">
        <ele>1704.800048828125</ele>
        <time>2026-07-18T16:47:21.000Z</time>
        <extensions>
          <ns3:TrackPointExtension>
            <ns3:atemp>33.0</ns3:atemp>
          </ns3:TrackPointExtension>
        </extensions>
      </trkpt>
      <trkpt lat="40.00853500328958034515380859375" lon="-105.28724919073283672332763671875">
        <ele>1704</ele>
        <time>2026-07-18T16:47:23.000Z</time>
        <extensions>
          <ns3:TrackPointExtension>
            <ns3:atemp>33.0</ns3:atemp>
          </ns3:TrackPointExtension>
        </extensions>
      </trkpt>
      <trkpt lat="40.00874572433531284332275390625" lon="-105.28726327233016490936279296875">
        <ele>1703</ele>
        <time>2026-07-18T16:47:25.000Z</time>
        <extensions>
          <ns3:TrackPointExtension>
            <ns3:atemp>33.0</ns3:atemp>
          </ns3:TrackPointExtension>
        </extensions>
      </trkpt>
      <trkpt lat="40.00885468907654285430908203125" lon="-105.287263356149196624755859375">
        <ele>1701.5999755859375</ele>
        <time>2026-07-18T16:47:27.000Z</time>
        <extensions>
          <ns3:TrackPointExtension>
            <ns3:atemp>33.0</ns3:atemp>
          </ns3:TrackPointExtension>
        </extensions>
      </trkpt>
      <trkpt lat="40.0091803260147571563720703125" lon="-105.28725338168442249298095703125">
        <ele>1700</ele>
        <time>2026-07-18T16:47:29.000Z</time>
        <extensions>
          <ns3:TrackPointExtension>
            <ns3:atemp>33.0</ns3:atemp>
          </ns3:TrackPointExtension>
        </extensions>
      </trkpt>
      <trkpt lat="40.00927613116800785064697265625" lon="-105.2872403897345066070556640625">
        <ele>1698.5999755859375</ele>
        <time>2026-07-18T16:47:30.000Z</time>
        <extensions>
          <ns3:TrackPointExtension>
            <ns3:atemp>33.0</ns3:atemp>
          </ns3:TrackPointExtension>
        </extensions>
      </trkpt>
      <trkpt lat="40.0093593634665012359619140625" lon="-105.287234522402286529541015625">
        <ele>1698</ele>
        <time>2026-07-18T16:47:31.000Z</time>
        <extensions>
          <ns3:TrackPointExtension>
            <ns3:atemp>33.0</ns3:atemp>
          </ns3:TrackPointExtension>
        </extensions>
      </trkpt>
      <trkpt lat="40.009435974061489105224609375" lon="-105.2872259728610515594482421875">
        <ele>1697.199951171875</ele>
        <time>2026-07-18T16:47:32.000Z</time>
        <extensions>
          <ns3:TrackPointExtension>
            <ns3:atemp>33.0</ns3:atemp>
          </ns3:TrackPointExtension>
        </extensions>
      </trkpt>
      <trkpt lat="40.00958919525146484375" lon="-105.28722052462399005889892578125">
        <ele>1696</ele>
        <time>2026-07-18T16:47:34.000Z</time>
        <extensions>
          <ns3:TrackPointExtension>
            <ns3:atemp>33.0</ns3:atemp>
          </ns3:TrackPointExtension>
        </extensions>
      </trkpt>
      <trkpt lat="40.0096656382083892822265625" lon="-105.2872256375849246978759765625">
        <ele>1695.5999755859375</ele>
        <time>2026-07-18T16:47:35.000Z</time>
        <extensions>
          <ns3:TrackPointExtension>
            <ns3:atemp>33.0</ns3:atemp>
          </ns3:TrackPointExtension>
        </extensions>
      </trkpt>
      <trkpt lat="40.0096656382083892822265625" lon="-105.2872256375849246978759765625">
        <ele>1694.800048828125</ele>
        <time>2026-07-18T16:47:36.000Z</time>
        <extensions>
          <ns3:TrackPointExtension>
            <ns3:atemp>33.0</ns3:atemp>
          </ns3:TrackPointExtension>
        </extensions>
      </trkpt>
      <trkpt lat="40.00975272618234157562255859375" lon="-105.28722421266138553619384765625">
        <ele>1694.5999755859375</ele>
        <time>2026-07-18T16:47:37.000Z</time>
        <extensions>
          <ns3:TrackPointExtension>
            <ns3:atemp>33.0</ns3:atemp>
          </ns3:TrackPointExtension>
        </extensions>
      </trkpt>
      <trkpt lat="40.0099363736808300018310546875" lon="-105.28722270391881465911865234375">
        <ele>1693.5999755859375</ele>
        <time>2026-07-18T16:47:38.000Z</time>
        <extensions>
          <ns3:TrackPointExtension>
            <ns3:atemp>33.0</ns3:atemp>
          </ns3:TrackPointExtension>
        </extensions>
      </trkpt>
      <trkpt lat="40.01003318466246128082275390625" lon="-105.2872256375849246978759765625">
        <ele>1692.800048828125</ele>
        <time>2026-07-18T16:47:39.000Z</time>
        <extensions>
          <ns3:TrackPointExtension>
            <ns3:atemp>33.0</ns3:atemp>
          </ns3:TrackPointExtension>
        </extensions>
      </trkpt>
      <trkpt lat="40.01022429205477237701416015625" lon="-105.2872356958687305450439453125">
        <ele>1692</ele>
        <time>2026-07-18T16:47:41.000Z</time>
        <extensions>
          <ns3:TrackPointExtension>
            <ns3:atemp>33.0</ns3:atemp>
          </ns3:TrackPointExtension>
        </extensions>
      </trkpt>
      <trkpt lat="40.01037365756928920745849609375" lon="-105.28722421266138553619384765625">
        <ele>1691.199951171875</ele>
        <time>2026-07-18T16:47:43.000Z</time>
        <extensions>
          <ns3:TrackPointExtension>
            <ns3:atemp>33.0</ns3:atemp>
          </ns3:TrackPointExtension>
        </extensions>
      </trkpt>
      <trkpt lat="40.010427720844745635986328125" lon="-105.28719462454319000244140625">
        <ele>1690.5999755859375</ele>
        <time>2026-07-18T16:47:44.000Z</time>
        <extensions>
          <ns3:TrackPointExtension>
            <ns3:atemp>33.0</ns3:atemp>
          </ns3:TrackPointExtension>
        </extensions>
      </trkpt>
      <trkpt lat="40.010447166860103607177734375" lon="-105.28714835643768310546875">
        <ele>1690</ele>
        <time>2026-07-18T16:47:45.000Z</time>
        <extensions>
          <ns3:TrackPointExtension>
            <ns3:atemp>33.0</ns3:atemp>
          </ns3:TrackPointExtension>
        </extensions>
      </trkpt>
      <trkpt lat="40.010465942323207855224609375" lon="-105.28707786463201045989990234375">
        <ele>1689.5999755859375</ele>
        <time>2026-07-18T16:47:46.000Z</time>
        <extensions>
          <ns3:TrackPointExtension>
            <ns3:atemp>33.0</ns3:atemp>
          </ns3:TrackPointExtension>
        </extensions>
      </trkpt>
      <trkpt lat="40.01045948825776576995849609375" lon="-105.2870130725204944610595703125">
        <ele>1688.800048828125</ele>
        <time>2026-07-18T16:47:47.000Z</time>
        <extensions>
          <ns3:TrackPointExtension>
            <ns3:atemp>33.0</ns3:atemp>
          </ns3:TrackPointExtension>
        </extensions>
      </trkpt>
      <trkpt lat="40.010458566248416900634765625" lon="-105.28695590794086456298828125">
        <ele>1688.4000244140625</ele>
        <time>2026-07-18T16:47:48.000Z</time>
        <extensions>
          <ns3:TrackPointExtension>
            <ns3:atemp>33.0</ns3:atemp>
          </ns3:TrackPointExtension>
        </extensions>
      </trkpt>
      <trkpt lat="40.01044959761202335357666015625" lon="-105.2867944724857807159423828125">
        <ele>1687.4000244140625</ele>
        <time>2026-07-18T16:47:51.000Z</time>
        <extensions>
          <ns3:TrackPointExtension>
            <ns3:atemp>33.0</ns3:atemp>
          </ns3:TrackPointExtension>
        </extensions>
      </trkpt>
      <trkpt lat="40.01045462675392627716064453125" lon="-105.28673269785940647125244140625">
        <ele>1687.199951171875</ele>
        <time>2026-07-18T16:47:52.000Z</time>
        <extensions>
          <ns3:TrackPointExtension>
            <ns3:atemp>33.0</ns3:atemp>
          </ns3:TrackPointExtension>
        </extensions>
      </trkpt>
      <trkpt lat="40.01045831479132175445556640625" lon="-105.2866097353398799896240234375">
        <ele>1687.199951171875</ele>
        <time>2026-07-18T16:47:54.000Z</time>
        <extensions>
          <ns3:TrackPointExtension>
            <ns3:atemp>33.0</ns3:atemp>
          </ns3:TrackPointExtension>
        </extensions>
      </trkpt>
      <trkpt lat="40.0104771740734577178955078125" lon="-105.28602761216461658477783203125">
        <ele>1686.199951171875</ele>
        <time>2026-07-18T16:48:03.000Z</time>
        <extensions>
          <ns3:TrackPointExtension>
            <ns3:atemp>33.0</ns3:atemp>
          </ns3:TrackPointExtension>
        </extensions>
      </trkpt>
      <trkpt lat="40.01047105528414249420166015625" lon="-105.28552151285111904144287109375">
        <ele>1685.800048828125</ele>
        <time>2026-07-18T16:48:11.000Z</time>
        <extensions>
          <ns3:TrackPointExtension>
            <ns3:atemp>33.0</ns3:atemp>
          </ns3:TrackPointExtension>
        </extensions>
      </trkpt>
      <trkpt lat="40.010467283427715301513671875" lon="-105.28498456813395023345947265625">
        <ele>1685.4000244140625</ele>
        <time>2026-07-18T16:48:19.000Z</time>
        <extensions>
          <ns3:TrackPointExtension>
            <ns3:atemp>33.0</ns3:atemp>
          </ns3:TrackPointExtension>
        </extensions>
      </trkpt>
      <trkpt lat="40.01043451018631458282470703125" lon="-105.28458760119974613189697265625">
        <ele>1684.800048828125</ele>
        <time>2026-07-18T16:48:26.000Z</time>
        <extensions>
          <ns3:TrackPointExtension>
            <ns3:atemp>33.0</ns3:atemp>
          </ns3:TrackPointExtension>
        </extensions>
      </trkpt>
      <trkpt lat="40.010430403053760528564453125" lon="-105.284569747745990753173828125">
        <ele>1684.5999755859375</ele>
        <time>2026-07-18T16:48:29.000Z</time>
        <extensions>
          <ns3:TrackPointExtension>
            <ns3:atemp>33.0</ns3:atemp>
          </ns3:TrackPointExtension>
        </extensions>
      </trkpt>
      <trkpt lat="40.010430403053760528564453125" lon="-105.284569747745990753173828125">
        <ele>1684.5999755859375</ele>
        <time>2026-07-18T16:48:32.000Z</time>
        <extensions>
          <ns3:TrackPointExtension>
            <ns3:atemp>33.0</ns3:atemp>
          </ns3:TrackPointExtension>
        </extensions>
      </trkpt>
      <trkpt lat="40.010430403053760528564453125" lon="-105.284569747745990753173828125">
        <ele>1684.199951171875</ele>
        <time>2026-07-18T16:48:50.000Z</time>
        <extensions>
          <ns3:TrackPointExtension>
            <ns3:atemp>33.0</ns3:atemp>
          </ns3:TrackPointExtension>
        </extensions>
      </trkpt>
      <trkpt lat="40.01043073832988739013671875" lon="-105.28463688679039478302001953125">
        <ele>1684.199951171875</ele>
        <time>2026-07-18T16:49:07.000Z</time>
        <extensions>
          <ns3:TrackPointExtension>
            <ns3:atemp>33.0</ns3:atemp>
          </ns3:TrackPointExtension>
        </extensions>
      </trkpt>
      <trkpt lat="40.01043350435793399810791015625" lon="-105.28476529754698276519775390625">
        <ele>1684.4000244140625</ele>
        <time>2026-07-18T16:49:10.000Z</time>
        <extensions>
          <ns3:TrackPointExtension>
            <ns3:atemp>33.0</ns3:atemp>
          </ns3:TrackPointExtension>
        </extensions>
      </trkpt>
      <trkpt lat="40.01043769530951976776123046875" lon="-105.2848290838301181793212890625">
        <ele>1684.4000244140625</ele>
        <time>2026-07-18T16:49:11.000Z</time>
        <extensions>
          <ns3:TrackPointExtension>
            <ns3:atemp>33.0</ns3:atemp>
          </ns3:TrackPointExtension>
        </extensions>
      </trkpt>
      <trkpt lat="40.01045496203005313873291015625" lon="-105.2850540541112422943115234375">
        <ele>1684.4000244140625</ele>
        <time>2026-07-18T16:49:14.000Z</time>
        <extensions>
          <ns3:TrackPointExtension>
            <ns3:atemp>33.0</ns3:atemp>
          </ns3:TrackPointExtension>
        </extensions>
      </trkpt>
      <trkpt lat="40.01045613549649715423583984375" lon="-105.2851429022848606109619140625">
        <ele>1684.4000244140625</ele>
        <time>2026-07-18T16:49:15.000Z</time>
        <extensions>
          <ns3:TrackPointExtension>
            <ns3:atemp>33.0</ns3:atemp>
          </ns3:TrackPointExtension>
        </extensions>
      </trkpt>
      <trkpt lat="40.0104547105729579925537109375" lon="-105.2853997237980365753173828125">
        <ele>1684.4000244140625</ele>
        <time>2026-07-18T16:49:18.000Z</time>
        <extensions>
          <ns3:TrackPointExtension>
            <ns3:atemp>33.0</ns3:atemp>
          </ns3:TrackPointExtension>
        </extensions>
      </trkpt>
      <trkpt lat="40.01046066172420978546142578125" lon="-105.285559482872486114501953125">
        <ele>1684.4000244140625</ele>
        <time>2026-07-18T16:49:20.000Z</time>
        <extensions>
          <ns3:TrackPointExtension>
            <ns3:atemp>33.0</ns3:atemp>
          </ns3:TrackPointExtension>
        </extensions>
      </trkpt>
      <trkpt lat="40.01045999117195606231689453125" lon="-105.285631902515888214111328125">
        <ele>1684.5999755859375</ele>
        <time>2026-07-18T16:49:21.000Z</time>
        <extensions>
          <ns3:TrackPointExtension>
            <ns3:atemp>33.0</ns3:atemp>
          </ns3:TrackPointExtension>
        </extensions>
      </trkpt>
      <trkpt lat="40.01045881770551204681396484375" lon="-105.28582694940268993377685546875">
        <ele>1685.199951171875</ele>
        <time>2026-07-18T16:49:24.000Z</time>
        <extensions>
          <ns3:TrackPointExtension>
            <ns3:atemp>33.0</ns3:atemp>
          </ns3:TrackPointExtension>
        </extensions>
      </trkpt>
      <trkpt lat="40.0104542076587677001953125" lon="-105.2859985269606113433837890625">
        <ele>1685.5999755859375</ele>
        <time>2026-07-18T16:49:29.000Z</time>
        <extensions>
          <ns3:TrackPointExtension>
            <ns3:atemp>33.0</ns3:atemp>
          </ns3:TrackPointExtension>
        </extensions>
      </trkpt>
      <trkpt lat="40.01044238917529582977294921875" lon="-105.28597882948815822601318359375">
        <ele>1685.5999755859375</ele>
        <time>2026-07-18T16:49:32.000Z</time>
        <extensions>
          <ns3:TrackPointExtension>
            <ns3:atemp>33.0</ns3:atemp>
          </ns3:TrackPointExtension>
        </extensions>
      </trkpt>
      <trkpt lat="40.01044373027980327606201171875" lon="-105.285933315753936767578125">
        <ele>1685.5999755859375</ele>
        <time>2026-07-18T16:49:34.000Z</time>
        <extensions>
          <ns3:TrackPointExtension>
            <ns3:atemp>33.0</ns3:atemp>
          </ns3:TrackPointExtension>
        </extensions>
      </trkpt>
      <trkpt lat="40.010447166860103607177734375" lon="-105.28575737960636615753173828125">
        <ele>1685.4000244140625</ele>
        <time>2026-07-18T16:49:42.000Z</time>
        <extensions>
          <ns3:TrackPointExtension>
            <ns3:atemp>33.0</ns3:atemp>
          </ns3:TrackPointExtension>
        </extensions>
      </trkpt>
      <trkpt lat="40.01044456847012042999267578125" lon="-105.28563349507749080657958984375">
        <ele>1685.4000244140625</ele>
        <time>2026-07-18T16:49:47.000Z</time>
        <extensions>
          <ns3:TrackPointExtension>
            <ns3:atemp>33.0</ns3:atemp>
          </ns3:TrackPointExtension>
        </extensions>
      </trkpt>
      <trkpt lat="40.01042746938765048980712890625" lon="-105.28560139238834381103515625">
        <ele>1685.4000244140625</ele>
        <time>2026-07-18T16:49:49.000Z</time>
        <extensions>
          <ns3:TrackPointExtension>
            <ns3:atemp>33.0</ns3:atemp>
          </ns3:TrackPointExtension>
        </extensions>
      </trkpt>
      <trkpt lat="40.0104285590350627899169921875" lon="-105.28558253310620784759521484375">
        <ele>1685.4000244140625</ele>
        <time>2026-07-18T16:49:50.000Z</time>
        <extensions>
          <ns3:TrackPointExtension>
            <ns3:atemp>33.0</ns3:atemp>
          </ns3:TrackPointExtension>
        </extensions>
      </trkpt>
      <trkpt lat="40.010443814098834991455078125" lon="-105.28555579483509063720703125">
        <ele>1685.4000244140625</ele>
        <time>2026-07-18T16:49:52.000Z</time>
        <extensions>
          <ns3:TrackPointExtension>
            <ns3:atemp>33.0</ns3:atemp>
          </ns3:TrackPointExtension>
        </extensions>
      </trkpt>
      <trkpt lat="40.01045814715325832366943359375" lon="-105.28557767160236835479736328125">
        <ele>1685.4000244140625</ele>
        <time>2026-07-18T16:49:54.000Z</time>
        <extensions>
          <ns3:TrackPointExtension>
            <ns3:atemp>33.0</ns3:atemp>
          </ns3:TrackPointExtension>
        </extensions>
      </trkpt>
      <trkpt lat="40.01045328564941883087158203125" lon="-105.285596363246440887451171875">
        <ele>1685.199951171875</ele>
        <time>2026-07-18T16:49:55.000Z</time>
        <extensions>
          <ns3:TrackPointExtension>
            <ns3:atemp>33.0</ns3:atemp>
          </ns3:TrackPointExtension>
        </extensions>
      </trkpt>
      <trkpt lat="40.01042135059833526611328125" lon="-105.2855913341045379638671875">
        <ele>1685.199951171875</ele>
        <time>2026-07-18T16:49:57.000Z</time>
        <extensions>
          <ns3:TrackPointExtension>
            <ns3:atemp>33.0</ns3:atemp>
          </ns3:TrackPointExtension>
        </extensions>
      </trkpt>
      <trkpt lat="40.0104221887886524200439453125" lon="-105.285545401275157928466796875">
        <ele>1685.199951171875</ele>
        <time>2026-07-18T16:49:59.000Z</time>
        <extensions>
          <ns3:TrackPointExtension>
            <ns3:atemp>33.0</ns3:atemp>
          </ns3:TrackPointExtension>
        </extensions>
      </trkpt>
      <trkpt lat="40.0104399584233760833740234375" lon="-105.28550240211188793182373046875">
        <ele>1685.199951171875</ele>
        <time>2026-07-18T16:50:01.000Z</time>
        <extensions>
          <ns3:TrackPointExtension>
            <ns3:atemp>33.0</ns3:atemp>
          </ns3:TrackPointExtension>
        </extensions>
      </trkpt>
      <trkpt lat="40.0104392878711223602294921875" lon="-105.28532001189887523651123046875">
        <ele>1685</ele>
        <time>2026-07-18T16:50:08.000Z</time>
        <extensions>
          <ns3:TrackPointExtension>
            <ns3:atemp>33.0</ns3:atemp>
          </ns3:TrackPointExtension>
        </extensions>
      </trkpt>
      <trkpt lat="40.01044842414557933807373046875" lon="-105.2850897610187530517578125">
        <ele>1684.800048828125</ele>
        <time>2026-07-18T16:50:16.000Z</time>
        <extensions>
          <ns3:TrackPointExtension>
            <ns3:atemp>33.0</ns3:atemp>
          </ns3:TrackPointExtension>
        </extensions>
      </trkpt>
      <trkpt lat="40.01043618656694889068603515625" lon="-105.28495020233094692230224609375">
        <ele>1684.5999755859375</ele>
        <time>2026-07-18T16:50:19.000Z</time>
        <extensions>
          <ns3:TrackPointExtension>
            <ns3:atemp>33.0</ns3:atemp>
          </ns3:TrackPointExtension>
        </extensions>
      </trkpt>
      <trkpt lat="40.0104349292814731597900390625" lon="-105.2848964743316173553466796875">
        <ele>1684.5999755859375</ele>
        <time>2026-07-18T16:50:20.000Z</time>
        <extensions>
          <ns3:TrackPointExtension>
            <ns3:atemp>33.0</ns3:atemp>
          </ns3:TrackPointExtension>
        </extensions>
      </trkpt>
      <trkpt lat="40.01043736003339290618896484375" lon="-105.28484123758971691131591796875">
        <ele>1684.5999755859375</ele>
        <time>2026-07-18T16:50:21.000Z</time>
        <extensions>
          <ns3:TrackPointExtension>
            <ns3:atemp>33.0</ns3:atemp>
          </ns3:TrackPointExtension>
        </extensions>
      </trkpt>
      <trkpt lat="40.010447166860103607177734375" lon="-105.28467041440308094024658203125">
        <ele>1684.4000244140625</ele>
        <time>2026-07-18T16:50:24.000Z</time>
        <extensions>
          <ns3:TrackPointExtension>
            <ns3:atemp>33.0</ns3:atemp>
          </ns3:TrackPointExtension>
        </extensions>
      </trkpt>
      <trkpt lat="40.0104513578116893768310546875" lon="-105.28455474413931369781494140625">
        <ele>1684.199951171875</ele>
        <time>2026-07-18T16:50:26.000Z</time>
        <extensions>
          <ns3:TrackPointExtension>
            <ns3:atemp>33.0</ns3:atemp>
          </ns3:TrackPointExtension>
        </extensions>
      </trkpt>
      <trkpt lat="40.010451860725879669189453125" lon="-105.284073539078235626220703125">
        <ele>1684.4000244140625</ele>
        <time>2026-07-18T16:50:34.000Z</time>
        <extensions>
          <ns3:TrackPointExtension>
            <ns3:atemp>33.0</ns3:atemp>
          </ns3:TrackPointExtension>
        </extensions>
      </trkpt>
      <trkpt lat="40.01044993288815021514892578125" lon="-105.28359887190163135528564453125">
        <ele>1684.199951171875</ele>
        <time>2026-07-18T16:50:42.000Z</time>
        <extensions>
          <ns3:TrackPointExtension>
            <ns3:atemp>34.0</ns3:atemp>
          </ns3:TrackPointExtension>
        </extensions>
      </trkpt>
      <trkpt lat="40.0104496814310550689697265625" lon="-105.2835389412939548492431640625">
        <ele>1684.4000244140625</ele>
        <time>2026-07-18T16:50:43.000Z</time>
        <extensions>
          <ns3:TrackPointExtension>
            <ns3:atemp>34.0</ns3:atemp>
          </ns3:TrackPointExtension>
        </extensions>
      </trkpt>
      <trkpt lat="40.01045295037329196929931640625" lon="-105.28322839178144931793212890625">
        <ele>1684.5999755859375</ele>
        <time>2026-07-18T16:50:48.000Z</time>
        <extensions>
          <ns3:TrackPointExtension>
            <ns3:atemp>34.0</ns3:atemp>
          </ns3:TrackPointExtension>
        </extensions>
      </trkpt>
      <trkpt lat="40.010450519621372222900390625" lon="-105.28266881592571735382080078125">
        <ele>1684.5999755859375</ele>
        <time>2026-07-18T16:50:57.000Z</time>
        <extensions>
          <ns3:TrackPointExtension>
            <ns3:atemp>34.0</ns3:atemp>
          </ns3:TrackPointExtension>
        </extensions>
      </trkpt>
      <trkpt lat="40.01047499477863311767578125" lon="-105.28242942877113819122314453125">
        <ele>1684.5999755859375</ele>
        <time>2026-07-18T16:51:02.000Z</time>
        <extensions>
          <ns3:TrackPointExtension>
            <ns3:atemp>34.0</ns3:atemp>
          </ns3:TrackPointExtension>
        </extensions>
      </trkpt>
      <trkpt lat="40.01048798672854900360107421875" lon="-105.28237695805728435516357421875">
        <ele>1684.4000244140625</ele>
        <time>2026-07-18T16:51:06.000Z</time>
        <extensions>
          <ns3:TrackPointExtension>
            <ns3:atemp>34.0</ns3:atemp>
          </ns3:TrackPointExtension>
        </extensions>
      </trkpt>
      <trkpt lat="40.0105070136487483978271484375" lon="-105.28234493918716907501220703125">
        <ele>1684.4000244140625</ele>
        <time>2026-07-18T16:51:08.000Z</time>
        <extensions>
          <ns3:TrackPointExtension>
            <ns3:atemp>34.0</ns3:atemp>
          </ns3:TrackPointExtension>
        </extensions>
      </trkpt>
      <trkpt lat="40.010560490190982818603515625" lon="-105.28231929056346416473388671875">
        <ele>1684.4000244140625</ele>
        <time>2026-07-18T16:51:10.000Z</time>
        <extensions>
          <ns3:TrackPointExtension>
            <ns3:atemp>34.0</ns3:atemp>
          </ns3:TrackPointExtension>
        </extensions>
      </trkpt>
      <trkpt lat="40.01059628091752529144287109375" lon="-105.2823195420205593109130859375">
        <ele>1684.4000244140625</ele>
        <time>2026-07-18T16:51:11.000Z</time>
        <extensions>
          <ns3:TrackPointExtension>
            <ns3:atemp>34.0</ns3:atemp>
          </ns3:TrackPointExtension>
        </extensions>
      </trkpt>
      <trkpt lat="40.01067590899765491485595703125" lon="-105.28236488811671733856201171875">
        <ele>1684.4000244140625</ele>
        <time>2026-07-18T16:51:13.000Z</time>
        <extensions>
          <ns3:TrackPointExtension>
            <ns3:atemp>34.0</ns3:atemp>
          </ns3:TrackPointExtension>
        </extensions>
      </trkpt>
      <trkpt lat="40.01070876605808734893798828125" lon="-105.282397828996181488037109375">
        <ele>1684.4000244140625</ele>
        <time>2026-07-18T16:51:14.000Z</time>
        <extensions>
          <ns3:TrackPointExtension>
            <ns3:atemp>34.0</ns3:atemp>
          </ns3:TrackPointExtension>
        </extensions>
      </trkpt>
      <trkpt lat="40.010741539299488067626953125" lon="-105.28243093751370906829833984375">
        <ele>1684.4000244140625</ele>
        <time>2026-07-18T16:51:15.000Z</time>
        <extensions>
          <ns3:TrackPointExtension>
            <ns3:atemp>34.0</ns3:atemp>
          </ns3:TrackPointExtension>
        </extensions>
      </trkpt>
      <trkpt lat="40.0108127854764461517333984375" lon="-105.28249271214008331298828125">
        <ele>1684.199951171875</ele>
        <time>2026-07-18T16:51:17.000Z</time>
        <extensions>
          <ns3:TrackPointExtension>
            <ns3:atemp>34.0</ns3:atemp>
          </ns3:TrackPointExtension>
        </extensions>
      </trkpt>
      <trkpt lat="40.0108577124774456024169921875" lon="-105.28251777403056621551513671875">
        <ele>1683.800048828125</ele>
        <time>2026-07-18T16:51:18.000Z</time>
        <extensions>
          <ns3:TrackPointExtension>
            <ns3:atemp>34.0</ns3:atemp>
          </ns3:TrackPointExtension>
        </extensions>
      </trkpt>
      <trkpt lat="40.01090490259230136871337890625" lon="-105.28254794888198375701904296875">
        <ele>1683.5999755859375</ele>
        <time>2026-07-18T16:51:19.000Z</time>
        <extensions>
          <ns3:TrackPointExtension>
            <ns3:atemp>34.0</ns3:atemp>
          </ns3:TrackPointExtension>
        </extensions>
      </trkpt>
      <trkpt lat="40.0110979378223419189453125" lon="-105.282649286091327667236328125">
        <ele>1683</ele>
        <time>2026-07-18T16:51:23.000Z</time>
        <extensions>
          <ns3:TrackPointExtension>
            <ns3:atemp>34.0</ns3:atemp>
          </ns3:TrackPointExtension>
        </extensions>
      </trkpt>
      <trkpt lat="40.011151917278766632080078125" lon="-105.2826623618602752685546875">
        <ele>1683</ele>
        <time>2026-07-18T16:51:24.000Z</time>
        <extensions>
          <ns3:TrackPointExtension>
            <ns3:atemp>34.0</ns3:atemp>
          </ns3:TrackPointExtension>
        </extensions>
      </trkpt>
      <trkpt lat="40.01120681874454021453857421875" lon="-105.28267652727663516998291015625">
        <ele>1682.800048828125</ele>
        <time>2026-07-18T16:51:25.000Z</time>
        <extensions>
          <ns3:TrackPointExtension>
            <ns3:atemp>34.0</ns3:atemp>
          </ns3:TrackPointExtension>
        </extensions>
      </trkpt>
      <trkpt lat="40.01158266328275203704833984375" lon="-105.28279270045459270477294921875">
        <ele>1682.199951171875</ele>
        <time>2026-07-18T16:51:31.000Z</time>
        <extensions>
          <ns3:TrackPointExtension>
            <ns3:atemp>34.0</ns3:atemp>
          </ns3:TrackPointExtension>
        </extensions>
      </trkpt>
      <trkpt lat="40.01178885810077190399169921875" lon="-105.28286796994507312774658203125">
        <ele>1681.800048828125</ele>
        <time>2026-07-18T16:51:34.000Z</time>
        <extensions>
          <ns3:TrackPointExtension>
            <ns3:atemp>34.0</ns3:atemp>
          </ns3:TrackPointExtension>
        </extensions>
      </trkpt>
      <trkpt lat="40.01210770569741725921630859375" lon="-105.28298263438045978546142578125">
        <ele>1681.199951171875</ele>
        <time>2026-07-18T16:51:38.000Z</time>
        <extensions>
          <ns3:TrackPointExtension>
            <ns3:atemp>34.0</ns3:atemp>
          </ns3:TrackPointExtension>
        </extensions>
      </trkpt>
      <trkpt lat="40.0121991522610187530517578125" lon="-105.28301096521317958831787109375">
        <ele>1681</ele>
        <time>2026-07-18T16:51:39.000Z</time>
        <extensions>
          <ns3:TrackPointExtension>
            <ns3:atemp>34.0</ns3:atemp>
          </ns3:TrackPointExtension>
        </extensions>
      </trkpt>
      <trkpt lat="40.01229294575750827789306640625" lon="-105.28304667212069034576416015625">
        <ele>1680.5999755859375</ele>
        <time>2026-07-18T16:51:40.000Z</time>
        <extensions>
          <ns3:TrackPointExtension>
            <ns3:atemp>34.0</ns3:atemp>
          </ns3:TrackPointExtension>
        </extensions>
      </trkpt>
      <trkpt lat="40.01248505897819995880126953125" lon="-105.28311205096542835235595703125">
        <ele>1679.5999755859375</ele>
        <time>2026-07-18T16:51:42.000Z</time>
        <extensions>
          <ns3:TrackPointExtension>
            <ns3:atemp>34.0</ns3:atemp>
          </ns3:TrackPointExtension>
        </extensions>
      </trkpt>
      <trkpt lat="40.01258094795048236846923828125" lon="-105.28314641676843166351318359375">
        <ele>1679.4000244140625</ele>
        <time>2026-07-18T16:51:43.000Z</time>
        <extensions>
          <ns3:TrackPointExtension>
            <ns3:atemp>34.0</ns3:atemp>
          </ns3:TrackPointExtension>
        </extensions>
      </trkpt>
      <trkpt lat="40.0128398649394512176513671875" lon="-105.283255465328693389892578125">
        <ele>1678.199951171875</ele>
        <time>2026-07-18T16:51:46.000Z</time>
        <extensions>
          <ns3:TrackPointExtension>
            <ns3:atemp>34.0</ns3:atemp>
          </ns3:TrackPointExtension>
        </extensions>
      </trkpt>
      <trkpt lat="40.0129065848886966705322265625" lon="-105.2832720614969730377197265625">
        <ele>1677.4000244140625</ele>
        <time>2026-07-18T16:51:47.000Z</time>
        <extensions>
          <ns3:TrackPointExtension>
            <ns3:atemp>34.0</ns3:atemp>
          </ns3:TrackPointExtension>
        </extensions>
      </trkpt>
      <trkpt lat="40.01295930705964565277099609375" lon="-105.283282957971096038818359375">
        <ele>1676.5999755859375</ele>
        <time>2026-07-18T16:51:48.000Z</time>
        <extensions>
          <ns3:TrackPointExtension>
            <ns3:atemp>34.0</ns3:atemp>
          </ns3:TrackPointExtension>
        </extensions>
      </trkpt>
      <trkpt lat="40.01302334479987621307373046875" lon="-105.28329645283520221710205078125">
        <ele>1675.5999755859375</ele>
        <time>2026-07-18T16:51:50.000Z</time>
        <extensions>
          <ns3:TrackPointExtension>
            <ns3:atemp>34.0</ns3:atemp>
          </ns3:TrackPointExtension>
        </extensions>
      </trkpt>
      <trkpt lat="40.01304413191974163055419921875" lon="-105.28330064378678798675537109375">
        <ele>1674.4000244140625</ele>
        <time>2026-07-18T16:51:53.000Z</time>
        <extensions>
          <ns3:TrackPointExtension>
            <ns3:atemp>34.0</ns3:atemp>
          </ns3:TrackPointExtension>
        </extensions>
      </trkpt>
      <trkpt lat="40.01304413191974163055419921875" lon="-105.28330064378678798675537109375">
        <ele>1673.4000244140625</ele>
        <time>2026-07-18T16:51:59.000Z</time>
        <extensions>
          <ns3:TrackPointExtension>
            <ns3:atemp>34.0</ns3:atemp>
          </ns3:TrackPointExtension>
        </extensions>
      </trkpt>
      <trkpt lat="40.01309148967266082763671875" lon="-105.2833143062889575958251953125">
        <ele>1672.800048828125</ele>
        <time>2026-07-18T16:52:13.000Z</time>
        <extensions>
          <ns3:TrackPointExtension>
            <ns3:atemp>34.0</ns3:atemp>
          </ns3:TrackPointExtension>
        </extensions>
      </trkpt>
      <trkpt lat="40.01321361400187015533447265625" lon="-105.28335881419479846954345703125">
        <ele>1672.4000244140625</ele>
        <time>2026-07-18T16:52:16.000Z</time>
        <extensions>
          <ns3:TrackPointExtension>
            <ns3:atemp>34.0</ns3:atemp>
          </ns3:TrackPointExtension>
        </extensions>
      </trkpt>
      <trkpt lat="40.01327128149569034576416015625" lon="-105.28338245116174221038818359375">
        <ele>1672.4000244140625</ele>
        <time>2026-07-18T16:52:17.000Z</time>
        <extensions>
          <ns3:TrackPointExtension>
            <ns3:atemp>34.0</ns3:atemp>
          </ns3:TrackPointExtension>
        </extensions>
      </trkpt>
      <trkpt lat="40.01347596757113933563232421875" lon="-105.2834497578442096710205078125">
        <ele>1672.199951171875</ele>
        <time>2026-07-18T16:52:20.000Z</time>
        <extensions>
          <ns3:TrackPointExtension>
            <ns3:atemp>34.0</ns3:atemp>
          </ns3:TrackPointExtension>
        </extensions>
      </trkpt>
      <trkpt lat="40.0135472975671291351318359375" lon="-105.28345705009996891021728515625">
        <ele>1672.199951171875</ele>
        <time>2026-07-18T16:52:21.000Z</time>
        <extensions>
          <ns3:TrackPointExtension>
            <ns3:atemp>34.0</ns3:atemp>
          </ns3:TrackPointExtension>
        </extensions>
      </trkpt>
      <trkpt lat="40.013980306684970855712890625" lon="-105.28342477977275848388671875">
        <ele>1671.5999755859375</ele>
        <time>2026-07-18T16:52:27.000Z</time>
        <extensions>
          <ns3:TrackPointExtension>
            <ns3:atemp>34.0</ns3:atemp>
          </ns3:TrackPointExtension>
        </extensions>
      </trkpt>
      <trkpt lat="40.01443795859813690185546875" lon="-105.28334171511232852935791015625">
        <ele>1670.5999755859375</ele>
        <time>2026-07-18T16:52:34.000Z</time>
        <extensions>
          <ns3:TrackPointExtension>
            <ns3:atemp>34.0</ns3:atemp>
          </ns3:TrackPointExtension>
        </extensions>
      </trkpt>
      <trkpt lat="40.01448984257876873016357421875" lon="-105.283288322389125823974609375">
        <ele>1670.4000244140625</ele>
        <time>2026-07-18T16:52:36.000Z</time>
        <extensions>
          <ns3:TrackPointExtension>
            <ns3:atemp>34.0</ns3:atemp>
          </ns3:TrackPointExtension>
        </extensions>
      </trkpt>
      <trkpt lat="40.0145024992525577545166015625" lon="-105.28324984945356845855712890625">
        <ele>1670.4000244140625</ele>
        <time>2026-07-18T16:52:37.000Z</time>
        <extensions>
          <ns3:TrackPointExtension>
            <ns3:atemp>34.0</ns3:atemp>
          </ns3:TrackPointExtension>
        </extensions>
      </trkpt>
      <trkpt lat="40.01453778706490993499755859375" lon="-105.28317022137343883514404296875">
        <ele>1669.800048828125</ele>
        <time>2026-07-18T16:52:40.000Z</time>
        <extensions>
          <ns3:TrackPointExtension>
            <ns3:atemp>34.0</ns3:atemp>
          </ns3:TrackPointExtension>
        </extensions>
      </trkpt>
      <trkpt lat="40.01455404795706272125244140625" lon="-105.28316368348896503448486328125">
        <ele>1669.4000244140625</ele>
        <time>2026-07-18T16:52:41.000Z</time>
        <extensions>
          <ns3:TrackPointExtension>
            <ns3:atemp>34.0</ns3:atemp>
          </ns3:TrackPointExtension>
        </extensions>
      </trkpt>
      <trkpt lat="40.014566369354724884033203125" lon="-105.28316720388829708099365234375">
        <ele>1669.4000244140625</ele>
        <time>2026-07-18T16:52:42.000Z</time>
        <extensions>
          <ns3:TrackPointExtension>
            <ns3:atemp>34.0</ns3:atemp>
          </ns3:TrackPointExtension>
        </extensions>
      </trkpt>
      <trkpt lat="40.01455153338611125946044921875" lon="-105.28317156247794628143310546875">
        <ele>1669.199951171875</ele>
        <time>2026-07-18T16:52:44.000Z</time>
        <extensions>
          <ns3:TrackPointExtension>
            <ns3:atemp>34.0</ns3:atemp>
          </ns3:TrackPointExtension>
        </extensions>
      </trkpt>
      <trkpt lat="40.01450576819479465484619140625" lon="-105.283048935234546661376953125">
        <ele>1668.800048828125</ele>
        <time>2026-07-18T16:52:48.000Z</time>
        <extensions>
          <ns3:TrackPointExtension>
            <ns3:atemp>34.0</ns3:atemp>
          </ns3:TrackPointExtension>
        </extensions>
      </trkpt>
      <trkpt lat="40.01451448537409305572509765625" lon="-105.28289663605391979217529296875">
        <ele>1668.4000244140625</ele>
        <time>2026-07-18T16:52:51.000Z</time>
        <extensions>
          <ns3:TrackPointExtension>
            <ns3:atemp>34.0</ns3:atemp>
          </ns3:TrackPointExtension>
        </extensions>
      </trkpt>
      <trkpt lat="40.0145149044692516326904296875" lon="-105.28286277316510677337646484375">
        <ele>1668.4000244140625</ele>
        <time>2026-07-18T16:52:52.000Z</time>
        <extensions>
          <ns3:TrackPointExtension>
            <ns3:atemp>34.0</ns3:atemp>
          </ns3:TrackPointExtension>
        </extensions>
      </trkpt>
      <trkpt lat="40.01450836658477783203125" lon="-105.28284030966460704803466796875">
        <ele>1668.199951171875</ele>
        <time>2026-07-18T16:52:53.000Z</time>
        <extensions>
          <ns3:TrackPointExtension>
            <ns3:atemp>34.0</ns3:atemp>
          </ns3:TrackPointExtension>
        </extensions>
      </trkpt>
      <trkpt lat="40.0144743360579013824462890625" lon="-105.282782055437564849853515625">
        <ele>1667.5999755859375</ele>
        <time>2026-07-18T16:52:56.000Z</time>
        <extensions>
          <ns3:TrackPointExtension>
            <ns3:atemp>34.0</ns3:atemp>
          </ns3:TrackPointExtension>
        </extensions>
      </trkpt>
      <trkpt lat="40.014465786516666412353515625" lon="-105.28273084200918674468994140625">
        <ele>1667.4000244140625</ele>
        <time>2026-07-18T16:52:58.000Z</time>
        <extensions>
          <ns3:TrackPointExtension>
            <ns3:atemp>34.0</ns3:atemp>
          </ns3:TrackPointExtension>
        </extensions>
      </trkpt>
      <trkpt lat="40.0144589133560657501220703125" lon="-105.28261902742087841033935546875">
        <ele>1667</ele>
        <time>2026-07-18T16:53:01.000Z</time>
        <extensions>
          <ns3:TrackPointExtension>
            <ns3:atemp>34.0</ns3:atemp>
          </ns3:TrackPointExtension>
        </extensions>
      </trkpt>
      <trkpt lat="40.01449302770197391510009765625" lon="-105.28239573352038860321044921875">
        <ele>1666.800048828125</ele>
        <time>2026-07-18T16:53:06.000Z</time>
        <extensions>
          <ns3:TrackPointExtension>
            <ns3:atemp>34.0</ns3:atemp>
          </ns3:TrackPointExtension>
        </extensions>
      </trkpt>
      <trkpt lat="40.01451264135539531707763671875" lon="-105.28234393335878849029541015625">
        <ele>1666.5999755859375</ele>
        <time>2026-07-18T16:53:07.000Z</time>
        <extensions>
          <ns3:TrackPointExtension>
            <ns3:atemp>34.0</ns3:atemp>
          </ns3:TrackPointExtension>
        </extensions>
      </trkpt>
      <trkpt lat="40.01452823169529438018798828125" lon="-105.28228894807398319244384765625">
        <ele>1666.4000244140625</ele>
        <time>2026-07-18T16:53:08.000Z</time>
        <extensions>
          <ns3:TrackPointExtension>
            <ns3:atemp>34.0</ns3:atemp>
          </ns3:TrackPointExtension>
        </extensions>
      </trkpt>
      <trkpt lat="40.01454968936741352081298828125" lon="-105.28218182735145092010498046875">
        <ele>1666.4000244140625</ele>
        <time>2026-07-18T16:53:10.000Z</time>
        <extensions>
          <ns3:TrackPointExtension>
            <ns3:atemp>34.0</ns3:atemp>
          </ns3:TrackPointExtension>
        </extensions>
      </trkpt>
      <trkpt lat="40.01456343568861484527587890625" lon="-105.282127596437931060791015625">
        <ele>1666.199951171875</ele>
        <time>2026-07-18T16:53:11.000Z</time>
        <extensions>
          <ns3:TrackPointExtension>
            <ns3:atemp>34.0</ns3:atemp>
          </ns3:TrackPointExtension>
        </extensions>
      </trkpt>
      <trkpt lat="40.01467139460146427154541015625" lon="-105.281810760498046875">
        <ele>1666</ele>
        <time>2026-07-18T16:53:16.000Z</time>
        <extensions>
          <ns3:TrackPointExtension>
            <ns3:atemp>34.0</ns3:atemp>
          </ns3:TrackPointExtension>
        </extensions>
      </trkpt>
      <trkpt lat="40.01470425166189670562744140625" lon="-105.281756781041622161865234375">
        <ele>1666</ele>
        <time>2026-07-18T16:53:17.000Z</time>
        <extensions>
          <ns3:TrackPointExtension>
            <ns3:atemp>34.0</ns3:atemp>
          </ns3:TrackPointExtension>
        </extensions>
      </trkpt>
      <trkpt lat="40.01474264077842235565185546875" lon="-105.281710512936115264892578125">
        <ele>1666</ele>
        <time>2026-07-18T16:53:18.000Z</time>
        <extensions>
          <ns3:TrackPointExtension>
            <ns3:atemp>34.0</ns3:atemp>
          </ns3:TrackPointExtension>
        </extensions>
      </trkpt>
      <trkpt lat="40.0149497576057910919189453125" lon="-105.2815081737935543060302734375">
        <ele>1665.800048828125</ele>
        <time>2026-07-18T16:53:23.000Z</time>
        <extensions>
          <ns3:TrackPointExtension>
            <ns3:atemp>34.0</ns3:atemp>
          </ns3:TrackPointExtension>
        </extensions>
      </trkpt>
      <trkpt lat="40.01498605124652385711669921875" lon="-105.2814528532326221466064453125">
        <ele>1665.800048828125</ele>
        <time>2026-07-18T16:53:24.000Z</time>
        <extensions>
          <ns3:TrackPointExtension>
            <ns3:atemp>34.0</ns3:atemp>
          </ns3:TrackPointExtension>
        </extensions>
      </trkpt>
      <trkpt lat="40.0150541961193084716796875" lon="-105.28133810497820377349853515625">
        <ele>1665.800048828125</ele>
        <time>2026-07-18T16:53:26.000Z</time>
        <extensions>
          <ns3:TrackPointExtension>
            <ns3:atemp>34.0</ns3:atemp>
          </ns3:TrackPointExtension>
        </extensions>
      </trkpt>
      <trkpt lat="40.0151170603930950164794921875" lon="-105.28122344054281711578369140625">
        <ele>1665.800048828125</ele>
        <time>2026-07-18T16:53:28.000Z</time>
        <extensions>
          <ns3:TrackPointExtension>
            <ns3:atemp>34.0</ns3:atemp>
          </ns3:TrackPointExtension>
        </extensions>
      </trkpt>
      <trkpt lat="40.01514782197773456573486328125" lon="-105.281165353953838348388671875">
        <ele>1665.800048828125</ele>
        <time>2026-07-18T16:53:29.000Z</time>
        <extensions>
          <ns3:TrackPointExtension>
            <ns3:atemp>34.0</ns3:atemp>
          </ns3:TrackPointExtension>
        </extensions>
      </trkpt>
      <trkpt lat="40.01521219499409198760986328125" lon="-105.281054712831974029541015625">
        <ele>1665.800048828125</ele>
        <time>2026-07-18T16:53:31.000Z</time>
        <extensions>
          <ns3:TrackPointExtension>
            <ns3:atemp>34.0</ns3:atemp>
          </ns3:TrackPointExtension>
        </extensions>
      </trkpt>
      <trkpt lat="40.015240609645843505859375" lon="-105.28099595569074153900146484375">
        <ele>1665.5999755859375</ele>
        <time>2026-07-18T16:53:32.000Z</time>
        <extensions>
          <ns3:TrackPointExtension>
            <ns3:atemp>35.0</ns3:atemp>
          </ns3:TrackPointExtension>
        </extensions>
      </trkpt>
      <trkpt lat="40.01526131294667720794677734375" lon="-105.280933678150177001953125">
        <ele>1665.5999755859375</ele>
        <time>2026-07-18T16:53:33.000Z</time>
        <extensions>
          <ns3:TrackPointExtension>
            <ns3:atemp>34.0</ns3:atemp>
          </ns3:TrackPointExtension>
        </extensions>
      </trkpt>
      <trkpt lat="40.01529400236904621124267578125" lon="-105.2808067761361598968505859375">
        <ele>1665.800048828125</ele>
        <time>2026-07-18T16:53:35.000Z</time>
        <extensions>
          <ns3:TrackPointExtension>
            <ns3:atemp>34.0</ns3:atemp>
          </ns3:TrackPointExtension>
        </extensions>
      </trkpt>
      <trkpt lat="40.015337169170379638671875" lon="-105.28061307035386562347412109375">
        <ele>1665.5999755859375</ele>
        <time>2026-07-18T16:53:38.000Z</time>
        <extensions>
          <ns3:TrackPointExtension>
            <ns3:atemp>34.0</ns3:atemp>
          </ns3:TrackPointExtension>
        </extensions>
      </trkpt>
      <trkpt lat="40.015336163341999053955078125" lon="-105.28047376312315464019775390625">
        <ele>1665.4000244140625</ele>
        <time>2026-07-18T16:53:40.000Z</time>
        <extensions>
          <ns3:TrackPointExtension>
            <ns3:atemp>34.0</ns3:atemp>
          </ns3:TrackPointExtension>
        </extensions>
      </trkpt>
      <trkpt lat="40.01529500819742679595947265625" lon="-105.28034853748977184295654296875">
        <ele>1665.4000244140625</ele>
        <time>2026-07-18T16:53:42.000Z</time>
        <extensions>
          <ns3:TrackPointExtension>
            <ns3:atemp>34.0</ns3:atemp>
          </ns3:TrackPointExtension>
        </extensions>
      </trkpt>
      <trkpt lat="40.01522828824818134307861328125" lon="-105.2802572585642337799072265625">
        <ele>1665.4000244140625</ele>
        <time>2026-07-18T16:53:44.000Z</time>
        <extensions>
          <ns3:TrackPointExtension>
            <ns3:atemp>34.0</ns3:atemp>
          </ns3:TrackPointExtension>
        </extensions>
      </trkpt>
      <trkpt lat="40.01514564268290996551513671875" lon="-105.28019330464303493499755859375">
        <ele>1665.4000244140625</ele>
        <time>2026-07-18T16:53:46.000Z</time>
        <extensions>
          <ns3:TrackPointExtension>
            <ns3:atemp>34.0</ns3:atemp>
          </ns3:TrackPointExtension>
        </extensions>
      </trkpt>
      <trkpt lat="40.015092082321643829345703125" lon="-105.2800929732620716094970703125">
        <ele>1665.199951171875</ele>
        <time>2026-07-18T16:53:48.000Z</time>
        <extensions>
          <ns3:TrackPointExtension>
            <ns3:atemp>35.0</ns3:atemp>
          </ns3:TrackPointExtension>
        </extensions>
      </trkpt>
      <trkpt lat="40.0150473229587078094482421875" lon="-105.27992106042802333831787109375">
        <ele>1665</ele>
        <time>2026-07-18T16:53:51.000Z</time>
        <extensions>
          <ns3:TrackPointExtension>
            <ns3:atemp>34.0</ns3:atemp>
          </ns3:TrackPointExtension>
        </extensions>
      </trkpt>
      <trkpt lat="40.0150218419730663299560546875" lon="-105.2798058092594146728515625">
        <ele>1664.800048828125</ele>
        <time>2026-07-18T16:53:53.000Z</time>
        <extensions>
          <ns3:TrackPointExtension>
            <ns3:atemp>35.0</ns3:atemp>
          </ns3:TrackPointExtension>
        </extensions>
      </trkpt>
      <trkpt lat="40.01501169987022876739501953125" lon="-105.27970011346042156219482421875">
        <ele>1664.4000244140625</ele>
        <time>2026-07-18T16:53:55.000Z</time>
        <extensions>
          <ns3:TrackPointExtension>
            <ns3:atemp>35.0</ns3:atemp>
          </ns3:TrackPointExtension>
        </extensions>
      </trkpt>
      <trkpt lat="40.01500935293734073638916015625" lon="-105.27959601022303104400634765625">
        <ele>1664.4000244140625</ele>
        <time>2026-07-18T16:53:57.000Z</time>
        <extensions>
          <ns3:TrackPointExtension>
            <ns3:atemp>34.0</ns3:atemp>
          </ns3:TrackPointExtension>
        </extensions>
      </trkpt>
      <trkpt lat="40.01501857303082942962646484375" lon="-105.2794877998530864715576171875">
        <ele>1664.199951171875</ele>
        <time>2026-07-18T16:53:59.000Z</time>
        <extensions>
          <ns3:TrackPointExtension>
            <ns3:atemp>35.0</ns3:atemp>
          </ns3:TrackPointExtension>
        </extensions>
      </trkpt>
      <trkpt lat="40.01503902487456798553466796875" lon="-105.2792044915258884429931640625">
        <ele>1664</ele>
        <time>2026-07-18T16:54:03.000Z</time>
        <extensions>
          <ns3:TrackPointExtension>
            <ns3:atemp>35.0</ns3:atemp>
          </ns3:TrackPointExtension>
        </extensions>
      </trkpt>
      <trkpt lat="40.01504690386354923248291015625" lon="-105.27913165278732776641845703125">
        <ele>1663.800048828125</ele>
        <time>2026-07-18T16:54:04.000Z</time>
        <extensions>
          <ns3:TrackPointExtension>
            <ns3:atemp>35.0</ns3:atemp>
          </ns3:TrackPointExtension>
        </extensions>
      </trkpt>
      <trkpt lat="40.0150496698915958404541015625" lon="-105.27906057424843311309814453125">
        <ele>1663.5999755859375</ele>
        <time>2026-07-18T16:54:05.000Z</time>
        <extensions>
          <ns3:TrackPointExtension>
            <ns3:atemp>35.0</ns3:atemp>
          </ns3:TrackPointExtension>
        </extensions>
      </trkpt>
      <trkpt lat="40.015075318515300750732421875" lon="-105.27889243327081203460693359375">
        <ele>1662.800048828125</ele>
        <time>2026-07-18T16:54:07.000Z</time>
        <extensions>
          <ns3:TrackPointExtension>
            <ns3:atemp>34.0</ns3:atemp>
          </ns3:TrackPointExtension>
        </extensions>
      </trkpt>
      <trkpt lat="40.01508495770394802093505859375" lon="-105.27880928479135036468505859375">
        <ele>1662.4000244140625</ele>
        <time>2026-07-18T16:54:08.000Z</time>
        <extensions>
          <ns3:TrackPointExtension>
            <ns3:atemp>34.0</ns3:atemp>
          </ns3:TrackPointExtension>
        </extensions>
      </trkpt>
      <trkpt lat="40.01511245034635066986083984375" lon="-105.278613902628421783447265625">
        <ele>1662</ele>
        <time>2026-07-18T16:54:12.000Z</time>
        <extensions>
          <ns3:TrackPointExtension>
            <ns3:atemp>34.0</ns3:atemp>
          </ns3:TrackPointExtension>
        </extensions>
      </trkpt>
      <trkpt lat="40.01506735570728778839111328125" lon="-105.278530083596706390380859375">
        <ele>1662.199951171875</ele>
        <time>2026-07-18T16:54:15.000Z</time>
        <extensions>
          <ns3:TrackPointExtension>
            <ns3:atemp>35.0</ns3:atemp>
          </ns3:TrackPointExtension>
        </extensions>
      </trkpt>
      <trkpt lat="40.0150407850742340087890625" lon="-105.27851759456098079681396484375">
        <ele>1662.199951171875</ele>
        <time>2026-07-18T16:54:16.000Z</time>
        <extensions>
          <ns3:TrackPointExtension>
            <ns3:atemp>35.0</ns3:atemp>
          </ns3:TrackPointExtension>
        </extensions>
      </trkpt>
      <trkpt lat="40.01493374817073345184326171875" lon="-105.27840636670589447021484375">
        <ele>1662.5999755859375</ele>
        <time>2026-07-18T16:54:21.000Z</time>
        <extensions>
          <ns3:TrackPointExtension>
            <ns3:atemp>35.0</ns3:atemp>
          </ns3:TrackPointExtension>
        </extensions>
      </trkpt>
      <trkpt lat="40.014856047928333282470703125" lon="-105.27833218686282634735107421875">
        <ele>1662.5999755859375</ele>
        <time>2026-07-18T16:54:23.000Z</time>
        <extensions>
          <ns3:TrackPointExtension>
            <ns3:atemp>35.0</ns3:atemp>
          </ns3:TrackPointExtension>
        </extensions>
      </trkpt>
      <trkpt lat="40.0148005597293376922607421875" lon="-105.2782922051846981048583984375">
        <ele>1662.5999755859375</ele>
        <time>2026-07-18T16:54:24.000Z</time>
        <extensions>
          <ns3:TrackPointExtension>
            <ns3:atemp>35.0</ns3:atemp>
          </ns3:TrackPointExtension>
        </extensions>
      </trkpt>
      <trkpt lat="40.01449470408260822296142578125" lon="-105.27801233343780040740966796875">
        <ele>1662.5999755859375</ele>
        <time>2026-07-18T16:54:29.000Z</time>
        <extensions>
          <ns3:TrackPointExtension>
            <ns3:atemp>35.0</ns3:atemp>
          </ns3:TrackPointExtension>
        </extensions>
      </trkpt>
      <trkpt lat="40.014435946941375732421875" lon="-105.2779364772140979766845703125">
        <ele>1662.199951171875</ele>
        <time>2026-07-18T16:54:30.000Z</time>
        <extensions>
          <ns3:TrackPointExtension>
            <ns3:atemp>35.0</ns3:atemp>
          </ns3:TrackPointExtension>
        </extensions>
      </trkpt>
      <trkpt lat="40.01433067023754119873046875" lon="-105.2777674980461597442626953125">
        <ele>1661.800048828125</ele>
        <time>2026-07-18T16:54:32.000Z</time>
        <extensions>
          <ns3:TrackPointExtension>
            <ns3:atemp>35.0</ns3:atemp>
          </ns3:TrackPointExtension>
        </extensions>
      </trkpt>
      <trkpt lat="40.01427710987627506256103515625" lon="-105.27767990715801715850830078125">
        <ele>1661.4000244140625</ele>
        <time>2026-07-18T16:54:33.000Z</time>
        <extensions>
          <ns3:TrackPointExtension>
            <ns3:atemp>35.0</ns3:atemp>
          </ns3:TrackPointExtension>
        </extensions>
      </trkpt>
      <trkpt lat="40.01416764222085475921630859375" lon="-105.277495421469211578369140625">
        <ele>1660.800048828125</ele>
        <time>2026-07-18T16:54:35.000Z</time>
        <extensions>
          <ns3:TrackPointExtension>
            <ns3:atemp>35.0</ns3:atemp>
          </ns3:TrackPointExtension>
        </extensions>
      </trkpt>
      <trkpt lat="40.01413092948496341705322265625" lon="-105.2774013765156269073486328125">
        <ele>1660.5999755859375</ele>
        <time>2026-07-18T16:54:36.000Z</time>
        <extensions>
          <ns3:TrackPointExtension>
            <ns3:atemp>35.0</ns3:atemp>
          </ns3:TrackPointExtension>
        </extensions>
      </trkpt>
      <trkpt lat="40.014104358851909637451171875" lon="-105.27731026522815227508544921875">
        <ele>1660.4000244140625</ele>
        <time>2026-07-18T16:54:37.000Z</time>
        <extensions>
          <ns3:TrackPointExtension>
            <ns3:atemp>35.0</ns3:atemp>
          </ns3:TrackPointExtension>
        </extensions>
      </trkpt>
      <trkpt lat="40.01399212516844272613525390625" lon="-105.276926122605800628662109375">
        <ele>1660.4000244140625</ele>
        <time>2026-07-18T16:54:42.000Z</time>
        <extensions>
          <ns3:TrackPointExtension>
            <ns3:atemp>35.0</ns3:atemp>
          </ns3:TrackPointExtension>
        </extensions>
      </trkpt>
      <trkpt lat="40.01381727866828441619873046875" lon="-105.276458077132701873779296875">
        <ele>1660.5999755859375</ele>
        <time>2026-07-18T16:54:48.000Z</time>
        <extensions>
          <ns3:TrackPointExtension>
            <ns3:atemp>35.0</ns3:atemp>
          </ns3:TrackPointExtension>
        </extensions>
      </trkpt>
      <trkpt lat="40.01357722096145153045654296875" lon="-105.27587494812905788421630859375">
        <ele>1660.199951171875</ele>
        <time>2026-07-18T16:54:55.000Z</time>
        <extensions>
          <ns3:TrackPointExtension>
            <ns3:atemp>34.0</ns3:atemp>
          </ns3:TrackPointExtension>
        </extensions>
      </trkpt>
      <trkpt lat="40.0134782306849956512451171875" lon="-105.275633297860622406005859375">
        <ele>1659.800048828125</ele>
        <time>2026-07-18T16:54:58.000Z</time>
        <extensions>
          <ns3:TrackPointExtension>
            <ns3:atemp>34.0</ns3:atemp>
          </ns3:TrackPointExtension>
        </extensions>
      </trkpt>
      <trkpt lat="40.0133769772946834564208984375" lon="-105.27537773363292217254638671875">
        <ele>1659.199951171875</ele>
        <time>2026-07-18T16:55:02.000Z</time>
        <extensions>
          <ns3:TrackPointExtension>
            <ns3:atemp>34.0</ns3:atemp>
          </ns3:TrackPointExtension>
        </extensions>
      </trkpt>
      <trkpt lat="40.01332291401922702789306640625" lon="-105.275211520493030548095703125">
        <ele>1659</ele>
        <time>2026-07-18T16:55:03.000Z</time>
        <extensions>
          <ns3:TrackPointExtension>
            <ns3:atemp>34.0</ns3:atemp>
          </ns3:TrackPointExtension>
        </extensions>
      </trkpt>
      <trkpt lat="40.01329307444393634796142578125" lon="-105.27512996457517147064208984375">
        <ele>1658.800048828125</ele>
        <time>2026-07-18T16:55:04.000Z</time>
        <extensions>
          <ns3:TrackPointExtension>
            <ns3:atemp>34.0</ns3:atemp>
          </ns3:TrackPointExtension>
        </extensions>
      </trkpt>
      <trkpt lat="40.013227947056293487548828125" lon="-105.27497691102325916290283203125">
        <ele>1658.5999755859375</ele>
        <time>2026-07-18T16:55:06.000Z</time>
        <extensions>
          <ns3:TrackPointExtension>
            <ns3:atemp>34.0</ns3:atemp>
          </ns3:TrackPointExtension>
        </extensions>
      </trkpt>
      <trkpt lat="40.01313566230237483978271484375" lon="-105.27476920746266841888427734375">
        <ele>1658.199951171875</ele>
        <time>2026-07-18T16:55:09.000Z</time>
        <extensions>
          <ns3:TrackPointExtension>
            <ns3:atemp>34.0</ns3:atemp>
          </ns3:TrackPointExtension>
        </extensions>
      </trkpt>
      <trkpt lat="40.013050921261310577392578125" lon="-105.27465538121759891510009765625">
        <ele>1658.199951171875</ele>
        <time>2026-07-18T16:55:11.000Z</time>
        <extensions>
          <ns3:TrackPointExtension>
            <ns3:atemp>34.0</ns3:atemp>
          </ns3:TrackPointExtension>
        </extensions>
      </trkpt>
      <trkpt lat="40.01283190213143825531005859375" lon="-105.274420268833637237548828125">
        <ele>1658</ele>
        <time>2026-07-18T16:55:16.000Z</time>
        <extensions>
          <ns3:TrackPointExtension>
            <ns3:atemp>34.0</ns3:atemp>
          </ns3:TrackPointExtension>
        </extensions>
      </trkpt>
      <trkpt lat="40.01273609697818756103515625" lon="-105.27427283115684986114501953125">
        <ele>1657.800048828125</ele>
        <time>2026-07-18T16:55:19.000Z</time>
        <extensions>
          <ns3:TrackPointExtension>
            <ns3:atemp>34.0</ns3:atemp>
          </ns3:TrackPointExtension>
        </extensions>
      </trkpt>
      <trkpt lat="40.01270927488803863525390625" lon="-105.27422890998423099517822265625">
        <ele>1657.800048828125</ele>
        <time>2026-07-18T16:55:20.000Z</time>
        <extensions>
          <ns3:TrackPointExtension>
            <ns3:atemp>34.0</ns3:atemp>
          </ns3:TrackPointExtension>
        </extensions>
      </trkpt>
      <trkpt lat="40.01257876865565776824951171875" lon="-105.27390587143599987030029296875">
        <ele>1658.199951171875</ele>
        <time>2026-07-18T16:55:26.000Z</time>
        <extensions>
          <ns3:TrackPointExtension>
            <ns3:atemp>34.0</ns3:atemp>
          </ns3:TrackPointExtension>
        </extensions>
      </trkpt>
      <trkpt lat="40.0124955363571643829345703125" lon="-105.273659527301788330078125">
        <ele>1658.4000244140625</ele>
        <time>2026-07-18T16:55:30.000Z</time>
        <extensions>
          <ns3:TrackPointExtension>
            <ns3:atemp>34.0</ns3:atemp>
          </ns3:TrackPointExtension>
        </extensions>
      </trkpt>
      <trkpt lat="40.01242906786501407623291015625" lon="-105.27353681623935699462890625">
        <ele>1658.4000244140625</ele>
        <time>2026-07-18T16:55:32.000Z</time>
        <extensions>
          <ns3:TrackPointExtension>
            <ns3:atemp>34.0</ns3:atemp>
          </ns3:TrackPointExtension>
        </extensions>
      </trkpt>
      <trkpt lat="40.01228406094014644622802734375" lon="-105.27328611351549625396728515625">
        <ele>1658.199951171875</ele>
        <time>2026-07-18T16:55:36.000Z</time>
        <extensions>
          <ns3:TrackPointExtension>
            <ns3:atemp>34.0</ns3:atemp>
          </ns3:TrackPointExtension>
        </extensions>
      </trkpt>
      <trkpt lat="40.01224458217620849609375" lon="-105.27323414571583271026611328125">
        <ele>1658</ele>
        <time>2026-07-18T16:55:37.000Z</time>
        <extensions>
          <ns3:TrackPointExtension>
            <ns3:atemp>34.0</ns3:atemp>
          </ns3:TrackPointExtension>
        </extensions>
      </trkpt>
      <trkpt lat="40.0121468491852283477783203125" lon="-105.27312166057527065277099609375">
        <ele>1657.5999755859375</ele>
        <time>2026-07-18T16:55:39.000Z</time>
        <extensions>
          <ns3:TrackPointExtension>
            <ns3:atemp>34.0</ns3:atemp>
          </ns3:TrackPointExtension>
        </extensions>
      </trkpt>
      <trkpt lat="40.01208490692079067230224609375" lon="-105.27296709828078746795654296875">
        <ele>1657.4000244140625</ele>
        <time>2026-07-18T16:55:41.000Z</time>
        <extensions>
          <ns3:TrackPointExtension>
            <ns3:atemp>34.0</ns3:atemp>
          </ns3:TrackPointExtension>
        </extensions>
      </trkpt>
      <trkpt lat="40.01207551918923854827880859375" lon="-105.27290088124573230743408203125">
        <ele>1657.199951171875</ele>
        <time>2026-07-18T16:55:42.000Z</time>
        <extensions>
          <ns3:TrackPointExtension>
            <ns3:atemp>34.0</ns3:atemp>
          </ns3:TrackPointExtension>
        </extensions>
      </trkpt>
      <trkpt lat="40.01208323054015636444091796875" lon="-105.27279728092253208160400390625">
        <ele>1657.199951171875</ele>
        <time>2026-07-18T16:55:44.000Z</time>
        <extensions>
          <ns3:TrackPointExtension>
            <ns3:atemp>34.0</ns3:atemp>
          </ns3:TrackPointExtension>
        </extensions>
      </trkpt>
      <trkpt lat="40.01208809204399585723876953125" lon="-105.27276928536593914031982421875">
        <ele>1657.199951171875</ele>
        <time>2026-07-18T16:55:45.000Z</time>
        <extensions>
          <ns3:TrackPointExtension>
            <ns3:atemp>34.0</ns3:atemp>
          </ns3:TrackPointExtension>
        </extensions>
      </trkpt>
      <trkpt lat="40.01209110952913761138916015625" lon="-105.27276358567178249359130859375">
        <ele>1657.5999755859375</ele>
        <time>2026-07-18T16:55:47.000Z</time>
        <extensions>
          <ns3:TrackPointExtension>
            <ns3:atemp>34.0</ns3:atemp>
          </ns3:TrackPointExtension>
        </extensions>
      </trkpt>
      <trkpt lat="40.01209110952913761138916015625" lon="-105.27276358567178249359130859375">
        <ele>1658.4000244140625</ele>
        <time>2026-07-18T16:55:51.000Z</time>
        <extensions>
          <ns3:TrackPointExtension>
            <ns3:atemp>34.0</ns3:atemp>
          </ns3:TrackPointExtension>
        </extensions>
      </trkpt>
      <trkpt lat="40.012091696262359619140625" lon="-105.27276962064206600189208984375">
        <ele>1658.800048828125</ele>
        <time>2026-07-18T16:55:59.000Z</time>
        <extensions>
          <ns3:TrackPointExtension>
            <ns3:atemp>34.0</ns3:atemp>
          </ns3:TrackPointExtension>
        </extensions>
      </trkpt>
      <trkpt lat="40.012091696262359619140625" lon="-105.27276962064206600189208984375">
        <ele>1659</ele>
        <time>2026-07-18T16:56:17.000Z</time>
        <extensions>
          <ns3:TrackPointExtension>
            <ns3:atemp>34.0</ns3:atemp>
          </ns3:TrackPointExtension>
        </extensions>
      </trkpt>
      <trkpt lat="40.012084655463695526123046875" lon="-105.27284354902803897857666015625">
        <ele>1658.800048828125</ele>
        <time>2026-07-18T16:56:35.000Z</time>
        <extensions>
          <ns3:TrackPointExtension>
            <ns3:atemp>34.0</ns3:atemp>
          </ns3:TrackPointExtension>
        </extensions>
      </trkpt>
      <trkpt lat="40.012077279388904571533203125" lon="-105.27291454374790191650390625">
        <ele>1658.800048828125</ele>
        <time>2026-07-18T16:56:37.000Z</time>
        <extensions>
          <ns3:TrackPointExtension>
            <ns3:atemp>34.0</ns3:atemp>
          </ns3:TrackPointExtension>
        </extensions>
      </trkpt>
      <trkpt lat="40.01202992163598537445068359375" lon="-105.27294580824673175811767578125">
        <ele>1658.5999755859375</ele>
        <time>2026-07-18T16:56:39.000Z</time>
        <extensions>
          <ns3:TrackPointExtension>
            <ns3:atemp>34.0</ns3:atemp>
          </ns3:TrackPointExtension>
        </extensions>
      </trkpt>
      <trkpt lat="40.01198013313114643096923828125" lon="-105.27288411743938922882080078125">
        <ele>1657.800048828125</ele>
        <time>2026-07-18T16:56:41.000Z</time>
        <extensions>
          <ns3:TrackPointExtension>
            <ns3:atemp>34.0</ns3:atemp>
          </ns3:TrackPointExtension>
        </extensions>
      </trkpt>
      <trkpt lat="40.01196253113448619842529296875" lon="-105.27283768169581890106201171875">
        <ele>1657.5999755859375</ele>
        <time>2026-07-18T16:56:42.000Z</time>
        <extensions>
          <ns3:TrackPointExtension>
            <ns3:atemp>34.0</ns3:atemp>
          </ns3:TrackPointExtension>
        </extensions>
      </trkpt>
      <trkpt lat="40.0119352899491786956787109375" lon="-105.2727484144270420074462890625">
        <ele>1657</ele>
        <time>2026-07-18T16:56:44.000Z</time>
        <extensions>
          <ns3:TrackPointExtension>
            <ns3:atemp>34.0</ns3:atemp>
          </ns3:TrackPointExtension>
        </extensions>
      </trkpt>
      <trkpt lat="40.011919699609279632568359375" lon="-105.27268462814390659332275390625">
        <ele>1656.5999755859375</ele>
        <time>2026-07-18T16:56:46.000Z</time>
        <extensions>
          <ns3:TrackPointExtension>
            <ns3:atemp>34.0</ns3:atemp>
          </ns3:TrackPointExtension>
        </extensions>
      </trkpt>
      <trkpt lat="40.0119067914783954620361328125" lon="-105.27264221571385860443115234375">
        <ele>1656.4000244140625</ele>
        <time>2026-07-18T16:56:47.000Z</time>
        <extensions>
          <ns3:TrackPointExtension>
            <ns3:atemp>34.0</ns3:atemp>
          </ns3:TrackPointExtension>
        </extensions>
      </trkpt>
      <trkpt lat="40.0119181908667087554931640625" lon="-105.2725853025913238525390625">
        <ele>1656.4000244140625</ele>
        <time>2026-07-18T16:56:48.000Z</time>
        <extensions>
          <ns3:TrackPointExtension>
            <ns3:atemp>34.0</ns3:atemp>
          </ns3:TrackPointExtension>
        </extensions>
      </trkpt>
      <trkpt lat="40.01195733435451984405517578125" lon="-105.27237944304943084716796875">
        <ele>1656.199951171875</ele>
        <time>2026-07-18T16:56:51.000Z</time>
        <extensions>
          <ns3:TrackPointExtension>
            <ns3:atemp>34.0</ns3:atemp>
          </ns3:TrackPointExtension>
        </extensions>
      </trkpt>
      <trkpt lat="40.01195196993649005889892578125" lon="-105.272239632904529571533203125">
        <ele>1656.4000244140625</ele>
        <time>2026-07-18T16:56:53.000Z</time>
        <extensions>
          <ns3:TrackPointExtension>
            <ns3:atemp>34.0</ns3:atemp>
          </ns3:TrackPointExtension>
        </extensions>
      </trkpt>
      <trkpt lat="40.01194157637655735015869140625" lon="-105.27209110558032989501953125">
        <ele>1656.4000244140625</ele>
        <time>2026-07-18T16:56:55.000Z</time>
        <extensions>
          <ns3:TrackPointExtension>
            <ns3:atemp>34.0</ns3:atemp>
          </ns3:TrackPointExtension>
        </extensions>
      </trkpt>
      <trkpt lat="40.0119476951658725738525390625" lon="-105.2720108069479465484619140625">
        <ele>1656.5999755859375</ele>
        <time>2026-07-18T16:56:56.000Z</time>
        <extensions>
          <ns3:TrackPointExtension>
            <ns3:atemp>34.0</ns3:atemp>
          </ns3:TrackPointExtension>
        </extensions>
      </trkpt>
      <trkpt lat="40.01199237070977687835693359375" lon="-105.27169036678969860076904296875">
        <ele>1656.5999755859375</ele>
        <time>2026-07-18T16:57:00.000Z</time>
        <extensions>
          <ns3:TrackPointExtension>
            <ns3:atemp>34.0</ns3:atemp>
          </ns3:TrackPointExtension>
        </extensions>
      </trkpt>
      <trkpt lat="40.0119782052934169769287109375" lon="-105.271516777575016021728515625">
        <ele>1656.4000244140625</ele>
        <time>2026-07-18T16:57:02.000Z</time>
        <extensions>
          <ns3:TrackPointExtension>
            <ns3:atemp>34.0</ns3:atemp>
          </ns3:TrackPointExtension>
        </extensions>
      </trkpt>
      <trkpt lat="40.0119225494563579559326171875" lon="-105.2713711000978946685791015625">
        <ele>1656.199951171875</ele>
        <time>2026-07-18T16:57:04.000Z</time>
        <extensions>
          <ns3:TrackPointExtension>
            <ns3:atemp>34.0</ns3:atemp>
          </ns3:TrackPointExtension>
        </extensions>
      </trkpt>
      <trkpt lat="40.01184652559459209442138671875" lon="-105.2712333016097545623779296875">
        <ele>1656.199951171875</ele>
        <time>2026-07-18T16:57:06.000Z</time>
        <extensions>
          <ns3:TrackPointExtension>
            <ns3:atemp>34.0</ns3:atemp>
          </ns3:TrackPointExtension>
        </extensions>
      </trkpt>
      <trkpt lat="40.01177980564534664154052734375" lon="-105.27099383063614368438720703125">
        <ele>1656</ele>
        <time>2026-07-18T16:57:09.000Z</time>
        <extensions>
          <ns3:TrackPointExtension>
            <ns3:atemp>34.0</ns3:atemp>
          </ns3:TrackPointExtension>
        </extensions>
      </trkpt>
      <trkpt lat="40.01177980564534664154052734375" lon="-105.27099383063614368438720703125">
        <ele>1656</ele>
        <time>2026-07-18T16:57:10.000Z</time>
        <extensions>
          <ns3:TrackPointExtension>
            <ns3:atemp>34.0</ns3:atemp>
          </ns3:TrackPointExtension>
        </extensions>
      </trkpt>
      <trkpt lat="40.01173219643533229827880859375" lon="-105.27063022367656230926513671875">
        <ele>1655.800048828125</ele>
        <time>2026-07-18T16:57:13.000Z</time>
        <extensions>
          <ns3:TrackPointExtension>
            <ns3:atemp>34.0</ns3:atemp>
          </ns3:TrackPointExtension>
        </extensions>
      </trkpt>
      <trkpt lat="40.01171040348708629608154296875" lon="-105.27053802274167537689208984375">
        <ele>1655.5999755859375</ele>
        <time>2026-07-18T16:57:14.000Z</time>
        <extensions>
          <ns3:TrackPointExtension>
            <ns3:atemp>34.0</ns3:atemp>
          </ns3:TrackPointExtension>
        </extensions>
      </trkpt>
      <trkpt lat="40.01167989335954189300537109375" lon="-105.27044825255870819091796875">
        <ele>1655.5999755859375</ele>
        <time>2026-07-18T16:57:15.000Z</time>
        <extensions>
          <ns3:TrackPointExtension>
            <ns3:atemp>34.0</ns3:atemp>
          </ns3:TrackPointExtension>
        </extensions>
      </trkpt>
      <trkpt lat="40.01163773238658905029296875" lon="-105.27025890536606311798095703125">
        <ele>1655.4000244140625</ele>
        <time>2026-07-18T16:57:17.000Z</time>
        <extensions>
          <ns3:TrackPointExtension>
            <ns3:atemp>34.0</ns3:atemp>
          </ns3:TrackPointExtension>
        </extensions>
      </trkpt>
      <trkpt lat="40.01164955087006092071533203125" lon="-105.27006830088794231414794921875">
        <ele>1655.199951171875</ele>
        <time>2026-07-18T16:57:19.000Z</time>
        <extensions>
          <ns3:TrackPointExtension>
            <ns3:atemp>34.0</ns3:atemp>
          </ns3:TrackPointExtension>
        </extensions>
      </trkpt>
      <trkpt lat="40.01165776513516902923583984375" lon="-105.2698744274675846099853515625">
        <ele>1654.800048828125</ele>
        <time>2026-07-18T16:57:21.000Z</time>
        <extensions>
          <ns3:TrackPointExtension>
            <ns3:atemp>34.0</ns3:atemp>
          </ns3:TrackPointExtension>
        </extensions>
      </trkpt>
      <trkpt lat="40.0116355530917644500732421875" lon="-105.269781053066253662109375">
        <ele>1654.800048828125</ele>
        <time>2026-07-18T16:57:22.000Z</time>
        <extensions>
          <ns3:TrackPointExtension>
            <ns3:atemp>34.0</ns3:atemp>
          </ns3:TrackPointExtension>
        </extensions>
      </trkpt>
      <trkpt lat="40.01161736436188220977783203125" lon="-105.26968843303620815277099609375">
        <ele>1654.5999755859375</ele>
        <time>2026-07-18T16:57:23.000Z</time>
        <extensions>
          <ns3:TrackPointExtension>
            <ns3:atemp>34.0</ns3:atemp>
          </ns3:TrackPointExtension>
        </extensions>
      </trkpt>
      <trkpt lat="40.01159339211881160736083984375" lon="-105.2695984952151775360107421875">
        <ele>1654.5999755859375</ele>
        <time>2026-07-18T16:57:24.000Z</time>
        <extensions>
          <ns3:TrackPointExtension>
            <ns3:atemp>34.0</ns3:atemp>
          </ns3:TrackPointExtension>
        </extensions>
      </trkpt>
      <trkpt lat="40.01160445623099803924560546875" lon="-105.26941870339214801788330078125">
        <ele>1654.4000244140625</ele>
        <time>2026-07-18T16:57:26.000Z</time>
        <extensions>
          <ns3:TrackPointExtension>
            <ns3:atemp>34.0</ns3:atemp>
          </ns3:TrackPointExtension>
        </extensions>
      </trkpt>
      <trkpt lat="40.01167771406471729278564453125" lon="-105.2692628838121891021728515625">
        <ele>1654.4000244140625</ele>
        <time>2026-07-18T16:57:28.000Z</time>
        <extensions>
          <ns3:TrackPointExtension>
            <ns3:atemp>33.0</ns3:atemp>
          </ns3:TrackPointExtension>
        </extensions>
      </trkpt>
      <trkpt lat="40.0117254070937633514404296875" lon="-105.26918685995042324066162109375">
        <ele>1654.4000244140625</ele>
        <time>2026-07-18T16:57:29.000Z</time>
        <extensions>
          <ns3:TrackPointExtension>
            <ns3:atemp>33.0</ns3:atemp>
          </ns3:TrackPointExtension>
        </extensions>
      </trkpt>
      <trkpt lat="40.01176371239125728607177734375" lon="-105.26910991407930850982666015625">
        <ele>1654.4000244140625</ele>
        <time>2026-07-18T16:57:30.000Z</time>
        <extensions>
          <ns3:TrackPointExtension>
            <ns3:atemp>34.0</ns3:atemp>
          </ns3:TrackPointExtension>
        </extensions>
      </trkpt>
      <trkpt lat="40.01184518449008464813232421875" lon="-105.26885904371738433837890625">
        <ele>1654.4000244140625</ele>
        <time>2026-07-18T16:57:33.000Z</time>
        <extensions>
          <ns3:TrackPointExtension>
            <ns3:atemp>33.0</ns3:atemp>
          </ns3:TrackPointExtension>
        </extensions>
      </trkpt>
      <trkpt lat="40.0118668936192989349365234375" lon="-105.2685782499611377716064453125">
        <ele>1654.199951171875</ele>
        <time>2026-07-18T16:57:37.000Z</time>
        <extensions>
          <ns3:TrackPointExtension>
            <ns3:atemp>33.0</ns3:atemp>
          </ns3:TrackPointExtension>
        </extensions>
      </trkpt>
      <trkpt lat="40.0118578411638736724853515625" lon="-105.26849820278584957122802734375">
        <ele>1654.199951171875</ele>
        <time>2026-07-18T16:57:40.000Z</time>
        <extensions>
          <ns3:TrackPointExtension>
            <ns3:atemp>33.0</ns3:atemp>
          </ns3:TrackPointExtension>
        </extensions>
      </trkpt>
      <trkpt lat="40.011862032115459442138671875" lon="-105.26848512701690196990966796875">
        <ele>1654</ele>
        <time>2026-07-18T16:57:44.000Z</time>
        <extensions>
          <ns3:TrackPointExtension>
            <ns3:atemp>33.0</ns3:atemp>
          </ns3:TrackPointExtension>
        </extensions>
      </trkpt>
      <trkpt lat="40.0118588469922542572021484375" lon="-105.268489904701709747314453125">
        <ele>1654</ele>
        <time>2026-07-18T16:57:50.000Z</time>
        <extensions>
          <ns3:TrackPointExtension>
            <ns3:atemp>33.0</ns3:atemp>
          </ns3:TrackPointExtension>
        </extensions>
      </trkpt>
      <trkpt lat="40.0118588469922542572021484375" lon="-105.268489904701709747314453125">
        <ele>1654</ele>
        <time>2026-07-18T16:57:52.000Z</time>
        <extensions>
          <ns3:TrackPointExtension>
            <ns3:atemp>33.0</ns3:atemp>
          </ns3:TrackPointExtension>
        </extensions>
      </trkpt>
      <trkpt lat="40.0118588469922542572021484375" lon="-105.268489904701709747314453125">
        <ele>1653.4000244140625</ele>
        <time>2026-07-18T16:58:07.000Z</time>
        <extensions>
          <ns3:TrackPointExtension>
            <ns3:atemp>33.0</ns3:atemp>
          </ns3:TrackPointExtension>
        </extensions>
      </trkpt>
      <trkpt lat="40.01185641624033451080322265625" lon="-105.26848026551306247711181640625">
        <ele>1653.5999755859375</ele>
        <time>2026-07-18T16:58:23.000Z</time>
        <extensions>
          <ns3:TrackPointExtension>
            <ns3:atemp>33.0</ns3:atemp>
          </ns3:TrackPointExtension>
        </extensions>
      </trkpt>
      <trkpt lat="40.01185826025903224945068359375" lon="-105.26847414672374725341796875">
        <ele>1653.800048828125</ele>
        <time>2026-07-18T16:59:18.000Z</time>
        <extensions>
          <ns3:TrackPointExtension>
            <ns3:atemp>32.0</ns3:atemp>
          </ns3:TrackPointExtension>
        </extensions>
      </trkpt>
      <trkpt lat="40.01185926608741283416748046875" lon="-105.26844338513910770416259765625">
        <ele>1653.800048828125</ele>
        <time>2026-07-18T16:59:19.000Z</time>
        <extensions>
          <ns3:TrackPointExtension>
            <ns3:atemp>32.0</ns3:atemp>
          </ns3:TrackPointExtension>
        </extensions>
      </trkpt>
      <trkpt lat="40.01185926608741283416748046875" lon="-105.26844338513910770416259765625">
        <ele>1653.800048828125</ele>
        <time>2026-07-18T16:59:20.000Z</time>
        <extensions>
          <ns3:TrackPointExtension>
            <ns3:atemp>32.0</ns3:atemp>
          </ns3:TrackPointExtension>
        </extensions>
      </trkpt>
      <trkpt lat="40.01187234185636043548583984375" lon="-105.2682315744459629058837890625">
        <ele>1653.4000244140625</ele>
        <time>2026-07-18T16:59:24.000Z</time>
        <extensions>
          <ns3:TrackPointExtension>
            <ns3:atemp>32.0</ns3:atemp>
          </ns3:TrackPointExtension>
        </extensions>
      </trkpt>
      <trkpt lat="40.0118340365588665008544921875" lon="-105.2679611742496490478515625">
        <ele>1653.199951171875</ele>
        <time>2026-07-18T16:59:30.000Z</time>
        <extensions>
          <ns3:TrackPointExtension>
            <ns3:atemp>32.0</ns3:atemp>
          </ns3:TrackPointExtension>
        </extensions>
      </trkpt>
      <trkpt lat="40.01184183172881603240966796875" lon="-105.2679392136633396148681640625">
        <ele>1653.199951171875</ele>
        <time>2026-07-18T16:59:31.000Z</time>
        <extensions>
          <ns3:TrackPointExtension>
            <ns3:atemp>32.0</ns3:atemp>
          </ns3:TrackPointExtension>
        </extensions>
      </trkpt>
      <trkpt lat="40.0118705816566944122314453125" lon="-105.26794373989105224609375">
        <ele>1653.4000244140625</ele>
        <time>2026-07-18T16:59:33.000Z</time>
        <extensions>
          <ns3:TrackPointExtension>
            <ns3:atemp>32.0</ns3:atemp>
          </ns3:TrackPointExtension>
        </extensions>
      </trkpt>
      <trkpt lat="40.0118757784366607666015625" lon="-105.2679653652012348175048828125">
        <ele>1653.4000244140625</ele>
        <time>2026-07-18T16:59:34.000Z</time>
        <extensions>
          <ns3:TrackPointExtension>
            <ns3:atemp>32.0</ns3:atemp>
          </ns3:TrackPointExtension>
        </extensions>
      </trkpt>
      <trkpt lat="40.01187468878924846649169921875" lon="-105.26801825501024723052978515625">
        <ele>1653.199951171875</ele>
        <time>2026-07-18T16:59:37.000Z</time>
        <extensions>
          <ns3:TrackPointExtension>
            <ns3:atemp>32.0</ns3:atemp>
          </ns3:TrackPointExtension>
        </extensions>
      </trkpt>
      <trkpt lat="40.01185054890811443328857421875" lon="-105.2680233679711818695068359375">
        <ele>1653.199951171875</ele>
        <time>2026-07-18T16:59:39.000Z</time>
        <extensions>
          <ns3:TrackPointExtension>
            <ns3:atemp>32.0</ns3:atemp>
          </ns3:TrackPointExtension>
        </extensions>
      </trkpt>
      <trkpt lat="40.01182406209409236907958984375" lon="-105.267905183136463165283203125">
        <ele>1653</ele>
        <time>2026-07-18T16:59:43.000Z</time>
        <extensions>
          <ns3:TrackPointExtension>
            <ns3:atemp>32.0</ns3:atemp>
          </ns3:TrackPointExtension>
        </extensions>
      </trkpt>
      <trkpt lat="40.01175030134618282318115234375" lon="-105.26774726808071136474609375">
        <ele>1653</ele>
        <time>2026-07-18T16:59:48.000Z</time>
        <extensions>
          <ns3:TrackPointExtension>
            <ns3:atemp>32.0</ns3:atemp>
          </ns3:TrackPointExtension>
        </extensions>
      </trkpt>
      <trkpt lat="40.01163764856755733489990234375" lon="-105.26751802302896976470947265625">
        <ele>1653</ele>
        <time>2026-07-18T16:59:55.000Z</time>
        <extensions>
          <ns3:TrackPointExtension>
            <ns3:atemp>32.0</ns3:atemp>
          </ns3:TrackPointExtension>
        </extensions>
      </trkpt>
      <trkpt lat="40.01160026527941226959228515625" lon="-105.267425738275051116943359375">
        <ele>1652.800048828125</ele>
        <time>2026-07-18T16:59:57.000Z</time>
        <extensions>
          <ns3:TrackPointExtension>
            <ns3:atemp>32.0</ns3:atemp>
          </ns3:TrackPointExtension>
        </extensions>
      </trkpt>
      <trkpt lat="40.01153589226305484771728515625" lon="-105.2672703377902507781982421875">
        <ele>1652.800048828125</ele>
        <time>2026-07-18T17:00:00.000Z</time>
        <extensions>
          <ns3:TrackPointExtension>
            <ns3:atemp>32.0</ns3:atemp>
          </ns3:TrackPointExtension>
        </extensions>
      </trkpt>
      <trkpt lat="40.0114813260734081268310546875" lon="-105.26710496284067630767822265625">
        <ele>1652.5999755859375</ele>
        <time>2026-07-18T17:00:03.000Z</time>
        <extensions>
          <ns3:TrackPointExtension>
            <ns3:atemp>32.0</ns3:atemp>
          </ns3:TrackPointExtension>
        </extensions>
      </trkpt>
      <trkpt lat="40.0114667415618896484375" lon="-105.26699356734752655029296875">
        <ele>1652.5999755859375</ele>
        <time>2026-07-18T17:00:05.000Z</time>
        <extensions>
          <ns3:TrackPointExtension>
            <ns3:atemp>32.0</ns3:atemp>
          </ns3:TrackPointExtension>
        </extensions>
      </trkpt>
      <trkpt lat="40.01145877875387668609619140625" lon="-105.266950316727161407470703125">
        <ele>1652.5999755859375</ele>
        <time>2026-07-18T17:00:06.000Z</time>
        <extensions>
          <ns3:TrackPointExtension>
            <ns3:atemp>32.0</ns3:atemp>
          </ns3:TrackPointExtension>
        </extensions>
      </trkpt>
      <trkpt lat="40.011425502598285675048828125" lon="-105.26686373166739940643310546875">
        <ele>1652.4000244140625</ele>
        <time>2026-07-18T17:00:08.000Z</time>
        <extensions>
          <ns3:TrackPointExtension>
            <ns3:atemp>32.0</ns3:atemp>
          </ns3:TrackPointExtension>
        </extensions>
      </trkpt>
      <trkpt lat="40.01136037521064281463623046875" lon="-105.26669257320463657379150390625">
        <ele>1652.4000244140625</ele>
        <time>2026-07-18T17:00:12.000Z</time>
        <extensions>
          <ns3:TrackPointExtension>
            <ns3:atemp>32.0</ns3:atemp>
          </ns3:TrackPointExtension>
        </extensions>
      </trkpt>
      <trkpt lat="40.01133137382566928863525390625" lon="-105.2665860392153263092041015625">
        <ele>1652.4000244140625</ele>
        <time>2026-07-18T17:00:14.000Z</time>
        <extensions>
          <ns3:TrackPointExtension>
            <ns3:atemp>32.0</ns3:atemp>
          </ns3:TrackPointExtension>
        </extensions>
      </trkpt>
      <trkpt lat="40.01130254007875919342041015625" lon="-105.26648419909179210662841796875">
        <ele>1652.199951171875</ele>
        <time>2026-07-18T17:00:16.000Z</time>
        <extensions>
          <ns3:TrackPointExtension>
            <ns3:atemp>32.0</ns3:atemp>
          </ns3:TrackPointExtension>
        </extensions>
      </trkpt>
      <trkpt lat="40.01129734329879283905029296875" lon="-105.2663697861135005950927734375">
        <ele>1652</ele>
        <time>2026-07-18T17:00:18.000Z</time>
        <extensions>
          <ns3:TrackPointExtension>
            <ns3:atemp>32.0</ns3:atemp>
          </ns3:TrackPointExtension>
        </extensions>
      </trkpt>
      <trkpt lat="40.01127152703702449798583984375" lon="-105.26624732650816440582275390625">
        <ele>1652</ele>
        <time>2026-07-18T17:00:20.000Z</time>
        <extensions>
          <ns3:TrackPointExtension>
            <ns3:atemp>32.0</ns3:atemp>
          </ns3:TrackPointExtension>
        </extensions>
      </trkpt>
      <trkpt lat="40.01125040464103221893310546875" lon="-105.26613366790115833282470703125">
        <ele>1651.800048828125</ele>
        <time>2026-07-18T17:00:22.000Z</time>
        <extensions>
          <ns3:TrackPointExtension>
            <ns3:atemp>32.0</ns3:atemp>
          </ns3:TrackPointExtension>
        </extensions>
      </trkpt>
      <trkpt lat="40.01121553592383861541748046875" lon="-105.265860669314861297607421875">
        <ele>1651.4000244140625</ele>
        <time>2026-07-18T17:00:26.000Z</time>
        <extensions>
          <ns3:TrackPointExtension>
            <ns3:atemp>32.0</ns3:atemp>
          </ns3:TrackPointExtension>
        </extensions>
      </trkpt>
      <trkpt lat="40.01120296306908130645751953125" lon="-105.265796966850757598876953125">
        <ele>1651.199951171875</ele>
        <time>2026-07-18T17:00:27.000Z</time>
        <extensions>
          <ns3:TrackPointExtension>
            <ns3:atemp>32.0</ns3:atemp>
          </ns3:TrackPointExtension>
        </extensions>
      </trkpt>
      <trkpt lat="40.0111864507198333740234375" lon="-105.26572982780635356903076171875">
        <ele>1651.199951171875</ele>
        <time>2026-07-18T17:00:28.000Z</time>
        <extensions>
          <ns3:TrackPointExtension>
            <ns3:atemp>32.0</ns3:atemp>
          </ns3:TrackPointExtension>
        </extensions>
      </trkpt>
      <trkpt lat="40.01117706298828125" lon="-105.265611223876476287841796875">
        <ele>1651</ele>
        <time>2026-07-18T17:00:30.000Z</time>
        <extensions>
          <ns3:TrackPointExtension>
            <ns3:atemp>32.0</ns3:atemp>
          </ns3:TrackPointExtension>
        </extensions>
      </trkpt>
      <trkpt lat="40.0111467204988002777099609375" lon="-105.265484154224395751953125">
        <ele>1651</ele>
        <time>2026-07-18T17:00:32.000Z</time>
        <extensions>
          <ns3:TrackPointExtension>
            <ns3:atemp>32.0</ns3:atemp>
          </ns3:TrackPointExtension>
        </extensions>
      </trkpt>
      <trkpt lat="40.0111343152821063995361328125" lon="-105.2654186077415943145751953125">
        <ele>1650.800048828125</ele>
        <time>2026-07-18T17:00:33.000Z</time>
        <extensions>
          <ns3:TrackPointExtension>
            <ns3:atemp>32.0</ns3:atemp>
          </ns3:TrackPointExtension>
        </extensions>
      </trkpt>
      <trkpt lat="40.01113205216825008392333984375" lon="-105.26535331271588802337646484375">
        <ele>1650.800048828125</ele>
        <time>2026-07-18T17:00:34.000Z</time>
        <extensions>
          <ns3:TrackPointExtension>
            <ns3:atemp>32.0</ns3:atemp>
          </ns3:TrackPointExtension>
        </extensions>
      </trkpt>
      <trkpt lat="40.0111658312380313873291015625" lon="-105.26517025195062160491943359375">
        <ele>1650.5999755859375</ele>
        <time>2026-07-18T17:00:37.000Z</time>
        <extensions>
          <ns3:TrackPointExtension>
            <ns3:atemp>32.0</ns3:atemp>
          </ns3:TrackPointExtension>
        </extensions>
      </trkpt>
      <trkpt lat="40.0112245045602321624755859375" lon="-105.26496472768485546112060546875">
        <ele>1650.199951171875</ele>
        <time>2026-07-18T17:00:40.000Z</time>
        <extensions>
          <ns3:TrackPointExtension>
            <ns3:atemp>32.0</ns3:atemp>
          </ns3:TrackPointExtension>
        </extensions>
      </trkpt>
      <trkpt lat="40.01127923838794231414794921875" lon="-105.2648255042731761932373046875">
        <ele>1650.199951171875</ele>
        <time>2026-07-18T17:00:42.000Z</time>
        <extensions>
          <ns3:TrackPointExtension>
            <ns3:atemp>32.0</ns3:atemp>
          </ns3:TrackPointExtension>
        </extensions>
      </trkpt>
      <trkpt lat="40.0113341398537158966064453125" lon="-105.2646768093109130859375">
        <ele>1650</ele>
        <time>2026-07-18T17:00:44.000Z</time>
        <extensions>
          <ns3:TrackPointExtension>
            <ns3:atemp>32.0</ns3:atemp>
          </ns3:TrackPointExtension>
        </extensions>
      </trkpt>
      <trkpt lat="40.01138552092015743255615234375" lon="-105.26441789232194423675537109375">
        <ele>1649.5999755859375</ele>
        <time>2026-07-18T17:00:47.000Z</time>
        <extensions>
          <ns3:TrackPointExtension>
            <ns3:atemp>32.0</ns3:atemp>
          </ns3:TrackPointExtension>
        </extensions>
      </trkpt>
      <trkpt lat="40.01141468994319438934326171875" lon="-105.2642612345516681671142578125">
        <ele>1649.4000244140625</ele>
        <time>2026-07-18T17:00:49.000Z</time>
        <extensions>
          <ns3:TrackPointExtension>
            <ns3:atemp>32.0</ns3:atemp>
          </ns3:TrackPointExtension>
        </extensions>
      </trkpt>
      <trkpt lat="40.01146431080996990203857421875" lon="-105.26413030922412872314453125">
        <ele>1649.199951171875</ele>
        <time>2026-07-18T17:00:51.000Z</time>
        <extensions>
          <ns3:TrackPointExtension>
            <ns3:atemp>32.0</ns3:atemp>
          </ns3:TrackPointExtension>
        </extensions>
      </trkpt>
      <trkpt lat="40.01150772906839847564697265625" lon="-105.26399779133498668670654296875">
        <ele>1649.199951171875</ele>
        <time>2026-07-18T17:00:53.000Z</time>
        <extensions>
          <ns3:TrackPointExtension>
            <ns3:atemp>32.0</ns3:atemp>
          </ns3:TrackPointExtension>
        </extensions>
      </trkpt>
      <trkpt lat="40.0115453638136386871337890625" lon="-105.2638002298772335052490234375">
        <ele>1649.199951171875</ele>
        <time>2026-07-18T17:00:56.000Z</time>
        <extensions>
          <ns3:TrackPointExtension>
            <ns3:atemp>32.0</ns3:atemp>
          </ns3:TrackPointExtension>
        </extensions>
      </trkpt>
      <trkpt lat="40.0115673243999481201171875" lon="-105.26367508806288242340087890625">
        <ele>1649.4000244140625</ele>
        <time>2026-07-18T17:00:58.000Z</time>
        <extensions>
          <ns3:TrackPointExtension>
            <ns3:atemp>32.0</ns3:atemp>
          </ns3:TrackPointExtension>
        </extensions>
      </trkpt>
      <trkpt lat="40.01154812984168529510498046875" lon="-105.263539217412471771240234375">
        <ele>1649.199951171875</ele>
        <time>2026-07-18T17:01:00.000Z</time>
        <extensions>
          <ns3:TrackPointExtension>
            <ns3:atemp>32.0</ns3:atemp>
          </ns3:TrackPointExtension>
        </extensions>
      </trkpt>
      <trkpt lat="40.01148283481597900390625" lon="-105.26326269842684268951416015625">
        <ele>1649</ele>
        <time>2026-07-18T17:01:04.000Z</time>
        <extensions>
          <ns3:TrackPointExtension>
            <ns3:atemp>32.0</ns3:atemp>
          </ns3:TrackPointExtension>
        </extensions>
      </trkpt>
      <trkpt lat="40.01147679984569549560546875" lon="-105.26310511864721775054931640625">
        <ele>1648.800048828125</ele>
        <time>2026-07-18T17:01:06.000Z</time>
        <extensions>
          <ns3:TrackPointExtension>
            <ns3:atemp>32.0</ns3:atemp>
          </ns3:TrackPointExtension>
        </extensions>
      </trkpt>
      <trkpt lat="40.011491216719150543212890625" lon="-105.26284209452569484710693359375">
        <ele>1648.5999755859375</ele>
        <time>2026-07-18T17:01:11.000Z</time>
        <extensions>
          <ns3:TrackPointExtension>
            <ns3:atemp>32.0</ns3:atemp>
          </ns3:TrackPointExtension>
        </extensions>
      </trkpt>
      <trkpt lat="40.01147889532148838043212890625" lon="-105.26278845034539699554443359375">
        <ele>1648.5999755859375</ele>
        <time>2026-07-18T17:01:12.000Z</time>
        <extensions>
          <ns3:TrackPointExtension>
            <ns3:atemp>32.0</ns3:atemp>
          </ns3:TrackPointExtension>
        </extensions>
      </trkpt>
      <trkpt lat="40.01146682538092136383056640625" lon="-105.26263657025992870330810546875">
        <ele>1649</ele>
        <time>2026-07-18T17:01:15.000Z</time>
        <extensions>
          <ns3:TrackPointExtension>
            <ns3:atemp>33.0</ns3:atemp>
          </ns3:TrackPointExtension>
        </extensions>
      </trkpt>
      <trkpt lat="40.0114675797522068023681640625" lon="-105.26257940568029880523681640625">
        <ele>1649</ele>
        <time>2026-07-18T17:01:16.000Z</time>
        <extensions>
          <ns3:TrackPointExtension>
            <ns3:atemp>32.0</ns3:atemp>
          </ns3:TrackPointExtension>
        </extensions>
      </trkpt>
      <trkpt lat="40.01147034578025341033935546875" lon="-105.2623806707561016082763671875">
        <ele>1649</ele>
        <time>2026-07-18T17:01:19.000Z</time>
        <extensions>
          <ns3:TrackPointExtension>
            <ns3:atemp>33.0</ns3:atemp>
          </ns3:TrackPointExtension>
        </extensions>
      </trkpt>
      <trkpt lat="40.01149079762399196624755859375" lon="-105.262250415980815887451171875">
        <ele>1649</ele>
        <time>2026-07-18T17:01:21.000Z</time>
        <extensions>
          <ns3:TrackPointExtension>
            <ns3:atemp>32.0</ns3:atemp>
          </ns3:TrackPointExtension>
        </extensions>
      </trkpt>
      <trkpt lat="40.01150420866906642913818359375" lon="-105.2620437182486057281494140625">
        <ele>1649</ele>
        <time>2026-07-18T17:01:24.000Z</time>
        <extensions>
          <ns3:TrackPointExtension>
            <ns3:atemp>33.0</ns3:atemp>
          </ns3:TrackPointExtension>
        </extensions>
      </trkpt>
      <trkpt lat="40.011517368257045745849609375" lon="-105.26197607629001140594482421875">
        <ele>1648.800048828125</ele>
        <time>2026-07-18T17:01:25.000Z</time>
        <extensions>
          <ns3:TrackPointExtension>
            <ns3:atemp>33.0</ns3:atemp>
          </ns3:TrackPointExtension>
        </extensions>
      </trkpt>
      <trkpt lat="40.0115651451051235198974609375" lon="-105.2618509344756603240966796875">
        <ele>1648.800048828125</ele>
        <time>2026-07-18T17:01:27.000Z</time>
        <extensions>
          <ns3:TrackPointExtension>
            <ns3:atemp>33.0</ns3:atemp>
          </ns3:TrackPointExtension>
        </extensions>
      </trkpt>
      <trkpt lat="40.01163898967206478118896484375" lon="-105.2617402933537960052490234375">
        <ele>1648.800048828125</ele>
        <time>2026-07-18T17:01:29.000Z</time>
        <extensions>
          <ns3:TrackPointExtension>
            <ns3:atemp>33.0</ns3:atemp>
          </ns3:TrackPointExtension>
        </extensions>
      </trkpt>
      <trkpt lat="40.01167989335954189300537109375" lon="-105.2616896666586399078369140625">
        <ele>1649</ele>
        <time>2026-07-18T17:01:30.000Z</time>
        <extensions>
          <ns3:TrackPointExtension>
            <ns3:atemp>33.0</ns3:atemp>
          </ns3:TrackPointExtension>
        </extensions>
      </trkpt>
      <trkpt lat="40.011837221682071685791015625" lon="-105.261485315859317779541015625">
        <ele>1649</ele>
        <time>2026-07-18T17:01:34.000Z</time>
        <extensions>
          <ns3:TrackPointExtension>
            <ns3:atemp>33.0</ns3:atemp>
          </ns3:TrackPointExtension>
        </extensions>
      </trkpt>
      <trkpt lat="40.0119020976126194000244140625" lon="-105.2613709867000579833984375">
        <ele>1648.800048828125</ele>
        <time>2026-07-18T17:01:36.000Z</time>
        <extensions>
          <ns3:TrackPointExtension>
            <ns3:atemp>33.0</ns3:atemp>
          </ns3:TrackPointExtension>
        </extensions>
      </trkpt>
      <trkpt lat="40.01199505291879177093505859375" lon="-105.2612011693418025970458984375">
        <ele>1648.5999755859375</ele>
        <time>2026-07-18T17:01:39.000Z</time>
        <extensions>
          <ns3:TrackPointExtension>
            <ns3:atemp>33.0</ns3:atemp>
          </ns3:TrackPointExtension>
        </extensions>
      </trkpt>
      <trkpt lat="40.01202790997922420501708984375" lon="-105.26105876080691814422607421875">
        <ele>1648.5999755859375</ele>
        <time>2026-07-18T17:01:41.000Z</time>
        <extensions>
          <ns3:TrackPointExtension>
            <ns3:atemp>33.0</ns3:atemp>
          </ns3:TrackPointExtension>
        </extensions>
      </trkpt>
      <trkpt lat="40.0120352022349834442138671875" lon="-105.26090168394148349761962890625">
        <ele>1648.5999755859375</ele>
        <time>2026-07-18T17:01:43.000Z</time>
        <extensions>
          <ns3:TrackPointExtension>
            <ns3:atemp>33.0</ns3:atemp>
          </ns3:TrackPointExtension>
        </extensions>
      </trkpt>
      <trkpt lat="40.01201014034450054168701171875" lon="-105.26075215078890323638916015625">
        <ele>1648.5999755859375</ele>
        <time>2026-07-18T17:01:45.000Z</time>
        <extensions>
          <ns3:TrackPointExtension>
            <ns3:atemp>33.0</ns3:atemp>
          </ns3:TrackPointExtension>
        </extensions>
      </trkpt>
      <trkpt lat="40.01194777898490428924560546875" lon="-105.26060764677822589874267578125">
        <ele>1648.4000244140625</ele>
        <time>2026-07-18T17:01:47.000Z</time>
        <extensions>
          <ns3:TrackPointExtension>
            <ns3:atemp>33.0</ns3:atemp>
          </ns3:TrackPointExtension>
        </extensions>
      </trkpt>
      <trkpt lat="40.0118652172386646270751953125" lon="-105.26048895902931690216064453125">
        <ele>1648.4000244140625</ele>
        <time>2026-07-18T17:01:49.000Z</time>
        <extensions>
          <ns3:TrackPointExtension>
            <ns3:atemp>33.0</ns3:atemp>
          </ns3:TrackPointExtension>
        </extensions>
      </trkpt>
      <trkpt lat="40.01176857389509677886962890625" lon="-105.26041134260594844818115234375">
        <ele>1648.199951171875</ele>
        <time>2026-07-18T17:01:51.000Z</time>
        <extensions>
          <ns3:TrackPointExtension>
            <ns3:atemp>33.0</ns3:atemp>
          </ns3:TrackPointExtension>
        </extensions>
      </trkpt>
      <trkpt lat="40.01168173737823963165283203125" lon="-105.2603544294834136962890625">
        <ele>1648.199951171875</ele>
        <time>2026-07-18T17:01:53.000Z</time>
        <extensions>
          <ns3:TrackPointExtension>
            <ns3:atemp>33.0</ns3:atemp>
          </ns3:TrackPointExtension>
        </extensions>
      </trkpt>
      <trkpt lat="40.01142575405538082122802734375" lon="-105.26016893796622753143310546875">
        <ele>1648.199951171875</ele>
        <time>2026-07-18T17:01:58.000Z</time>
        <extensions>
          <ns3:TrackPointExtension>
            <ns3:atemp>33.0</ns3:atemp>
          </ns3:TrackPointExtension>
        </extensions>
      </trkpt>
      <trkpt lat="40.0113421864807605743408203125" lon="-105.26005159132182598114013671875">
        <ele>1648.199951171875</ele>
        <time>2026-07-18T17:02:00.000Z</time>
        <extensions>
          <ns3:TrackPointExtension>
            <ns3:atemp>33.0</ns3:atemp>
          </ns3:TrackPointExtension>
        </extensions>
      </trkpt>
      <trkpt lat="40.0112848542630672454833984375" lon="-105.2599118649959564208984375">
        <ele>1648.199951171875</ele>
        <time>2026-07-18T17:02:02.000Z</time>
        <extensions>
          <ns3:TrackPointExtension>
            <ns3:atemp>33.0</ns3:atemp>
          </ns3:TrackPointExtension>
        </extensions>
      </trkpt>
      <trkpt lat="40.01124051399528980255126953125" lon="-105.259770713746547698974609375">
        <ele>1648.199951171875</ele>
        <time>2026-07-18T17:02:04.000Z</time>
        <extensions>
          <ns3:TrackPointExtension>
            <ns3:atemp>33.0</ns3:atemp>
          </ns3:TrackPointExtension>
        </extensions>
      </trkpt>
      <trkpt lat="40.01120857894420623779296875" lon="-105.25955471210181713104248046875">
        <ele>1647.800048828125</ele>
        <time>2026-07-18T17:02:07.000Z</time>
        <extensions>
          <ns3:TrackPointExtension>
            <ns3:atemp>33.0</ns3:atemp>
          </ns3:TrackPointExtension>
        </extensions>
      </trkpt>
      <trkpt lat="40.011199526488780975341796875" lon="-105.25948262773454189300537109375">
        <ele>1647.800048828125</ele>
        <time>2026-07-18T17:02:08.000Z</time>
        <extensions>
          <ns3:TrackPointExtension>
            <ns3:atemp>33.0</ns3:atemp>
          </ns3:TrackPointExtension>
        </extensions>
      </trkpt>
      <trkpt lat="40.0111802481114864349365234375" lon="-105.259025059640407562255859375">
        <ele>1647.4000244140625</ele>
        <time>2026-07-18T17:02:14.000Z</time>
        <extensions>
          <ns3:TrackPointExtension>
            <ns3:atemp>33.0</ns3:atemp>
          </ns3:TrackPointExtension>
        </extensions>
      </trkpt>
      <trkpt lat="40.01117094419896602630615234375" lon="-105.25893679820001125335693359375">
        <ele>1647.199951171875</ele>
        <time>2026-07-18T17:02:15.000Z</time>
        <extensions>
          <ns3:TrackPointExtension>
            <ns3:atemp>33.0</ns3:atemp>
          </ns3:TrackPointExtension>
        </extensions>
      </trkpt>
      <trkpt lat="40.01114060170948505401611328125" lon="-105.258753485977649688720703125">
        <ele>1646.5999755859375</ele>
        <time>2026-07-18T17:02:17.000Z</time>
        <extensions>
          <ns3:TrackPointExtension>
            <ns3:atemp>33.0</ns3:atemp>
          </ns3:TrackPointExtension>
        </extensions>
      </trkpt>
      <trkpt lat="40.01111662946641445159912109375" lon="-105.2586587704718112945556640625">
        <ele>1646.4000244140625</ele>
        <time>2026-07-18T17:02:18.000Z</time>
        <extensions>
          <ns3:TrackPointExtension>
            <ns3:atemp>33.0</ns3:atemp>
          </ns3:TrackPointExtension>
        </extensions>
      </trkpt>
      <trkpt lat="40.01100330613553524017333984375" lon="-105.25815040804445743560791015625">
        <ele>1645.5999755859375</ele>
        <time>2026-07-18T17:02:23.000Z</time>
        <extensions>
          <ns3:TrackPointExtension>
            <ns3:atemp>33.0</ns3:atemp>
          </ns3:TrackPointExtension>
        </extensions>
      </trkpt>
      <trkpt lat="40.01093775965273380279541015625" lon="-105.2578973583877086639404296875">
        <ele>1645.4000244140625</ele>
        <time>2026-07-18T17:02:26.000Z</time>
        <extensions>
          <ns3:TrackPointExtension>
            <ns3:atemp>33.0</ns3:atemp>
          </ns3:TrackPointExtension>
        </extensions>
      </trkpt>
      <trkpt lat="40.01093205995857715606689453125" lon="-105.2578148804605007171630859375">
        <ele>1645.4000244140625</ele>
        <time>2026-07-18T17:02:27.000Z</time>
        <extensions>
          <ns3:TrackPointExtension>
            <ns3:atemp>33.0</ns3:atemp>
          </ns3:TrackPointExtension>
        </extensions>
      </trkpt>
      <trkpt lat="40.01094706356525421142578125" lon="-105.2577414549887180328369140625">
        <ele>1645.199951171875</ele>
        <time>2026-07-18T17:02:28.000Z</time>
        <extensions>
          <ns3:TrackPointExtension>
            <ns3:atemp>33.0</ns3:atemp>
          </ns3:TrackPointExtension>
        </extensions>
      </trkpt>
      <trkpt lat="40.01101939938962459564208984375" lon="-105.2576158940792083740234375">
        <ele>1645.199951171875</ele>
        <time>2026-07-18T17:02:30.000Z</time>
        <extensions>
          <ns3:TrackPointExtension>
            <ns3:atemp>33.0</ns3:atemp>
          </ns3:TrackPointExtension>
        </extensions>
      </trkpt>
      <trkpt lat="40.01110120676457881927490234375" lon="-105.2575278840959072113037109375">
        <ele>1645.4000244140625</ele>
        <time>2026-07-18T17:02:32.000Z</time>
        <extensions>
          <ns3:TrackPointExtension>
            <ns3:atemp>33.0</ns3:atemp>
          </ns3:TrackPointExtension>
        </extensions>
      </trkpt>
      <trkpt lat="40.01112182624638080596923828125" lon="-105.25747197680175304412841796875">
        <ele>1645.4000244140625</ele>
        <time>2026-07-18T17:02:33.000Z</time>
        <extensions>
          <ns3:TrackPointExtension>
            <ns3:atemp>33.0</ns3:atemp>
          </ns3:TrackPointExtension>
        </extensions>
      </trkpt>
      <trkpt lat="40.011120736598968505859375" lon="-105.25741003453731536865234375">
        <ele>1645.4000244140625</ele>
        <time>2026-07-18T17:02:34.000Z</time>
        <extensions>
          <ns3:TrackPointExtension>
            <ns3:atemp>33.0</ns3:atemp>
          </ns3:TrackPointExtension>
        </extensions>
      </trkpt>
      <trkpt lat="40.01109567470848560333251953125" lon="-105.2572673745453357696533203125">
        <ele>1645.199951171875</ele>
        <time>2026-07-18T17:02:36.000Z</time>
        <extensions>
          <ns3:TrackPointExtension>
            <ns3:atemp>33.0</ns3:atemp>
          </ns3:TrackPointExtension>
        </extensions>
      </trkpt>
      <trkpt lat="40.01103180460631847381591796875" lon="-105.25681936182081699371337890625">
        <ele>1644.800048828125</ele>
        <time>2026-07-18T17:02:42.000Z</time>
        <extensions>
          <ns3:TrackPointExtension>
            <ns3:atemp>33.0</ns3:atemp>
          </ns3:TrackPointExtension>
        </extensions>
      </trkpt>
      <trkpt lat="40.01101386733353137969970703125" lon="-105.25674191303551197052001953125">
        <ele>1644.800048828125</ele>
        <time>2026-07-18T17:02:43.000Z</time>
        <extensions>
          <ns3:TrackPointExtension>
            <ns3:atemp>33.0</ns3:atemp>
          </ns3:TrackPointExtension>
        </extensions>
      </trkpt>
      <trkpt lat="40.0109517574310302734375" lon="-105.256507135927677154541015625">
        <ele>1644.5999755859375</ele>
        <time>2026-07-18T17:02:46.000Z</time>
        <extensions>
          <ns3:TrackPointExtension>
            <ns3:atemp>33.0</ns3:atemp>
          </ns3:TrackPointExtension>
        </extensions>
      </trkpt>
      <trkpt lat="40.01092753373086452484130859375" lon="-105.256336145102977752685546875">
        <ele>1644.4000244140625</ele>
        <time>2026-07-18T17:02:48.000Z</time>
        <extensions>
          <ns3:TrackPointExtension>
            <ns3:atemp>33.0</ns3:atemp>
          </ns3:TrackPointExtension>
        </extensions>
      </trkpt>
      <trkpt lat="40.0109230913221836090087890625" lon="-105.25625442154705524444580078125">
        <ele>1644.199951171875</ele>
        <time>2026-07-18T17:02:49.000Z</time>
        <extensions>
          <ns3:TrackPointExtension>
            <ns3:atemp>33.0</ns3:atemp>
          </ns3:TrackPointExtension>
        </extensions>
      </trkpt>
      <trkpt lat="40.0109505839645862579345703125" lon="-105.256109498441219329833984375">
        <ele>1644</ele>
        <time>2026-07-18T17:02:51.000Z</time>
        <extensions>
          <ns3:TrackPointExtension>
            <ns3:atemp>33.0</ns3:atemp>
          </ns3:TrackPointExtension>
        </extensions>
      </trkpt>
      <trkpt lat="40.010979585349559783935546875" lon="-105.25604973547160625457763671875">
        <ele>1643.800048828125</ele>
        <time>2026-07-18T17:02:52.000Z</time>
        <extensions>
          <ns3:TrackPointExtension>
            <ns3:atemp>33.0</ns3:atemp>
          </ns3:TrackPointExtension>
        </extensions>
      </trkpt>
      <trkpt lat="40.01100649125874042510986328125" lon="-105.25598905049264430999755859375">
        <ele>1643.5999755859375</ele>
        <time>2026-07-18T17:02:53.000Z</time>
        <extensions>
          <ns3:TrackPointExtension>
            <ns3:atemp>33.0</ns3:atemp>
          </ns3:TrackPointExtension>
        </extensions>
      </trkpt>
      <trkpt lat="40.01101939938962459564208984375" lon="-105.2559299580752849578857421875">
        <ele>1643.5999755859375</ele>
        <time>2026-07-18T17:02:54.000Z</time>
        <extensions>
          <ns3:TrackPointExtension>
            <ns3:atemp>33.0</ns3:atemp>
          </ns3:TrackPointExtension>
        </extensions>
      </trkpt>
      <trkpt lat="40.01101504079997539520263671875" lon="-105.25587405078113079071044921875">
        <ele>1643.5999755859375</ele>
        <time>2026-07-18T17:02:55.000Z</time>
        <extensions>
          <ns3:TrackPointExtension>
            <ns3:atemp>33.0</ns3:atemp>
          </ns3:TrackPointExtension>
        </extensions>
      </trkpt>
      <trkpt lat="40.0109958462417125701904296875" lon="-105.255760811269283294677734375">
        <ele>1643.5999755859375</ele>
        <time>2026-07-18T17:02:57.000Z</time>
        <extensions>
          <ns3:TrackPointExtension>
            <ns3:atemp>33.0</ns3:atemp>
          </ns3:TrackPointExtension>
        </extensions>
      </trkpt>
      <trkpt lat="40.0109955109655857086181640625" lon="-105.25569610297679901123046875">
        <ele>1643.5999755859375</ele>
        <time>2026-07-18T17:02:58.000Z</time>
        <extensions>
          <ns3:TrackPointExtension>
            <ns3:atemp>33.0</ns3:atemp>
          </ns3:TrackPointExtension>
        </extensions>
      </trkpt>
      <trkpt lat="40.0110132806003093719482421875" lon="-105.2555749006569385528564453125">
        <ele>1643.800048828125</ele>
        <time>2026-07-18T17:03:00.000Z</time>
        <extensions>
          <ns3:TrackPointExtension>
            <ns3:atemp>33.0</ns3:atemp>
          </ns3:TrackPointExtension>
        </extensions>
      </trkpt>
      <trkpt lat="40.0110380910336971282958984375" lon="-105.25540567003190517425537109375">
        <ele>1644.199951171875</ele>
        <time>2026-07-18T17:03:03.000Z</time>
        <extensions>
          <ns3:TrackPointExtension>
            <ns3:atemp>33.0</ns3:atemp>
          </ns3:TrackPointExtension>
        </extensions>
      </trkpt>
      <trkpt lat="40.0110504962503910064697265625" lon="-105.25523970834910869598388671875">
        <ele>1644.5999755859375</ele>
        <time>2026-07-18T17:03:06.000Z</time>
        <extensions>
          <ns3:TrackPointExtension>
            <ns3:atemp>33.0</ns3:atemp>
          </ns3:TrackPointExtension>
        </extensions>
      </trkpt>
      <trkpt lat="40.01105661503970623016357421875" lon="-105.2551226131618022918701171875">
        <ele>1645</ele>
        <time>2026-07-18T17:03:08.000Z</time>
        <extensions>
          <ns3:TrackPointExtension>
            <ns3:atemp>33.0</ns3:atemp>
          </ns3:TrackPointExtension>
        </extensions>
      </trkpt>
      <trkpt lat="40.0110737979412078857421875" lon="-105.2550595812499523162841796875">
        <ele>1645.199951171875</ele>
        <time>2026-07-18T17:03:09.000Z</time>
        <extensions>
          <ns3:TrackPointExtension>
            <ns3:atemp>33.0</ns3:atemp>
          </ns3:TrackPointExtension>
        </extensions>
      </trkpt>
      <trkpt lat="40.01113750040531158447265625" lon="-105.25491432286798954010009765625">
        <ele>1645.5999755859375</ele>
        <time>2026-07-18T17:03:12.000Z</time>
        <extensions>
          <ns3:TrackPointExtension>
            <ns3:atemp>33.0</ns3:atemp>
          </ns3:TrackPointExtension>
        </extensions>
      </trkpt>
      <trkpt lat="40.0110800005495548248291015625" lon="-105.25468683801591396331787109375">
        <ele>1645.800048828125</ele>
        <time>2026-07-18T17:03:15.000Z</time>
        <extensions>
          <ns3:TrackPointExtension>
            <ns3:atemp>33.0</ns3:atemp>
          </ns3:TrackPointExtension>
        </extensions>
      </trkpt>
      <trkpt lat="40.010966174304485321044921875" lon="-105.25438928045332431793212890625">
        <ele>1645.4000244140625</ele>
        <time>2026-07-18T17:03:18.000Z</time>
        <extensions>
          <ns3:TrackPointExtension>
            <ns3:atemp>33.0</ns3:atemp>
          </ns3:TrackPointExtension>
        </extensions>
      </trkpt>
      <trkpt lat="40.0109328143298625946044921875" lon="-105.2542958222329616546630859375">
        <ele>1645.199951171875</ele>
        <time>2026-07-18T17:03:19.000Z</time>
        <extensions>
          <ns3:TrackPointExtension>
            <ns3:atemp>33.0</ns3:atemp>
          </ns3:TrackPointExtension>
        </extensions>
      </trkpt>
      <trkpt lat="40.01092669554054737091064453125" lon="-105.2540963329374790191650390625">
        <ele>1644.4000244140625</ele>
        <time>2026-07-18T17:03:21.000Z</time>
        <extensions>
          <ns3:TrackPointExtension>
            <ns3:atemp>33.0</ns3:atemp>
          </ns3:TrackPointExtension>
        </extensions>
      </trkpt>
      <trkpt lat="40.01102074049413204193115234375" lon="-105.25391989387571811676025390625">
        <ele>1644.199951171875</ele>
        <time>2026-07-18T17:03:23.000Z</time>
        <extensions>
          <ns3:TrackPointExtension>
            <ns3:atemp>33.0</ns3:atemp>
          </ns3:TrackPointExtension>
        </extensions>
      </trkpt>
      <trkpt lat="40.01110590063035488128662109375" lon="-105.253725685179233551025390625">
        <ele>1643.199951171875</ele>
        <time>2026-07-18T17:03:25.000Z</time>
        <extensions>
          <ns3:TrackPointExtension>
            <ns3:atemp>33.0</ns3:atemp>
          </ns3:TrackPointExtension>
        </extensions>
      </trkpt>
      <trkpt lat="40.01112735830247402191162109375" lon="-105.2536125294864177703857421875">
        <ele>1643</ele>
        <time>2026-07-18T17:03:26.000Z</time>
        <extensions>
          <ns3:TrackPointExtension>
            <ns3:atemp>33.0</ns3:atemp>
          </ns3:TrackPointExtension>
        </extensions>
      </trkpt>
      <trkpt lat="40.01118351705372333526611328125" lon="-105.25341496802866458892822265625">
        <ele>1642.4000244140625</ele>
        <time>2026-07-18T17:03:28.000Z</time>
        <extensions>
          <ns3:TrackPointExtension>
            <ns3:atemp>33.0</ns3:atemp>
          </ns3:TrackPointExtension>
        </extensions>
      </trkpt>
      <trkpt lat="40.0111631490290164947509765625" lon="-105.25332503020763397216796875">
        <ele>1642</ele>
        <time>2026-07-18T17:03:29.000Z</time>
        <extensions>
          <ns3:TrackPointExtension>
            <ns3:atemp>33.0</ns3:atemp>
          </ns3:TrackPointExtension>
        </extensions>
      </trkpt>
      <trkpt lat="40.01114688813686370849609375" lon="-105.25324464775621891021728515625">
        <ele>1641.800048828125</ele>
        <time>2026-07-18T17:03:30.000Z</time>
        <extensions>
          <ns3:TrackPointExtension>
            <ns3:atemp>33.0</ns3:atemp>
          </ns3:TrackPointExtension>
        </extensions>
      </trkpt>
      <trkpt lat="40.01107924617826938629150390625" lon="-105.25309712626039981842041015625">
        <ele>1641.5999755859375</ele>
        <time>2026-07-18T17:03:32.000Z</time>
        <extensions>
          <ns3:TrackPointExtension>
            <ns3:atemp>33.0</ns3:atemp>
          </ns3:TrackPointExtension>
        </extensions>
      </trkpt>
      <trkpt lat="40.0110189802944660186767578125" lon="-105.25290836580097675323486328125">
        <ele>1641.4000244140625</ele>
        <time>2026-07-18T17:03:35.000Z</time>
        <extensions>
          <ns3:TrackPointExtension>
            <ns3:atemp>33.0</ns3:atemp>
          </ns3:TrackPointExtension>
        </extensions>
      </trkpt>
      <trkpt lat="40.0109764002263545989990234375" lon="-105.25280258618295192718505859375">
        <ele>1641.4000244140625</ele>
        <time>2026-07-18T17:03:37.000Z</time>
        <extensions>
          <ns3:TrackPointExtension>
            <ns3:atemp>33.0</ns3:atemp>
          </ns3:TrackPointExtension>
        </extensions>
      </trkpt>
      <trkpt lat="40.01096449792385101318359375" lon="-105.25274642743170261383056640625">
        <ele>1641.4000244140625</ele>
        <time>2026-07-18T17:03:38.000Z</time>
        <extensions>
          <ns3:TrackPointExtension>
            <ns3:atemp>33.0</ns3:atemp>
          </ns3:TrackPointExtension>
        </extensions>
      </trkpt>
      <trkpt lat="40.01097011379897594451904296875" lon="-105.2525533922016620635986328125">
        <ele>1641.4000244140625</ele>
        <time>2026-07-18T17:03:41.000Z</time>
        <extensions>
          <ns3:TrackPointExtension>
            <ns3:atemp>33.0</ns3:atemp>
          </ns3:TrackPointExtension>
        </extensions>
      </trkpt>
      <trkpt lat="40.01101604662835597991943359375" lon="-105.2522707544267177581787109375">
        <ele>1641.5999755859375</ele>
        <time>2026-07-18T17:03:45.000Z</time>
        <extensions>
          <ns3:TrackPointExtension>
            <ns3:atemp>33.0</ns3:atemp>
          </ns3:TrackPointExtension>
        </extensions>
      </trkpt>
      <trkpt lat="40.01100380904972553253173828125" lon="-105.25219959206879138946533203125">
        <ele>1641.5999755859375</ele>
        <time>2026-07-18T17:03:46.000Z</time>
        <extensions>
          <ns3:TrackPointExtension>
            <ns3:atemp>33.0</ns3:atemp>
          </ns3:TrackPointExtension>
        </extensions>
      </trkpt>
      <trkpt lat="40.010978914797306060791015625" lon="-105.2519203908741474151611328125">
        <ele>1641.800048828125</ele>
        <time>2026-07-18T17:03:50.000Z</time>
        <extensions>
          <ns3:TrackPointExtension>
            <ns3:atemp>33.0</ns3:atemp>
          </ns3:TrackPointExtension>
        </extensions>
      </trkpt>
      <trkpt lat="40.0109958462417125701904296875" lon="-105.25184637866914272308349609375">
        <ele>1641.5999755859375</ele>
        <time>2026-07-18T17:03:51.000Z</time>
        <extensions>
          <ns3:TrackPointExtension>
            <ns3:atemp>33.0</ns3:atemp>
          </ns3:TrackPointExtension>
        </extensions>
      </trkpt>
      <trkpt lat="40.011038593947887420654296875" lon="-105.251697599887847900390625">
        <ele>1641.800048828125</ele>
        <time>2026-07-18T17:03:53.000Z</time>
        <extensions>
          <ns3:TrackPointExtension>
            <ns3:atemp>33.0</ns3:atemp>
          </ns3:TrackPointExtension>
        </extensions>
      </trkpt>
      <trkpt lat="40.011092908680438995361328125" lon="-105.25154194794595241546630859375">
        <ele>1641.5999755859375</ele>
        <time>2026-07-18T17:03:55.000Z</time>
        <extensions>
          <ns3:TrackPointExtension>
            <ns3:atemp>33.0</ns3:atemp>
          </ns3:TrackPointExtension>
        </extensions>
      </trkpt>
      <trkpt lat="40.01111201941967010498046875" lon="-105.25146030820906162261962890625">
        <ele>1641.5999755859375</ele>
        <time>2026-07-18T17:03:56.000Z</time>
        <extensions>
          <ns3:TrackPointExtension>
            <ns3:atemp>33.0</ns3:atemp>
          </ns3:TrackPointExtension>
        </extensions>
      </trkpt>
      <trkpt lat="40.0111279450356960296630859375" lon="-105.25124874897301197052001953125">
        <ele>1641.5999755859375</ele>
        <time>2026-07-18T17:03:59.000Z</time>
        <extensions>
          <ns3:TrackPointExtension>
            <ns3:atemp>33.0</ns3:atemp>
          </ns3:TrackPointExtension>
        </extensions>
      </trkpt>
      <trkpt lat="40.01111813820898532867431640625" lon="-105.25118404068052768707275390625">
        <ele>1641.5999755859375</ele>
        <time>2026-07-18T17:04:00.000Z</time>
        <extensions>
          <ns3:TrackPointExtension>
            <ns3:atemp>33.0</ns3:atemp>
          </ns3:TrackPointExtension>
        </extensions>
      </trkpt>
      <trkpt lat="40.011092908680438995361328125" lon="-105.25099595077335834503173828125">
        <ele>1641.5999755859375</ele>
        <time>2026-07-18T17:04:03.000Z</time>
        <extensions>
          <ns3:TrackPointExtension>
            <ns3:atemp>33.0</ns3:atemp>
          </ns3:TrackPointExtension>
        </extensions>
      </trkpt>
      <trkpt lat="40.0110997818410396575927734375" lon="-105.25087910704314708709716796875">
        <ele>1641.5999755859375</ele>
        <time>2026-07-18T17:04:05.000Z</time>
        <extensions>
          <ns3:TrackPointExtension>
            <ns3:atemp>33.0</ns3:atemp>
          </ns3:TrackPointExtension>
        </extensions>
      </trkpt>
      <trkpt lat="40.01115283928811550140380859375" lon="-105.250666625797748565673828125">
        <ele>1641.800048828125</ele>
        <time>2026-07-18T17:04:10.000Z</time>
        <extensions>
          <ns3:TrackPointExtension>
            <ns3:atemp>33.0</ns3:atemp>
          </ns3:TrackPointExtension>
        </extensions>
      </trkpt>
      <trkpt lat="40.0111822597682476043701171875" lon="-105.25052388198673725128173828125">
        <ele>1641.5999755859375</ele>
        <time>2026-07-18T17:04:13.000Z</time>
        <extensions>
          <ns3:TrackPointExtension>
            <ns3:atemp>33.0</ns3:atemp>
          </ns3:TrackPointExtension>
        </extensions>
      </trkpt>
      <trkpt lat="40.01118686981499195098876953125" lon="-105.2503972314298152923583984375">
        <ele>1641.5999755859375</ele>
        <time>2026-07-18T17:04:15.000Z</time>
        <extensions>
          <ns3:TrackPointExtension>
            <ns3:atemp>33.0</ns3:atemp>
          </ns3:TrackPointExtension>
        </extensions>
      </trkpt>
      <trkpt lat="40.01120531000196933746337890625" lon="-105.25018215179443359375">
        <ele>1641.5999755859375</ele>
        <time>2026-07-18T17:04:18.000Z</time>
        <extensions>
          <ns3:TrackPointExtension>
            <ns3:atemp>33.0</ns3:atemp>
          </ns3:TrackPointExtension>
        </extensions>
      </trkpt>
      <trkpt lat="40.01122358255088329315185546875" lon="-105.2501122467219829559326171875">
        <ele>1641.4000244140625</ele>
        <time>2026-07-18T17:04:19.000Z</time>
        <extensions>
          <ns3:TrackPointExtension>
            <ns3:atemp>33.0</ns3:atemp>
          </ns3:TrackPointExtension>
        </extensions>
      </trkpt>
      <trkpt lat="40.0112644024193286895751953125" lon="-105.24989825673401355743408203125">
        <ele>1641</ele>
        <time>2026-07-18T17:04:22.000Z</time>
        <extensions>
          <ns3:TrackPointExtension>
            <ns3:atemp>33.0</ns3:atemp>
          </ns3:TrackPointExtension>
        </extensions>
      </trkpt>
      <trkpt lat="40.011299438774585723876953125" lon="-105.2496837638318538665771484375">
        <ele>1640.5999755859375</ele>
        <time>2026-07-18T17:04:25.000Z</time>
        <extensions>
          <ns3:TrackPointExtension>
            <ns3:atemp>33.0</ns3:atemp>
          </ns3:TrackPointExtension>
        </extensions>
      </trkpt>
      <trkpt lat="40.0113153643906116485595703125" lon="-105.249615870416164398193359375">
        <ele>1640.5999755859375</ele>
        <time>2026-07-18T17:04:26.000Z</time>
        <extensions>
          <ns3:TrackPointExtension>
            <ns3:atemp>33.0</ns3:atemp>
          </ns3:TrackPointExtension>
        </extensions>
      </trkpt>
      <trkpt lat="40.0113338045775890350341796875" lon="-105.24955141358077526092529296875">
        <ele>1640.5999755859375</ele>
        <time>2026-07-18T17:04:27.000Z</time>
        <extensions>
          <ns3:TrackPointExtension>
            <ns3:atemp>33.0</ns3:atemp>
          </ns3:TrackPointExtension>
        </extensions>
      </trkpt>
      <trkpt lat="40.01137361861765384674072265625" lon="-105.24942752905189990997314453125">
        <ele>1640.199951171875</ele>
        <time>2026-07-18T17:04:29.000Z</time>
        <extensions>
          <ns3:TrackPointExtension>
            <ns3:atemp>33.0</ns3:atemp>
          </ns3:TrackPointExtension>
        </extensions>
      </trkpt>
      <trkpt lat="40.01139658503234386444091796875" lon="-105.2493069134652614593505859375">
        <ele>1640</ele>
        <time>2026-07-18T17:04:31.000Z</time>
        <extensions>
          <ns3:TrackPointExtension>
            <ns3:atemp>33.0</ns3:atemp>
          </ns3:TrackPointExtension>
        </extensions>
      </trkpt>
      <trkpt lat="40.01144469715654850006103515625" lon="-105.2491312287747859954833984375">
        <ele>1639.800048828125</ele>
        <time>2026-07-18T17:04:34.000Z</time>
        <extensions>
          <ns3:TrackPointExtension>
            <ns3:atemp>33.0</ns3:atemp>
          </ns3:TrackPointExtension>
        </extensions>
      </trkpt>
      <trkpt lat="40.01148325391113758087158203125" lon="-105.2490194141864776611328125">
        <ele>1639.800048828125</ele>
        <time>2026-07-18T17:04:36.000Z</time>
        <extensions>
          <ns3:TrackPointExtension>
            <ns3:atemp>33.0</ns3:atemp>
          </ns3:TrackPointExtension>
        </extensions>
      </trkpt>
      <trkpt lat="40.0115765444934368133544921875" lon="-105.24864767678081989288330078125">
        <ele>1639.5999755859375</ele>
        <time>2026-07-18T17:04:41.000Z</time>
        <extensions>
          <ns3:TrackPointExtension>
            <ns3:atemp>33.0</ns3:atemp>
          </ns3:TrackPointExtension>
        </extensions>
      </trkpt>
      <trkpt lat="40.01174929551780223846435546875" lon="-105.24836956523358821868896484375">
        <ele>1639.5999755859375</ele>
        <time>2026-07-18T17:04:45.000Z</time>
        <extensions>
          <ns3:TrackPointExtension>
            <ns3:atemp>33.0</ns3:atemp>
          </ns3:TrackPointExtension>
        </extensions>
      </trkpt>
      <trkpt lat="40.01199170015752315521240234375" lon="-105.24802020750939846038818359375">
        <ele>1639.5999755859375</ele>
        <time>2026-07-18T17:04:51.000Z</time>
        <extensions>
          <ns3:TrackPointExtension>
            <ns3:atemp>33.0</ns3:atemp>
          </ns3:TrackPointExtension>
        </extensions>
      </trkpt>
      <trkpt lat="40.01226159743964672088623046875" lon="-105.2476027049124240875244140625">
        <ele>1639.4000244140625</ele>
        <time>2026-07-18T17:04:58.000Z</time>
        <extensions>
          <ns3:TrackPointExtension>
            <ns3:atemp>33.0</ns3:atemp>
          </ns3:TrackPointExtension>
        </extensions>
      </trkpt>
      <trkpt lat="40.01229277811944484710693359375" lon="-105.24754889309406280517578125">
        <ele>1639.4000244140625</ele>
        <time>2026-07-18T17:04:59.000Z</time>
        <extensions>
          <ns3:TrackPointExtension>
            <ns3:atemp>33.0</ns3:atemp>
          </ns3:TrackPointExtension>
        </extensions>
      </trkpt>
      <trkpt lat="40.01237844116985797882080078125" lon="-105.2474196441471576690673828125">
        <ele>1639.199951171875</ele>
        <time>2026-07-18T17:05:01.000Z</time>
        <extensions>
          <ns3:TrackPointExtension>
            <ns3:atemp>33.0</ns3:atemp>
          </ns3:TrackPointExtension>
        </extensions>
      </trkpt>
      <trkpt lat="40.01249025575816631317138671875" lon="-105.24731419980525970458984375">
        <ele>1639.199951171875</ele>
        <time>2026-07-18T17:05:03.000Z</time>
        <extensions>
          <ns3:TrackPointExtension>
            <ns3:atemp>33.0</ns3:atemp>
          </ns3:TrackPointExtension>
        </extensions>
      </trkpt>
      <trkpt lat="40.0125917606055736541748046875" lon="-105.247252844274044036865234375">
        <ele>1639</ele>
        <time>2026-07-18T17:05:05.000Z</time>
        <extensions>
          <ns3:TrackPointExtension>
            <ns3:atemp>33.0</ns3:atemp>
          </ns3:TrackPointExtension>
        </extensions>
      </trkpt>
      <trkpt lat="40.0127087719738483428955078125" lon="-105.24715854786336421966552734375">
        <ele>1638.800048828125</ele>
        <time>2026-07-18T17:05:07.000Z</time>
        <extensions>
          <ns3:TrackPointExtension>
            <ns3:atemp>33.0</ns3:atemp>
          </ns3:TrackPointExtension>
        </extensions>
      </trkpt>
      <trkpt lat="40.01274875365197658538818359375" lon="-105.2471152134239673614501953125">
        <ele>1638.800048828125</ele>
        <time>2026-07-18T17:05:08.000Z</time>
        <extensions>
          <ns3:TrackPointExtension>
            <ns3:atemp>33.0</ns3:atemp>
          </ns3:TrackPointExtension>
        </extensions>
      </trkpt>
      <trkpt lat="40.01296542584896087646484375" lon="-105.24690843187272548675537109375">
        <ele>1638.800048828125</ele>
        <time>2026-07-18T17:05:12.000Z</time>
        <extensions>
          <ns3:TrackPointExtension>
            <ns3:atemp>33.0</ns3:atemp>
          </ns3:TrackPointExtension>
        </extensions>
      </trkpt>
      <trkpt lat="40.0130152143537998199462890625" lon="-105.24684824980795383453369140625">
        <ele>1638.5999755859375</ele>
        <time>2026-07-18T17:05:13.000Z</time>
        <extensions>
          <ns3:TrackPointExtension>
            <ns3:atemp>33.0</ns3:atemp>
          </ns3:TrackPointExtension>
        </extensions>
      </trkpt>
      <trkpt lat="40.01309551298618316650390625" lon="-105.24672067724168300628662109375">
        <ele>1638.5999755859375</ele>
        <time>2026-07-18T17:05:15.000Z</time>
        <extensions>
          <ns3:TrackPointExtension>
            <ns3:atemp>33.0</ns3:atemp>
          </ns3:TrackPointExtension>
        </extensions>
      </trkpt>
      <trkpt lat="40.01314186491072177886962890625" lon="-105.2466542087495326995849609375">
        <ele>1638.800048828125</ele>
        <time>2026-07-18T17:05:16.000Z</time>
        <extensions>
          <ns3:TrackPointExtension>
            <ns3:atemp>33.0</ns3:atemp>
          </ns3:TrackPointExtension>
        </extensions>
      </trkpt>
      <trkpt lat="40.0132113508880138397216796875" lon="-105.24656980298459529876708984375">
        <ele>1638.5999755859375</ele>
        <time>2026-07-18T17:05:18.000Z</time>
        <extensions>
          <ns3:TrackPointExtension>
            <ns3:atemp>33.0</ns3:atemp>
          </ns3:TrackPointExtension>
        </extensions>
      </trkpt>
      <trkpt lat="40.01325049437582492828369140625" lon="-105.24646050296723842620849609375">
        <ele>1638.4000244140625</ele>
        <time>2026-07-18T17:05:20.000Z</time>
        <extensions>
          <ns3:TrackPointExtension>
            <ns3:atemp>33.0</ns3:atemp>
          </ns3:TrackPointExtension>
        </extensions>
      </trkpt>
      <trkpt lat="40.0132713653147220611572265625" lon="-105.24634416215121746063232421875">
        <ele>1638</ele>
        <time>2026-07-18T17:05:22.000Z</time>
        <extensions>
          <ns3:TrackPointExtension>
            <ns3:atemp>34.0</ns3:atemp>
          </ns3:TrackPointExtension>
        </extensions>
      </trkpt>
      <trkpt lat="40.0133276917040348052978515625" lon="-105.24612137116491794586181640625">
        <ele>1637.800048828125</ele>
        <time>2026-07-18T17:05:25.000Z</time>
        <extensions>
          <ns3:TrackPointExtension>
            <ns3:atemp>34.0</ns3:atemp>
          </ns3:TrackPointExtension>
        </extensions>
      </trkpt>
      <trkpt lat="40.01336398534476757049560546875" lon="-105.24605280719697475433349609375">
        <ele>1637.800048828125</ele>
        <time>2026-07-18T17:05:26.000Z</time>
        <extensions>
          <ns3:TrackPointExtension>
            <ns3:atemp>34.0</ns3:atemp>
          </ns3:TrackPointExtension>
        </extensions>
      </trkpt>
      <trkpt lat="40.01345652155578136444091796875" lon="-105.245924480259418487548828125">
        <ele>1637.800048828125</ele>
        <time>2026-07-18T17:05:28.000Z</time>
        <extensions>
          <ns3:TrackPointExtension>
            <ns3:atemp>34.0</ns3:atemp>
          </ns3:TrackPointExtension>
        </extensions>
      </trkpt>
      <trkpt lat="40.01359348185360431671142578125" lon="-105.24578307755291461944580078125">
        <ele>1637.5999755859375</ele>
        <time>2026-07-18T17:05:31.000Z</time>
        <extensions>
          <ns3:TrackPointExtension>
            <ns3:atemp>34.0</ns3:atemp>
          </ns3:TrackPointExtension>
        </extensions>
      </trkpt>
      <trkpt lat="40.01366992481052875518798828125" lon="-105.2456638030707836151123046875">
        <ele>1637.4000244140625</ele>
        <time>2026-07-18T17:05:33.000Z</time>
        <extensions>
          <ns3:TrackPointExtension>
            <ns3:atemp>34.0</ns3:atemp>
          </ns3:TrackPointExtension>
        </extensions>
      </trkpt>
      <trkpt lat="40.01374452374875545501708984375" lon="-105.24553329683840274810791015625">
        <ele>1637.4000244140625</ele>
        <time>2026-07-18T17:05:35.000Z</time>
        <extensions>
          <ns3:TrackPointExtension>
            <ns3:atemp>34.0</ns3:atemp>
          </ns3:TrackPointExtension>
        </extensions>
      </trkpt>
      <trkpt lat="40.0138493813574314117431640625" lon="-105.24541645310819149017333984375">
        <ele>1637.4000244140625</ele>
        <time>2026-07-18T17:05:37.000Z</time>
        <extensions>
          <ns3:TrackPointExtension>
            <ns3:atemp>34.0</ns3:atemp>
          </ns3:TrackPointExtension>
        </extensions>
      </trkpt>
      <trkpt lat="40.0139389000833034515380859375" lon="-105.2453238330781459808349609375">
        <ele>1637.4000244140625</ele>
        <time>2026-07-18T17:05:39.000Z</time>
        <extensions>
          <ns3:TrackPointExtension>
            <ns3:atemp>34.0</ns3:atemp>
          </ns3:TrackPointExtension>
        </extensions>
      </trkpt>
      <trkpt lat="40.01398734748363494873046875" lon="-105.24527379311621189117431640625">
        <ele>1637.199951171875</ele>
        <time>2026-07-18T17:05:40.000Z</time>
        <extensions>
          <ns3:TrackPointExtension>
            <ns3:atemp>34.0</ns3:atemp>
          </ns3:TrackPointExtension>
        </extensions>
      </trkpt>
      <trkpt lat="40.0140937976539134979248046875" lon="-105.2451994456350803375244140625">
        <ele>1637</ele>
        <time>2026-07-18T17:05:42.000Z</time>
        <extensions>
          <ns3:TrackPointExtension>
            <ns3:atemp>34.0</ns3:atemp>
          </ns3:TrackPointExtension>
        </extensions>
      </trkpt>
      <trkpt lat="40.01415540464222431182861328125" lon="-105.24516616947948932647705078125">
        <ele>1636.800048828125</ele>
        <time>2026-07-18T17:05:43.000Z</time>
        <extensions>
          <ns3:TrackPointExtension>
            <ns3:atemp>34.0</ns3:atemp>
          </ns3:TrackPointExtension>
        </extensions>
      </trkpt>
      <trkpt lat="40.0142185203731060028076171875" lon="-105.2451253496110439300537109375">
        <ele>1636.800048828125</ele>
        <time>2026-07-18T17:05:44.000Z</time>
        <extensions>
          <ns3:TrackPointExtension>
            <ns3:atemp>34.0</ns3:atemp>
          </ns3:TrackPointExtension>
        </extensions>
      </trkpt>
      <trkpt lat="40.0143465958535671234130859375" lon="-105.2450282871723175048828125">
        <ele>1636.5999755859375</ele>
        <time>2026-07-18T17:05:46.000Z</time>
        <extensions>
          <ns3:TrackPointExtension>
            <ns3:atemp>34.0</ns3:atemp>
          </ns3:TrackPointExtension>
        </extensions>
      </trkpt>
      <trkpt lat="40.01442982815206050872802734375" lon="-105.244971625506877899169921875">
        <ele>1636.5999755859375</ele>
        <time>2026-07-18T17:05:47.000Z</time>
        <extensions>
          <ns3:TrackPointExtension>
            <ns3:atemp>34.0</ns3:atemp>
          </ns3:TrackPointExtension>
        </extensions>
      </trkpt>
      <trkpt lat="40.01448246650397777557373046875" lon="-105.24492678232491016387939453125">
        <ele>1636.5999755859375</ele>
        <time>2026-07-18T17:05:48.000Z</time>
        <extensions>
          <ns3:TrackPointExtension>
            <ns3:atemp>34.0</ns3:atemp>
          </ns3:TrackPointExtension>
        </extensions>
      </trkpt>
      <trkpt lat="40.01454700715839862823486328125" lon="-105.244864337146282196044921875">
        <ele>1636.4000244140625</ele>
        <time>2026-07-18T17:05:49.000Z</time>
        <extensions>
          <ns3:TrackPointExtension>
            <ns3:atemp>34.0</ns3:atemp>
          </ns3:TrackPointExtension>
        </extensions>
      </trkpt>
      <trkpt lat="40.0145970471203327178955078125" lon="-105.244793929159641265869140625">
        <ele>1636.199951171875</ele>
        <time>2026-07-18T17:05:50.000Z</time>
        <extensions>
          <ns3:TrackPointExtension>
            <ns3:atemp>34.0</ns3:atemp>
          </ns3:TrackPointExtension>
        </extensions>
      </trkpt>
      <trkpt lat="40.014629401266574859619140625" lon="-105.24471572600305080413818359375">
        <ele>1636</ele>
        <time>2026-07-18T17:05:51.000Z</time>
        <extensions>
          <ns3:TrackPointExtension>
            <ns3:atemp>34.0</ns3:atemp>
          </ns3:TrackPointExtension>
        </extensions>
      </trkpt>
      <trkpt lat="40.01466192305088043212890625" lon="-105.24462956003844738006591796875">
        <ele>1635.4000244140625</ele>
        <time>2026-07-18T17:05:52.000Z</time>
        <extensions>
          <ns3:TrackPointExtension>
            <ns3:atemp>34.0</ns3:atemp>
          </ns3:TrackPointExtension>
        </extensions>
      </trkpt>
      <trkpt lat="40.0147006474435329437255859375" lon="-105.24455730803310871124267578125">
        <ele>1635.199951171875</ele>
        <time>2026-07-18T17:05:53.000Z</time>
        <extensions>
          <ns3:TrackPointExtension>
            <ns3:atemp>34.0</ns3:atemp>
          </ns3:TrackPointExtension>
        </extensions>
      </trkpt>
      <trkpt lat="40.01473727636039257049560546875" lon="-105.2444906719028949737548828125">
        <ele>1635</ele>
        <time>2026-07-18T17:05:54.000Z</time>
        <extensions>
          <ns3:TrackPointExtension>
            <ns3:atemp>34.0</ns3:atemp>
          </ns3:TrackPointExtension>
        </extensions>
      </trkpt>
      <trkpt lat="40.014767535030841827392578125" lon="-105.2444041706621646881103515625">
        <ele>1635</ele>
        <time>2026-07-18T17:05:55.000Z</time>
        <extensions>
          <ns3:TrackPointExtension>
            <ns3:atemp>34.0</ns3:atemp>
          </ns3:TrackPointExtension>
        </extensions>
      </trkpt>
      <trkpt lat="40.01478203572332859039306640625" lon="-105.2443163283169269561767578125">
        <ele>1634.800048828125</ele>
        <time>2026-07-18T17:05:56.000Z</time>
        <extensions>
          <ns3:TrackPointExtension>
            <ns3:atemp>34.0</ns3:atemp>
          </ns3:TrackPointExtension>
        </extensions>
      </trkpt>
      <trkpt lat="40.01482511870563030242919921875" lon="-105.24406478740274906158447265625">
        <ele>1634.800048828125</ele>
        <time>2026-07-18T17:05:59.000Z</time>
        <extensions>
          <ns3:TrackPointExtension>
            <ns3:atemp>34.0</ns3:atemp>
          </ns3:TrackPointExtension>
        </extensions>
      </trkpt>
      <trkpt lat="40.0148511864244937896728515625" lon="-105.24398448877036571502685546875">
        <ele>1634.800048828125</ele>
        <time>2026-07-18T17:06:00.000Z</time>
        <extensions>
          <ns3:TrackPointExtension>
            <ns3:atemp>34.0</ns3:atemp>
          </ns3:TrackPointExtension>
        </extensions>
      </trkpt>
      <trkpt lat="40.0149671919643878936767578125" lon="-105.2437530644237995147705078125">
        <ele>1635</ele>
        <time>2026-07-18T17:06:03.000Z</time>
        <extensions>
          <ns3:TrackPointExtension>
            <ns3:atemp>34.0</ns3:atemp>
          </ns3:TrackPointExtension>
        </extensions>
      </trkpt>
      <trkpt lat="40.01503919251263141632080078125" lon="-105.2435958199203014373779296875">
        <ele>1635</ele>
        <time>2026-07-18T17:06:05.000Z</time>
        <extensions>
          <ns3:TrackPointExtension>
            <ns3:atemp>34.0</ns3:atemp>
          </ns3:TrackPointExtension>
        </extensions>
      </trkpt>
      <trkpt lat="40.015075318515300750732421875" lon="-105.24341686628758907318115234375">
        <ele>1635</ele>
        <time>2026-07-18T17:06:07.000Z</time>
        <extensions>
          <ns3:TrackPointExtension>
            <ns3:atemp>34.0</ns3:atemp>
          </ns3:TrackPointExtension>
        </extensions>
      </trkpt>
      <trkpt lat="40.0150972791016101837158203125" lon="-105.2432199753820896148681640625">
        <ele>1634.800048828125</ele>
        <time>2026-07-18T17:06:09.000Z</time>
        <extensions>
          <ns3:TrackPointExtension>
            <ns3:atemp>34.0</ns3:atemp>
          </ns3:TrackPointExtension>
        </extensions>
      </trkpt>
      <trkpt lat="40.0151445530354976654052734375" lon="-105.243072621524333953857421875">
        <ele>1634.800048828125</ele>
        <time>2026-07-18T17:06:11.000Z</time>
        <extensions>
          <ns3:TrackPointExtension>
            <ns3:atemp>34.0</ns3:atemp>
          </ns3:TrackPointExtension>
        </extensions>
      </trkpt>
      <trkpt lat="40.0153490714728832244873046875" lon="-105.24250206537544727325439453125">
        <ele>1634.199951171875</ele>
        <time>2026-07-18T17:06:18.000Z</time>
        <extensions>
          <ns3:TrackPointExtension>
            <ns3:atemp>34.0</ns3:atemp>
          </ns3:TrackPointExtension>
        </extensions>
      </trkpt>
      <trkpt lat="40.01538234762847423553466796875" lon="-105.24243014864623546600341796875">
        <ele>1634.4000244140625</ele>
        <time>2026-07-18T17:06:19.000Z</time>
        <extensions>
          <ns3:TrackPointExtension>
            <ns3:atemp>34.0</ns3:atemp>
          </ns3:TrackPointExtension>
        </extensions>
      </trkpt>
      <trkpt lat="40.01543574035167694091796875" lon="-105.242280028760433197021484375">
        <ele>1634.4000244140625</ele>
        <time>2026-07-18T17:06:21.000Z</time>
        <extensions>
          <ns3:TrackPointExtension>
            <ns3:atemp>34.0</ns3:atemp>
          </ns3:TrackPointExtension>
        </extensions>
      </trkpt>
      <trkpt lat="40.0154831819236278533935546875" lon="-105.242209620773792266845703125">
        <ele>1634.4000244140625</ele>
        <time>2026-07-18T17:06:22.000Z</time>
        <extensions>
          <ns3:TrackPointExtension>
            <ns3:atemp>34.0</ns3:atemp>
          </ns3:TrackPointExtension>
        </extensions>
      </trkpt>
      <trkpt lat="40.015530623495578765869140625" lon="-105.24215103127062320709228515625">
        <ele>1634.4000244140625</ele>
        <time>2026-07-18T17:06:23.000Z</time>
        <extensions>
          <ns3:TrackPointExtension>
            <ns3:atemp>34.0</ns3:atemp>
          </ns3:TrackPointExtension>
        </extensions>
      </trkpt>
      <trkpt lat="40.015647299587726593017578125" lon="-105.24199160747230052947998046875">
        <ele>1634.4000244140625</ele>
        <time>2026-07-18T17:06:26.000Z</time>
        <extensions>
          <ns3:TrackPointExtension>
            <ns3:atemp>34.0</ns3:atemp>
          </ns3:TrackPointExtension>
        </extensions>
      </trkpt>
      <trkpt lat="40.0157074816524982452392578125" lon="-105.24186805821955204010009765625">
        <ele>1634.199951171875</ele>
        <time>2026-07-18T17:06:28.000Z</time>
        <extensions>
          <ns3:TrackPointExtension>
            <ns3:atemp>34.0</ns3:atemp>
          </ns3:TrackPointExtension>
        </extensions>
      </trkpt>
      <trkpt lat="40.01573975197970867156982421875" lon="-105.2418134920299053192138671875">
        <ele>1634.199951171875</ele>
        <time>2026-07-18T17:06:29.000Z</time>
        <extensions>
          <ns3:TrackPointExtension>
            <ns3:atemp>34.0</ns3:atemp>
          </ns3:TrackPointExtension>
        </extensions>
      </trkpt>
      <trkpt lat="40.01584771089255809783935546875" lon="-105.24169337935745716094970703125">
        <ele>1634</ele>
        <time>2026-07-18T17:06:32.000Z</time>
        <extensions>
          <ns3:TrackPointExtension>
            <ns3:atemp>34.0</ns3:atemp>
          </ns3:TrackPointExtension>
        </extensions>
      </trkpt>
      <trkpt lat="40.01599489711225032806396484375" lon="-105.2415476180613040924072265625">
        <ele>1633.4000244140625</ele>
        <time>2026-07-18T17:06:36.000Z</time>
        <extensions>
          <ns3:TrackPointExtension>
            <ns3:atemp>34.0</ns3:atemp>
          </ns3:TrackPointExtension>
        </extensions>
      </trkpt>
      <trkpt lat="40.016029179096221923828125" lon="-105.24152423255145549774169921875">
        <ele>1633.4000244140625</ele>
        <time>2026-07-18T17:06:37.000Z</time>
        <extensions>
          <ns3:TrackPointExtension>
            <ns3:atemp>34.0</ns3:atemp>
          </ns3:TrackPointExtension>
        </extensions>
      </trkpt>
      <trkpt lat="40.01607134006917476654052734375" lon="-105.241486765444278717041015625">
        <ele>1633.199951171875</ele>
        <time>2026-07-18T17:06:38.000Z</time>
        <extensions>
          <ns3:TrackPointExtension>
            <ns3:atemp>34.0</ns3:atemp>
          </ns3:TrackPointExtension>
        </extensions>
      </trkpt>
      <trkpt lat="40.01611626707017421722412109375" lon="-105.24144954979419708251953125">
        <ele>1633.199951171875</ele>
        <time>2026-07-18T17:06:39.000Z</time>
        <extensions>
          <ns3:TrackPointExtension>
            <ns3:atemp>34.0</ns3:atemp>
          </ns3:TrackPointExtension>
        </extensions>
      </trkpt>
      <trkpt lat="40.016195811331272125244140625" lon="-105.24139263667166233062744140625">
        <ele>1633</ele>
        <time>2026-07-18T17:06:41.000Z</time>
        <extensions>
          <ns3:TrackPointExtension>
            <ns3:atemp>34.0</ns3:atemp>
          </ns3:TrackPointExtension>
        </extensions>
      </trkpt>
      <trkpt lat="40.01623914577066898345947265625" lon="-105.24135542102158069610595703125">
        <ele>1633</ele>
        <time>2026-07-18T17:06:42.000Z</time>
        <extensions>
          <ns3:TrackPointExtension>
            <ns3:atemp>34.0</ns3:atemp>
          </ns3:TrackPointExtension>
        </extensions>
      </trkpt>
      <trkpt lat="40.016348026692867279052734375" lon="-105.24130093865096569061279296875">
        <ele>1633</ele>
        <time>2026-07-18T17:06:45.000Z</time>
        <extensions>
          <ns3:TrackPointExtension>
            <ns3:atemp>34.0</ns3:atemp>
          </ns3:TrackPointExtension>
        </extensions>
      </trkpt>
      <trkpt lat="40.0164672173559665679931640625" lon="-105.2413749508559703826904296875">
        <ele>1633.199951171875</ele>
        <time>2026-07-18T17:06:49.000Z</time>
        <extensions>
          <ns3:TrackPointExtension>
            <ns3:atemp>34.0</ns3:atemp>
          </ns3:TrackPointExtension>
        </extensions>
      </trkpt>
      <trkpt lat="40.01656352542340755462646484375" lon="-105.24146254174411296844482421875">
        <ele>1633.4000244140625</ele>
        <time>2026-07-18T17:06:52.000Z</time>
        <extensions>
          <ns3:TrackPointExtension>
            <ns3:atemp>34.0</ns3:atemp>
          </ns3:TrackPointExtension>
        </extensions>
      </trkpt>
      <trkpt lat="40.01664935611188411712646484375" lon="-105.24154887534677982330322265625">
        <ele>1633.5999755859375</ele>
        <time>2026-07-18T17:06:54.000Z</time>
        <extensions>
          <ns3:TrackPointExtension>
            <ns3:atemp>34.0</ns3:atemp>
          </ns3:TrackPointExtension>
        </extensions>
      </trkpt>
      <trkpt lat="40.01668355427682399749755859375" lon="-105.24158072657883167266845703125">
        <ele>1633.5999755859375</ele>
        <time>2026-07-18T17:06:55.000Z</time>
        <extensions>
          <ns3:TrackPointExtension>
            <ns3:atemp>34.0</ns3:atemp>
          </ns3:TrackPointExtension>
        </extensions>
      </trkpt>
      <trkpt lat="40.01672856509685516357421875" lon="-105.24163235910236835479736328125">
        <ele>1633.5999755859375</ele>
        <time>2026-07-18T17:06:56.000Z</time>
        <extensions>
          <ns3:TrackPointExtension>
            <ns3:atemp>34.0</ns3:atemp>
          </ns3:TrackPointExtension>
        </extensions>
      </trkpt>
      <trkpt lat="40.0168145634233951568603515625" lon="-105.2417283318936824798583984375">
        <ele>1633.5999755859375</ele>
        <time>2026-07-18T17:06:58.000Z</time>
        <extensions>
          <ns3:TrackPointExtension>
            <ns3:atemp>34.0</ns3:atemp>
          </ns3:TrackPointExtension>
        </extensions>
      </trkpt>
      <trkpt lat="40.0169134698808193206787109375" lon="-105.24179228581488132476806640625">
        <ele>1633.5999755859375</ele>
        <time>2026-07-18T17:07:00.000Z</time>
        <extensions>
          <ns3:TrackPointExtension>
            <ns3:atemp>34.0</ns3:atemp>
          </ns3:TrackPointExtension>
        </extensions>
      </trkpt>
      <trkpt lat="40.01705772243440151214599609375" lon="-105.24189437739551067352294921875">
        <ele>1633.4000244140625</ele>
        <time>2026-07-18T17:07:03.000Z</time>
        <extensions>
          <ns3:TrackPointExtension>
            <ns3:atemp>34.0</ns3:atemp>
          </ns3:TrackPointExtension>
        </extensions>
      </trkpt>
      <trkpt lat="40.01717993058264255523681640625" lon="-105.242015831172466278076171875">
        <ele>1633.199951171875</ele>
        <time>2026-07-18T17:07:06.000Z</time>
        <extensions>
          <ns3:TrackPointExtension>
            <ns3:atemp>34.0</ns3:atemp>
          </ns3:TrackPointExtension>
        </extensions>
      </trkpt>
      <trkpt lat="40.01742568798363208770751953125" lon="-105.24220551364123821258544921875">
        <ele>1634.199951171875</ele>
        <time>2026-07-18T17:07:12.000Z</time>
        <extensions>
          <ns3:TrackPointExtension>
            <ns3:atemp>34.0</ns3:atemp>
          </ns3:TrackPointExtension>
        </extensions>
      </trkpt>
      <trkpt lat="40.01762442290782928466796875" lon="-105.2423502691090106964111328125">
        <ele>1634.5999755859375</ele>
        <time>2026-07-18T17:07:17.000Z</time>
        <extensions>
          <ns3:TrackPointExtension>
            <ns3:atemp>34.0</ns3:atemp>
          </ns3:TrackPointExtension>
        </extensions>
      </trkpt>
      <trkpt lat="40.0177027098834514617919921875" lon="-105.242406763136386871337890625">
        <ele>1634.800048828125</ele>
        <time>2026-07-18T17:07:19.000Z</time>
        <extensions>
          <ns3:TrackPointExtension>
            <ns3:atemp>34.0</ns3:atemp>
          </ns3:TrackPointExtension>
        </extensions>
      </trkpt>
      <trkpt lat="40.0177436135709285736083984375" lon="-105.2424371056258678436279296875">
        <ele>1634.800048828125</ele>
        <time>2026-07-18T17:07:20.000Z</time>
        <extensions>
          <ns3:TrackPointExtension>
            <ns3:atemp>34.0</ns3:atemp>
          </ns3:TrackPointExtension>
        </extensions>
      </trkpt>
      <trkpt lat="40.01806355081498622894287109375" lon="-105.24268546141684055328369140625">
        <ele>1635.4000244140625</ele>
        <time>2026-07-18T17:07:28.000Z</time>
        <extensions>
          <ns3:TrackPointExtension>
            <ns3:atemp>34.0</ns3:atemp>
          </ns3:TrackPointExtension>
        </extensions>
      </trkpt>
      <trkpt lat="40.01836479641497135162353515625" lon="-105.24292585439980030059814453125">
        <ele>1635.5999755859375</ele>
        <time>2026-07-18T17:07:36.000Z</time>
        <extensions>
          <ns3:TrackPointExtension>
            <ns3:atemp>34.0</ns3:atemp>
          </ns3:TrackPointExtension>
        </extensions>
      </trkpt>
      <trkpt lat="40.0184872560203075408935546875" lon="-105.2430167980492115020751953125">
        <ele>1636.199951171875</ele>
        <time>2026-07-18T17:07:39.000Z</time>
        <extensions>
          <ns3:TrackPointExtension>
            <ns3:atemp>34.0</ns3:atemp>
          </ns3:TrackPointExtension>
        </extensions>
      </trkpt>
      <trkpt lat="40.01859001815319061279296875" lon="-105.24310019798576831817626953125">
        <ele>1636.4000244140625</ele>
        <time>2026-07-18T17:07:42.000Z</time>
        <extensions>
          <ns3:TrackPointExtension>
            <ns3:atemp>34.0</ns3:atemp>
          </ns3:TrackPointExtension>
        </extensions>
      </trkpt>
      <trkpt lat="40.0187035091221332550048828125" lon="-105.24318116717040538787841796875">
        <ele>1636.800048828125</ele>
        <time>2026-07-18T17:07:45.000Z</time>
        <extensions>
          <ns3:TrackPointExtension>
            <ns3:atemp>34.0</ns3:atemp>
          </ns3:TrackPointExtension>
        </extensions>
      </trkpt>
      <trkpt lat="40.0188124738633632659912109375" lon="-105.2432655729353427886962890625">
        <ele>1637.199951171875</ele>
        <time>2026-07-18T17:07:48.000Z</time>
        <extensions>
          <ns3:TrackPointExtension>
            <ns3:atemp>34.0</ns3:atemp>
          </ns3:TrackPointExtension>
        </extensions>
      </trkpt>
      <trkpt lat="40.01899176277220249176025390625" lon="-105.24339674971997737884521484375">
        <ele>1638</ele>
        <time>2026-07-18T17:07:53.000Z</time>
        <extensions>
          <ns3:TrackPointExtension>
            <ns3:atemp>34.0</ns3:atemp>
          </ns3:TrackPointExtension>
        </extensions>
      </trkpt>
      <trkpt lat="40.0190659426152706146240234375" lon="-105.24344913661479949951171875">
        <ele>1638.4000244140625</ele>
        <time>2026-07-18T17:07:55.000Z</time>
        <extensions>
          <ns3:TrackPointExtension>
            <ns3:atemp>34.0</ns3:atemp>
          </ns3:TrackPointExtension>
        </extensions>
      </trkpt>
      <trkpt lat="40.01931019127368927001953125" lon="-105.24360361509025096893310546875">
        <ele>1639.4000244140625</ele>
        <time>2026-07-18T17:08:02.000Z</time>
        <extensions>
          <ns3:TrackPointExtension>
            <ns3:atemp>34.0</ns3:atemp>
          </ns3:TrackPointExtension>
        </extensions>
      </trkpt>
      <trkpt lat="40.01938587985932826995849609375" lon="-105.24365407414734363555908203125">
        <ele>1639.800048828125</ele>
        <time>2026-07-18T17:08:04.000Z</time>
        <extensions>
          <ns3:TrackPointExtension>
            <ns3:atemp>34.0</ns3:atemp>
          </ns3:TrackPointExtension>
        </extensions>
      </trkpt>
      <trkpt lat="40.019533149898052215576171875" lon="-105.243739821016788482666015625">
        <ele>1640.199951171875</ele>
        <time>2026-07-18T17:08:08.000Z</time>
        <extensions>
          <ns3:TrackPointExtension>
            <ns3:atemp>34.0</ns3:atemp>
          </ns3:TrackPointExtension>
        </extensions>
      </trkpt>
      <trkpt lat="40.0196778215467929840087890625" lon="-105.24382154457271099090576171875">
        <ele>1640.5999755859375</ele>
        <time>2026-07-18T17:08:12.000Z</time>
        <extensions>
          <ns3:TrackPointExtension>
            <ns3:atemp>34.0</ns3:atemp>
          </ns3:TrackPointExtension>
        </extensions>
      </trkpt>
      <trkpt lat="40.0197173841297626495361328125" lon="-105.2438409067690372467041015625">
        <ele>1640.800048828125</ele>
        <time>2026-07-18T17:08:13.000Z</time>
        <extensions>
          <ns3:TrackPointExtension>
            <ns3:atemp>34.0</ns3:atemp>
          </ns3:TrackPointExtension>
        </extensions>
      </trkpt>
      <trkpt lat="40.02008174546062946319580078125" lon="-105.24401835165917873382568359375">
        <ele>1642</ele>
        <time>2026-07-18T17:08:22.000Z</time>
        <extensions>
          <ns3:TrackPointExtension>
            <ns3:atemp>34.0</ns3:atemp>
          </ns3:TrackPointExtension>
        </extensions>
      </trkpt>
      <trkpt lat="40.0201260857284069061279296875" lon="-105.244036205112934112548828125">
        <ele>1642</ele>
        <time>2026-07-18T17:08:23.000Z</time>
        <extensions>
          <ns3:TrackPointExtension>
            <ns3:atemp>34.0</ns3:atemp>
          </ns3:TrackPointExtension>
        </extensions>
      </trkpt>
      <trkpt lat="40.02054668962955474853515625" lon="-105.24422027170658111572265625">
        <ele>1642.4000244140625</ele>
        <time>2026-07-18T17:08:32.000Z</time>
        <extensions>
          <ns3:TrackPointExtension>
            <ns3:atemp>34.0</ns3:atemp>
          </ns3:TrackPointExtension>
        </extensions>
      </trkpt>
      <trkpt lat="40.02095304429531097412109375" lon="-105.24434088729321956634521484375">
        <ele>1642.800048828125</ele>
        <time>2026-07-18T17:08:40.000Z</time>
        <extensions>
          <ns3:TrackPointExtension>
            <ns3:atemp>34.0</ns3:atemp>
          </ns3:TrackPointExtension>
        </extensions>
      </trkpt>
      <trkpt lat="40.0211964547634124755859375" lon="-105.24436888284981250762939453125">
        <ele>1642.800048828125</ele>
        <time>2026-07-18T17:08:44.000Z</time>
        <extensions>
          <ns3:TrackPointExtension>
            <ns3:atemp>34.0</ns3:atemp>
          </ns3:TrackPointExtension>
        </extensions>
      </trkpt>
      <trkpt lat="40.02125470899045467376708984375" lon="-105.24436234496533870697021484375">
        <ele>1642.800048828125</ele>
        <time>2026-07-18T17:08:45.000Z</time>
        <extensions>
          <ns3:TrackPointExtension>
            <ns3:atemp>34.0</ns3:atemp>
          </ns3:TrackPointExtension>
        </extensions>
      </trkpt>
      <trkpt lat="40.02130248583853244781494140625" lon="-105.24435094557702541351318359375">
        <ele>1642.800048828125</ele>
        <time>2026-07-18T17:08:46.000Z</time>
        <extensions>
          <ns3:TrackPointExtension>
            <ns3:atemp>34.0</ns3:atemp>
          </ns3:TrackPointExtension>
        </extensions>
      </trkpt>
      <trkpt lat="40.02136082388460636138916015625" lon="-105.244329907000064849853515625">
        <ele>1642.800048828125</ele>
        <time>2026-07-18T17:08:47.000Z</time>
        <extensions>
          <ns3:TrackPointExtension>
            <ns3:atemp>34.0</ns3:atemp>
          </ns3:TrackPointExtension>
        </extensions>
      </trkpt>
      <trkpt lat="40.0215473212301731109619140625" lon="-105.244231335818767547607421875">
        <ele>1642.800048828125</ele>
        <time>2026-07-18T17:08:50.000Z</time>
        <extensions>
          <ns3:TrackPointExtension>
            <ns3:atemp>35.0</ns3:atemp>
          </ns3:TrackPointExtension>
        </extensions>
      </trkpt>
      <trkpt lat="40.02187748439610004425048828125" lon="-105.2439750172197818756103515625">
        <ele>1642.800048828125</ele>
        <time>2026-07-18T17:08:56.000Z</time>
        <extensions>
          <ns3:TrackPointExtension>
            <ns3:atemp>35.0</ns3:atemp>
          </ns3:TrackPointExtension>
        </extensions>
      </trkpt>
      <trkpt lat="40.022246204316616058349609375" lon="-105.24370989762246608734130859375">
        <ele>1641.199951171875</ele>
        <time>2026-07-18T17:09:02.000Z</time>
        <extensions>
          <ns3:TrackPointExtension>
            <ns3:atemp>35.0</ns3:atemp>
          </ns3:TrackPointExtension>
        </extensions>
      </trkpt>
      <trkpt lat="40.0223194621503353118896484375" lon="-105.2436581812798976898193359375">
        <ele>1641</ele>
        <time>2026-07-18T17:09:03.000Z</time>
        <extensions>
          <ns3:TrackPointExtension>
            <ns3:atemp>35.0</ns3:atemp>
          </ns3:TrackPointExtension>
        </extensions>
      </trkpt>
      <trkpt lat="40.02244477160274982452392578125" lon="-105.24356807582080364227294921875">
        <ele>1639.800048828125</ele>
        <time>2026-07-18T17:09:05.000Z</time>
        <extensions>
          <ns3:TrackPointExtension>
            <ns3:atemp>35.0</ns3:atemp>
          </ns3:TrackPointExtension>
        </extensions>
      </trkpt>
      <trkpt lat="40.02249489538371562957763671875" lon="-105.24352851323783397674560546875">
        <ele>1639</ele>
        <time>2026-07-18T17:09:06.000Z</time>
        <extensions>
          <ns3:TrackPointExtension>
            <ns3:atemp>35.0</ns3:atemp>
          </ns3:TrackPointExtension>
        </extensions>
      </trkpt>
      <trkpt lat="40.022556670010089874267578125" lon="-105.24347922764718532562255859375">
        <ele>1638.5999755859375</ele>
        <time>2026-07-18T17:09:07.000Z</time>
        <extensions>
          <ns3:TrackPointExtension>
            <ns3:atemp>35.0</ns3:atemp>
          </ns3:TrackPointExtension>
        </extensions>
      </trkpt>
      <trkpt lat="40.0226314365863800048828125" lon="-105.2434332109987735748291015625">
        <ele>1638.199951171875</ele>
        <time>2026-07-18T17:09:08.000Z</time>
        <extensions>
          <ns3:TrackPointExtension>
            <ns3:atemp>35.0</ns3:atemp>
          </ns3:TrackPointExtension>
        </extensions>
      </trkpt>
      <trkpt lat="40.02268298529088497161865234375" lon="-105.243409909307956695556640625">
        <ele>1637.800048828125</ele>
        <time>2026-07-18T17:09:09.000Z</time>
        <extensions>
          <ns3:TrackPointExtension>
            <ns3:atemp>35.0</ns3:atemp>
          </ns3:TrackPointExtension>
        </extensions>
      </trkpt>
      <trkpt lat="40.0227352045476436614990234375" lon="-105.24339540861546993255615234375">
        <ele>1637.4000244140625</ele>
        <time>2026-07-18T17:09:11.000Z</time>
        <extensions>
          <ns3:TrackPointExtension>
            <ns3:atemp>35.0</ns3:atemp>
          </ns3:TrackPointExtension>
        </extensions>
      </trkpt>
      <trkpt lat="40.0227502919733524322509765625" lon="-105.243399180471897125244140625">
        <ele>1637.199951171875</ele>
        <time>2026-07-18T17:09:12.000Z</time>
        <extensions>
          <ns3:TrackPointExtension>
            <ns3:atemp>35.0</ns3:atemp>
          </ns3:TrackPointExtension>
        </extensions>
      </trkpt>
      <trkpt lat="40.02275540493428707122802734375" lon="-105.2434094063937664031982421875">
        <ele>1636.5999755859375</ele>
        <time>2026-07-18T17:09:15.000Z</time>
        <extensions>
          <ns3:TrackPointExtension>
            <ns3:atemp>35.0</ns3:atemp>
          </ns3:TrackPointExtension>
        </extensions>
      </trkpt>
      <trkpt lat="40.02275540493428707122802734375" lon="-105.2434094063937664031982421875">
        <ele>1636.4000244140625</ele>
        <time>2026-07-18T17:09:16.000Z</time>
        <extensions>
          <ns3:TrackPointExtension>
            <ns3:atemp>35.0</ns3:atemp>
          </ns3:TrackPointExtension>
        </extensions>
      </trkpt>
      <trkpt lat="40.02278901636600494384765625" lon="-105.24344301782548427581787109375">
        <ele>1635.800048828125</ele>
        <time>2026-07-18T17:09:23.000Z</time>
        <extensions>
          <ns3:TrackPointExtension>
            <ns3:atemp>35.0</ns3:atemp>
          </ns3:TrackPointExtension>
        </extensions>
      </trkpt>
      <trkpt lat="40.0228160060942173004150390625" lon="-105.243458859622478485107421875">
        <ele>1635.5999755859375</ele>
        <time>2026-07-18T17:09:25.000Z</time>
        <extensions>
          <ns3:TrackPointExtension>
            <ns3:atemp>35.0</ns3:atemp>
          </ns3:TrackPointExtension>
        </extensions>
      </trkpt>
      <trkpt lat="40.02284039743244647979736328125" lon="-105.2434645593166351318359375">
        <ele>1635.4000244140625</ele>
        <time>2026-07-18T17:09:29.000Z</time>
        <extensions>
          <ns3:TrackPointExtension>
            <ns3:atemp>35.0</ns3:atemp>
          </ns3:TrackPointExtension>
        </extensions>
      </trkpt>
      <trkpt lat="40.0228984840214252471923828125" lon="-105.24345718324184417724609375">
        <ele>1636</ele>
        <time>2026-07-18T17:10:09.000Z</time>
        <extensions>
          <ns3:TrackPointExtension>
            <ns3:atemp>35.0</ns3:atemp>
          </ns3:TrackPointExtension>
        </extensions>
      </trkpt>
      <trkpt lat="40.02302731387317180633544921875" lon="-105.2434600330889225006103515625">
        <ele>1636</ele>
        <time>2026-07-18T17:10:13.000Z</time>
        <extensions>
          <ns3:TrackPointExtension>
            <ns3:atemp>35.0</ns3:atemp>
          </ns3:TrackPointExtension>
        </extensions>
      </trkpt>
      <trkpt lat="40.02309956587851047515869140625" lon="-105.243437401950359344482421875">
        <ele>1636</ele>
        <time>2026-07-18T17:10:15.000Z</time>
        <extensions>
          <ns3:TrackPointExtension>
            <ns3:atemp>35.0</ns3:atemp>
          </ns3:TrackPointExtension>
        </extensions>
      </trkpt>
      <trkpt lat="40.023145414888858795166015625" lon="-105.24342365562915802001953125">
        <ele>1636</ele>
        <time>2026-07-18T17:10:16.000Z</time>
        <extensions>
          <ns3:TrackPointExtension>
            <ns3:atemp>35.0</ns3:atemp>
          </ns3:TrackPointExtension>
        </extensions>
      </trkpt>
      <trkpt lat="40.023226551711559295654296875" lon="-105.243440754711627960205078125">
        <ele>1635.800048828125</ele>
        <time>2026-07-18T17:10:18.000Z</time>
        <extensions>
          <ns3:TrackPointExtension>
            <ns3:atemp>35.0</ns3:atemp>
          </ns3:TrackPointExtension>
        </extensions>
      </trkpt>
      <trkpt lat="40.0232619233429431915283203125" lon="-105.2434546686708927154541015625">
        <ele>1635.800048828125</ele>
        <time>2026-07-18T17:10:19.000Z</time>
        <extensions>
          <ns3:TrackPointExtension>
            <ns3:atemp>35.0</ns3:atemp>
          </ns3:TrackPointExtension>
        </extensions>
      </trkpt>
      <trkpt lat="40.02340634353458881378173828125" lon="-105.2435047924518585205078125">
        <ele>1635.4000244140625</ele>
        <time>2026-07-18T17:10:22.000Z</time>
        <extensions>
          <ns3:TrackPointExtension>
            <ns3:atemp>35.0</ns3:atemp>
          </ns3:TrackPointExtension>
        </extensions>
      </trkpt>
      <trkpt lat="40.02349443733692169189453125" lon="-105.24354678578674793243408203125">
        <ele>1635.4000244140625</ele>
        <time>2026-07-18T17:10:24.000Z</time>
        <extensions>
          <ns3:TrackPointExtension>
            <ns3:atemp>35.0</ns3:atemp>
          </ns3:TrackPointExtension>
        </extensions>
      </trkpt>
      <trkpt lat="40.02360365353524684906005859375" lon="-105.24360747076570987701416015625">
        <ele>1635.199951171875</ele>
        <time>2026-07-18T17:10:26.000Z</time>
        <extensions>
          <ns3:TrackPointExtension>
            <ns3:atemp>35.0</ns3:atemp>
          </ns3:TrackPointExtension>
        </extensions>
      </trkpt>
      <trkpt lat="40.02373038791120052337646484375" lon="-105.24372632615268230438232421875">
        <ele>1635.199951171875</ele>
        <time>2026-07-18T17:10:29.000Z</time>
        <extensions>
          <ns3:TrackPointExtension>
            <ns3:atemp>35.0</ns3:atemp>
          </ns3:TrackPointExtension>
        </extensions>
      </trkpt>
      <trkpt lat="40.02394504845142364501953125" lon="-105.243970490992069244384765625">
        <ele>1635.199951171875</ele>
        <time>2026-07-18T17:10:34.000Z</time>
        <extensions>
          <ns3:TrackPointExtension>
            <ns3:atemp>35.0</ns3:atemp>
          </ns3:TrackPointExtension>
        </extensions>
      </trkpt>
      <trkpt lat="40.02399064600467681884765625" lon="-105.244010724127292633056640625">
        <ele>1635.199951171875</ele>
        <time>2026-07-18T17:10:35.000Z</time>
        <extensions>
          <ns3:TrackPointExtension>
            <ns3:atemp>35.0</ns3:atemp>
          </ns3:TrackPointExtension>
        </extensions>
      </trkpt>
      <trkpt lat="40.0242939032614231109619140625" lon="-105.2442705631256103515625">
        <ele>1635.5999755859375</ele>
        <time>2026-07-18T17:10:42.000Z</time>
        <extensions>
          <ns3:TrackPointExtension>
            <ns3:atemp>35.0</ns3:atemp>
          </ns3:TrackPointExtension>
        </extensions>
      </trkpt>
      <trkpt lat="40.0244085676968097686767578125" lon="-105.2443213574588298797607421875">
        <ele>1635.5999755859375</ele>
        <time>2026-07-18T17:10:44.000Z</time>
        <extensions>
          <ns3:TrackPointExtension>
            <ns3:atemp>35.0</ns3:atemp>
          </ns3:TrackPointExtension>
        </extensions>
      </trkpt>
      <trkpt lat="40.024562291800975799560546875" lon="-105.24434139020740985870361328125">
        <ele>1635.800048828125</ele>
        <time>2026-07-18T17:10:47.000Z</time>
        <extensions>
          <ns3:TrackPointExtension>
            <ns3:atemp>35.0</ns3:atemp>
          </ns3:TrackPointExtension>
        </extensions>
      </trkpt>
      <trkpt lat="40.02479841001331806182861328125" lon="-105.24435932748019695281982421875">
        <ele>1635.800048828125</ele>
        <time>2026-07-18T17:10:51.000Z</time>
        <extensions>
          <ns3:TrackPointExtension>
            <ns3:atemp>35.0</ns3:atemp>
          </ns3:TrackPointExtension>
        </extensions>
      </trkpt>
      <trkpt lat="40.02496286295354366302490234375" lon="-105.244391597807407379150390625">
        <ele>1635.800048828125</ele>
        <time>2026-07-18T17:10:54.000Z</time>
        <extensions>
          <ns3:TrackPointExtension>
            <ns3:atemp>35.0</ns3:atemp>
          </ns3:TrackPointExtension>
        </extensions>
      </trkpt>
      <trkpt lat="40.0250573270022869110107421875" lon="-105.2444113790988922119140625">
        <ele>1635.800048828125</ele>
        <time>2026-07-18T17:10:56.000Z</time>
        <extensions>
          <ns3:TrackPointExtension>
            <ns3:atemp>35.0</ns3:atemp>
          </ns3:TrackPointExtension>
        </extensions>
      </trkpt>
      <trkpt lat="40.02516620792448520660400390625" lon="-105.244434177875518798828125">
        <ele>1635.800048828125</ele>
        <time>2026-07-18T17:10:58.000Z</time>
        <extensions>
          <ns3:TrackPointExtension>
            <ns3:atemp>35.0</ns3:atemp>
          </ns3:TrackPointExtension>
        </extensions>
      </trkpt>
      <trkpt lat="40.0252169184386730194091796875" lon="-105.24443392641842365264892578125">
        <ele>1635.800048828125</ele>
        <time>2026-07-18T17:10:59.000Z</time>
        <extensions>
          <ns3:TrackPointExtension>
            <ns3:atemp>35.0</ns3:atemp>
          </ns3:TrackPointExtension>
        </extensions>
      </trkpt>
      <trkpt lat="40.02526360563933849334716796875" lon="-105.24441464804112911224365234375">
        <ele>1635.800048828125</ele>
        <time>2026-07-18T17:11:00.000Z</time>
        <extensions>
          <ns3:TrackPointExtension>
            <ns3:atemp>35.0</ns3:atemp>
          </ns3:TrackPointExtension>
        </extensions>
      </trkpt>
      <trkpt lat="40.02534172497689723968505859375" lon="-105.24434809572994709014892578125">
        <ele>1635.800048828125</ele>
        <time>2026-07-18T17:11:02.000Z</time>
        <extensions>
          <ns3:TrackPointExtension>
            <ns3:atemp>35.0</ns3:atemp>
          </ns3:TrackPointExtension>
        </extensions>
      </trkpt>
      <trkpt lat="40.025424621999263763427734375" lon="-105.2443196810781955718994140625">
        <ele>1635.5999755859375</ele>
        <time>2026-07-18T17:11:04.000Z</time>
        <extensions>
          <ns3:TrackPointExtension>
            <ns3:atemp>35.0</ns3:atemp>
          </ns3:TrackPointExtension>
        </extensions>
      </trkpt>
      <trkpt lat="40.02545823343098163604736328125" lon="-105.24432730861008167266845703125">
        <ele>1635.5999755859375</ele>
        <time>2026-07-18T17:11:05.000Z</time>
        <extensions>
          <ns3:TrackPointExtension>
            <ns3:atemp>35.0</ns3:atemp>
          </ns3:TrackPointExtension>
        </extensions>
      </trkpt>
      <trkpt lat="40.0255052559077739715576171875" lon="-105.24435329250991344451904296875">
        <ele>1635.5999755859375</ele>
        <time>2026-07-18T17:11:06.000Z</time>
        <extensions>
          <ns3:TrackPointExtension>
            <ns3:atemp>35.0</ns3:atemp>
          </ns3:TrackPointExtension>
        </extensions>
      </trkpt>
      <trkpt lat="40.02555797807872295379638671875" lon="-105.2444635145366191864013671875">
        <ele>1635.800048828125</ele>
        <time>2026-07-18T17:11:08.000Z</time>
        <extensions>
          <ns3:TrackPointExtension>
            <ns3:atemp>35.0</ns3:atemp>
          </ns3:TrackPointExtension>
        </extensions>
      </trkpt>
      <trkpt lat="40.02555278129875659942626953125" lon="-105.24460525251924991607666015625">
        <ele>1635.5999755859375</ele>
        <time>2026-07-18T17:11:10.000Z</time>
        <extensions>
          <ns3:TrackPointExtension>
            <ns3:atemp>35.0</ns3:atemp>
          </ns3:TrackPointExtension>
        </extensions>
      </trkpt>
      <trkpt lat="40.02554372884333133697509765625" lon="-105.24470985867083072662353515625">
        <ele>1635.5999755859375</ele>
        <time>2026-07-18T17:11:11.000Z</time>
        <extensions>
          <ns3:TrackPointExtension>
            <ns3:atemp>35.0</ns3:atemp>
          </ns3:TrackPointExtension>
        </extensions>
      </trkpt>
      <trkpt lat="40.02565763890743255615234375" lon="-105.24515225552022457122802734375">
        <ele>1635</ele>
        <time>2026-07-18T17:11:17.000Z</time>
        <extensions>
          <ns3:TrackPointExtension>
            <ns3:atemp>35.0</ns3:atemp>
          </ns3:TrackPointExtension>
        </extensions>
      </trkpt>
      <trkpt lat="40.0256990455090999603271484375" lon="-105.24513398297131061553955078125">
        <ele>1635</ele>
        <time>2026-07-18T17:11:18.000Z</time>
        <extensions>
          <ns3:TrackPointExtension>
            <ns3:atemp>35.0</ns3:atemp>
          </ns3:TrackPointExtension>
        </extensions>
      </trkpt>
      <trkpt lat="40.02574590034782886505126953125" lon="-105.24513599462807178497314453125">
        <ele>1635</ele>
        <time>2026-07-18T17:11:19.000Z</time>
        <extensions>
          <ns3:TrackPointExtension>
            <ns3:atemp>35.0</ns3:atemp>
          </ns3:TrackPointExtension>
        </extensions>
      </trkpt>
      <trkpt lat="40.02589845098555088043212890625" lon="-105.24513817392289638519287109375">
        <ele>1635</ele>
        <time>2026-07-18T17:11:22.000Z</time>
        <extensions>
          <ns3:TrackPointExtension>
            <ns3:atemp>35.0</ns3:atemp>
          </ns3:TrackPointExtension>
        </extensions>
      </trkpt>
      <trkpt lat="40.02594723366200923919677734375" lon="-105.24514789693057537078857421875">
        <ele>1635.199951171875</ele>
        <time>2026-07-18T17:11:23.000Z</time>
        <extensions>
          <ns3:TrackPointExtension>
            <ns3:atemp>35.0</ns3:atemp>
          </ns3:TrackPointExtension>
        </extensions>
      </trkpt>
      <trkpt lat="40.02599601633846759796142578125" lon="-105.245182514190673828125">
        <ele>1635.199951171875</ele>
        <time>2026-07-18T17:11:24.000Z</time>
        <extensions>
          <ns3:TrackPointExtension>
            <ns3:atemp>35.0</ns3:atemp>
          </ns3:TrackPointExtension>
        </extensions>
      </trkpt>
      <trkpt lat="40.0260671786963939666748046875" lon="-105.24523557163774967193603515625">
        <ele>1636</ele>
        <time>2026-07-18T17:11:26.000Z</time>
        <extensions>
          <ns3:TrackPointExtension>
            <ns3:atemp>35.0</ns3:atemp>
          </ns3:TrackPointExtension>
        </extensions>
      </trkpt>
      <trkpt lat="40.0261054001748561859130859375" lon="-105.245251916348934173583984375">
        <ele>1636.4000244140625</ele>
        <time>2026-07-18T17:11:27.000Z</time>
        <extensions>
          <ns3:TrackPointExtension>
            <ns3:atemp>35.0</ns3:atemp>
          </ns3:TrackPointExtension>
        </extensions>
      </trkpt>
      <trkpt lat="40.026136748492717742919921875" lon="-105.2452597953379154205322265625">
        <ele>1636.5999755859375</ele>
        <time>2026-07-18T17:11:28.000Z</time>
        <extensions>
          <ns3:TrackPointExtension>
            <ns3:atemp>35.0</ns3:atemp>
          </ns3:TrackPointExtension>
        </extensions>
      </trkpt>
      <trkpt lat="40.02623640932142734527587890625" lon="-105.2452738769352436065673828125">
        <ele>1637</ele>
        <time>2026-07-18T17:11:30.000Z</time>
        <extensions>
          <ns3:TrackPointExtension>
            <ns3:atemp>35.0</ns3:atemp>
          </ns3:TrackPointExtension>
        </extensions>
      </trkpt>
      <trkpt lat="40.02628636546432971954345703125" lon="-105.24527161382138729095458984375">
        <ele>1637</ele>
        <time>2026-07-18T17:11:31.000Z</time>
        <extensions>
          <ns3:TrackPointExtension>
            <ns3:atemp>35.0</ns3:atemp>
          </ns3:TrackPointExtension>
        </extensions>
      </trkpt>
      <trkpt lat="40.0266445241868495941162109375" lon="-105.24525417946279048919677734375">
        <ele>1637.4000244140625</ele>
        <time>2026-07-18T17:11:38.000Z</time>
        <extensions>
          <ns3:TrackPointExtension>
            <ns3:atemp>35.0</ns3:atemp>
          </ns3:TrackPointExtension>
        </extensions>
      </trkpt>
      <trkpt lat="40.026750303804874420166015625" lon="-105.24523506872355937957763671875">
        <ele>1637.199951171875</ele>
        <time>2026-07-18T17:11:40.000Z</time>
        <extensions>
          <ns3:TrackPointExtension>
            <ns3:atemp>35.0</ns3:atemp>
          </ns3:TrackPointExtension>
        </extensions>
      </trkpt>
      <trkpt lat="40.02697485499083995819091796875" lon="-105.2452349849045276641845703125">
        <ele>1637.199951171875</ele>
        <time>2026-07-18T17:11:44.000Z</time>
        <extensions>
          <ns3:TrackPointExtension>
            <ns3:atemp>35.0</ns3:atemp>
          </ns3:TrackPointExtension>
        </extensions>
      </trkpt>
      <trkpt lat="40.027528814971446990966796875" lon="-105.24522115476429462432861328125">
        <ele>1637</ele>
        <time>2026-07-18T17:11:54.000Z</time>
        <extensions>
          <ns3:TrackPointExtension>
            <ns3:atemp>35.0</ns3:atemp>
          </ns3:TrackPointExtension>
        </extensions>
      </trkpt>
      <trkpt lat="40.0275708921253681182861328125" lon="-105.24522031657397747039794921875">
        <ele>1637</ele>
        <time>2026-07-18T17:11:55.000Z</time>
        <extensions>
          <ns3:TrackPointExtension>
            <ns3:atemp>35.0</ns3:atemp>
          </ns3:TrackPointExtension>
        </extensions>
      </trkpt>
      <trkpt lat="40.028090737760066986083984375" lon="-105.2452296204864978790283203125">
        <ele>1637.4000244140625</ele>
        <time>2026-07-18T17:12:04.000Z</time>
        <extensions>
          <ns3:TrackPointExtension>
            <ns3:atemp>35.0</ns3:atemp>
          </ns3:TrackPointExtension>
        </extensions>
      </trkpt>
      <trkpt lat="40.02826474606990814208984375" lon="-105.24523817002773284912109375">
        <ele>1637.5999755859375</ele>
        <time>2026-07-18T17:12:07.000Z</time>
        <extensions>
          <ns3:TrackPointExtension>
            <ns3:atemp>35.0</ns3:atemp>
          </ns3:TrackPointExtension>
        </extensions>
      </trkpt>
      <trkpt lat="40.0284402631223201751708984375" lon="-105.2452353201806545257568359375">
        <ele>1637.5999755859375</ele>
        <time>2026-07-18T17:12:10.000Z</time>
        <extensions>
          <ns3:TrackPointExtension>
            <ns3:atemp>35.0</ns3:atemp>
          </ns3:TrackPointExtension>
        </extensions>
      </trkpt>
      <trkpt lat="40.02865559421479701995849609375" lon="-105.24521763436496257781982421875">
        <ele>1637.800048828125</ele>
        <time>2026-07-18T17:12:14.000Z</time>
        <extensions>
          <ns3:TrackPointExtension>
            <ns3:atemp>35.0</ns3:atemp>
          </ns3:TrackPointExtension>
        </extensions>
      </trkpt>
      <trkpt lat="40.02870320342481136322021484375" lon="-105.2452118508517742156982421875">
        <ele>1637.800048828125</ele>
        <time>2026-07-18T17:12:15.000Z</time>
        <extensions>
          <ns3:TrackPointExtension>
            <ns3:atemp>35.0</ns3:atemp>
          </ns3:TrackPointExtension>
        </extensions>
      </trkpt>
      <trkpt lat="40.02875081263482570648193359375" lon="-105.2452071569859981536865234375">
        <ele>1638</ele>
        <time>2026-07-18T17:12:16.000Z</time>
        <extensions>
          <ns3:TrackPointExtension>
            <ns3:atemp>35.0</ns3:atemp>
          </ns3:TrackPointExtension>
        </extensions>
      </trkpt>
      <trkpt lat="40.02879582345485687255859375" lon="-105.24520539678633213043212890625">
        <ele>1638</ele>
        <time>2026-07-18T17:12:17.000Z</time>
        <extensions>
          <ns3:TrackPointExtension>
            <ns3:atemp>35.0</ns3:atemp>
          </ns3:TrackPointExtension>
        </extensions>
      </trkpt>
      <trkpt lat="40.028970502316951751708984375" lon="-105.24518930353224277496337890625">
        <ele>1638.4000244140625</ele>
        <time>2026-07-18T17:12:21.000Z</time>
        <extensions>
          <ns3:TrackPointExtension>
            <ns3:atemp>35.0</ns3:atemp>
          </ns3:TrackPointExtension>
        </extensions>
      </trkpt>
      <trkpt lat="40.029039569199085235595703125" lon="-105.2451692707836627960205078125">
        <ele>1638.5999755859375</ele>
        <time>2026-07-18T17:12:23.000Z</time>
        <extensions>
          <ns3:TrackPointExtension>
            <ns3:atemp>35.0</ns3:atemp>
          </ns3:TrackPointExtension>
        </extensions>
      </trkpt>
      <trkpt lat="40.0290601886808872222900390625" lon="-105.24514990858733654022216796875">
        <ele>1638.800048828125</ele>
        <time>2026-07-18T17:12:24.000Z</time>
        <extensions>
          <ns3:TrackPointExtension>
            <ns3:atemp>35.0</ns3:atemp>
          </ns3:TrackPointExtension>
        </extensions>
      </trkpt>
      <trkpt lat="40.0290685705840587615966796875" lon="-105.24513565935194492340087890625">
        <ele>1639</ele>
        <time>2026-07-18T17:12:25.000Z</time>
        <extensions>
          <ns3:TrackPointExtension>
            <ns3:atemp>35.0</ns3:atemp>
          </ns3:TrackPointExtension>
        </extensions>
      </trkpt>
      <trkpt lat="40.02907611429691314697265625" lon="-105.245127193629741668701171875">
        <ele>1639.4000244140625</ele>
        <time>2026-07-18T17:12:29.000Z</time>
        <extensions>
          <ns3:TrackPointExtension>
            <ns3:atemp>35.0</ns3:atemp>
          </ns3:TrackPointExtension>
        </extensions>
      </trkpt>
      <trkpt lat="40.02907611429691314697265625" lon="-105.245127193629741668701171875">
        <ele>1639.800048828125</ele>
        <time>2026-07-18T17:12:50.000Z</time>
        <extensions>
          <ns3:TrackPointExtension>
            <ns3:atemp>35.0</ns3:atemp>
          </ns3:TrackPointExtension>
        </extensions>
      </trkpt>
      <trkpt lat="40.029077790677547454833984375" lon="-105.245125852525234222412109375">
        <ele>1639.5999755859375</ele>
        <time>2026-07-18T17:12:57.000Z</time>
        <extensions>
          <ns3:TrackPointExtension>
            <ns3:atemp>35.0</ns3:atemp>
          </ns3:TrackPointExtension>
        </extensions>
      </trkpt>
      <trkpt lat="40.029112659394741058349609375" lon="-105.2450926601886749267578125">
        <ele>1639.5999755859375</ele>
        <time>2026-07-18T17:12:59.000Z</time>
        <extensions>
          <ns3:TrackPointExtension>
            <ns3:atemp>35.0</ns3:atemp>
          </ns3:TrackPointExtension>
        </extensions>
      </trkpt>
      <trkpt lat="40.02914979122579097747802734375" lon="-105.24504027329385280609130859375">
        <ele>1639.5999755859375</ele>
        <time>2026-07-18T17:13:04.000Z</time>
        <extensions>
          <ns3:TrackPointExtension>
            <ns3:atemp>35.0</ns3:atemp>
          </ns3:TrackPointExtension>
        </extensions>
      </trkpt>
      <trkpt lat="40.02915314398705959320068359375" lon="-105.24503759108483791351318359375">
        <ele>1639.800048828125</ele>
        <time>2026-07-18T17:13:15.000Z</time>
        <extensions>
          <ns3:TrackPointExtension>
            <ns3:atemp>35.0</ns3:atemp>
          </ns3:TrackPointExtension>
        </extensions>
      </trkpt>
      <trkpt lat="40.02915314398705959320068359375" lon="-105.24503759108483791351318359375">
        <ele>1639.5999755859375</ele>
        <time>2026-07-18T17:13:27.000Z</time>
        <extensions>
          <ns3:TrackPointExtension>
            <ns3:atemp>35.0</ns3:atemp>
          </ns3:TrackPointExtension>
        </extensions>
      </trkpt>
      <trkpt lat="40.02915398217737674713134765625" lon="-105.24503725580871105194091796875">
        <ele>1639.5999755859375</ele>
        <time>2026-07-18T17:13:36.000Z</time>
        <extensions>
          <ns3:TrackPointExtension>
            <ns3:atemp>35.0</ns3:atemp>
          </ns3:TrackPointExtension>
        </extensions>
      </trkpt>
      <trkpt lat="40.02923746593296527862548828125" lon="-105.24503407068550586700439453125">
        <ele>1639.5999755859375</ele>
        <time>2026-07-18T17:13:39.000Z</time>
        <extensions>
          <ns3:TrackPointExtension>
            <ns3:atemp>36.0</ns3:atemp>
          </ns3:TrackPointExtension>
        </extensions>
      </trkpt>
      <trkpt lat="40.02926898188889026641845703125" lon="-105.245045386254787445068359375">
        <ele>1639.5999755859375</ele>
        <time>2026-07-18T17:13:40.000Z</time>
        <extensions>
          <ns3:TrackPointExtension>
            <ns3:atemp>36.0</ns3:atemp>
          </ns3:TrackPointExtension>
        </extensions>
      </trkpt>
      <trkpt lat="40.0293461792171001434326171875" lon="-105.24511856026947498321533203125">
        <ele>1639.5999755859375</ele>
        <time>2026-07-18T17:13:42.000Z</time>
        <extensions>
          <ns3:TrackPointExtension>
            <ns3:atemp>36.0</ns3:atemp>
          </ns3:TrackPointExtension>
        </extensions>
      </trkpt>
      <trkpt lat="40.0293666310608386993408203125" lon="-105.24523012340068817138671875">
        <ele>1639.5999755859375</ele>
        <time>2026-07-18T17:13:44.000Z</time>
        <extensions>
          <ns3:TrackPointExtension>
            <ns3:atemp>36.0</ns3:atemp>
          </ns3:TrackPointExtension>
        </extensions>
      </trkpt>
      <trkpt lat="40.02936772070825099945068359375" lon="-105.2452939935028553009033203125">
        <ele>1639.5999755859375</ele>
        <time>2026-07-18T17:13:45.000Z</time>
        <extensions>
          <ns3:TrackPointExtension>
            <ns3:atemp>36.0</ns3:atemp>
          </ns3:TrackPointExtension>
        </extensions>
      </trkpt>
      <trkpt lat="40.02935062162578105926513671875" lon="-105.24573312141001224517822265625">
        <ele>1639.5999755859375</ele>
        <time>2026-07-18T17:13:51.000Z</time>
        <extensions>
          <ns3:TrackPointExtension>
            <ns3:atemp>36.0</ns3:atemp>
          </ns3:TrackPointExtension>
        </extensions>
      </trkpt>
      <trkpt lat="40.02934710122644901275634765625" lon="-105.2463023364543914794921875">
        <ele>1639.199951171875</ele>
        <time>2026-07-18T17:13:58.000Z</time>
        <extensions>
          <ns3:TrackPointExtension>
            <ns3:atemp>36.0</ns3:atemp>
          </ns3:TrackPointExtension>
        </extensions>
      </trkpt>
      <trkpt lat="40.0293337740004062652587890625" lon="-105.24696844629943370819091796875">
        <ele>1639.5999755859375</ele>
        <time>2026-07-18T17:14:06.000Z</time>
        <extensions>
          <ns3:TrackPointExtension>
            <ns3:atemp>36.0</ns3:atemp>
          </ns3:TrackPointExtension>
        </extensions>
      </trkpt>
      <trkpt lat="40.02933519892394542694091796875" lon="-105.24753749370574951171875">
        <ele>1640.5999755859375</ele>
        <time>2026-07-18T17:14:13.000Z</time>
        <extensions>
          <ns3:TrackPointExtension>
            <ns3:atemp>36.0</ns3:atemp>
          </ns3:TrackPointExtension>
        </extensions>
      </trkpt>
      <trkpt lat="40.02934022806584835052490234375" lon="-105.247635729610919952392578125">
        <ele>1640.5999755859375</ele>
        <time>2026-07-18T17:14:14.000Z</time>
        <extensions>
          <ns3:TrackPointExtension>
            <ns3:atemp>36.0</ns3:atemp>
          </ns3:TrackPointExtension>
        </extensions>
      </trkpt>
      <trkpt lat="40.02932195551693439483642578125" lon="-105.24802842177450656890869140625">
        <ele>1640.800048828125</ele>
        <time>2026-07-18T17:14:19.000Z</time>
        <extensions>
          <ns3:TrackPointExtension>
            <ns3:atemp>36.0</ns3:atemp>
          </ns3:TrackPointExtension>
        </extensions>
      </trkpt>
      <trkpt lat="40.02931139431893825531005859375" lon="-105.24810603819787502288818359375">
        <ele>1640.800048828125</ele>
        <time>2026-07-18T17:14:20.000Z</time>
        <extensions>
          <ns3:TrackPointExtension>
            <ns3:atemp>36.0</ns3:atemp>
          </ns3:TrackPointExtension>
        </extensions>
      </trkpt>
      <trkpt lat="40.029279291629791259765625" lon="-105.2483490295708179473876953125">
        <ele>1640.800048828125</ele>
        <time>2026-07-18T17:14:23.000Z</time>
        <extensions>
          <ns3:TrackPointExtension>
            <ns3:atemp>36.0</ns3:atemp>
          </ns3:TrackPointExtension>
        </extensions>
      </trkpt>
      <trkpt lat="40.02928038127720355987548828125" lon="-105.24851088412106037139892578125">
        <ele>1641</ele>
        <time>2026-07-18T17:14:25.000Z</time>
        <extensions>
          <ns3:TrackPointExtension>
            <ns3:atemp>36.0</ns3:atemp>
          </ns3:TrackPointExtension>
        </extensions>
      </trkpt>
      <trkpt lat="40.02927753143012523651123046875" lon="-105.24857676587998867034912109375">
        <ele>1641</ele>
        <time>2026-07-18T17:14:26.000Z</time>
        <extensions>
          <ns3:TrackPointExtension>
            <ns3:atemp>36.0</ns3:atemp>
          </ns3:TrackPointExtension>
        </extensions>
      </trkpt>
      <trkpt lat="40.0292466022074222564697265625" lon="-105.24898345582187175750732421875">
        <ele>1641.5999755859375</ele>
        <time>2026-07-18T17:14:31.000Z</time>
        <extensions>
          <ns3:TrackPointExtension>
            <ns3:atemp>36.0</ns3:atemp>
          </ns3:TrackPointExtension>
        </extensions>
      </trkpt>
      <trkpt lat="40.0292459316551685333251953125" lon="-105.2490970306098461151123046875">
        <ele>1641.800048828125</ele>
        <time>2026-07-18T17:14:33.000Z</time>
        <extensions>
          <ns3:TrackPointExtension>
            <ns3:atemp>36.0</ns3:atemp>
          </ns3:TrackPointExtension>
        </extensions>
      </trkpt>
      <trkpt lat="40.02924366854131221771240234375" lon="-105.24916651658713817596435546875">
        <ele>1641.800048828125</ele>
        <time>2026-07-18T17:14:35.000Z</time>
        <extensions>
          <ns3:TrackPointExtension>
            <ns3:atemp>36.0</ns3:atemp>
          </ns3:TrackPointExtension>
        </extensions>
      </trkpt>
      <trkpt lat="40.02923947758972644805908203125" lon="-105.24921881966292858123779296875">
        <ele>1641.800048828125</ele>
        <time>2026-07-18T17:14:38.000Z</time>
        <extensions>
          <ns3:TrackPointExtension>
            <ns3:atemp>36.0</ns3:atemp>
          </ns3:TrackPointExtension>
        </extensions>
      </trkpt>
      <trkpt lat="40.02923947758972644805908203125" lon="-105.24921881966292858123779296875">
        <ele>1641.800048828125</ele>
        <time>2026-07-18T17:14:39.000Z</time>
        <extensions>
          <ns3:TrackPointExtension>
            <ns3:atemp>36.0</ns3:atemp>
          </ns3:TrackPointExtension>
        </extensions>
      </trkpt>
      <trkpt lat="40.02923947758972644805908203125" lon="-105.24921881966292858123779296875">
        <ele>1641.4000244140625</ele>
        <time>2026-07-18T17:14:53.000Z</time>
        <extensions>
          <ns3:TrackPointExtension>
            <ns3:atemp>36.0</ns3:atemp>
          </ns3:TrackPointExtension>
        </extensions>
      </trkpt>
      <trkpt lat="40.02921198494732379913330078125" lon="-105.249272547662258148193359375">
        <ele>1641.199951171875</ele>
        <time>2026-07-18T17:15:06.000Z</time>
        <extensions>
          <ns3:TrackPointExtension>
            <ns3:atemp>36.0</ns3:atemp>
          </ns3:TrackPointExtension>
        </extensions>
      </trkpt>
      <trkpt lat="40.0291872583329677581787109375" lon="-105.24930800311267375946044921875">
        <ele>1641.199951171875</ele>
        <time>2026-07-18T17:15:07.000Z</time>
        <extensions>
          <ns3:TrackPointExtension>
            <ns3:atemp>36.0</ns3:atemp>
          </ns3:TrackPointExtension>
        </extensions>
      </trkpt>
      <trkpt lat="40.0291487015783786773681640625" lon="-105.24934287182986736297607421875">
        <ele>1641</ele>
        <time>2026-07-18T17:15:08.000Z</time>
        <extensions>
          <ns3:TrackPointExtension>
            <ns3:atemp>36.0</ns3:atemp>
          </ns3:TrackPointExtension>
        </extensions>
      </trkpt>
      <trkpt lat="40.0290578417479991912841796875" lon="-105.24938779883086681365966796875">
        <ele>1640.800048828125</ele>
        <time>2026-07-18T17:15:10.000Z</time>
        <extensions>
          <ns3:TrackPointExtension>
            <ns3:atemp>36.0</ns3:atemp>
          </ns3:TrackPointExtension>
        </extensions>
      </trkpt>
      <trkpt lat="40.02901685424149036407470703125" lon="-105.24939735420048236846923828125">
        <ele>1640.800048828125</ele>
        <time>2026-07-18T17:15:11.000Z</time>
        <extensions>
          <ns3:TrackPointExtension>
            <ns3:atemp>36.0</ns3:atemp>
          </ns3:TrackPointExtension>
        </extensions>
      </trkpt>
      <trkpt lat="40.02880630083382129669189453125" lon="-105.2493976056575775146484375">
        <ele>1641</ele>
        <time>2026-07-18T17:15:15.000Z</time>
        <extensions>
          <ns3:TrackPointExtension>
            <ns3:atemp>36.0</ns3:atemp>
          </ns3:TrackPointExtension>
        </extensions>
      </trkpt>
      <trkpt lat="40.0286648981273174285888671875" lon="-105.24940439499914646148681640625">
        <ele>1641.199951171875</ele>
        <time>2026-07-18T17:15:18.000Z</time>
        <extensions>
          <ns3:TrackPointExtension>
            <ns3:atemp>36.0</ns3:atemp>
          </ns3:TrackPointExtension>
        </extensions>
      </trkpt>
      <trkpt lat="40.028537996113300323486328125" lon="-105.24940766394138336181640625">
        <ele>1641.4000244140625</ele>
        <time>2026-07-18T17:15:21.000Z</time>
        <extensions>
          <ns3:TrackPointExtension>
            <ns3:atemp>36.0</ns3:atemp>
          </ns3:TrackPointExtension>
        </extensions>
      </trkpt>
      <trkpt lat="40.02849809825420379638671875" lon="-105.24944194592535495758056640625">
        <ele>1641.4000244140625</ele>
        <time>2026-07-18T17:15:23.000Z</time>
        <extensions>
          <ns3:TrackPointExtension>
            <ns3:atemp>36.0</ns3:atemp>
          </ns3:TrackPointExtension>
        </extensions>
      </trkpt>
      <trkpt lat="40.028493404388427734375" lon="-105.249474383890628814697265625">
        <ele>1641.5999755859375</ele>
        <time>2026-07-18T17:15:24.000Z</time>
        <extensions>
          <ns3:TrackPointExtension>
            <ns3:atemp>36.0</ns3:atemp>
          </ns3:TrackPointExtension>
        </extensions>
      </trkpt>
      <trkpt lat="40.02847420983016490936279296875" lon="-105.2496468834578990936279296875">
        <ele>1641.800048828125</ele>
        <time>2026-07-18T17:15:27.000Z</time>
        <extensions>
          <ns3:TrackPointExtension>
            <ns3:atemp>36.0</ns3:atemp>
          </ns3:TrackPointExtension>
        </extensions>
      </trkpt>
      <trkpt lat="40.02847521565854549407958984375" lon="-105.2497219853103160858154296875">
        <ele>1641.800048828125</ele>
        <time>2026-07-18T17:15:28.000Z</time>
        <extensions>
          <ns3:TrackPointExtension>
            <ns3:atemp>36.0</ns3:atemp>
          </ns3:TrackPointExtension>
        </extensions>
      </trkpt>
      <trkpt lat="40.02847152762115001678466796875" lon="-105.249780826270580291748046875">
        <ele>1641.800048828125</ele>
        <time>2026-07-18T17:15:29.000Z</time>
        <extensions>
          <ns3:TrackPointExtension>
            <ns3:atemp>36.0</ns3:atemp>
          </ns3:TrackPointExtension>
        </extensions>
      </trkpt>
      <trkpt lat="40.02845141105353832244873046875" lon="-105.24997369386255741119384765625">
        <ele>1641.800048828125</ele>
        <time>2026-07-18T17:15:32.000Z</time>
        <extensions>
          <ns3:TrackPointExtension>
            <ns3:atemp>36.0</ns3:atemp>
          </ns3:TrackPointExtension>
        </extensions>
      </trkpt>
      <trkpt lat="40.02845384180545806884765625" lon="-105.25010772049427032470703125">
        <ele>1641.800048828125</ele>
        <time>2026-07-18T17:15:34.000Z</time>
        <extensions>
          <ns3:TrackPointExtension>
            <ns3:atemp>36.0</ns3:atemp>
          </ns3:TrackPointExtension>
        </extensions>
      </trkpt>
      <trkpt lat="40.028464905917644500732421875" lon="-105.25024945847690105438232421875">
        <ele>1642</ele>
        <time>2026-07-18T17:15:36.000Z</time>
        <extensions>
          <ns3:TrackPointExtension>
            <ns3:atemp>36.0</ns3:atemp>
          </ns3:TrackPointExtension>
        </extensions>
      </trkpt>
      <trkpt lat="40.02846633084118366241455078125" lon="-105.25031693279743194580078125">
        <ele>1642</ele>
        <time>2026-07-18T17:15:37.000Z</time>
        <extensions>
          <ns3:TrackPointExtension>
            <ns3:atemp>36.0</ns3:atemp>
          </ns3:TrackPointExtension>
        </extensions>
      </trkpt>
      <trkpt lat="40.02844311296939849853515625" lon="-105.25045263580977916717529296875">
        <ele>1642</ele>
        <time>2026-07-18T17:15:39.000Z</time>
        <extensions>
          <ns3:TrackPointExtension>
            <ns3:atemp>36.0</ns3:atemp>
          </ns3:TrackPointExtension>
        </extensions>
      </trkpt>
      <trkpt lat="40.0284362398087978363037109375" lon="-105.250522792339324951171875">
        <ele>1642</ele>
        <time>2026-07-18T17:15:40.000Z</time>
        <extensions>
          <ns3:TrackPointExtension>
            <ns3:atemp>36.0</ns3:atemp>
          </ns3:TrackPointExtension>
        </extensions>
      </trkpt>
      <trkpt lat="40.0284412689507007598876953125" lon="-105.2506553940474987030029296875">
        <ele>1642</ele>
        <time>2026-07-18T17:15:42.000Z</time>
        <extensions>
          <ns3:TrackPointExtension>
            <ns3:atemp>36.0</ns3:atemp>
          </ns3:TrackPointExtension>
        </extensions>
      </trkpt>
      <trkpt lat="40.02842693589627742767333984375" lon="-105.25083920918405055999755859375">
        <ele>1642.4000244140625</ele>
        <time>2026-07-18T17:15:45.000Z</time>
        <extensions>
          <ns3:TrackPointExtension>
            <ns3:atemp>37.0</ns3:atemp>
          </ns3:TrackPointExtension>
        </extensions>
      </trkpt>
      <trkpt lat="40.0284161232411861419677734375" lon="-105.25085982866585254669189453125">
        <ele>1642.4000244140625</ele>
        <time>2026-07-18T17:15:46.000Z</time>
        <extensions>
          <ns3:TrackPointExtension>
            <ns3:atemp>37.0</ns3:atemp>
          </ns3:TrackPointExtension>
        </extensions>
      </trkpt>
      <trkpt lat="40.02838921733200550079345703125" lon="-105.2509004808962345123291015625">
        <ele>1642.4000244140625</ele>
        <time>2026-07-18T17:15:50.000Z</time>
        <extensions>
          <ns3:TrackPointExtension>
            <ns3:atemp>37.0</ns3:atemp>
          </ns3:TrackPointExtension>
        </extensions>
      </trkpt>
      <trkpt lat="40.02836130559444427490234375" lon="-105.250957310199737548828125">
        <ele>1642.5999755859375</ele>
        <time>2026-07-18T17:15:52.000Z</time>
        <extensions>
          <ns3:TrackPointExtension>
            <ns3:atemp>37.0</ns3:atemp>
          </ns3:TrackPointExtension>
        </extensions>
      </trkpt>
      <trkpt lat="40.0282506644725799560546875" lon="-105.25101103819906711578369140625">
        <ele>1642.5999755859375</ele>
        <time>2026-07-18T17:15:54.000Z</time>
        <extensions>
          <ns3:TrackPointExtension>
            <ns3:atemp>37.0</ns3:atemp>
          </ns3:TrackPointExtension>
        </extensions>
      </trkpt>
      <trkpt lat="40.028028376400470733642578125" lon="-105.25100651197135448455810546875">
        <ele>1642.4000244140625</ele>
        <time>2026-07-18T17:15:57.000Z</time>
        <extensions>
          <ns3:TrackPointExtension>
            <ns3:atemp>37.0</ns3:atemp>
          </ns3:TrackPointExtension>
        </extensions>
      </trkpt>
      <trkpt lat="40.0276912562549114227294921875" lon="-105.25098438374698162078857421875">
        <ele>1642.4000244140625</ele>
        <time>2026-07-18T17:16:03.000Z</time>
        <extensions>
          <ns3:TrackPointExtension>
            <ns3:atemp>37.0</ns3:atemp>
          </ns3:TrackPointExtension>
        </extensions>
      </trkpt>
      <trkpt lat="40.0276493467390537261962890625" lon="-105.2509868144989013671875">
        <ele>1642.4000244140625</ele>
        <time>2026-07-18T17:16:04.000Z</time>
        <extensions>
          <ns3:TrackPointExtension>
            <ns3:atemp>37.0</ns3:atemp>
          </ns3:TrackPointExtension>
        </extensions>
      </trkpt>
      <trkpt lat="40.02744373865425586700439453125" lon="-105.25100433267652988433837890625">
        <ele>1642.4000244140625</ele>
        <time>2026-07-18T17:16:08.000Z</time>
        <extensions>
          <ns3:TrackPointExtension>
            <ns3:atemp>37.0</ns3:atemp>
          </ns3:TrackPointExtension>
        </extensions>
      </trkpt>
      <trkpt lat="40.02730174921452999114990234375" lon="-105.2510107867419719696044921875">
        <ele>1642.800048828125</ele>
        <time>2026-07-18T17:16:11.000Z</time>
        <extensions>
          <ns3:TrackPointExtension>
            <ns3:atemp>37.0</ns3:atemp>
          </ns3:TrackPointExtension>
        </extensions>
      </trkpt>
      <trkpt lat="40.0270934589207172393798828125" lon="-105.250995866954326629638671875">
        <ele>1642.800048828125</ele>
        <time>2026-07-18T17:16:15.000Z</time>
        <extensions>
          <ns3:TrackPointExtension>
            <ns3:atemp>37.0</ns3:atemp>
          </ns3:TrackPointExtension>
        </extensions>
      </trkpt>
      <trkpt lat="40.02679481171071529388427734375" lon="-105.2509735710918903350830078125">
        <ele>1642.5999755859375</ele>
        <time>2026-07-18T17:16:20.000Z</time>
        <extensions>
          <ns3:TrackPointExtension>
            <ns3:atemp>37.0</ns3:atemp>
          </ns3:TrackPointExtension>
        </extensions>
      </trkpt>
      <trkpt lat="40.02666950225830078125" lon="-105.25098505429923534393310546875">
        <ele>1642.5999755859375</ele>
        <time>2026-07-18T17:16:22.000Z</time>
        <extensions>
          <ns3:TrackPointExtension>
            <ns3:atemp>37.0</ns3:atemp>
          </ns3:TrackPointExtension>
        </extensions>
      </trkpt>
      <trkpt lat="40.0263033807277679443359375" lon="-105.25098706595599651336669921875">
        <ele>1642</ele>
        <time>2026-07-18T17:16:28.000Z</time>
        <extensions>
          <ns3:TrackPointExtension>
            <ns3:atemp>37.0</ns3:atemp>
          </ns3:TrackPointExtension>
        </extensions>
      </trkpt>
      <trkpt lat="40.025828965008258819580078125" lon="-105.250977091491222381591796875">
        <ele>1641.4000244140625</ele>
        <time>2026-07-18T17:16:36.000Z</time>
        <extensions>
          <ns3:TrackPointExtension>
            <ns3:atemp>37.0</ns3:atemp>
          </ns3:TrackPointExtension>
        </extensions>
      </trkpt>
      <trkpt lat="40.02549578435719013214111328125" lon="-105.25101120583713054656982421875">
        <ele>1641.4000244140625</ele>
        <time>2026-07-18T17:16:42.000Z</time>
        <extensions>
          <ns3:TrackPointExtension>
            <ns3:atemp>37.0</ns3:atemp>
          </ns3:TrackPointExtension>
        </extensions>
      </trkpt>
      <trkpt lat="40.02539184875786304473876953125" lon="-105.25104523636400699615478515625">
        <ele>1641.4000244140625</ele>
        <time>2026-07-18T17:16:44.000Z</time>
        <extensions>
          <ns3:TrackPointExtension>
            <ns3:atemp>37.0</ns3:atemp>
          </ns3:TrackPointExtension>
        </extensions>
      </trkpt>
      <trkpt lat="40.02521264366805553436279296875" lon="-105.2511777542531490325927734375">
        <ele>1641.800048828125</ele>
        <time>2026-07-18T17:16:48.000Z</time>
        <extensions>
          <ns3:TrackPointExtension>
            <ns3:atemp>37.0</ns3:atemp>
          </ns3:TrackPointExtension>
        </extensions>
      </trkpt>
      <trkpt lat="40.025173164904117584228515625" lon="-105.2512196637690067291259765625">
        <ele>1641.800048828125</ele>
        <time>2026-07-18T17:16:49.000Z</time>
        <extensions>
          <ns3:TrackPointExtension>
            <ns3:atemp>37.0</ns3:atemp>
          </ns3:TrackPointExtension>
        </extensions>
      </trkpt>
      <trkpt lat="40.02514575608074665069580078125" lon="-105.25125813670456409454345703125">
        <ele>1642</ele>
        <time>2026-07-18T17:16:50.000Z</time>
        <extensions>
          <ns3:TrackPointExtension>
            <ns3:atemp>37.0</ns3:atemp>
          </ns3:TrackPointExtension>
        </extensions>
      </trkpt>
      <trkpt lat="40.02508523873984813690185546875" lon="-105.25136726908385753631591796875">
        <ele>1642.199951171875</ele>
        <time>2026-07-18T17:16:52.000Z</time>
        <extensions>
          <ns3:TrackPointExtension>
            <ns3:atemp>37.0</ns3:atemp>
          </ns3:TrackPointExtension>
        </extensions>
      </trkpt>
      <trkpt lat="40.0250640325248241424560546875" lon="-105.25141621939837932586669921875">
        <ele>1642.199951171875</ele>
        <time>2026-07-18T17:16:53.000Z</time>
        <extensions>
          <ns3:TrackPointExtension>
            <ns3:atemp>37.0</ns3:atemp>
          </ns3:TrackPointExtension>
        </extensions>
      </trkpt>
      <trkpt lat="40.0249839015305042266845703125" lon="-105.251583270728588104248046875">
        <ele>1642</ele>
        <time>2026-07-18T17:16:57.000Z</time>
        <extensions>
          <ns3:TrackPointExtension>
            <ns3:atemp>37.0</ns3:atemp>
          </ns3:TrackPointExtension>
        </extensions>
      </trkpt>
      <trkpt lat="40.0249139964580535888671875" lon="-105.25172400288283824920654296875">
        <ele>1642</ele>
        <time>2026-07-18T17:17:02.000Z</time>
        <extensions>
          <ns3:TrackPointExtension>
            <ns3:atemp>37.0</ns3:atemp>
          </ns3:TrackPointExtension>
        </extensions>
      </trkpt>
      <trkpt lat="40.02489865757524967193603515625" lon="-105.2517561055719852447509765625">
        <ele>1641.800048828125</ele>
        <time>2026-07-18T17:17:04.000Z</time>
        <extensions>
          <ns3:TrackPointExtension>
            <ns3:atemp>37.0</ns3:atemp>
          </ns3:TrackPointExtension>
        </extensions>
      </trkpt>
      <trkpt lat="40.02489387989044189453125" lon="-105.2517601288855075836181640625">
        <ele>1641.800048828125</ele>
        <time>2026-07-18T17:17:06.000Z</time>
        <extensions>
          <ns3:TrackPointExtension>
            <ns3:atemp>37.0</ns3:atemp>
          </ns3:TrackPointExtension>
        </extensions>
      </trkpt>
      <trkpt lat="40.0248953886330127716064453125" lon="-105.25182626210153102874755859375">
        <ele>1641.800048828125</ele>
        <time>2026-07-18T17:17:20.000Z</time>
        <extensions>
          <ns3:TrackPointExtension>
            <ns3:atemp>37.0</ns3:atemp>
          </ns3:TrackPointExtension>
        </extensions>
      </trkpt>
      <trkpt lat="40.02489530481398105621337890625" lon="-105.2518442831933498382568359375">
        <ele>1641.800048828125</ele>
        <time>2026-07-18T17:17:21.000Z</time>
        <extensions>
          <ns3:TrackPointExtension>
            <ns3:atemp>37.0</ns3:atemp>
          </ns3:TrackPointExtension>
        </extensions>
      </trkpt>
      <trkpt lat="40.02489195205271244049072265625" lon="-105.2518828399479389190673828125">
        <ele>1641.800048828125</ele>
        <time>2026-07-18T17:17:23.000Z</time>
        <extensions>
          <ns3:TrackPointExtension>
            <ns3:atemp>37.0</ns3:atemp>
          </ns3:TrackPointExtension>
        </extensions>
      </trkpt>
      <trkpt lat="40.024885497987270355224609375" lon="-105.251897089183330535888671875">
        <ele>1641.800048828125</ele>
        <time>2026-07-18T17:17:24.000Z</time>
        <extensions>
          <ns3:TrackPointExtension>
            <ns3:atemp>37.0</ns3:atemp>
          </ns3:TrackPointExtension>
        </extensions>
      </trkpt>
      <trkpt lat="40.0248823128640651702880859375" lon="-105.25190153159201145172119140625">
        <ele>1641.5999755859375</ele>
        <time>2026-07-18T17:17:29.000Z</time>
        <extensions>
          <ns3:TrackPointExtension>
            <ns3:atemp>37.0</ns3:atemp>
          </ns3:TrackPointExtension>
        </extensions>
      </trkpt>
      <trkpt lat="40.0248823128640651702880859375" lon="-105.25190153159201145172119140625">
        <ele>1642.4000244140625</ele>
        <time>2026-07-18T17:19:38.000Z</time>
        <extensions>
          <ns3:TrackPointExtension>
            <ns3:atemp>36.0</ns3:atemp>
          </ns3:TrackPointExtension>
        </extensions>
      </trkpt>
      <trkpt lat="40.0248823128640651702880859375" lon="-105.25190153159201145172119140625">
        <ele>1642.800048828125</ele>
        <time>2026-07-18T17:20:32.000Z</time>
        <extensions>
          <ns3:TrackPointExtension>
            <ns3:atemp>35.0</ns3:atemp>
          </ns3:TrackPointExtension>
        </extensions>
      </trkpt>
      <trkpt lat="40.0248823128640651702880859375" lon="-105.25190153159201145172119140625">
        <ele>1642.4000244140625</ele>
        <time>2026-07-18T17:21:23.000Z</time>
        <extensions>
          <ns3:TrackPointExtension>
            <ns3:atemp>35.0</ns3:atemp>
          </ns3:TrackPointExtension>
        </extensions>
      </trkpt>
      <trkpt lat="40.0248823128640651702880859375" lon="-105.25190153159201145172119140625">
        <ele>1642</ele>
        <time>2026-07-18T17:21:37.000Z</time>
        <extensions>
          <ns3:TrackPointExtension>
            <ns3:atemp>35.0</ns3:atemp>
          </ns3:TrackPointExtension>
        </extensions>
      </trkpt>
      <trkpt lat="40.0248823128640651702880859375" lon="-105.25190153159201145172119140625">
        <ele>1642.199951171875</ele>
        <time>2026-07-18T17:22:35.000Z</time>
        <extensions>
          <ns3:TrackPointExtension>
            <ns3:atemp>34.0</ns3:atemp>
          </ns3:TrackPointExtension>
        </extensions>
      </trkpt>
      <trkpt lat="40.0248823128640651702880859375" lon="-105.25190153159201145172119140625">
        <ele>1641.800048828125</ele>
        <time>2026-07-18T17:23:56.000Z</time>
        <extensions>
          <ns3:TrackPointExtension>
            <ns3:atemp>35.0</ns3:atemp>
          </ns3:TrackPointExtension>
        </extensions>
      </trkpt>
      <trkpt lat="40.02488574944436550140380859375" lon="-105.25190345942974090576171875">
        <ele>1642.199951171875</ele>
        <time>2026-07-18T17:25:19.000Z</time>
        <extensions>
          <ns3:TrackPointExtension>
            <ns3:atemp>35.0</ns3:atemp>
          </ns3:TrackPointExtension>
        </extensions>
      </trkpt>
      <trkpt lat="40.0249305926263332366943359375" lon="-105.25189599953591823577880859375">
        <ele>1642.199951171875</ele>
        <time>2026-07-18T17:25:21.000Z</time>
        <extensions>
          <ns3:TrackPointExtension>
            <ns3:atemp>34.0</ns3:atemp>
          </ns3:TrackPointExtension>
        </extensions>
      </trkpt>
      <trkpt lat="40.02495867200195789337158203125" lon="-105.25189616717398166656494140625">
        <ele>1642</ele>
        <time>2026-07-18T17:25:22.000Z</time>
        <extensions>
          <ns3:TrackPointExtension>
            <ns3:atemp>34.0</ns3:atemp>
          </ns3:TrackPointExtension>
        </extensions>
      </trkpt>
      <trkpt lat="40.02498012967407703399658203125" lon="-105.25194763205945491790771484375">
        <ele>1642.199951171875</ele>
        <time>2026-07-18T17:25:24.000Z</time>
        <extensions>
          <ns3:TrackPointExtension>
            <ns3:atemp>34.0</ns3:atemp>
          </ns3:TrackPointExtension>
        </extensions>
      </trkpt>
      <trkpt lat="40.02497878856956958770751953125" lon="-105.2519730292260646820068359375">
        <ele>1642.199951171875</ele>
        <time>2026-07-18T17:25:25.000Z</time>
        <extensions>
          <ns3:TrackPointExtension>
            <ns3:atemp>34.0</ns3:atemp>
          </ns3:TrackPointExtension>
        </extensions>
      </trkpt>
      <trkpt lat="40.0249611027538776397705078125" lon="-105.2519773878157138824462890625">
        <ele>1642.199951171875</ele>
        <time>2026-07-18T17:25:27.000Z</time>
        <extensions>
          <ns3:TrackPointExtension>
            <ns3:atemp>34.0</ns3:atemp>
          </ns3:TrackPointExtension>
        </extensions>
      </trkpt>
      <trkpt lat="40.02494056709110736846923828125" lon="-105.251907147467136383056640625">
        <ele>1642.4000244140625</ele>
        <time>2026-07-18T17:25:31.000Z</time>
        <extensions>
          <ns3:TrackPointExtension>
            <ns3:atemp>34.0</ns3:atemp>
          </ns3:TrackPointExtension>
        </extensions>
      </trkpt>
      <trkpt lat="40.02495624125003814697265625" lon="-105.25190052576363086700439453125">
        <ele>1642.4000244140625</ele>
        <time>2026-07-18T17:25:32.000Z</time>
        <extensions>
          <ns3:TrackPointExtension>
            <ns3:atemp>34.0</ns3:atemp>
          </ns3:TrackPointExtension>
        </extensions>
      </trkpt>
      <trkpt lat="40.024974681437015533447265625" lon="-105.251903124153614044189453125">
        <ele>1642.4000244140625</ele>
        <time>2026-07-18T17:25:33.000Z</time>
        <extensions>
          <ns3:TrackPointExtension>
            <ns3:atemp>34.0</ns3:atemp>
          </ns3:TrackPointExtension>
        </extensions>
      </trkpt>
      <trkpt lat="40.02498884685337543487548828125" lon="-105.251985602080821990966796875">
        <ele>1642.4000244140625</ele>
        <time>2026-07-18T17:25:36.000Z</time>
        <extensions>
          <ns3:TrackPointExtension>
            <ns3:atemp>34.0</ns3:atemp>
          </ns3:TrackPointExtension>
        </extensions>
      </trkpt>
      <trkpt lat="40.025002844631671905517578125" lon="-105.2520476281642913818359375">
        <ele>1642.199951171875</ele>
        <time>2026-07-18T17:25:38.000Z</time>
        <extensions>
          <ns3:TrackPointExtension>
            <ns3:atemp>34.0</ns3:atemp>
          </ns3:TrackPointExtension>
        </extensions>
      </trkpt>
      <trkpt lat="40.02505221404135227203369140625" lon="-105.25209934450685977935791015625">
        <ele>1642</ele>
        <time>2026-07-18T17:25:40.000Z</time>
        <extensions>
          <ns3:TrackPointExtension>
            <ns3:atemp>34.0</ns3:atemp>
          </ns3:TrackPointExtension>
        </extensions>
      </trkpt>
      <trkpt lat="40.02508557401597499847412109375" lon="-105.25211778469383716583251953125">
        <ele>1642</ele>
        <time>2026-07-18T17:25:41.000Z</time>
        <extensions>
          <ns3:TrackPointExtension>
            <ns3:atemp>34.0</ns3:atemp>
          </ns3:TrackPointExtension>
        </extensions>
      </trkpt>
      <trkpt lat="40.025173835456371307373046875" lon="-105.25212650187313556671142578125">
        <ele>1641.800048828125</ele>
        <time>2026-07-18T17:25:43.000Z</time>
        <extensions>
          <ns3:TrackPointExtension>
            <ns3:atemp>34.0</ns3:atemp>
          </ns3:TrackPointExtension>
        </extensions>
      </trkpt>
      <trkpt lat="40.02522303722798824310302734375" lon="-105.252126418054103851318359375">
        <ele>1641.800048828125</ele>
        <time>2026-07-18T17:25:44.000Z</time>
        <extensions>
          <ns3:TrackPointExtension>
            <ns3:atemp>34.0</ns3:atemp>
          </ns3:TrackPointExtension>
        </extensions>
      </trkpt>
      <trkpt lat="40.02530735917389392852783203125" lon="-105.25216002948582172393798828125">
        <ele>1641.5999755859375</ele>
        <time>2026-07-18T17:25:46.000Z</time>
        <extensions>
          <ns3:TrackPointExtension>
            <ns3:atemp>34.0</ns3:atemp>
          </ns3:TrackPointExtension>
        </extensions>
      </trkpt>
      <trkpt lat="40.02532781101763248443603515625" lon="-105.2522047050297260284423828125">
        <ele>1641.199951171875</ele>
        <time>2026-07-18T17:25:47.000Z</time>
        <extensions>
          <ns3:TrackPointExtension>
            <ns3:atemp>34.0</ns3:atemp>
          </ns3:TrackPointExtension>
        </extensions>
      </trkpt>
      <trkpt lat="40.0253366120159626007080078125" lon="-105.25230109691619873046875">
        <ele>1640.5999755859375</ele>
        <time>2026-07-18T17:25:49.000Z</time>
        <extensions>
          <ns3:TrackPointExtension>
            <ns3:atemp>34.0</ns3:atemp>
          </ns3:TrackPointExtension>
        </extensions>
      </trkpt>
      <trkpt lat="40.02534323371946811676025390625" lon="-105.25245607830584049224853515625">
        <ele>1640</ele>
        <time>2026-07-18T17:25:52.000Z</time>
        <extensions>
          <ns3:TrackPointExtension>
            <ns3:atemp>34.0</ns3:atemp>
          </ns3:TrackPointExtension>
        </extensions>
      </trkpt>
      <trkpt lat="40.025359578430652618408203125" lon="-105.25282538495957851409912109375">
        <ele>1639.4000244140625</ele>
        <time>2026-07-18T17:25:59.000Z</time>
        <extensions>
          <ns3:TrackPointExtension>
            <ns3:atemp>34.0</ns3:atemp>
          </ns3:TrackPointExtension>
        </extensions>
      </trkpt>
      <trkpt lat="40.02538749016821384429931640625" lon="-105.25335528887808322906494140625">
        <ele>1639.800048828125</ele>
        <time>2026-07-18T17:26:10.000Z</time>
        <extensions>
          <ns3:TrackPointExtension>
            <ns3:atemp>34.0</ns3:atemp>
          </ns3:TrackPointExtension>
        </extensions>
      </trkpt>
      <trkpt lat="40.0253986380994319915771484375" lon="-105.25350968353450298309326171875">
        <ele>1639.800048828125</ele>
        <time>2026-07-18T17:26:15.000Z</time>
        <extensions>
          <ns3:TrackPointExtension>
            <ns3:atemp>34.0</ns3:atemp>
          </ns3:TrackPointExtension>
        </extensions>
      </trkpt>
      <trkpt lat="40.02557851374149322509765625" lon="-105.25406842119991779327392578125">
        <ele>1640.800048828125</ele>
        <time>2026-07-18T17:26:31.000Z</time>
        <extensions>
          <ns3:TrackPointExtension>
            <ns3:atemp>34.0</ns3:atemp>
          </ns3:TrackPointExtension>
        </extensions>
      </trkpt>
      <trkpt lat="40.02563257701694965362548828125" lon="-105.25418710894882678985595703125">
        <ele>1641</ele>
        <time>2026-07-18T17:26:33.000Z</time>
        <extensions>
          <ns3:TrackPointExtension>
            <ns3:atemp>34.0</ns3:atemp>
          </ns3:TrackPointExtension>
        </extensions>
      </trkpt>
      <trkpt lat="40.02565872855484485626220703125" lon="-105.2544252388179302215576171875">
        <ele>1641.199951171875</ele>
        <time>2026-07-18T17:26:38.000Z</time>
        <extensions>
          <ns3:TrackPointExtension>
            <ns3:atemp>34.0</ns3:atemp>
          </ns3:TrackPointExtension>
        </extensions>
      </trkpt>
      <trkpt lat="40.025683455169200897216796875" lon="-105.2545697428286075592041015625">
        <ele>1642</ele>
        <time>2026-07-18T17:26:41.000Z</time>
        <extensions>
          <ns3:TrackPointExtension>
            <ns3:atemp>34.0</ns3:atemp>
          </ns3:TrackPointExtension>
        </extensions>
      </trkpt>
      <trkpt lat="40.0257067568600177764892578125" lon="-105.25464543141424655914306640625">
        <ele>1642.4000244140625</ele>
        <time>2026-07-18T17:26:43.000Z</time>
        <extensions>
          <ns3:TrackPointExtension>
            <ns3:atemp>34.0</ns3:atemp>
          </ns3:TrackPointExtension>
        </extensions>
      </trkpt>
      <trkpt lat="40.0257775001227855682373046875" lon="-105.2548922784626483917236328125">
        <ele>1643.4000244140625</ele>
        <time>2026-07-18T17:26:48.000Z</time>
        <extensions>
          <ns3:TrackPointExtension>
            <ns3:atemp>34.0</ns3:atemp>
          </ns3:TrackPointExtension>
        </extensions>
      </trkpt>
      <trkpt lat="40.02578797750174999237060546875" lon="-105.25499378331005573272705078125">
        <ele>1643.4000244140625</ele>
        <time>2026-07-18T17:26:50.000Z</time>
        <extensions>
          <ns3:TrackPointExtension>
            <ns3:atemp>34.0</ns3:atemp>
          </ns3:TrackPointExtension>
        </extensions>
      </trkpt>
      <trkpt lat="40.02580021508038043975830078125" lon="-105.2550465054810047149658203125">
        <ele>1643.5999755859375</ele>
        <time>2026-07-18T17:26:51.000Z</time>
        <extensions>
          <ns3:TrackPointExtension>
            <ns3:atemp>34.0</ns3:atemp>
          </ns3:TrackPointExtension>
        </extensions>
      </trkpt>
      <trkpt lat="40.02582133747637271881103515625" lon="-105.25509520433843135833740234375">
        <ele>1643.5999755859375</ele>
        <time>2026-07-18T17:26:52.000Z</time>
        <extensions>
          <ns3:TrackPointExtension>
            <ns3:atemp>34.0</ns3:atemp>
          </ns3:TrackPointExtension>
        </extensions>
      </trkpt>
      <trkpt lat="40.02584547735750675201416015625" lon="-105.255143232643604278564453125">
        <ele>1643.5999755859375</ele>
        <time>2026-07-18T17:26:53.000Z</time>
        <extensions>
          <ns3:TrackPointExtension>
            <ns3:atemp>34.0</ns3:atemp>
          </ns3:TrackPointExtension>
        </extensions>
      </trkpt>
      <trkpt lat="40.02591253258287906646728515625" lon="-105.255290754139423370361328125">
        <ele>1643.800048828125</ele>
        <time>2026-07-18T17:26:56.000Z</time>
        <extensions>
          <ns3:TrackPointExtension>
            <ns3:atemp>34.0</ns3:atemp>
          </ns3:TrackPointExtension>
        </extensions>
      </trkpt>
      <trkpt lat="40.025949664413928985595703125" lon="-105.25545545853674411773681640625">
        <ele>1644</ele>
        <time>2026-07-18T17:26:59.000Z</time>
        <extensions>
          <ns3:TrackPointExtension>
            <ns3:atemp>34.0</ns3:atemp>
          </ns3:TrackPointExtension>
        </extensions>
      </trkpt>
      <trkpt lat="40.02599735744297504425048828125" lon="-105.255637429654598236083984375">
        <ele>1644</ele>
        <time>2026-07-18T17:27:02.000Z</time>
        <extensions>
          <ns3:TrackPointExtension>
            <ns3:atemp>34.0</ns3:atemp>
          </ns3:TrackPointExtension>
        </extensions>
      </trkpt>
      <trkpt lat="40.0260524265468120574951171875" lon="-105.25574178434908390045166015625">
        <ele>1644</ele>
        <time>2026-07-18T17:27:04.000Z</time>
        <extensions>
          <ns3:TrackPointExtension>
            <ns3:atemp>34.0</ns3:atemp>
          </ns3:TrackPointExtension>
        </extensions>
      </trkpt>
      <trkpt lat="40.02608788199722766876220703125" lon="-105.25578218512237071990966796875">
        <ele>1644</ele>
        <time>2026-07-18T17:27:05.000Z</time>
        <extensions>
          <ns3:TrackPointExtension>
            <ns3:atemp>34.0</ns3:atemp>
          </ns3:TrackPointExtension>
        </extensions>
      </trkpt>
      <trkpt lat="40.02617337740957736968994140625" lon="-105.25583733804523944854736328125">
        <ele>1644</ele>
        <time>2026-07-18T17:27:07.000Z</time>
        <extensions>
          <ns3:TrackPointExtension>
            <ns3:atemp>34.0</ns3:atemp>
          </ns3:TrackPointExtension>
        </extensions>
      </trkpt>
      <trkpt lat="40.02631704322993755340576171875" lon="-105.25589131750166416168212890625">
        <ele>1643.800048828125</ele>
        <time>2026-07-18T17:27:10.000Z</time>
        <extensions>
          <ns3:TrackPointExtension>
            <ns3:atemp>34.0</ns3:atemp>
          </ns3:TrackPointExtension>
        </extensions>
      </trkpt>
      <trkpt lat="40.02636280842125415802001953125" lon="-105.2559101767838001251220703125">
        <ele>1643.800048828125</ele>
        <time>2026-07-18T17:27:11.000Z</time>
        <extensions>
          <ns3:TrackPointExtension>
            <ns3:atemp>34.0</ns3:atemp>
          </ns3:TrackPointExtension>
        </extensions>
      </trkpt>
      <trkpt lat="40.02652022056281566619873046875" lon="-105.25598770938813686370849609375">
        <ele>1643.5999755859375</ele>
        <time>2026-07-18T17:27:15.000Z</time>
        <extensions>
          <ns3:TrackPointExtension>
            <ns3:atemp>34.0</ns3:atemp>
          </ns3:TrackPointExtension>
        </extensions>
      </trkpt>
      <trkpt lat="40.02655374817550182342529296875" lon="-105.25603464804589748382568359375">
        <ele>1643.5999755859375</ele>
        <time>2026-07-18T17:27:16.000Z</time>
        <extensions>
          <ns3:TrackPointExtension>
            <ns3:atemp>34.0</ns3:atemp>
          </ns3:TrackPointExtension>
        </extensions>
      </trkpt>
      <trkpt lat="40.02657118253409862518310546875" lon="-105.256087370216846466064453125">
        <ele>1643.5999755859375</ele>
        <time>2026-07-18T17:27:17.000Z</time>
        <extensions>
          <ns3:TrackPointExtension>
            <ns3:atemp>34.0</ns3:atemp>
          </ns3:TrackPointExtension>
        </extensions>
      </trkpt>
      <trkpt lat="40.0265885330736637115478515625" lon="-105.25620848871767520904541015625">
        <ele>1643.5999755859375</ele>
        <time>2026-07-18T17:27:19.000Z</time>
        <extensions>
          <ns3:TrackPointExtension>
            <ns3:atemp>34.0</ns3:atemp>
          </ns3:TrackPointExtension>
        </extensions>
      </trkpt>
      <trkpt lat="40.0265895389020442962646484375" lon="-105.25627009570598602294921875">
        <ele>1643.5999755859375</ele>
        <time>2026-07-18T17:27:20.000Z</time>
        <extensions>
          <ns3:TrackPointExtension>
            <ns3:atemp>34.0</ns3:atemp>
          </ns3:TrackPointExtension>
        </extensions>
      </trkpt>
      <trkpt lat="40.026586018502712249755859375" lon="-105.2563336305320262908935546875">
        <ele>1643.5999755859375</ele>
        <time>2026-07-18T17:27:21.000Z</time>
        <extensions>
          <ns3:TrackPointExtension>
            <ns3:atemp>34.0</ns3:atemp>
          </ns3:TrackPointExtension>
        </extensions>
      </trkpt>
      <trkpt lat="40.02656020224094390869140625" lon="-105.25650152005255222320556640625">
        <ele>1643.5999755859375</ele>
        <time>2026-07-18T17:27:24.000Z</time>
        <extensions>
          <ns3:TrackPointExtension>
            <ns3:atemp>34.0</ns3:atemp>
          </ns3:TrackPointExtension>
        </extensions>
      </trkpt>
      <trkpt lat="40.02657269127666950225830078125" lon="-105.256576873362064361572265625">
        <ele>1643.800048828125</ele>
        <time>2026-07-18T17:27:25.000Z</time>
        <extensions>
          <ns3:TrackPointExtension>
            <ns3:atemp>34.0</ns3:atemp>
          </ns3:TrackPointExtension>
        </extensions>
      </trkpt>
      <trkpt lat="40.02659934572875499725341796875" lon="-105.25670369155704975128173828125">
        <ele>1643.800048828125</ele>
        <time>2026-07-18T17:27:27.000Z</time>
        <extensions>
          <ns3:TrackPointExtension>
            <ns3:atemp>34.0</ns3:atemp>
          </ns3:TrackPointExtension>
        </extensions>
      </trkpt>
      <trkpt lat="40.02659238874912261962890625" lon="-105.25682321749627590179443359375">
        <ele>1643.800048828125</ele>
        <time>2026-07-18T17:27:29.000Z</time>
        <extensions>
          <ns3:TrackPointExtension>
            <ns3:atemp>34.0</ns3:atemp>
          </ns3:TrackPointExtension>
        </extensions>
      </trkpt>
      <trkpt lat="40.0265871919691562652587890625" lon="-105.25696436874568462371826171875">
        <ele>1644</ele>
        <time>2026-07-18T17:27:31.000Z</time>
        <extensions>
          <ns3:TrackPointExtension>
            <ns3:atemp>34.0</ns3:atemp>
          </ns3:TrackPointExtension>
        </extensions>
      </trkpt>
      <trkpt lat="40.0265881977975368499755859375" lon="-105.2571786940097808837890625">
        <ele>1644</ele>
        <time>2026-07-18T17:27:34.000Z</time>
        <extensions>
          <ns3:TrackPointExtension>
            <ns3:atemp>34.0</ns3:atemp>
          </ns3:TrackPointExtension>
        </extensions>
      </trkpt>
      <trkpt lat="40.02657185308635234832763671875" lon="-105.25758731178939342498779296875">
        <ele>1644.199951171875</ele>
        <time>2026-07-18T17:27:40.000Z</time>
        <extensions>
          <ns3:TrackPointExtension>
            <ns3:atemp>34.0</ns3:atemp>
          </ns3:TrackPointExtension>
        </extensions>
      </trkpt>
      <trkpt lat="40.0265714339911937713623046875" lon="-105.2577156387269496917724609375">
        <ele>1644.199951171875</ele>
        <time>2026-07-18T17:27:42.000Z</time>
        <extensions>
          <ns3:TrackPointExtension>
            <ns3:atemp>34.0</ns3:atemp>
          </ns3:TrackPointExtension>
        </extensions>
      </trkpt>
      <trkpt lat="40.0265689194202423095703125" lon="-105.25817756541073322296142578125">
        <ele>1644.4000244140625</ele>
        <time>2026-07-18T17:27:49.000Z</time>
        <extensions>
          <ns3:TrackPointExtension>
            <ns3:atemp>34.0</ns3:atemp>
          </ns3:TrackPointExtension>
        </extensions>
      </trkpt>
      <trkpt lat="40.02655827440321445465087890625" lon="-105.25822081603109836578369140625">
        <ele>1644.4000244140625</ele>
        <time>2026-07-18T17:27:50.000Z</time>
        <extensions>
          <ns3:TrackPointExtension>
            <ns3:atemp>34.0</ns3:atemp>
          </ns3:TrackPointExtension>
        </extensions>
      </trkpt>
      <trkpt lat="40.02656514756381511688232421875" lon="-105.25830312632024288177490234375">
        <ele>1644.4000244140625</ele>
        <time>2026-07-18T17:27:52.000Z</time>
        <extensions>
          <ns3:TrackPointExtension>
            <ns3:atemp>34.0</ns3:atemp>
          </ns3:TrackPointExtension>
        </extensions>
      </trkpt>
      <trkpt lat="40.02682129852473735809326171875" lon="-105.2593055181205272674560546875">
        <ele>1646</ele>
        <time>2026-07-18T17:28:08.000Z</time>
        <extensions>
          <ns3:TrackPointExtension>
            <ns3:atemp>34.0</ns3:atemp>
          </ns3:TrackPointExtension>
        </extensions>
      </trkpt>
      <trkpt lat="40.02686052583158016204833984375" lon="-105.259356983006000518798828125">
        <ele>1646</ele>
        <time>2026-07-18T17:28:09.000Z</time>
        <extensions>
          <ns3:TrackPointExtension>
            <ns3:atemp>34.0</ns3:atemp>
          </ns3:TrackPointExtension>
        </extensions>
      </trkpt>
      <trkpt lat="40.02703034318983554840087890625" lon="-105.259520597755908966064453125">
        <ele>1646.4000244140625</ele>
        <time>2026-07-18T17:28:13.000Z</time>
        <extensions>
          <ns3:TrackPointExtension>
            <ns3:atemp>35.0</ns3:atemp>
          </ns3:TrackPointExtension>
        </extensions>
      </trkpt>
      <trkpt lat="40.0271155871450901031494140625" lon="-105.259561501443386077880859375">
        <ele>1646.5999755859375</ele>
        <time>2026-07-18T17:28:15.000Z</time>
        <extensions>
          <ns3:TrackPointExtension>
            <ns3:atemp>34.0</ns3:atemp>
          </ns3:TrackPointExtension>
        </extensions>
      </trkpt>
      <trkpt lat="40.02722597680985927581787109375" lon="-105.25961791165173053741455078125">
        <ele>1646.800048828125</ele>
        <time>2026-07-18T17:28:17.000Z</time>
        <extensions>
          <ns3:TrackPointExtension>
            <ns3:atemp>35.0</ns3:atemp>
          </ns3:TrackPointExtension>
        </extensions>
      </trkpt>
      <trkpt lat="40.02731046639382839202880859375" lon="-105.25972603820264339447021484375">
        <ele>1646.800048828125</ele>
        <time>2026-07-18T17:28:19.000Z</time>
        <extensions>
          <ns3:TrackPointExtension>
            <ns3:atemp>35.0</ns3:atemp>
          </ns3:TrackPointExtension>
        </extensions>
      </trkpt>
      <trkpt lat="40.02734474837779998779296875" lon="-105.25987473316490650177001953125">
        <ele>1646.800048828125</ele>
        <time>2026-07-18T17:28:21.000Z</time>
        <extensions>
          <ns3:TrackPointExtension>
            <ns3:atemp>35.0</ns3:atemp>
          </ns3:TrackPointExtension>
        </extensions>
      </trkpt>
      <trkpt lat="40.02734131179749965667724609375" lon="-105.25995017029345035552978515625">
        <ele>1647</ele>
        <time>2026-07-18T17:28:22.000Z</time>
        <extensions>
          <ns3:TrackPointExtension>
            <ns3:atemp>35.0</ns3:atemp>
          </ns3:TrackPointExtension>
        </extensions>
      </trkpt>
      <trkpt lat="40.0273241288959980010986328125" lon="-105.2600216679275035858154296875">
        <ele>1647</ele>
        <time>2026-07-18T17:28:23.000Z</time>
        <extensions>
          <ns3:TrackPointExtension>
            <ns3:atemp>35.0</ns3:atemp>
          </ns3:TrackPointExtension>
        </extensions>
      </trkpt>
      <trkpt lat="40.0272634439170360565185546875" lon="-105.2601537667214870452880859375">
        <ele>1647</ele>
        <time>2026-07-18T17:28:25.000Z</time>
        <extensions>
          <ns3:TrackPointExtension>
            <ns3:atemp>35.0</ns3:atemp>
          </ns3:TrackPointExtension>
        </extensions>
      </trkpt>
      <trkpt lat="40.02724089659750461578369140625" lon="-105.2602218277752399444580078125">
        <ele>1647</ele>
        <time>2026-07-18T17:28:26.000Z</time>
        <extensions>
          <ns3:TrackPointExtension>
            <ns3:atemp>35.0</ns3:atemp>
          </ns3:TrackPointExtension>
        </extensions>
      </trkpt>
      <trkpt lat="40.0272218696773052215576171875" lon="-105.26037178002297878265380859375">
        <ele>1647.199951171875</ele>
        <time>2026-07-18T17:28:28.000Z</time>
        <extensions>
          <ns3:TrackPointExtension>
            <ns3:atemp>35.0</ns3:atemp>
          </ns3:TrackPointExtension>
        </extensions>
      </trkpt>
      <trkpt lat="40.02723234705626964569091796875" lon="-105.260575711727142333984375">
        <ele>1647.199951171875</ele>
        <time>2026-07-18T17:28:31.000Z</time>
        <extensions>
          <ns3:TrackPointExtension>
            <ns3:atemp>35.0</ns3:atemp>
          </ns3:TrackPointExtension>
        </extensions>
      </trkpt>
      <trkpt lat="40.02724592573940753936767578125" lon="-105.260635726153850555419921875">
        <ele>1647.4000244140625</ele>
        <time>2026-07-18T17:28:32.000Z</time>
        <extensions>
          <ns3:TrackPointExtension>
            <ns3:atemp>35.0</ns3:atemp>
          </ns3:TrackPointExtension>
        </extensions>
      </trkpt>
      <trkpt lat="40.02725916914641857147216796875" lon="-105.2606824971735477447509765625">
        <ele>1647.4000244140625</ele>
        <time>2026-07-18T17:28:33.000Z</time>
        <extensions>
          <ns3:TrackPointExtension>
            <ns3:atemp>35.0</ns3:atemp>
          </ns3:TrackPointExtension>
        </extensions>
      </trkpt>
      <trkpt lat="40.02733360044658184051513671875" lon="-105.260884501039981842041015625">
        <ele>1648.199951171875</ele>
        <time>2026-07-18T17:28:37.000Z</time>
        <extensions>
          <ns3:TrackPointExtension>
            <ns3:atemp>35.0</ns3:atemp>
          </ns3:TrackPointExtension>
        </extensions>
      </trkpt>
      <trkpt lat="40.02739462070167064666748046875" lon="-105.26107795536518096923828125">
        <ele>1649.4000244140625</ele>
        <time>2026-07-18T17:28:41.000Z</time>
        <extensions>
          <ns3:TrackPointExtension>
            <ns3:atemp>35.0</ns3:atemp>
          </ns3:TrackPointExtension>
        </extensions>
      </trkpt>
      <trkpt lat="40.0274223648011684417724609375" lon="-105.26117585599422454833984375">
        <ele>1650</ele>
        <time>2026-07-18T17:28:43.000Z</time>
        <extensions>
          <ns3:TrackPointExtension>
            <ns3:atemp>35.0</ns3:atemp>
          </ns3:TrackPointExtension>
        </extensions>
      </trkpt>
      <trkpt lat="40.0274562276899814605712890625" lon="-105.26137006469070911407470703125">
        <ele>1650.199951171875</ele>
        <time>2026-07-18T17:28:46.000Z</time>
        <extensions>
          <ns3:TrackPointExtension>
            <ns3:atemp>35.0</ns3:atemp>
          </ns3:TrackPointExtension>
        </extensions>
      </trkpt>
      <trkpt lat="40.0274817086756229400634765625" lon="-105.2614616788923740386962890625">
        <ele>1650.199951171875</ele>
        <time>2026-07-18T17:28:47.000Z</time>
        <extensions>
          <ns3:TrackPointExtension>
            <ns3:atemp>35.0</ns3:atemp>
          </ns3:TrackPointExtension>
        </extensions>
      </trkpt>
      <trkpt lat="40.02759662456810474395751953125" lon="-105.26189896278083324432373046875">
        <ele>1649.800048828125</ele>
        <time>2026-07-18T17:28:52.000Z</time>
        <extensions>
          <ns3:TrackPointExtension>
            <ns3:atemp>35.0</ns3:atemp>
          </ns3:TrackPointExtension>
        </extensions>
      </trkpt>
      <trkpt lat="40.02761322073638439178466796875" lon="-105.2621510066092014312744140625">
        <ele>1649.199951171875</ele>
        <time>2026-07-18T17:28:55.000Z</time>
        <extensions>
          <ns3:TrackPointExtension>
            <ns3:atemp>35.0</ns3:atemp>
          </ns3:TrackPointExtension>
        </extensions>
      </trkpt>
      <trkpt lat="40.02760500647127628326416015625" lon="-105.2622520923614501953125">
        <ele>1649</ele>
        <time>2026-07-18T17:28:56.000Z</time>
        <extensions>
          <ns3:TrackPointExtension>
            <ns3:atemp>35.0</ns3:atemp>
          </ns3:TrackPointExtension>
        </extensions>
      </trkpt>
      <trkpt lat="40.02760081551969051361083984375" lon="-105.26232845149934291839599609375">
        <ele>1649</ele>
        <time>2026-07-18T17:28:57.000Z</time>
        <extensions>
          <ns3:TrackPointExtension>
            <ns3:atemp>35.0</ns3:atemp>
          </ns3:TrackPointExtension>
        </extensions>
      </trkpt>
      <trkpt lat="40.02759553492069244384765625" lon="-105.26247262023389339447021484375">
        <ele>1649</ele>
        <time>2026-07-18T17:28:59.000Z</time>
        <extensions>
          <ns3:TrackPointExtension>
            <ns3:atemp>35.0</ns3:atemp>
          </ns3:TrackPointExtension>
        </extensions>
      </trkpt>
      <trkpt lat="40.02759360708296298980712890625" lon="-105.26260019280016422271728515625">
        <ele>1649</ele>
        <time>2026-07-18T17:29:01.000Z</time>
        <extensions>
          <ns3:TrackPointExtension>
            <ns3:atemp>35.0</ns3:atemp>
          </ns3:TrackPointExtension>
        </extensions>
      </trkpt>
      <trkpt lat="40.02757675945758819580078125" lon="-105.26268862187862396240234375">
        <ele>1649.199951171875</ele>
        <time>2026-07-18T17:29:03.000Z</time>
        <extensions>
          <ns3:TrackPointExtension>
            <ns3:atemp>35.0</ns3:atemp>
          </ns3:TrackPointExtension>
        </extensions>
      </trkpt>
      <trkpt lat="40.02757566981017589569091796875" lon="-105.26269943453371524810791015625">
        <ele>1649.800048828125</ele>
        <time>2026-07-18T17:29:06.000Z</time>
        <extensions>
          <ns3:TrackPointExtension>
            <ns3:atemp>34.0</ns3:atemp>
          </ns3:TrackPointExtension>
        </extensions>
      </trkpt>
      <trkpt lat="40.0275782682001590728759765625" lon="-105.2626933157444000244140625">
        <ele>1650.4000244140625</ele>
        <time>2026-07-18T17:29:09.000Z</time>
        <extensions>
          <ns3:TrackPointExtension>
            <ns3:atemp>35.0</ns3:atemp>
          </ns3:TrackPointExtension>
        </extensions>
      </trkpt>
      <trkpt lat="40.02760282717645168304443359375" lon="-105.26268535293638706207275390625">
        <ele>1650.5999755859375</ele>
        <time>2026-07-18T17:29:11.000Z</time>
        <extensions>
          <ns3:TrackPointExtension>
            <ns3:atemp>34.0</ns3:atemp>
          </ns3:TrackPointExtension>
        </extensions>
      </trkpt>
      <trkpt lat="40.02761774696409702301025390625" lon="-105.262691974639892578125">
        <ele>1650.5999755859375</ele>
        <time>2026-07-18T17:29:12.000Z</time>
        <extensions>
          <ns3:TrackPointExtension>
            <ns3:atemp>35.0</ns3:atemp>
          </ns3:TrackPointExtension>
        </extensions>
      </trkpt>
      <trkpt lat="40.027697123587131500244140625" lon="-105.26279456913471221923828125">
        <ele>1650.800048828125</ele>
        <time>2026-07-18T17:29:16.000Z</time>
        <extensions>
          <ns3:TrackPointExtension>
            <ns3:atemp>35.0</ns3:atemp>
          </ns3:TrackPointExtension>
        </extensions>
      </trkpt>
      <trkpt lat="40.0277506001293659210205078125" lon="-105.26285357773303985595703125">
        <ele>1650.800048828125</ele>
        <time>2026-07-18T17:29:18.000Z</time>
        <extensions>
          <ns3:TrackPointExtension>
            <ns3:atemp>35.0</ns3:atemp>
          </ns3:TrackPointExtension>
        </extensions>
      </trkpt>
      <trkpt lat="40.0278458185493946075439453125" lon="-105.26295659132301807403564453125">
        <ele>1650.800048828125</ele>
        <time>2026-07-18T17:29:21.000Z</time>
        <extensions>
          <ns3:TrackPointExtension>
            <ns3:atemp>35.0</ns3:atemp>
          </ns3:TrackPointExtension>
        </extensions>
      </trkpt>
      <trkpt lat="40.02786568365991115570068359375" lon="-105.262997411191463470458984375">
        <ele>1650.800048828125</ele>
        <time>2026-07-18T17:29:22.000Z</time>
        <extensions>
          <ns3:TrackPointExtension>
            <ns3:atemp>35.0</ns3:atemp>
          </ns3:TrackPointExtension>
        </extensions>
      </trkpt>
      <trkpt lat="40.02788764424622058868408203125" lon="-105.26305868290364742279052734375">
        <ele>1650.800048828125</ele>
        <time>2026-07-18T17:29:23.000Z</time>
        <extensions>
          <ns3:TrackPointExtension>
            <ns3:atemp>35.0</ns3:atemp>
          </ns3:TrackPointExtension>
        </extensions>
      </trkpt>
      <trkpt lat="40.02796358428895473480224609375" lon="-105.26319094933569431304931640625">
        <ele>1650.800048828125</ele>
        <time>2026-07-18T17:29:26.000Z</time>
        <extensions>
          <ns3:TrackPointExtension>
            <ns3:atemp>35.0</ns3:atemp>
          </ns3:TrackPointExtension>
        </extensions>
      </trkpt>
      <trkpt lat="40.02803684212267398834228515625" lon="-105.26340611279010772705078125">
        <ele>1650.800048828125</ele>
        <time>2026-07-18T17:29:30.000Z</time>
        <extensions>
          <ns3:TrackPointExtension>
            <ns3:atemp>35.0</ns3:atemp>
          </ns3:TrackPointExtension>
        </extensions>
      </trkpt>
      <trkpt lat="40.02810657955706119537353515625" lon="-105.26360451243817806243896484375">
        <ele>1651.199951171875</ele>
        <time>2026-07-18T17:29:35.000Z</time>
        <extensions>
          <ns3:TrackPointExtension>
            <ns3:atemp>35.0</ns3:atemp>
          </ns3:TrackPointExtension>
        </extensions>
      </trkpt>
      <trkpt lat="40.0281391851603984832763671875" lon="-105.26367927901446819305419921875">
        <ele>1651.4000244140625</ele>
        <time>2026-07-18T17:29:37.000Z</time>
        <extensions>
          <ns3:TrackPointExtension>
            <ns3:atemp>35.0</ns3:atemp>
          </ns3:TrackPointExtension>
        </extensions>
      </trkpt>
      <trkpt lat="40.02821973524987697601318359375" lon="-105.2638733200728893280029296875">
        <ele>1652.199951171875</ele>
        <time>2026-07-18T17:29:42.000Z</time>
        <extensions>
          <ns3:TrackPointExtension>
            <ns3:atemp>35.0</ns3:atemp>
          </ns3:TrackPointExtension>
        </extensions>
      </trkpt>
      <trkpt lat="40.02823297865688800811767578125" lon="-105.26391363702714443206787109375">
        <ele>1652.4000244140625</ele>
        <time>2026-07-18T17:29:43.000Z</time>
        <extensions>
          <ns3:TrackPointExtension>
            <ns3:atemp>35.0</ns3:atemp>
          </ns3:TrackPointExtension>
        </extensions>
      </trkpt>
      <trkpt lat="40.028242282569408416748046875" lon="-105.2639946900308132171630859375">
        <ele>1653</ele>
        <time>2026-07-18T17:29:45.000Z</time>
        <extensions>
          <ns3:TrackPointExtension>
            <ns3:atemp>35.0</ns3:atemp>
          </ns3:TrackPointExtension>
        </extensions>
      </trkpt>
      <trkpt lat="40.02822811715304851531982421875" lon="-105.2640201710164546966552734375">
        <ele>1653</ele>
        <time>2026-07-18T17:29:46.000Z</time>
        <extensions>
          <ns3:TrackPointExtension>
            <ns3:atemp>35.0</ns3:atemp>
          </ns3:TrackPointExtension>
        </extensions>
      </trkpt>
      <trkpt lat="40.02818763256072998046875" lon="-105.2640022337436676025390625">
        <ele>1653.5999755859375</ele>
        <time>2026-07-18T17:29:48.000Z</time>
        <extensions>
          <ns3:TrackPointExtension>
            <ns3:atemp>35.0</ns3:atemp>
          </ns3:TrackPointExtension>
        </extensions>
      </trkpt>
      <trkpt lat="40.0281720422208309173583984375" lon="-105.263979434967041015625">
        <ele>1653.800048828125</ele>
        <time>2026-07-18T17:29:49.000Z</time>
        <extensions>
          <ns3:TrackPointExtension>
            <ns3:atemp>35.0</ns3:atemp>
          </ns3:TrackPointExtension>
        </extensions>
      </trkpt>
      <trkpt lat="40.0280925817787647247314453125" lon="-105.26387440972030162811279296875">
        <ele>1654.5999755859375</ele>
        <time>2026-07-18T17:29:52.000Z</time>
        <extensions>
          <ns3:TrackPointExtension>
            <ns3:atemp>35.0</ns3:atemp>
          </ns3:TrackPointExtension>
        </extensions>
      </trkpt>
      <trkpt lat="40.028054527938365936279296875" lon="-105.26379176415503025054931640625">
        <ele>1654.800048828125</ele>
        <time>2026-07-18T17:29:54.000Z</time>
        <extensions>
          <ns3:TrackPointExtension>
            <ns3:atemp>35.0</ns3:atemp>
          </ns3:TrackPointExtension>
        </extensions>
      </trkpt>
      <trkpt lat="40.0280332379043102264404296875" lon="-105.26373074389994144439697265625">
        <ele>1654.800048828125</ele>
        <time>2026-07-18T17:29:55.000Z</time>
        <extensions>
          <ns3:TrackPointExtension>
            <ns3:atemp>35.0</ns3:atemp>
          </ns3:TrackPointExtension>
        </extensions>
      </trkpt>
      <trkpt lat="40.02798068337142467498779296875" lon="-105.2635880000889301300048828125">
        <ele>1654.800048828125</ele>
        <time>2026-07-18T17:29:57.000Z</time>
        <extensions>
          <ns3:TrackPointExtension>
            <ns3:atemp>35.0</ns3:atemp>
          </ns3:TrackPointExtension>
        </extensions>
      </trkpt>
      <trkpt lat="40.0278818607330322265625" lon="-105.26331013999879360198974609375">
        <ele>1654.4000244140625</ele>
        <time>2026-07-18T17:30:02.000Z</time>
        <extensions>
          <ns3:TrackPointExtension>
            <ns3:atemp>35.0</ns3:atemp>
          </ns3:TrackPointExtension>
        </extensions>
      </trkpt>
      <trkpt lat="40.02781304530799388885498046875" lon="-105.26324258185923099517822265625">
        <ele>1654.199951171875</ele>
        <time>2026-07-18T17:30:04.000Z</time>
        <extensions>
          <ns3:TrackPointExtension>
            <ns3:atemp>35.0</ns3:atemp>
          </ns3:TrackPointExtension>
        </extensions>
      </trkpt>
      <trkpt lat="40.0277666933834552764892578125" lon="-105.263231098651885986328125">
        <ele>1654.199951171875</ele>
        <time>2026-07-18T17:30:05.000Z</time>
        <extensions>
          <ns3:TrackPointExtension>
            <ns3:atemp>35.0</ns3:atemp>
          </ns3:TrackPointExtension>
        </extensions>
      </trkpt>
      <trkpt lat="40.02744658850133419036865234375" lon="-105.26320117525756359100341796875">
        <ele>1654.199951171875</ele>
        <time>2026-07-18T17:30:12.000Z</time>
        <extensions>
          <ns3:TrackPointExtension>
            <ns3:atemp>35.0</ns3:atemp>
          </ns3:TrackPointExtension>
        </extensions>
      </trkpt>
      <trkpt lat="40.027397386729717254638671875" lon="-105.26318893767893314361572265625">
        <ele>1654.199951171875</ele>
        <time>2026-07-18T17:30:13.000Z</time>
        <extensions>
          <ns3:TrackPointExtension>
            <ns3:atemp>35.0</ns3:atemp>
          </ns3:TrackPointExtension>
        </extensions>
      </trkpt>
      <trkpt lat="40.0271169282495975494384765625" lon="-105.2631149254739284515380859375">
        <ele>1655.199951171875</ele>
        <time>2026-07-18T17:30:19.000Z</time>
        <extensions>
          <ns3:TrackPointExtension>
            <ns3:atemp>35.0</ns3:atemp>
          </ns3:TrackPointExtension>
        </extensions>
      </trkpt>
      <trkpt lat="40.026879049837589263916015625" lon="-105.26306035928428173065185546875">
        <ele>1655.5999755859375</ele>
        <time>2026-07-18T17:30:24.000Z</time>
        <extensions>
          <ns3:TrackPointExtension>
            <ns3:atemp>35.0</ns3:atemp>
          </ns3:TrackPointExtension>
        </extensions>
      </trkpt>
      <trkpt lat="40.02677637152373790740966796875" lon="-105.26305600069463253021240234375">
        <ele>1655.5999755859375</ele>
        <time>2026-07-18T17:30:26.000Z</time>
        <extensions>
          <ns3:TrackPointExtension>
            <ns3:atemp>35.0</ns3:atemp>
          </ns3:TrackPointExtension>
        </extensions>
      </trkpt>
      <trkpt lat="40.0264829210937023162841796875" lon="-105.2630522288382053375244140625">
        <ele>1655.800048828125</ele>
        <time>2026-07-18T17:30:31.000Z</time>
        <extensions>
          <ns3:TrackPointExtension>
            <ns3:atemp>35.0</ns3:atemp>
          </ns3:TrackPointExtension>
        </extensions>
      </trkpt>
      <trkpt lat="40.0260271131992340087890625" lon="-105.263057090342044830322265625">
        <ele>1655.5999755859375</ele>
        <time>2026-07-18T17:30:38.000Z</time>
        <extensions>
          <ns3:TrackPointExtension>
            <ns3:atemp>35.0</ns3:atemp>
          </ns3:TrackPointExtension>
        </extensions>
      </trkpt>
      <trkpt lat="40.0256554596126079559326171875" lon="-105.26312540285289287567138671875">
        <ele>1655.199951171875</ele>
        <time>2026-07-18T17:30:43.000Z</time>
        <extensions>
          <ns3:TrackPointExtension>
            <ns3:atemp>35.0</ns3:atemp>
          </ns3:TrackPointExtension>
        </extensions>
      </trkpt>
      <trkpt lat="40.0252534635365009307861328125" lon="-105.26333159767091274261474609375">
        <ele>1653.800048828125</ele>
        <time>2026-07-18T17:30:48.000Z</time>
        <extensions>
          <ns3:TrackPointExtension>
            <ns3:atemp>35.0</ns3:atemp>
          </ns3:TrackPointExtension>
        </extensions>
      </trkpt>
      <trkpt lat="40.02504031173884868621826171875" lon="-105.2634964697062969207763671875">
        <ele>1652.5999755859375</ele>
        <time>2026-07-18T17:30:51.000Z</time>
        <extensions>
          <ns3:TrackPointExtension>
            <ns3:atemp>35.0</ns3:atemp>
          </ns3:TrackPointExtension>
        </extensions>
      </trkpt>
      <trkpt lat="40.0248430855572223663330078125" lon="-105.26365178637206554412841796875">
        <ele>1651.5999755859375</ele>
        <time>2026-07-18T17:30:54.000Z</time>
        <extensions>
          <ns3:TrackPointExtension>
            <ns3:atemp>35.0</ns3:atemp>
          </ns3:TrackPointExtension>
        </extensions>
      </trkpt>
      <trkpt lat="40.02478231675922870635986328125" lon="-105.263690091669559478759765625">
        <ele>1651.4000244140625</ele>
        <time>2026-07-18T17:30:55.000Z</time>
        <extensions>
          <ns3:TrackPointExtension>
            <ns3:atemp>35.0</ns3:atemp>
          </ns3:TrackPointExtension>
        </extensions>
      </trkpt>
      <trkpt lat="40.02460998483002185821533203125" lon="-105.26378824375569820404052734375">
        <ele>1651</ele>
        <time>2026-07-18T17:30:58.000Z</time>
        <extensions>
          <ns3:TrackPointExtension>
            <ns3:atemp>35.0</ns3:atemp>
          </ns3:TrackPointExtension>
        </extensions>
      </trkpt>
      <trkpt lat="40.024507306516170501708984375" lon="-105.26382344774901866912841796875">
        <ele>1651</ele>
        <time>2026-07-18T17:31:00.000Z</time>
        <extensions>
          <ns3:TrackPointExtension>
            <ns3:atemp>35.0</ns3:atemp>
          </ns3:TrackPointExtension>
        </extensions>
      </trkpt>
      <trkpt lat="40.0241468846797943115234375" lon="-105.2638761699199676513671875">
        <ele>1650.800048828125</ele>
        <time>2026-07-18T17:31:06.000Z</time>
        <extensions>
          <ns3:TrackPointExtension>
            <ns3:atemp>35.0</ns3:atemp>
          </ns3:TrackPointExtension>
        </extensions>
      </trkpt>
      <trkpt lat="40.0240320526063442230224609375" lon="-105.2638830430805683135986328125">
        <ele>1650.800048828125</ele>
        <time>2026-07-18T17:31:08.000Z</time>
        <extensions>
          <ns3:TrackPointExtension>
            <ns3:atemp>35.0</ns3:atemp>
          </ns3:TrackPointExtension>
        </extensions>
      </trkpt>
      <trkpt lat="40.02381538040935993194580078125" lon="-105.26385278441011905670166015625">
        <ele>1650.800048828125</ele>
        <time>2026-07-18T17:31:12.000Z</time>
        <extensions>
          <ns3:TrackPointExtension>
            <ns3:atemp>35.0</ns3:atemp>
          </ns3:TrackPointExtension>
        </extensions>
      </trkpt>
      <trkpt lat="40.02372200600802898406982421875" lon="-105.263829566538333892822265625">
        <ele>1650.800048828125</ele>
        <time>2026-07-18T17:31:14.000Z</time>
        <extensions>
          <ns3:TrackPointExtension>
            <ns3:atemp>35.0</ns3:atemp>
          </ns3:TrackPointExtension>
        </extensions>
      </trkpt>
      <trkpt lat="40.02356057055294513702392578125" lon="-105.263780616223812103271484375">
        <ele>1650.800048828125</ele>
        <time>2026-07-18T17:31:17.000Z</time>
        <extensions>
          <ns3:TrackPointExtension>
            <ns3:atemp>35.0</ns3:atemp>
          </ns3:TrackPointExtension>
        </extensions>
      </trkpt>
      <trkpt lat="40.02351128496229648590087890625" lon="-105.2637755870819091796875">
        <ele>1650.5999755859375</ele>
        <time>2026-07-18T17:31:18.000Z</time>
        <extensions>
          <ns3:TrackPointExtension>
            <ns3:atemp>35.0</ns3:atemp>
          </ns3:TrackPointExtension>
        </extensions>
      </trkpt>
      <trkpt lat="40.0234298966825008392333984375" lon="-105.26381975971162319183349609375">
        <ele>1650.5999755859375</ele>
        <time>2026-07-18T17:31:20.000Z</time>
        <extensions>
          <ns3:TrackPointExtension>
            <ns3:atemp>35.0</ns3:atemp>
          </ns3:TrackPointExtension>
        </extensions>
      </trkpt>
      <trkpt lat="40.023363344371318817138671875" lon="-105.26404338888823986053466796875">
        <ele>1650.4000244140625</ele>
        <time>2026-07-18T17:31:24.000Z</time>
        <extensions>
          <ns3:TrackPointExtension>
            <ns3:atemp>35.0</ns3:atemp>
          </ns3:TrackPointExtension>
        </extensions>
      </trkpt>
      <trkpt lat="40.0233370251953601837158203125" lon="-105.26416693814098834991455078125">
        <ele>1650.5999755859375</ele>
        <time>2026-07-18T17:31:26.000Z</time>
        <extensions>
          <ns3:TrackPointExtension>
            <ns3:atemp>35.0</ns3:atemp>
          </ns3:TrackPointExtension>
        </extensions>
      </trkpt>
      <trkpt lat="40.02330844290554523468017578125" lon="-105.26427112519741058349609375">
        <ele>1650.5999755859375</ele>
        <time>2026-07-18T17:31:28.000Z</time>
        <extensions>
          <ns3:TrackPointExtension>
            <ns3:atemp>35.0</ns3:atemp>
          </ns3:TrackPointExtension>
        </extensions>
      </trkpt>
      <trkpt lat="40.02327173016965389251708984375" lon="-105.26439442299306392669677734375">
        <ele>1650.5999755859375</ele>
        <time>2026-07-18T17:31:30.000Z</time>
        <extensions>
          <ns3:TrackPointExtension>
            <ns3:atemp>35.0</ns3:atemp>
          </ns3:TrackPointExtension>
        </extensions>
      </trkpt>
      <trkpt lat="40.0232617557048797607421875" lon="-105.264450497925281524658203125">
        <ele>1650.5999755859375</ele>
        <time>2026-07-18T17:31:31.000Z</time>
        <extensions>
          <ns3:TrackPointExtension>
            <ns3:atemp>35.0</ns3:atemp>
          </ns3:TrackPointExtension>
        </extensions>
      </trkpt>
      <trkpt lat="40.02323552034795284271240234375" lon="-105.26462660171091556549072265625">
        <ele>1650.800048828125</ele>
        <time>2026-07-18T17:31:34.000Z</time>
        <extensions>
          <ns3:TrackPointExtension>
            <ns3:atemp>35.0</ns3:atemp>
          </ns3:TrackPointExtension>
        </extensions>
      </trkpt>
      <trkpt lat="40.0232268869876861572265625" lon="-105.26474646292626857757568359375">
        <ele>1650.800048828125</ele>
        <time>2026-07-18T17:31:36.000Z</time>
        <extensions>
          <ns3:TrackPointExtension>
            <ns3:atemp>35.0</ns3:atemp>
          </ns3:TrackPointExtension>
        </extensions>
      </trkpt>
      <trkpt lat="40.0231968797743320465087890625" lon="-105.26494125835597515106201171875">
        <ele>1651</ele>
        <time>2026-07-18T17:31:39.000Z</time>
        <extensions>
          <ns3:TrackPointExtension>
            <ns3:atemp>35.0</ns3:atemp>
          </ns3:TrackPointExtension>
        </extensions>
      </trkpt>
      <trkpt lat="40.0231506116688251495361328125" lon="-105.26513337157666683197021484375">
        <ele>1651.199951171875</ele>
        <time>2026-07-18T17:31:42.000Z</time>
        <extensions>
          <ns3:TrackPointExtension>
            <ns3:atemp>35.0</ns3:atemp>
          </ns3:TrackPointExtension>
        </extensions>
      </trkpt>
      <trkpt lat="40.02310040406882762908935546875" lon="-105.26538348756730556488037109375">
        <ele>1651.4000244140625</ele>
        <time>2026-07-18T17:31:46.000Z</time>
        <extensions>
          <ns3:TrackPointExtension>
            <ns3:atemp>35.0</ns3:atemp>
          </ns3:TrackPointExtension>
        </extensions>
      </trkpt>
      <trkpt lat="40.0230788625776767730712890625" lon="-105.26552815921604633331298828125">
        <ele>1651.4000244140625</ele>
        <time>2026-07-18T17:31:48.000Z</time>
        <extensions>
          <ns3:TrackPointExtension>
            <ns3:atemp>35.0</ns3:atemp>
          </ns3:TrackPointExtension>
        </extensions>
      </trkpt>
      <trkpt lat="40.023030750453472137451171875" lon="-105.2658625133335590362548828125">
        <ele>1651.5999755859375</ele>
        <time>2026-07-18T17:31:52.000Z</time>
        <extensions>
          <ns3:TrackPointExtension>
            <ns3:atemp>35.0</ns3:atemp>
          </ns3:TrackPointExtension>
        </extensions>
      </trkpt>
      <trkpt lat="40.022978447377681732177734375" lon="-105.2661086060106754302978515625">
        <ele>1651.800048828125</ele>
        <time>2026-07-18T17:31:55.000Z</time>
        <extensions>
          <ns3:TrackPointExtension>
            <ns3:atemp>35.0</ns3:atemp>
          </ns3:TrackPointExtension>
        </extensions>
      </trkpt>
      <trkpt lat="40.02290259115397930145263671875" lon="-105.2664760686457157135009765625">
        <ele>1652.199951171875</ele>
        <time>2026-07-18T17:32:00.000Z</time>
        <extensions>
          <ns3:TrackPointExtension>
            <ns3:atemp>35.0</ns3:atemp>
          </ns3:TrackPointExtension>
        </extensions>
      </trkpt>
      <trkpt lat="40.02277166582643985748291015625" lon="-105.26706674136221408843994140625">
        <ele>1652.5999755859375</ele>
        <time>2026-07-18T17:32:08.000Z</time>
        <extensions>
          <ns3:TrackPointExtension>
            <ns3:atemp>35.0</ns3:atemp>
          </ns3:TrackPointExtension>
        </extensions>
      </trkpt>
      <trkpt lat="40.022741071879863739013671875" lon="-105.2672042883932590484619140625">
        <ele>1652.5999755859375</ele>
        <time>2026-07-18T17:32:10.000Z</time>
        <extensions>
          <ns3:TrackPointExtension>
            <ns3:atemp>35.0</ns3:atemp>
          </ns3:TrackPointExtension>
        </extensions>
      </trkpt>
      <trkpt lat="40.0227063708007335662841796875" lon="-105.26739883236587047576904296875">
        <ele>1652.800048828125</ele>
        <time>2026-07-18T17:32:13.000Z</time>
        <extensions>
          <ns3:TrackPointExtension>
            <ns3:atemp>35.0</ns3:atemp>
          </ns3:TrackPointExtension>
        </extensions>
      </trkpt>
      <trkpt lat="40.02269572578370571136474609375" lon="-105.2674703299999237060546875">
        <ele>1652.800048828125</ele>
        <time>2026-07-18T17:32:14.000Z</time>
        <extensions>
          <ns3:TrackPointExtension>
            <ns3:atemp>35.0</ns3:atemp>
          </ns3:TrackPointExtension>
        </extensions>
      </trkpt>
      <trkpt lat="40.02260126173496246337890625" lon="-105.2679606713354587554931640625">
        <ele>1653.199951171875</ele>
        <time>2026-07-18T17:32:21.000Z</time>
        <extensions>
          <ns3:TrackPointExtension>
            <ns3:atemp>35.0</ns3:atemp>
          </ns3:TrackPointExtension>
        </extensions>
      </trkpt>
      <trkpt lat="40.02252104692161083221435546875" lon="-105.26830223388969898223876953125">
        <ele>1653.800048828125</ele>
        <time>2026-07-18T17:32:26.000Z</time>
        <extensions>
          <ns3:TrackPointExtension>
            <ns3:atemp>35.0</ns3:atemp>
          </ns3:TrackPointExtension>
        </extensions>
      </trkpt>
      <trkpt lat="40.022478215396404266357421875" lon="-105.2685071714222431182861328125">
        <ele>1654.199951171875</ele>
        <time>2026-07-18T17:32:29.000Z</time>
        <extensions>
          <ns3:TrackPointExtension>
            <ns3:atemp>35.0</ns3:atemp>
          </ns3:TrackPointExtension>
        </extensions>
      </trkpt>
      <trkpt lat="40.02241409383714199066162109375" lon="-105.26884554885327816009521484375">
        <ele>1654.4000244140625</ele>
        <time>2026-07-18T17:32:34.000Z</time>
        <extensions>
          <ns3:TrackPointExtension>
            <ns3:atemp>35.0</ns3:atemp>
          </ns3:TrackPointExtension>
        </extensions>
      </trkpt>
      <trkpt lat="40.02240034751594066619873046875" lon="-105.2689160406589508056640625">
        <ele>1654.4000244140625</ele>
        <time>2026-07-18T17:32:35.000Z</time>
        <extensions>
          <ns3:TrackPointExtension>
            <ns3:atemp>35.0</ns3:atemp>
          </ns3:TrackPointExtension>
        </extensions>
      </trkpt>
      <trkpt lat="40.0223895348608493804931640625" lon="-105.268972702324390411376953125">
        <ele>1654.4000244140625</ele>
        <time>2026-07-18T17:32:36.000Z</time>
        <extensions>
          <ns3:TrackPointExtension>
            <ns3:atemp>35.0</ns3:atemp>
          </ns3:TrackPointExtension>
        </extensions>
      </trkpt>
      <trkpt lat="40.02226238138973712921142578125" lon="-105.26954124681651592254638671875">
        <ele>1655</ele>
        <time>2026-07-18T17:32:44.000Z</time>
        <extensions>
          <ns3:TrackPointExtension>
            <ns3:atemp>35.0</ns3:atemp>
          </ns3:TrackPointExtension>
        </extensions>
      </trkpt>
      <trkpt lat="40.02221963368356227874755859375" lon="-105.269767306745052337646484375">
        <ele>1655.199951171875</ele>
        <time>2026-07-18T17:32:47.000Z</time>
        <extensions>
          <ns3:TrackPointExtension>
            <ns3:atemp>36.0</ns3:atemp>
          </ns3:TrackPointExtension>
        </extensions>
      </trkpt>
      <trkpt lat="40.02219281159341335296630859375" lon="-105.2698955498635768890380859375">
        <ele>1655.199951171875</ele>
        <time>2026-07-18T17:32:49.000Z</time>
        <extensions>
          <ns3:TrackPointExtension>
            <ns3:atemp>36.0</ns3:atemp>
          </ns3:TrackPointExtension>
        </extensions>
      </trkpt>
      <trkpt lat="40.02215542830526828765869140625" lon="-105.27008757926523685455322265625">
        <ele>1655.4000244140625</ele>
        <time>2026-07-18T17:32:53.000Z</time>
        <extensions>
          <ns3:TrackPointExtension>
            <ns3:atemp>36.0</ns3:atemp>
          </ns3:TrackPointExtension>
        </extensions>
      </trkpt>
      <trkpt lat="40.02213028259575366973876953125" lon="-105.27026058174669742584228515625">
        <ele>1655.4000244140625</ele>
        <time>2026-07-18T17:32:58.000Z</time>
        <extensions>
          <ns3:TrackPointExtension>
            <ns3:atemp>36.0</ns3:atemp>
          </ns3:TrackPointExtension>
        </extensions>
      </trkpt>
      <trkpt lat="40.022124163806438446044921875" lon="-105.2703092806041240692138671875">
        <ele>1655.4000244140625</ele>
        <time>2026-07-18T17:32:59.000Z</time>
        <extensions>
          <ns3:TrackPointExtension>
            <ns3:atemp>36.0</ns3:atemp>
          </ns3:TrackPointExtension>
        </extensions>
      </trkpt>
      <trkpt lat="40.02211175858974456787109375" lon="-105.27036351151764392852783203125">
        <ele>1655.4000244140625</ele>
        <time>2026-07-18T17:33:00.000Z</time>
        <extensions>
          <ns3:TrackPointExtension>
            <ns3:atemp>36.0</ns3:atemp>
          </ns3:TrackPointExtension>
        </extensions>
      </trkpt>
      <trkpt lat="40.0220467150211334228515625" lon="-105.27060407213866710662841796875">
        <ele>1655.5999755859375</ele>
        <time>2026-07-18T17:33:04.000Z</time>
        <extensions>
          <ns3:TrackPointExtension>
            <ns3:atemp>36.0</ns3:atemp>
          </ns3:TrackPointExtension>
        </extensions>
      </trkpt>
      <trkpt lat="40.0219476409256458282470703125" lon="-105.27107647620141506195068359375">
        <ele>1656</ele>
        <time>2026-07-18T17:33:11.000Z</time>
        <extensions>
          <ns3:TrackPointExtension>
            <ns3:atemp>36.0</ns3:atemp>
          </ns3:TrackPointExtension>
        </extensions>
      </trkpt>
      <trkpt lat="40.0219208188354969024658203125" lon="-105.27121494524180889129638671875">
        <ele>1656.199951171875</ele>
        <time>2026-07-18T17:33:13.000Z</time>
        <extensions>
          <ns3:TrackPointExtension>
            <ns3:atemp>36.0</ns3:atemp>
          </ns3:TrackPointExtension>
        </extensions>
      </trkpt>
      <trkpt lat="40.02185451798141002655029296875" lon="-105.271560363471508026123046875">
        <ele>1656.5999755859375</ele>
        <time>2026-07-18T17:33:18.000Z</time>
        <extensions>
          <ns3:TrackPointExtension>
            <ns3:atemp>36.0</ns3:atemp>
          </ns3:TrackPointExtension>
        </extensions>
      </trkpt>
      <trkpt lat="40.02183674834668636322021484375" lon="-105.27162834070622920989990234375">
        <ele>1656.5999755859375</ele>
        <time>2026-07-18T17:33:19.000Z</time>
        <extensions>
          <ns3:TrackPointExtension>
            <ns3:atemp>36.0</ns3:atemp>
          </ns3:TrackPointExtension>
        </extensions>
      </trkpt>
      <trkpt lat="40.02182208001613616943359375" lon="-105.2716976590454578399658203125">
        <ele>1656.800048828125</ele>
        <time>2026-07-18T17:33:20.000Z</time>
        <extensions>
          <ns3:TrackPointExtension>
            <ns3:atemp>36.0</ns3:atemp>
          </ns3:TrackPointExtension>
        </extensions>
      </trkpt>
      <trkpt lat="40.02178494818508625030517578125" lon="-105.27190175838768482208251953125">
        <ele>1657.4000244140625</ele>
        <time>2026-07-18T17:33:23.000Z</time>
        <extensions>
          <ns3:TrackPointExtension>
            <ns3:atemp>36.0</ns3:atemp>
          </ns3:TrackPointExtension>
        </extensions>
      </trkpt>
      <trkpt lat="40.0217273645102977752685546875" lon="-105.27218104340136051177978515625">
        <ele>1658</ele>
        <time>2026-07-18T17:33:27.000Z</time>
        <extensions>
          <ns3:TrackPointExtension>
            <ns3:atemp>36.0</ns3:atemp>
          </ns3:TrackPointExtension>
        </extensions>
      </trkpt>
      <trkpt lat="40.021668188273906707763671875" lon="-105.2724580653011798858642578125">
        <ele>1658.4000244140625</ele>
        <time>2026-07-18T17:33:31.000Z</time>
        <extensions>
          <ns3:TrackPointExtension>
            <ns3:atemp>36.0</ns3:atemp>
          </ns3:TrackPointExtension>
        </extensions>
      </trkpt>
      <trkpt lat="40.02161018550395965576171875" lon="-105.27272838167846202850341796875">
        <ele>1658.5999755859375</ele>
        <time>2026-07-18T17:33:35.000Z</time>
        <extensions>
          <ns3:TrackPointExtension>
            <ns3:atemp>36.0</ns3:atemp>
          </ns3:TrackPointExtension>
        </extensions>
      </trkpt>
      <trkpt lat="40.021608173847198486328125" lon="-105.27278102003037929534912109375">
        <ele>1658.800048828125</ele>
        <time>2026-07-18T17:33:36.000Z</time>
        <extensions>
          <ns3:TrackPointExtension>
            <ns3:atemp>36.0</ns3:atemp>
          </ns3:TrackPointExtension>
        </extensions>
      </trkpt>
      <trkpt lat="40.0216130353510379791259765625" lon="-105.2728245221078395843505859375">
        <ele>1659.199951171875</ele>
        <time>2026-07-18T17:33:39.000Z</time>
        <extensions>
          <ns3:TrackPointExtension>
            <ns3:atemp>36.0</ns3:atemp>
          </ns3:TrackPointExtension>
        </extensions>
      </trkpt>
      <trkpt lat="40.0216130353510379791259765625" lon="-105.2728245221078395843505859375">
        <ele>1659.800048828125</ele>
        <time>2026-07-18T17:33:41.000Z</time>
        <extensions>
          <ns3:TrackPointExtension>
            <ns3:atemp>36.0</ns3:atemp>
          </ns3:TrackPointExtension>
        </extensions>
      </trkpt>
      <trkpt lat="40.0216130353510379791259765625" lon="-105.2728245221078395843505859375">
        <ele>1659.800048828125</ele>
        <time>2026-07-18T17:33:53.000Z</time>
        <extensions>
          <ns3:TrackPointExtension>
            <ns3:atemp>36.0</ns3:atemp>
          </ns3:TrackPointExtension>
        </extensions>
      </trkpt>
      <trkpt lat="40.02158981747925281524658203125" lon="-105.272879339754581451416015625">
        <ele>1659.4000244140625</ele>
        <time>2026-07-18T17:34:06.000Z</time>
        <extensions>
          <ns3:TrackPointExtension>
            <ns3:atemp>36.0</ns3:atemp>
          </ns3:TrackPointExtension>
        </extensions>
      </trkpt>
      <trkpt lat="40.02154572866857051849365234375" lon="-105.27301152236759662628173828125">
        <ele>1659.4000244140625</ele>
        <time>2026-07-18T17:34:10.000Z</time>
        <extensions>
          <ns3:TrackPointExtension>
            <ns3:atemp>36.0</ns3:atemp>
          </ns3:TrackPointExtension>
        </extensions>
      </trkpt>
      <trkpt lat="40.0215365923941135406494140625" lon="-105.27306214906275272369384765625">
        <ele>1659.4000244140625</ele>
        <time>2026-07-18T17:34:11.000Z</time>
        <extensions>
          <ns3:TrackPointExtension>
            <ns3:atemp>36.0</ns3:atemp>
          </ns3:TrackPointExtension>
        </extensions>
      </trkpt>
      <trkpt lat="40.0215003825724124908447265625" lon="-105.27325610630214214324951171875">
        <ele>1659.5999755859375</ele>
        <time>2026-07-18T17:34:15.000Z</time>
        <extensions>
          <ns3:TrackPointExtension>
            <ns3:atemp>36.0</ns3:atemp>
          </ns3:TrackPointExtension>
        </extensions>
      </trkpt>
      <trkpt lat="40.0214799307286739349365234375" lon="-105.2733690105378627777099609375">
        <ele>1659.800048828125</ele>
        <time>2026-07-18T17:34:17.000Z</time>
        <extensions>
          <ns3:TrackPointExtension>
            <ns3:atemp>36.0</ns3:atemp>
          </ns3:TrackPointExtension>
        </extensions>
      </trkpt>
      <trkpt lat="40.02142251469194889068603515625" lon="-105.273649133741855621337890625">
        <ele>1660.4000244140625</ele>
        <time>2026-07-18T17:34:22.000Z</time>
        <extensions>
          <ns3:TrackPointExtension>
            <ns3:atemp>36.0</ns3:atemp>
          </ns3:TrackPointExtension>
        </extensions>
      </trkpt>
      <trkpt lat="40.02140365540981292724609375" lon="-105.273761451244354248046875">
        <ele>1660.4000244140625</ele>
        <time>2026-07-18T17:34:24.000Z</time>
        <extensions>
          <ns3:TrackPointExtension>
            <ns3:atemp>36.0</ns3:atemp>
          </ns3:TrackPointExtension>
        </extensions>
      </trkpt>
      <trkpt lat="40.02138496376574039459228515625" lon="-105.2738739363849163055419921875">
        <ele>1660.800048828125</ele>
        <time>2026-07-18T17:34:26.000Z</time>
        <extensions>
          <ns3:TrackPointExtension>
            <ns3:atemp>36.0</ns3:atemp>
          </ns3:TrackPointExtension>
        </extensions>
      </trkpt>
      <trkpt lat="40.02136652357876300811767578125" lon="-105.273930765688419342041015625">
        <ele>1660.800048828125</ele>
        <time>2026-07-18T17:34:27.000Z</time>
        <extensions>
          <ns3:TrackPointExtension>
            <ns3:atemp>36.0</ns3:atemp>
          </ns3:TrackPointExtension>
        </extensions>
      </trkpt>
      <trkpt lat="40.0213511846959590911865234375" lon="-105.27399019338190555572509765625">
        <ele>1660.800048828125</ele>
        <time>2026-07-18T17:34:28.000Z</time>
        <extensions>
          <ns3:TrackPointExtension>
            <ns3:atemp>36.0</ns3:atemp>
          </ns3:TrackPointExtension>
        </extensions>
      </trkpt>
      <trkpt lat="40.02134037204086780548095703125" lon="-105.27405255474150180816650390625">
        <ele>1660.800048828125</ele>
        <time>2026-07-18T17:34:29.000Z</time>
        <extensions>
          <ns3:TrackPointExtension>
            <ns3:atemp>36.0</ns3:atemp>
          </ns3:TrackPointExtension>
        </extensions>
      </trkpt>
      <trkpt lat="40.02132947556674480438232421875" lon="-105.2741176821291446685791015625">
        <ele>1661</ele>
        <time>2026-07-18T17:34:30.000Z</time>
        <extensions>
          <ns3:TrackPointExtension>
            <ns3:atemp>36.0</ns3:atemp>
          </ns3:TrackPointExtension>
        </extensions>
      </trkpt>
      <trkpt lat="40.02126510255038738250732421875" lon="-105.2743094600737094879150390625">
        <ele>1661.199951171875</ele>
        <time>2026-07-18T17:34:33.000Z</time>
        <extensions>
          <ns3:TrackPointExtension>
            <ns3:atemp>36.0</ns3:atemp>
          </ns3:TrackPointExtension>
        </extensions>
      </trkpt>
      <trkpt lat="40.02118103206157684326171875" lon="-105.27477256022393703460693359375">
        <ele>1661.4000244140625</ele>
        <time>2026-07-18T17:34:39.000Z</time>
        <extensions>
          <ns3:TrackPointExtension>
            <ns3:atemp>36.0</ns3:atemp>
          </ns3:TrackPointExtension>
        </extensions>
      </trkpt>
      <trkpt lat="40.02109981141984462738037109375" lon="-105.27519718743860721588134765625">
        <ele>1662</ele>
        <time>2026-07-18T17:34:43.000Z</time>
        <extensions>
          <ns3:TrackPointExtension>
            <ns3:atemp>36.0</ns3:atemp>
          </ns3:TrackPointExtension>
        </extensions>
      </trkpt>
      <trkpt lat="40.02105404622852802276611328125" lon="-105.27550949715077877044677734375">
        <ele>1662.199951171875</ele>
        <time>2026-07-18T17:34:46.000Z</time>
        <extensions>
          <ns3:TrackPointExtension>
            <ns3:atemp>36.0</ns3:atemp>
          </ns3:TrackPointExtension>
        </extensions>
      </trkpt>
      <trkpt lat="40.0210001505911350250244140625" lon="-105.27568585239350795745849609375">
        <ele>1662.4000244140625</ele>
        <time>2026-07-18T17:34:48.000Z</time>
        <extensions>
          <ns3:TrackPointExtension>
            <ns3:atemp>36.0</ns3:atemp>
          </ns3:TrackPointExtension>
        </extensions>
      </trkpt>
      <trkpt lat="40.0209837220609188079833984375" lon="-105.2757638879120349884033203125">
        <ele>1662.4000244140625</ele>
        <time>2026-07-18T17:34:49.000Z</time>
        <extensions>
          <ns3:TrackPointExtension>
            <ns3:atemp>36.0</ns3:atemp>
          </ns3:TrackPointExtension>
        </extensions>
      </trkpt>
      <trkpt lat="40.020938627421855926513671875" lon="-105.275975950062274932861328125">
        <ele>1662.800048828125</ele>
        <time>2026-07-18T17:34:52.000Z</time>
        <extensions>
          <ns3:TrackPointExtension>
            <ns3:atemp>36.0</ns3:atemp>
          </ns3:TrackPointExtension>
        </extensions>
      </trkpt>
      <trkpt lat="40.02092379145324230194091796875" lon="-105.2760384790599346160888671875">
        <ele>1663</ele>
        <time>2026-07-18T17:34:53.000Z</time>
        <extensions>
          <ns3:TrackPointExtension>
            <ns3:atemp>36.0</ns3:atemp>
          </ns3:TrackPointExtension>
        </extensions>
      </trkpt>
      <trkpt lat="40.0208586640655994415283203125" lon="-105.2763318456709384918212890625">
        <ele>1663.5999755859375</ele>
        <time>2026-07-18T17:34:58.000Z</time>
        <extensions>
          <ns3:TrackPointExtension>
            <ns3:atemp>36.0</ns3:atemp>
          </ns3:TrackPointExtension>
        </extensions>
      </trkpt>
      <trkpt lat="40.02082069404423236846923828125" lon="-105.27660660445690155029296875">
        <ele>1664</ele>
        <time>2026-07-18T17:35:03.000Z</time>
        <extensions>
          <ns3:TrackPointExtension>
            <ns3:atemp>36.0</ns3:atemp>
          </ns3:TrackPointExtension>
        </extensions>
      </trkpt>
      <trkpt lat="40.0208120606839656829833984375" lon="-105.27665044181048870086669921875">
        <ele>1664</ele>
        <time>2026-07-18T17:35:04.000Z</time>
        <extensions>
          <ns3:TrackPointExtension>
            <ns3:atemp>36.0</ns3:atemp>
          </ns3:TrackPointExtension>
        </extensions>
      </trkpt>
      <trkpt lat="40.02076922915875911712646484375" lon="-105.27690206654369831085205078125">
        <ele>1664</ele>
        <time>2026-07-18T17:35:09.000Z</time>
        <extensions>
          <ns3:TrackPointExtension>
            <ns3:atemp>36.0</ns3:atemp>
          </ns3:TrackPointExtension>
        </extensions>
      </trkpt>
      <trkpt lat="40.02075456082820892333984375" lon="-105.27695068158209323883056640625">
        <ele>1664.199951171875</ele>
        <time>2026-07-18T17:35:10.000Z</time>
        <extensions>
          <ns3:TrackPointExtension>
            <ns3:atemp>36.0</ns3:atemp>
          </ns3:TrackPointExtension>
        </extensions>
      </trkpt>
      <trkpt lat="40.02074073068797588348388671875" lon="-105.276999212801456451416015625">
        <ele>1664.199951171875</ele>
        <time>2026-07-18T17:35:11.000Z</time>
        <extensions>
          <ns3:TrackPointExtension>
            <ns3:atemp>36.0</ns3:atemp>
          </ns3:TrackPointExtension>
        </extensions>
      </trkpt>
      <trkpt lat="40.020692534744739532470703125" lon="-105.27727019973099231719970703125">
        <ele>1664.4000244140625</ele>
        <time>2026-07-18T17:35:16.000Z</time>
        <extensions>
          <ns3:TrackPointExtension>
            <ns3:atemp>36.0</ns3:atemp>
          </ns3:TrackPointExtension>
        </extensions>
      </trkpt>
      <trkpt lat="40.02064601518213748931884765625" lon="-105.27747270651161670684814453125">
        <ele>1664.5999755859375</ele>
        <time>2026-07-18T17:35:19.000Z</time>
        <extensions>
          <ns3:TrackPointExtension>
            <ns3:atemp>36.0</ns3:atemp>
          </ns3:TrackPointExtension>
        </extensions>
      </trkpt>
      <trkpt lat="40.020632855594158172607421875" lon="-105.2775757201015949249267578125">
        <ele>1665</ele>
        <time>2026-07-18T17:35:21.000Z</time>
        <extensions>
          <ns3:TrackPointExtension>
            <ns3:atemp>36.0</ns3:atemp>
          </ns3:TrackPointExtension>
        </extensions>
      </trkpt>
      <trkpt lat="40.02064148895442485809326171875" lon="-105.27761469595134258270263671875">
        <ele>1665.199951171875</ele>
        <time>2026-07-18T17:35:25.000Z</time>
        <extensions>
          <ns3:TrackPointExtension>
            <ns3:atemp>36.0</ns3:atemp>
          </ns3:TrackPointExtension>
        </extensions>
      </trkpt>
      <trkpt lat="40.02064836211502552032470703125" lon="-105.277618132531642913818359375">
        <ele>1665.4000244140625</ele>
        <time>2026-07-18T17:35:31.000Z</time>
        <extensions>
          <ns3:TrackPointExtension>
            <ns3:atemp>36.0</ns3:atemp>
          </ns3:TrackPointExtension>
        </extensions>
      </trkpt>
      <trkpt lat="40.02064836211502552032470703125" lon="-105.277618132531642913818359375">
        <ele>1665.4000244140625</ele>
        <time>2026-07-18T17:35:40.000Z</time>
        <extensions>
          <ns3:TrackPointExtension>
            <ns3:atemp>36.0</ns3:atemp>
          </ns3:TrackPointExtension>
        </extensions>
      </trkpt>
      <trkpt lat="40.02064836211502552032470703125" lon="-105.277618132531642913818359375">
        <ele>1665.800048828125</ele>
        <time>2026-07-18T17:35:50.000Z</time>
        <extensions>
          <ns3:TrackPointExtension>
            <ns3:atemp>35.0</ns3:atemp>
          </ns3:TrackPointExtension>
        </extensions>
      </trkpt>
      <trkpt lat="40.02064836211502552032470703125" lon="-105.277618132531642913818359375">
        <ele>1664.800048828125</ele>
        <time>2026-07-18T17:36:32.000Z</time>
        <extensions>
          <ns3:TrackPointExtension>
            <ns3:atemp>35.0</ns3:atemp>
          </ns3:TrackPointExtension>
        </extensions>
      </trkpt>
      <trkpt lat="40.02064836211502552032470703125" lon="-105.277618132531642913818359375">
        <ele>1665</ele>
        <time>2026-07-18T17:37:07.000Z</time>
        <extensions>
          <ns3:TrackPointExtension>
            <ns3:atemp>34.0</ns3:atemp>
          </ns3:TrackPointExtension>
        </extensions>
      </trkpt>
      <trkpt lat="40.02064836211502552032470703125" lon="-105.277618132531642913818359375">
        <ele>1665</ele>
        <time>2026-07-18T17:37:57.000Z</time>
        <extensions>
          <ns3:TrackPointExtension>
            <ns3:atemp>34.0</ns3:atemp>
          </ns3:TrackPointExtension>
        </extensions>
      </trkpt>
      <trkpt lat="40.02063645981252193450927734375" lon="-105.27770454995334148406982421875">
        <ele>1665.4000244140625</ele>
        <time>2026-07-18T17:44:07.000Z</time>
        <extensions>
          <ns3:TrackPointExtension>
            <ns3:atemp>34.0</ns3:atemp>
          </ns3:TrackPointExtension>
        </extensions>
      </trkpt>
      <trkpt lat="40.02063344232738018035888671875" lon="-105.2777336351573467254638671875">
        <ele>1665.4000244140625</ele>
        <time>2026-07-18T17:44:08.000Z</time>
        <extensions>
          <ns3:TrackPointExtension>
            <ns3:atemp>33.0</ns3:atemp>
          </ns3:TrackPointExtension>
        </extensions>
      </trkpt>
      <trkpt lat="40.02058901824057102203369140625" lon="-105.27789448387920856475830078125">
        <ele>1665.4000244140625</ele>
        <time>2026-07-18T17:44:13.000Z</time>
        <extensions>
          <ns3:TrackPointExtension>
            <ns3:atemp>33.0</ns3:atemp>
          </ns3:TrackPointExtension>
        </extensions>
      </trkpt>
      <trkpt lat="40.02052548341453075408935546875" lon="-105.27810855768620967864990234375">
        <ele>1665.5999755859375</ele>
        <time>2026-07-18T17:44:18.000Z</time>
        <extensions>
          <ns3:TrackPointExtension>
            <ns3:atemp>33.0</ns3:atemp>
          </ns3:TrackPointExtension>
        </extensions>
      </trkpt>
      <trkpt lat="40.02050109207630157470703125" lon="-105.278169326484203338623046875">
        <ele>1665.800048828125</ele>
        <time>2026-07-18T17:44:20.000Z</time>
        <extensions>
          <ns3:TrackPointExtension>
            <ns3:atemp>33.0</ns3:atemp>
          </ns3:TrackPointExtension>
        </extensions>
      </trkpt>
      <trkpt lat="40.02049614675343036651611328125" lon="-105.278234370052814483642578125">
        <ele>1666</ele>
        <time>2026-07-18T17:44:22.000Z</time>
        <extensions>
          <ns3:TrackPointExtension>
            <ns3:atemp>33.0</ns3:atemp>
          </ns3:TrackPointExtension>
        </extensions>
      </trkpt>
      <trkpt lat="40.0204945541918277740478515625" lon="-105.2782633714377880096435546875">
        <ele>1666.199951171875</ele>
        <time>2026-07-18T17:44:26.000Z</time>
        <extensions>
          <ns3:TrackPointExtension>
            <ns3:atemp>33.0</ns3:atemp>
          </ns3:TrackPointExtension>
        </extensions>
      </trkpt>
      <trkpt lat="40.02049748785793781280517578125" lon="-105.27824836783111095428466796875">
        <ele>1666.5999755859375</ele>
        <time>2026-07-18T17:45:49.000Z</time>
        <extensions>
          <ns3:TrackPointExtension>
            <ns3:atemp>33.0</ns3:atemp>
          </ns3:TrackPointExtension>
        </extensions>
      </trkpt>
      <trkpt lat="40.02050972543656826019287109375" lon="-105.278220959007740020751953125">
        <ele>1666.5999755859375</ele>
        <time>2026-07-18T17:45:50.000Z</time>
        <extensions>
          <ns3:TrackPointExtension>
            <ns3:atemp>33.0</ns3:atemp>
          </ns3:TrackPointExtension>
        </extensions>
      </trkpt>
      <trkpt lat="40.02055163495242595672607421875" lon="-105.27813755907118320465087890625">
        <ele>1666.5999755859375</ele>
        <time>2026-07-18T17:45:52.000Z</time>
        <extensions>
          <ns3:TrackPointExtension>
            <ns3:atemp>33.0</ns3:atemp>
          </ns3:TrackPointExtension>
        </extensions>
      </trkpt>
      <trkpt lat="40.02058449201285839080810546875" lon="-105.27808106504380702972412109375">
        <ele>1666.5999755859375</ele>
        <time>2026-07-18T17:45:53.000Z</time>
        <extensions>
          <ns3:TrackPointExtension>
            <ns3:atemp>33.0</ns3:atemp>
          </ns3:TrackPointExtension>
        </extensions>
      </trkpt>
      <trkpt lat="40.02060997299849987030029296875" lon="-105.2780186198651790618896484375">
        <ele>1666.5999755859375</ele>
        <time>2026-07-18T17:45:54.000Z</time>
        <extensions>
          <ns3:TrackPointExtension>
            <ns3:atemp>33.0</ns3:atemp>
          </ns3:TrackPointExtension>
        </extensions>
      </trkpt>
      <trkpt lat="40.02062983810901641845703125" lon="-105.27789515443146228790283203125">
        <ele>1666.4000244140625</ele>
        <time>2026-07-18T17:45:56.000Z</time>
        <extensions>
          <ns3:TrackPointExtension>
            <ns3:atemp>33.0</ns3:atemp>
          </ns3:TrackPointExtension>
        </extensions>
      </trkpt>
      <trkpt lat="40.02064299769699573516845703125" lon="-105.27779289521276950836181640625">
        <ele>1666.4000244140625</ele>
        <time>2026-07-18T17:45:59.000Z</time>
        <extensions>
          <ns3:TrackPointExtension>
            <ns3:atemp>33.0</ns3:atemp>
          </ns3:TrackPointExtension>
        </extensions>
      </trkpt>
      <trkpt lat="40.02063327468931674957275390625" lon="-105.277832038700580596923828125">
        <ele>1666.199951171875</ele>
        <time>2026-07-18T17:46:02.000Z</time>
        <extensions>
          <ns3:TrackPointExtension>
            <ns3:atemp>33.0</ns3:atemp>
          </ns3:TrackPointExtension>
        </extensions>
      </trkpt>
      <trkpt lat="40.020601339638233184814453125" lon="-105.278017781674861907958984375">
        <ele>1666.4000244140625</ele>
        <time>2026-07-18T17:46:08.000Z</time>
        <extensions>
          <ns3:TrackPointExtension>
            <ns3:atemp>33.0</ns3:atemp>
          </ns3:TrackPointExtension>
        </extensions>
      </trkpt>
      <trkpt lat="40.02059572376310825347900390625" lon="-105.2780441008508205413818359375">
        <ele>1666.199951171875</ele>
        <time>2026-07-18T17:46:09.000Z</time>
        <extensions>
          <ns3:TrackPointExtension>
            <ns3:atemp>33.0</ns3:atemp>
          </ns3:TrackPointExtension>
        </extensions>
      </trkpt>
      <trkpt lat="40.02054526470601558685302734375" lon="-105.27812045998871326446533203125">
        <ele>1666.199951171875</ele>
        <time>2026-07-18T17:46:12.000Z</time>
        <extensions>
          <ns3:TrackPointExtension>
            <ns3:atemp>33.0</ns3:atemp>
          </ns3:TrackPointExtension>
        </extensions>
      </trkpt>
      <trkpt lat="40.02050553448498249053955078125" lon="-105.2782958932220935821533203125">
        <ele>1666.199951171875</ele>
        <time>2026-07-18T17:46:17.000Z</time>
        <extensions>
          <ns3:TrackPointExtension>
            <ns3:atemp>33.0</ns3:atemp>
          </ns3:TrackPointExtension>
        </extensions>
      </trkpt>
      <trkpt lat="40.0204144231975078582763671875" lon="-105.2785483561456203460693359375">
        <ele>1666.199951171875</ele>
        <time>2026-07-18T17:46:22.000Z</time>
        <extensions>
          <ns3:TrackPointExtension>
            <ns3:atemp>33.0</ns3:atemp>
          </ns3:TrackPointExtension>
        </extensions>
      </trkpt>
      <trkpt lat="40.020397491753101348876953125" lon="-105.27860887348651885986328125">
        <ele>1666.199951171875</ele>
        <time>2026-07-18T17:46:23.000Z</time>
        <extensions>
          <ns3:TrackPointExtension>
            <ns3:atemp>33.0</ns3:atemp>
          </ns3:TrackPointExtension>
        </extensions>
      </trkpt>
      <trkpt lat="40.02037234604358673095703125" lon="-105.27871909551322460174560546875">
        <ele>1666.4000244140625</ele>
        <time>2026-07-18T17:46:25.000Z</time>
        <extensions>
          <ns3:TrackPointExtension>
            <ns3:atemp>33.0</ns3:atemp>
          </ns3:TrackPointExtension>
        </extensions>
      </trkpt>
      <trkpt lat="40.0203373096883296966552734375" lon="-105.27888606302440166473388671875">
        <ele>1666.4000244140625</ele>
        <time>2026-07-18T17:46:28.000Z</time>
        <extensions>
          <ns3:TrackPointExtension>
            <ns3:atemp>33.0</ns3:atemp>
          </ns3:TrackPointExtension>
        </extensions>
      </trkpt>
      <trkpt lat="40.02032733522355556488037109375" lon="-105.27894624508917331695556640625">
        <ele>1666.4000244140625</ele>
        <time>2026-07-18T17:46:29.000Z</time>
        <extensions>
          <ns3:TrackPointExtension>
            <ns3:atemp>33.0</ns3:atemp>
          </ns3:TrackPointExtension>
        </extensions>
      </trkpt>
      <trkpt lat="40.02032096497714519500732421875" lon="-105.27900391258299350738525390625">
        <ele>1666.4000244140625</ele>
        <time>2026-07-18T17:46:30.000Z</time>
        <extensions>
          <ns3:TrackPointExtension>
            <ns3:atemp>33.0</ns3:atemp>
          </ns3:TrackPointExtension>
        </extensions>
      </trkpt>
      <trkpt lat="40.020268745720386505126953125" lon="-105.27924858033657073974609375">
        <ele>1666.4000244140625</ele>
        <time>2026-07-18T17:46:35.000Z</time>
        <extensions>
          <ns3:TrackPointExtension>
            <ns3:atemp>33.0</ns3:atemp>
          </ns3:TrackPointExtension>
        </extensions>
      </trkpt>
      <trkpt lat="40.0202236510813236236572265625" lon="-105.279417224228382110595703125">
        <ele>1667</ele>
        <time>2026-07-18T17:46:40.000Z</time>
        <extensions>
          <ns3:TrackPointExtension>
            <ns3:atemp>33.0</ns3:atemp>
          </ns3:TrackPointExtension>
        </extensions>
      </trkpt>
      <trkpt lat="40.02021116204559803009033203125" lon="-105.27944832108914852142333984375">
        <ele>1667</ele>
        <time>2026-07-18T17:46:41.000Z</time>
        <extensions>
          <ns3:TrackPointExtension>
            <ns3:atemp>33.0</ns3:atemp>
          </ns3:TrackPointExtension>
        </extensions>
      </trkpt>
      <trkpt lat="40.02015684731304645538330078125" lon="-105.2796815894544124603271484375">
        <ele>1667.199951171875</ele>
        <time>2026-07-18T17:46:47.000Z</time>
        <extensions>
          <ns3:TrackPointExtension>
            <ns3:atemp>33.0</ns3:atemp>
          </ns3:TrackPointExtension>
        </extensions>
      </trkpt>
      <trkpt lat="40.020106472074985504150390625" lon="-105.27997939847409725189208984375">
        <ele>1667.4000244140625</ele>
        <time>2026-07-18T17:46:53.000Z</time>
        <extensions>
          <ns3:TrackPointExtension>
            <ns3:atemp>33.0</ns3:atemp>
          </ns3:TrackPointExtension>
        </extensions>
      </trkpt>
      <trkpt lat="40.0200511515140533447265625" lon="-105.2802036143839359283447265625">
        <ele>1668</ele>
        <time>2026-07-18T17:46:58.000Z</time>
        <extensions>
          <ns3:TrackPointExtension>
            <ns3:atemp>34.0</ns3:atemp>
          </ns3:TrackPointExtension>
        </extensions>
      </trkpt>
      <trkpt lat="40.0200335495173931121826171875" lon="-105.28028734959661960601806640625">
        <ele>1668</ele>
        <time>2026-07-18T17:47:00.000Z</time>
        <extensions>
          <ns3:TrackPointExtension>
            <ns3:atemp>34.0</ns3:atemp>
          </ns3:TrackPointExtension>
        </extensions>
      </trkpt>
      <trkpt lat="40.0200000219047069549560546875" lon="-105.280423723161220550537109375">
        <ele>1668.4000244140625</ele>
        <time>2026-07-18T17:47:03.000Z</time>
        <extensions>
          <ns3:TrackPointExtension>
            <ns3:atemp>33.0</ns3:atemp>
          </ns3:TrackPointExtension>
        </extensions>
      </trkpt>
      <trkpt lat="40.01998879015445709228515625" lon="-105.28048281557857990264892578125">
        <ele>1668.5999755859375</ele>
        <time>2026-07-18T17:47:04.000Z</time>
        <extensions>
          <ns3:TrackPointExtension>
            <ns3:atemp>34.0</ns3:atemp>
          </ns3:TrackPointExtension>
        </extensions>
      </trkpt>
      <trkpt lat="40.0199343077838420867919921875" lon="-105.28072454966604709625244140625">
        <ele>1669</ele>
        <time>2026-07-18T17:47:08.000Z</time>
        <extensions>
          <ns3:TrackPointExtension>
            <ns3:atemp>34.0</ns3:atemp>
          </ns3:TrackPointExtension>
        </extensions>
      </trkpt>
      <trkpt lat="40.0198923982679843902587890625" lon="-105.28085916303098201751708984375">
        <ele>1669.4000244140625</ele>
        <time>2026-07-18T17:47:11.000Z</time>
        <extensions>
          <ns3:TrackPointExtension>
            <ns3:atemp>34.0</ns3:atemp>
          </ns3:TrackPointExtension>
        </extensions>
      </trkpt>
      <trkpt lat="40.0198789872229099273681640625" lon="-105.28091649524867534637451171875">
        <ele>1669.5999755859375</ele>
        <time>2026-07-18T17:47:12.000Z</time>
        <extensions>
          <ns3:TrackPointExtension>
            <ns3:atemp>34.0</ns3:atemp>
          </ns3:TrackPointExtension>
        </extensions>
      </trkpt>
      <trkpt lat="40.01983146183192729949951171875" lon="-105.281033255159854888916015625">
        <ele>1670</ele>
        <time>2026-07-18T17:47:14.000Z</time>
        <extensions>
          <ns3:TrackPointExtension>
            <ns3:atemp>34.0</ns3:atemp>
          </ns3:TrackPointExtension>
        </extensions>
      </trkpt>
      <trkpt lat="40.0197921507060527801513671875" lon="-105.28137431479990482330322265625">
        <ele>1670.4000244140625</ele>
        <time>2026-07-18T17:47:20.000Z</time>
        <extensions>
          <ns3:TrackPointExtension>
            <ns3:atemp>34.0</ns3:atemp>
          </ns3:TrackPointExtension>
        </extensions>
      </trkpt>
      <trkpt lat="40.0197307951748371124267578125" lon="-105.28164119459688663482666015625">
        <ele>1671.4000244140625</ele>
        <time>2026-07-18T17:47:25.000Z</time>
        <extensions>
          <ns3:TrackPointExtension>
            <ns3:atemp>34.0</ns3:atemp>
          </ns3:TrackPointExtension>
        </extensions>
      </trkpt>
      <trkpt lat="40.0196811743080615997314453125" lon="-105.2818595431745052337646484375">
        <ele>1672.4000244140625</ele>
        <time>2026-07-18T17:47:29.000Z</time>
        <extensions>
          <ns3:TrackPointExtension>
            <ns3:atemp>34.0</ns3:atemp>
          </ns3:TrackPointExtension>
        </extensions>
      </trkpt>
      <trkpt lat="40.01966935582458972930908203125" lon="-105.28191067278385162353515625">
        <ele>1672.5999755859375</ele>
        <time>2026-07-18T17:47:30.000Z</time>
        <extensions>
          <ns3:TrackPointExtension>
            <ns3:atemp>34.0</ns3:atemp>
          </ns3:TrackPointExtension>
        </extensions>
      </trkpt>
      <trkpt lat="40.0196322239935398101806640625" lon="-105.2820603735744953155517578125">
        <ele>1673.199951171875</ele>
        <time>2026-07-18T17:47:33.000Z</time>
        <extensions>
          <ns3:TrackPointExtension>
            <ns3:atemp>34.0</ns3:atemp>
          </ns3:TrackPointExtension>
        </extensions>
      </trkpt>
      <trkpt lat="40.01960950903594493865966796875" lon="-105.28214938938617706298828125">
        <ele>1673.4000244140625</ele>
        <time>2026-07-18T17:47:35.000Z</time>
        <extensions>
          <ns3:TrackPointExtension>
            <ns3:atemp>34.0</ns3:atemp>
          </ns3:TrackPointExtension>
        </extensions>
      </trkpt>
      <trkpt lat="40.01960263587534427642822265625" lon="-105.2821921370923519134521484375">
        <ele>1674</ele>
        <time>2026-07-18T17:47:36.000Z</time>
        <extensions>
          <ns3:TrackPointExtension>
            <ns3:atemp>34.0</ns3:atemp>
          </ns3:TrackPointExtension>
        </extensions>
      </trkpt>
      <trkpt lat="40.019593499600887298583984375" lon="-105.28223932720720767974853515625">
        <ele>1674.199951171875</ele>
        <time>2026-07-18T17:47:37.000Z</time>
        <extensions>
          <ns3:TrackPointExtension>
            <ns3:atemp>34.0</ns3:atemp>
          </ns3:TrackPointExtension>
        </extensions>
      </trkpt>
      <trkpt lat="40.019546560943126678466796875" lon="-105.28243504464626312255859375">
        <ele>1674.5999755859375</ele>
        <time>2026-07-18T17:47:41.000Z</time>
        <extensions>
          <ns3:TrackPointExtension>
            <ns3:atemp>34.0</ns3:atemp>
          </ns3:TrackPointExtension>
        </extensions>
      </trkpt>
      <trkpt lat="40.0195403583347797393798828125" lon="-105.28254509903490543365478515625">
        <ele>1675</ele>
        <time>2026-07-18T17:47:43.000Z</time>
        <extensions>
          <ns3:TrackPointExtension>
            <ns3:atemp>34.0</ns3:atemp>
          </ns3:TrackPointExtension>
        </extensions>
      </trkpt>
      <trkpt lat="40.019533149898052215576171875" lon="-105.28259488753974437713623046875">
        <ele>1675</ele>
        <time>2026-07-18T17:47:44.000Z</time>
        <extensions>
          <ns3:TrackPointExtension>
            <ns3:atemp>34.0</ns3:atemp>
          </ns3:TrackPointExtension>
        </extensions>
      </trkpt>
      <trkpt lat="40.019454024732112884521484375" lon="-105.282958410680294036865234375">
        <ele>1675.4000244140625</ele>
        <time>2026-07-18T17:47:50.000Z</time>
        <extensions>
          <ns3:TrackPointExtension>
            <ns3:atemp>34.0</ns3:atemp>
          </ns3:TrackPointExtension>
        </extensions>
      </trkpt>
      <trkpt lat="40.01943985931575298309326171875" lon="-105.28301448561251163482666015625">
        <ele>1675.5999755859375</ele>
        <time>2026-07-18T17:47:51.000Z</time>
        <extensions>
          <ns3:TrackPointExtension>
            <ns3:atemp>34.0</ns3:atemp>
          </ns3:TrackPointExtension>
        </extensions>
      </trkpt>
      <trkpt lat="40.0194102711975574493408203125" lon="-105.2831322513520717620849609375">
        <ele>1675.5999755859375</ele>
        <time>2026-07-18T17:47:53.000Z</time>
        <extensions>
          <ns3:TrackPointExtension>
            <ns3:atemp>34.0</ns3:atemp>
          </ns3:TrackPointExtension>
        </extensions>
      </trkpt>
      <trkpt lat="40.01936039887368679046630859375" lon="-105.2833092771470546722412109375">
        <ele>1676</ele>
        <time>2026-07-18T17:47:56.000Z</time>
        <extensions>
          <ns3:TrackPointExtension>
            <ns3:atemp>34.0</ns3:atemp>
          </ns3:TrackPointExtension>
        </extensions>
      </trkpt>
      <trkpt lat="40.0193412043154239654541015625" lon="-105.28337256051599979400634765625">
        <ele>1676.199951171875</ele>
        <time>2026-07-18T17:47:57.000Z</time>
        <extensions>
          <ns3:TrackPointExtension>
            <ns3:atemp>34.0</ns3:atemp>
          </ns3:TrackPointExtension>
        </extensions>
      </trkpt>
      <trkpt lat="40.019285045564174652099609375" lon="-105.28366475366055965423583984375">
        <ele>1676.4000244140625</ele>
        <time>2026-07-18T17:48:02.000Z</time>
        <extensions>
          <ns3:TrackPointExtension>
            <ns3:atemp>34.0</ns3:atemp>
          </ns3:TrackPointExtension>
        </extensions>
      </trkpt>
      <trkpt lat="40.01925847493112087249755859375" lon="-105.2837746404111385345458984375">
        <ele>1676.4000244140625</ele>
        <time>2026-07-18T17:48:04.000Z</time>
        <extensions>
          <ns3:TrackPointExtension>
            <ns3:atemp>34.0</ns3:atemp>
          </ns3:TrackPointExtension>
        </extensions>
      </trkpt>
      <trkpt lat="40.01924405805766582489013671875" lon="-105.2838359959423542022705078125">
        <ele>1676.5999755859375</ele>
        <time>2026-07-18T17:48:05.000Z</time>
        <extensions>
          <ns3:TrackPointExtension>
            <ns3:atemp>34.0</ns3:atemp>
          </ns3:TrackPointExtension>
        </extensions>
      </trkpt>
      <trkpt lat="40.01916107721626758575439453125" lon="-105.28424126096069812774658203125">
        <ele>1676.800048828125</ele>
        <time>2026-07-18T17:48:12.000Z</time>
        <extensions>
          <ns3:TrackPointExtension>
            <ns3:atemp>35.0</ns3:atemp>
          </ns3:TrackPointExtension>
        </extensions>
      </trkpt>
      <trkpt lat="40.019127465784549713134765625" lon="-105.28435860760509967803955078125">
        <ele>1677</ele>
        <time>2026-07-18T17:48:16.000Z</time>
        <extensions>
          <ns3:TrackPointExtension>
            <ns3:atemp>35.0</ns3:atemp>
          </ns3:TrackPointExtension>
        </extensions>
      </trkpt>
      <trkpt lat="40.019127465784549713134765625" lon="-105.28435860760509967803955078125">
        <ele>1677.199951171875</ele>
        <time>2026-07-18T17:48:17.000Z</time>
        <extensions>
          <ns3:TrackPointExtension>
            <ns3:atemp>35.0</ns3:atemp>
          </ns3:TrackPointExtension>
        </extensions>
      </trkpt>
      <trkpt lat="40.019127465784549713134765625" lon="-105.28435860760509967803955078125">
        <ele>1677.5999755859375</ele>
        <time>2026-07-18T17:48:31.000Z</time>
        <extensions>
          <ns3:TrackPointExtension>
            <ns3:atemp>35.0</ns3:atemp>
          </ns3:TrackPointExtension>
        </extensions>
      </trkpt>
      <trkpt lat="40.019127465784549713134765625" lon="-105.28435860760509967803955078125">
        <ele>1677.800048828125</ele>
        <time>2026-07-18T17:48:40.000Z</time>
        <extensions>
          <ns3:TrackPointExtension>
            <ns3:atemp>35.0</ns3:atemp>
          </ns3:TrackPointExtension>
        </extensions>
      </trkpt>
      <trkpt lat="40.01907910220324993133544921875" lon="-105.28436363674700260162353515625">
        <ele>1677.800048828125</ele>
        <time>2026-07-18T17:48:47.000Z</time>
        <extensions>
          <ns3:TrackPointExtension>
            <ns3:atemp>35.0</ns3:atemp>
          </ns3:TrackPointExtension>
        </extensions>
      </trkpt>
      <trkpt lat="40.01905529759824275970458984375" lon="-105.28437973000109195709228515625">
        <ele>1677.800048828125</ele>
        <time>2026-07-18T17:48:52.000Z</time>
        <extensions>
          <ns3:TrackPointExtension>
            <ns3:atemp>35.0</ns3:atemp>
          </ns3:TrackPointExtension>
        </extensions>
      </trkpt>
      <trkpt lat="40.0189809501171112060546875" lon="-105.28440303169190883636474609375">
        <ele>1677.800048828125</ele>
        <time>2026-07-18T17:48:55.000Z</time>
        <extensions>
          <ns3:TrackPointExtension>
            <ns3:atemp>35.0</ns3:atemp>
          </ns3:TrackPointExtension>
        </extensions>
      </trkpt>
      <trkpt lat="40.0189365260303020477294921875" lon="-105.2843885309994220733642578125">
        <ele>1677.800048828125</ele>
        <time>2026-07-18T17:48:56.000Z</time>
        <extensions>
          <ns3:TrackPointExtension>
            <ns3:atemp>35.0</ns3:atemp>
          </ns3:TrackPointExtension>
        </extensions>
      </trkpt>
      <trkpt lat="40.01888732425868511199951171875" lon="-105.284373275935649871826171875">
        <ele>1677.800048828125</ele>
        <time>2026-07-18T17:48:57.000Z</time>
        <extensions>
          <ns3:TrackPointExtension>
            <ns3:atemp>35.0</ns3:atemp>
          </ns3:TrackPointExtension>
        </extensions>
      </trkpt>
      <trkpt lat="40.0187833048403263092041015625" lon="-105.28435089625418186187744140625">
        <ele>1677.5999755859375</ele>
        <time>2026-07-18T17:48:59.000Z</time>
        <extensions>
          <ns3:TrackPointExtension>
            <ns3:atemp>35.0</ns3:atemp>
          </ns3:TrackPointExtension>
        </extensions>
      </trkpt>
      <trkpt lat="40.018727146089076995849609375" lon="-105.28433647938072681427001953125">
        <ele>1677.5999755859375</ele>
        <time>2026-07-18T17:49:00.000Z</time>
        <extensions>
          <ns3:TrackPointExtension>
            <ns3:atemp>35.0</ns3:atemp>
          </ns3:TrackPointExtension>
        </extensions>
      </trkpt>
      <trkpt lat="40.0184621103107929229736328125" lon="-105.28424092568457126617431640625">
        <ele>1676.800048828125</ele>
        <time>2026-07-18T17:49:04.000Z</time>
        <extensions>
          <ns3:TrackPointExtension>
            <ns3:atemp>35.0</ns3:atemp>
          </ns3:TrackPointExtension>
        </extensions>
      </trkpt>
      <trkpt lat="40.018240325152873992919921875" lon="-105.2841504849493503570556640625">
        <ele>1676</ele>
        <time>2026-07-18T17:49:07.000Z</time>
        <extensions>
          <ns3:TrackPointExtension>
            <ns3:atemp>35.0</ns3:atemp>
          </ns3:TrackPointExtension>
        </extensions>
      </trkpt>
      <trkpt lat="40.01809674315154552459716796875" lon="-105.28409667313098907470703125">
        <ele>1675.5999755859375</ele>
        <time>2026-07-18T17:49:09.000Z</time>
        <extensions>
          <ns3:TrackPointExtension>
            <ns3:atemp>35.0</ns3:atemp>
          </ns3:TrackPointExtension>
        </extensions>
      </trkpt>
      <trkpt lat="40.01800353638827800750732421875" lon="-105.2840576134622097015380859375">
        <ele>1675</ele>
        <time>2026-07-18T17:49:10.000Z</time>
        <extensions>
          <ns3:TrackPointExtension>
            <ns3:atemp>35.0</ns3:atemp>
          </ns3:TrackPointExtension>
        </extensions>
      </trkpt>
      <trkpt lat="40.017846710979938507080078125" lon="-105.28398326598107814788818359375">
        <ele>1674.4000244140625</ele>
        <time>2026-07-18T17:49:12.000Z</time>
        <extensions>
          <ns3:TrackPointExtension>
            <ns3:atemp>36.0</ns3:atemp>
          </ns3:TrackPointExtension>
        </extensions>
      </trkpt>
      <trkpt lat="40.0177627243101596832275390625" lon="-105.28395627625286579132080078125">
        <ele>1674.199951171875</ele>
        <time>2026-07-18T17:49:13.000Z</time>
        <extensions>
          <ns3:TrackPointExtension>
            <ns3:atemp>36.0</ns3:atemp>
          </ns3:TrackPointExtension>
        </extensions>
      </trkpt>
      <trkpt lat="40.0176772288978099822998046875" lon="-105.283927023410797119140625">
        <ele>1673.800048828125</ele>
        <time>2026-07-18T17:49:14.000Z</time>
        <extensions>
          <ns3:TrackPointExtension>
            <ns3:atemp>36.0</ns3:atemp>
          </ns3:TrackPointExtension>
        </extensions>
      </trkpt>
      <trkpt lat="40.01750330440700054168701171875" lon="-105.2838688530027866363525390625">
        <ele>1672.800048828125</ele>
        <time>2026-07-18T17:49:16.000Z</time>
        <extensions>
          <ns3:TrackPointExtension>
            <ns3:atemp>36.0</ns3:atemp>
          </ns3:TrackPointExtension>
        </extensions>
      </trkpt>
      <trkpt lat="40.01741521060466766357421875" lon="-105.28385586105287075042724609375">
        <ele>1672.4000244140625</ele>
        <time>2026-07-18T17:49:17.000Z</time>
        <extensions>
          <ns3:TrackPointExtension>
            <ns3:atemp>36.0</ns3:atemp>
          </ns3:TrackPointExtension>
        </extensions>
      </trkpt>
      <trkpt lat="40.0173315592110157012939453125" lon="-105.28384228236973285675048828125">
        <ele>1672.199951171875</ele>
        <time>2026-07-18T17:49:18.000Z</time>
        <extensions>
          <ns3:TrackPointExtension>
            <ns3:atemp>36.0</ns3:atemp>
          </ns3:TrackPointExtension>
        </extensions>
      </trkpt>
      <trkpt lat="40.01715612597763538360595703125" lon="-105.28383658267557621002197265625">
        <ele>1671.800048828125</ele>
        <time>2026-07-18T17:49:21.000Z</time>
        <extensions>
          <ns3:TrackPointExtension>
            <ns3:atemp>36.0</ns3:atemp>
          </ns3:TrackPointExtension>
        </extensions>
      </trkpt>
      <trkpt lat="40.01707817427814006805419921875" lon="-105.2838872931897640228271484375">
        <ele>1671.4000244140625</ele>
        <time>2026-07-18T17:49:23.000Z</time>
        <extensions>
          <ns3:TrackPointExtension>
            <ns3:atemp>36.0</ns3:atemp>
          </ns3:TrackPointExtension>
        </extensions>
      </trkpt>
      <trkpt lat="40.017050094902515411376953125" lon="-105.28393146581947803497314453125">
        <ele>1671</ele>
        <time>2026-07-18T17:49:24.000Z</time>
        <extensions>
          <ns3:TrackPointExtension>
            <ns3:atemp>36.0</ns3:atemp>
          </ns3:TrackPointExtension>
        </extensions>
      </trkpt>
      <trkpt lat="40.01703257672488689422607421875" lon="-105.28397957794368267059326171875">
        <ele>1670.5999755859375</ele>
        <time>2026-07-18T17:49:25.000Z</time>
        <extensions>
          <ns3:TrackPointExtension>
            <ns3:atemp>36.0</ns3:atemp>
          </ns3:TrackPointExtension>
        </extensions>
      </trkpt>
      <trkpt lat="40.0170143879950046539306640625" lon="-105.2841053903102874755859375">
        <ele>1670.199951171875</ele>
        <time>2026-07-18T17:49:27.000Z</time>
        <extensions>
          <ns3:TrackPointExtension>
            <ns3:atemp>36.0</ns3:atemp>
          </ns3:TrackPointExtension>
        </extensions>
      </trkpt>
      <trkpt lat="40.0170060060918331146240234375" lon="-105.28416900895535945892333984375">
        <ele>1670</ele>
        <time>2026-07-18T17:49:28.000Z</time>
        <extensions>
          <ns3:TrackPointExtension>
            <ns3:atemp>36.0</ns3:atemp>
          </ns3:TrackPointExtension>
        </extensions>
      </trkpt>
      <trkpt lat="40.01699469052255153656005859375" lon="-105.28422701172530651092529296875">
        <ele>1670</ele>
        <time>2026-07-18T17:49:29.000Z</time>
        <extensions>
          <ns3:TrackPointExtension>
            <ns3:atemp>36.0</ns3:atemp>
          </ns3:TrackPointExtension>
        </extensions>
      </trkpt>
      <trkpt lat="40.0169827044010162353515625" lon="-105.28429088182747364044189453125">
        <ele>1670</ele>
        <time>2026-07-18T17:49:30.000Z</time>
        <extensions>
          <ns3:TrackPointExtension>
            <ns3:atemp>36.0</ns3:atemp>
          </ns3:TrackPointExtension>
        </extensions>
      </trkpt>
      <trkpt lat="40.016968287527561187744140625" lon="-105.28441862203180789947509765625">
        <ele>1670</ele>
        <time>2026-07-18T17:49:32.000Z</time>
        <extensions>
          <ns3:TrackPointExtension>
            <ns3:atemp>36.0</ns3:atemp>
          </ns3:TrackPointExtension>
        </extensions>
      </trkpt>
      <trkpt lat="40.0169627554714679718017578125" lon="-105.284479893743991851806640625">
        <ele>1670</ele>
        <time>2026-07-18T17:49:33.000Z</time>
        <extensions>
          <ns3:TrackPointExtension>
            <ns3:atemp>36.0</ns3:atemp>
          </ns3:TrackPointExtension>
        </extensions>
      </trkpt>
      <trkpt lat="40.0169500149786472320556640625" lon="-105.28454552404582500457763671875">
        <ele>1670</ele>
        <time>2026-07-18T17:49:34.000Z</time>
        <extensions>
          <ns3:TrackPointExtension>
            <ns3:atemp>36.0</ns3:atemp>
          </ns3:TrackPointExtension>
        </extensions>
      </trkpt>
      <trkpt lat="40.01691673882305622100830078125" lon="-105.28469220735132694244384765625">
        <ele>1670</ele>
        <time>2026-07-18T17:49:36.000Z</time>
        <extensions>
          <ns3:TrackPointExtension>
            <ns3:atemp>36.0</ns3:atemp>
          </ns3:TrackPointExtension>
        </extensions>
      </trkpt>
      <trkpt lat="40.01689477823674678802490234375" lon="-105.28484090231359004974365234375">
        <ele>1670</ele>
        <time>2026-07-18T17:49:38.000Z</time>
        <extensions>
          <ns3:TrackPointExtension>
            <ns3:atemp>36.0</ns3:atemp>
          </ns3:TrackPointExtension>
        </extensions>
      </trkpt>
      <trkpt lat="40.0168440677225589752197265625" lon="-105.2851836383342742919921875">
        <ele>1670</ele>
        <time>2026-07-18T17:49:43.000Z</time>
        <extensions>
          <ns3:TrackPointExtension>
            <ns3:atemp>36.0</ns3:atemp>
          </ns3:TrackPointExtension>
        </extensions>
      </trkpt>
      <trkpt lat="40.0168271362781524658203125" lon="-105.285241641104221343994140625">
        <ele>1670.4000244140625</ele>
        <time>2026-07-18T17:49:44.000Z</time>
        <extensions>
          <ns3:TrackPointExtension>
            <ns3:atemp>36.0</ns3:atemp>
          </ns3:TrackPointExtension>
        </extensions>
      </trkpt>
      <trkpt lat="40.0167937763035297393798828125" lon="-105.2853767573833465576171875">
        <ele>1670.4000244140625</ele>
        <time>2026-07-18T17:49:46.000Z</time>
        <extensions>
          <ns3:TrackPointExtension>
            <ns3:atemp>36.0</ns3:atemp>
          </ns3:TrackPointExtension>
        </extensions>
      </trkpt>
      <trkpt lat="40.01672345213592052459716796875" lon="-105.28576861135661602020263671875">
        <ele>1670.800048828125</ele>
        <time>2026-07-18T17:49:52.000Z</time>
        <extensions>
          <ns3:TrackPointExtension>
            <ns3:atemp>36.0</ns3:atemp>
          </ns3:TrackPointExtension>
        </extensions>
      </trkpt>
      <trkpt lat="40.01670836471021175384521484375" lon="-105.2858327329158782958984375">
        <ele>1670.800048828125</ele>
        <time>2026-07-18T17:49:53.000Z</time>
        <extensions>
          <ns3:TrackPointExtension>
            <ns3:atemp>36.0</ns3:atemp>
          </ns3:TrackPointExtension>
        </extensions>
      </trkpt>
      <trkpt lat="40.01660493202507495880126953125" lon="-105.2863824181258678436279296875">
        <ele>1670.800048828125</ele>
        <time>2026-07-18T17:50:01.000Z</time>
        <extensions>
          <ns3:TrackPointExtension>
            <ns3:atemp>36.0</ns3:atemp>
          </ns3:TrackPointExtension>
        </extensions>
      </trkpt>
      <trkpt lat="40.01655028201639652252197265625" lon="-105.286668576300144195556640625">
        <ele>1671</ele>
        <time>2026-07-18T17:50:05.000Z</time>
        <extensions>
          <ns3:TrackPointExtension>
            <ns3:atemp>36.0</ns3:atemp>
          </ns3:TrackPointExtension>
        </extensions>
      </trkpt>
      <trkpt lat="40.016511976718902587890625" lon="-105.28680033981800079345703125">
        <ele>1671</ele>
        <time>2026-07-18T17:50:07.000Z</time>
        <extensions>
          <ns3:TrackPointExtension>
            <ns3:atemp>36.0</ns3:atemp>
          </ns3:TrackPointExtension>
        </extensions>
      </trkpt>
      <trkpt lat="40.0164963863790035247802734375" lon="-105.286869071424007415771484375">
        <ele>1671.199951171875</ele>
        <time>2026-07-18T17:50:08.000Z</time>
        <extensions>
          <ns3:TrackPointExtension>
            <ns3:atemp>36.0</ns3:atemp>
          </ns3:TrackPointExtension>
        </extensions>
      </trkpt>
      <trkpt lat="40.01648238860070705413818359375" lon="-105.28692908585071563720703125">
        <ele>1671.199951171875</ele>
        <time>2026-07-18T17:50:09.000Z</time>
        <extensions>
          <ns3:TrackPointExtension>
            <ns3:atemp>36.0</ns3:atemp>
          </ns3:TrackPointExtension>
        </extensions>
      </trkpt>
      <trkpt lat="40.0164320133626461029052734375" lon="-105.28723108582198619842529296875">
        <ele>1671.4000244140625</ele>
        <time>2026-07-18T17:50:13.000Z</time>
        <extensions>
          <ns3:TrackPointExtension>
            <ns3:atemp>36.0</ns3:atemp>
          </ns3:TrackPointExtension>
        </extensions>
      </trkpt>
      <trkpt lat="40.01641751267015933990478515625" lon="-105.28729294426739215850830078125">
        <ele>1671.4000244140625</ele>
        <time>2026-07-18T17:50:14.000Z</time>
        <extensions>
          <ns3:TrackPointExtension>
            <ns3:atemp>36.0</ns3:atemp>
          </ns3:TrackPointExtension>
        </extensions>
      </trkpt>
      <trkpt lat="40.01638750545680522918701171875" lon="-105.2874418906867504119873046875">
        <ele>1671.5999755859375</ele>
        <time>2026-07-18T17:50:16.000Z</time>
        <extensions>
          <ns3:TrackPointExtension>
            <ns3:atemp>36.0</ns3:atemp>
          </ns3:TrackPointExtension>
        </extensions>
      </trkpt>
      <trkpt lat="40.01635246910154819488525390625" lon="-105.28763442300260066986083984375">
        <ele>1671.800048828125</ele>
        <time>2026-07-18T17:50:19.000Z</time>
        <extensions>
          <ns3:TrackPointExtension>
            <ns3:atemp>36.0</ns3:atemp>
          </ns3:TrackPointExtension>
        </extensions>
      </trkpt>
      <trkpt lat="40.01634693704545497894287109375" lon="-105.28769494034349918365478515625">
        <ele>1672</ele>
        <time>2026-07-18T17:50:20.000Z</time>
        <extensions>
          <ns3:TrackPointExtension>
            <ns3:atemp>36.0</ns3:atemp>
          </ns3:TrackPointExtension>
        </extensions>
      </trkpt>
      <trkpt lat="40.01631860621273517608642578125" lon="-105.287866853177547454833984375">
        <ele>1672.199951171875</ele>
        <time>2026-07-18T17:50:23.000Z</time>
        <extensions>
          <ns3:TrackPointExtension>
            <ns3:atemp>36.0</ns3:atemp>
          </ns3:TrackPointExtension>
        </extensions>
      </trkpt>
      <trkpt lat="40.01630368642508983612060546875" lon="-105.287932567298412322998046875">
        <ele>1672.4000244140625</ele>
        <time>2026-07-18T17:50:24.000Z</time>
        <extensions>
          <ns3:TrackPointExtension>
            <ns3:atemp>36.0</ns3:atemp>
          </ns3:TrackPointExtension>
        </extensions>
      </trkpt>
      <trkpt lat="40.01625708304345607757568359375" lon="-105.28813130222260951995849609375">
        <ele>1672.5999755859375</ele>
        <time>2026-07-18T17:50:27.000Z</time>
        <extensions>
          <ns3:TrackPointExtension>
            <ns3:atemp>37.0</ns3:atemp>
          </ns3:TrackPointExtension>
        </extensions>
      </trkpt>
      <trkpt lat="40.01624383963644504547119140625" lon="-105.2881888858973979949951171875">
        <ele>1672.800048828125</ele>
        <time>2026-07-18T17:50:28.000Z</time>
        <extensions>
          <ns3:TrackPointExtension>
            <ns3:atemp>37.0</ns3:atemp>
          </ns3:TrackPointExtension>
        </extensions>
      </trkpt>
      <trkpt lat="40.01619019545614719390869140625" lon="-105.28838912956416606903076171875">
        <ele>1673.199951171875</ele>
        <time>2026-07-18T17:50:31.000Z</time>
        <extensions>
          <ns3:TrackPointExtension>
            <ns3:atemp>36.0</ns3:atemp>
          </ns3:TrackPointExtension>
        </extensions>
      </trkpt>
      <trkpt lat="40.01616303808987140655517578125" lon="-105.288547463715076446533203125">
        <ele>1673.4000244140625</ele>
        <time>2026-07-18T17:50:33.000Z</time>
        <extensions>
          <ns3:TrackPointExtension>
            <ns3:atemp>37.0</ns3:atemp>
          </ns3:TrackPointExtension>
        </extensions>
      </trkpt>
      <trkpt lat="40.0161584280431270599365234375" lon="-105.28860018588602542877197265625">
        <ele>1673.5999755859375</ele>
        <time>2026-07-18T17:50:34.000Z</time>
        <extensions>
          <ns3:TrackPointExtension>
            <ns3:atemp>37.0</ns3:atemp>
          </ns3:TrackPointExtension>
        </extensions>
      </trkpt>
      <trkpt lat="40.016124062240123748779296875" lon="-105.2888255752623081207275390625">
        <ele>1674.199951171875</ele>
        <time>2026-07-18T17:50:38.000Z</time>
        <extensions>
          <ns3:TrackPointExtension>
            <ns3:atemp>37.0</ns3:atemp>
          </ns3:TrackPointExtension>
        </extensions>
      </trkpt>
      <trkpt lat="40.01612314023077487945556640625" lon="-105.28888097964227199554443359375">
        <ele>1674.4000244140625</ele>
        <time>2026-07-18T17:50:39.000Z</time>
        <extensions>
          <ns3:TrackPointExtension>
            <ns3:atemp>37.0</ns3:atemp>
          </ns3:TrackPointExtension>
        </extensions>
      </trkpt>
      <trkpt lat="40.01611090265214443206787109375" lon="-105.2889360487461090087890625">
        <ele>1674.5999755859375</ele>
        <time>2026-07-18T17:50:40.000Z</time>
        <extensions>
          <ns3:TrackPointExtension>
            <ns3:atemp>37.0</ns3:atemp>
          </ns3:TrackPointExtension>
        </extensions>
      </trkpt>
      <trkpt lat="40.01606337726116180419921875" lon="-105.2891638688743114471435546875">
        <ele>1675.199951171875</ele>
        <time>2026-07-18T17:50:44.000Z</time>
        <extensions>
          <ns3:TrackPointExtension>
            <ns3:atemp>37.0</ns3:atemp>
          </ns3:TrackPointExtension>
        </extensions>
      </trkpt>
      <trkpt lat="40.0160427577793598175048828125" lon="-105.289266295731067657470703125">
        <ele>1675.5999755859375</ele>
        <time>2026-07-18T17:50:46.000Z</time>
        <extensions>
          <ns3:TrackPointExtension>
            <ns3:atemp>37.0</ns3:atemp>
          </ns3:TrackPointExtension>
        </extensions>
      </trkpt>
      <trkpt lat="40.01603211276233196258544921875" lon="-105.28932086192071437835693359375">
        <ele>1675.800048828125</ele>
        <time>2026-07-18T17:50:47.000Z</time>
        <extensions>
          <ns3:TrackPointExtension>
            <ns3:atemp>37.0</ns3:atemp>
          </ns3:TrackPointExtension>
        </extensions>
      </trkpt>
      <trkpt lat="40.015945695340633392333984375" lon="-105.28969637118279933929443359375">
        <ele>1676.5999755859375</ele>
        <time>2026-07-18T17:50:54.000Z</time>
        <extensions>
          <ns3:TrackPointExtension>
            <ns3:atemp>37.0</ns3:atemp>
          </ns3:TrackPointExtension>
        </extensions>
      </trkpt>
      <trkpt lat="40.0159317813813686370849609375" lon="-105.28975772671401500701904296875">
        <ele>1676.800048828125</ele>
        <time>2026-07-18T17:50:55.000Z</time>
        <extensions>
          <ns3:TrackPointExtension>
            <ns3:atemp>37.0</ns3:atemp>
          </ns3:TrackPointExtension>
        </extensions>
      </trkpt>
      <trkpt lat="40.01588593237102031707763671875" lon="-105.29000130482017993927001953125">
        <ele>1677.4000244140625</ele>
        <time>2026-07-18T17:50:59.000Z</time>
        <extensions>
          <ns3:TrackPointExtension>
            <ns3:atemp>37.0</ns3:atemp>
          </ns3:TrackPointExtension>
        </extensions>
      </trkpt>
      <trkpt lat="40.0158642232418060302734375" lon="-105.2901081740856170654296875">
        <ele>1677.800048828125</ele>
        <time>2026-07-18T17:51:01.000Z</time>
        <extensions>
          <ns3:TrackPointExtension>
            <ns3:atemp>37.0</ns3:atemp>
          </ns3:TrackPointExtension>
        </extensions>
      </trkpt>
      <trkpt lat="40.0158556737005710601806640625" lon="-105.2901639975607395172119140625">
        <ele>1677.800048828125</ele>
        <time>2026-07-18T17:51:02.000Z</time>
        <extensions>
          <ns3:TrackPointExtension>
            <ns3:atemp>37.0</ns3:atemp>
          </ns3:TrackPointExtension>
        </extensions>
      </trkpt>
      <trkpt lat="40.015792138874530792236328125" lon="-105.2905301190912723541259765625">
        <ele>1678.199951171875</ele>
        <time>2026-07-18T17:51:08.000Z</time>
        <extensions>
          <ns3:TrackPointExtension>
            <ns3:atemp>37.0</ns3:atemp>
          </ns3:TrackPointExtension>
        </extensions>
      </trkpt>
      <trkpt lat="40.01576506532728672027587890625" lon="-105.2906498126685619354248046875">
        <ele>1678.199951171875</ele>
        <time>2026-07-18T17:51:10.000Z</time>
        <extensions>
          <ns3:TrackPointExtension>
            <ns3:atemp>37.0</ns3:atemp>
          </ns3:TrackPointExtension>
        </extensions>
      </trkpt>
      <trkpt lat="40.01571737229824066162109375" lon="-105.29088609851896762847900390625">
        <ele>1678.4000244140625</ele>
        <time>2026-07-18T17:51:14.000Z</time>
        <extensions>
          <ns3:TrackPointExtension>
            <ns3:atemp>37.0</ns3:atemp>
          </ns3:TrackPointExtension>
        </extensions>
      </trkpt>
      <trkpt lat="40.01567068509757518768310546875" lon="-105.2910689078271389007568359375">
        <ele>1678.800048828125</ele>
        <time>2026-07-18T17:51:17.000Z</time>
        <extensions>
          <ns3:TrackPointExtension>
            <ns3:atemp>37.0</ns3:atemp>
          </ns3:TrackPointExtension>
        </extensions>
      </trkpt>
      <trkpt lat="40.01558468677103519439697265625" lon="-105.29145061969757080078125">
        <ele>1679.4000244140625</ele>
        <time>2026-07-18T17:51:23.000Z</time>
        <extensions>
          <ns3:TrackPointExtension>
            <ns3:atemp>37.0</ns3:atemp>
          </ns3:TrackPointExtension>
        </extensions>
      </trkpt>
      <trkpt lat="40.01557077281177043914794921875" lon="-105.291513316333293914794921875">
        <ele>1679.5999755859375</ele>
        <time>2026-07-18T17:51:24.000Z</time>
        <extensions>
          <ns3:TrackPointExtension>
            <ns3:atemp>37.0</ns3:atemp>
          </ns3:TrackPointExtension>
        </extensions>
      </trkpt>
      <trkpt lat="40.015539340674877166748046875" lon="-105.29168355278670787811279296875">
        <ele>1679.800048828125</ele>
        <time>2026-07-18T17:51:27.000Z</time>
        <extensions>
          <ns3:TrackPointExtension>
            <ns3:atemp>37.0</ns3:atemp>
          </ns3:TrackPointExtension>
        </extensions>
      </trkpt>
      <trkpt lat="40.01553305424749851226806640625" lon="-105.29173132963478565216064453125">
        <ele>1680</ele>
        <time>2026-07-18T17:51:28.000Z</time>
        <extensions>
          <ns3:TrackPointExtension>
            <ns3:atemp>37.0</ns3:atemp>
          </ns3:TrackPointExtension>
        </extensions>
      </trkpt>
      <trkpt lat="40.01553540118038654327392578125" lon="-105.2918353490531444549560546875">
        <ele>1680.199951171875</ele>
        <time>2026-07-18T17:51:30.000Z</time>
        <extensions>
          <ns3:TrackPointExtension>
            <ns3:atemp>37.0</ns3:atemp>
          </ns3:TrackPointExtension>
        </extensions>
      </trkpt>
      <trkpt lat="40.015509836375713348388671875" lon="-105.2920123748481273651123046875">
        <ele>1680.4000244140625</ele>
        <time>2026-07-18T17:51:33.000Z</time>
        <extensions>
          <ns3:TrackPointExtension>
            <ns3:atemp>37.0</ns3:atemp>
          </ns3:TrackPointExtension>
        </extensions>
      </trkpt>
      <trkpt lat="40.01548712141811847686767578125" lon="-105.2921193279325962066650390625">
        <ele>1680.800048828125</ele>
        <time>2026-07-18T17:51:35.000Z</time>
        <extensions>
          <ns3:TrackPointExtension>
            <ns3:atemp>37.0</ns3:atemp>
          </ns3:TrackPointExtension>
        </extensions>
      </trkpt>
      <trkpt lat="40.01546717248857021331787109375" lon="-105.29216702096164226531982421875">
        <ele>1681.199951171875</ele>
        <time>2026-07-18T17:51:36.000Z</time>
        <extensions>
          <ns3:TrackPointExtension>
            <ns3:atemp>37.0</ns3:atemp>
          </ns3:TrackPointExtension>
        </extensions>
      </trkpt>
      <trkpt lat="40.015448145568370819091796875" lon="-105.29220960102975368499755859375">
        <ele>1681.199951171875</ele>
        <time>2026-07-18T17:51:37.000Z</time>
        <extensions>
          <ns3:TrackPointExtension>
            <ns3:atemp>37.0</ns3:atemp>
          </ns3:TrackPointExtension>
        </extensions>
      </trkpt>
      <trkpt lat="40.01543146558105945587158203125" lon="-105.292257964611053466796875">
        <ele>1681.4000244140625</ele>
        <time>2026-07-18T17:51:38.000Z</time>
        <extensions>
          <ns3:TrackPointExtension>
            <ns3:atemp>37.0</ns3:atemp>
          </ns3:TrackPointExtension>
        </extensions>
      </trkpt>
      <trkpt lat="40.0153785757720470428466796875" lon="-105.29243297874927520751953125">
        <ele>1681.5999755859375</ele>
        <time>2026-07-18T17:51:41.000Z</time>
        <extensions>
          <ns3:TrackPointExtension>
            <ns3:atemp>37.0</ns3:atemp>
          </ns3:TrackPointExtension>
        </extensions>
      </trkpt>
      <trkpt lat="40.015324093401432037353515625" lon="-105.29265015386044979095458984375">
        <ele>1682.199951171875</ele>
        <time>2026-07-18T17:51:44.000Z</time>
        <extensions>
          <ns3:TrackPointExtension>
            <ns3:atemp>37.0</ns3:atemp>
          </ns3:TrackPointExtension>
        </extensions>
      </trkpt>
      <trkpt lat="40.01531411893665790557861328125" lon="-105.29276934452354907989501953125">
        <ele>1682.5999755859375</ele>
        <time>2026-07-18T17:51:46.000Z</time>
        <extensions>
          <ns3:TrackPointExtension>
            <ns3:atemp>37.0</ns3:atemp>
          </ns3:TrackPointExtension>
        </extensions>
      </trkpt>
      <trkpt lat="40.015314705669879913330078125" lon="-105.29289163649082183837890625">
        <ele>1682.800048828125</ele>
        <time>2026-07-18T17:51:48.000Z</time>
        <extensions>
          <ns3:TrackPointExtension>
            <ns3:atemp>37.0</ns3:atemp>
          </ns3:TrackPointExtension>
        </extensions>
      </trkpt>
      <trkpt lat="40.0152848660945892333984375" lon="-105.2931087277829647064208984375">
        <ele>1683</ele>
        <time>2026-07-18T17:51:51.000Z</time>
        <extensions>
          <ns3:TrackPointExtension>
            <ns3:atemp>37.0</ns3:atemp>
          </ns3:TrackPointExtension>
        </extensions>
      </trkpt>
      <trkpt lat="40.015265084803104400634765625" lon="-105.29318491928279399871826171875">
        <ele>1682.800048828125</ele>
        <time>2026-07-18T17:51:52.000Z</time>
        <extensions>
          <ns3:TrackPointExtension>
            <ns3:atemp>37.0</ns3:atemp>
          </ns3:TrackPointExtension>
        </extensions>
      </trkpt>
      <trkpt lat="40.01523683778941631317138671875" lon="-105.29326320625841617584228515625">
        <ele>1683</ele>
        <time>2026-07-18T17:51:53.000Z</time>
        <extensions>
          <ns3:TrackPointExtension>
            <ns3:atemp>37.0</ns3:atemp>
          </ns3:TrackPointExtension>
        </extensions>
      </trkpt>
      <trkpt lat="40.01519056968390941619873046875" lon="-105.293388850986957550048828125">
        <ele>1683.4000244140625</ele>
        <time>2026-07-18T17:51:55.000Z</time>
        <extensions>
          <ns3:TrackPointExtension>
            <ns3:atemp>37.0</ns3:atemp>
          </ns3:TrackPointExtension>
        </extensions>
      </trkpt>
      <trkpt lat="40.01515720970928668975830078125" lon="-105.29344174079596996307373046875">
        <ele>1683.4000244140625</ele>
        <time>2026-07-18T17:51:56.000Z</time>
        <extensions>
          <ns3:TrackPointExtension>
            <ns3:atemp>37.0</ns3:atemp>
          </ns3:TrackPointExtension>
        </extensions>
      </trkpt>
      <trkpt lat="40.0150785036385059356689453125" lon="-105.29362698085606098175048828125">
        <ele>1683.5999755859375</ele>
        <time>2026-07-18T17:52:00.000Z</time>
        <extensions>
          <ns3:TrackPointExtension>
            <ns3:atemp>37.0</ns3:atemp>
          </ns3:TrackPointExtension>
        </extensions>
      </trkpt>
      <trkpt lat="40.015061236917972564697265625" lon="-105.2937340177595615386962890625">
        <ele>1683.5999755859375</ele>
        <time>2026-07-18T17:52:02.000Z</time>
        <extensions>
          <ns3:TrackPointExtension>
            <ns3:atemp>37.0</ns3:atemp>
          </ns3:TrackPointExtension>
        </extensions>
      </trkpt>
      <trkpt lat="40.015063919126987457275390625" lon="-105.2938433177769184112548828125">
        <ele>1683.5999755859375</ele>
        <time>2026-07-18T17:52:04.000Z</time>
        <extensions>
          <ns3:TrackPointExtension>
            <ns3:atemp>37.0</ns3:atemp>
          </ns3:TrackPointExtension>
        </extensions>
      </trkpt>
      <trkpt lat="40.0150622427463531494140625" lon="-105.2938976325094699859619140625">
        <ele>1683.5999755859375</ele>
        <time>2026-07-18T17:52:05.000Z</time>
        <extensions>
          <ns3:TrackPointExtension>
            <ns3:atemp>37.0</ns3:atemp>
          </ns3:TrackPointExtension>
        </extensions>
      </trkpt>
      <trkpt lat="40.0150526873767375946044921875" lon="-105.293951444327831268310546875">
        <ele>1683.5999755859375</ele>
        <time>2026-07-18T17:52:06.000Z</time>
        <extensions>
          <ns3:TrackPointExtension>
            <ns3:atemp>37.0</ns3:atemp>
          </ns3:TrackPointExtension>
        </extensions>
      </trkpt>
      <trkpt lat="40.0149764120578765869140625" lon="-105.2941413782536983489990234375">
        <ele>1683.800048828125</ele>
        <time>2026-07-18T17:52:10.000Z</time>
        <extensions>
          <ns3:TrackPointExtension>
            <ns3:atemp>37.0</ns3:atemp>
          </ns3:TrackPointExtension>
        </extensions>
      </trkpt>
      <trkpt lat="40.01490625552833080291748046875" lon="-105.29427205212414264678955078125">
        <ele>1684.4000244140625</ele>
        <time>2026-07-18T17:52:13.000Z</time>
        <extensions>
          <ns3:TrackPointExtension>
            <ns3:atemp>37.0</ns3:atemp>
          </ns3:TrackPointExtension>
        </extensions>
      </trkpt>
      <trkpt lat="40.014789998531341552734375" lon="-105.294425189495086669921875">
        <ele>1685</ele>
        <time>2026-07-18T17:52:17.000Z</time>
        <extensions>
          <ns3:TrackPointExtension>
            <ns3:atemp>37.0</ns3:atemp>
          </ns3:TrackPointExtension>
        </extensions>
      </trkpt>
      <trkpt lat="40.0147321633994579315185546875" lon="-105.29448713175952434539794921875">
        <ele>1685.199951171875</ele>
        <time>2026-07-18T17:52:19.000Z</time>
        <extensions>
          <ns3:TrackPointExtension>
            <ns3:atemp>37.0</ns3:atemp>
          </ns3:TrackPointExtension>
        </extensions>
      </trkpt>
      <trkpt lat="40.01459914259612560272216796875" lon="-105.2946285344660282135009765625">
        <ele>1685.5999755859375</ele>
        <time>2026-07-18T17:52:23.000Z</time>
        <extensions>
          <ns3:TrackPointExtension>
            <ns3:atemp>37.0</ns3:atemp>
          </ns3:TrackPointExtension>
        </extensions>
      </trkpt>
      <trkpt lat="40.01456930302083492279052734375" lon="-105.29466415755450725555419921875">
        <ele>1685.5999755859375</ele>
        <time>2026-07-18T17:52:24.000Z</time>
        <extensions>
          <ns3:TrackPointExtension>
            <ns3:atemp>37.0</ns3:atemp>
          </ns3:TrackPointExtension>
        </extensions>
      </trkpt>
      <trkpt lat="40.0144077837467193603515625" lon="-105.29486482031643390655517578125">
        <ele>1686.4000244140625</ele>
        <time>2026-07-18T17:52:30.000Z</time>
        <extensions>
          <ns3:TrackPointExtension>
            <ns3:atemp>37.0</ns3:atemp>
          </ns3:TrackPointExtension>
        </extensions>
      </trkpt>
      <trkpt lat="40.01435321755707263946533203125" lon="-105.29492734931409358978271484375">
        <ele>1686.5999755859375</ele>
        <time>2026-07-18T17:52:33.000Z</time>
        <extensions>
          <ns3:TrackPointExtension>
            <ns3:atemp>37.0</ns3:atemp>
          </ns3:TrackPointExtension>
        </extensions>
      </trkpt>
      <trkpt lat="40.01433209516108036041259765625" lon="-105.29499021358788013458251953125">
        <ele>1686.5999755859375</ele>
        <time>2026-07-18T17:52:35.000Z</time>
        <extensions>
          <ns3:TrackPointExtension>
            <ns3:atemp>37.0</ns3:atemp>
          </ns3:TrackPointExtension>
        </extensions>
      </trkpt>
      <trkpt lat="40.01431784592568874359130859375" lon="-105.29501955024898052215576171875">
        <ele>1686.800048828125</ele>
        <time>2026-07-18T17:52:36.000Z</time>
        <extensions>
          <ns3:TrackPointExtension>
            <ns3:atemp>37.0</ns3:atemp>
          </ns3:TrackPointExtension>
        </extensions>
      </trkpt>
      <trkpt lat="40.0142463482916355133056640625" lon="-105.2950945682823657989501953125">
        <ele>1686.5999755859375</ele>
        <time>2026-07-18T17:52:39.000Z</time>
        <extensions>
          <ns3:TrackPointExtension>
            <ns3:atemp>37.0</ns3:atemp>
          </ns3:TrackPointExtension>
        </extensions>
      </trkpt>
      <trkpt lat="40.0141501240432262420654296875" lon="-105.29523664154112339019775390625">
        <ele>1687</ele>
        <time>2026-07-18T17:52:45.000Z</time>
        <extensions>
          <ns3:TrackPointExtension>
            <ns3:atemp>37.0</ns3:atemp>
          </ns3:TrackPointExtension>
        </extensions>
      </trkpt>
      <trkpt lat="40.01414970494806766510009765625" lon="-105.295251309871673583984375">
        <ele>1687.199951171875</ele>
        <time>2026-07-18T17:52:46.000Z</time>
        <extensions>
          <ns3:TrackPointExtension>
            <ns3:atemp>37.0</ns3:atemp>
          </ns3:TrackPointExtension>
        </extensions>
      </trkpt>
      <trkpt lat="40.0141665525734424591064453125" lon="-105.295274443924427032470703125">
        <ele>1687.199951171875</ele>
        <time>2026-07-18T17:52:48.000Z</time>
        <extensions>
          <ns3:TrackPointExtension>
            <ns3:atemp>37.0</ns3:atemp>
          </ns3:TrackPointExtension>
        </extensions>
      </trkpt>
      <trkpt lat="40.01418055035173892974853515625" lon="-105.295293219387531280517578125">
        <ele>1687.5999755859375</ele>
        <time>2026-07-18T17:52:51.000Z</time>
        <extensions>
          <ns3:TrackPointExtension>
            <ns3:atemp>37.0</ns3:atemp>
          </ns3:TrackPointExtension>
        </extensions>
      </trkpt>
      <trkpt lat="40.014174766838550567626953125" lon="-105.29530696570873260498046875">
        <ele>1687.800048828125</ele>
        <time>2026-07-18T17:52:53.000Z</time>
        <extensions>
          <ns3:TrackPointExtension>
            <ns3:atemp>37.0</ns3:atemp>
          </ns3:TrackPointExtension>
        </extensions>
      </trkpt>
      <trkpt lat="40.01413428224623203277587890625" lon="-105.2953912876546382904052734375">
        <ele>1688.199951171875</ele>
        <time>2026-07-18T17:53:00.000Z</time>
        <extensions>
          <ns3:TrackPointExtension>
            <ns3:atemp>37.0</ns3:atemp>
          </ns3:TrackPointExtension>
        </extensions>
      </trkpt>
      <trkpt lat="40.01412187702953815460205078125" lon="-105.2954345382750034332275390625">
        <ele>1688.4000244140625</ele>
        <time>2026-07-18T17:53:02.000Z</time>
        <extensions>
          <ns3:TrackPointExtension>
            <ns3:atemp>37.0</ns3:atemp>
          </ns3:TrackPointExtension>
        </extensions>
      </trkpt>
      <trkpt lat="40.01413579098880290985107421875" lon="-105.29546479694545269012451171875">
        <ele>1688.4000244140625</ele>
        <time>2026-07-18T17:53:04.000Z</time>
        <extensions>
          <ns3:TrackPointExtension>
            <ns3:atemp>37.0</ns3:atemp>
          </ns3:TrackPointExtension>
        </extensions>
      </trkpt>
      <trkpt lat="40.0141564942896366119384765625" lon="-105.29550285078585147857666015625">
        <ele>1688.5999755859375</ele>
        <time>2026-07-18T17:53:07.000Z</time>
        <extensions>
          <ns3:TrackPointExtension>
            <ns3:atemp>37.0</ns3:atemp>
          </ns3:TrackPointExtension>
        </extensions>
      </trkpt>
      <trkpt lat="40.01415624283254146575927734375" lon="-105.2955290861427783966064453125">
        <ele>1688.800048828125</ele>
        <time>2026-07-18T17:53:08.000Z</time>
        <extensions>
          <ns3:TrackPointExtension>
            <ns3:atemp>37.0</ns3:atemp>
          </ns3:TrackPointExtension>
        </extensions>
      </trkpt>
      <trkpt lat="40.0141531415283679962158203125" lon="-105.2955582551658153533935546875">
        <ele>1688.800048828125</ele>
        <time>2026-07-18T17:53:09.000Z</time>
        <extensions>
          <ns3:TrackPointExtension>
            <ns3:atemp>37.0</ns3:atemp>
          </ns3:TrackPointExtension>
        </extensions>
      </trkpt>
      <trkpt lat="40.01411651261150836944580078125" lon="-105.2957138232886791229248046875">
        <ele>1689.5999755859375</ele>
        <time>2026-07-18T17:53:15.000Z</time>
        <extensions>
          <ns3:TrackPointExtension>
            <ns3:atemp>37.0</ns3:atemp>
          </ns3:TrackPointExtension>
        </extensions>
      </trkpt>
      <trkpt lat="40.01411349512636661529541015625" lon="-105.29573888517916202545166015625">
        <ele>1690</ele>
        <time>2026-07-18T17:53:16.000Z</time>
        <extensions>
          <ns3:TrackPointExtension>
            <ns3:atemp>37.0</ns3:atemp>
          </ns3:TrackPointExtension>
        </extensions>
      </trkpt>
      <trkpt lat="40.0140642933547496795654296875" lon="-105.295853801071643829345703125">
        <ele>1691</ele>
        <time>2026-07-18T17:53:20.000Z</time>
        <extensions>
          <ns3:TrackPointExtension>
            <ns3:atemp>37.0</ns3:atemp>
          </ns3:TrackPointExtension>
        </extensions>
      </trkpt>
      <trkpt lat="40.01403453759849071502685546875" lon="-105.295911468565464019775390625">
        <ele>1691.199951171875</ele>
        <time>2026-07-18T17:53:21.000Z</time>
        <extensions>
          <ns3:TrackPointExtension>
            <ns3:atemp>37.0</ns3:atemp>
          </ns3:TrackPointExtension>
        </extensions>
      </trkpt>
      <trkpt lat="40.01402263529598712921142578125" lon="-105.2959592454135417938232421875">
        <ele>1691.199951171875</ele>
        <time>2026-07-18T17:53:22.000Z</time>
        <extensions>
          <ns3:TrackPointExtension>
            <ns3:atemp>37.0</ns3:atemp>
          </ns3:TrackPointExtension>
        </extensions>
      </trkpt>
      <trkpt lat="40.0139613635838031768798828125" lon="-105.2960769273340702056884765625">
        <ele>1691.199951171875</ele>
        <time>2026-07-18T17:53:24.000Z</time>
        <extensions>
          <ns3:TrackPointExtension>
            <ns3:atemp>37.0</ns3:atemp>
          </ns3:TrackPointExtension>
        </extensions>
      </trkpt>
      <trkpt lat="40.01392104662954807281494140625" lon="-105.296205170452594757080078125">
        <ele>1692</ele>
        <time>2026-07-18T17:53:28.000Z</time>
        <extensions>
          <ns3:TrackPointExtension>
            <ns3:atemp>37.0</ns3:atemp>
          </ns3:TrackPointExtension>
        </extensions>
      </trkpt>
      <trkpt lat="40.01391149125993251800537109375" lon="-105.29622151516377925872802734375">
        <ele>1692</ele>
        <time>2026-07-18T17:53:29.000Z</time>
        <extensions>
          <ns3:TrackPointExtension>
            <ns3:atemp>37.0</ns3:atemp>
          </ns3:TrackPointExtension>
        </extensions>
      </trkpt>
      <trkpt lat="40.01389908604323863983154296875" lon="-105.29625688679516315460205078125">
        <ele>1692</ele>
        <time>2026-07-18T17:53:31.000Z</time>
        <extensions>
          <ns3:TrackPointExtension>
            <ns3:atemp>37.0</ns3:atemp>
          </ns3:TrackPointExtension>
        </extensions>
      </trkpt>
      <trkpt lat="40.013879053294658660888671875" lon="-105.2962764166295528411865234375">
        <ele>1692</ele>
        <time>2026-07-18T17:53:32.000Z</time>
        <extensions>
          <ns3:TrackPointExtension>
            <ns3:atemp>37.0</ns3:atemp>
          </ns3:TrackPointExtension>
        </extensions>
      </trkpt>
      <trkpt lat="40.01383555121719837188720703125" lon="-105.296337269246578216552734375">
        <ele>1692</ele>
        <time>2026-07-18T17:53:34.000Z</time>
        <extensions>
          <ns3:TrackPointExtension>
            <ns3:atemp>37.0</ns3:atemp>
          </ns3:TrackPointExtension>
        </extensions>
      </trkpt>
      <trkpt lat="40.013789199292659759521484375" lon="-105.2964474074542522430419921875">
        <ele>1692</ele>
        <time>2026-07-18T17:53:36.000Z</time>
        <extensions>
          <ns3:TrackPointExtension>
            <ns3:atemp>37.0</ns3:atemp>
          </ns3:TrackPointExtension>
        </extensions>
      </trkpt>
      <trkpt lat="40.01368920318782329559326171875" lon="-105.2965402789413928985595703125">
        <ele>1691.5999755859375</ele>
        <time>2026-07-18T17:53:38.000Z</time>
        <extensions>
          <ns3:TrackPointExtension>
            <ns3:atemp>37.0</ns3:atemp>
          </ns3:TrackPointExtension>
        </extensions>
      </trkpt>
      <trkpt lat="40.01362265087664127349853515625" lon="-105.29658327810466289520263671875">
        <ele>1691.4000244140625</ele>
        <time>2026-07-18T17:53:39.000Z</time>
        <extensions>
          <ns3:TrackPointExtension>
            <ns3:atemp>37.0</ns3:atemp>
          </ns3:TrackPointExtension>
        </extensions>
      </trkpt>
      <trkpt lat="40.01324093900620937347412109375" lon="-105.29678209684789180755615234375">
        <ele>1689</ele>
        <time>2026-07-18T17:53:45.000Z</time>
        <extensions>
          <ns3:TrackPointExtension>
            <ns3:atemp>36.0</ns3:atemp>
          </ns3:TrackPointExtension>
        </extensions>
      </trkpt>
      <trkpt lat="40.01316047273576259613037109375" lon="-105.2967743016779422760009765625">
        <ele>1688.199951171875</ele>
        <time>2026-07-18T17:53:46.000Z</time>
        <extensions>
          <ns3:TrackPointExtension>
            <ns3:atemp>37.0</ns3:atemp>
          </ns3:TrackPointExtension>
        </extensions>
      </trkpt>
      <trkpt lat="40.0130356661975383758544921875" lon="-105.2967555262148380279541015625">
        <ele>1688</ele>
        <time>2026-07-18T17:53:48.000Z</time>
        <extensions>
          <ns3:TrackPointExtension>
            <ns3:atemp>36.0</ns3:atemp>
          </ns3:TrackPointExtension>
        </extensions>
      </trkpt>
      <trkpt lat="40.01298327930271625518798828125" lon="-105.29676550067961215972900390625">
        <ele>1688</ele>
        <time>2026-07-18T17:53:49.000Z</time>
        <extensions>
          <ns3:TrackPointExtension>
            <ns3:atemp>36.0</ns3:atemp>
          </ns3:TrackPointExtension>
        </extensions>
      </trkpt>
      <trkpt lat="40.0129394419491291046142578125" lon="-105.2967816777527332305908203125">
        <ele>1687.800048828125</ele>
        <time>2026-07-18T17:53:50.000Z</time>
        <extensions>
          <ns3:TrackPointExtension>
            <ns3:atemp>36.0</ns3:atemp>
          </ns3:TrackPointExtension>
        </extensions>
      </trkpt>
      <trkpt lat="40.01290985383093357086181640625" lon="-105.29681093059480190277099609375">
        <ele>1687.5999755859375</ele>
        <time>2026-07-18T17:53:51.000Z</time>
        <extensions>
          <ns3:TrackPointExtension>
            <ns3:atemp>36.0</ns3:atemp>
          </ns3:TrackPointExtension>
        </extensions>
      </trkpt>
      <trkpt lat="40.01290239393711090087890625" lon="-105.296835489571094512939453125">
        <ele>1687.5999755859375</ele>
        <time>2026-07-18T17:53:52.000Z</time>
        <extensions>
          <ns3:TrackPointExtension>
            <ns3:atemp>36.0</ns3:atemp>
          </ns3:TrackPointExtension>
        </extensions>
      </trkpt>
      <trkpt lat="40.01291354186832904815673828125" lon="-105.296869017183780670166015625">
        <ele>1687.5999755859375</ele>
        <time>2026-07-18T17:53:53.000Z</time>
        <extensions>
          <ns3:TrackPointExtension>
            <ns3:atemp>36.0</ns3:atemp>
          </ns3:TrackPointExtension>
        </extensions>
      </trkpt>
      <trkpt lat="40.01292644999921321868896484375" lon="-105.2968758903443813323974609375">
        <ele>1687.4000244140625</ele>
        <time>2026-07-18T17:53:54.000Z</time>
        <extensions>
          <ns3:TrackPointExtension>
            <ns3:atemp>36.0</ns3:atemp>
          </ns3:TrackPointExtension>
        </extensions>
      </trkpt>
      <trkpt lat="40.01294908113777637481689453125" lon="-105.29686088673770427703857421875">
        <ele>1687.4000244140625</ele>
        <time>2026-07-18T17:53:57.000Z</time>
        <extensions>
          <ns3:TrackPointExtension>
            <ns3:atemp>37.0</ns3:atemp>
          </ns3:TrackPointExtension>
        </extensions>
      </trkpt>
      <trkpt lat="40.0129528529942035675048828125" lon="-105.2968148700892925262451171875">
        <ele>1687.199951171875</ele>
        <time>2026-07-18T17:54:03.000Z</time>
        <extensions>
          <ns3:TrackPointExtension>
            <ns3:atemp>37.0</ns3:atemp>
          </ns3:TrackPointExtension>
        </extensions>
      </trkpt>
      <trkpt lat="40.01292544417083263397216796875" lon="-105.29679265804588794708251953125">
        <ele>1687.199951171875</ele>
        <time>2026-07-18T17:54:06.000Z</time>
        <extensions>
          <ns3:TrackPointExtension>
            <ns3:atemp>36.0</ns3:atemp>
          </ns3:TrackPointExtension>
        </extensions>
      </trkpt>
      <trkpt lat="40.012895353138446807861328125" lon="-105.29681302607059478759765625">
        <ele>1687.4000244140625</ele>
        <time>2026-07-18T17:54:08.000Z</time>
        <extensions>
          <ns3:TrackPointExtension>
            <ns3:atemp>37.0</ns3:atemp>
          </ns3:TrackPointExtension>
        </extensions>
      </trkpt>
      <trkpt lat="40.012896023690700531005859375" lon="-105.29684060253202915191650390625">
        <ele>1687.199951171875</ele>
        <time>2026-07-18T17:54:09.000Z</time>
        <extensions>
          <ns3:TrackPointExtension>
            <ns3:atemp>36.0</ns3:atemp>
          </ns3:TrackPointExtension>
        </extensions>
      </trkpt>
      <trkpt lat="40.0129293836653232574462890625" lon="-105.29697773046791553497314453125">
        <ele>1687</ele>
        <time>2026-07-18T17:54:13.000Z</time>
        <extensions>
          <ns3:TrackPointExtension>
            <ns3:atemp>37.0</ns3:atemp>
          </ns3:TrackPointExtension>
        </extensions>
      </trkpt>
      <trkpt lat="40.0129236839711666107177734375" lon="-105.29702718369662761688232421875">
        <ele>1687</ele>
        <time>2026-07-18T17:54:14.000Z</time>
        <extensions>
          <ns3:TrackPointExtension>
            <ns3:atemp>37.0</ns3:atemp>
          </ns3:TrackPointExtension>
        </extensions>
      </trkpt>
      <trkpt lat="40.01291538588702678680419921875" lon="-105.29708015732467174530029296875">
        <ele>1687</ele>
        <time>2026-07-18T17:54:15.000Z</time>
        <extensions>
          <ns3:TrackPointExtension>
            <ns3:atemp>37.0</ns3:atemp>
          </ns3:TrackPointExtension>
        </extensions>
      </trkpt>
      <trkpt lat="40.01289568841457366943359375" lon="-105.297253243625164031982421875">
        <ele>1687</ele>
        <time>2026-07-18T17:54:18.000Z</time>
        <extensions>
          <ns3:TrackPointExtension>
            <ns3:atemp>37.0</ns3:atemp>
          </ns3:TrackPointExtension>
        </extensions>
      </trkpt>
      <trkpt lat="40.012909434735774993896484375" lon="-105.29736883006989955902099609375">
        <ele>1687.4000244140625</ele>
        <time>2026-07-18T17:54:20.000Z</time>
        <extensions>
          <ns3:TrackPointExtension>
            <ns3:atemp>37.0</ns3:atemp>
          </ns3:TrackPointExtension>
        </extensions>
      </trkpt>
      <trkpt lat="40.01294958405196666717529296875" lon="-105.2975444309413433074951171875">
        <ele>1687.4000244140625</ele>
        <time>2026-07-18T17:54:23.000Z</time>
        <extensions>
          <ns3:TrackPointExtension>
            <ns3:atemp>37.0</ns3:atemp>
          </ns3:TrackPointExtension>
        </extensions>
      </trkpt>
      <trkpt lat="40.01301010139286518096923828125" lon="-105.29776713810861110687255859375">
        <ele>1687.800048828125</ele>
        <time>2026-07-18T17:54:27.000Z</time>
        <extensions>
          <ns3:TrackPointExtension>
            <ns3:atemp>36.0</ns3:atemp>
          </ns3:TrackPointExtension>
        </extensions>
      </trkpt>
      <trkpt lat="40.01302267424762248992919921875" lon="-105.29781038872897624969482421875">
        <ele>1687.5999755859375</ele>
        <time>2026-07-18T17:54:28.000Z</time>
        <extensions>
          <ns3:TrackPointExtension>
            <ns3:atemp>36.0</ns3:atemp>
          </ns3:TrackPointExtension>
        </extensions>
      </trkpt>
      <trkpt lat="40.0130292959511280059814453125" lon="-105.29784835875034332275390625">
        <ele>1687.5999755859375</ele>
        <time>2026-07-18T17:54:29.000Z</time>
        <extensions>
          <ns3:TrackPointExtension>
            <ns3:atemp>36.0</ns3:atemp>
          </ns3:TrackPointExtension>
        </extensions>
      </trkpt>
      <trkpt lat="40.013047568500041961669921875" lon="-105.2979564853012561798095703125">
        <ele>1688.199951171875</ele>
        <time>2026-07-18T17:54:32.000Z</time>
        <extensions>
          <ns3:TrackPointExtension>
            <ns3:atemp>36.0</ns3:atemp>
          </ns3:TrackPointExtension>
        </extensions>
      </trkpt>
      <trkpt lat="40.01307061873376369476318359375" lon="-105.2980547212064266204833984375">
        <ele>1688.4000244140625</ele>
        <time>2026-07-18T17:54:34.000Z</time>
        <extensions>
          <ns3:TrackPointExtension>
            <ns3:atemp>36.0</ns3:atemp>
          </ns3:TrackPointExtension>
        </extensions>
      </trkpt>
      <trkpt lat="40.0130936689674854278564453125" lon="-105.29821372590959072113037109375">
        <ele>1689</ele>
        <time>2026-07-18T17:54:37.000Z</time>
        <extensions>
          <ns3:TrackPointExtension>
            <ns3:atemp>36.0</ns3:atemp>
          </ns3:TrackPointExtension>
        </extensions>
      </trkpt>
      <trkpt lat="40.01313708722591400146484375" lon="-105.29843500815331935882568359375">
        <ele>1690</ele>
        <time>2026-07-18T17:54:41.000Z</time>
        <extensions>
          <ns3:TrackPointExtension>
            <ns3:atemp>36.0</ns3:atemp>
          </ns3:TrackPointExtension>
        </extensions>
      </trkpt>
      <trkpt lat="40.013177655637264251708984375" lon="-105.29863785021007061004638671875">
        <ele>1691.199951171875</ele>
        <time>2026-07-18T17:54:45.000Z</time>
        <extensions>
          <ns3:TrackPointExtension>
            <ns3:atemp>36.0</ns3:atemp>
          </ns3:TrackPointExtension>
        </extensions>
      </trkpt>
      <trkpt lat="40.013186372816562652587890625" lon="-105.29868763871490955352783203125">
        <ele>1691.5999755859375</ele>
        <time>2026-07-18T17:54:46.000Z</time>
        <extensions>
          <ns3:TrackPointExtension>
            <ns3:atemp>36.0</ns3:atemp>
          </ns3:TrackPointExtension>
        </extensions>
      </trkpt>
      <trkpt lat="40.01319467090070247650146484375" lon="-105.2987916581332683563232421875">
        <ele>1692.199951171875</ele>
        <time>2026-07-18T17:54:48.000Z</time>
        <extensions>
          <ns3:TrackPointExtension>
            <ns3:atemp>36.0</ns3:atemp>
          </ns3:TrackPointExtension>
        </extensions>
      </trkpt>
      <trkpt lat="40.01321428455412387847900390625" lon="-105.2988959290087223052978515625">
        <ele>1692.5999755859375</ele>
        <time>2026-07-18T17:54:50.000Z</time>
        <extensions>
          <ns3:TrackPointExtension>
            <ns3:atemp>36.0</ns3:atemp>
          </ns3:TrackPointExtension>
        </extensions>
      </trkpt>
      <trkpt lat="40.01325242221355438232421875" lon="-105.299061052501201629638671875">
        <ele>1693</ele>
        <time>2026-07-18T17:54:53.000Z</time>
        <extensions>
          <ns3:TrackPointExtension>
            <ns3:atemp>36.0</ns3:atemp>
          </ns3:TrackPointExtension>
        </extensions>
      </trkpt>
      <trkpt lat="40.01326943747699260711669921875" lon="-105.2991162054240703582763671875">
        <ele>1693.199951171875</ele>
        <time>2026-07-18T17:54:54.000Z</time>
        <extensions>
          <ns3:TrackPointExtension>
            <ns3:atemp>36.0</ns3:atemp>
          </ns3:TrackPointExtension>
        </extensions>
      </trkpt>
      <trkpt lat="40.01330631785094738006591796875" lon="-105.29922005720436573028564453125">
        <ele>1693.4000244140625</ele>
        <time>2026-07-18T17:54:56.000Z</time>
        <extensions>
          <ns3:TrackPointExtension>
            <ns3:atemp>36.0</ns3:atemp>
          </ns3:TrackPointExtension>
        </extensions>
      </trkpt>
      <trkpt lat="40.01340723596513271331787109375" lon="-105.2994610369205474853515625">
        <ele>1693.800048828125</ele>
        <time>2026-07-18T17:55:00.000Z</time>
        <extensions>
          <ns3:TrackPointExtension>
            <ns3:atemp>36.0</ns3:atemp>
          </ns3:TrackPointExtension>
        </extensions>
      </trkpt>
      <trkpt lat="40.01342517323791980743408203125" lon="-105.29952767305076122283935546875">
        <ele>1694</ele>
        <time>2026-07-18T17:55:01.000Z</time>
        <extensions>
          <ns3:TrackPointExtension>
            <ns3:atemp>36.0</ns3:atemp>
          </ns3:TrackPointExtension>
        </extensions>
      </trkpt>
      <trkpt lat="40.013485439121723175048828125" lon="-105.2997304312884807586669921875">
        <ele>1694.199951171875</ele>
        <time>2026-07-18T17:55:04.000Z</time>
        <extensions>
          <ns3:TrackPointExtension>
            <ns3:atemp>36.0</ns3:atemp>
          </ns3:TrackPointExtension>
        </extensions>
      </trkpt>
      <trkpt lat="40.013543106615543365478515625" lon="-105.2999282442033290863037109375">
        <ele>1694.4000244140625</ele>
        <time>2026-07-18T17:55:07.000Z</time>
        <extensions>
          <ns3:TrackPointExtension>
            <ns3:atemp>36.0</ns3:atemp>
          </ns3:TrackPointExtension>
        </extensions>
      </trkpt>
      <trkpt lat="40.01355961896479129791259765625" lon="-105.3000529669225215911865234375">
        <ele>1694.5999755859375</ele>
        <time>2026-07-18T17:55:09.000Z</time>
        <extensions>
          <ns3:TrackPointExtension>
            <ns3:atemp>36.0</ns3:atemp>
          </ns3:TrackPointExtension>
        </extensions>
      </trkpt>
      <trkpt lat="40.013573281466960906982421875" lon="-105.30017391778528690338134765625">
        <ele>1694.800048828125</ele>
        <time>2026-07-18T17:55:11.000Z</time>
        <extensions>
          <ns3:TrackPointExtension>
            <ns3:atemp>36.0</ns3:atemp>
          </ns3:TrackPointExtension>
        </extensions>
      </trkpt>
      <trkpt lat="40.01358895562589168548583984375" lon="-105.300288833677768707275390625">
        <ele>1695</ele>
        <time>2026-07-18T17:55:13.000Z</time>
        <extensions>
          <ns3:TrackPointExtension>
            <ns3:atemp>36.0</ns3:atemp>
          </ns3:TrackPointExtension>
        </extensions>
      </trkpt>
      <trkpt lat="40.0136012770235538482666015625" lon="-105.30044297687709331512451171875">
        <ele>1695.199951171875</ele>
        <time>2026-07-18T17:55:16.000Z</time>
        <extensions>
          <ns3:TrackPointExtension>
            <ns3:atemp>36.0</ns3:atemp>
          </ns3:TrackPointExtension>
        </extensions>
      </trkpt>
      <trkpt lat="40.013595409691333770751953125" lon="-105.30048488639295101165771484375">
        <ele>1695.4000244140625</ele>
        <time>2026-07-18T17:55:17.000Z</time>
        <extensions>
          <ns3:TrackPointExtension>
            <ns3:atemp>36.0</ns3:atemp>
          </ns3:TrackPointExtension>
        </extensions>
      </trkpt>
      <trkpt lat="40.01355710439383983612060546875" lon="-105.30060675926506519317626953125">
        <ele>1695.5999755859375</ele>
        <time>2026-07-18T17:55:20.000Z</time>
        <extensions>
          <ns3:TrackPointExtension>
            <ns3:atemp>36.0</ns3:atemp>
          </ns3:TrackPointExtension>
        </extensions>
      </trkpt>
      <trkpt lat="40.0135452859103679656982421875" lon="-105.3006977029144763946533203125">
        <ele>1696</ele>
        <time>2026-07-18T17:55:22.000Z</time>
        <extensions>
          <ns3:TrackPointExtension>
            <ns3:atemp>36.0</ns3:atemp>
          </ns3:TrackPointExtension>
        </extensions>
      </trkpt>
      <trkpt lat="40.01351661980152130126953125" lon="-105.3008039854466915130615234375">
        <ele>1696</ele>
        <time>2026-07-18T17:55:24.000Z</time>
        <extensions>
          <ns3:TrackPointExtension>
            <ns3:atemp>36.0</ns3:atemp>
          </ns3:TrackPointExtension>
        </extensions>
      </trkpt>
      <trkpt lat="40.01346859149634838104248046875" lon="-105.30090113170444965362548828125">
        <ele>1696.199951171875</ele>
        <time>2026-07-18T17:55:26.000Z</time>
        <extensions>
          <ns3:TrackPointExtension>
            <ns3:atemp>36.0</ns3:atemp>
          </ns3:TrackPointExtension>
        </extensions>
      </trkpt>
      <trkpt lat="40.01336247660219669342041015625" lon="-105.301030464470386505126953125">
        <ele>1696.4000244140625</ele>
        <time>2026-07-18T17:55:29.000Z</time>
        <extensions>
          <ns3:TrackPointExtension>
            <ns3:atemp>36.0</ns3:atemp>
          </ns3:TrackPointExtension>
        </extensions>
      </trkpt>
      <trkpt lat="40.01327865757048130035400390625" lon="-105.30109073035418987274169921875">
        <ele>1696.4000244140625</ele>
        <time>2026-07-18T17:55:31.000Z</time>
        <extensions>
          <ns3:TrackPointExtension>
            <ns3:atemp>36.0</ns3:atemp>
          </ns3:TrackPointExtension>
        </extensions>
      </trkpt>
      <trkpt lat="40.01315628178417682647705078125" lon="-105.30119902454316616058349609375">
        <ele>1696.4000244140625</ele>
        <time>2026-07-18T17:55:34.000Z</time>
        <extensions>
          <ns3:TrackPointExtension>
            <ns3:atemp>36.0</ns3:atemp>
          </ns3:TrackPointExtension>
        </extensions>
      </trkpt>
      <trkpt lat="40.01311906613409519195556640625" lon="-105.3012420237064361572265625">
        <ele>1696.4000244140625</ele>
        <time>2026-07-18T17:55:35.000Z</time>
        <extensions>
          <ns3:TrackPointExtension>
            <ns3:atemp>36.0</ns3:atemp>
          </ns3:TrackPointExtension>
        </extensions>
      </trkpt>
      <trkpt lat="40.0130158849060535430908203125" lon="-105.30136146582663059234619140625">
        <ele>1696.5999755859375</ele>
        <time>2026-07-18T17:55:38.000Z</time>
        <extensions>
          <ns3:TrackPointExtension>
            <ns3:atemp>36.0</ns3:atemp>
          </ns3:TrackPointExtension>
        </extensions>
      </trkpt>
      <trkpt lat="40.012918151915073394775390625" lon="-105.3014758788049221038818359375">
        <ele>1697</ele>
        <time>2026-07-18T17:55:41.000Z</time>
        <extensions>
          <ns3:TrackPointExtension>
            <ns3:atemp>36.0</ns3:atemp>
          </ns3:TrackPointExtension>
        </extensions>
      </trkpt>
      <trkpt lat="40.012848079204559326171875" lon="-105.301562882959842681884765625">
        <ele>1697</ele>
        <time>2026-07-18T17:55:43.000Z</time>
        <extensions>
          <ns3:TrackPointExtension>
            <ns3:atemp>36.0</ns3:atemp>
          </ns3:TrackPointExtension>
        </extensions>
      </trkpt>
      <trkpt lat="40.012739114463329315185546875" lon="-105.30172507278621196746826171875">
        <ele>1697.800048828125</ele>
        <time>2026-07-18T17:55:47.000Z</time>
        <extensions>
          <ns3:TrackPointExtension>
            <ns3:atemp>36.0</ns3:atemp>
          </ns3:TrackPointExtension>
        </extensions>
      </trkpt>
      <trkpt lat="40.01267977058887481689453125" lon="-105.30179732479155063629150390625">
        <ele>1698.199951171875</ele>
        <time>2026-07-18T17:55:49.000Z</time>
        <extensions>
          <ns3:TrackPointExtension>
            <ns3:atemp>36.0</ns3:atemp>
          </ns3:TrackPointExtension>
        </extensions>
      </trkpt>
      <trkpt lat="40.01254976727068424224853515625" lon="-105.3019020147621631622314453125">
        <ele>1698.800048828125</ele>
        <time>2026-07-18T17:55:53.000Z</time>
        <extensions>
          <ns3:TrackPointExtension>
            <ns3:atemp>36.0</ns3:atemp>
          </ns3:TrackPointExtension>
        </extensions>
      </trkpt>
      <trkpt lat="40.01248857937753200531005859375" lon="-105.30194434337317943572998046875">
        <ele>1699.4000244140625</ele>
        <time>2026-07-18T17:55:55.000Z</time>
        <extensions>
          <ns3:TrackPointExtension>
            <ns3:atemp>36.0</ns3:atemp>
          </ns3:TrackPointExtension>
        </extensions>
      </trkpt>
      <trkpt lat="40.01245656050741672515869140625" lon="-105.301962532103061676025390625">
        <ele>1699.800048828125</ele>
        <time>2026-07-18T17:55:56.000Z</time>
        <extensions>
          <ns3:TrackPointExtension>
            <ns3:atemp>36.0</ns3:atemp>
          </ns3:TrackPointExtension>
        </extensions>
      </trkpt>
      <trkpt lat="40.01242336817085742950439453125" lon="-105.3019767813384532928466796875">
        <ele>1700</ele>
        <time>2026-07-18T17:55:57.000Z</time>
        <extensions>
          <ns3:TrackPointExtension>
            <ns3:atemp>36.0</ns3:atemp>
          </ns3:TrackPointExtension>
        </extensions>
      </trkpt>
      <trkpt lat="40.01233368180692195892333984375" lon="-105.30203939415514469146728515625">
        <ele>1700.800048828125</ele>
        <time>2026-07-18T17:56:00.000Z</time>
        <extensions>
          <ns3:TrackPointExtension>
            <ns3:atemp>36.0</ns3:atemp>
          </ns3:TrackPointExtension>
        </extensions>
      </trkpt>
      <trkpt lat="40.0122323445975780487060546875" lon="-105.3021987341344356536865234375">
        <ele>1701</ele>
        <time>2026-07-18T17:56:04.000Z</time>
        <extensions>
          <ns3:TrackPointExtension>
            <ns3:atemp>36.0</ns3:atemp>
          </ns3:TrackPointExtension>
        </extensions>
      </trkpt>
      <trkpt lat="40.01220912672579288482666015625" lon="-105.30224391259253025054931640625">
        <ele>1701.199951171875</ele>
        <time>2026-07-18T17:56:05.000Z</time>
        <extensions>
          <ns3:TrackPointExtension>
            <ns3:atemp>36.0</ns3:atemp>
          </ns3:TrackPointExtension>
        </extensions>
      </trkpt>
      <trkpt lat="40.01214601099491119384765625" lon="-105.30238489620387554168701171875">
        <ele>1701.5999755859375</ele>
        <time>2026-07-18T17:56:08.000Z</time>
        <extensions>
          <ns3:TrackPointExtension>
            <ns3:atemp>36.0</ns3:atemp>
          </ns3:TrackPointExtension>
        </extensions>
      </trkpt>
      <trkpt lat="40.01208490692079067230224609375" lon="-105.302511714398860931396484375">
        <ele>1701.800048828125</ele>
        <time>2026-07-18T17:56:11.000Z</time>
        <extensions>
          <ns3:TrackPointExtension>
            <ns3:atemp>36.0</ns3:atemp>
          </ns3:TrackPointExtension>
        </extensions>
      </trkpt>
      <trkpt lat="40.01204702071845531463623046875" lon="-105.30259377323091030120849609375">
        <ele>1702.199951171875</ele>
        <time>2026-07-18T17:56:13.000Z</time>
        <extensions>
          <ns3:TrackPointExtension>
            <ns3:atemp>36.0</ns3:atemp>
          </ns3:TrackPointExtension>
        </extensions>
      </trkpt>
      <trkpt lat="40.01203126274049282073974609375" lon="-105.30263207852840423583984375">
        <ele>1702.4000244140625</ele>
        <time>2026-07-18T17:56:14.000Z</time>
        <extensions>
          <ns3:TrackPointExtension>
            <ns3:atemp>36.0</ns3:atemp>
          </ns3:TrackPointExtension>
        </extensions>
      </trkpt>
      <trkpt lat="40.01199957914650440216064453125" lon="-105.302720926702022552490234375">
        <ele>1702.5999755859375</ele>
        <time>2026-07-18T17:56:16.000Z</time>
        <extensions>
          <ns3:TrackPointExtension>
            <ns3:atemp>36.0</ns3:atemp>
          </ns3:TrackPointExtension>
        </extensions>
      </trkpt>
      <trkpt lat="40.01194342039525508880615234375" lon="-105.30287456698715686798095703125">
        <ele>1703</ele>
        <time>2026-07-18T17:56:19.000Z</time>
        <extensions>
          <ns3:TrackPointExtension>
            <ns3:atemp>36.0</ns3:atemp>
          </ns3:TrackPointExtension>
        </extensions>
      </trkpt>
      <trkpt lat="40.01192648895084857940673828125" lon="-105.30293441377580165863037109375">
        <ele>1703.199951171875</ele>
        <time>2026-07-18T17:56:20.000Z</time>
        <extensions>
          <ns3:TrackPointExtension>
            <ns3:atemp>36.0</ns3:atemp>
          </ns3:TrackPointExtension>
        </extensions>
      </trkpt>
      <trkpt lat="40.01191274262964725494384765625" lon="-105.302996523678302764892578125">
        <ele>1703.199951171875</ele>
        <time>2026-07-18T17:56:21.000Z</time>
        <extensions>
          <ns3:TrackPointExtension>
            <ns3:atemp>36.0</ns3:atemp>
          </ns3:TrackPointExtension>
        </extensions>
      </trkpt>
      <trkpt lat="40.01190301962196826934814453125" lon="-105.3030620701611042022705078125">
        <ele>1703.4000244140625</ele>
        <time>2026-07-18T17:56:22.000Z</time>
        <extensions>
          <ns3:TrackPointExtension>
            <ns3:atemp>36.0</ns3:atemp>
          </ns3:TrackPointExtension>
        </extensions>
      </trkpt>
      <trkpt lat="40.01190000213682651519775390625" lon="-105.3031297959387302398681640625">
        <ele>1703.4000244140625</ele>
        <time>2026-07-18T17:56:23.000Z</time>
        <extensions>
          <ns3:TrackPointExtension>
            <ns3:atemp>36.0</ns3:atemp>
          </ns3:TrackPointExtension>
        </extensions>
      </trkpt>
      <trkpt lat="40.01190972514450550079345703125" lon="-105.30326046980917453765869140625">
        <ele>1703.5999755859375</ele>
        <time>2026-07-18T17:56:25.000Z</time>
        <extensions>
          <ns3:TrackPointExtension>
            <ns3:atemp>36.0</ns3:atemp>
          </ns3:TrackPointExtension>
        </extensions>
      </trkpt>
      <trkpt lat="40.01193235628306865692138671875" lon="-105.30345543287694454193115234375">
        <ele>1703.5999755859375</ele>
        <time>2026-07-18T17:56:28.000Z</time>
        <extensions>
          <ns3:TrackPointExtension>
            <ns3:atemp>36.0</ns3:atemp>
          </ns3:TrackPointExtension>
        </extensions>
      </trkpt>
      <trkpt lat="40.0119533948600292205810546875" lon="-105.3037158586084842681884765625">
        <ele>1703.5999755859375</ele>
        <time>2026-07-18T17:56:32.000Z</time>
        <extensions>
          <ns3:TrackPointExtension>
            <ns3:atemp>36.0</ns3:atemp>
          </ns3:TrackPointExtension>
        </extensions>
      </trkpt>
      <trkpt lat="40.0119714997708797454833984375" lon="-105.30391124077141284942626953125">
        <ele>1704</ele>
        <time>2026-07-18T17:56:35.000Z</time>
        <extensions>
          <ns3:TrackPointExtension>
            <ns3:atemp>36.0</ns3:atemp>
          </ns3:TrackPointExtension>
        </extensions>
      </trkpt>
      <trkpt lat="40.0119775347411632537841796875" lon="-105.30397511087357997894287109375">
        <ele>1704.4000244140625</ele>
        <time>2026-07-18T17:56:36.000Z</time>
        <extensions>
          <ns3:TrackPointExtension>
            <ns3:atemp>36.0</ns3:atemp>
          </ns3:TrackPointExtension>
        </extensions>
      </trkpt>
      <trkpt lat="40.01200427301228046417236328125" lon="-105.30422774143517017364501953125">
        <ele>1704.5999755859375</ele>
        <time>2026-07-18T17:56:40.000Z</time>
        <extensions>
          <ns3:TrackPointExtension>
            <ns3:atemp>36.0</ns3:atemp>
          </ns3:TrackPointExtension>
        </extensions>
      </trkpt>
      <trkpt lat="40.01201651059091091156005859375" lon="-105.30435028485953807830810546875">
        <ele>1705</ele>
        <time>2026-07-18T17:56:42.000Z</time>
        <extensions>
          <ns3:TrackPointExtension>
            <ns3:atemp>36.0</ns3:atemp>
          </ns3:TrackPointExtension>
        </extensions>
      </trkpt>
      <trkpt lat="40.01202539540827274322509765625" lon="-105.3045352734625339508056640625">
        <ele>1705.4000244140625</ele>
        <time>2026-07-18T17:56:45.000Z</time>
        <extensions>
          <ns3:TrackPointExtension>
            <ns3:atemp>36.0</ns3:atemp>
          </ns3:TrackPointExtension>
        </extensions>
      </trkpt>
      <trkpt lat="40.01204920001327991485595703125" lon="-105.30478362925350666046142578125">
        <ele>1705.5999755859375</ele>
        <time>2026-07-18T17:56:49.000Z</time>
        <extensions>
          <ns3:TrackPointExtension>
            <ns3:atemp>36.0</ns3:atemp>
          </ns3:TrackPointExtension>
        </extensions>
      </trkpt>
      <trkpt lat="40.0120635330677032470703125" lon="-105.3049141354858875274658203125">
        <ele>1705.800048828125</ele>
        <time>2026-07-18T17:56:51.000Z</time>
        <extensions>
          <ns3:TrackPointExtension>
            <ns3:atemp>36.0</ns3:atemp>
          </ns3:TrackPointExtension>
        </extensions>
      </trkpt>
      <trkpt lat="40.01207333989441394805908203125" lon="-105.30503894202411174774169921875">
        <ele>1706.199951171875</ele>
        <time>2026-07-18T17:56:53.000Z</time>
        <extensions>
          <ns3:TrackPointExtension>
            <ns3:atemp>36.0</ns3:atemp>
          </ns3:TrackPointExtension>
        </extensions>
      </trkpt>
      <trkpt lat="40.01208121888339519500732421875" lon="-105.3051002137362957000732421875">
        <ele>1706.4000244140625</ele>
        <time>2026-07-18T17:56:54.000Z</time>
        <extensions>
          <ns3:TrackPointExtension>
            <ns3:atemp>36.0</ns3:atemp>
          </ns3:TrackPointExtension>
        </extensions>
      </trkpt>
      <trkpt lat="40.0121025927364826202392578125" lon="-105.30528302304446697235107421875">
        <ele>1707</ele>
        <time>2026-07-18T17:56:57.000Z</time>
        <extensions>
          <ns3:TrackPointExtension>
            <ns3:atemp>36.0</ns3:atemp>
          </ns3:TrackPointExtension>
        </extensions>
      </trkpt>
      <trkpt lat="40.01211248338222503662109375" lon="-105.305411182343959808349609375">
        <ele>1707.5999755859375</ele>
        <time>2026-07-18T17:56:59.000Z</time>
        <extensions>
          <ns3:TrackPointExtension>
            <ns3:atemp>36.0</ns3:atemp>
          </ns3:TrackPointExtension>
        </extensions>
      </trkpt>
      <trkpt lat="40.0121263973414897918701171875" lon="-105.3057878650724887847900390625">
        <ele>1708.4000244140625</ele>
        <time>2026-07-18T17:57:05.000Z</time>
        <extensions>
          <ns3:TrackPointExtension>
            <ns3:atemp>36.0</ns3:atemp>
          </ns3:TrackPointExtension>
        </extensions>
      </trkpt>
      <trkpt lat="40.01212514005601406097412109375" lon="-105.3059171140193939208984375">
        <ele>1709</ele>
        <time>2026-07-18T17:57:07.000Z</time>
        <extensions>
          <ns3:TrackPointExtension>
            <ns3:atemp>36.0</ns3:atemp>
          </ns3:TrackPointExtension>
        </extensions>
      </trkpt>
      <trkpt lat="40.01210234127938747406005859375" lon="-105.30609774403274059295654296875">
        <ele>1709.4000244140625</ele>
        <time>2026-07-18T17:57:10.000Z</time>
        <extensions>
          <ns3:TrackPointExtension>
            <ns3:atemp>36.0</ns3:atemp>
          </ns3:TrackPointExtension>
        </extensions>
      </trkpt>
      <trkpt lat="40.01207971014082431793212890625" lon="-105.30621089972555637359619140625">
        <ele>1709.800048828125</ele>
        <time>2026-07-18T17:57:12.000Z</time>
        <extensions>
          <ns3:TrackPointExtension>
            <ns3:atemp>36.0</ns3:atemp>
          </ns3:TrackPointExtension>
        </extensions>
      </trkpt>
      <trkpt lat="40.012028999626636505126953125" lon="-105.306384824216365814208984375">
        <ele>1710.5999755859375</ele>
        <time>2026-07-18T17:57:15.000Z</time>
        <extensions>
          <ns3:TrackPointExtension>
            <ns3:atemp>36.0</ns3:atemp>
          </ns3:TrackPointExtension>
        </extensions>
      </trkpt>
      <trkpt lat="40.01200695522129535675048828125" lon="-105.30644458718597888946533203125">
        <ele>1710.800048828125</ele>
        <time>2026-07-18T17:57:16.000Z</time>
        <extensions>
          <ns3:TrackPointExtension>
            <ns3:atemp>36.0</ns3:atemp>
          </ns3:TrackPointExtension>
        </extensions>
      </trkpt>
      <trkpt lat="40.01194291748106479644775390625" lon="-105.30660820193588733673095703125">
        <ele>1711.800048828125</ele>
        <time>2026-07-18T17:57:19.000Z</time>
        <extensions>
          <ns3:TrackPointExtension>
            <ns3:atemp>36.0</ns3:atemp>
          </ns3:TrackPointExtension>
        </extensions>
      </trkpt>
      <trkpt lat="40.0119188614189624786376953125" lon="-105.30666343867778778076171875">
        <ele>1711.800048828125</ele>
        <time>2026-07-18T17:57:20.000Z</time>
        <extensions>
          <ns3:TrackPointExtension>
            <ns3:atemp>36.0</ns3:atemp>
          </ns3:TrackPointExtension>
        </extensions>
      </trkpt>
      <trkpt lat="40.01185021363198757171630859375" lon="-105.30682705342769622802734375">
        <ele>1712.5999755859375</ele>
        <time>2026-07-18T17:57:23.000Z</time>
        <extensions>
          <ns3:TrackPointExtension>
            <ns3:atemp>36.0</ns3:atemp>
          </ns3:TrackPointExtension>
        </extensions>
      </trkpt>
      <trkpt lat="40.01182640902698040008544921875" lon="-105.30687826685607433319091796875">
        <ele>1712.800048828125</ele>
        <time>2026-07-18T17:57:24.000Z</time>
        <extensions>
          <ns3:TrackPointExtension>
            <ns3:atemp>36.0</ns3:atemp>
          </ns3:TrackPointExtension>
        </extensions>
      </trkpt>
      <trkpt lat="40.01172356307506561279296875" lon="-105.30708379112184047698974609375">
        <ele>1714</ele>
        <time>2026-07-18T17:57:28.000Z</time>
        <extensions>
          <ns3:TrackPointExtension>
            <ns3:atemp>36.0</ns3:atemp>
          </ns3:TrackPointExtension>
        </extensions>
      </trkpt>
      <trkpt lat="40.01166053116321563720703125" lon="-105.30721572227776050567626953125">
        <ele>1714.4000244140625</ele>
        <time>2026-07-18T17:57:31.000Z</time>
        <extensions>
          <ns3:TrackPointExtension>
            <ns3:atemp>36.0</ns3:atemp>
          </ns3:TrackPointExtension>
        </extensions>
      </trkpt>
      <trkpt lat="40.01162926666438579559326171875" lon="-105.30725696124136447906494140625">
        <ele>1714.800048828125</ele>
        <time>2026-07-18T17:57:32.000Z</time>
        <extensions>
          <ns3:TrackPointExtension>
            <ns3:atemp>36.0</ns3:atemp>
          </ns3:TrackPointExtension>
        </extensions>
      </trkpt>
      <trkpt lat="40.01159842126071453094482421875" lon="-105.307304821908473968505859375">
        <ele>1715</ele>
        <time>2026-07-18T17:57:33.000Z</time>
        <extensions>
          <ns3:TrackPointExtension>
            <ns3:atemp>36.0</ns3:atemp>
          </ns3:TrackPointExtension>
        </extensions>
      </trkpt>
      <trkpt lat="40.01148459501564502716064453125" lon="-105.30749718658626079559326171875">
        <ele>1716.5999755859375</ele>
        <time>2026-07-18T17:57:37.000Z</time>
        <extensions>
          <ns3:TrackPointExtension>
            <ns3:atemp>36.0</ns3:atemp>
          </ns3:TrackPointExtension>
        </extensions>
      </trkpt>
      <trkpt lat="40.01142156310379505157470703125" lon="-105.30759240500628948211669921875">
        <ele>1717.199951171875</ele>
        <time>2026-07-18T17:57:39.000Z</time>
        <extensions>
          <ns3:TrackPointExtension>
            <ns3:atemp>36.0</ns3:atemp>
          </ns3:TrackPointExtension>
        </extensions>
      </trkpt>
      <trkpt lat="40.01139138825237751007080078125" lon="-105.30764001421630382537841796875">
        <ele>1717.4000244140625</ele>
        <time>2026-07-18T17:57:40.000Z</time>
        <extensions>
          <ns3:TrackPointExtension>
            <ns3:atemp>36.0</ns3:atemp>
          </ns3:TrackPointExtension>
        </extensions>
      </trkpt>
      <trkpt lat="40.0113807432353496551513671875" lon="-105.30768728815019130706787109375">
        <ele>1717.800048828125</ele>
        <time>2026-07-18T17:57:41.000Z</time>
        <extensions>
          <ns3:TrackPointExtension>
            <ns3:atemp>37.0</ns3:atemp>
          </ns3:TrackPointExtension>
        </extensions>
      </trkpt>
      <trkpt lat="40.01137848012149333953857421875" lon="-105.30773489736020565032958984375">
        <ele>1718</ele>
        <time>2026-07-18T17:57:42.000Z</time>
        <extensions>
          <ns3:TrackPointExtension>
            <ns3:atemp>37.0</ns3:atemp>
          </ns3:TrackPointExtension>
        </extensions>
      </trkpt>
      <trkpt lat="40.01139021478593349456787109375" lon="-105.30784201808273792266845703125">
        <ele>1718.4000244140625</ele>
        <time>2026-07-18T17:57:44.000Z</time>
        <extensions>
          <ns3:TrackPointExtension>
            <ns3:atemp>37.0</ns3:atemp>
          </ns3:TrackPointExtension>
        </extensions>
      </trkpt>
      <trkpt lat="40.01137596555054187774658203125" lon="-105.308003537356853485107421875">
        <ele>1718.800048828125</ele>
        <time>2026-07-18T17:57:47.000Z</time>
        <extensions>
          <ns3:TrackPointExtension>
            <ns3:atemp>37.0</ns3:atemp>
          </ns3:TrackPointExtension>
        </extensions>
      </trkpt>
      <trkpt lat="40.01138024032115936279296875" lon="-105.3080607019364833831787109375">
        <ele>1719</ele>
        <time>2026-07-18T17:57:48.000Z</time>
        <extensions>
          <ns3:TrackPointExtension>
            <ns3:atemp>37.0</ns3:atemp>
          </ns3:TrackPointExtension>
        </extensions>
      </trkpt>
      <trkpt lat="40.011388957500457763671875" lon="-105.308171845972537994384765625">
        <ele>1719.4000244140625</ele>
        <time>2026-07-18T17:57:50.000Z</time>
        <extensions>
          <ns3:TrackPointExtension>
            <ns3:atemp>37.0</ns3:atemp>
          </ns3:TrackPointExtension>
        </extensions>
      </trkpt>
      <trkpt lat="40.0114038772881031036376953125" lon="-105.30828190036118030548095703125">
        <ele>1719.800048828125</ele>
        <time>2026-07-18T17:57:52.000Z</time>
        <extensions>
          <ns3:TrackPointExtension>
            <ns3:atemp>37.0</ns3:atemp>
          </ns3:TrackPointExtension>
        </extensions>
      </trkpt>
      <trkpt lat="40.01140714623034000396728515625" lon="-105.30833319760859012603759765625">
        <ele>1719.800048828125</ele>
        <time>2026-07-18T17:57:53.000Z</time>
        <extensions>
          <ns3:TrackPointExtension>
            <ns3:atemp>37.0</ns3:atemp>
          </ns3:TrackPointExtension>
        </extensions>
      </trkpt>
      <trkpt lat="40.01141100190579891204833984375" lon="-105.308386422693729400634765625">
        <ele>1719.800048828125</ele>
        <time>2026-07-18T17:57:54.000Z</time>
        <extensions>
          <ns3:TrackPointExtension>
            <ns3:atemp>37.0</ns3:atemp>
          </ns3:TrackPointExtension>
        </extensions>
      </trkpt>
      <trkpt lat="40.01142659224569797515869140625" lon="-105.30848608352243900299072265625">
        <ele>1720.4000244140625</ele>
        <time>2026-07-18T17:57:56.000Z</time>
        <extensions>
          <ns3:TrackPointExtension>
            <ns3:atemp>37.0</ns3:atemp>
          </ns3:TrackPointExtension>
        </extensions>
      </trkpt>
      <trkpt lat="40.01144100911915302276611328125" lon="-105.308533608913421630859375">
        <ele>1720.5999755859375</ele>
        <time>2026-07-18T17:57:57.000Z</time>
        <extensions>
          <ns3:TrackPointExtension>
            <ns3:atemp>37.0</ns3:atemp>
          </ns3:TrackPointExtension>
        </extensions>
      </trkpt>
      <trkpt lat="40.01146850176155567169189453125" lon="-105.30862949788570404052734375">
        <ele>1720.800048828125</ele>
        <time>2026-07-18T17:57:59.000Z</time>
        <extensions>
          <ns3:TrackPointExtension>
            <ns3:atemp>37.0</ns3:atemp>
          </ns3:TrackPointExtension>
        </extensions>
      </trkpt>
      <trkpt lat="40.0115530751645565032958984375" lon="-105.30885337851941585540771484375">
        <ele>1722</ele>
        <time>2026-07-18T17:58:04.000Z</time>
        <extensions>
          <ns3:TrackPointExtension>
            <ns3:atemp>37.0</ns3:atemp>
          </ns3:TrackPointExtension>
        </extensions>
      </trkpt>
      <trkpt lat="40.01167486421763896942138671875" lon="-105.30905052088201045989990234375">
        <ele>1722.800048828125</ele>
        <time>2026-07-18T17:58:09.000Z</time>
        <extensions>
          <ns3:TrackPointExtension>
            <ns3:atemp>37.0</ns3:atemp>
          </ns3:TrackPointExtension>
        </extensions>
      </trkpt>
      <trkpt lat="40.01170420087873935699462890625" lon="-105.30908488668501377105712890625">
        <ele>1723.199951171875</ele>
        <time>2026-07-18T17:58:10.000Z</time>
        <extensions>
          <ns3:TrackPointExtension>
            <ns3:atemp>37.0</ns3:atemp>
          </ns3:TrackPointExtension>
        </extensions>
      </trkpt>
      <trkpt lat="40.0118672288954257965087890625" lon="-105.30923659913241863250732421875">
        <ele>1723.5999755859375</ele>
        <time>2026-07-18T17:58:15.000Z</time>
        <extensions>
          <ns3:TrackPointExtension>
            <ns3:atemp>37.0</ns3:atemp>
          </ns3:TrackPointExtension>
        </extensions>
      </trkpt>
      <trkpt lat="40.0119321048259735107421875" lon="-105.30929275788366794586181640625">
        <ele>1724</ele>
        <time>2026-07-18T17:58:17.000Z</time>
        <extensions>
          <ns3:TrackPointExtension>
            <ns3:atemp>37.0</ns3:atemp>
          </ns3:TrackPointExtension>
        </extensions>
      </trkpt>
      <trkpt lat="40.0119654648005962371826171875" lon="-105.30932444147765636444091796875">
        <ele>1724</ele>
        <time>2026-07-18T17:58:18.000Z</time>
        <extensions>
          <ns3:TrackPointExtension>
            <ns3:atemp>37.0</ns3:atemp>
          </ns3:TrackPointExtension>
        </extensions>
      </trkpt>
      <trkpt lat="40.01204651780426502227783203125" lon="-105.309394933283329010009765625">
        <ele>1724.5999755859375</ele>
        <time>2026-07-18T17:58:20.000Z</time>
        <extensions>
          <ns3:TrackPointExtension>
            <ns3:atemp>37.0</ns3:atemp>
          </ns3:TrackPointExtension>
        </extensions>
      </trkpt>
      <trkpt lat="40.01216671429574489593505859375" lon="-105.30940943397581577301025390625">
        <ele>1724.800048828125</ele>
        <time>2026-07-18T17:58:22.000Z</time>
        <extensions>
          <ns3:TrackPointExtension>
            <ns3:atemp>37.0</ns3:atemp>
          </ns3:TrackPointExtension>
        </extensions>
      </trkpt>
      <trkpt lat="40.01222555525600910186767578125" lon="-105.30939602293074131011962890625">
        <ele>1724.800048828125</ele>
        <time>2026-07-18T17:58:23.000Z</time>
        <extensions>
          <ns3:TrackPointExtension>
            <ns3:atemp>37.0</ns3:atemp>
          </ns3:TrackPointExtension>
        </extensions>
      </trkpt>
      <trkpt lat="40.01241012476384639739990234375" lon="-105.3093381039798259735107421875">
        <ele>1724.800048828125</ele>
        <time>2026-07-18T17:58:26.000Z</time>
        <extensions>
          <ns3:TrackPointExtension>
            <ns3:atemp>37.0</ns3:atemp>
          </ns3:TrackPointExtension>
        </extensions>
      </trkpt>
      <trkpt lat="40.012613721191883087158203125" lon="-105.3092801012098789215087890625">
        <ele>1724.800048828125</ele>
        <time>2026-07-18T17:58:29.000Z</time>
        <extensions>
          <ns3:TrackPointExtension>
            <ns3:atemp>37.0</ns3:atemp>
          </ns3:TrackPointExtension>
        </extensions>
      </trkpt>
      <trkpt lat="40.012806840240955352783203125" lon="-105.3091946057975292205810546875">
        <ele>1724.4000244140625</ele>
        <time>2026-07-18T17:58:32.000Z</time>
        <extensions>
          <ns3:TrackPointExtension>
            <ns3:atemp>37.0</ns3:atemp>
          </ns3:TrackPointExtension>
        </extensions>
      </trkpt>
      <trkpt lat="40.012916810810565948486328125" lon="-105.30913836322724819183349609375">
        <ele>1724.199951171875</ele>
        <time>2026-07-18T17:58:34.000Z</time>
        <extensions>
          <ns3:TrackPointExtension>
            <ns3:atemp>37.0</ns3:atemp>
          </ns3:TrackPointExtension>
        </extensions>
      </trkpt>
      <trkpt lat="40.01321009360253810882568359375" lon="-105.309059657156467437744140625">
        <ele>1724.199951171875</ele>
        <time>2026-07-18T17:58:39.000Z</time>
        <extensions>
          <ns3:TrackPointExtension>
            <ns3:atemp>37.0</ns3:atemp>
          </ns3:TrackPointExtension>
        </extensions>
      </trkpt>
      <trkpt lat="40.013268180191516876220703125" lon="-105.30905437655746936798095703125">
        <ele>1724.199951171875</ele>
        <time>2026-07-18T17:58:40.000Z</time>
        <extensions>
          <ns3:TrackPointExtension>
            <ns3:atemp>37.0</ns3:atemp>
          </ns3:TrackPointExtension>
        </extensions>
      </trkpt>
      <trkpt lat="40.01331788487732410430908203125" lon="-105.30906074680387973785400390625">
        <ele>1724.199951171875</ele>
        <time>2026-07-18T17:58:41.000Z</time>
        <extensions>
          <ns3:TrackPointExtension>
            <ns3:atemp>37.0</ns3:atemp>
          </ns3:TrackPointExtension>
        </extensions>
      </trkpt>
      <trkpt lat="40.01340874470770359039306640625" lon="-105.30909343622624874114990234375">
        <ele>1724.5999755859375</ele>
        <time>2026-07-18T17:58:43.000Z</time>
        <extensions>
          <ns3:TrackPointExtension>
            <ns3:atemp>37.0</ns3:atemp>
          </ns3:TrackPointExtension>
        </extensions>
      </trkpt>
      <trkpt lat="40.013500191271305084228515625" lon="-105.30910567380487918853759765625">
        <ele>1725</ele>
        <time>2026-07-18T17:58:45.000Z</time>
        <extensions>
          <ns3:TrackPointExtension>
            <ns3:atemp>37.0</ns3:atemp>
          </ns3:TrackPointExtension>
        </extensions>
      </trkpt>
      <trkpt lat="40.013580322265625" lon="-105.30910131521522998809814453125">
        <ele>1725.4000244140625</ele>
        <time>2026-07-18T17:58:47.000Z</time>
        <extensions>
          <ns3:TrackPointExtension>
            <ns3:atemp>37.0</ns3:atemp>
          </ns3:TrackPointExtension>
        </extensions>
      </trkpt>
      <trkpt lat="40.01360806636512279510498046875" lon="-105.30914473347365856170654296875">
        <ele>1725.800048828125</ele>
        <time>2026-07-18T17:58:48.000Z</time>
        <extensions>
          <ns3:TrackPointExtension>
            <ns3:atemp>37.0</ns3:atemp>
          </ns3:TrackPointExtension>
        </extensions>
      </trkpt>
      <trkpt lat="40.0136411748826503753662109375" lon="-105.3091832064092159271240234375">
        <ele>1726.4000244140625</ele>
        <time>2026-07-18T17:58:49.000Z</time>
        <extensions>
          <ns3:TrackPointExtension>
            <ns3:atemp>37.0</ns3:atemp>
          </ns3:TrackPointExtension>
        </extensions>
      </trkpt>
      <trkpt lat="40.0136777199804782867431640625" lon="-105.30929259024560451507568359375">
        <ele>1727.199951171875</ele>
        <time>2026-07-18T17:58:52.000Z</time>
        <extensions>
          <ns3:TrackPointExtension>
            <ns3:atemp>37.0</ns3:atemp>
          </ns3:TrackPointExtension>
        </extensions>
      </trkpt>
      <trkpt lat="40.0136887840926647186279296875" lon="-105.30930675566196441650390625">
        <ele>1727.5999755859375</ele>
        <time>2026-07-18T17:58:53.000Z</time>
        <extensions>
          <ns3:TrackPointExtension>
            <ns3:atemp>37.0</ns3:atemp>
          </ns3:TrackPointExtension>
        </extensions>
      </trkpt>
      <trkpt lat="40.01370563171803951263427734375" lon="-105.30931203626096248626708984375">
        <ele>1727.800048828125</ele>
        <time>2026-07-18T17:58:54.000Z</time>
        <extensions>
          <ns3:TrackPointExtension>
            <ns3:atemp>37.0</ns3:atemp>
          </ns3:TrackPointExtension>
        </extensions>
      </trkpt>
      <trkpt lat="40.0137548334896564483642578125" lon="-105.3093069233000278472900390625">
        <ele>1728.4000244140625</ele>
        <time>2026-07-18T17:58:56.000Z</time>
        <extensions>
          <ns3:TrackPointExtension>
            <ns3:atemp>37.0</ns3:atemp>
          </ns3:TrackPointExtension>
        </extensions>
      </trkpt>
      <trkpt lat="40.0137742795050144195556640625" lon="-105.30930566601455211639404296875">
        <ele>1728.5999755859375</ele>
        <time>2026-07-18T17:58:57.000Z</time>
        <extensions>
          <ns3:TrackPointExtension>
            <ns3:atemp>37.0</ns3:atemp>
          </ns3:TrackPointExtension>
        </extensions>
      </trkpt>
      <trkpt lat="40.01387779600918292999267578125" lon="-105.3092918358743190765380859375">
        <ele>1729.199951171875</ele>
        <time>2026-07-18T17:59:01.000Z</time>
        <extensions>
          <ns3:TrackPointExtension>
            <ns3:atemp>37.0</ns3:atemp>
          </ns3:TrackPointExtension>
        </extensions>
      </trkpt>
      <trkpt lat="40.01391090452671051025390625" lon="-105.30929041095077991485595703125">
        <ele>1729.4000244140625</ele>
        <time>2026-07-18T17:59:02.000Z</time>
        <extensions>
          <ns3:TrackPointExtension>
            <ns3:atemp>37.0</ns3:atemp>
          </ns3:TrackPointExtension>
        </extensions>
      </trkpt>
      <trkpt lat="40.01397854648530483245849609375" lon="-105.30934740789234638214111328125">
        <ele>1729.4000244140625</ele>
        <time>2026-07-18T17:59:04.000Z</time>
        <extensions>
          <ns3:TrackPointExtension>
            <ns3:atemp>37.0</ns3:atemp>
          </ns3:TrackPointExtension>
        </extensions>
      </trkpt>
      <trkpt lat="40.01397318206727504730224609375" lon="-105.3095235116779804229736328125">
        <ele>1729.4000244140625</ele>
        <time>2026-07-18T17:59:07.000Z</time>
        <extensions>
          <ns3:TrackPointExtension>
            <ns3:atemp>37.0</ns3:atemp>
          </ns3:TrackPointExtension>
        </extensions>
      </trkpt>
      <trkpt lat="40.01396320760250091552734375" lon="-105.30958176590502262115478515625">
        <ele>1729.199951171875</ele>
        <time>2026-07-18T17:59:08.000Z</time>
        <extensions>
          <ns3:TrackPointExtension>
            <ns3:atemp>37.0</ns3:atemp>
          </ns3:TrackPointExtension>
        </extensions>
      </trkpt>
      <trkpt lat="40.01394066028296947479248046875" lon="-105.30979734845459461212158203125">
        <ele>1729.199951171875</ele>
        <time>2026-07-18T17:59:12.000Z</time>
        <extensions>
          <ns3:TrackPointExtension>
            <ns3:atemp>37.0</ns3:atemp>
          </ns3:TrackPointExtension>
        </extensions>
      </trkpt>
      <trkpt lat="40.01392641104757785797119140625" lon="-105.3099013678729534149169921875">
        <ele>1729.199951171875</ele>
        <time>2026-07-18T17:59:14.000Z</time>
        <extensions>
          <ns3:TrackPointExtension>
            <ns3:atemp>37.0</ns3:atemp>
          </ns3:TrackPointExtension>
        </extensions>
      </trkpt>
      <trkpt lat="40.013911910355091094970703125" lon="-105.30994939617812633514404296875">
        <ele>1729.199951171875</ele>
        <time>2026-07-18T17:59:15.000Z</time>
        <extensions>
          <ns3:TrackPointExtension>
            <ns3:atemp>37.0</ns3:atemp>
          </ns3:TrackPointExtension>
        </extensions>
      </trkpt>
      <trkpt lat="40.01391467638313770294189453125" lon="-105.31012080609798431396484375">
        <ele>1729.4000244140625</ele>
        <time>2026-07-18T17:59:18.000Z</time>
        <extensions>
          <ns3:TrackPointExtension>
            <ns3:atemp>37.0</ns3:atemp>
          </ns3:TrackPointExtension>
        </extensions>
      </trkpt>
      <trkpt lat="40.01391719095408916473388671875" lon="-105.310242176055908203125">
        <ele>1729.5999755859375</ele>
        <time>2026-07-18T17:59:20.000Z</time>
        <extensions>
          <ns3:TrackPointExtension>
            <ns3:atemp>37.0</ns3:atemp>
          </ns3:TrackPointExtension>
        </extensions>
      </trkpt>
      <trkpt lat="40.013958849012851715087890625" lon="-105.31041794456541538238525390625">
        <ele>1730</ele>
        <time>2026-07-18T17:59:23.000Z</time>
        <extensions>
          <ns3:TrackPointExtension>
            <ns3:atemp>37.0</ns3:atemp>
          </ns3:TrackPointExtension>
        </extensions>
      </trkpt>
      <trkpt lat="40.01399296335875988006591796875" lon="-105.3105286695063114166259765625">
        <ele>1730.199951171875</ele>
        <time>2026-07-18T17:59:25.000Z</time>
        <extensions>
          <ns3:TrackPointExtension>
            <ns3:atemp>37.0</ns3:atemp>
          </ns3:TrackPointExtension>
        </extensions>
      </trkpt>
      <trkpt lat="40.0140421651303768157958984375" lon="-105.31063067726790904998779296875">
        <ele>1730.4000244140625</ele>
        <time>2026-07-18T17:59:27.000Z</time>
        <extensions>
          <ns3:TrackPointExtension>
            <ns3:atemp>37.0</ns3:atemp>
          </ns3:TrackPointExtension>
        </extensions>
      </trkpt>
      <trkpt lat="40.014072172343730926513671875" lon="-105.31067644245922565460205078125">
        <ele>1730.5999755859375</ele>
        <time>2026-07-18T17:59:28.000Z</time>
        <extensions>
          <ns3:TrackPointExtension>
            <ns3:atemp>37.0</ns3:atemp>
          </ns3:TrackPointExtension>
        </extensions>
      </trkpt>
      <trkpt lat="40.01409539021551609039306640625" lon="-105.31072556041181087493896484375">
        <ele>1730.800048828125</ele>
        <time>2026-07-18T17:59:29.000Z</time>
        <extensions>
          <ns3:TrackPointExtension>
            <ns3:atemp>37.0</ns3:atemp>
          </ns3:TrackPointExtension>
        </extensions>
      </trkpt>
      <trkpt lat="40.01416931860148906707763671875" lon="-105.3108753450214862823486328125">
        <ele>1731.199951171875</ele>
        <time>2026-07-18T17:59:32.000Z</time>
        <extensions>
          <ns3:TrackPointExtension>
            <ns3:atemp>37.0</ns3:atemp>
          </ns3:TrackPointExtension>
        </extensions>
      </trkpt>
      <trkpt lat="40.014201588928699493408203125" lon="-105.310923121869564056396484375">
        <ele>1731.4000244140625</ele>
        <time>2026-07-18T17:59:33.000Z</time>
        <extensions>
          <ns3:TrackPointExtension>
            <ns3:atemp>37.0</ns3:atemp>
          </ns3:TrackPointExtension>
        </extensions>
      </trkpt>
      <trkpt lat="40.0143100507557392120361328125" lon="-105.31104147434234619140625">
        <ele>1732</ele>
        <time>2026-07-18T17:59:36.000Z</time>
        <extensions>
          <ns3:TrackPointExtension>
            <ns3:atemp>37.0</ns3:atemp>
          </ns3:TrackPointExtension>
        </extensions>
      </trkpt>
      <trkpt lat="40.014476515352725982666015625" lon="-105.31116158701479434967041015625">
        <ele>1732.800048828125</ele>
        <time>2026-07-18T17:59:40.000Z</time>
        <extensions>
          <ns3:TrackPointExtension>
            <ns3:atemp>37.0</ns3:atemp>
          </ns3:TrackPointExtension>
        </extensions>
      </trkpt>
      <trkpt lat="40.01452689059078693389892578125" lon="-105.3111878223717212677001953125">
        <ele>1732.800048828125</ele>
        <time>2026-07-18T17:59:41.000Z</time>
        <extensions>
          <ns3:TrackPointExtension>
            <ns3:atemp>37.0</ns3:atemp>
          </ns3:TrackPointExtension>
        </extensions>
      </trkpt>
      <trkpt lat="40.0146228633821010589599609375" lon="-105.31122093088924884796142578125">
        <ele>1733.199951171875</ele>
        <time>2026-07-18T17:59:43.000Z</time>
        <extensions>
          <ns3:TrackPointExtension>
            <ns3:atemp>37.0</ns3:atemp>
          </ns3:TrackPointExtension>
        </extensions>
      </trkpt>
      <trkpt lat="40.014736354351043701171875" lon="-105.31121439300477504730224609375">
        <ele>1733.800048828125</ele>
        <time>2026-07-18T17:59:45.000Z</time>
        <extensions>
          <ns3:TrackPointExtension>
            <ns3:atemp>37.0</ns3:atemp>
          </ns3:TrackPointExtension>
        </extensions>
      </trkpt>
      <trkpt lat="40.01479578204452991485595703125" lon="-105.31118103303015232086181640625">
        <ele>1734</ele>
        <time>2026-07-18T17:59:46.000Z</time>
        <extensions>
          <ns3:TrackPointExtension>
            <ns3:atemp>37.0</ns3:atemp>
          </ns3:TrackPointExtension>
        </extensions>
      </trkpt>
      <trkpt lat="40.0148369371891021728515625" lon="-105.3111393749713897705078125">
        <ele>1734.199951171875</ele>
        <time>2026-07-18T17:59:47.000Z</time>
        <extensions>
          <ns3:TrackPointExtension>
            <ns3:atemp>37.0</ns3:atemp>
          </ns3:TrackPointExtension>
        </extensions>
      </trkpt>
      <trkpt lat="40.01490038819611072540283203125" lon="-105.31104859896004199981689453125">
        <ele>1734.5999755859375</ele>
        <time>2026-07-18T17:59:49.000Z</time>
        <extensions>
          <ns3:TrackPointExtension>
            <ns3:atemp>37.0</ns3:atemp>
          </ns3:TrackPointExtension>
        </extensions>
      </trkpt>
      <trkpt lat="40.01493894495069980621337890625" lon="-105.310996882617473602294921875">
        <ele>1734.800048828125</ele>
        <time>2026-07-18T17:59:50.000Z</time>
        <extensions>
          <ns3:TrackPointExtension>
            <ns3:atemp>37.0</ns3:atemp>
          </ns3:TrackPointExtension>
        </extensions>
      </trkpt>
      <trkpt lat="40.014966018497943878173828125" lon="-105.31095371581614017486572265625">
        <ele>1735.199951171875</ele>
        <time>2026-07-18T17:59:51.000Z</time>
        <extensions>
          <ns3:TrackPointExtension>
            <ns3:atemp>37.0</ns3:atemp>
          </ns3:TrackPointExtension>
        </extensions>
      </trkpt>
      <trkpt lat="40.0150553695857524871826171875" lon="-105.31084424816071987152099609375">
        <ele>1736</ele>
        <time>2026-07-18T17:59:54.000Z</time>
        <extensions>
          <ns3:TrackPointExtension>
            <ns3:atemp>37.0</ns3:atemp>
          </ns3:TrackPointExtension>
        </extensions>
      </trkpt>
      <trkpt lat="40.0151204131543636322021484375" lon="-105.3108217008411884307861328125">
        <ele>1736.4000244140625</ele>
        <time>2026-07-18T17:59:56.000Z</time>
        <extensions>
          <ns3:TrackPointExtension>
            <ns3:atemp>36.0</ns3:atemp>
          </ns3:TrackPointExtension>
        </extensions>
      </trkpt>
      <trkpt lat="40.01519325189292430877685546875" lon="-105.3108331002295017242431640625">
        <ele>1737</ele>
        <time>2026-07-18T17:59:58.000Z</time>
        <extensions>
          <ns3:TrackPointExtension>
            <ns3:atemp>37.0</ns3:atemp>
          </ns3:TrackPointExtension>
        </extensions>
      </trkpt>
      <trkpt lat="40.01525980420410633087158203125" lon="-105.310856401920318603515625">
        <ele>1737.4000244140625</ele>
        <time>2026-07-18T18:00:00.000Z</time>
        <extensions>
          <ns3:TrackPointExtension>
            <ns3:atemp>36.0</ns3:atemp>
          </ns3:TrackPointExtension>
        </extensions>
      </trkpt>
      <trkpt lat="40.01533792354166507720947265625" lon="-105.31088464893400669097900390625">
        <ele>1738</ele>
        <time>2026-07-18T18:00:02.000Z</time>
        <extensions>
          <ns3:TrackPointExtension>
            <ns3:atemp>36.0</ns3:atemp>
          </ns3:TrackPointExtension>
        </extensions>
      </trkpt>
      <trkpt lat="40.015377067029476165771484375" lon="-105.3109145723283290863037109375">
        <ele>1738.199951171875</ele>
        <time>2026-07-18T18:00:03.000Z</time>
        <extensions>
          <ns3:TrackPointExtension>
            <ns3:atemp>36.0</ns3:atemp>
          </ns3:TrackPointExtension>
        </extensions>
      </trkpt>
      <trkpt lat="40.01541788689792156219482421875" lon="-105.3109427355229854583740234375">
        <ele>1738.199951171875</ele>
        <time>2026-07-18T18:00:04.000Z</time>
        <extensions>
          <ns3:TrackPointExtension>
            <ns3:atemp>36.0</ns3:atemp>
          </ns3:TrackPointExtension>
        </extensions>
      </trkpt>
      <trkpt lat="40.0154540129005908966064453125" lon="-105.310971401631832122802734375">
        <ele>1738.5999755859375</ele>
        <time>2026-07-18T18:00:05.000Z</time>
        <extensions>
          <ns3:TrackPointExtension>
            <ns3:atemp>36.0</ns3:atemp>
          </ns3:TrackPointExtension>
        </extensions>
      </trkpt>
      <trkpt lat="40.015476308763027191162109375" lon="-105.3110151551663875579833984375">
        <ele>1738.5999755859375</ele>
        <time>2026-07-18T18:00:06.000Z</time>
        <extensions>
          <ns3:TrackPointExtension>
            <ns3:atemp>36.0</ns3:atemp>
          </ns3:TrackPointExtension>
        </extensions>
      </trkpt>
      <trkpt lat="40.01550220884382724761962890625" lon="-105.311063267290592193603515625">
        <ele>1738.800048828125</ele>
        <time>2026-07-18T18:00:07.000Z</time>
        <extensions>
          <ns3:TrackPointExtension>
            <ns3:atemp>36.0</ns3:atemp>
          </ns3:TrackPointExtension>
        </extensions>
      </trkpt>
      <trkpt lat="40.01557119190692901611328125" lon="-105.31115840189158916473388671875">
        <ele>1738.800048828125</ele>
        <time>2026-07-18T18:00:09.000Z</time>
        <extensions>
          <ns3:TrackPointExtension>
            <ns3:atemp>36.0</ns3:atemp>
          </ns3:TrackPointExtension>
        </extensions>
      </trkpt>
      <trkpt lat="40.0156370736658573150634765625" lon="-105.3112739883363246917724609375">
        <ele>1738.800048828125</ele>
        <time>2026-07-18T18:00:11.000Z</time>
        <extensions>
          <ns3:TrackPointExtension>
            <ns3:atemp>36.0</ns3:atemp>
          </ns3:TrackPointExtension>
        </extensions>
      </trkpt>
      <trkpt lat="40.0156900472939014434814453125" lon="-105.31137968413531780242919921875">
        <ele>1738.800048828125</ele>
        <time>2026-07-18T18:00:13.000Z</time>
        <extensions>
          <ns3:TrackPointExtension>
            <ns3:atemp>36.0</ns3:atemp>
          </ns3:TrackPointExtension>
        </extensions>
      </trkpt>
      <trkpt lat="40.0156934000551700592041015625" lon="-105.31150138936936855316162109375">
        <ele>1738.800048828125</ele>
        <time>2026-07-18T18:00:15.000Z</time>
        <extensions>
          <ns3:TrackPointExtension>
            <ns3:atemp>36.0</ns3:atemp>
          </ns3:TrackPointExtension>
        </extensions>
      </trkpt>
      <trkpt lat="40.01568677835166454315185546875" lon="-105.31162150204181671142578125">
        <ele>1738.800048828125</ele>
        <time>2026-07-18T18:00:17.000Z</time>
        <extensions>
          <ns3:TrackPointExtension>
            <ns3:atemp>36.0</ns3:atemp>
          </ns3:TrackPointExtension>
        </extensions>
      </trkpt>
      <trkpt lat="40.015672780573368072509765625" lon="-105.31173541210591793060302734375">
        <ele>1738.800048828125</ele>
        <time>2026-07-18T18:00:19.000Z</time>
        <extensions>
          <ns3:TrackPointExtension>
            <ns3:atemp>36.0</ns3:atemp>
          </ns3:TrackPointExtension>
        </extensions>
      </trkpt>
      <trkpt lat="40.0156595371663570404052734375" lon="-105.31179073266685009002685546875">
        <ele>1738.800048828125</ele>
        <time>2026-07-18T18:00:20.000Z</time>
        <extensions>
          <ns3:TrackPointExtension>
            <ns3:atemp>36.0</ns3:atemp>
          </ns3:TrackPointExtension>
        </extensions>
      </trkpt>
      <trkpt lat="40.01564336009323596954345703125" lon="-105.311844460666179656982421875">
        <ele>1739</ele>
        <time>2026-07-18T18:00:21.000Z</time>
        <extensions>
          <ns3:TrackPointExtension>
            <ns3:atemp>36.0</ns3:atemp>
          </ns3:TrackPointExtension>
        </extensions>
      </trkpt>
      <trkpt lat="40.0155918113887310028076171875" lon="-105.31194261275231838226318359375">
        <ele>1739</ele>
        <time>2026-07-18T18:00:23.000Z</time>
        <extensions>
          <ns3:TrackPointExtension>
            <ns3:atemp>36.0</ns3:atemp>
          </ns3:TrackPointExtension>
        </extensions>
      </trkpt>
      <trkpt lat="40.0155609659850597381591796875" lon="-105.3119871206581592559814453125">
        <ele>1739</ele>
        <time>2026-07-18T18:00:24.000Z</time>
        <extensions>
          <ns3:TrackPointExtension>
            <ns3:atemp>36.0</ns3:atemp>
          </ns3:TrackPointExtension>
        </extensions>
      </trkpt>
      <trkpt lat="40.01549877226352691650390625" lon="-105.3120856918394565582275390625">
        <ele>1739</ele>
        <time>2026-07-18T18:00:26.000Z</time>
        <extensions>
          <ns3:TrackPointExtension>
            <ns3:atemp>36.0</ns3:atemp>
          </ns3:TrackPointExtension>
        </extensions>
      </trkpt>
      <trkpt lat="40.01546449027955532073974609375" lon="-105.31220328994095325469970703125">
        <ele>1739</ele>
        <time>2026-07-18T18:00:28.000Z</time>
        <extensions>
          <ns3:TrackPointExtension>
            <ns3:atemp>36.0</ns3:atemp>
          </ns3:TrackPointExtension>
        </extensions>
      </trkpt>
      <trkpt lat="40.01545510254800319671630859375" lon="-105.3122637234628200531005859375">
        <ele>1739</ele>
        <time>2026-07-18T18:00:29.000Z</time>
        <extensions>
          <ns3:TrackPointExtension>
            <ns3:atemp>36.0</ns3:atemp>
          </ns3:TrackPointExtension>
        </extensions>
      </trkpt>
      <trkpt lat="40.01538855023682117462158203125" lon="-105.3126080520451068878173828125">
        <ele>1739.4000244140625</ele>
        <time>2026-07-18T18:00:35.000Z</time>
        <extensions>
          <ns3:TrackPointExtension>
            <ns3:atemp>36.0</ns3:atemp>
          </ns3:TrackPointExtension>
        </extensions>
      </trkpt>
      <trkpt lat="40.0153681822121143341064453125" lon="-105.3126650489866733551025390625">
        <ele>1739.5999755859375</ele>
        <time>2026-07-18T18:00:36.000Z</time>
        <extensions>
          <ns3:TrackPointExtension>
            <ns3:atemp>36.0</ns3:atemp>
          </ns3:TrackPointExtension>
        </extensions>
      </trkpt>
      <trkpt lat="40.0153323076665401458740234375" lon="-105.3127849102020263671875">
        <ele>1740</ele>
        <time>2026-07-18T18:00:38.000Z</time>
        <extensions>
          <ns3:TrackPointExtension>
            <ns3:atemp>36.0</ns3:atemp>
          </ns3:TrackPointExtension>
        </extensions>
      </trkpt>
      <trkpt lat="40.0153289549052715301513671875" lon="-105.312846265733242034912109375">
        <ele>1740</ele>
        <time>2026-07-18T18:00:39.000Z</time>
        <extensions>
          <ns3:TrackPointExtension>
            <ns3:atemp>36.0</ns3:atemp>
          </ns3:TrackPointExtension>
        </extensions>
      </trkpt>
      <trkpt lat="40.01533088274300098419189453125" lon="-105.31290829181671142578125">
        <ele>1740.199951171875</ele>
        <time>2026-07-18T18:00:40.000Z</time>
        <extensions>
          <ns3:TrackPointExtension>
            <ns3:atemp>36.0</ns3:atemp>
          </ns3:TrackPointExtension>
        </extensions>
      </trkpt>
      <trkpt lat="40.01534429378807544708251953125" lon="-105.31302521936595439910888671875">
        <ele>1740.4000244140625</ele>
        <time>2026-07-18T18:00:42.000Z</time>
        <extensions>
          <ns3:TrackPointExtension>
            <ns3:atemp>36.0</ns3:atemp>
          </ns3:TrackPointExtension>
        </extensions>
      </trkpt>
      <trkpt lat="40.0153527595102787017822265625" lon="-105.3130858205258846282958984375">
        <ele>1740.4000244140625</ele>
        <time>2026-07-18T18:00:43.000Z</time>
        <extensions>
          <ns3:TrackPointExtension>
            <ns3:atemp>36.0</ns3:atemp>
          </ns3:TrackPointExtension>
        </extensions>
      </trkpt>
      <trkpt lat="40.0153598003089427947998046875" lon="-105.31314139254391193389892578125">
        <ele>1740.5999755859375</ele>
        <time>2026-07-18T18:00:44.000Z</time>
        <extensions>
          <ns3:TrackPointExtension>
            <ns3:atemp>36.0</ns3:atemp>
          </ns3:TrackPointExtension>
        </extensions>
      </trkpt>
      <trkpt lat="40.0153661705553531646728515625" lon="-105.3131894208490848541259765625">
        <ele>1740.800048828125</ele>
        <time>2026-07-18T18:00:45.000Z</time>
        <extensions>
          <ns3:TrackPointExtension>
            <ns3:atemp>36.0</ns3:atemp>
          </ns3:TrackPointExtension>
        </extensions>
      </trkpt>
      <trkpt lat="40.01539148390293121337890625" lon="-105.31338262371718883514404296875">
        <ele>1741.4000244140625</ele>
        <time>2026-07-18T18:00:49.000Z</time>
        <extensions>
          <ns3:TrackPointExtension>
            <ns3:atemp>36.0</ns3:atemp>
          </ns3:TrackPointExtension>
        </extensions>
      </trkpt>
      <trkpt lat="40.01539282500743865966796875" lon="-105.313432328402996063232421875">
        <ele>1741.5999755859375</ele>
        <time>2026-07-18T18:00:50.000Z</time>
        <extensions>
          <ns3:TrackPointExtension>
            <ns3:atemp>36.0</ns3:atemp>
          </ns3:TrackPointExtension>
        </extensions>
      </trkpt>
      <trkpt lat="40.01540958881378173828125" lon="-105.31357406638562679290771484375">
        <ele>1741.5999755859375</ele>
        <time>2026-07-18T18:00:53.000Z</time>
        <extensions>
          <ns3:TrackPointExtension>
            <ns3:atemp>36.0</ns3:atemp>
          </ns3:TrackPointExtension>
        </extensions>
      </trkpt>
      <trkpt lat="40.0154270231723785400390625" lon="-105.31368889845907688140869140625">
        <ele>1741.5999755859375</ele>
        <time>2026-07-18T18:00:55.000Z</time>
        <extensions>
          <ns3:TrackPointExtension>
            <ns3:atemp>36.0</ns3:atemp>
          </ns3:TrackPointExtension>
        </extensions>
      </trkpt>
      <trkpt lat="40.01543163321912288665771484375" lon="-105.313934572041034698486328125">
        <ele>1742.5999755859375</ele>
        <time>2026-07-18T18:00:59.000Z</time>
        <extensions>
          <ns3:TrackPointExtension>
            <ns3:atemp>36.0</ns3:atemp>
          </ns3:TrackPointExtension>
        </extensions>
      </trkpt>
      <trkpt lat="40.01541336067020893096923828125" lon="-105.3140473924577236175537109375">
        <ele>1743</ele>
        <time>2026-07-18T18:01:01.000Z</time>
        <extensions>
          <ns3:TrackPointExtension>
            <ns3:atemp>36.0</ns3:atemp>
          </ns3:TrackPointExtension>
        </extensions>
      </trkpt>
      <trkpt lat="40.01540112309157848358154296875" lon="-105.31410656869411468505859375">
        <ele>1743</ele>
        <time>2026-07-18T18:01:02.000Z</time>
        <extensions>
          <ns3:TrackPointExtension>
            <ns3:atemp>36.0</ns3:atemp>
          </ns3:TrackPointExtension>
        </extensions>
      </trkpt>
      <trkpt lat="40.01538285054266452789306640625" lon="-105.31417286954820156097412109375">
        <ele>1743.199951171875</ele>
        <time>2026-07-18T18:01:03.000Z</time>
        <extensions>
          <ns3:TrackPointExtension>
            <ns3:atemp>36.0</ns3:atemp>
          </ns3:TrackPointExtension>
        </extensions>
      </trkpt>
      <trkpt lat="40.015338845551013946533203125" lon="-105.3142767213284969329833984375">
        <ele>1743.4000244140625</ele>
        <time>2026-07-18T18:01:05.000Z</time>
        <extensions>
          <ns3:TrackPointExtension>
            <ns3:atemp>36.0</ns3:atemp>
          </ns3:TrackPointExtension>
        </extensions>
      </trkpt>
      <trkpt lat="40.01532199792563915252685546875" lon="-105.31432022340595722198486328125">
        <ele>1743.5999755859375</ele>
        <time>2026-07-18T18:01:06.000Z</time>
        <extensions>
          <ns3:TrackPointExtension>
            <ns3:atemp>36.0</ns3:atemp>
          </ns3:TrackPointExtension>
        </extensions>
      </trkpt>
      <trkpt lat="40.01530162990093231201171875" lon="-105.31435559503734111785888671875">
        <ele>1743.800048828125</ele>
        <time>2026-07-18T18:01:07.000Z</time>
        <extensions>
          <ns3:TrackPointExtension>
            <ns3:atemp>36.0</ns3:atemp>
          </ns3:TrackPointExtension>
        </extensions>
      </trkpt>
      <trkpt lat="40.0151951797306537628173828125" lon="-105.3144762106239795684814453125">
        <ele>1744.4000244140625</ele>
        <time>2026-07-18T18:01:10.000Z</time>
        <extensions>
          <ns3:TrackPointExtension>
            <ns3:atemp>36.0</ns3:atemp>
          </ns3:TrackPointExtension>
        </extensions>
      </trkpt>
      <trkpt lat="40.0151368416845798492431640625" lon="-105.314531028270721435546875">
        <ele>1744.800048828125</ele>
        <time>2026-07-18T18:01:12.000Z</time>
        <extensions>
          <ns3:TrackPointExtension>
            <ns3:atemp>36.0</ns3:atemp>
          </ns3:TrackPointExtension>
        </extensions>
      </trkpt>
      <trkpt lat="40.01499493606388568878173828125" lon="-105.3146052919328212738037109375">
        <ele>1745.5999755859375</ele>
        <time>2026-07-18T18:01:16.000Z</time>
        <extensions>
          <ns3:TrackPointExtension>
            <ns3:atemp>36.0</ns3:atemp>
          </ns3:TrackPointExtension>
        </extensions>
      </trkpt>
      <trkpt lat="40.014954619109630584716796875" lon="-105.31462146900594234466552734375">
        <ele>1745.800048828125</ele>
        <time>2026-07-18T18:01:17.000Z</time>
        <extensions>
          <ns3:TrackPointExtension>
            <ns3:atemp>36.0</ns3:atemp>
          </ns3:TrackPointExtension>
        </extensions>
      </trkpt>
      <trkpt lat="40.0148374401032924652099609375" lon="-105.31466907821595668792724609375">
        <ele>1746.199951171875</ele>
        <time>2026-07-18T18:01:20.000Z</time>
        <extensions>
          <ns3:TrackPointExtension>
            <ns3:atemp>36.0</ns3:atemp>
          </ns3:TrackPointExtension>
        </extensions>
      </trkpt>
      <trkpt lat="40.0147968716919422149658203125" lon="-105.31467058695852756500244140625">
        <ele>1746.4000244140625</ele>
        <time>2026-07-18T18:01:21.000Z</time>
        <extensions>
          <ns3:TrackPointExtension>
            <ns3:atemp>36.0</ns3:atemp>
          </ns3:TrackPointExtension>
        </extensions>
      </trkpt>
      <trkpt lat="40.01475772820413112640380859375" lon="-105.31467075459659099578857421875">
        <ele>1746.5999755859375</ele>
        <time>2026-07-18T18:01:22.000Z</time>
        <extensions>
          <ns3:TrackPointExtension>
            <ns3:atemp>36.0</ns3:atemp>
          </ns3:TrackPointExtension>
        </extensions>
      </trkpt>
      <trkpt lat="40.0146818719804286956787109375" lon="-105.31466354615986347198486328125">
        <ele>1746.800048828125</ele>
        <time>2026-07-18T18:01:24.000Z</time>
        <extensions>
          <ns3:TrackPointExtension>
            <ns3:atemp>36.0</ns3:atemp>
          </ns3:TrackPointExtension>
        </extensions>
      </trkpt>
      <trkpt lat="40.01456980593502521514892578125" lon="-105.3146441839635372161865234375">
        <ele>1747</ele>
        <time>2026-07-18T18:01:27.000Z</time>
        <extensions>
          <ns3:TrackPointExtension>
            <ns3:atemp>36.0</ns3:atemp>
          </ns3:TrackPointExtension>
        </extensions>
      </trkpt>
      <trkpt lat="40.01443929970264434814453125" lon="-105.31461426056921482086181640625">
        <ele>1747.199951171875</ele>
        <time>2026-07-18T18:01:31.000Z</time>
        <extensions>
          <ns3:TrackPointExtension>
            <ns3:atemp>36.0</ns3:atemp>
          </ns3:TrackPointExtension>
        </extensions>
      </trkpt>
      <trkpt lat="40.01425422728061676025390625" lon="-105.314621217548847198486328125">
        <ele>1747.5999755859375</ele>
        <time>2026-07-18T18:01:36.000Z</time>
        <extensions>
          <ns3:TrackPointExtension>
            <ns3:atemp>36.0</ns3:atemp>
          </ns3:TrackPointExtension>
        </extensions>
      </trkpt>
      <trkpt lat="40.0142168439924716949462890625" lon="-105.31462557613849639892578125">
        <ele>1747.800048828125</ele>
        <time>2026-07-18T18:01:37.000Z</time>
        <extensions>
          <ns3:TrackPointExtension>
            <ns3:atemp>37.0</ns3:atemp>
          </ns3:TrackPointExtension>
        </extensions>
      </trkpt>
      <trkpt lat="40.01399346627295017242431640625" lon="-105.31468852423131465911865234375">
        <ele>1748.4000244140625</ele>
        <time>2026-07-18T18:01:43.000Z</time>
        <extensions>
          <ns3:TrackPointExtension>
            <ns3:atemp>37.0</ns3:atemp>
          </ns3:TrackPointExtension>
        </extensions>
      </trkpt>
      <trkpt lat="40.01393445767462253570556640625" lon="-105.3147316910326480865478515625">
        <ele>1748.800048828125</ele>
        <time>2026-07-18T18:01:45.000Z</time>
        <extensions>
          <ns3:TrackPointExtension>
            <ns3:atemp>37.0</ns3:atemp>
          </ns3:TrackPointExtension>
        </extensions>
      </trkpt>
      <trkpt lat="40.013814680278301239013671875" lon="-105.31485750339925289154052734375">
        <ele>1749.4000244140625</ele>
        <time>2026-07-18T18:01:49.000Z</time>
        <extensions>
          <ns3:TrackPointExtension>
            <ns3:atemp>37.0</ns3:atemp>
          </ns3:TrackPointExtension>
        </extensions>
      </trkpt>
      <trkpt lat="40.0136983394622802734375" lon="-105.3149990737438201904296875">
        <ele>1749.800048828125</ele>
        <time>2026-07-18T18:01:53.000Z</time>
        <extensions>
          <ns3:TrackPointExtension>
            <ns3:atemp>37.0</ns3:atemp>
          </ns3:TrackPointExtension>
        </extensions>
      </trkpt>
      <trkpt lat="40.0136096589267253875732421875" lon="-105.31510393135249614715576171875">
        <ele>1750.199951171875</ele>
        <time>2026-07-18T18:01:56.000Z</time>
        <extensions>
          <ns3:TrackPointExtension>
            <ns3:atemp>37.0</ns3:atemp>
          </ns3:TrackPointExtension>
        </extensions>
      </trkpt>
      <trkpt lat="40.01347881741821765899658203125" lon="-105.31525530852377414703369140625">
        <ele>1751</ele>
        <time>2026-07-18T18:02:01.000Z</time>
        <extensions>
          <ns3:TrackPointExtension>
            <ns3:atemp>37.0</ns3:atemp>
          </ns3:TrackPointExtension>
        </extensions>
      </trkpt>
      <trkpt lat="40.01337655819952487945556640625" lon="-105.3153643570840358734130859375">
        <ele>1751.199951171875</ele>
        <time>2026-07-18T18:02:05.000Z</time>
        <extensions>
          <ns3:TrackPointExtension>
            <ns3:atemp>37.0</ns3:atemp>
          </ns3:TrackPointExtension>
        </extensions>
      </trkpt>
      <trkpt lat="40.0132475607097148895263671875" lon="-105.31546837650239467620849609375">
        <ele>1751.800048828125</ele>
        <time>2026-07-18T18:02:09.000Z</time>
        <extensions>
          <ns3:TrackPointExtension>
            <ns3:atemp>37.0</ns3:atemp>
          </ns3:TrackPointExtension>
        </extensions>
      </trkpt>
      <trkpt lat="40.01321696676313877105712890625" lon="-105.31549352221190929412841796875">
        <ele>1751.800048828125</ele>
        <time>2026-07-18T18:02:10.000Z</time>
        <extensions>
          <ns3:TrackPointExtension>
            <ns3:atemp>37.0</ns3:atemp>
          </ns3:TrackPointExtension>
        </extensions>
      </trkpt>
      <trkpt lat="40.01303826458752155303955078125" lon="-105.3156795166432857513427734375">
        <ele>1752.5999755859375</ele>
        <time>2026-07-18T18:02:17.000Z</time>
        <extensions>
          <ns3:TrackPointExtension>
            <ns3:atemp>37.0</ns3:atemp>
          </ns3:TrackPointExtension>
        </extensions>
      </trkpt>
      <trkpt lat="40.0130237638950347900390625" lon="-105.31570474617183208465576171875">
        <ele>1753</ele>
        <time>2026-07-18T18:02:18.000Z</time>
        <extensions>
          <ns3:TrackPointExtension>
            <ns3:atemp>37.0</ns3:atemp>
          </ns3:TrackPointExtension>
        </extensions>
      </trkpt>
      <trkpt lat="40.012946985661983489990234375" lon="-105.315814130008220672607421875">
        <ele>1753.5999755859375</ele>
        <time>2026-07-18T18:02:22.000Z</time>
        <extensions>
          <ns3:TrackPointExtension>
            <ns3:atemp>37.0</ns3:atemp>
          </ns3:TrackPointExtension>
        </extensions>
      </trkpt>
      <trkpt lat="40.01291446387767791748046875" lon="-105.3158702887594699859619140625">
        <ele>1753.800048828125</ele>
        <time>2026-07-18T18:02:24.000Z</time>
        <extensions>
          <ns3:TrackPointExtension>
            <ns3:atemp>37.0</ns3:atemp>
          </ns3:TrackPointExtension>
        </extensions>
      </trkpt>
      <trkpt lat="40.012900047004222869873046875" lon="-105.31590524129569530487060546875">
        <ele>1753.800048828125</ele>
        <time>2026-07-18T18:02:25.000Z</time>
        <extensions>
          <ns3:TrackPointExtension>
            <ns3:atemp>37.0</ns3:atemp>
          </ns3:TrackPointExtension>
        </extensions>
      </trkpt>
      <trkpt lat="40.01287481747567653656005859375" lon="-105.3159993700683116912841796875">
        <ele>1754.4000244140625</ele>
        <time>2026-07-18T18:02:27.000Z</time>
        <extensions>
          <ns3:TrackPointExtension>
            <ns3:atemp>37.0</ns3:atemp>
          </ns3:TrackPointExtension>
        </extensions>
      </trkpt>
      <trkpt lat="40.01284413971006870269775390625" lon="-105.31611151993274688720703125">
        <ele>1754.4000244140625</ele>
        <time>2026-07-18T18:02:29.000Z</time>
        <extensions>
          <ns3:TrackPointExtension>
            <ns3:atemp>37.0</ns3:atemp>
          </ns3:TrackPointExtension>
        </extensions>
      </trkpt>
      <trkpt lat="40.01283776946365833282470703125" lon="-105.31623163260519504547119140625">
        <ele>1754.5999755859375</ele>
        <time>2026-07-18T18:02:31.000Z</time>
        <extensions>
          <ns3:TrackPointExtension>
            <ns3:atemp>37.0</ns3:atemp>
          </ns3:TrackPointExtension>
        </extensions>
      </trkpt>
      <trkpt lat="40.01283810473978519439697265625" lon="-105.3163482248783111572265625">
        <ele>1754.5999755859375</ele>
        <time>2026-07-18T18:02:33.000Z</time>
        <extensions>
          <ns3:TrackPointExtension>
            <ns3:atemp>37.0</ns3:atemp>
          </ns3:TrackPointExtension>
        </extensions>
      </trkpt>
      <trkpt lat="40.0128526054322719573974609375" lon="-105.31647026538848876953125">
        <ele>1754.5999755859375</ele>
        <time>2026-07-18T18:02:35.000Z</time>
        <extensions>
          <ns3:TrackPointExtension>
            <ns3:atemp>37.0</ns3:atemp>
          </ns3:TrackPointExtension>
        </extensions>
      </trkpt>
      <trkpt lat="40.01287280581891536712646484375" lon="-105.3165834210813045501708984375">
        <ele>1754.800048828125</ele>
        <time>2026-07-18T18:02:37.000Z</time>
        <extensions>
          <ns3:TrackPointExtension>
            <ns3:atemp>37.0</ns3:atemp>
          </ns3:TrackPointExtension>
        </extensions>
      </trkpt>
      <trkpt lat="40.01288604922592639923095703125" lon="-105.31663748435676097869873046875">
        <ele>1754.800048828125</ele>
        <time>2026-07-18T18:02:38.000Z</time>
        <extensions>
          <ns3:TrackPointExtension>
            <ns3:atemp>37.0</ns3:atemp>
          </ns3:TrackPointExtension>
        </extensions>
      </trkpt>
      <trkpt lat="40.01294103451073169708251953125" lon="-105.31680076383054256439208984375">
        <ele>1754.800048828125</ele>
        <time>2026-07-18T18:02:41.000Z</time>
        <extensions>
          <ns3:TrackPointExtension>
            <ns3:atemp>37.0</ns3:atemp>
          </ns3:TrackPointExtension>
        </extensions>
      </trkpt>
      <trkpt lat="40.01296408474445343017578125" lon="-105.3168563358485698699951171875">
        <ele>1755</ele>
        <time>2026-07-18T18:02:42.000Z</time>
        <extensions>
          <ns3:TrackPointExtension>
            <ns3:atemp>37.0</ns3:atemp>
          </ns3:TrackPointExtension>
        </extensions>
      </trkpt>
      <trkpt lat="40.01304916106164455413818359375" lon="-105.31701869331300258636474609375">
        <ele>1755.4000244140625</ele>
        <time>2026-07-18T18:02:45.000Z</time>
        <extensions>
          <ns3:TrackPointExtension>
            <ns3:atemp>37.0</ns3:atemp>
          </ns3:TrackPointExtension>
        </extensions>
      </trkpt>
      <trkpt lat="40.013073049485683441162109375" lon="-105.31706496141850948333740234375">
        <ele>1755.5999755859375</ele>
        <time>2026-07-18T18:02:46.000Z</time>
        <extensions>
          <ns3:TrackPointExtension>
            <ns3:atemp>37.0</ns3:atemp>
          </ns3:TrackPointExtension>
        </extensions>
      </trkpt>
      <trkpt lat="40.01310490071773529052734375" lon="-105.31712941825389862060546875">
        <ele>1755.800048828125</ele>
        <time>2026-07-18T18:02:47.000Z</time>
        <extensions>
          <ns3:TrackPointExtension>
            <ns3:atemp>37.0</ns3:atemp>
          </ns3:TrackPointExtension>
        </extensions>
      </trkpt>
      <trkpt lat="40.013209842145442962646484375" lon="-105.31731893308460712432861328125">
        <ele>1756.800048828125</ele>
        <time>2026-07-18T18:02:51.000Z</time>
        <extensions>
          <ns3:TrackPointExtension>
            <ns3:atemp>37.0</ns3:atemp>
          </ns3:TrackPointExtension>
        </extensions>
      </trkpt>
      <trkpt lat="40.01334956847131252288818359375" lon="-105.31762001104652881622314453125">
        <ele>1757.5999755859375</ele>
        <time>2026-07-18T18:02:57.000Z</time>
        <extensions>
          <ns3:TrackPointExtension>
            <ns3:atemp>37.0</ns3:atemp>
          </ns3:TrackPointExtension>
        </extensions>
      </trkpt>
      <trkpt lat="40.0133830122649669647216796875" lon="-105.31772495247423648834228515625">
        <ele>1757.800048828125</ele>
        <time>2026-07-18T18:02:59.000Z</time>
        <extensions>
          <ns3:TrackPointExtension>
            <ns3:atemp>37.0</ns3:atemp>
          </ns3:TrackPointExtension>
        </extensions>
      </trkpt>
      <trkpt lat="40.0134192220866680145263671875" lon="-105.3178467415273189544677734375">
        <ele>1758</ele>
        <time>2026-07-18T18:03:01.000Z</time>
        <extensions>
          <ns3:TrackPointExtension>
            <ns3:atemp>37.0</ns3:atemp>
          </ns3:TrackPointExtension>
        </extensions>
      </trkpt>
      <trkpt lat="40.0134423561394214630126953125" lon="-105.317961908876895904541015625">
        <ele>1758.800048828125</ele>
        <time>2026-07-18T18:03:03.000Z</time>
        <extensions>
          <ns3:TrackPointExtension>
            <ns3:atemp>37.0</ns3:atemp>
          </ns3:TrackPointExtension>
        </extensions>
      </trkpt>
      <trkpt lat="40.0134463794529438018798828125" lon="-105.31801722943782806396484375">
        <ele>1758.800048828125</ele>
        <time>2026-07-18T18:03:04.000Z</time>
        <extensions>
          <ns3:TrackPointExtension>
            <ns3:atemp>37.0</ns3:atemp>
          </ns3:TrackPointExtension>
        </extensions>
      </trkpt>
      <trkpt lat="40.01344981603324413299560546875" lon="-105.3180629946291446685791015625">
        <ele>1759</ele>
        <time>2026-07-18T18:03:05.000Z</time>
        <extensions>
          <ns3:TrackPointExtension>
            <ns3:atemp>37.0</ns3:atemp>
          </ns3:TrackPointExtension>
        </extensions>
      </trkpt>
      <trkpt lat="40.0134609639644622802734375" lon="-105.3183761425316333770751953125">
        <ele>1759.4000244140625</ele>
        <time>2026-07-18T18:03:11.000Z</time>
        <extensions>
          <ns3:TrackPointExtension>
            <ns3:atemp>37.0</ns3:atemp>
          </ns3:TrackPointExtension>
        </extensions>
      </trkpt>
      <trkpt lat="40.01350664533674716949462890625" lon="-105.31854964792728424072265625">
        <ele>1759.5999755859375</ele>
        <time>2026-07-18T18:03:15.000Z</time>
        <extensions>
          <ns3:TrackPointExtension>
            <ns3:atemp>37.0</ns3:atemp>
          </ns3:TrackPointExtension>
        </extensions>
      </trkpt>
      <trkpt lat="40.01352609135210514068603515625" lon="-105.31860237009823322296142578125">
        <ele>1760</ele>
        <time>2026-07-18T18:03:16.000Z</time>
        <extensions>
          <ns3:TrackPointExtension>
            <ns3:atemp>37.0</ns3:atemp>
          </ns3:TrackPointExtension>
        </extensions>
      </trkpt>
      <trkpt lat="40.01356548629701137542724609375" lon="-105.31869255937635898590087890625">
        <ele>1760.4000244140625</ele>
        <time>2026-07-18T18:03:18.000Z</time>
        <extensions>
          <ns3:TrackPointExtension>
            <ns3:atemp>37.0</ns3:atemp>
          </ns3:TrackPointExtension>
        </extensions>
      </trkpt>
      <trkpt lat="40.01366087235510349273681640625" lon="-105.318745784461498260498046875">
        <ele>1760.800048828125</ele>
        <time>2026-07-18T18:03:20.000Z</time>
        <extensions>
          <ns3:TrackPointExtension>
            <ns3:atemp>37.0</ns3:atemp>
          </ns3:TrackPointExtension>
        </extensions>
      </trkpt>
      <trkpt lat="40.013744272291660308837890625" lon="-105.3188009373843669891357421875">
        <ele>1761</ele>
        <time>2026-07-18T18:03:22.000Z</time>
        <extensions>
          <ns3:TrackPointExtension>
            <ns3:atemp>37.0</ns3:atemp>
          </ns3:TrackPointExtension>
        </extensions>
      </trkpt>
      <trkpt lat="40.013828091323375701904296875" lon="-105.3188371472060680389404296875">
        <ele>1761</ele>
        <time>2026-07-18T18:03:24.000Z</time>
        <extensions>
          <ns3:TrackPointExtension>
            <ns3:atemp>37.0</ns3:atemp>
          </ns3:TrackPointExtension>
        </extensions>
      </trkpt>
      <trkpt lat="40.013873688876628875732421875" lon="-105.31884829513728618621826171875">
        <ele>1761.199951171875</ele>
        <time>2026-07-18T18:03:25.000Z</time>
        <extensions>
          <ns3:TrackPointExtension>
            <ns3:atemp>37.0</ns3:atemp>
          </ns3:TrackPointExtension>
        </extensions>
      </trkpt>
      <trkpt lat="40.0139134190976619720458984375" lon="-105.3188575990498065948486328125">
        <ele>1761.4000244140625</ele>
        <time>2026-07-18T18:03:26.000Z</time>
        <extensions>
          <ns3:TrackPointExtension>
            <ns3:atemp>37.0</ns3:atemp>
          </ns3:TrackPointExtension>
        </extensions>
      </trkpt>
      <trkpt lat="40.01408667303621768951416015625" lon="-105.318944938480854034423828125">
        <ele>1761.800048828125</ele>
        <time>2026-07-18T18:03:30.000Z</time>
        <extensions>
          <ns3:TrackPointExtension>
            <ns3:atemp>37.0</ns3:atemp>
          </ns3:TrackPointExtension>
        </extensions>
      </trkpt>
      <trkpt lat="40.014173425734043121337890625" lon="-105.31901635229587554931640625">
        <ele>1762.199951171875</ele>
        <time>2026-07-18T18:03:33.000Z</time>
        <extensions>
          <ns3:TrackPointExtension>
            <ns3:atemp>37.0</ns3:atemp>
          </ns3:TrackPointExtension>
        </extensions>
      </trkpt>
      <trkpt lat="40.01422145403921604156494140625" lon="-105.31905851326882839202880859375">
        <ele>1762.199951171875</ele>
        <time>2026-07-18T18:03:35.000Z</time>
        <extensions>
          <ns3:TrackPointExtension>
            <ns3:atemp>37.0</ns3:atemp>
          </ns3:TrackPointExtension>
        </extensions>
      </trkpt>
      <trkpt lat="40.014311559498310089111328125" lon="-105.3191107325255870819091796875">
        <ele>1762.5999755859375</ele>
        <time>2026-07-18T18:03:37.000Z</time>
        <extensions>
          <ns3:TrackPointExtension>
            <ns3:atemp>37.0</ns3:atemp>
          </ns3:TrackPointExtension>
        </extensions>
      </trkpt>
      <trkpt lat="40.01441105268895626068115234375" lon="-105.3191586770117282867431640625">
        <ele>1763</ele>
        <time>2026-07-18T18:03:39.000Z</time>
        <extensions>
          <ns3:TrackPointExtension>
            <ns3:atemp>37.0</ns3:atemp>
          </ns3:TrackPointExtension>
        </extensions>
      </trkpt>
      <trkpt lat="40.0144485197961330413818359375" lon="-105.31917988322675228118896484375">
        <ele>1763</ele>
        <time>2026-07-18T18:03:40.000Z</time>
        <extensions>
          <ns3:TrackPointExtension>
            <ns3:atemp>37.0</ns3:atemp>
          </ns3:TrackPointExtension>
        </extensions>
      </trkpt>
      <trkpt lat="40.01448917202651500701904296875" lon="-105.31920142471790313720703125">
        <ele>1763.5999755859375</ele>
        <time>2026-07-18T18:03:41.000Z</time>
        <extensions>
          <ns3:TrackPointExtension>
            <ns3:atemp>37.0</ns3:atemp>
          </ns3:TrackPointExtension>
        </extensions>
      </trkpt>
      <trkpt lat="40.01455103047192096710205078125" lon="-105.319274850189685821533203125">
        <ele>1764</ele>
        <time>2026-07-18T18:03:43.000Z</time>
        <extensions>
          <ns3:TrackPointExtension>
            <ns3:atemp>37.0</ns3:atemp>
          </ns3:TrackPointExtension>
        </extensions>
      </trkpt>
      <trkpt lat="40.0146107934415340423583984375" lon="-105.3193521313369274139404296875">
        <ele>1764.199951171875</ele>
        <time>2026-07-18T18:03:45.000Z</time>
        <extensions>
          <ns3:TrackPointExtension>
            <ns3:atemp>37.0</ns3:atemp>
          </ns3:TrackPointExtension>
        </extensions>
      </trkpt>
      <trkpt lat="40.01472487114369869232177734375" lon="-105.31954030506312847137451171875">
        <ele>1764.5999755859375</ele>
        <time>2026-07-18T18:03:50.000Z</time>
        <extensions>
          <ns3:TrackPointExtension>
            <ns3:atemp>37.0</ns3:atemp>
          </ns3:TrackPointExtension>
        </extensions>
      </trkpt>
      <trkpt lat="40.01478102989494800567626953125" lon="-105.31966821290552616119384765625">
        <ele>1764.800048828125</ele>
        <time>2026-07-18T18:03:53.000Z</time>
        <extensions>
          <ns3:TrackPointExtension>
            <ns3:atemp>37.0</ns3:atemp>
          </ns3:TrackPointExtension>
        </extensions>
      </trkpt>
      <trkpt lat="40.014798380434513092041015625" lon="-105.31971984542906284332275390625">
        <ele>1765</ele>
        <time>2026-07-18T18:03:54.000Z</time>
        <extensions>
          <ns3:TrackPointExtension>
            <ns3:atemp>37.0</ns3:atemp>
          </ns3:TrackPointExtension>
        </extensions>
      </trkpt>
      <trkpt lat="40.01482981257140636444091796875" lon="-105.31982294283807277679443359375">
        <ele>1765.4000244140625</ele>
        <time>2026-07-18T18:03:56.000Z</time>
        <extensions>
          <ns3:TrackPointExtension>
            <ns3:atemp>37.0</ns3:atemp>
          </ns3:TrackPointExtension>
        </extensions>
      </trkpt>
      <trkpt lat="40.01484774984419345855712890625" lon="-105.31986904330551624298095703125">
        <ele>1765.5999755859375</ele>
        <time>2026-07-18T18:03:57.000Z</time>
        <extensions>
          <ns3:TrackPointExtension>
            <ns3:atemp>37.0</ns3:atemp>
          </ns3:TrackPointExtension>
        </extensions>
      </trkpt>
      <trkpt lat="40.01489737071096897125244140625" lon="-105.31999678350985050201416015625">
        <ele>1766.199951171875</ele>
        <time>2026-07-18T18:04:00.000Z</time>
        <extensions>
          <ns3:TrackPointExtension>
            <ns3:atemp>37.0</ns3:atemp>
          </ns3:TrackPointExtension>
        </extensions>
      </trkpt>
      <trkpt lat="40.014965347945690155029296875" lon="-105.32015553675591945648193359375">
        <ele>1766.800048828125</ele>
        <time>2026-07-18T18:04:04.000Z</time>
        <extensions>
          <ns3:TrackPointExtension>
            <ns3:atemp>37.0</ns3:atemp>
          </ns3:TrackPointExtension>
        </extensions>
      </trkpt>
      <trkpt lat="40.0149775855243206024169921875" lon="-105.320196188986301422119140625">
        <ele>1767</ele>
        <time>2026-07-18T18:04:05.000Z</time>
        <extensions>
          <ns3:TrackPointExtension>
            <ns3:atemp>37.0</ns3:atemp>
          </ns3:TrackPointExtension>
        </extensions>
      </trkpt>
      <trkpt lat="40.01500080339610576629638671875" lon="-105.320303142070770263671875">
        <ele>1767.4000244140625</ele>
        <time>2026-07-18T18:04:07.000Z</time>
        <extensions>
          <ns3:TrackPointExtension>
            <ns3:atemp>37.0</ns3:atemp>
          </ns3:TrackPointExtension>
        </extensions>
      </trkpt>
      <trkpt lat="40.01502125523984432220458984375" lon="-105.32044538296759128570556640625">
        <ele>1767.5999755859375</ele>
        <time>2026-07-18T18:04:09.000Z</time>
        <extensions>
          <ns3:TrackPointExtension>
            <ns3:atemp>37.0</ns3:atemp>
          </ns3:TrackPointExtension>
        </extensions>
      </trkpt>
      <trkpt lat="40.01503072679042816162109375" lon="-105.3205185569822788238525390625">
        <ele>1767.5999755859375</ele>
        <time>2026-07-18T18:04:10.000Z</time>
        <extensions>
          <ns3:TrackPointExtension>
            <ns3:atemp>37.0</ns3:atemp>
          </ns3:TrackPointExtension>
        </extensions>
      </trkpt>
      <trkpt lat="40.0150275416672229766845703125" lon="-105.32073556445538997650146484375">
        <ele>1767.800048828125</ele>
        <time>2026-07-18T18:04:13.000Z</time>
        <extensions>
          <ns3:TrackPointExtension>
            <ns3:atemp>37.0</ns3:atemp>
          </ns3:TrackPointExtension>
        </extensions>
      </trkpt>
      <trkpt lat="40.014996193349361419677734375" lon="-105.3207995183765888214111328125">
        <ele>1767.800048828125</ele>
        <time>2026-07-18T18:04:14.000Z</time>
        <extensions>
          <ns3:TrackPointExtension>
            <ns3:atemp>37.0</ns3:atemp>
          </ns3:TrackPointExtension>
        </extensions>
      </trkpt>
      <trkpt lat="40.01495587639510631561279296875" lon="-105.320849306881427764892578125">
        <ele>1767.5999755859375</ele>
        <time>2026-07-18T18:04:15.000Z</time>
        <extensions>
          <ns3:TrackPointExtension>
            <ns3:atemp>37.0</ns3:atemp>
          </ns3:TrackPointExtension>
        </extensions>
      </trkpt>
      <trkpt lat="40.0148417986929416656494140625" lon="-105.320900268852710723876953125">
        <ele>1767.5999755859375</ele>
        <time>2026-07-18T18:04:17.000Z</time>
        <extensions>
          <ns3:TrackPointExtension>
            <ns3:atemp>37.0</ns3:atemp>
          </ns3:TrackPointExtension>
        </extensions>
      </trkpt>
      <trkpt lat="40.0145553052425384521484375" lon="-105.32095399685204029083251953125">
        <ele>1767.5999755859375</ele>
        <time>2026-07-18T18:04:22.000Z</time>
        <extensions>
          <ns3:TrackPointExtension>
            <ns3:atemp>37.0</ns3:atemp>
          </ns3:TrackPointExtension>
        </extensions>
      </trkpt>
      <trkpt lat="40.01445748843252658843994140625" lon="-105.32102524302899837493896484375">
        <ele>1767.800048828125</ele>
        <time>2026-07-18T18:04:24.000Z</time>
        <extensions>
          <ns3:TrackPointExtension>
            <ns3:atemp>37.0</ns3:atemp>
          </ns3:TrackPointExtension>
        </extensions>
      </trkpt>
      <trkpt lat="40.0144190154969692230224609375" lon="-105.3210697509348392486572265625">
        <ele>1768</ele>
        <time>2026-07-18T18:04:25.000Z</time>
        <extensions>
          <ns3:TrackPointExtension>
            <ns3:atemp>37.0</ns3:atemp>
          </ns3:TrackPointExtension>
        </extensions>
      </trkpt>
      <trkpt lat="40.01435824669897556304931640625" lon="-105.3211468644440174102783203125">
        <ele>1768.199951171875</ele>
        <time>2026-07-18T18:04:27.000Z</time>
        <extensions>
          <ns3:TrackPointExtension>
            <ns3:atemp>37.0</ns3:atemp>
          </ns3:TrackPointExtension>
        </extensions>
      </trkpt>
      <trkpt lat="40.01429538242518901824951171875" lon="-105.32122590579092502593994140625">
        <ele>1768</ele>
        <time>2026-07-18T18:04:29.000Z</time>
        <extensions>
          <ns3:TrackPointExtension>
            <ns3:atemp>37.0</ns3:atemp>
          </ns3:TrackPointExtension>
        </extensions>
      </trkpt>
      <trkpt lat="40.0142134912312030792236328125" lon="-105.3213775344192981719970703125">
        <ele>1769.199951171875</ele>
        <time>2026-07-18T18:04:32.000Z</time>
        <extensions>
          <ns3:TrackPointExtension>
            <ns3:atemp>37.0</ns3:atemp>
          </ns3:TrackPointExtension>
        </extensions>
      </trkpt>
      <trkpt lat="40.0141957215964794158935546875" lon="-105.32142505981028079986572265625">
        <ele>1769.4000244140625</ele>
        <time>2026-07-18T18:04:33.000Z</time>
        <extensions>
          <ns3:TrackPointExtension>
            <ns3:atemp>37.0</ns3:atemp>
          </ns3:TrackPointExtension>
        </extensions>
      </trkpt>
      <trkpt lat="40.014182813465595245361328125" lon="-105.32148205675184726715087890625">
        <ele>1769.5999755859375</ele>
        <time>2026-07-18T18:04:34.000Z</time>
        <extensions>
          <ns3:TrackPointExtension>
            <ns3:atemp>37.0</ns3:atemp>
          </ns3:TrackPointExtension>
        </extensions>
      </trkpt>
      <trkpt lat="40.0141853280365467071533203125" lon="-105.32154257409274578094482421875">
        <ele>1769.800048828125</ele>
        <time>2026-07-18T18:04:35.000Z</time>
        <extensions>
          <ns3:TrackPointExtension>
            <ns3:atemp>37.0</ns3:atemp>
          </ns3:TrackPointExtension>
        </extensions>
      </trkpt>
      <trkpt lat="40.01417401246726512908935546875" lon="-105.3217258863151073455810546875">
        <ele>1770.4000244140625</ele>
        <time>2026-07-18T18:04:38.000Z</time>
        <extensions>
          <ns3:TrackPointExtension>
            <ns3:atemp>37.0</ns3:atemp>
          </ns3:TrackPointExtension>
        </extensions>
      </trkpt>
      <trkpt lat="40.014172084629535675048828125" lon="-105.32178414054214954376220703125">
        <ele>1770.800048828125</ele>
        <time>2026-07-18T18:04:39.000Z</time>
        <extensions>
          <ns3:TrackPointExtension>
            <ns3:atemp>37.0</ns3:atemp>
          </ns3:TrackPointExtension>
        </extensions>
      </trkpt>
      <trkpt lat="40.0141725875437259674072265625" lon="-105.322038866579532623291015625">
        <ele>1771.5999755859375</ele>
        <time>2026-07-18T18:04:43.000Z</time>
        <extensions>
          <ns3:TrackPointExtension>
            <ns3:atemp>37.0</ns3:atemp>
          </ns3:TrackPointExtension>
        </extensions>
      </trkpt>
      <trkpt lat="40.01419345848262310028076171875" lon="-105.32216266728937625885009765625">
        <ele>1772</ele>
        <time>2026-07-18T18:04:45.000Z</time>
        <extensions>
          <ns3:TrackPointExtension>
            <ns3:atemp>37.0</ns3:atemp>
          </ns3:TrackPointExtension>
        </extensions>
      </trkpt>
      <trkpt lat="40.01422245986759662628173828125" lon="-105.32228596508502960205078125">
        <ele>1772.4000244140625</ele>
        <time>2026-07-18T18:04:47.000Z</time>
        <extensions>
          <ns3:TrackPointExtension>
            <ns3:atemp>37.0</ns3:atemp>
          </ns3:TrackPointExtension>
        </extensions>
      </trkpt>
      <trkpt lat="40.01423603855073451995849609375" lon="-105.32234304584562778472900390625">
        <ele>1772.800048828125</ele>
        <time>2026-07-18T18:04:48.000Z</time>
        <extensions>
          <ns3:TrackPointExtension>
            <ns3:atemp>37.0</ns3:atemp>
          </ns3:TrackPointExtension>
        </extensions>
      </trkpt>
      <trkpt lat="40.01425682567059993743896484375" lon="-105.32245804555714130401611328125">
        <ele>1773.5999755859375</ele>
        <time>2026-07-18T18:04:50.000Z</time>
        <extensions>
          <ns3:TrackPointExtension>
            <ns3:atemp>37.0</ns3:atemp>
          </ns3:TrackPointExtension>
        </extensions>
      </trkpt>
      <trkpt lat="40.01428850926458835601806640625" lon="-105.32257321290671825408935546875">
        <ele>1774.4000244140625</ele>
        <time>2026-07-18T18:04:52.000Z</time>
        <extensions>
          <ns3:TrackPointExtension>
            <ns3:atemp>37.0</ns3:atemp>
          </ns3:TrackPointExtension>
        </extensions>
      </trkpt>
      <trkpt lat="40.01441457308828830718994140625" lon="-105.3228735364973545074462890625">
        <ele>1775</ele>
        <time>2026-07-18T18:04:57.000Z</time>
        <extensions>
          <ns3:TrackPointExtension>
            <ns3:atemp>36.0</ns3:atemp>
          </ns3:TrackPointExtension>
        </extensions>
      </trkpt>
      <trkpt lat="40.01451574265956878662109375" lon="-105.32306808046996593475341796875">
        <ele>1775</ele>
        <time>2026-07-18T18:05:00.000Z</time>
        <extensions>
          <ns3:TrackPointExtension>
            <ns3:atemp>36.0</ns3:atemp>
          </ns3:TrackPointExtension>
        </extensions>
      </trkpt>
      <trkpt lat="40.01457232050597667694091796875" lon="-105.3232000954449176788330078125">
        <ele>1774.800048828125</ele>
        <time>2026-07-18T18:05:02.000Z</time>
        <extensions>
          <ns3:TrackPointExtension>
            <ns3:atemp>36.0</ns3:atemp>
          </ns3:TrackPointExtension>
        </extensions>
      </trkpt>
      <trkpt lat="40.01459327526390552520751953125" lon="-105.3232698328793048858642578125">
        <ele>1774.800048828125</ele>
        <time>2026-07-18T18:05:03.000Z</time>
        <extensions>
          <ns3:TrackPointExtension>
            <ns3:atemp>36.0</ns3:atemp>
          </ns3:TrackPointExtension>
        </extensions>
      </trkpt>
      <trkpt lat="40.01462562941014766693115234375" lon="-105.32341182231903076171875">
        <ele>1774.800048828125</ele>
        <time>2026-07-18T18:05:05.000Z</time>
        <extensions>
          <ns3:TrackPointExtension>
            <ns3:atemp>36.0</ns3:atemp>
          </ns3:TrackPointExtension>
        </extensions>
      </trkpt>
      <trkpt lat="40.01463803462684154510498046875" lon="-105.3234803862869739532470703125">
        <ele>1774.800048828125</ele>
        <time>2026-07-18T18:05:06.000Z</time>
        <extensions>
          <ns3:TrackPointExtension>
            <ns3:atemp>36.0</ns3:atemp>
          </ns3:TrackPointExtension>
        </extensions>
      </trkpt>
      <trkpt lat="40.01469545066356658935546875" lon="-105.32374299131333827972412109375">
        <ele>1774.800048828125</ele>
        <time>2026-07-18T18:05:10.000Z</time>
        <extensions>
          <ns3:TrackPointExtension>
            <ns3:atemp>36.0</ns3:atemp>
          </ns3:TrackPointExtension>
        </extensions>
      </trkpt>
      <trkpt lat="40.0147096998989582061767578125" lon="-105.32380719669163227081298828125">
        <ele>1774.800048828125</ele>
        <time>2026-07-18T18:05:11.000Z</time>
        <extensions>
          <ns3:TrackPointExtension>
            <ns3:atemp>36.0</ns3:atemp>
          </ns3:TrackPointExtension>
        </extensions>
      </trkpt>
      <trkpt lat="40.01479444094002246856689453125" lon="-105.32408463768661022186279296875">
        <ele>1774.800048828125</ele>
        <time>2026-07-18T18:05:16.000Z</time>
        <extensions>
          <ns3:TrackPointExtension>
            <ns3:atemp>36.0</ns3:atemp>
          </ns3:TrackPointExtension>
        </extensions>
      </trkpt>
      <trkpt lat="40.0148176588118076324462890625" lon="-105.32413576729595661163330078125">
        <ele>1775</ele>
        <time>2026-07-18T18:05:17.000Z</time>
        <extensions>
          <ns3:TrackPointExtension>
            <ns3:atemp>36.0</ns3:atemp>
          </ns3:TrackPointExtension>
        </extensions>
      </trkpt>
      <trkpt lat="40.01485764048993587493896484375" lon="-105.3242350928485393524169921875">
        <ele>1775.4000244140625</ele>
        <time>2026-07-18T18:05:19.000Z</time>
        <extensions>
          <ns3:TrackPointExtension>
            <ns3:atemp>36.0</ns3:atemp>
          </ns3:TrackPointExtension>
        </extensions>
      </trkpt>
      <trkpt lat="40.01488194800913333892822265625" lon="-105.3243055008351802825927734375">
        <ele>1775.4000244140625</ele>
        <time>2026-07-18T18:05:20.000Z</time>
        <extensions>
          <ns3:TrackPointExtension>
            <ns3:atemp>36.0</ns3:atemp>
          </ns3:TrackPointExtension>
        </extensions>
      </trkpt>
      <trkpt lat="40.0149081833660602569580078125" lon="-105.32448663376271724700927734375">
        <ele>1775.5999755859375</ele>
        <time>2026-07-18T18:05:23.000Z</time>
        <extensions>
          <ns3:TrackPointExtension>
            <ns3:atemp>36.0</ns3:atemp>
          </ns3:TrackPointExtension>
        </extensions>
      </trkpt>
      <trkpt lat="40.01490089111030101776123046875" lon="-105.32463147304952144622802734375">
        <ele>1775.800048828125</ele>
        <time>2026-07-18T18:05:25.000Z</time>
        <extensions>
          <ns3:TrackPointExtension>
            <ns3:atemp>36.0</ns3:atemp>
          </ns3:TrackPointExtension>
        </extensions>
      </trkpt>
      <trkpt lat="40.0148984603583812713623046875" lon="-105.3248825110495090484619140625">
        <ele>1775.800048828125</ele>
        <time>2026-07-18T18:05:29.000Z</time>
        <extensions>
          <ns3:TrackPointExtension>
            <ns3:atemp>36.0</ns3:atemp>
          </ns3:TrackPointExtension>
        </extensions>
      </trkpt>
      <trkpt lat="40.01489535905420780181884765625" lon="-105.32505660317838191986083984375">
        <ele>1775.800048828125</ele>
        <time>2026-07-18T18:05:32.000Z</time>
        <extensions>
          <ns3:TrackPointExtension>
            <ns3:atemp>36.0</ns3:atemp>
          </ns3:TrackPointExtension>
        </extensions>
      </trkpt>
      <trkpt lat="40.01488094218075275421142578125" lon="-105.3251721896231174468994140625">
        <ele>1775.800048828125</ele>
        <time>2026-07-18T18:05:34.000Z</time>
        <extensions>
          <ns3:TrackPointExtension>
            <ns3:atemp>36.0</ns3:atemp>
          </ns3:TrackPointExtension>
        </extensions>
      </trkpt>
      <trkpt lat="40.01487289555370807647705078125" lon="-105.3252365626394748687744140625">
        <ele>1776</ele>
        <time>2026-07-18T18:05:35.000Z</time>
        <extensions>
          <ns3:TrackPointExtension>
            <ns3:atemp>36.0</ns3:atemp>
          </ns3:TrackPointExtension>
        </extensions>
      </trkpt>
      <trkpt lat="40.0148739852011203765869140625" lon="-105.32529984600841999053955078125">
        <ele>1776</ele>
        <time>2026-07-18T18:05:36.000Z</time>
        <extensions>
          <ns3:TrackPointExtension>
            <ns3:atemp>36.0</ns3:atemp>
          </ns3:TrackPointExtension>
        </extensions>
      </trkpt>
      <trkpt lat="40.014907680451869964599609375" lon="-105.32547888346016407012939453125">
        <ele>1776</ele>
        <time>2026-07-18T18:05:39.000Z</time>
        <extensions>
          <ns3:TrackPointExtension>
            <ns3:atemp>36.0</ns3:atemp>
          </ns3:TrackPointExtension>
        </extensions>
      </trkpt>
      <trkpt lat="40.0149319879710674285888671875" lon="-105.325585417449474334716796875">
        <ele>1776</ele>
        <time>2026-07-18T18:05:41.000Z</time>
        <extensions>
          <ns3:TrackPointExtension>
            <ns3:atemp>36.0</ns3:atemp>
          </ns3:TrackPointExtension>
        </extensions>
      </trkpt>
      <trkpt lat="40.01493592746555805206298828125" lon="-105.32563696615397930145263671875">
        <ele>1776.199951171875</ele>
        <time>2026-07-18T18:05:42.000Z</time>
        <extensions>
          <ns3:TrackPointExtension>
            <ns3:atemp>36.0</ns3:atemp>
          </ns3:TrackPointExtension>
        </extensions>
      </trkpt>
      <trkpt lat="40.01494782976806163787841796875" lon="-105.325792618095874786376953125">
        <ele>1776.199951171875</ele>
        <time>2026-07-18T18:05:45.000Z</time>
        <extensions>
          <ns3:TrackPointExtension>
            <ns3:atemp>36.0</ns3:atemp>
          </ns3:TrackPointExtension>
        </extensions>
      </trkpt>
      <trkpt lat="40.01487725414335727691650390625" lon="-105.3261123038828372955322265625">
        <ele>1776.4000244140625</ele>
        <time>2026-07-18T18:05:51.000Z</time>
        <extensions>
          <ns3:TrackPointExtension>
            <ns3:atemp>36.0</ns3:atemp>
          </ns3:TrackPointExtension>
        </extensions>
      </trkpt>
      <trkpt lat="40.0148592330515384674072265625" lon="-105.32616619952023029327392578125">
        <ele>1776.4000244140625</ele>
        <time>2026-07-18T18:05:52.000Z</time>
        <extensions>
          <ns3:TrackPointExtension>
            <ns3:atemp>36.0</ns3:atemp>
          </ns3:TrackPointExtension>
        </extensions>
      </trkpt>
      <trkpt lat="40.014815144240856170654296875" lon="-105.32627105712890625">
        <ele>1776.5999755859375</ele>
        <time>2026-07-18T18:05:54.000Z</time>
        <extensions>
          <ns3:TrackPointExtension>
            <ns3:atemp>36.0</ns3:atemp>
          </ns3:TrackPointExtension>
        </extensions>
      </trkpt>
      <trkpt lat="40.01478664577007293701171875" lon="-105.32635495997965335845947265625">
        <ele>1776.5999755859375</ele>
        <time>2026-07-18T18:05:56.000Z</time>
        <extensions>
          <ns3:TrackPointExtension>
            <ns3:atemp>36.0</ns3:atemp>
          </ns3:TrackPointExtension>
        </extensions>
      </trkpt>
      <trkpt lat="40.01469469629228115081787109375" lon="-105.32654137350618839263916015625">
        <ele>1776.5999755859375</ele>
        <time>2026-07-18T18:06:01.000Z</time>
        <extensions>
          <ns3:TrackPointExtension>
            <ns3:atemp>36.0</ns3:atemp>
          </ns3:TrackPointExtension>
        </extensions>
      </trkpt>
      <trkpt lat="40.01459495164453983306884765625" lon="-105.32671303488314151763916015625">
        <ele>1776.5999755859375</ele>
        <time>2026-07-18T18:06:06.000Z</time>
        <extensions>
          <ns3:TrackPointExtension>
            <ns3:atemp>36.0</ns3:atemp>
          </ns3:TrackPointExtension>
        </extensions>
      </trkpt>
      <trkpt lat="40.01453946344554424285888671875" lon="-105.326762907207012176513671875">
        <ele>1777</ele>
        <time>2026-07-18T18:06:08.000Z</time>
        <extensions>
          <ns3:TrackPointExtension>
            <ns3:atemp>36.0</ns3:atemp>
          </ns3:TrackPointExtension>
        </extensions>
      </trkpt>
      <trkpt lat="40.01441474072635173797607421875" lon="-105.32688796520233154296875">
        <ele>1778.199951171875</ele>
        <time>2026-07-18T18:06:13.000Z</time>
        <extensions>
          <ns3:TrackPointExtension>
            <ns3:atemp>36.0</ns3:atemp>
          </ns3:TrackPointExtension>
        </extensions>
      </trkpt>
      <trkpt lat="40.0140844099223613739013671875" lon="-105.32706524245440959930419921875">
        <ele>1779.199951171875</ele>
        <time>2026-07-18T18:06:22.000Z</time>
        <extensions>
          <ns3:TrackPointExtension>
            <ns3:atemp>36.0</ns3:atemp>
          </ns3:TrackPointExtension>
        </extensions>
      </trkpt>
      <trkpt lat="40.0139839947223663330078125" lon="-105.32705090939998626708984375">
        <ele>1779.4000244140625</ele>
        <time>2026-07-18T18:06:24.000Z</time>
        <extensions>
          <ns3:TrackPointExtension>
            <ns3:atemp>36.0</ns3:atemp>
          </ns3:TrackPointExtension>
        </extensions>
      </trkpt>
      <trkpt lat="40.01374720595777034759521484375" lon="-105.32694135792553424835205078125">
        <ele>1780.199951171875</ele>
        <time>2026-07-18T18:06:30.000Z</time>
        <extensions>
          <ns3:TrackPointExtension>
            <ns3:atemp>36.0</ns3:atemp>
          </ns3:TrackPointExtension>
        </extensions>
      </trkpt>
      <trkpt lat="40.01371351070702075958251953125" lon="-105.32690933905541896820068359375">
        <ele>1780.4000244140625</ele>
        <time>2026-07-18T18:06:31.000Z</time>
        <extensions>
          <ns3:TrackPointExtension>
            <ns3:atemp>36.0</ns3:atemp>
          </ns3:TrackPointExtension>
        </extensions>
      </trkpt>
      <trkpt lat="40.01360940746963024139404296875" lon="-105.326791070401668548583984375">
        <ele>1781.199951171875</ele>
        <time>2026-07-18T18:06:35.000Z</time>
        <extensions>
          <ns3:TrackPointExtension>
            <ns3:atemp>36.0</ns3:atemp>
          </ns3:TrackPointExtension>
        </extensions>
      </trkpt>
      <trkpt lat="40.01359448768198490142822265625" lon="-105.3267546929419040679931640625">
        <ele>1781.199951171875</ele>
        <time>2026-07-18T18:06:36.000Z</time>
        <extensions>
          <ns3:TrackPointExtension>
            <ns3:atemp>36.0</ns3:atemp>
          </ns3:TrackPointExtension>
        </extensions>
      </trkpt>
      <trkpt lat="40.01353497616946697235107421875" lon="-105.32662921585142612457275390625">
        <ele>1781.5999755859375</ele>
        <time>2026-07-18T18:06:39.000Z</time>
        <extensions>
          <ns3:TrackPointExtension>
            <ns3:atemp>36.0</ns3:atemp>
          </ns3:TrackPointExtension>
        </extensions>
      </trkpt>
      <trkpt lat="40.013438500463962554931640625" lon="-105.32646442763507366180419921875">
        <ele>1782.199951171875</ele>
        <time>2026-07-18T18:06:43.000Z</time>
        <extensions>
          <ns3:TrackPointExtension>
            <ns3:atemp>36.0</ns3:atemp>
          </ns3:TrackPointExtension>
        </extensions>
      </trkpt>
      <trkpt lat="40.01341176219284534454345703125" lon="-105.32621900551021099090576171875">
        <ele>1782.800048828125</ele>
        <time>2026-07-18T18:06:48.000Z</time>
        <extensions>
          <ns3:TrackPointExtension>
            <ns3:atemp>36.0</ns3:atemp>
          </ns3:TrackPointExtension>
        </extensions>
      </trkpt>
      <trkpt lat="40.01339583657681941986083984375" lon="-105.326113812625408172607421875">
        <ele>1783.4000244140625</ele>
        <time>2026-07-18T18:06:50.000Z</time>
        <extensions>
          <ns3:TrackPointExtension>
            <ns3:atemp>36.0</ns3:atemp>
          </ns3:TrackPointExtension>
        </extensions>
      </trkpt>
      <trkpt lat="40.0133831799030303955078125" lon="-105.32599772326648235321044921875">
        <ele>1783.5999755859375</ele>
        <time>2026-07-18T18:06:52.000Z</time>
        <extensions>
          <ns3:TrackPointExtension>
            <ns3:atemp>36.0</ns3:atemp>
          </ns3:TrackPointExtension>
        </extensions>
      </trkpt>
      <trkpt lat="40.01336599700152873992919921875" lon="-105.3258781135082244873046875">
        <ele>1783.5999755859375</ele>
        <time>2026-07-18T18:06:54.000Z</time>
        <extensions>
          <ns3:TrackPointExtension>
            <ns3:atemp>36.0</ns3:atemp>
          </ns3:TrackPointExtension>
        </extensions>
      </trkpt>
      <trkpt lat="40.01335627399384975433349609375" lon="-105.3258169256150722503662109375">
        <ele>1783.800048828125</ele>
        <time>2026-07-18T18:06:55.000Z</time>
        <extensions>
          <ns3:TrackPointExtension>
            <ns3:atemp>36.0</ns3:atemp>
          </ns3:TrackPointExtension>
        </extensions>
      </trkpt>
      <trkpt lat="40.01332894898951053619384765625" lon="-105.32569329254329204559326171875">
        <ele>1783.800048828125</ele>
        <time>2026-07-18T18:06:57.000Z</time>
        <extensions>
          <ns3:TrackPointExtension>
            <ns3:atemp>36.0</ns3:atemp>
          </ns3:TrackPointExtension>
        </extensions>
      </trkpt>
      <trkpt lat="40.0133233331143856048583984375" lon="-105.32562975771725177764892578125">
        <ele>1783.800048828125</ele>
        <time>2026-07-18T18:06:58.000Z</time>
        <extensions>
          <ns3:TrackPointExtension>
            <ns3:atemp>36.0</ns3:atemp>
          </ns3:TrackPointExtension>
        </extensions>
      </trkpt>
      <trkpt lat="40.01329810358583927154541015625" lon="-105.3255010955035686492919921875">
        <ele>1783.800048828125</ele>
        <time>2026-07-18T18:07:00.000Z</time>
        <extensions>
          <ns3:TrackPointExtension>
            <ns3:atemp>36.0</ns3:atemp>
          </ns3:TrackPointExtension>
        </extensions>
      </trkpt>
      <trkpt lat="40.01320841722190380096435546875" lon="-105.3253327868878841400146484375">
        <ele>1783.800048828125</ele>
        <time>2026-07-18T18:07:03.000Z</time>
        <extensions>
          <ns3:TrackPointExtension>
            <ns3:atemp>37.0</ns3:atemp>
          </ns3:TrackPointExtension>
        </extensions>
      </trkpt>
      <trkpt lat="40.01308889128267765045166015625" lon="-105.32513304613530635833740234375">
        <ele>1783.800048828125</ele>
        <time>2026-07-18T18:07:07.000Z</time>
        <extensions>
          <ns3:TrackPointExtension>
            <ns3:atemp>36.0</ns3:atemp>
          </ns3:TrackPointExtension>
        </extensions>
      </trkpt>
      <trkpt lat="40.01302502118051052093505859375" lon="-105.3250608779489994049072265625">
        <ele>1784</ele>
        <time>2026-07-18T18:07:09.000Z</time>
        <extensions>
          <ns3:TrackPointExtension>
            <ns3:atemp>37.0</ns3:atemp>
          </ns3:TrackPointExtension>
        </extensions>
      </trkpt>
      <trkpt lat="40.0128896534442901611328125" lon="-105.32492064870893955230712890625">
        <ele>1784.199951171875</ele>
        <time>2026-07-18T18:07:13.000Z</time>
        <extensions>
          <ns3:TrackPointExtension>
            <ns3:atemp>37.0</ns3:atemp>
          </ns3:TrackPointExtension>
        </extensions>
      </trkpt>
      <trkpt lat="40.01285151578485965728759765625" lon="-105.324895419180393218994140625">
        <ele>1784.199951171875</ele>
        <time>2026-07-18T18:07:14.000Z</time>
        <extensions>
          <ns3:TrackPointExtension>
            <ns3:atemp>37.0</ns3:atemp>
          </ns3:TrackPointExtension>
        </extensions>
      </trkpt>
      <trkpt lat="40.01281128264963626861572265625" lon="-105.3248751349747180938720703125">
        <ele>1784.199951171875</ele>
        <time>2026-07-18T18:07:15.000Z</time>
        <extensions>
          <ns3:TrackPointExtension>
            <ns3:atemp>37.0</ns3:atemp>
          </ns3:TrackPointExtension>
        </extensions>
      </trkpt>
      <trkpt lat="40.0127614103257656097412109375" lon="-105.32485811971127986907958984375">
        <ele>1784.199951171875</ele>
        <time>2026-07-18T18:07:16.000Z</time>
        <extensions>
          <ns3:TrackPointExtension>
            <ns3:atemp>37.0</ns3:atemp>
          </ns3:TrackPointExtension>
        </extensions>
      </trkpt>
      <trkpt lat="40.01272880472242832183837890625" lon="-105.32485258765518665313720703125">
        <ele>1784.199951171875</ele>
        <time>2026-07-18T18:07:17.000Z</time>
        <extensions>
          <ns3:TrackPointExtension>
            <ns3:atemp>37.0</ns3:atemp>
          </ns3:TrackPointExtension>
        </extensions>
      </trkpt>
      <trkpt lat="40.01260391436517238616943359375" lon="-105.32485024072229862213134765625">
        <ele>1784.4000244140625</ele>
        <time>2026-07-18T18:07:20.000Z</time>
        <extensions>
          <ns3:TrackPointExtension>
            <ns3:atemp>37.0</ns3:atemp>
          </ns3:TrackPointExtension>
        </extensions>
      </trkpt>
      <trkpt lat="40.0125659443438053131103515625" lon="-105.324848480522632598876953125">
        <ele>1784.5999755859375</ele>
        <time>2026-07-18T18:07:21.000Z</time>
        <extensions>
          <ns3:TrackPointExtension>
            <ns3:atemp>37.0</ns3:atemp>
          </ns3:TrackPointExtension>
        </extensions>
      </trkpt>
      <trkpt lat="40.01232982613146305084228515625" lon="-105.3248808346688747406005859375">
        <ele>1784.800048828125</ele>
        <time>2026-07-18T18:07:27.000Z</time>
        <extensions>
          <ns3:TrackPointExtension>
            <ns3:atemp>37.0</ns3:atemp>
          </ns3:TrackPointExtension>
        </extensions>
      </trkpt>
      <trkpt lat="40.0122928619384765625" lon="-105.32490019686520099639892578125">
        <ele>1785</ele>
        <time>2026-07-18T18:07:28.000Z</time>
        <extensions>
          <ns3:TrackPointExtension>
            <ns3:atemp>37.0</ns3:atemp>
          </ns3:TrackPointExtension>
        </extensions>
      </trkpt>
      <trkpt lat="40.01221440732479095458984375" lon="-105.324947051703929901123046875">
        <ele>1785.199951171875</ele>
        <time>2026-07-18T18:07:30.000Z</time>
        <extensions>
          <ns3:TrackPointExtension>
            <ns3:atemp>37.0</ns3:atemp>
          </ns3:TrackPointExtension>
        </extensions>
      </trkpt>
      <trkpt lat="40.01216973178088665008544921875" lon="-105.3249777294695377349853515625">
        <ele>1785.4000244140625</ele>
        <time>2026-07-18T18:07:31.000Z</time>
        <extensions>
          <ns3:TrackPointExtension>
            <ns3:atemp>37.0</ns3:atemp>
          </ns3:TrackPointExtension>
        </extensions>
      </trkpt>
      <trkpt lat="40.012001506984233856201171875" lon="-105.32512642443180084228515625">
        <ele>1786</ele>
        <time>2026-07-18T18:07:36.000Z</time>
        <extensions>
          <ns3:TrackPointExtension>
            <ns3:atemp>37.0</ns3:atemp>
          </ns3:TrackPointExtension>
        </extensions>
      </trkpt>
      <trkpt lat="40.01196957193315029144287109375" lon="-105.325162969529628753662109375">
        <ele>1786.199951171875</ele>
        <time>2026-07-18T18:07:37.000Z</time>
        <extensions>
          <ns3:TrackPointExtension>
            <ns3:atemp>37.0</ns3:atemp>
          </ns3:TrackPointExtension>
        </extensions>
      </trkpt>
      <trkpt lat="40.011908300220966339111328125" lon="-105.32522893510758876800537109375">
        <ele>1786.4000244140625</ele>
        <time>2026-07-18T18:07:39.000Z</time>
        <extensions>
          <ns3:TrackPointExtension>
            <ns3:atemp>37.0</ns3:atemp>
          </ns3:TrackPointExtension>
        </extensions>
      </trkpt>
      <trkpt lat="40.01185121946036815643310546875" lon="-105.32531057484447956085205078125">
        <ele>1786.4000244140625</ele>
        <time>2026-07-18T18:07:41.000Z</time>
        <extensions>
          <ns3:TrackPointExtension>
            <ns3:atemp>37.0</ns3:atemp>
          </ns3:TrackPointExtension>
        </extensions>
      </trkpt>
      <trkpt lat="40.0118015147745609283447265625" lon="-105.3253951482474803924560546875">
        <ele>1786.4000244140625</ele>
        <time>2026-07-18T18:07:43.000Z</time>
        <extensions>
          <ns3:TrackPointExtension>
            <ns3:atemp>37.0</ns3:atemp>
          </ns3:TrackPointExtension>
        </extensions>
      </trkpt>
      <trkpt lat="40.01168156974017620086669921875" lon="-105.3256244771182537078857421875">
        <ele>1786.800048828125</ele>
        <time>2026-07-18T18:07:48.000Z</time>
        <extensions>
          <ns3:TrackPointExtension>
            <ns3:atemp>37.0</ns3:atemp>
          </ns3:TrackPointExtension>
        </extensions>
      </trkpt>
      <trkpt lat="40.01162968575954437255859375" lon="-105.3257842361927032470703125">
        <ele>1787</ele>
        <time>2026-07-18T18:07:51.000Z</time>
        <extensions>
          <ns3:TrackPointExtension>
            <ns3:atemp>37.0</ns3:atemp>
          </ns3:TrackPointExtension>
        </extensions>
      </trkpt>
      <trkpt lat="40.0115860998630523681640625" lon="-105.32587903551757335662841796875">
        <ele>1787</ele>
        <time>2026-07-18T18:07:53.000Z</time>
        <extensions>
          <ns3:TrackPointExtension>
            <ns3:atemp>37.0</ns3:atemp>
          </ns3:TrackPointExtension>
        </extensions>
      </trkpt>
      <trkpt lat="40.0115661509335041046142578125" lon="-105.32592748291790485382080078125">
        <ele>1787.199951171875</ele>
        <time>2026-07-18T18:07:54.000Z</time>
        <extensions>
          <ns3:TrackPointExtension>
            <ns3:atemp>37.0</ns3:atemp>
          </ns3:TrackPointExtension>
        </extensions>
      </trkpt>
      <trkpt lat="40.01148342154920101165771484375" lon="-105.32612764276564121246337890625">
        <ele>1787.5999755859375</ele>
        <time>2026-07-18T18:07:58.000Z</time>
        <extensions>
          <ns3:TrackPointExtension>
            <ns3:atemp>37.0</ns3:atemp>
          </ns3:TrackPointExtension>
        </extensions>
      </trkpt>
      <trkpt lat="40.01147353090345859527587890625" lon="-105.3261773474514484405517578125">
        <ele>1787.5999755859375</ele>
        <time>2026-07-18T18:07:59.000Z</time>
        <extensions>
          <ns3:TrackPointExtension>
            <ns3:atemp>37.0</ns3:atemp>
          </ns3:TrackPointExtension>
        </extensions>
      </trkpt>
      <trkpt lat="40.01141988672316074371337890625" lon="-105.32643643207848072052001953125">
        <ele>1787.800048828125</ele>
        <time>2026-07-18T18:08:05.000Z</time>
        <extensions>
          <ns3:TrackPointExtension>
            <ns3:atemp>37.0</ns3:atemp>
          </ns3:TrackPointExtension>
        </extensions>
      </trkpt>
      <trkpt lat="40.011363141238689422607421875" lon="-105.3265414573252201080322265625">
        <ele>1788.5999755859375</ele>
        <time>2026-07-18T18:08:08.000Z</time>
        <extensions>
          <ns3:TrackPointExtension>
            <ns3:atemp>37.0</ns3:atemp>
          </ns3:TrackPointExtension>
        </extensions>
      </trkpt>
      <trkpt lat="40.01132634468376636505126953125" lon="-105.32661396078765392303466796875">
        <ele>1789</ele>
        <time>2026-07-18T18:08:10.000Z</time>
        <extensions>
          <ns3:TrackPointExtension>
            <ns3:atemp>37.0</ns3:atemp>
          </ns3:TrackPointExtension>
        </extensions>
      </trkpt>
      <trkpt lat="40.011210925877094268798828125" lon="-105.32676232047379016876220703125">
        <ele>1789.5999755859375</ele>
        <time>2026-07-18T18:08:15.000Z</time>
        <extensions>
          <ns3:TrackPointExtension>
            <ns3:atemp>37.0</ns3:atemp>
          </ns3:TrackPointExtension>
        </extensions>
      </trkpt>
      <trkpt lat="40.01115225255489349365234375" lon="-105.3268034756183624267578125">
        <ele>1790</ele>
        <time>2026-07-18T18:08:17.000Z</time>
        <extensions>
          <ns3:TrackPointExtension>
            <ns3:atemp>37.0</ns3:atemp>
          </ns3:TrackPointExtension>
        </extensions>
      </trkpt>
      <trkpt lat="40.0110504962503910064697265625" lon="-105.3268445469439029693603515625">
        <ele>1790.5999755859375</ele>
        <time>2026-07-18T18:08:20.000Z</time>
        <extensions>
          <ns3:TrackPointExtension>
            <ns3:atemp>37.0</ns3:atemp>
          </ns3:TrackPointExtension>
        </extensions>
      </trkpt>
      <trkpt lat="40.01093775965273380279541015625" lon="-105.32685385085642337799072265625">
        <ele>1791</ele>
        <time>2026-07-18T18:08:23.000Z</time>
        <extensions>
          <ns3:TrackPointExtension>
            <ns3:atemp>37.0</ns3:atemp>
          </ns3:TrackPointExtension>
        </extensions>
      </trkpt>
      <trkpt lat="40.01089635305106639862060546875" lon="-105.326848067343235015869140625">
        <ele>1791.199951171875</ele>
        <time>2026-07-18T18:08:24.000Z</time>
        <extensions>
          <ns3:TrackPointExtension>
            <ns3:atemp>37.0</ns3:atemp>
          </ns3:TrackPointExtension>
        </extensions>
      </trkpt>
      <trkpt lat="40.0108090974390506744384765625" lon="-105.3268204070627689361572265625">
        <ele>1791.199951171875</ele>
        <time>2026-07-18T18:08:26.000Z</time>
        <extensions>
          <ns3:TrackPointExtension>
            <ns3:atemp>37.0</ns3:atemp>
          </ns3:TrackPointExtension>
        </extensions>
      </trkpt>
      <trkpt lat="40.0107189081609249114990234375" lon="-105.32678394578397274017333984375">
        <ele>1791.4000244140625</ele>
        <time>2026-07-18T18:08:28.000Z</time>
        <extensions>
          <ns3:TrackPointExtension>
            <ns3:atemp>37.0</ns3:atemp>
          </ns3:TrackPointExtension>
        </extensions>
      </trkpt>
      <trkpt lat="40.0104480050504207611083984375" lon="-105.326692163944244384765625">
        <ele>1791.199951171875</ele>
        <time>2026-07-18T18:08:34.000Z</time>
        <extensions>
          <ns3:TrackPointExtension>
            <ns3:atemp>37.0</ns3:atemp>
          </ns3:TrackPointExtension>
        </extensions>
      </trkpt>
      <trkpt lat="40.01040098257362842559814453125" lon="-105.32669275067746639251708984375">
        <ele>1791.199951171875</ele>
        <time>2026-07-18T18:08:35.000Z</time>
        <extensions>
          <ns3:TrackPointExtension>
            <ns3:atemp>37.0</ns3:atemp>
          </ns3:TrackPointExtension>
        </extensions>
      </trkpt>
      <trkpt lat="40.01006134785711765289306640625" lon="-105.3266574628651142120361328125">
        <ele>1791.4000244140625</ele>
        <time>2026-07-18T18:08:42.000Z</time>
        <extensions>
          <ns3:TrackPointExtension>
            <ns3:atemp>37.0</ns3:atemp>
          </ns3:TrackPointExtension>
        </extensions>
      </trkpt>
      <trkpt lat="40.00978432595729827880859375" lon="-105.32660708762705326080322265625">
        <ele>1792.199951171875</ele>
        <time>2026-07-18T18:08:48.000Z</time>
        <extensions>
          <ns3:TrackPointExtension>
            <ns3:atemp>37.0</ns3:atemp>
          </ns3:TrackPointExtension>
        </extensions>
      </trkpt>
      <trkpt lat="40.0096946395933628082275390625" lon="-105.326583199203014373779296875">
        <ele>1792.199951171875</ele>
        <time>2026-07-18T18:08:50.000Z</time>
        <extensions>
          <ns3:TrackPointExtension>
            <ns3:atemp>37.0</ns3:atemp>
          </ns3:TrackPointExtension>
        </extensions>
      </trkpt>
      <trkpt lat="40.009648539125919342041015625" lon="-105.32656584866344928741455078125">
        <ele>1792.199951171875</ele>
        <time>2026-07-18T18:08:51.000Z</time>
        <extensions>
          <ns3:TrackPointExtension>
            <ns3:atemp>37.0</ns3:atemp>
          </ns3:TrackPointExtension>
        </extensions>
      </trkpt>
      <trkpt lat="40.009556673467159271240234375" lon="-105.326534919440746307373046875">
        <ele>1792.4000244140625</ele>
        <time>2026-07-18T18:08:53.000Z</time>
        <extensions>
          <ns3:TrackPointExtension>
            <ns3:atemp>37.0</ns3:atemp>
          </ns3:TrackPointExtension>
        </extensions>
      </trkpt>
      <trkpt lat="40.0095092318952083587646484375" lon="-105.32651823945343494415283203125">
        <ele>1792.5999755859375</ele>
        <time>2026-07-18T18:08:54.000Z</time>
        <extensions>
          <ns3:TrackPointExtension>
            <ns3:atemp>37.0</ns3:atemp>
          </ns3:TrackPointExtension>
        </extensions>
      </trkpt>
      <trkpt lat="40.0093164481222629547119140625" lon="-105.32644799910485744476318359375">
        <ele>1792.5999755859375</ele>
        <time>2026-07-18T18:09:00.000Z</time>
        <extensions>
          <ns3:TrackPointExtension>
            <ns3:atemp>37.0</ns3:atemp>
          </ns3:TrackPointExtension>
        </extensions>
      </trkpt>
      <trkpt lat="40.009313933551311492919921875" lon="-105.326444394886493682861328125">
        <ele>1792.5999755859375</ele>
        <time>2026-07-18T18:09:05.000Z</time>
        <extensions>
          <ns3:TrackPointExtension>
            <ns3:atemp>37.0</ns3:atemp>
          </ns3:TrackPointExtension>
        </extensions>
      </trkpt>
      <trkpt lat="40.009313933551311492919921875" lon="-105.326444394886493682861328125">
        <ele>1791.800048828125</ele>
        <time>2026-07-18T18:09:24.000Z</time>
        <extensions>
          <ns3:TrackPointExtension>
            <ns3:atemp>37.0</ns3:atemp>
          </ns3:TrackPointExtension>
        </extensions>
      </trkpt>
      <trkpt lat="40.009313933551311492919921875" lon="-105.326444394886493682861328125">
        <ele>1791.199951171875</ele>
        <time>2026-07-18T18:09:41.000Z</time>
        <extensions>
          <ns3:TrackPointExtension>
            <ns3:atemp>38.0</ns3:atemp>
          </ns3:TrackPointExtension>
        </extensions>
      </trkpt>
      <trkpt lat="40.009313933551311492919921875" lon="-105.326444394886493682861328125">
        <ele>1791.199951171875</ele>
        <time>2026-07-18T18:09:47.000Z</time>
        <extensions>
          <ns3:TrackPointExtension>
            <ns3:atemp>38.0</ns3:atemp>
          </ns3:TrackPointExtension>
        </extensions>
      </trkpt>
      <trkpt lat="40.00929323025047779083251953125" lon="-105.3264448978006839752197265625">
        <ele>1791</ele>
        <time>2026-07-18T18:10:04.000Z</time>
        <extensions>
          <ns3:TrackPointExtension>
            <ns3:atemp>38.0</ns3:atemp>
          </ns3:TrackPointExtension>
        </extensions>
      </trkpt>
      <trkpt lat="40.00927411951124668121337890625" lon="-105.32643525861203670501708984375">
        <ele>1791</ele>
        <time>2026-07-18T18:10:05.000Z</time>
        <extensions>
          <ns3:TrackPointExtension>
            <ns3:atemp>38.0</ns3:atemp>
          </ns3:TrackPointExtension>
        </extensions>
      </trkpt>
      <trkpt lat="40.0091736204922199249267578125" lon="-105.32634808681905269622802734375">
        <ele>1790.800048828125</ele>
        <time>2026-07-18T18:10:08.000Z</time>
        <extensions>
          <ns3:TrackPointExtension>
            <ns3:atemp>38.0</ns3:atemp>
          </ns3:TrackPointExtension>
        </extensions>
      </trkpt>
      <trkpt lat="40.00913229770958423614501953125" lon="-105.32630919478833675384521484375">
        <ele>1790.800048828125</ele>
        <time>2026-07-18T18:10:09.000Z</time>
        <extensions>
          <ns3:TrackPointExtension>
            <ns3:atemp>38.0</ns3:atemp>
          </ns3:TrackPointExtension>
        </extensions>
      </trkpt>
      <trkpt lat="40.00900656916201114654541015625" lon="-105.32616837881505489349365234375">
        <ele>1790.5999755859375</ele>
        <time>2026-07-18T18:10:12.000Z</time>
        <extensions>
          <ns3:TrackPointExtension>
            <ns3:atemp>38.0</ns3:atemp>
          </ns3:TrackPointExtension>
        </extensions>
      </trkpt>
      <trkpt lat="40.00893532298505306243896484375" lon="-105.32610082067549228668212890625">
        <ele>1790.5999755859375</ele>
        <time>2026-07-18T18:10:14.000Z</time>
        <extensions>
          <ns3:TrackPointExtension>
            <ns3:atemp>38.0</ns3:atemp>
          </ns3:TrackPointExtension>
        </extensions>
      </trkpt>
      <trkpt lat="40.00883256085216999053955078125" lon="-105.3260224498808383941650390625">
        <ele>1790.5999755859375</ele>
        <time>2026-07-18T18:10:16.000Z</time>
        <extensions>
          <ns3:TrackPointExtension>
            <ns3:atemp>38.0</ns3:atemp>
          </ns3:TrackPointExtension>
        </extensions>
      </trkpt>
      <trkpt lat="40.0087746419012546539306640625" lon="-105.325971655547618865966796875">
        <ele>1790.800048828125</ele>
        <time>2026-07-18T18:10:18.000Z</time>
        <extensions>
          <ns3:TrackPointExtension>
            <ns3:atemp>38.0</ns3:atemp>
          </ns3:TrackPointExtension>
        </extensions>
      </trkpt>
      <trkpt lat="40.00872996635735034942626953125" lon="-105.32596805132925510406494140625">
        <ele>1791</ele>
        <time>2026-07-18T18:10:19.000Z</time>
        <extensions>
          <ns3:TrackPointExtension>
            <ns3:atemp>38.0</ns3:atemp>
          </ns3:TrackPointExtension>
        </extensions>
      </trkpt>
      <trkpt lat="40.00868596136569976806640625" lon="-105.325979702174663543701171875">
        <ele>1791.4000244140625</ele>
        <time>2026-07-18T18:10:20.000Z</time>
        <extensions>
          <ns3:TrackPointExtension>
            <ns3:atemp>38.0</ns3:atemp>
          </ns3:TrackPointExtension>
        </extensions>
      </trkpt>
      <trkpt lat="40.008599460124969482421875" lon="-105.32601197250187397003173828125">
        <ele>1791.800048828125</ele>
        <time>2026-07-18T18:10:22.000Z</time>
        <extensions>
          <ns3:TrackPointExtension>
            <ns3:atemp>38.0</ns3:atemp>
          </ns3:TrackPointExtension>
        </extensions>
      </trkpt>
      <trkpt lat="40.00855721533298492431640625" lon="-105.326032340526580810546875">
        <ele>1792</ele>
        <time>2026-07-18T18:10:23.000Z</time>
        <extensions>
          <ns3:TrackPointExtension>
            <ns3:atemp>38.0</ns3:atemp>
          </ns3:TrackPointExtension>
        </extensions>
      </trkpt>
      <trkpt lat="40.00853667967021465301513671875" lon="-105.32606511376798152923583984375">
        <ele>1792.199951171875</ele>
        <time>2026-07-18T18:10:24.000Z</time>
        <extensions>
          <ns3:TrackPointExtension>
            <ns3:atemp>38.0</ns3:atemp>
          </ns3:TrackPointExtension>
        </extensions>
      </trkpt>
      <trkpt lat="40.0085417926311492919921875" lon="-105.32609713263809680938720703125">
        <ele>1792.5999755859375</ele>
        <time>2026-07-18T18:10:25.000Z</time>
        <extensions>
          <ns3:TrackPointExtension>
            <ns3:atemp>38.0</ns3:atemp>
          </ns3:TrackPointExtension>
        </extensions>
      </trkpt>
      <trkpt lat="40.00860356725752353668212890625" lon="-105.3260998986661434173583984375">
        <ele>1792.800048828125</ele>
        <time>2026-07-18T18:10:27.000Z</time>
        <extensions>
          <ns3:TrackPointExtension>
            <ns3:atemp>38.0</ns3:atemp>
          </ns3:TrackPointExtension>
        </extensions>
      </trkpt>
      <trkpt lat="40.00867313705384731292724609375" lon="-105.32607399858534336090087890625">
        <ele>1793.199951171875</ele>
        <time>2026-07-18T18:10:29.000Z</time>
        <extensions>
          <ns3:TrackPointExtension>
            <ns3:atemp>38.0</ns3:atemp>
          </ns3:TrackPointExtension>
        </extensions>
      </trkpt>
      <trkpt lat="40.00878059305250644683837890625" lon="-105.3260177560150623321533203125">
        <ele>1794</ele>
        <time>2026-07-18T18:10:32.000Z</time>
        <extensions>
          <ns3:TrackPointExtension>
            <ns3:atemp>38.0</ns3:atemp>
          </ns3:TrackPointExtension>
        </extensions>
      </trkpt>
      <trkpt lat="40.008845217525959014892578125" lon="-105.32599906437098979949951171875">
        <ele>1794.5999755859375</ele>
        <time>2026-07-18T18:10:34.000Z</time>
        <extensions>
          <ns3:TrackPointExtension>
            <ns3:atemp>38.0</ns3:atemp>
          </ns3:TrackPointExtension>
        </extensions>
      </trkpt>
      <trkpt lat="40.0089379213750362396240234375" lon="-105.3259463422000408172607421875">
        <ele>1795.199951171875</ele>
        <time>2026-07-18T18:10:38.000Z</time>
        <extensions>
          <ns3:TrackPointExtension>
            <ns3:atemp>38.0</ns3:atemp>
          </ns3:TrackPointExtension>
        </extensions>
      </trkpt>
      <trkpt lat="40.0089543499052524566650390625" lon="-105.32591675408184528350830078125">
        <ele>1795.199951171875</ele>
        <time>2026-07-18T18:10:39.000Z</time>
        <extensions>
          <ns3:TrackPointExtension>
            <ns3:atemp>39.0</ns3:atemp>
          </ns3:TrackPointExtension>
        </extensions>
      </trkpt>
      <trkpt lat="40.00895879231393337249755859375" lon="-105.3258360363543033599853515625">
        <ele>1795.4000244140625</ele>
        <time>2026-07-18T18:10:41.000Z</time>
        <extensions>
          <ns3:TrackPointExtension>
            <ns3:atemp>39.0</ns3:atemp>
          </ns3:TrackPointExtension>
        </extensions>
      </trkpt>
      <trkpt lat="40.00888888724148273468017578125" lon="-105.325538814067840576171875">
        <ele>1795.5999755859375</ele>
        <time>2026-07-18T18:10:47.000Z</time>
        <extensions>
          <ns3:TrackPointExtension>
            <ns3:atemp>39.0</ns3:atemp>
          </ns3:TrackPointExtension>
        </extensions>
      </trkpt>
      <trkpt lat="40.00885753892362117767333984375" lon="-105.32540361396968364715576171875">
        <ele>1795.4000244140625</ele>
        <time>2026-07-18T18:10:50.000Z</time>
        <extensions>
          <ns3:TrackPointExtension>
            <ns3:atemp>39.0</ns3:atemp>
          </ns3:TrackPointExtension>
        </extensions>
      </trkpt>
    </trkseg>
  </trk>
</gpx>
