<?xml version="1.0" encoding="UTF-8"?>
<gpx creator="Garmin Connect" version="1.1"
  xsi:schemaLocation="http://www.topografix.com/GPX/1/1 http://www.topografix.com/GPX/11.xsd"
  xmlns:ns3="http://www.garmin.com/xmlschemas/TrackPointExtension/v1"
  xmlns="http://www.topografix.com/GPX/1/1"
  xmlns:xsi="http://www.w3.org/2001/XMLSchema-instance" xmlns:ns2="http://www.garmin.com/xmlschemas/GpxExtensions/v3">
  <metadata>
    <link href="connect.garmin.com">
      <text>Garmin Connect</text>
    </link>
    <time>2026-08-01T14:04:20.000Z</time>
  </metadata>
  <trk>
    <name>Winter Park Road Cycling</name>
    <type>road_biking</type>
    <trkseg>
      <trkpt lat="39.920133836567401885986328125" lon="-105.7838138379156589508056640625">
        <ele>2682.39990234375</ele>
        <time>2026-08-01T14:04:20.000Z</time>
        <extensions>
          <ns3:TrackPointExtension>
            <ns3:atemp>15.0</ns3:atemp>
          </ns3:TrackPointExtension>
        </extensions>
      </trkpt>
      <trkpt lat="39.92015487514436244964599609375" lon="-105.78379380516707897186279296875">
        <ele>2682.39990234375</ele>
        <time>2026-08-01T14:04:23.000Z</time>
        <extensions>
          <ns3:TrackPointExtension>
            <ns3:atemp>15.0</ns3:atemp>
          </ns3:TrackPointExtension>
        </extensions>
      </trkpt>
      <trkpt lat="39.92015839554369449615478515625" lon="-105.78379154205322265625">
        <ele>2682.800048828125</ele>
        <time>2026-08-01T14:04:24.000Z</time>
        <extensions>
          <ns3:TrackPointExtension>
            <ns3:atemp>15.0</ns3:atemp>
          </ns3:TrackPointExtension>
        </extensions>
      </trkpt>
      <trkpt lat="39.92015353403985500335693359375" lon="-105.78382213599979877471923828125">
        <ele>2683.39990234375</ele>
        <time>2026-08-01T14:04:25.000Z</time>
        <extensions>
          <ns3:TrackPointExtension>
            <ns3:atemp>16.0</ns3:atemp>
          </ns3:TrackPointExtension>
        </extensions>
      </trkpt>
      <trkpt lat="39.92013894952833652496337890625" lon="-105.7838051207363605499267578125">
        <ele>2683.39990234375</ele>
        <time>2026-08-01T14:04:32.000Z</time>
        <extensions>
          <ns3:TrackPointExtension>
            <ns3:atemp>16.0</ns3:atemp>
          </ns3:TrackPointExtension>
        </extensions>
      </trkpt>
      <trkpt lat="39.92014733143150806427001953125" lon="-105.78378617763519287109375">
        <ele>2683.39990234375</ele>
        <time>2026-08-01T14:04:35.000Z</time>
        <extensions>
          <ns3:TrackPointExtension>
            <ns3:atemp>16.0</ns3:atemp>
          </ns3:TrackPointExtension>
        </extensions>
      </trkpt>
      <trkpt lat="39.92013677023351192474365234375" lon="-105.783778131008148193359375">
        <ele>2683.39990234375</ele>
        <time>2026-08-01T14:04:36.000Z</time>
        <extensions>
          <ns3:TrackPointExtension>
            <ns3:atemp>16.0</ns3:atemp>
          </ns3:TrackPointExtension>
        </extensions>
      </trkpt>
      <trkpt lat="39.9201232753694057464599609375" lon="-105.7837655581533908843994140625">
        <ele>2683.39990234375</ele>
        <time>2026-08-01T14:04:38.000Z</time>
        <extensions>
          <ns3:TrackPointExtension>
            <ns3:atemp>16.0</ns3:atemp>
          </ns3:TrackPointExtension>
        </extensions>
      </trkpt>
      <trkpt lat="39.92011246271431446075439453125" lon="-105.7837392389774322509765625">
        <ele>2683.39990234375</ele>
        <time>2026-08-01T14:04:41.000Z</time>
        <extensions>
          <ns3:TrackPointExtension>
            <ns3:atemp>16.0</ns3:atemp>
          </ns3:TrackPointExtension>
        </extensions>
      </trkpt>
      <trkpt lat="39.92010424844920635223388671875" lon="-105.78373731113970279693603515625">
        <ele>2683.39990234375</ele>
        <time>2026-08-01T14:04:42.000Z</time>
        <extensions>
          <ns3:TrackPointExtension>
            <ns3:atemp>16.0</ns3:atemp>
          </ns3:TrackPointExtension>
        </extensions>
      </trkpt>
      <trkpt lat="39.920056723058223724365234375" lon="-105.78373077325522899627685546875">
        <ele>2683.60009765625</ele>
        <time>2026-08-01T14:04:47.000Z</time>
        <extensions>
          <ns3:TrackPointExtension>
            <ns3:atemp>16.0</ns3:atemp>
          </ns3:TrackPointExtension>
        </extensions>
      </trkpt>
      <trkpt lat="39.9199133925139904022216796875" lon="-105.7836882770061492919921875">
        <ele>2683.800048828125</ele>
        <time>2026-08-01T14:04:56.000Z</time>
        <extensions>
          <ns3:TrackPointExtension>
            <ns3:atemp>16.0</ns3:atemp>
          </ns3:TrackPointExtension>
        </extensions>
      </trkpt>
      <trkpt lat="39.9197097122669219970703125" lon="-105.78362884931266307830810546875">
        <ele>2684</ele>
        <time>2026-08-01T14:05:02.000Z</time>
        <extensions>
          <ns3:TrackPointExtension>
            <ns3:atemp>16.0</ns3:atemp>
          </ns3:TrackPointExtension>
        </extensions>
      </trkpt>
      <trkpt lat="39.91967492736876010894775390625" lon="-105.78361208550631999969482421875">
        <ele>2684</ele>
        <time>2026-08-01T14:05:03.000Z</time>
        <extensions>
          <ns3:TrackPointExtension>
            <ns3:atemp>16.0</ns3:atemp>
          </ns3:TrackPointExtension>
        </extensions>
      </trkpt>
      <trkpt lat="39.91963888518512248992919921875" lon="-105.78359448350965976715087890625">
        <ele>2684</ele>
        <time>2026-08-01T14:05:04.000Z</time>
        <extensions>
          <ns3:TrackPointExtension>
            <ns3:atemp>16.0</ns3:atemp>
          </ns3:TrackPointExtension>
        </extensions>
      </trkpt>
      <trkpt lat="39.9195194430649280548095703125" lon="-105.78355173580348491668701171875">
        <ele>2684.199951171875</ele>
        <time>2026-08-01T14:05:07.000Z</time>
        <extensions>
          <ns3:TrackPointExtension>
            <ns3:atemp>16.0</ns3:atemp>
          </ns3:TrackPointExtension>
        </extensions>
      </trkpt>
      <trkpt lat="39.91947568953037261962890625" lon="-105.78355726785957813262939453125">
        <ele>2684.199951171875</ele>
        <time>2026-08-01T14:05:08.000Z</time>
        <extensions>
          <ns3:TrackPointExtension>
            <ns3:atemp>16.0</ns3:atemp>
          </ns3:TrackPointExtension>
        </extensions>
      </trkpt>
      <trkpt lat="39.9194349534809589385986328125" lon="-105.78359046019613742828369140625">
        <ele>2684.39990234375</ele>
        <time>2026-08-01T14:05:09.000Z</time>
        <extensions>
          <ns3:TrackPointExtension>
            <ns3:atemp>16.0</ns3:atemp>
          </ns3:TrackPointExtension>
        </extensions>
      </trkpt>
      <trkpt lat="39.9194071255624294281005859375" lon="-105.78364075161516666412353515625">
        <ele>2684.800048828125</ele>
        <time>2026-08-01T14:05:10.000Z</time>
        <extensions>
          <ns3:TrackPointExtension>
            <ns3:atemp>16.0</ns3:atemp>
          </ns3:TrackPointExtension>
        </extensions>
      </trkpt>
      <trkpt lat="39.91939497180283069610595703125" lon="-105.7837008498609066009521484375">
        <ele>2685</ele>
        <time>2026-08-01T14:05:11.000Z</time>
        <extensions>
          <ns3:TrackPointExtension>
            <ns3:atemp>16.0</ns3:atemp>
          </ns3:TrackPointExtension>
        </extensions>
      </trkpt>
      <trkpt lat="39.9193943850696086883544921875" lon="-105.7838250696659088134765625">
        <ele>2685.199951171875</ele>
        <time>2026-08-01T14:05:13.000Z</time>
        <extensions>
          <ns3:TrackPointExtension>
            <ns3:atemp>16.0</ns3:atemp>
          </ns3:TrackPointExtension>
        </extensions>
      </trkpt>
      <trkpt lat="39.9193974025547504425048828125" lon="-105.78394652344286441802978515625">
        <ele>2685.39990234375</ele>
        <time>2026-08-01T14:05:15.000Z</time>
        <extensions>
          <ns3:TrackPointExtension>
            <ns3:atemp>16.0</ns3:atemp>
          </ns3:TrackPointExtension>
        </extensions>
      </trkpt>
      <trkpt lat="39.91939723491668701171875" lon="-105.78414282761514186859130859375">
        <ele>2685.800048828125</ele>
        <time>2026-08-01T14:05:18.000Z</time>
        <extensions>
          <ns3:TrackPointExtension>
            <ns3:atemp>16.0</ns3:atemp>
          </ns3:TrackPointExtension>
        </extensions>
      </trkpt>
      <trkpt lat="39.91939480416476726531982421875" lon="-105.78441591002047061920166015625">
        <ele>2686.199951171875</ele>
        <time>2026-08-01T14:05:22.000Z</time>
        <extensions>
          <ns3:TrackPointExtension>
            <ns3:atemp>17.0</ns3:atemp>
          </ns3:TrackPointExtension>
        </extensions>
      </trkpt>
      <trkpt lat="39.91935423575341701507568359375" lon="-105.78478672541677951812744140625">
        <ele>2686.60009765625</ele>
        <time>2026-08-01T14:05:28.000Z</time>
        <extensions>
          <ns3:TrackPointExtension>
            <ns3:atemp>17.0</ns3:atemp>
          </ns3:TrackPointExtension>
        </extensions>
      </trkpt>
      <trkpt lat="39.9193632043898105621337890625" lon="-105.78484925441443920135498046875">
        <ele>2686.60009765625</ele>
        <time>2026-08-01T14:05:29.000Z</time>
        <extensions>
          <ns3:TrackPointExtension>
            <ns3:atemp>17.0</ns3:atemp>
          </ns3:TrackPointExtension>
        </extensions>
      </trkpt>
      <trkpt lat="39.91938156075775623321533203125" lon="-105.78489937819540500640869140625">
        <ele>2686.60009765625</ele>
        <time>2026-08-01T14:05:30.000Z</time>
        <extensions>
          <ns3:TrackPointExtension>
            <ns3:atemp>17.0</ns3:atemp>
          </ns3:TrackPointExtension>
        </extensions>
      </trkpt>
      <trkpt lat="39.9194577522575855255126953125" lon="-105.784969031810760498046875">
        <ele>2686.800048828125</ele>
        <time>2026-08-01T14:05:32.000Z</time>
        <extensions>
          <ns3:TrackPointExtension>
            <ns3:atemp>17.0</ns3:atemp>
          </ns3:TrackPointExtension>
        </extensions>
      </trkpt>
      <trkpt lat="39.91975220851600170135498046875" lon="-105.78509970568120479583740234375">
        <ele>2686.800048828125</ele>
        <time>2026-08-01T14:05:37.000Z</time>
        <extensions>
          <ns3:TrackPointExtension>
            <ns3:atemp>17.0</ns3:atemp>
          </ns3:TrackPointExtension>
        </extensions>
      </trkpt>
      <trkpt lat="39.91981440223753452301025390625" lon="-105.78512485139071941375732421875">
        <ele>2686.800048828125</ele>
        <time>2026-08-01T14:05:38.000Z</time>
        <extensions>
          <ns3:TrackPointExtension>
            <ns3:atemp>17.0</ns3:atemp>
          </ns3:TrackPointExtension>
        </extensions>
      </trkpt>
      <trkpt lat="39.92014666087925434112548828125" lon="-105.78526047058403491973876953125">
        <ele>2686.60009765625</ele>
        <time>2026-08-01T14:05:43.000Z</time>
        <extensions>
          <ns3:TrackPointExtension>
            <ns3:atemp>17.0</ns3:atemp>
          </ns3:TrackPointExtension>
        </extensions>
      </trkpt>
      <trkpt lat="39.92057799361646175384521484375" lon="-105.78545191325247287750244140625">
        <ele>2686.39990234375</ele>
        <time>2026-08-01T14:05:49.000Z</time>
        <extensions>
          <ns3:TrackPointExtension>
            <ns3:atemp>17.0</ns3:atemp>
          </ns3:TrackPointExtension>
        </extensions>
      </trkpt>
      <trkpt lat="39.92087789811193943023681640625" lon="-105.7855738699436187744140625">
        <ele>2685.800048828125</ele>
        <time>2026-08-01T14:05:54.000Z</time>
        <extensions>
          <ns3:TrackPointExtension>
            <ns3:atemp>17.0</ns3:atemp>
          </ns3:TrackPointExtension>
        </extensions>
      </trkpt>
      <trkpt lat="39.921340160071849822998046875" lon="-105.7857654802501201629638671875">
        <ele>2685.39990234375</ele>
        <time>2026-08-01T14:05:59.000Z</time>
        <extensions>
          <ns3:TrackPointExtension>
            <ns3:atemp>17.0</ns3:atemp>
          </ns3:TrackPointExtension>
        </extensions>
      </trkpt>
      <trkpt lat="39.92190635763108730316162109375" lon="-105.7859954796731472015380859375">
        <ele>2684.60009765625</ele>
        <time>2026-08-01T14:06:06.000Z</time>
        <extensions>
          <ns3:TrackPointExtension>
            <ns3:atemp>17.0</ns3:atemp>
          </ns3:TrackPointExtension>
        </extensions>
      </trkpt>
      <trkpt lat="39.921989925205707550048828125" lon="-105.78602707944810390472412109375">
        <ele>2684.60009765625</ele>
        <time>2026-08-01T14:06:07.000Z</time>
        <extensions>
          <ns3:TrackPointExtension>
            <ns3:atemp>17.0</ns3:atemp>
          </ns3:TrackPointExtension>
        </extensions>
      </trkpt>
      <trkpt lat="39.9223759956657886505126953125" lon="-105.786224640905857086181640625">
        <ele>2683.60009765625</ele>
        <time>2026-08-01T14:06:12.000Z</time>
        <extensions>
          <ns3:TrackPointExtension>
            <ns3:atemp>17.0</ns3:atemp>
          </ns3:TrackPointExtension>
        </extensions>
      </trkpt>
      <trkpt lat="39.9229104258120059967041015625" lon="-105.7864501141011714935302734375">
        <ele>2682.60009765625</ele>
        <time>2026-08-01T14:06:18.000Z</time>
        <extensions>
          <ns3:TrackPointExtension>
            <ns3:atemp>17.0</ns3:atemp>
          </ns3:TrackPointExtension>
        </extensions>
      </trkpt>
      <trkpt lat="39.92300019599497318267822265625" lon="-105.78648758120834827423095703125">
        <ele>2682.39990234375</ele>
        <time>2026-08-01T14:06:19.000Z</time>
        <extensions>
          <ns3:TrackPointExtension>
            <ns3:atemp>17.0</ns3:atemp>
          </ns3:TrackPointExtension>
        </extensions>
      </trkpt>
      <trkpt lat="39.92355440743267536163330078125" lon="-105.78671808354556560516357421875">
        <ele>2681.39990234375</ele>
        <time>2026-08-01T14:06:25.000Z</time>
        <extensions>
          <ns3:TrackPointExtension>
            <ns3:atemp>17.0</ns3:atemp>
          </ns3:TrackPointExtension>
        </extensions>
      </trkpt>
      <trkpt lat="39.92355440743267536163330078125" lon="-105.78671808354556560516357421875">
        <ele>2681.199951171875</ele>
        <time>2026-08-01T14:06:26.000Z</time>
        <extensions>
          <ns3:TrackPointExtension>
            <ns3:atemp>17.0</ns3:atemp>
          </ns3:TrackPointExtension>
        </extensions>
      </trkpt>
      <trkpt lat="39.9237419106066226959228515625" lon="-105.78680123202502727508544921875">
        <ele>2681</ele>
        <time>2026-08-01T14:06:27.000Z</time>
        <extensions>
          <ns3:TrackPointExtension>
            <ns3:atemp>17.0</ns3:atemp>
          </ns3:TrackPointExtension>
        </extensions>
      </trkpt>
      <trkpt lat="39.92411700077354907989501953125" lon="-105.7869550399482250213623046875">
        <ele>2680</ele>
        <time>2026-08-01T14:06:31.000Z</time>
        <extensions>
          <ns3:TrackPointExtension>
            <ns3:atemp>16.0</ns3:atemp>
          </ns3:TrackPointExtension>
        </extensions>
      </trkpt>
      <trkpt lat="39.92445923388004302978515625" lon="-105.7871079258620738983154296875">
        <ele>2678.800048828125</ele>
        <time>2026-08-01T14:06:35.000Z</time>
        <extensions>
          <ns3:TrackPointExtension>
            <ns3:atemp>16.0</ns3:atemp>
          </ns3:TrackPointExtension>
        </extensions>
      </trkpt>
      <trkpt lat="39.92455621249973773956298828125" lon="-105.7871471531689167022705078125">
        <ele>2678.60009765625</ele>
        <time>2026-08-01T14:06:36.000Z</time>
        <extensions>
          <ns3:TrackPointExtension>
            <ns3:atemp>16.0</ns3:atemp>
          </ns3:TrackPointExtension>
        </extensions>
      </trkpt>
      <trkpt lat="39.9249509163200855255126953125" lon="-105.78730884008109569549560546875">
        <ele>2677.60009765625</ele>
        <time>2026-08-01T14:06:40.000Z</time>
        <extensions>
          <ns3:TrackPointExtension>
            <ns3:atemp>16.0</ns3:atemp>
          </ns3:TrackPointExtension>
        </extensions>
      </trkpt>
      <trkpt lat="39.9253545887768268585205078125" lon="-105.78748033381998538970947265625">
        <ele>2676.39990234375</ele>
        <time>2026-08-01T14:06:44.000Z</time>
        <extensions>
          <ns3:TrackPointExtension>
            <ns3:atemp>16.0</ns3:atemp>
          </ns3:TrackPointExtension>
        </extensions>
      </trkpt>
      <trkpt lat="39.92545701563358306884765625" lon="-105.787524171173572540283203125">
        <ele>2676.39990234375</ele>
        <time>2026-08-01T14:06:45.000Z</time>
        <extensions>
          <ns3:TrackPointExtension>
            <ns3:atemp>16.0</ns3:atemp>
          </ns3:TrackPointExtension>
        </extensions>
      </trkpt>
      <trkpt lat="39.92576840333640575408935546875" lon="-105.78765735961496829986572265625">
        <ele>2675.60009765625</ele>
        <time>2026-08-01T14:06:48.000Z</time>
        <extensions>
          <ns3:TrackPointExtension>
            <ns3:atemp>16.0</ns3:atemp>
          </ns3:TrackPointExtension>
        </extensions>
      </trkpt>
      <trkpt lat="39.92608867585659027099609375" lon="-105.78779214061796665191650390625">
        <ele>2674.60009765625</ele>
        <time>2026-08-01T14:06:51.000Z</time>
        <extensions>
          <ns3:TrackPointExtension>
            <ns3:atemp>16.0</ns3:atemp>
          </ns3:TrackPointExtension>
        </extensions>
      </trkpt>
      <trkpt lat="39.92641096003353595733642578125" lon="-105.7879330404102802276611328125">
        <ele>2674</ele>
        <time>2026-08-01T14:06:54.000Z</time>
        <extensions>
          <ns3:TrackPointExtension>
            <ns3:atemp>16.0</ns3:atemp>
          </ns3:TrackPointExtension>
        </extensions>
      </trkpt>
      <trkpt lat="39.92673668079078197479248046875" lon="-105.7880694977939128875732421875">
        <ele>2673.39990234375</ele>
        <time>2026-08-01T14:06:57.000Z</time>
        <extensions>
          <ns3:TrackPointExtension>
            <ns3:atemp>16.0</ns3:atemp>
          </ns3:TrackPointExtension>
        </extensions>
      </trkpt>
      <trkpt lat="39.927063323557376861572265625" lon="-105.788199417293071746826171875">
        <ele>2672.199951171875</ele>
        <time>2026-08-01T14:07:00.000Z</time>
        <extensions>
          <ns3:TrackPointExtension>
            <ns3:atemp>16.0</ns3:atemp>
          </ns3:TrackPointExtension>
        </extensions>
      </trkpt>
      <trkpt lat="39.9274004437029361724853515625" lon="-105.78833579085767269134521484375">
        <ele>2671.39990234375</ele>
        <time>2026-08-01T14:07:03.000Z</time>
        <extensions>
          <ns3:TrackPointExtension>
            <ns3:atemp>16.0</ns3:atemp>
          </ns3:TrackPointExtension>
        </extensions>
      </trkpt>
      <trkpt lat="39.92751158773899078369140625" lon="-105.7883826456964015960693359375">
        <ele>2671.199951171875</ele>
        <time>2026-08-01T14:07:04.000Z</time>
        <extensions>
          <ns3:TrackPointExtension>
            <ns3:atemp>16.0</ns3:atemp>
          </ns3:TrackPointExtension>
        </extensions>
      </trkpt>
      <trkpt lat="39.92762331850826740264892578125" lon="-105.78843000344932079315185546875">
        <ele>2671.199951171875</ele>
        <time>2026-08-01T14:07:05.000Z</time>
        <extensions>
          <ns3:TrackPointExtension>
            <ns3:atemp>16.0</ns3:atemp>
          </ns3:TrackPointExtension>
        </extensions>
      </trkpt>
      <trkpt lat="39.92816981859505176544189453125" lon="-105.7886703126132488250732421875">
        <ele>2670.199951171875</ele>
        <time>2026-08-01T14:07:10.000Z</time>
        <extensions>
          <ns3:TrackPointExtension>
            <ns3:atemp>16.0</ns3:atemp>
          </ns3:TrackPointExtension>
        </extensions>
      </trkpt>
      <trkpt lat="39.92827744223177433013916015625" lon="-105.788720436394214630126953125">
        <ele>2670</ele>
        <time>2026-08-01T14:07:11.000Z</time>
        <extensions>
          <ns3:TrackPointExtension>
            <ns3:atemp>16.0</ns3:atemp>
          </ns3:TrackPointExtension>
        </extensions>
      </trkpt>
      <trkpt lat="39.928385317325592041015625" lon="-105.78876829706132411956787109375">
        <ele>2669.800048828125</ele>
        <time>2026-08-01T14:07:12.000Z</time>
        <extensions>
          <ns3:TrackPointExtension>
            <ns3:atemp>16.0</ns3:atemp>
          </ns3:TrackPointExtension>
        </extensions>
      </trkpt>
      <trkpt lat="39.92882142774760723114013671875" lon="-105.78894968144595623016357421875">
        <ele>2669</ele>
        <time>2026-08-01T14:07:16.000Z</time>
        <extensions>
          <ns3:TrackPointExtension>
            <ns3:atemp>16.0</ns3:atemp>
          </ns3:TrackPointExtension>
        </extensions>
      </trkpt>
      <trkpt lat="39.92924387566745281219482421875" lon="-105.78914632089436054229736328125">
        <ele>2667.60009765625</ele>
        <time>2026-08-01T14:07:20.000Z</time>
        <extensions>
          <ns3:TrackPointExtension>
            <ns3:atemp>16.0</ns3:atemp>
          </ns3:TrackPointExtension>
        </extensions>
      </trkpt>
      <trkpt lat="39.92978216148912906646728515625" lon="-105.78937129117548465728759765625">
        <ele>2666.800048828125</ele>
        <time>2026-08-01T14:07:25.000Z</time>
        <extensions>
          <ns3:TrackPointExtension>
            <ns3:atemp>16.0</ns3:atemp>
          </ns3:TrackPointExtension>
        </extensions>
      </trkpt>
      <trkpt lat="39.929887689650058746337890625" lon="-105.78941973857581615447998046875">
        <ele>2666.60009765625</ele>
        <time>2026-08-01T14:07:26.000Z</time>
        <extensions>
          <ns3:TrackPointExtension>
            <ns3:atemp>16.0</ns3:atemp>
          </ns3:TrackPointExtension>
        </extensions>
      </trkpt>
      <trkpt lat="39.93009514175355434417724609375" lon="-105.789523422718048095703125">
        <ele>2666</ele>
        <time>2026-08-01T14:07:28.000Z</time>
        <extensions>
          <ns3:TrackPointExtension>
            <ns3:atemp>16.0</ns3:atemp>
          </ns3:TrackPointExtension>
        </extensions>
      </trkpt>
      <trkpt lat="39.9304061941802501678466796875" lon="-105.78968904912471771240234375">
        <ele>2665.199951171875</ele>
        <time>2026-08-01T14:07:31.000Z</time>
        <extensions>
          <ns3:TrackPointExtension>
            <ns3:atemp>16.0</ns3:atemp>
          </ns3:TrackPointExtension>
        </extensions>
      </trkpt>
      <trkpt lat="39.9308028258383274078369140625" lon="-105.78995299525558948516845703125">
        <ele>2664.60009765625</ele>
        <time>2026-08-01T14:07:35.000Z</time>
        <extensions>
          <ns3:TrackPointExtension>
            <ns3:atemp>16.0</ns3:atemp>
          </ns3:TrackPointExtension>
        </extensions>
      </trkpt>
      <trkpt lat="39.93118730373680591583251953125" lon="-105.79024426639080047607421875">
        <ele>2664.199951171875</ele>
        <time>2026-08-01T14:07:39.000Z</time>
        <extensions>
          <ns3:TrackPointExtension>
            <ns3:atemp>16.0</ns3:atemp>
          </ns3:TrackPointExtension>
        </extensions>
      </trkpt>
      <trkpt lat="39.9316611327230930328369140625" lon="-105.79063008539378643035888671875">
        <ele>2663.60009765625</ele>
        <time>2026-08-01T14:07:44.000Z</time>
        <extensions>
          <ns3:TrackPointExtension>
            <ns3:atemp>16.0</ns3:atemp>
          </ns3:TrackPointExtension>
        </extensions>
      </trkpt>
      <trkpt lat="39.931934215128421783447265625" lon="-105.79088020138442516326904296875">
        <ele>2663</ele>
        <time>2026-08-01T14:07:47.000Z</time>
        <extensions>
          <ns3:TrackPointExtension>
            <ns3:atemp>16.0</ns3:atemp>
          </ns3:TrackPointExtension>
        </extensions>
      </trkpt>
      <trkpt lat="39.93228248320519924163818359375" lon="-105.79123425297439098358154296875">
        <ele>2662.39990234375</ele>
        <time>2026-08-01T14:07:51.000Z</time>
        <extensions>
          <ns3:TrackPointExtension>
            <ns3:atemp>16.0</ns3:atemp>
          </ns3:TrackPointExtension>
        </extensions>
      </trkpt>
      <trkpt lat="39.93245464749634265899658203125" lon="-105.79141446389257907867431640625">
        <ele>2662</ele>
        <time>2026-08-01T14:07:53.000Z</time>
        <extensions>
          <ns3:TrackPointExtension>
            <ns3:atemp>16.0</ns3:atemp>
          </ns3:TrackPointExtension>
        </extensions>
      </trkpt>
      <trkpt lat="39.93288933299481868743896484375" lon="-105.791864655911922454833984375">
        <ele>2661</ele>
        <time>2026-08-01T14:07:58.000Z</time>
        <extensions>
          <ns3:TrackPointExtension>
            <ns3:atemp>16.0</ns3:atemp>
          </ns3:TrackPointExtension>
        </extensions>
      </trkpt>
      <trkpt lat="39.93297399021685123443603515625" lon="-105.79195559956133365631103515625">
        <ele>2660.800048828125</ele>
        <time>2026-08-01T14:07:59.000Z</time>
        <extensions>
          <ns3:TrackPointExtension>
            <ns3:atemp>16.0</ns3:atemp>
          </ns3:TrackPointExtension>
        </extensions>
      </trkpt>
      <trkpt lat="39.93323600850999355316162109375" lon="-105.7922302745282649993896484375">
        <ele>2660</ele>
        <time>2026-08-01T14:08:02.000Z</time>
        <extensions>
          <ns3:TrackPointExtension>
            <ns3:atemp>15.0</ns3:atemp>
          </ns3:TrackPointExtension>
        </extensions>
      </trkpt>
      <trkpt lat="39.933411777019500732421875" lon="-105.79241677187383174896240234375">
        <ele>2659.800048828125</ele>
        <time>2026-08-01T14:08:04.000Z</time>
        <extensions>
          <ns3:TrackPointExtension>
            <ns3:atemp>15.0</ns3:atemp>
          </ns3:TrackPointExtension>
        </extensions>
      </trkpt>
      <trkpt lat="39.9338410980999469757080078125" lon="-105.79290769994258880615234375">
        <ele>2658.800048828125</ele>
        <time>2026-08-01T14:08:09.000Z</time>
        <extensions>
          <ns3:TrackPointExtension>
            <ns3:atemp>15.0</ns3:atemp>
          </ns3:TrackPointExtension>
        </extensions>
      </trkpt>
      <trkpt lat="39.933927096426486968994140625" lon="-105.79300618730485439300537109375">
        <ele>2658.60009765625</ele>
        <time>2026-08-01T14:08:10.000Z</time>
        <extensions>
          <ns3:TrackPointExtension>
            <ns3:atemp>15.0</ns3:atemp>
          </ns3:TrackPointExtension>
        </extensions>
      </trkpt>
      <trkpt lat="39.9342615343630313873291015625" lon="-105.79340315423905849456787109375">
        <ele>2657.60009765625</ele>
        <time>2026-08-01T14:08:14.000Z</time>
        <extensions>
          <ns3:TrackPointExtension>
            <ns3:atemp>15.0</ns3:atemp>
          </ns3:TrackPointExtension>
        </extensions>
      </trkpt>
      <trkpt lat="39.93466998450458049774169921875" lon="-105.793907158076763153076171875">
        <ele>2657</ele>
        <time>2026-08-01T14:08:19.000Z</time>
        <extensions>
          <ns3:TrackPointExtension>
            <ns3:atemp>15.0</ns3:atemp>
          </ns3:TrackPointExtension>
        </extensions>
      </trkpt>
      <trkpt lat="39.93475179187953472137451171875" lon="-105.7940072380006313323974609375">
        <ele>2656.800048828125</ele>
        <time>2026-08-01T14:08:20.000Z</time>
        <extensions>
          <ns3:TrackPointExtension>
            <ns3:atemp>16.0</ns3:atemp>
          </ns3:TrackPointExtension>
        </extensions>
      </trkpt>
      <trkpt lat="39.9349974654614925384521484375" lon="-105.7943066395819187164306640625">
        <ele>2656</ele>
        <time>2026-08-01T14:08:23.000Z</time>
        <extensions>
          <ns3:TrackPointExtension>
            <ns3:atemp>15.0</ns3:atemp>
          </ns3:TrackPointExtension>
        </extensions>
      </trkpt>
      <trkpt lat="39.93533349595963954925537109375" lon="-105.79469178803265094757080078125">
        <ele>2655</ele>
        <time>2026-08-01T14:08:27.000Z</time>
        <extensions>
          <ns3:TrackPointExtension>
            <ns3:atemp>15.0</ns3:atemp>
          </ns3:TrackPointExtension>
        </extensions>
      </trkpt>
      <trkpt lat="39.93549895472824573516845703125" lon="-105.79488574527204036712646484375">
        <ele>2654.60009765625</ele>
        <time>2026-08-01T14:08:29.000Z</time>
        <extensions>
          <ns3:TrackPointExtension>
            <ns3:atemp>15.0</ns3:atemp>
          </ns3:TrackPointExtension>
        </extensions>
      </trkpt>
      <trkpt lat="39.935742951929569244384765625" lon="-105.7951810397207736968994140625">
        <ele>2653.800048828125</ele>
        <time>2026-08-01T14:08:32.000Z</time>
        <extensions>
          <ns3:TrackPointExtension>
            <ns3:atemp>15.0</ns3:atemp>
          </ns3:TrackPointExtension>
        </extensions>
      </trkpt>
      <trkpt lat="39.93606892414391040802001953125" lon="-105.79555612988770008087158203125">
        <ele>2652.800048828125</ele>
        <time>2026-08-01T14:08:36.000Z</time>
        <extensions>
          <ns3:TrackPointExtension>
            <ns3:atemp>15.0</ns3:atemp>
          </ns3:TrackPointExtension>
        </extensions>
      </trkpt>
      <trkpt lat="39.93623790331184864044189453125" lon="-105.79574421979486942291259765625">
        <ele>2652.39990234375</ele>
        <time>2026-08-01T14:08:38.000Z</time>
        <extensions>
          <ns3:TrackPointExtension>
            <ns3:atemp>15.0</ns3:atemp>
          </ns3:TrackPointExtension>
        </extensions>
      </trkpt>
      <trkpt lat="39.93662917055189609527587890625" lon="-105.7962311245501041412353515625">
        <ele>2651.60009765625</ele>
        <time>2026-08-01T14:08:43.000Z</time>
        <extensions>
          <ns3:TrackPointExtension>
            <ns3:atemp>15.0</ns3:atemp>
          </ns3:TrackPointExtension>
        </extensions>
      </trkpt>
      <trkpt lat="39.93684475310146808624267578125" lon="-105.79653848893940448760986328125">
        <ele>2651.199951171875</ele>
        <time>2026-08-01T14:08:46.000Z</time>
        <extensions>
          <ns3:TrackPointExtension>
            <ns3:atemp>15.0</ns3:atemp>
          </ns3:TrackPointExtension>
        </extensions>
      </trkpt>
      <trkpt lat="39.93710643611848354339599609375" lon="-105.7969786226749420166015625">
        <ele>2650.60009765625</ele>
        <time>2026-08-01T14:08:50.000Z</time>
        <extensions>
          <ns3:TrackPointExtension>
            <ns3:atemp>15.0</ns3:atemp>
          </ns3:TrackPointExtension>
        </extensions>
      </trkpt>
      <trkpt lat="39.93722696788609027862548828125" lon="-105.79720920883119106292724609375">
        <ele>2650.199951171875</ele>
        <time>2026-08-01T14:08:52.000Z</time>
        <extensions>
          <ns3:TrackPointExtension>
            <ns3:atemp>15.0</ns3:atemp>
          </ns3:TrackPointExtension>
        </extensions>
      </trkpt>
      <trkpt lat="39.93746652267873287200927734375" lon="-105.79768178053200244903564453125">
        <ele>2649.39990234375</ele>
        <time>2026-08-01T14:08:56.000Z</time>
        <extensions>
          <ns3:TrackPointExtension>
            <ns3:atemp>15.0</ns3:atemp>
          </ns3:TrackPointExtension>
        </extensions>
      </trkpt>
      <trkpt lat="39.93770599365234375" lon="-105.7981559447944164276123046875">
        <ele>2648.60009765625</ele>
        <time>2026-08-01T14:09:00.000Z</time>
        <extensions>
          <ns3:TrackPointExtension>
            <ns3:atemp>15.0</ns3:atemp>
          </ns3:TrackPointExtension>
        </extensions>
      </trkpt>
      <trkpt lat="39.93776542134582996368408203125" lon="-105.79827488400042057037353515625">
        <ele>2648.39990234375</ele>
        <time>2026-08-01T14:09:01.000Z</time>
        <extensions>
          <ns3:TrackPointExtension>
            <ns3:atemp>15.0</ns3:atemp>
          </ns3:TrackPointExtension>
        </extensions>
      </trkpt>
      <trkpt lat="39.9380592070519924163818359375" lon="-105.79885809682309627532958984375">
        <ele>2647.60009765625</ele>
        <time>2026-08-01T14:09:06.000Z</time>
        <extensions>
          <ns3:TrackPointExtension>
            <ns3:atemp>15.0</ns3:atemp>
          </ns3:TrackPointExtension>
        </extensions>
      </trkpt>
      <trkpt lat="39.93811679072678089141845703125" lon="-105.79897351562976837158203125">
        <ele>2647.39990234375</ele>
        <time>2026-08-01T14:09:07.000Z</time>
        <extensions>
          <ns3:TrackPointExtension>
            <ns3:atemp>15.0</ns3:atemp>
          </ns3:TrackPointExtension>
        </extensions>
      </trkpt>
      <trkpt lat="39.9383502267301082611083984375" lon="-105.7994350232183933258056640625">
        <ele>2646.800048828125</ele>
        <time>2026-08-01T14:09:11.000Z</time>
        <extensions>
          <ns3:TrackPointExtension>
            <ns3:atemp>15.0</ns3:atemp>
          </ns3:TrackPointExtension>
        </extensions>
      </trkpt>
      <trkpt lat="39.9385285936295986175537109375" lon="-105.7997734844684600830078125">
        <ele>2646.60009765625</ele>
        <time>2026-08-01T14:09:14.000Z</time>
        <extensions>
          <ns3:TrackPointExtension>
            <ns3:atemp>15.0</ns3:atemp>
          </ns3:TrackPointExtension>
        </extensions>
      </trkpt>
      <trkpt lat="39.938811399042606353759765625" lon="-105.8003385923802852630615234375">
        <ele>2645.800048828125</ele>
        <time>2026-08-01T14:09:19.000Z</time>
        <extensions>
          <ns3:TrackPointExtension>
            <ns3:atemp>15.0</ns3:atemp>
          </ns3:TrackPointExtension>
        </extensions>
      </trkpt>
      <trkpt lat="39.938928745687007904052734375" lon="-105.8005632273852825164794921875">
        <ele>2645.199951171875</ele>
        <time>2026-08-01T14:09:21.000Z</time>
        <extensions>
          <ns3:TrackPointExtension>
            <ns3:atemp>15.0</ns3:atemp>
          </ns3:TrackPointExtension>
        </extensions>
      </trkpt>
      <trkpt lat="39.9392755888402462005615234375" lon="-105.80123889259994029998779296875">
        <ele>2644.39990234375</ele>
        <time>2026-08-01T14:09:27.000Z</time>
        <extensions>
          <ns3:TrackPointExtension>
            <ns3:atemp>15.0</ns3:atemp>
          </ns3:TrackPointExtension>
        </extensions>
      </trkpt>
      <trkpt lat="39.93944549001753330230712890625" lon="-105.80158196389675140380859375">
        <ele>2644.199951171875</ele>
        <time>2026-08-01T14:09:30.000Z</time>
        <extensions>
          <ns3:TrackPointExtension>
            <ns3:atemp>15.0</ns3:atemp>
          </ns3:TrackPointExtension>
        </extensions>
      </trkpt>
      <trkpt lat="39.939748831093311309814453125" lon="-105.802180431783199310302734375">
        <ele>2643.199951171875</ele>
        <time>2026-08-01T14:09:35.000Z</time>
        <extensions>
          <ns3:TrackPointExtension>
            <ns3:atemp>15.0</ns3:atemp>
          </ns3:TrackPointExtension>
        </extensions>
      </trkpt>
      <trkpt lat="39.93991144001483917236328125" lon="-105.802500955760478973388671875">
        <ele>2642.60009765625</ele>
        <time>2026-08-01T14:09:38.000Z</time>
        <extensions>
          <ns3:TrackPointExtension>
            <ns3:atemp>15.0</ns3:atemp>
          </ns3:TrackPointExtension>
        </extensions>
      </trkpt>
      <trkpt lat="39.94023741222918033599853515625" lon="-105.803202353417873382568359375">
        <ele>2642.39990234375</ele>
        <time>2026-08-01T14:09:44.000Z</time>
        <extensions>
          <ns3:TrackPointExtension>
            <ns3:atemp>15.0</ns3:atemp>
          </ns3:TrackPointExtension>
        </extensions>
      </trkpt>
      <trkpt lat="39.940288960933685302734375" lon="-105.8033218793570995330810546875">
        <ele>2642.199951171875</ele>
        <time>2026-08-01T14:09:45.000Z</time>
        <extensions>
          <ns3:TrackPointExtension>
            <ns3:atemp>15.0</ns3:atemp>
          </ns3:TrackPointExtension>
        </extensions>
      </trkpt>
      <trkpt lat="39.9405442737042903900146484375" lon="-105.8039250411093235015869140625">
        <ele>2641.199951171875</ele>
        <time>2026-08-01T14:09:50.000Z</time>
        <extensions>
          <ns3:TrackPointExtension>
            <ns3:atemp>15.0</ns3:atemp>
          </ns3:TrackPointExtension>
        </extensions>
      </trkpt>
      <trkpt lat="39.94063572026789188385009765625" lon="-105.8041748218238353729248046875">
        <ele>2640.800048828125</ele>
        <time>2026-08-01T14:09:52.000Z</time>
        <extensions>
          <ns3:TrackPointExtension>
            <ns3:atemp>15.0</ns3:atemp>
          </ns3:TrackPointExtension>
        </extensions>
      </trkpt>
      <trkpt lat="39.94085867889225482940673828125" lon="-105.80480773933231830596923828125">
        <ele>2640</ele>
        <time>2026-08-01T14:09:57.000Z</time>
        <extensions>
          <ns3:TrackPointExtension>
            <ns3:atemp>15.0</ns3:atemp>
          </ns3:TrackPointExtension>
        </extensions>
      </trkpt>
      <trkpt lat="39.94112857617437839508056640625" lon="-105.8055528067052364349365234375">
        <ele>2639</ele>
        <time>2026-08-01T14:10:03.000Z</time>
        <extensions>
          <ns3:TrackPointExtension>
            <ns3:atemp>15.0</ns3:atemp>
          </ns3:TrackPointExtension>
        </extensions>
      </trkpt>
      <trkpt lat="39.94116939604282379150390625" lon="-105.80567610450088977813720703125">
        <ele>2638.800048828125</ele>
        <time>2026-08-01T14:10:04.000Z</time>
        <extensions>
          <ns3:TrackPointExtension>
            <ns3:atemp>15.0</ns3:atemp>
          </ns3:TrackPointExtension>
        </extensions>
      </trkpt>
      <trkpt lat="39.94121138937771320343017578125" lon="-105.8057999052107334136962890625">
        <ele>2638.60009765625</ele>
        <time>2026-08-01T14:10:05.000Z</time>
        <extensions>
          <ns3:TrackPointExtension>
            <ns3:atemp>15.0</ns3:atemp>
          </ns3:TrackPointExtension>
        </extensions>
      </trkpt>
      <trkpt lat="39.94142328388988971710205078125" lon="-105.806418992578983306884765625">
        <ele>2637.800048828125</ele>
        <time>2026-08-01T14:10:10.000Z</time>
        <extensions>
          <ns3:TrackPointExtension>
            <ns3:atemp>15.0</ns3:atemp>
          </ns3:TrackPointExtension>
        </extensions>
      </trkpt>
      <trkpt lat="39.94162931106984615325927734375" lon="-105.807033888995647430419921875">
        <ele>2636.800048828125</ele>
        <time>2026-08-01T14:10:15.000Z</time>
        <extensions>
          <ns3:TrackPointExtension>
            <ns3:atemp>15.0</ns3:atemp>
          </ns3:TrackPointExtension>
        </extensions>
      </trkpt>
      <trkpt lat="39.94171564467251300811767578125" lon="-105.80728073604404926300048828125">
        <ele>2636.60009765625</ele>
        <time>2026-08-01T14:10:17.000Z</time>
        <extensions>
          <ns3:TrackPointExtension>
            <ns3:atemp>15.0</ns3:atemp>
          </ns3:TrackPointExtension>
        </extensions>
      </trkpt>
      <trkpt lat="39.9419624917209148406982421875" lon="-105.80803292803466320037841796875">
        <ele>2635.60009765625</ele>
        <time>2026-08-01T14:10:23.000Z</time>
        <extensions>
          <ns3:TrackPointExtension>
            <ns3:atemp>15.0</ns3:atemp>
          </ns3:TrackPointExtension>
        </extensions>
      </trkpt>
      <trkpt lat="39.9421780742704868316650390625" lon="-105.80865561962127685546875">
        <ele>2635</ele>
        <time>2026-08-01T14:10:28.000Z</time>
        <extensions>
          <ns3:TrackPointExtension>
            <ns3:atemp>15.0</ns3:atemp>
          </ns3:TrackPointExtension>
        </extensions>
      </trkpt>
      <trkpt lat="39.9422702752053737640380859375" lon="-105.80890364013612270355224609375">
        <ele>2634.800048828125</ele>
        <time>2026-08-01T14:10:30.000Z</time>
        <extensions>
          <ns3:TrackPointExtension>
            <ns3:atemp>15.0</ns3:atemp>
          </ns3:TrackPointExtension>
        </extensions>
      </trkpt>
      <trkpt lat="39.9423636496067047119140625" lon="-105.80915090627968311309814453125">
        <ele>2634.199951171875</ele>
        <time>2026-08-01T14:10:32.000Z</time>
        <extensions>
          <ns3:TrackPointExtension>
            <ns3:atemp>15.0</ns3:atemp>
          </ns3:TrackPointExtension>
        </extensions>
      </trkpt>
      <trkpt lat="39.9425138533115386962890625" lon="-105.80951392650604248046875">
        <ele>2633.60009765625</ele>
        <time>2026-08-01T14:10:35.000Z</time>
        <extensions>
          <ns3:TrackPointExtension>
            <ns3:atemp>15.0</ns3:atemp>
          </ns3:TrackPointExtension>
        </extensions>
      </trkpt>
      <trkpt lat="39.94273320771753787994384765625" lon="-105.80997954122722148895263671875">
        <ele>2633</ele>
        <time>2026-08-01T14:10:39.000Z</time>
        <extensions>
          <ns3:TrackPointExtension>
            <ns3:atemp>15.0</ns3:atemp>
          </ns3:TrackPointExtension>
        </extensions>
      </trkpt>
      <trkpt lat="39.94292498566210269927978515625" lon="-105.81030325032770633697509765625">
        <ele>2632.39990234375</ele>
        <time>2026-08-01T14:10:42.000Z</time>
        <extensions>
          <ns3:TrackPointExtension>
            <ns3:atemp>15.0</ns3:atemp>
          </ns3:TrackPointExtension>
        </extensions>
      </trkpt>
      <trkpt lat="39.943190775811672210693359375" lon="-105.81072025001049041748046875">
        <ele>2631.800048828125</ele>
        <time>2026-08-01T14:10:46.000Z</time>
        <extensions>
          <ns3:TrackPointExtension>
            <ns3:atemp>15.0</ns3:atemp>
          </ns3:TrackPointExtension>
        </extensions>
      </trkpt>
      <trkpt lat="39.9433870799839496612548828125" lon="-105.81103138625621795654296875">
        <ele>2631.199951171875</ele>
        <time>2026-08-01T14:10:49.000Z</time>
        <extensions>
          <ns3:TrackPointExtension>
            <ns3:atemp>15.0</ns3:atemp>
          </ns3:TrackPointExtension>
        </extensions>
      </trkpt>
      <trkpt lat="39.94371053762733936309814453125" lon="-105.81154746003448963165283203125">
        <ele>2630.199951171875</ele>
        <time>2026-08-01T14:10:54.000Z</time>
        <extensions>
          <ns3:TrackPointExtension>
            <ns3:atemp>15.0</ns3:atemp>
          </ns3:TrackPointExtension>
        </extensions>
      </trkpt>
      <trkpt lat="39.943777509033679962158203125" lon="-105.8116477914154529571533203125">
        <ele>2630</ele>
        <time>2026-08-01T14:10:55.000Z</time>
        <extensions>
          <ns3:TrackPointExtension>
            <ns3:atemp>15.0</ns3:atemp>
          </ns3:TrackPointExtension>
        </extensions>
      </trkpt>
      <trkpt lat="39.944097697734832763671875" lon="-105.8121292479336261749267578125">
        <ele>2629.199951171875</ele>
        <time>2026-08-01T14:11:00.000Z</time>
        <extensions>
          <ns3:TrackPointExtension>
            <ns3:atemp>15.0</ns3:atemp>
          </ns3:TrackPointExtension>
        </extensions>
      </trkpt>
      <trkpt lat="39.94415092281997203826904296875" lon="-105.81221759319305419921875">
        <ele>2629</ele>
        <time>2026-08-01T14:11:01.000Z</time>
        <extensions>
          <ns3:TrackPointExtension>
            <ns3:atemp>15.0</ns3:atemp>
          </ns3:TrackPointExtension>
        </extensions>
      </trkpt>
      <trkpt lat="39.944183863699436187744140625" lon="-105.81230803392827510833740234375">
        <ele>2628.800048828125</ele>
        <time>2026-08-01T14:11:02.000Z</time>
        <extensions>
          <ns3:TrackPointExtension>
            <ns3:atemp>15.0</ns3:atemp>
          </ns3:TrackPointExtension>
        </extensions>
      </trkpt>
      <trkpt lat="39.94419652037322521209716796875" lon="-105.8124018274247646331787109375">
        <ele>2628.60009765625</ele>
        <time>2026-08-01T14:11:03.000Z</time>
        <extensions>
          <ns3:TrackPointExtension>
            <ns3:atemp>15.0</ns3:atemp>
          </ns3:TrackPointExtension>
        </extensions>
      </trkpt>
      <trkpt lat="39.94414807297289371490478515625" lon="-105.81257323734462261199951171875">
        <ele>2628.60009765625</ele>
        <time>2026-08-01T14:11:05.000Z</time>
        <extensions>
          <ns3:TrackPointExtension>
            <ns3:atemp>15.0</ns3:atemp>
          </ns3:TrackPointExtension>
        </extensions>
      </trkpt>
      <trkpt lat="39.94401329196989536285400390625" lon="-105.81266594119369983673095703125">
        <ele>2628.39990234375</ele>
        <time>2026-08-01T14:11:07.000Z</time>
        <extensions>
          <ns3:TrackPointExtension>
            <ns3:atemp>15.0</ns3:atemp>
          </ns3:TrackPointExtension>
        </extensions>
      </trkpt>
      <trkpt lat="39.94393634609878063201904296875" lon="-105.8126797713339328765869140625">
        <ele>2628.39990234375</ele>
        <time>2026-08-01T14:11:08.000Z</time>
        <extensions>
          <ns3:TrackPointExtension>
            <ns3:atemp>15.0</ns3:atemp>
          </ns3:TrackPointExtension>
        </extensions>
      </trkpt>
      <trkpt lat="39.94369327090680599212646484375" lon="-105.8126620016992092132568359375">
        <ele>2628</ele>
        <time>2026-08-01T14:11:11.000Z</time>
        <extensions>
          <ns3:TrackPointExtension>
            <ns3:atemp>15.0</ns3:atemp>
          </ns3:TrackPointExtension>
        </extensions>
      </trkpt>
      <trkpt lat="39.943375177681446075439453125" lon="-105.812643058598041534423828125">
        <ele>2628</ele>
        <time>2026-08-01T14:11:15.000Z</time>
        <extensions>
          <ns3:TrackPointExtension>
            <ns3:atemp>15.0</ns3:atemp>
          </ns3:TrackPointExtension>
        </extensions>
      </trkpt>
      <trkpt lat="39.9427708424627780914306640625" lon="-105.81262453459203243255615234375">
        <ele>2628</ele>
        <time>2026-08-01T14:11:23.000Z</time>
        <extensions>
          <ns3:TrackPointExtension>
            <ns3:atemp>15.0</ns3:atemp>
          </ns3:TrackPointExtension>
        </extensions>
      </trkpt>
      <trkpt lat="39.94262374006211757659912109375" lon="-105.81261162646114826202392578125">
        <ele>2628</ele>
        <time>2026-08-01T14:11:25.000Z</time>
        <extensions>
          <ns3:TrackPointExtension>
            <ns3:atemp>15.0</ns3:atemp>
          </ns3:TrackPointExtension>
        </extensions>
      </trkpt>
      <trkpt lat="39.94210808537900447845458984375" lon="-105.81260911189019680023193359375">
        <ele>2628.39990234375</ele>
        <time>2026-08-01T14:11:32.000Z</time>
        <extensions>
          <ns3:TrackPointExtension>
            <ns3:atemp>15.0</ns3:atemp>
          </ns3:TrackPointExtension>
        </extensions>
      </trkpt>
      <trkpt lat="39.94153811596333980560302734375" lon="-105.81259083934128284454345703125">
        <ele>2628.800048828125</ele>
        <time>2026-08-01T14:11:40.000Z</time>
        <extensions>
          <ns3:TrackPointExtension>
            <ns3:atemp>15.0</ns3:atemp>
          </ns3:TrackPointExtension>
        </extensions>
      </trkpt>
      <trkpt lat="39.941397048532962799072265625" lon="-105.81259201280772686004638671875">
        <ele>2629</ele>
        <time>2026-08-01T14:11:42.000Z</time>
        <extensions>
          <ns3:TrackPointExtension>
            <ns3:atemp>15.0</ns3:atemp>
          </ns3:TrackPointExtension>
        </extensions>
      </trkpt>
      <trkpt lat="39.9411259777843952178955078125" lon="-105.812595449388027191162109375">
        <ele>2629.60009765625</ele>
        <time>2026-08-01T14:11:46.000Z</time>
        <extensions>
          <ns3:TrackPointExtension>
            <ns3:atemp>15.0</ns3:atemp>
          </ns3:TrackPointExtension>
        </extensions>
      </trkpt>
      <trkpt lat="39.9408535659313201904296875" lon="-105.8126318268477916717529296875">
        <ele>2630</ele>
        <time>2026-08-01T14:11:50.000Z</time>
        <extensions>
          <ns3:TrackPointExtension>
            <ns3:atemp>15.0</ns3:atemp>
          </ns3:TrackPointExtension>
        </extensions>
      </trkpt>
      <trkpt lat="39.94051485322415828704833984375" lon="-105.8127595670521259307861328125">
        <ele>2630.60009765625</ele>
        <time>2026-08-01T14:11:55.000Z</time>
        <extensions>
          <ns3:TrackPointExtension>
            <ns3:atemp>15.0</ns3:atemp>
          </ns3:TrackPointExtension>
        </extensions>
      </trkpt>
      <trkpt lat="39.9403833411633968353271484375" lon="-105.81282000057399272918701171875">
        <ele>2630.800048828125</ele>
        <time>2026-08-01T14:11:57.000Z</time>
        <extensions>
          <ns3:TrackPointExtension>
            <ns3:atemp>15.0</ns3:atemp>
          </ns3:TrackPointExtension>
        </extensions>
      </trkpt>
      <trkpt lat="39.94031913578510284423828125" lon="-105.81285621039569377899169921875">
        <ele>2631</ele>
        <time>2026-08-01T14:11:58.000Z</time>
        <extensions>
          <ns3:TrackPointExtension>
            <ns3:atemp>15.0</ns3:atemp>
          </ns3:TrackPointExtension>
        </extensions>
      </trkpt>
      <trkpt lat="39.94019248522818088531494140625" lon="-105.8129627443850040435791015625">
        <ele>2631.199951171875</ele>
        <time>2026-08-01T14:12:00.000Z</time>
        <extensions>
          <ns3:TrackPointExtension>
            <ns3:atemp>15.0</ns3:atemp>
          </ns3:TrackPointExtension>
        </extensions>
      </trkpt>
      <trkpt lat="39.9401540122926235198974609375" lon="-105.81301152706146240234375">
        <ele>2631.199951171875</ele>
        <time>2026-08-01T14:12:01.000Z</time>
        <extensions>
          <ns3:TrackPointExtension>
            <ns3:atemp>15.0</ns3:atemp>
          </ns3:TrackPointExtension>
        </extensions>
      </trkpt>
      <trkpt lat="39.940112940967082977294921875" lon="-105.813073217868804931640625">
        <ele>2631.199951171875</ele>
        <time>2026-08-01T14:12:02.000Z</time>
        <extensions>
          <ns3:TrackPointExtension>
            <ns3:atemp>15.0</ns3:atemp>
          </ns3:TrackPointExtension>
        </extensions>
      </trkpt>
      <trkpt lat="39.94004957377910614013671875" lon="-105.8132128603756427764892578125">
        <ele>2631.39990234375</ele>
        <time>2026-08-01T14:12:04.000Z</time>
        <extensions>
          <ns3:TrackPointExtension>
            <ns3:atemp>15.0</ns3:atemp>
          </ns3:TrackPointExtension>
        </extensions>
      </trkpt>
      <trkpt lat="39.9400269426405429840087890625" lon="-105.8132918179035186767578125">
        <ele>2631.39990234375</ele>
        <time>2026-08-01T14:12:05.000Z</time>
        <extensions>
          <ns3:TrackPointExtension>
            <ns3:atemp>15.0</ns3:atemp>
          </ns3:TrackPointExtension>
        </extensions>
      </trkpt>
      <trkpt lat="39.93999567814171314239501953125" lon="-105.81346574239432811737060546875">
        <ele>2631.60009765625</ele>
        <time>2026-08-01T14:12:07.000Z</time>
        <extensions>
          <ns3:TrackPointExtension>
            <ns3:atemp>15.0</ns3:atemp>
          </ns3:TrackPointExtension>
        </extensions>
      </trkpt>
      <trkpt lat="39.93997673504054546356201171875" lon="-105.8137466199696063995361328125">
        <ele>2632</ele>
        <time>2026-08-01T14:12:10.000Z</time>
        <extensions>
          <ns3:TrackPointExtension>
            <ns3:atemp>15.0</ns3:atemp>
          </ns3:TrackPointExtension>
        </extensions>
      </trkpt>
      <trkpt lat="39.93999131955206394195556640625" lon="-105.81447123549878597259521484375">
        <ele>2631.800048828125</ele>
        <time>2026-08-01T14:12:18.000Z</time>
        <extensions>
          <ns3:TrackPointExtension>
            <ns3:atemp>15.0</ns3:atemp>
          </ns3:TrackPointExtension>
        </extensions>
      </trkpt>
      <trkpt lat="39.9399937503039836883544921875" lon="-105.8145616762340068817138671875">
        <ele>2631.800048828125</ele>
        <time>2026-08-01T14:12:19.000Z</time>
        <extensions>
          <ns3:TrackPointExtension>
            <ns3:atemp>15.0</ns3:atemp>
          </ns3:TrackPointExtension>
        </extensions>
      </trkpt>
      <trkpt lat="39.9400033056735992431640625" lon="-105.81511278636753559112548828125">
        <ele>2632.800048828125</ele>
        <time>2026-08-01T14:12:25.000Z</time>
        <extensions>
          <ns3:TrackPointExtension>
            <ns3:atemp>15.0</ns3:atemp>
          </ns3:TrackPointExtension>
        </extensions>
      </trkpt>
      <trkpt lat="39.9400048144161701202392578125" lon="-105.81548678688704967498779296875">
        <ele>2633.199951171875</ele>
        <time>2026-08-01T14:12:29.000Z</time>
        <extensions>
          <ns3:TrackPointExtension>
            <ns3:atemp>15.0</ns3:atemp>
          </ns3:TrackPointExtension>
        </extensions>
      </trkpt>
      <trkpt lat="39.94000397622585296630859375" lon="-105.8162404038012027740478515625">
        <ele>2634</ele>
        <time>2026-08-01T14:12:37.000Z</time>
        <extensions>
          <ns3:TrackPointExtension>
            <ns3:atemp>15.0</ns3:atemp>
          </ns3:TrackPointExtension>
        </extensions>
      </trkpt>
      <trkpt lat="39.93999995291233062744140625" lon="-105.8165180124342441558837890625">
        <ele>2634</ele>
        <time>2026-08-01T14:12:40.000Z</time>
        <extensions>
          <ns3:TrackPointExtension>
            <ns3:atemp>15.0</ns3:atemp>
          </ns3:TrackPointExtension>
        </extensions>
      </trkpt>
      <trkpt lat="39.9399947561323642730712890625" lon="-105.8168043382465839385986328125">
        <ele>2634</ele>
        <time>2026-08-01T14:12:43.000Z</time>
        <extensions>
          <ns3:TrackPointExtension>
            <ns3:atemp>15.0</ns3:atemp>
          </ns3:TrackPointExtension>
        </extensions>
      </trkpt>
      <trkpt lat="39.939989559352397918701171875" lon="-105.8173835277557373046875">
        <ele>2634.199951171875</ele>
        <time>2026-08-01T14:12:49.000Z</time>
        <extensions>
          <ns3:TrackPointExtension>
            <ns3:atemp>15.0</ns3:atemp>
          </ns3:TrackPointExtension>
        </extensions>
      </trkpt>
      <trkpt lat="39.9400064907968044281005859375" lon="-105.81814183853566646575927734375">
        <ele>2634.60009765625</ele>
        <time>2026-08-01T14:12:57.000Z</time>
        <extensions>
          <ns3:TrackPointExtension>
            <ns3:atemp>15.0</ns3:atemp>
          </ns3:TrackPointExtension>
        </extensions>
      </trkpt>
      <trkpt lat="39.94000665843486785888671875" lon="-105.81823454238474369049072265625">
        <ele>2634.800048828125</ele>
        <time>2026-08-01T14:12:58.000Z</time>
        <extensions>
          <ns3:TrackPointExtension>
            <ns3:atemp>15.0</ns3:atemp>
          </ns3:TrackPointExtension>
        </extensions>
      </trkpt>
      <trkpt lat="39.94000288657844066619873046875" lon="-105.81869604997336864471435546875">
        <ele>2635</ele>
        <time>2026-08-01T14:13:03.000Z</time>
        <extensions>
          <ns3:TrackPointExtension>
            <ns3:atemp>15.0</ns3:atemp>
          </ns3:TrackPointExtension>
        </extensions>
      </trkpt>
      <trkpt lat="39.939999617636203765869140625" lon="-105.81888145767152309417724609375">
        <ele>2635.199951171875</ele>
        <time>2026-08-01T14:13:05.000Z</time>
        <extensions>
          <ns3:TrackPointExtension>
            <ns3:atemp>15.0</ns3:atemp>
          </ns3:TrackPointExtension>
        </extensions>
      </trkpt>
      <trkpt lat="39.9400054849684238433837890625" lon="-105.81959123723208904266357421875">
        <ele>2636.199951171875</ele>
        <time>2026-08-01T14:13:13.000Z</time>
        <extensions>
          <ns3:TrackPointExtension>
            <ns3:atemp>15.0</ns3:atemp>
          </ns3:TrackPointExtension>
        </extensions>
      </trkpt>
      <trkpt lat="39.94000908918678760528564453125" lon="-105.819935984909534454345703125">
        <ele>2636.199951171875</ele>
        <time>2026-08-01T14:13:17.000Z</time>
        <extensions>
          <ns3:TrackPointExtension>
            <ns3:atemp>15.0</ns3:atemp>
          </ns3:TrackPointExtension>
        </extensions>
      </trkpt>
      <trkpt lat="39.94003742001950740814208984375" lon="-105.8203656412661075592041015625">
        <ele>2637</ele>
        <time>2026-08-01T14:13:22.000Z</time>
        <extensions>
          <ns3:TrackPointExtension>
            <ns3:atemp>15.0</ns3:atemp>
          </ns3:TrackPointExtension>
        </extensions>
      </trkpt>
      <trkpt lat="39.94007715024054050445556640625" lon="-105.8206278271973133087158203125">
        <ele>2637.199951171875</ele>
        <time>2026-08-01T14:13:25.000Z</time>
        <extensions>
          <ns3:TrackPointExtension>
            <ns3:atemp>15.0</ns3:atemp>
          </ns3:TrackPointExtension>
        </extensions>
      </trkpt>
      <trkpt lat="39.94018460623919963836669921875" lon="-105.821055471897125244140625">
        <ele>2637.60009765625</ele>
        <time>2026-08-01T14:13:30.000Z</time>
        <extensions>
          <ns3:TrackPointExtension>
            <ns3:atemp>15.0</ns3:atemp>
          </ns3:TrackPointExtension>
        </extensions>
      </trkpt>
      <trkpt lat="39.940426088869571685791015625" lon="-105.8216249383985996246337890625">
        <ele>2637.60009765625</ele>
        <time>2026-08-01T14:13:37.000Z</time>
        <extensions>
          <ns3:TrackPointExtension>
            <ns3:atemp>15.0</ns3:atemp>
          </ns3:TrackPointExtension>
        </extensions>
      </trkpt>
      <trkpt lat="39.9406586028635501861572265625" lon="-105.82199583761394023895263671875">
        <ele>2638</ele>
        <time>2026-08-01T14:13:42.000Z</time>
        <extensions>
          <ns3:TrackPointExtension>
            <ns3:atemp>15.0</ns3:atemp>
          </ns3:TrackPointExtension>
        </extensions>
      </trkpt>
      <trkpt lat="39.94071736000478267669677734375" lon="-105.8220787346363067626953125">
        <ele>2638</ele>
        <time>2026-08-01T14:13:43.000Z</time>
        <extensions>
          <ns3:TrackPointExtension>
            <ns3:atemp>15.0</ns3:atemp>
          </ns3:TrackPointExtension>
        </extensions>
      </trkpt>
      <trkpt lat="39.941050708293914794921875" lon="-105.82244209013879299163818359375">
        <ele>2638.39990234375</ele>
        <time>2026-08-01T14:13:49.000Z</time>
        <extensions>
          <ns3:TrackPointExtension>
            <ns3:atemp>15.0</ns3:atemp>
          </ns3:TrackPointExtension>
        </extensions>
      </trkpt>
      <trkpt lat="39.9411164224147796630859375" lon="-105.8224963210523128509521484375">
        <ele>2638.39990234375</ele>
        <time>2026-08-01T14:13:50.000Z</time>
        <extensions>
          <ns3:TrackPointExtension>
            <ns3:atemp>15.0</ns3:atemp>
          </ns3:TrackPointExtension>
        </extensions>
      </trkpt>
      <trkpt lat="39.94163450784981250762939453125" lon="-105.8228148333728313446044921875">
        <ele>2638.60009765625</ele>
        <time>2026-08-01T14:13:57.000Z</time>
        <extensions>
          <ns3:TrackPointExtension>
            <ns3:atemp>15.0</ns3:atemp>
          </ns3:TrackPointExtension>
        </extensions>
      </trkpt>
      <trkpt lat="39.942150413990020751953125" lon="-105.82296092994511127471923828125">
        <ele>2638</ele>
        <time>2026-08-01T14:14:03.000Z</time>
        <extensions>
          <ns3:TrackPointExtension>
            <ns3:atemp>15.0</ns3:atemp>
          </ns3:TrackPointExtension>
        </extensions>
      </trkpt>
      <trkpt lat="39.94274192489683628082275390625" lon="-105.822995714843273162841796875">
        <ele>2637.39990234375</ele>
        <time>2026-08-01T14:14:10.000Z</time>
        <extensions>
          <ns3:TrackPointExtension>
            <ns3:atemp>15.0</ns3:atemp>
          </ns3:TrackPointExtension>
        </extensions>
      </trkpt>
      <trkpt lat="39.94329580105841159820556640625" lon="-105.8229905180633068084716796875">
        <ele>2636.800048828125</ele>
        <time>2026-08-01T14:14:16.000Z</time>
        <extensions>
          <ns3:TrackPointExtension>
            <ns3:atemp>15.0</ns3:atemp>
          </ns3:TrackPointExtension>
        </extensions>
      </trkpt>
      <trkpt lat="39.94336771778762340545654296875" lon="-105.8229908533394336700439453125">
        <ele>2636.60009765625</ele>
        <time>2026-08-01T14:14:17.000Z</time>
        <extensions>
          <ns3:TrackPointExtension>
            <ns3:atemp>15.0</ns3:atemp>
          </ns3:TrackPointExtension>
        </extensions>
      </trkpt>
      <trkpt lat="39.94354641996324062347412109375" lon="-105.82299546338617801666259765625">
        <ele>2636.39990234375</ele>
        <time>2026-08-01T14:14:19.000Z</time>
        <extensions>
          <ns3:TrackPointExtension>
            <ns3:atemp>14.0</ns3:atemp>
          </ns3:TrackPointExtension>
        </extensions>
      </trkpt>
      <trkpt lat="39.9439731426537036895751953125" lon="-105.82300786860287189483642578125">
        <ele>2635.800048828125</ele>
        <time>2026-08-01T14:14:24.000Z</time>
        <extensions>
          <ns3:TrackPointExtension>
            <ns3:atemp>14.0</ns3:atemp>
          </ns3:TrackPointExtension>
        </extensions>
      </trkpt>
      <trkpt lat="39.944462142884731292724609375" lon="-105.82300401292741298675537109375">
        <ele>2635.199951171875</ele>
        <time>2026-08-01T14:14:30.000Z</time>
        <extensions>
          <ns3:TrackPointExtension>
            <ns3:atemp>14.0</ns3:atemp>
          </ns3:TrackPointExtension>
        </extensions>
      </trkpt>
      <trkpt lat="39.9445196427404880523681640625" lon="-105.82300568930804729461669921875">
        <ele>2635.199951171875</ele>
        <time>2026-08-01T14:14:31.000Z</time>
        <extensions>
          <ns3:TrackPointExtension>
            <ns3:atemp>14.0</ns3:atemp>
          </ns3:TrackPointExtension>
        </extensions>
      </trkpt>
      <trkpt lat="39.9445709399878978729248046875" lon="-105.82301951944828033447265625">
        <ele>2635</ele>
        <time>2026-08-01T14:14:32.000Z</time>
        <extensions>
          <ns3:TrackPointExtension>
            <ns3:atemp>15.0</ns3:atemp>
          </ns3:TrackPointExtension>
        </extensions>
      </trkpt>
      <trkpt lat="39.944640509784221649169921875" lon="-105.82309336401522159576416015625">
        <ele>2634.60009765625</ele>
        <time>2026-08-01T14:14:34.000Z</time>
        <extensions>
          <ns3:TrackPointExtension>
            <ns3:atemp>15.0</ns3:atemp>
          </ns3:TrackPointExtension>
        </extensions>
      </trkpt>
      <trkpt lat="39.944677054882049560546875" lon="-105.82322739064693450927734375">
        <ele>2634.39990234375</ele>
        <time>2026-08-01T14:14:36.000Z</time>
        <extensions>
          <ns3:TrackPointExtension>
            <ns3:atemp>14.0</ns3:atemp>
          </ns3:TrackPointExtension>
        </extensions>
      </trkpt>
      <trkpt lat="39.94467965327203273773193359375" lon="-105.82329436205327510833740234375">
        <ele>2634.199951171875</ele>
        <time>2026-08-01T14:14:37.000Z</time>
        <extensions>
          <ns3:TrackPointExtension>
            <ns3:atemp>14.0</ns3:atemp>
          </ns3:TrackPointExtension>
        </extensions>
      </trkpt>
      <trkpt lat="39.94466439820826053619384765625" lon="-105.8235313184559345245361328125">
        <ele>2634.199951171875</ele>
        <time>2026-08-01T14:14:40.000Z</time>
        <extensions>
          <ns3:TrackPointExtension>
            <ns3:atemp>14.0</ns3:atemp>
          </ns3:TrackPointExtension>
        </extensions>
      </trkpt>
      <trkpt lat="39.94466154836118221282958984375" lon="-105.823642127215862274169921875">
        <ele>2634.199951171875</ele>
        <time>2026-08-01T14:14:41.000Z</time>
        <extensions>
          <ns3:TrackPointExtension>
            <ns3:atemp>14.0</ns3:atemp>
          </ns3:TrackPointExtension>
        </extensions>
      </trkpt>
      <trkpt lat="39.94465568102896213531494140625" lon="-105.82409910857677459716796875">
        <ele>2634</ele>
        <time>2026-08-01T14:14:46.000Z</time>
        <extensions>
          <ns3:TrackPointExtension>
            <ns3:atemp>15.0</ns3:atemp>
          </ns3:TrackPointExtension>
        </extensions>
      </trkpt>
      <trkpt lat="39.94465400464832782745361328125" lon="-105.82478097639977931976318359375">
        <ele>2634.60009765625</ele>
        <time>2026-08-01T14:14:53.000Z</time>
        <extensions>
          <ns3:TrackPointExtension>
            <ns3:atemp>14.0</ns3:atemp>
          </ns3:TrackPointExtension>
        </extensions>
      </trkpt>
      <trkpt lat="39.94464193470776081085205078125" lon="-105.8255044184625148773193359375">
        <ele>2635</ele>
        <time>2026-08-01T14:15:01.000Z</time>
        <extensions>
          <ns3:TrackPointExtension>
            <ns3:atemp>14.0</ns3:atemp>
          </ns3:TrackPointExtension>
        </extensions>
      </trkpt>
      <trkpt lat="39.94463690556585788726806640625" lon="-105.8257018961012363433837890625">
        <ele>2635.39990234375</ele>
        <time>2026-08-01T14:15:03.000Z</time>
        <extensions>
          <ns3:TrackPointExtension>
            <ns3:atemp>14.0</ns3:atemp>
          </ns3:TrackPointExtension>
        </extensions>
      </trkpt>
      <trkpt lat="39.94463606737554073333740234375" lon="-105.82632794044911861419677734375">
        <ele>2635.800048828125</ele>
        <time>2026-08-01T14:15:10.000Z</time>
        <extensions>
          <ns3:TrackPointExtension>
            <ns3:atemp>14.0</ns3:atemp>
          </ns3:TrackPointExtension>
        </extensions>
      </trkpt>
      <trkpt lat="39.9446379952132701873779296875" lon="-105.8269511349499225616455078125">
        <ele>2636.60009765625</ele>
        <time>2026-08-01T14:15:17.000Z</time>
        <extensions>
          <ns3:TrackPointExtension>
            <ns3:atemp>14.0</ns3:atemp>
          </ns3:TrackPointExtension>
        </extensions>
      </trkpt>
      <trkpt lat="39.94463288225233554840087890625" lon="-105.827246345579624176025390625">
        <ele>2637.199951171875</ele>
        <time>2026-08-01T14:15:20.000Z</time>
        <extensions>
          <ns3:TrackPointExtension>
            <ns3:atemp>14.0</ns3:atemp>
          </ns3:TrackPointExtension>
        </extensions>
      </trkpt>
      <trkpt lat="39.94463673792779445648193359375" lon="-105.827616490423679351806640625">
        <ele>2637.800048828125</ele>
        <time>2026-08-01T14:15:24.000Z</time>
        <extensions>
          <ns3:TrackPointExtension>
            <ns3:atemp>14.0</ns3:atemp>
          </ns3:TrackPointExtension>
        </extensions>
      </trkpt>
      <trkpt lat="39.94463908486068248748779296875" lon="-105.82796777598559856414794921875">
        <ele>2638.199951171875</ele>
        <time>2026-08-01T14:15:28.000Z</time>
        <extensions>
          <ns3:TrackPointExtension>
            <ns3:atemp>14.0</ns3:atemp>
          </ns3:TrackPointExtension>
        </extensions>
      </trkpt>
      <trkpt lat="39.944636821746826171875" lon="-105.828511007130146026611328125">
        <ele>2638.800048828125</ele>
        <time>2026-08-01T14:15:34.000Z</time>
        <extensions>
          <ns3:TrackPointExtension>
            <ns3:atemp>14.0</ns3:atemp>
          </ns3:TrackPointExtension>
        </extensions>
      </trkpt>
      <trkpt lat="39.94463791139423847198486328125" lon="-105.8288715966045856475830078125">
        <ele>2639</ele>
        <time>2026-08-01T14:15:38.000Z</time>
        <extensions>
          <ns3:TrackPointExtension>
            <ns3:atemp>14.0</ns3:atemp>
          </ns3:TrackPointExtension>
        </extensions>
      </trkpt>
      <trkpt lat="39.944634139537811279296875" lon="-105.82961599342525005340576171875">
        <ele>2639.800048828125</ele>
        <time>2026-08-01T14:15:46.000Z</time>
        <extensions>
          <ns3:TrackPointExtension>
            <ns3:atemp>14.0</ns3:atemp>
          </ns3:TrackPointExtension>
        </extensions>
      </trkpt>
      <trkpt lat="39.94463388808071613311767578125" lon="-105.82970551215112209320068359375">
        <ele>2640</ele>
        <time>2026-08-01T14:15:47.000Z</time>
        <extensions>
          <ns3:TrackPointExtension>
            <ns3:atemp>14.0</ns3:atemp>
          </ns3:TrackPointExtension>
        </extensions>
      </trkpt>
      <trkpt lat="39.94462315924465656280517578125" lon="-105.83025704137980937957763671875">
        <ele>2641</ele>
        <time>2026-08-01T14:15:54.000Z</time>
        <extensions>
          <ns3:TrackPointExtension>
            <ns3:atemp>14.0</ns3:atemp>
          </ns3:TrackPointExtension>
        </extensions>
      </trkpt>
      <trkpt lat="39.9446118436753749847412109375" lon="-105.83048989064991474151611328125">
        <ele>2642</ele>
        <time>2026-08-01T14:15:57.000Z</time>
        <extensions>
          <ns3:TrackPointExtension>
            <ns3:atemp>14.0</ns3:atemp>
          </ns3:TrackPointExtension>
        </extensions>
      </trkpt>
      <trkpt lat="39.94460639543831348419189453125" lon="-105.83054739050567150115966796875">
        <ele>2642</ele>
        <time>2026-08-01T14:15:58.000Z</time>
        <extensions>
          <ns3:TrackPointExtension>
            <ns3:atemp>14.0</ns3:atemp>
          </ns3:TrackPointExtension>
        </extensions>
      </trkpt>
      <trkpt lat="39.94458384811878204345703125" lon="-105.830685608088970184326171875">
        <ele>2642.60009765625</ele>
        <time>2026-08-01T14:16:00.000Z</time>
        <extensions>
          <ns3:TrackPointExtension>
            <ns3:atemp>14.0</ns3:atemp>
          </ns3:TrackPointExtension>
        </extensions>
      </trkpt>
      <trkpt lat="39.94453825056552886962890625" lon="-105.8308239094913005828857421875">
        <ele>2643.39990234375</ele>
        <time>2026-08-01T14:16:02.000Z</time>
        <extensions>
          <ns3:TrackPointExtension>
            <ns3:atemp>14.0</ns3:atemp>
          </ns3:TrackPointExtension>
        </extensions>
      </trkpt>
      <trkpt lat="39.944441020488739013671875" lon="-105.83104426972568035125732421875">
        <ele>2644.60009765625</ele>
        <time>2026-08-01T14:16:06.000Z</time>
        <extensions>
          <ns3:TrackPointExtension>
            <ns3:atemp>14.0</ns3:atemp>
          </ns3:TrackPointExtension>
        </extensions>
      </trkpt>
      <trkpt lat="39.94430615566670894622802734375" lon="-105.83127669990062713623046875">
        <ele>2646</ele>
        <time>2026-08-01T14:16:11.000Z</time>
        <extensions>
          <ns3:TrackPointExtension>
            <ns3:atemp>14.0</ns3:atemp>
          </ns3:TrackPointExtension>
        </extensions>
      </trkpt>
      <trkpt lat="39.9442524276673793792724609375" lon="-105.8313871733844280242919921875">
        <ele>2646.800048828125</ele>
        <time>2026-08-01T14:16:13.000Z</time>
        <extensions>
          <ns3:TrackPointExtension>
            <ns3:atemp>14.0</ns3:atemp>
          </ns3:TrackPointExtension>
        </extensions>
      </trkpt>
      <trkpt lat="39.94422887451946735382080078125" lon="-105.831435620784759521484375">
        <ele>2647</ele>
        <time>2026-08-01T14:16:14.000Z</time>
        <extensions>
          <ns3:TrackPointExtension>
            <ns3:atemp>14.0</ns3:atemp>
          </ns3:TrackPointExtension>
        </extensions>
      </trkpt>
      <trkpt lat="39.9441151320934295654296875" lon="-105.8316708169877529144287109375">
        <ele>2648</ele>
        <time>2026-08-01T14:16:19.000Z</time>
        <extensions>
          <ns3:TrackPointExtension>
            <ns3:atemp>14.0</ns3:atemp>
          </ns3:TrackPointExtension>
        </extensions>
      </trkpt>
      <trkpt lat="39.9440700374543666839599609375" lon="-105.83175404928624629974365234375">
        <ele>2648.60009765625</ele>
        <time>2026-08-01T14:16:21.000Z</time>
        <extensions>
          <ns3:TrackPointExtension>
            <ns3:atemp>14.0</ns3:atemp>
          </ns3:TrackPointExtension>
        </extensions>
      </trkpt>
      <trkpt lat="39.944044053554534912109375" lon="-105.83179771900177001953125">
        <ele>2649</ele>
        <time>2026-08-01T14:16:22.000Z</time>
        <extensions>
          <ns3:TrackPointExtension>
            <ns3:atemp>14.0</ns3:atemp>
          </ns3:TrackPointExtension>
        </extensions>
      </trkpt>
      <trkpt lat="39.94394087232649326324462890625" lon="-105.83196862600743770599365234375">
        <ele>2650.199951171875</ele>
        <time>2026-08-01T14:16:26.000Z</time>
        <extensions>
          <ns3:TrackPointExtension>
            <ns3:atemp>14.0</ns3:atemp>
          </ns3:TrackPointExtension>
        </extensions>
      </trkpt>
      <trkpt lat="39.94384598918259143829345703125" lon="-105.83210558630526065826416015625">
        <ele>2650.800048828125</ele>
        <time>2026-08-01T14:16:29.000Z</time>
        <extensions>
          <ns3:TrackPointExtension>
            <ns3:atemp>14.0</ns3:atemp>
          </ns3:TrackPointExtension>
        </extensions>
      </trkpt>
      <trkpt lat="39.9437659420073032379150390625" lon="-105.83223424851894378662109375">
        <ele>2651.39990234375</ele>
        <time>2026-08-01T14:16:32.000Z</time>
        <extensions>
          <ns3:TrackPointExtension>
            <ns3:atemp>14.0</ns3:atemp>
          </ns3:TrackPointExtension>
        </extensions>
      </trkpt>
      <trkpt lat="39.94361112825572490692138671875" lon="-105.8324727974832057952880859375">
        <ele>2652.199951171875</ele>
        <time>2026-08-01T14:16:37.000Z</time>
        <extensions>
          <ns3:TrackPointExtension>
            <ns3:atemp>14.0</ns3:atemp>
          </ns3:TrackPointExtension>
        </extensions>
      </trkpt>
      <trkpt lat="39.9435168318450450897216796875" lon="-105.832637585699558258056640625">
        <ele>2652.39990234375</ele>
        <time>2026-08-01T14:16:40.000Z</time>
        <extensions>
          <ns3:TrackPointExtension>
            <ns3:atemp>14.0</ns3:atemp>
          </ns3:TrackPointExtension>
        </extensions>
      </trkpt>
      <trkpt lat="39.9433428235352039337158203125" lon="-105.83293455652892589569091796875">
        <ele>2653</ele>
        <time>2026-08-01T14:16:46.000Z</time>
        <extensions>
          <ns3:TrackPointExtension>
            <ns3:atemp>14.0</ns3:atemp>
          </ns3:TrackPointExtension>
        </extensions>
      </trkpt>
      <trkpt lat="39.94317476637661457061767578125" lon="-105.83320680074393749237060546875">
        <ele>2653.60009765625</ele>
        <time>2026-08-01T14:16:51.000Z</time>
        <extensions>
          <ns3:TrackPointExtension>
            <ns3:atemp>14.0</ns3:atemp>
          </ns3:TrackPointExtension>
        </extensions>
      </trkpt>
      <trkpt lat="39.9430293403565883636474609375" lon="-105.8334541507065296173095703125">
        <ele>2654</ele>
        <time>2026-08-01T14:16:55.000Z</time>
        <extensions>
          <ns3:TrackPointExtension>
            <ns3:atemp>14.0</ns3:atemp>
          </ns3:TrackPointExtension>
        </extensions>
      </trkpt>
      <trkpt lat="39.9428938888013362884521484375" lon="-105.83367266692221164703369140625">
        <ele>2654.60009765625</ele>
        <time>2026-08-01T14:16:59.000Z</time>
        <extensions>
          <ns3:TrackPointExtension>
            <ns3:atemp>14.0</ns3:atemp>
          </ns3:TrackPointExtension>
        </extensions>
      </trkpt>
      <trkpt lat="39.94268677197396755218505859375" lon="-105.834030993282794952392578125">
        <ele>2655.39990234375</ele>
        <time>2026-08-01T14:17:05.000Z</time>
        <extensions>
          <ns3:TrackPointExtension>
            <ns3:atemp>14.0</ns3:atemp>
          </ns3:TrackPointExtension>
        </extensions>
      </trkpt>
      <trkpt lat="39.9426189623773097991943359375" lon="-105.834148339927196502685546875">
        <ele>2655.60009765625</ele>
        <time>2026-08-01T14:17:07.000Z</time>
        <extensions>
          <ns3:TrackPointExtension>
            <ns3:atemp>14.0</ns3:atemp>
          </ns3:TrackPointExtension>
        </extensions>
      </trkpt>
      <trkpt lat="39.9423457123339176177978515625" lon="-105.834605656564235687255859375">
        <ele>2656.60009765625</ele>
        <time>2026-08-01T14:17:15.000Z</time>
        <extensions>
          <ns3:TrackPointExtension>
            <ns3:atemp>14.0</ns3:atemp>
          </ns3:TrackPointExtension>
        </extensions>
      </trkpt>
      <trkpt lat="39.9423061497509479522705078125" lon="-105.83467639982700347900390625">
        <ele>2656.800048828125</ele>
        <time>2026-08-01T14:17:16.000Z</time>
        <extensions>
          <ns3:TrackPointExtension>
            <ns3:atemp>14.0</ns3:atemp>
          </ns3:TrackPointExtension>
        </extensions>
      </trkpt>
      <trkpt lat="39.94205963797867298126220703125" lon="-105.8351013623178005218505859375">
        <ele>2657.199951171875</ele>
        <time>2026-08-01T14:17:23.000Z</time>
        <extensions>
          <ns3:TrackPointExtension>
            <ns3:atemp>15.0</ns3:atemp>
          </ns3:TrackPointExtension>
        </extensions>
      </trkpt>
      <trkpt lat="39.94184556417167186737060546875" lon="-105.83546689711511135101318359375">
        <ele>2658</ele>
        <time>2026-08-01T14:17:29.000Z</time>
        <extensions>
          <ns3:TrackPointExtension>
            <ns3:atemp>15.0</ns3:atemp>
          </ns3:TrackPointExtension>
        </extensions>
      </trkpt>
      <trkpt lat="39.9417722225189208984375" lon="-105.835592709481716156005859375">
        <ele>2658</ele>
        <time>2026-08-01T14:17:31.000Z</time>
        <extensions>
          <ns3:TrackPointExtension>
            <ns3:atemp>15.0</ns3:atemp>
          </ns3:TrackPointExtension>
        </extensions>
      </trkpt>
      <trkpt lat="39.94147340767085552215576171875" lon="-105.8360946178436279296875">
        <ele>2658.39990234375</ele>
        <time>2026-08-01T14:17:39.000Z</time>
        <extensions>
          <ns3:TrackPointExtension>
            <ns3:atemp>15.0</ns3:atemp>
          </ns3:TrackPointExtension>
        </extensions>
      </trkpt>
      <trkpt lat="39.94128582067787647247314453125" lon="-105.8364444784820079803466796875">
        <ele>2659</ele>
        <time>2026-08-01T14:17:45.000Z</time>
        <extensions>
          <ns3:TrackPointExtension>
            <ns3:atemp>15.0</ns3:atemp>
          </ns3:TrackPointExtension>
        </extensions>
      </trkpt>
      <trkpt lat="39.94122211821377277374267578125" lon="-105.83655687980353832244873046875">
        <ele>2659.199951171875</ele>
        <time>2026-08-01T14:17:47.000Z</time>
        <extensions>
          <ns3:TrackPointExtension>
            <ns3:atemp>15.0</ns3:atemp>
          </ns3:TrackPointExtension>
        </extensions>
      </trkpt>
      <trkpt lat="39.94097267277538776397705078125" lon="-105.83695753477513790130615234375">
        <ele>2660</ele>
        <time>2026-08-01T14:17:54.000Z</time>
        <extensions>
          <ns3:TrackPointExtension>
            <ns3:atemp>15.0</ns3:atemp>
          </ns3:TrackPointExtension>
        </extensions>
      </trkpt>
      <trkpt lat="39.94092590175569057464599609375" lon="-105.83702274598181247711181640625">
        <ele>2660</ele>
        <time>2026-08-01T14:17:55.000Z</time>
        <extensions>
          <ns3:TrackPointExtension>
            <ns3:atemp>15.0</ns3:atemp>
          </ns3:TrackPointExtension>
        </extensions>
      </trkpt>
      <trkpt lat="39.94068215601146221160888671875" lon="-105.837416611611843109130859375">
        <ele>2660.60009765625</ele>
        <time>2026-08-01T14:18:02.000Z</time>
        <extensions>
          <ns3:TrackPointExtension>
            <ns3:atemp>15.0</ns3:atemp>
          </ns3:TrackPointExtension>
        </extensions>
      </trkpt>
      <trkpt lat="39.940357692539691925048828125" lon="-105.8380072005093097686767578125">
        <ele>2661</ele>
        <time>2026-08-01T14:18:12.000Z</time>
        <extensions>
          <ns3:TrackPointExtension>
            <ns3:atemp>15.0</ns3:atemp>
          </ns3:TrackPointExtension>
        </extensions>
      </trkpt>
      <trkpt lat="39.940322153270244598388671875" lon="-105.8380648680031299591064453125">
        <ele>2661.199951171875</ele>
        <time>2026-08-01T14:18:13.000Z</time>
        <extensions>
          <ns3:TrackPointExtension>
            <ns3:atemp>15.0</ns3:atemp>
          </ns3:TrackPointExtension>
        </extensions>
      </trkpt>
      <trkpt lat="39.94001076556742191314697265625" lon="-105.83859871141612529754638671875">
        <ele>2661.800048828125</ele>
        <time>2026-08-01T14:18:21.000Z</time>
        <extensions>
          <ns3:TrackPointExtension>
            <ns3:atemp>15.0</ns3:atemp>
          </ns3:TrackPointExtension>
        </extensions>
      </trkpt>
      <trkpt lat="39.93997673504054546356201171875" lon="-105.8386576361954212188720703125">
        <ele>2661.800048828125</ele>
        <time>2026-08-01T14:18:22.000Z</time>
        <extensions>
          <ns3:TrackPointExtension>
            <ns3:atemp>15.0</ns3:atemp>
          </ns3:TrackPointExtension>
        </extensions>
      </trkpt>
      <trkpt lat="39.9396665208041667938232421875" lon="-105.83918628282845020294189453125">
        <ele>2661.39990234375</ele>
        <time>2026-08-01T14:18:29.000Z</time>
        <extensions>
          <ns3:TrackPointExtension>
            <ns3:atemp>15.0</ns3:atemp>
          </ns3:TrackPointExtension>
        </extensions>
      </trkpt>
      <trkpt lat="39.93945303373038768768310546875" lon="-105.83955089561641216278076171875">
        <ele>2662</ele>
        <time>2026-08-01T14:18:34.000Z</time>
        <extensions>
          <ns3:TrackPointExtension>
            <ns3:atemp>15.0</ns3:atemp>
          </ns3:TrackPointExtension>
        </extensions>
      </trkpt>
      <trkpt lat="39.93941724300384521484375" lon="-105.83961292169988155364990234375">
        <ele>2662.60009765625</ele>
        <time>2026-08-01T14:18:35.000Z</time>
        <extensions>
          <ns3:TrackPointExtension>
            <ns3:atemp>15.0</ns3:atemp>
          </ns3:TrackPointExtension>
        </extensions>
      </trkpt>
      <trkpt lat="39.93930802680552005767822265625" lon="-105.839776955544948577880859375">
        <ele>2663.60009765625</ele>
        <time>2026-08-01T14:18:38.000Z</time>
        <extensions>
          <ns3:TrackPointExtension>
            <ns3:atemp>15.0</ns3:atemp>
          </ns3:TrackPointExtension>
        </extensions>
      </trkpt>
      <trkpt lat="39.939274080097675323486328125" lon="-105.8398307673633098602294921875">
        <ele>2664</ele>
        <time>2026-08-01T14:18:39.000Z</time>
        <extensions>
          <ns3:TrackPointExtension>
            <ns3:atemp>15.0</ns3:atemp>
          </ns3:TrackPointExtension>
        </extensions>
      </trkpt>
      <trkpt lat="39.93915329687297344207763671875" lon="-105.8400414884090423583984375">
        <ele>2665.39990234375</ele>
        <time>2026-08-01T14:18:43.000Z</time>
        <extensions>
          <ns3:TrackPointExtension>
            <ns3:atemp>15.0</ns3:atemp>
          </ns3:TrackPointExtension>
        </extensions>
      </trkpt>
      <trkpt lat="39.93912211619317531585693359375" lon="-105.8400919474661350250244140625">
        <ele>2666</ele>
        <time>2026-08-01T14:18:44.000Z</time>
        <extensions>
          <ns3:TrackPointExtension>
            <ns3:atemp>15.0</ns3:atemp>
          </ns3:TrackPointExtension>
        </extensions>
      </trkpt>
      <trkpt lat="39.93909336626529693603515625" lon="-105.84014408290386199951171875">
        <ele>2666.199951171875</ele>
        <time>2026-08-01T14:18:45.000Z</time>
        <extensions>
          <ns3:TrackPointExtension>
            <ns3:atemp>15.0</ns3:atemp>
          </ns3:TrackPointExtension>
        </extensions>
      </trkpt>
      <trkpt lat="39.9390351958572864532470703125" lon="-105.84024659357964992523193359375">
        <ele>2666.39990234375</ele>
        <time>2026-08-01T14:18:47.000Z</time>
        <extensions>
          <ns3:TrackPointExtension>
            <ns3:atemp>15.0</ns3:atemp>
          </ns3:TrackPointExtension>
        </extensions>
      </trkpt>
      <trkpt lat="39.9388484470546245574951171875" lon="-105.84056259132921695709228515625">
        <ele>2667.39990234375</ele>
        <time>2026-08-01T14:18:53.000Z</time>
        <extensions>
          <ns3:TrackPointExtension>
            <ns3:atemp>15.0</ns3:atemp>
          </ns3:TrackPointExtension>
        </extensions>
      </trkpt>
      <trkpt lat="39.9388236366212368011474609375" lon="-105.8406025730073451995849609375">
        <ele>2667.60009765625</ele>
        <time>2026-08-01T14:18:54.000Z</time>
        <extensions>
          <ns3:TrackPointExtension>
            <ns3:atemp>15.0</ns3:atemp>
          </ns3:TrackPointExtension>
        </extensions>
      </trkpt>
      <trkpt lat="39.93860746733844280242919921875" lon="-105.84097246639430522918701171875">
        <ele>2668.39990234375</ele>
        <time>2026-08-01T14:19:01.000Z</time>
        <extensions>
          <ns3:TrackPointExtension>
            <ns3:atemp>15.0</ns3:atemp>
          </ns3:TrackPointExtension>
        </extensions>
      </trkpt>
      <trkpt lat="39.93857569992542266845703125" lon="-105.84102309308946132659912109375">
        <ele>2668.60009765625</ele>
        <time>2026-08-01T14:19:02.000Z</time>
        <extensions>
          <ns3:TrackPointExtension>
            <ns3:atemp>15.0</ns3:atemp>
          </ns3:TrackPointExtension>
        </extensions>
      </trkpt>
      <trkpt lat="39.9383116699755191802978515625" lon="-105.84144235588610172271728515625">
        <ele>2669</ele>
        <time>2026-08-01T14:19:10.000Z</time>
        <extensions>
          <ns3:TrackPointExtension>
            <ns3:atemp>15.0</ns3:atemp>
          </ns3:TrackPointExtension>
        </extensions>
      </trkpt>
      <trkpt lat="39.93817630223929882049560546875" lon="-105.84166179411113262176513671875">
        <ele>2669.60009765625</ele>
        <time>2026-08-01T14:19:14.000Z</time>
        <extensions>
          <ns3:TrackPointExtension>
            <ns3:atemp>15.0</ns3:atemp>
          </ns3:TrackPointExtension>
        </extensions>
      </trkpt>
      <trkpt lat="39.93801838718354701995849609375" lon="-105.84193152375519275665283203125">
        <ele>2670.39990234375</ele>
        <time>2026-08-01T14:19:19.000Z</time>
        <extensions>
          <ns3:TrackPointExtension>
            <ns3:atemp>15.0</ns3:atemp>
          </ns3:TrackPointExtension>
        </extensions>
      </trkpt>
      <trkpt lat="39.9379562772810459136962890625" lon="-105.84203847683966159820556640625">
        <ele>2670.60009765625</ele>
        <time>2026-08-01T14:19:21.000Z</time>
        <extensions>
          <ns3:TrackPointExtension>
            <ns3:atemp>15.0</ns3:atemp>
          </ns3:TrackPointExtension>
        </extensions>
      </trkpt>
      <trkpt lat="39.93776424787938594818115234375" lon="-105.84235246293246746063232421875">
        <ele>2671.199951171875</ele>
        <time>2026-08-01T14:19:27.000Z</time>
        <extensions>
          <ns3:TrackPointExtension>
            <ns3:atemp>15.0</ns3:atemp>
          </ns3:TrackPointExtension>
        </extensions>
      </trkpt>
      <trkpt lat="39.93756174109876155853271484375" lon="-105.84268790669739246368408203125">
        <ele>2671.800048828125</ele>
        <time>2026-08-01T14:19:33.000Z</time>
        <extensions>
          <ns3:TrackPointExtension>
            <ns3:atemp>15.0</ns3:atemp>
          </ns3:TrackPointExtension>
        </extensions>
      </trkpt>
      <trkpt lat="39.93752553127706050872802734375" lon="-105.84274113178253173828125">
        <ele>2672</ele>
        <time>2026-08-01T14:19:34.000Z</time>
        <extensions>
          <ns3:TrackPointExtension>
            <ns3:atemp>15.0</ns3:atemp>
          </ns3:TrackPointExtension>
        </extensions>
      </trkpt>
      <trkpt lat="39.9372164905071258544921875" lon="-105.843256451189517974853515625">
        <ele>2672.800048828125</ele>
        <time>2026-08-01T14:19:43.000Z</time>
        <extensions>
          <ns3:TrackPointExtension>
            <ns3:atemp>15.0</ns3:atemp>
          </ns3:TrackPointExtension>
        </extensions>
      </trkpt>
      <trkpt lat="39.9371479265391826629638671875" lon="-105.84337639622390270233154296875">
        <ele>2673</ele>
        <time>2026-08-01T14:19:45.000Z</time>
        <extensions>
          <ns3:TrackPointExtension>
            <ns3:atemp>15.0</ns3:atemp>
          </ns3:TrackPointExtension>
        </extensions>
      </trkpt>
      <trkpt lat="39.93693150579929351806640625" lon="-105.84374494850635528564453125">
        <ele>2674</ele>
        <time>2026-08-01T14:19:51.000Z</time>
        <extensions>
          <ns3:TrackPointExtension>
            <ns3:atemp>15.0</ns3:atemp>
          </ns3:TrackPointExtension>
        </extensions>
      </trkpt>
      <trkpt lat="39.93687459267675876617431640625" lon="-105.843849889934062957763671875">
        <ele>2674.199951171875</ele>
        <time>2026-08-01T14:19:53.000Z</time>
        <extensions>
          <ns3:TrackPointExtension>
            <ns3:atemp>15.0</ns3:atemp>
          </ns3:TrackPointExtension>
        </extensions>
      </trkpt>
      <trkpt lat="39.93667661212384700775146484375" lon="-105.84419497288763523101806640625">
        <ele>2674.60009765625</ele>
        <time>2026-08-01T14:19:59.000Z</time>
        <extensions>
          <ns3:TrackPointExtension>
            <ns3:atemp>15.0</ns3:atemp>
          </ns3:TrackPointExtension>
        </extensions>
      </trkpt>
      <trkpt lat="39.93664610199630260467529296875" lon="-105.84425582550466060638427734375">
        <ele>2674.800048828125</ele>
        <time>2026-08-01T14:20:00.000Z</time>
        <extensions>
          <ns3:TrackPointExtension>
            <ns3:atemp>16.0</ns3:atemp>
          </ns3:TrackPointExtension>
        </extensions>
      </trkpt>
      <trkpt lat="39.9365142546594142913818359375" lon="-105.84449755959212779998779296875">
        <ele>2675.199951171875</ele>
        <time>2026-08-01T14:20:04.000Z</time>
        <extensions>
          <ns3:TrackPointExtension>
            <ns3:atemp>16.0</ns3:atemp>
          </ns3:TrackPointExtension>
        </extensions>
      </trkpt>
      <trkpt lat="39.93626992218196392059326171875" lon="-105.84490299224853515625">
        <ele>2676</ele>
        <time>2026-08-01T14:20:11.000Z</time>
        <extensions>
          <ns3:TrackPointExtension>
            <ns3:atemp>16.0</ns3:atemp>
          </ns3:TrackPointExtension>
        </extensions>
      </trkpt>
      <trkpt lat="39.93613095022737979888916015625" lon="-105.8451398648321628570556640625">
        <ele>2676.60009765625</ele>
        <time>2026-08-01T14:20:15.000Z</time>
        <extensions>
          <ns3:TrackPointExtension>
            <ns3:atemp>16.0</ns3:atemp>
          </ns3:TrackPointExtension>
        </extensions>
      </trkpt>
      <trkpt lat="39.936030618846416473388671875" lon="-105.8453128673136234283447265625">
        <ele>2677.199951171875</ele>
        <time>2026-08-01T14:20:18.000Z</time>
        <extensions>
          <ns3:TrackPointExtension>
            <ns3:atemp>16.0</ns3:atemp>
          </ns3:TrackPointExtension>
        </extensions>
      </trkpt>
      <trkpt lat="39.93589751422405242919921875" lon="-105.84553641267120838165283203125">
        <ele>2677.800048828125</ele>
        <time>2026-08-01T14:20:22.000Z</time>
        <extensions>
          <ns3:TrackPointExtension>
            <ns3:atemp>16.0</ns3:atemp>
          </ns3:TrackPointExtension>
        </extensions>
      </trkpt>
      <trkpt lat="39.93583423085510730743408203125" lon="-105.84564738906919956207275390625">
        <ele>2678.199951171875</ele>
        <time>2026-08-01T14:20:24.000Z</time>
        <extensions>
          <ns3:TrackPointExtension>
            <ns3:atemp>16.0</ns3:atemp>
          </ns3:TrackPointExtension>
        </extensions>
      </trkpt>
      <trkpt lat="39.9357662536203861236572265625" lon="-105.84575526416301727294921875">
        <ele>2678.60009765625</ele>
        <time>2026-08-01T14:20:26.000Z</time>
        <extensions>
          <ns3:TrackPointExtension>
            <ns3:atemp>16.0</ns3:atemp>
          </ns3:TrackPointExtension>
        </extensions>
      </trkpt>
      <trkpt lat="39.93562954477965831756591796875" lon="-105.845980234444141387939453125">
        <ele>2679.199951171875</ele>
        <time>2026-08-01T14:20:30.000Z</time>
        <extensions>
          <ns3:TrackPointExtension>
            <ns3:atemp>16.0</ns3:atemp>
          </ns3:TrackPointExtension>
        </extensions>
      </trkpt>
      <trkpt lat="39.9354913271963596343994140625" lon="-105.84620453417301177978515625">
        <ele>2680.39990234375</ele>
        <time>2026-08-01T14:20:34.000Z</time>
        <extensions>
          <ns3:TrackPointExtension>
            <ns3:atemp>16.0</ns3:atemp>
          </ns3:TrackPointExtension>
        </extensions>
      </trkpt>
      <trkpt lat="39.93535034358501434326171875" lon="-105.8464300073683261871337890625">
        <ele>2680.800048828125</ele>
        <time>2026-08-01T14:20:38.000Z</time>
        <extensions>
          <ns3:TrackPointExtension>
            <ns3:atemp>16.0</ns3:atemp>
          </ns3:TrackPointExtension>
        </extensions>
      </trkpt>
      <trkpt lat="39.9351493455469608306884765625" lon="-105.84680132567882537841796875">
        <ele>2681.39990234375</ele>
        <time>2026-08-01T14:20:44.000Z</time>
        <extensions>
          <ns3:TrackPointExtension>
            <ns3:atemp>16.0</ns3:atemp>
          </ns3:TrackPointExtension>
        </extensions>
      </trkpt>
      <trkpt lat="39.93504549376666545867919921875" lon="-105.84698296152055263519287109375">
        <ele>2681.800048828125</ele>
        <time>2026-08-01T14:20:47.000Z</time>
        <extensions>
          <ns3:TrackPointExtension>
            <ns3:atemp>16.0</ns3:atemp>
          </ns3:TrackPointExtension>
        </extensions>
      </trkpt>
      <trkpt lat="39.9348492734134197235107421875" lon="-105.8473375998437404632568359375">
        <ele>2682.60009765625</ele>
        <time>2026-08-01T14:20:53.000Z</time>
        <extensions>
          <ns3:TrackPointExtension>
            <ns3:atemp>16.0</ns3:atemp>
          </ns3:TrackPointExtension>
        </extensions>
      </trkpt>
      <trkpt lat="39.93458591401576995849609375" lon="-105.84783288650214672088623046875">
        <ele>2683.199951171875</ele>
        <time>2026-08-01T14:21:01.000Z</time>
        <extensions>
          <ns3:TrackPointExtension>
            <ns3:atemp>16.0</ns3:atemp>
          </ns3:TrackPointExtension>
        </extensions>
      </trkpt>
      <trkpt lat="39.93444635532796382904052734375" lon="-105.8480866067111492156982421875">
        <ele>2683.60009765625</ele>
        <time>2026-08-01T14:21:05.000Z</time>
        <extensions>
          <ns3:TrackPointExtension>
            <ns3:atemp>16.0</ns3:atemp>
          </ns3:TrackPointExtension>
        </extensions>
      </trkpt>
      <trkpt lat="39.9342606961727142333984375" lon="-105.84844593890011310577392578125">
        <ele>2684.60009765625</ele>
        <time>2026-08-01T14:21:11.000Z</time>
        <extensions>
          <ns3:TrackPointExtension>
            <ns3:atemp>16.0</ns3:atemp>
          </ns3:TrackPointExtension>
        </extensions>
      </trkpt>
      <trkpt lat="39.93401150219142436981201171875" lon="-105.8489479310810565948486328125">
        <ele>2685.39990234375</ele>
        <time>2026-08-01T14:21:19.000Z</time>
        <extensions>
          <ns3:TrackPointExtension>
            <ns3:atemp>16.0</ns3:atemp>
          </ns3:TrackPointExtension>
        </extensions>
      </trkpt>
      <trkpt lat="39.933972693979740142822265625" lon="-105.84901959635317325592041015625">
        <ele>2685.39990234375</ele>
        <time>2026-08-01T14:21:20.000Z</time>
        <extensions>
          <ns3:TrackPointExtension>
            <ns3:atemp>16.0</ns3:atemp>
          </ns3:TrackPointExtension>
        </extensions>
      </trkpt>
      <trkpt lat="39.933915697038173675537109375" lon="-105.84912805818021297454833984375">
        <ele>2685.60009765625</ele>
        <time>2026-08-01T14:21:22.000Z</time>
        <extensions>
          <ns3:TrackPointExtension>
            <ns3:atemp>16.0</ns3:atemp>
          </ns3:TrackPointExtension>
        </extensions>
      </trkpt>
      <trkpt lat="39.93372567929327487945556640625" lon="-105.849502645432949066162109375">
        <ele>2686.800048828125</ele>
        <time>2026-08-01T14:21:28.000Z</time>
        <extensions>
          <ns3:TrackPointExtension>
            <ns3:atemp>16.0</ns3:atemp>
          </ns3:TrackPointExtension>
        </extensions>
      </trkpt>
      <trkpt lat="39.93368712253868579864501953125" lon="-105.84957716055214405059814453125">
        <ele>2687</ele>
        <time>2026-08-01T14:21:29.000Z</time>
        <extensions>
          <ns3:TrackPointExtension>
            <ns3:atemp>16.0</ns3:atemp>
          </ns3:TrackPointExtension>
        </extensions>
      </trkpt>
      <trkpt lat="39.933529458940029144287109375" lon="-105.84988988935947418212890625">
        <ele>2688</ele>
        <time>2026-08-01T14:21:34.000Z</time>
        <extensions>
          <ns3:TrackPointExtension>
            <ns3:atemp>16.0</ns3:atemp>
          </ns3:TrackPointExtension>
        </extensions>
      </trkpt>
      <trkpt lat="39.93337221443653106689453125" lon="-105.85020328871905803680419921875">
        <ele>2688.199951171875</ele>
        <time>2026-08-01T14:21:39.000Z</time>
        <extensions>
          <ns3:TrackPointExtension>
            <ns3:atemp>16.0</ns3:atemp>
          </ns3:TrackPointExtension>
        </extensions>
      </trkpt>
      <trkpt lat="39.9331953562796115875244140625" lon="-105.85056270472705364227294921875">
        <ele>2689</ele>
        <time>2026-08-01T14:21:45.000Z</time>
        <extensions>
          <ns3:TrackPointExtension>
            <ns3:atemp>16.0</ns3:atemp>
          </ns3:TrackPointExtension>
        </extensions>
      </trkpt>
      <trkpt lat="39.93309854529798030853271484375" lon="-105.8507507108151912689208984375">
        <ele>2689.199951171875</ele>
        <time>2026-08-01T14:21:48.000Z</time>
        <extensions>
          <ns3:TrackPointExtension>
            <ns3:atemp>16.0</ns3:atemp>
          </ns3:TrackPointExtension>
        </extensions>
      </trkpt>
      <trkpt lat="39.9327809549868106842041015625" lon="-105.85139301605522632598876953125">
        <ele>2690.199951171875</ele>
        <time>2026-08-01T14:21:57.000Z</time>
        <extensions>
          <ns3:TrackPointExtension>
            <ns3:atemp>16.0</ns3:atemp>
          </ns3:TrackPointExtension>
        </extensions>
      </trkpt>
      <trkpt lat="39.9325816333293914794921875" lon="-105.8518108539283275604248046875">
        <ele>2691</ele>
        <time>2026-08-01T14:22:03.000Z</time>
        <extensions>
          <ns3:TrackPointExtension>
            <ns3:atemp>16.0</ns3:atemp>
          </ns3:TrackPointExtension>
        </extensions>
      </trkpt>
      <trkpt lat="39.93248297832906246185302734375" lon="-105.8520009554922580718994140625">
        <ele>2691.199951171875</ele>
        <time>2026-08-01T14:22:06.000Z</time>
        <extensions>
          <ns3:TrackPointExtension>
            <ns3:atemp>17.0</ns3:atemp>
          </ns3:TrackPointExtension>
        </extensions>
      </trkpt>
      <trkpt lat="39.93220838718116283416748046875" lon="-105.8525424264371395111083984375">
        <ele>2691.60009765625</ele>
        <time>2026-08-01T14:22:14.000Z</time>
        <extensions>
          <ns3:TrackPointExtension>
            <ns3:atemp>17.0</ns3:atemp>
          </ns3:TrackPointExtension>
        </extensions>
      </trkpt>
      <trkpt lat="39.93197369389235973358154296875" lon="-105.8530037663877010345458984375">
        <ele>2692.199951171875</ele>
        <time>2026-08-01T14:22:21.000Z</time>
        <extensions>
          <ns3:TrackPointExtension>
            <ns3:atemp>17.0</ns3:atemp>
          </ns3:TrackPointExtension>
        </extensions>
      </trkpt>
      <trkpt lat="39.9319521524012088775634765625" lon="-105.85305355489253997802734375">
        <ele>2692.199951171875</ele>
        <time>2026-08-01T14:22:22.000Z</time>
        <extensions>
          <ns3:TrackPointExtension>
            <ns3:atemp>17.0</ns3:atemp>
          </ns3:TrackPointExtension>
        </extensions>
      </trkpt>
      <trkpt lat="39.93176967836916446685791015625" lon="-105.8534191735088825225830078125">
        <ele>2693</ele>
        <time>2026-08-01T14:22:28.000Z</time>
        <extensions>
          <ns3:TrackPointExtension>
            <ns3:atemp>17.0</ns3:atemp>
          </ns3:TrackPointExtension>
        </extensions>
      </trkpt>
      <trkpt lat="39.9317506514489650726318359375" lon="-105.85346468724310398101806640625">
        <ele>2693</ele>
        <time>2026-08-01T14:22:29.000Z</time>
        <extensions>
          <ns3:TrackPointExtension>
            <ns3:atemp>17.0</ns3:atemp>
          </ns3:TrackPointExtension>
        </extensions>
      </trkpt>
      <trkpt lat="39.93172190152108669281005859375" lon="-105.85352436639368534088134765625">
        <ele>2693.199951171875</ele>
        <time>2026-08-01T14:22:30.000Z</time>
        <extensions>
          <ns3:TrackPointExtension>
            <ns3:atemp>17.0</ns3:atemp>
          </ns3:TrackPointExtension>
        </extensions>
      </trkpt>
      <trkpt lat="39.93169122375547885894775390625" lon="-105.85358622483909130096435546875">
        <ele>2693.39990234375</ele>
        <time>2026-08-01T14:22:31.000Z</time>
        <extensions>
          <ns3:TrackPointExtension>
            <ns3:atemp>17.0</ns3:atemp>
          </ns3:TrackPointExtension>
        </extensions>
      </trkpt>
      <trkpt lat="39.931564070284366607666015625" lon="-105.85383030585944652557373046875">
        <ele>2694.39990234375</ele>
        <time>2026-08-01T14:22:35.000Z</time>
        <extensions>
          <ns3:TrackPointExtension>
            <ns3:atemp>17.0</ns3:atemp>
          </ns3:TrackPointExtension>
        </extensions>
      </trkpt>
      <trkpt lat="39.931523837149143218994140625" lon="-105.85390255786478519439697265625">
        <ele>2694.39990234375</ele>
        <time>2026-08-01T14:22:36.000Z</time>
        <extensions>
          <ns3:TrackPointExtension>
            <ns3:atemp>17.0</ns3:atemp>
          </ns3:TrackPointExtension>
        </extensions>
      </trkpt>
      <trkpt lat="39.9312839470803737640380859375" lon="-105.8543830923736095428466796875">
        <ele>2695.199951171875</ele>
        <time>2026-08-01T14:22:44.000Z</time>
        <extensions>
          <ns3:TrackPointExtension>
            <ns3:atemp>17.0</ns3:atemp>
          </ns3:TrackPointExtension>
        </extensions>
      </trkpt>
      <trkpt lat="39.93125259876251220703125" lon="-105.85444293916225433349609375">
        <ele>2695.39990234375</ele>
        <time>2026-08-01T14:22:45.000Z</time>
        <extensions>
          <ns3:TrackPointExtension>
            <ns3:atemp>17.0</ns3:atemp>
          </ns3:TrackPointExtension>
        </extensions>
      </trkpt>
      <trkpt lat="39.931083619594573974609375" lon="-105.85479120723903179168701171875">
        <ele>2696.60009765625</ele>
        <time>2026-08-01T14:22:51.000Z</time>
        <extensions>
          <ns3:TrackPointExtension>
            <ns3:atemp>17.0</ns3:atemp>
          </ns3:TrackPointExtension>
        </extensions>
      </trkpt>
      <trkpt lat="39.93102821521461009979248046875" lon="-105.85490754805505275726318359375">
        <ele>2696.800048828125</ele>
        <time>2026-08-01T14:22:53.000Z</time>
        <extensions>
          <ns3:TrackPointExtension>
            <ns3:atemp>17.0</ns3:atemp>
          </ns3:TrackPointExtension>
        </extensions>
      </trkpt>
      <trkpt lat="39.93088203482329845428466796875" lon="-105.85518565960228443145751953125">
        <ele>2697.60009765625</ele>
        <time>2026-08-01T14:22:58.000Z</time>
        <extensions>
          <ns3:TrackPointExtension>
            <ns3:atemp>17.0</ns3:atemp>
          </ns3:TrackPointExtension>
        </extensions>
      </trkpt>
      <trkpt lat="39.93073166348040103912353515625" lon="-105.85547315888106822967529296875">
        <ele>2698.199951171875</ele>
        <time>2026-08-01T14:23:03.000Z</time>
        <extensions>
          <ns3:TrackPointExtension>
            <ns3:atemp>17.0</ns3:atemp>
          </ns3:TrackPointExtension>
        </extensions>
      </trkpt>
      <trkpt lat="39.9305691383779048919677734375" lon="-105.855756215751171112060546875">
        <ele>2698.800048828125</ele>
        <time>2026-08-01T14:23:08.000Z</time>
        <extensions>
          <ns3:TrackPointExtension>
            <ns3:atemp>17.0</ns3:atemp>
          </ns3:TrackPointExtension>
        </extensions>
      </trkpt>
      <trkpt lat="39.9304236285388469696044921875" lon="-105.8559684455394744873046875">
        <ele>2699.199951171875</ele>
        <time>2026-08-01T14:23:12.000Z</time>
        <extensions>
          <ns3:TrackPointExtension>
            <ns3:atemp>17.0</ns3:atemp>
          </ns3:TrackPointExtension>
        </extensions>
      </trkpt>
      <trkpt lat="39.93016890250146389007568359375" lon="-105.85634370334446430206298828125">
        <ele>2699.800048828125</ele>
        <time>2026-08-01T14:23:19.000Z</time>
        <extensions>
          <ns3:TrackPointExtension>
            <ns3:atemp>17.0</ns3:atemp>
          </ns3:TrackPointExtension>
        </extensions>
      </trkpt>
      <trkpt lat="39.92978819645941257476806640625" lon="-105.85688509047031402587890625">
        <ele>2700.800048828125</ele>
        <time>2026-08-01T14:23:29.000Z</time>
        <extensions>
          <ns3:TrackPointExtension>
            <ns3:atemp>17.0</ns3:atemp>
          </ns3:TrackPointExtension>
        </extensions>
      </trkpt>
      <trkpt lat="39.92972365580499172210693359375" lon="-105.8569808118045330047607421875">
        <ele>2700.800048828125</ele>
        <time>2026-08-01T14:23:31.000Z</time>
        <extensions>
          <ns3:TrackPointExtension>
            <ns3:atemp>17.0</ns3:atemp>
          </ns3:TrackPointExtension>
        </extensions>
      </trkpt>
      <trkpt lat="39.929537661373615264892578125" lon="-105.85726839490234851837158203125">
        <ele>2701.199951171875</ele>
        <time>2026-08-01T14:23:36.000Z</time>
        <extensions>
          <ns3:TrackPointExtension>
            <ns3:atemp>17.0</ns3:atemp>
          </ns3:TrackPointExtension>
        </extensions>
      </trkpt>
      <trkpt lat="39.92925225757062435150146484375" lon="-105.85767692886292934417724609375">
        <ele>2701.39990234375</ele>
        <time>2026-08-01T14:23:43.000Z</time>
        <extensions>
          <ns3:TrackPointExtension>
            <ns3:atemp>17.0</ns3:atemp>
          </ns3:TrackPointExtension>
        </extensions>
      </trkpt>
      <trkpt lat="39.92920942604541778564453125" lon="-105.8577345125377178192138671875">
        <ele>2701.39990234375</ele>
        <time>2026-08-01T14:23:44.000Z</time>
        <extensions>
          <ns3:TrackPointExtension>
            <ns3:atemp>17.0</ns3:atemp>
          </ns3:TrackPointExtension>
        </extensions>
      </trkpt>
      <trkpt lat="39.92894665338099002838134765625" lon="-105.8580805175006389617919921875">
        <ele>2701.60009765625</ele>
        <time>2026-08-01T14:23:50.000Z</time>
        <extensions>
          <ns3:TrackPointExtension>
            <ns3:atemp>17.0</ns3:atemp>
          </ns3:TrackPointExtension>
        </extensions>
      </trkpt>
      <trkpt lat="39.92885495536029338836669921875" lon="-105.85820046253502368927001953125">
        <ele>2701.60009765625</ele>
        <time>2026-08-01T14:23:52.000Z</time>
        <extensions>
          <ns3:TrackPointExtension>
            <ns3:atemp>17.0</ns3:atemp>
          </ns3:TrackPointExtension>
        </extensions>
      </trkpt>
      <trkpt lat="39.92859997786581516265869140625" lon="-105.85856121964752674102783203125">
        <ele>2701.60009765625</ele>
        <time>2026-08-01T14:23:58.000Z</time>
        <extensions>
          <ns3:TrackPointExtension>
            <ns3:atemp>17.0</ns3:atemp>
          </ns3:TrackPointExtension>
        </extensions>
      </trkpt>
      <trkpt lat="39.92852688767015933990478515625" lon="-105.8586853556334972381591796875">
        <ele>2701.800048828125</ele>
        <time>2026-08-01T14:24:00.000Z</time>
        <extensions>
          <ns3:TrackPointExtension>
            <ns3:atemp>17.0</ns3:atemp>
          </ns3:TrackPointExtension>
        </extensions>
      </trkpt>
      <trkpt lat="39.9283435754477977752685546875" lon="-105.8590202964842319488525390625">
        <ele>2702.39990234375</ele>
        <time>2026-08-01T14:24:06.000Z</time>
        <extensions>
          <ns3:TrackPointExtension>
            <ns3:atemp>17.0</ns3:atemp>
          </ns3:TrackPointExtension>
        </extensions>
      </trkpt>
      <trkpt lat="39.92829655297100543975830078125" lon="-105.85911358706653118133544921875">
        <ele>2702.800048828125</ele>
        <time>2026-08-01T14:24:08.000Z</time>
        <extensions>
          <ns3:TrackPointExtension>
            <ns3:atemp>17.0</ns3:atemp>
          </ns3:TrackPointExtension>
        </extensions>
      </trkpt>
      <trkpt lat="39.92816898040473461151123046875" lon="-105.85936420597136020660400390625">
        <ele>2703.60009765625</ele>
        <time>2026-08-01T14:24:13.000Z</time>
        <extensions>
          <ns3:TrackPointExtension>
            <ns3:atemp>17.0</ns3:atemp>
          </ns3:TrackPointExtension>
        </extensions>
      </trkpt>
      <trkpt lat="39.928122460842132568359375" lon="-105.8594655431807041168212890625">
        <ele>2703.800048828125</ele>
        <time>2026-08-01T14:24:15.000Z</time>
        <extensions>
          <ns3:TrackPointExtension>
            <ns3:atemp>17.0</ns3:atemp>
          </ns3:TrackPointExtension>
        </extensions>
      </trkpt>
      <trkpt lat="39.9280019290745258331298828125" lon="-105.85971205495297908782958984375">
        <ele>2704.800048828125</ele>
        <time>2026-08-01T14:24:20.000Z</time>
        <extensions>
          <ns3:TrackPointExtension>
            <ns3:atemp>17.0</ns3:atemp>
          </ns3:TrackPointExtension>
        </extensions>
      </trkpt>
      <trkpt lat="39.927977956831455230712890625" lon="-105.859760753810405731201171875">
        <ele>2705</ele>
        <time>2026-08-01T14:24:21.000Z</time>
        <extensions>
          <ns3:TrackPointExtension>
            <ns3:atemp>17.0</ns3:atemp>
          </ns3:TrackPointExtension>
        </extensions>
      </trkpt>
      <trkpt lat="39.92786538787186145782470703125" lon="-105.86001246236264705657958984375">
        <ele>2706.199951171875</ele>
        <time>2026-08-01T14:24:26.000Z</time>
        <extensions>
          <ns3:TrackPointExtension>
            <ns3:atemp>17.0</ns3:atemp>
          </ns3:TrackPointExtension>
        </extensions>
      </trkpt>
      <trkpt lat="39.9278453551232814788818359375" lon="-105.86006593890488147735595703125">
        <ele>2706.39990234375</ele>
        <time>2026-08-01T14:24:27.000Z</time>
        <extensions>
          <ns3:TrackPointExtension>
            <ns3:atemp>17.0</ns3:atemp>
          </ns3:TrackPointExtension>
        </extensions>
      </trkpt>
      <trkpt lat="39.9277152679860591888427734375" lon="-105.8603815175592899322509765625">
        <ele>2707.199951171875</ele>
        <time>2026-08-01T14:24:33.000Z</time>
        <extensions>
          <ns3:TrackPointExtension>
            <ns3:atemp>17.0</ns3:atemp>
          </ns3:TrackPointExtension>
        </extensions>
      </trkpt>
      <trkpt lat="39.92763002403080463409423828125" lon="-105.86057689972221851348876953125">
        <ele>2708</ele>
        <time>2026-08-01T14:24:37.000Z</time>
        <extensions>
          <ns3:TrackPointExtension>
            <ns3:atemp>17.0</ns3:atemp>
          </ns3:TrackPointExtension>
        </extensions>
      </trkpt>
      <trkpt lat="39.92760705761611461639404296875" lon="-105.8606245927512645721435546875">
        <ele>2708.39990234375</ele>
        <time>2026-08-01T14:24:38.000Z</time>
        <extensions>
          <ns3:TrackPointExtension>
            <ns3:atemp>17.0</ns3:atemp>
          </ns3:TrackPointExtension>
        </extensions>
      </trkpt>
      <trkpt lat="39.92749708704650402069091796875" lon="-105.86086590774357318878173828125">
        <ele>2709.39990234375</ele>
        <time>2026-08-01T14:24:43.000Z</time>
        <extensions>
          <ns3:TrackPointExtension>
            <ns3:atemp>17.0</ns3:atemp>
          </ns3:TrackPointExtension>
        </extensions>
      </trkpt>
      <trkpt lat="39.92745450697839260101318359375" lon="-105.86096280254423618316650390625">
        <ele>2710</ele>
        <time>2026-08-01T14:24:45.000Z</time>
        <extensions>
          <ns3:TrackPointExtension>
            <ns3:atemp>17.0</ns3:atemp>
          </ns3:TrackPointExtension>
        </extensions>
      </trkpt>
      <trkpt lat="39.9274156987667083740234375" lon="-105.86105986498296260833740234375">
        <ele>2710.39990234375</ele>
        <time>2026-08-01T14:24:47.000Z</time>
        <extensions>
          <ns3:TrackPointExtension>
            <ns3:atemp>17.0</ns3:atemp>
          </ns3:TrackPointExtension>
        </extensions>
      </trkpt>
      <trkpt lat="39.92732559330761432647705078125" lon="-105.8613028563559055328369140625">
        <ele>2711.60009765625</ele>
        <time>2026-08-01T14:24:52.000Z</time>
        <extensions>
          <ns3:TrackPointExtension>
            <ns3:atemp>17.0</ns3:atemp>
          </ns3:TrackPointExtension>
        </extensions>
      </trkpt>
      <trkpt lat="39.9273082427680492401123046875" lon="-105.861351974308490753173828125">
        <ele>2711.800048828125</ele>
        <time>2026-08-01T14:24:53.000Z</time>
        <extensions>
          <ns3:TrackPointExtension>
            <ns3:atemp>17.0</ns3:atemp>
          </ns3:TrackPointExtension>
        </extensions>
      </trkpt>
      <trkpt lat="39.92713549174368381500244140625" lon="-105.8617150783538818359375">
        <ele>2712.800048828125</ele>
        <time>2026-08-01T14:25:00.000Z</time>
        <extensions>
          <ns3:TrackPointExtension>
            <ns3:atemp>17.0</ns3:atemp>
          </ns3:TrackPointExtension>
        </extensions>
      </trkpt>
      <trkpt lat="39.9270256049931049346923828125" lon="-105.8619794435799121856689453125">
        <ele>2713.800048828125</ele>
        <time>2026-08-01T14:25:05.000Z</time>
        <extensions>
          <ns3:TrackPointExtension>
            <ns3:atemp>17.0</ns3:atemp>
          </ns3:TrackPointExtension>
        </extensions>
      </trkpt>
      <trkpt lat="39.926909767091274261474609375" lon="-105.86224221624433994293212890625">
        <ele>2714.39990234375</ele>
        <time>2026-08-01T14:25:10.000Z</time>
        <extensions>
          <ns3:TrackPointExtension>
            <ns3:atemp>17.0</ns3:atemp>
          </ns3:TrackPointExtension>
        </extensions>
      </trkpt>
      <trkpt lat="39.92684564553201198577880859375" lon="-105.86240231059491634368896484375">
        <ele>2715</ele>
        <time>2026-08-01T14:25:13.000Z</time>
        <extensions>
          <ns3:TrackPointExtension>
            <ns3:atemp>17.0</ns3:atemp>
          </ns3:TrackPointExtension>
        </extensions>
      </trkpt>
      <trkpt lat="39.9266930110752582550048828125" lon="-105.862755440175533294677734375">
        <ele>2716</ele>
        <time>2026-08-01T14:25:20.000Z</time>
        <extensions>
          <ns3:TrackPointExtension>
            <ns3:atemp>17.0</ns3:atemp>
          </ns3:TrackPointExtension>
        </extensions>
      </trkpt>
      <trkpt lat="39.92664800025522708892822265625" lon="-105.862856693565845489501953125">
        <ele>2716</ele>
        <time>2026-08-01T14:25:22.000Z</time>
        <extensions>
          <ns3:TrackPointExtension>
            <ns3:atemp>17.0</ns3:atemp>
          </ns3:TrackPointExtension>
        </extensions>
      </trkpt>
      <trkpt lat="39.92656015790998935699462890625" lon="-105.863059200346469879150390625">
        <ele>2716.60009765625</ele>
        <time>2026-08-01T14:25:26.000Z</time>
        <extensions>
          <ns3:TrackPointExtension>
            <ns3:atemp>17.0</ns3:atemp>
          </ns3:TrackPointExtension>
        </extensions>
      </trkpt>
      <trkpt lat="39.92649377323687076568603515625" lon="-105.8632115833461284637451171875">
        <ele>2717</ele>
        <time>2026-08-01T14:25:29.000Z</time>
        <extensions>
          <ns3:TrackPointExtension>
            <ns3:atemp>17.0</ns3:atemp>
          </ns3:TrackPointExtension>
        </extensions>
      </trkpt>
      <trkpt lat="39.926329739391803741455078125" lon="-105.8635706640779972076416015625">
        <ele>2717.800048828125</ele>
        <time>2026-08-01T14:25:36.000Z</time>
        <extensions>
          <ns3:TrackPointExtension>
            <ns3:atemp>17.0</ns3:atemp>
          </ns3:TrackPointExtension>
        </extensions>
      </trkpt>
      <trkpt lat="39.92630593478679656982421875" lon="-105.86362120695412158966064453125">
        <ele>2717.800048828125</ele>
        <time>2026-08-01T14:25:37.000Z</time>
        <extensions>
          <ns3:TrackPointExtension>
            <ns3:atemp>17.0</ns3:atemp>
          </ns3:TrackPointExtension>
        </extensions>
      </trkpt>
      <trkpt lat="39.9262367002665996551513671875" lon="-105.8637755177915096282958984375">
        <ele>2718.199951171875</ele>
        <time>2026-08-01T14:25:40.000Z</time>
        <extensions>
          <ns3:TrackPointExtension>
            <ns3:atemp>17.0</ns3:atemp>
          </ns3:TrackPointExtension>
        </extensions>
      </trkpt>
      <trkpt lat="39.92616050876677036285400390625" lon="-105.86393888108432292938232421875">
        <ele>2718.60009765625</ele>
        <time>2026-08-01T14:25:43.000Z</time>
        <extensions>
          <ns3:TrackPointExtension>
            <ns3:atemp>17.0</ns3:atemp>
          </ns3:TrackPointExtension>
        </extensions>
      </trkpt>
      <trkpt lat="39.926139302551746368408203125" lon="-105.86399671621620655059814453125">
        <ele>2718.60009765625</ele>
        <time>2026-08-01T14:25:44.000Z</time>
        <extensions>
          <ns3:TrackPointExtension>
            <ns3:atemp>17.0</ns3:atemp>
          </ns3:TrackPointExtension>
        </extensions>
      </trkpt>
      <trkpt lat="39.926034696400165557861328125" lon="-105.86422629654407501220703125">
        <ele>2719.199951171875</ele>
        <time>2026-08-01T14:25:48.000Z</time>
        <extensions>
          <ns3:TrackPointExtension>
            <ns3:atemp>17.0</ns3:atemp>
          </ns3:TrackPointExtension>
        </extensions>
      </trkpt>
      <trkpt lat="39.92592983879148960113525390625" lon="-105.86445160210132598876953125">
        <ele>2719.800048828125</ele>
        <time>2026-08-01T14:25:52.000Z</time>
        <extensions>
          <ns3:TrackPointExtension>
            <ns3:atemp>17.0</ns3:atemp>
          </ns3:TrackPointExtension>
        </extensions>
      </trkpt>
      <trkpt lat="39.92578097619116306304931640625" lon="-105.8647877164185047149658203125">
        <ele>2720.199951171875</ele>
        <time>2026-08-01T14:25:58.000Z</time>
        <extensions>
          <ns3:TrackPointExtension>
            <ns3:atemp>17.0</ns3:atemp>
          </ns3:TrackPointExtension>
        </extensions>
      </trkpt>
      <trkpt lat="39.92571182548999786376953125" lon="-105.8649469725787639617919921875">
        <ele>2720.39990234375</ele>
        <time>2026-08-01T14:26:01.000Z</time>
        <extensions>
          <ns3:TrackPointExtension>
            <ns3:atemp>18.0</ns3:atemp>
          </ns3:TrackPointExtension>
        </extensions>
      </trkpt>
      <trkpt lat="39.9255703389644622802734375" lon="-105.86526439525187015533447265625">
        <ele>2721.39990234375</ele>
        <time>2026-08-01T14:26:07.000Z</time>
        <extensions>
          <ns3:TrackPointExtension>
            <ns3:atemp>18.0</ns3:atemp>
          </ns3:TrackPointExtension>
        </extensions>
      </trkpt>
      <trkpt lat="39.92550202645361423492431640625" lon="-105.86542792618274688720703125">
        <ele>2721.800048828125</ele>
        <time>2026-08-01T14:26:10.000Z</time>
        <extensions>
          <ns3:TrackPointExtension>
            <ns3:atemp>18.0</ns3:atemp>
          </ns3:TrackPointExtension>
        </extensions>
      </trkpt>
      <trkpt lat="39.92538132704794406890869140625" lon="-105.86569975130259990692138671875">
        <ele>2722.39990234375</ele>
        <time>2026-08-01T14:26:15.000Z</time>
        <extensions>
          <ns3:TrackPointExtension>
            <ns3:atemp>18.0</ns3:atemp>
          </ns3:TrackPointExtension>
        </extensions>
      </trkpt>
      <trkpt lat="39.9252895452082157135009765625" lon="-105.8659132383763790130615234375">
        <ele>2723</ele>
        <time>2026-08-01T14:26:19.000Z</time>
        <extensions>
          <ns3:TrackPointExtension>
            <ns3:atemp>17.0</ns3:atemp>
          </ns3:TrackPointExtension>
        </extensions>
      </trkpt>
      <trkpt lat="39.925244115293025970458984375" lon="-105.86602069437503814697265625">
        <ele>2723.39990234375</ele>
        <time>2026-08-01T14:26:21.000Z</time>
        <extensions>
          <ns3:TrackPointExtension>
            <ns3:atemp>18.0</ns3:atemp>
          </ns3:TrackPointExtension>
        </extensions>
      </trkpt>
      <trkpt lat="39.92507203482091426849365234375" lon="-105.8664094470441341400146484375">
        <ele>2724.199951171875</ele>
        <time>2026-08-01T14:26:28.000Z</time>
        <extensions>
          <ns3:TrackPointExtension>
            <ns3:atemp>17.0</ns3:atemp>
          </ns3:TrackPointExtension>
        </extensions>
      </trkpt>
      <trkpt lat="39.925024174153804779052734375" lon="-105.8665190823376178741455078125">
        <ele>2724.39990234375</ele>
        <time>2026-08-01T14:26:30.000Z</time>
        <extensions>
          <ns3:TrackPointExtension>
            <ns3:atemp>17.0</ns3:atemp>
          </ns3:TrackPointExtension>
        </extensions>
      </trkpt>
      <trkpt lat="39.92482359521090984344482421875" lon="-105.8669462241232395172119140625">
        <ele>2725.39990234375</ele>
        <time>2026-08-01T14:26:38.000Z</time>
        <extensions>
          <ns3:TrackPointExtension>
            <ns3:atemp>17.0</ns3:atemp>
          </ns3:TrackPointExtension>
        </extensions>
      </trkpt>
      <trkpt lat="39.92479811422526836395263671875" lon="-105.8669995330274105072021484375">
        <ele>2725.60009765625</ele>
        <time>2026-08-01T14:26:39.000Z</time>
        <extensions>
          <ns3:TrackPointExtension>
            <ns3:atemp>17.0</ns3:atemp>
          </ns3:TrackPointExtension>
        </extensions>
      </trkpt>
      <trkpt lat="39.9245296418666839599609375" lon="-105.867464058101177215576171875">
        <ele>2726.60009765625</ele>
        <time>2026-08-01T14:26:48.000Z</time>
        <extensions>
          <ns3:TrackPointExtension>
            <ns3:atemp>17.0</ns3:atemp>
          </ns3:TrackPointExtension>
        </extensions>
      </trkpt>
      <trkpt lat="39.924201071262359619140625" lon="-105.8678873442113399505615234375">
        <ele>2727.800048828125</ele>
        <time>2026-08-01T14:26:57.000Z</time>
        <extensions>
          <ns3:TrackPointExtension>
            <ns3:atemp>18.0</ns3:atemp>
          </ns3:TrackPointExtension>
        </extensions>
      </trkpt>
      <trkpt lat="39.92412202991545200347900390625" lon="-105.8679771982133388519287109375">
        <ele>2728</ele>
        <time>2026-08-01T14:26:59.000Z</time>
        <extensions>
          <ns3:TrackPointExtension>
            <ns3:atemp>18.0</ns3:atemp>
          </ns3:TrackPointExtension>
        </extensions>
      </trkpt>
      <trkpt lat="39.92391466163098812103271484375" lon="-105.86819705553352832794189453125">
        <ele>2728.199951171875</ele>
        <time>2026-08-01T14:27:04.000Z</time>
        <extensions>
          <ns3:TrackPointExtension>
            <ns3:atemp>18.0</ns3:atemp>
          </ns3:TrackPointExtension>
        </extensions>
      </trkpt>
      <trkpt lat="39.923709891736507415771484375" lon="-105.86842085234820842742919921875">
        <ele>2728.800048828125</ele>
        <time>2026-08-01T14:27:09.000Z</time>
        <extensions>
          <ns3:TrackPointExtension>
            <ns3:atemp>18.0</ns3:atemp>
          </ns3:TrackPointExtension>
        </extensions>
      </trkpt>
      <trkpt lat="39.92337821982800960540771484375" lon="-105.868781693279743194580078125">
        <ele>2729.60009765625</ele>
        <time>2026-08-01T14:27:17.000Z</time>
        <extensions>
          <ns3:TrackPointExtension>
            <ns3:atemp>18.0</ns3:atemp>
          </ns3:TrackPointExtension>
        </extensions>
      </trkpt>
      <trkpt lat="39.9233405850827693939208984375" lon="-105.86883039213716983795166015625">
        <ele>2729.800048828125</ele>
        <time>2026-08-01T14:27:18.000Z</time>
        <extensions>
          <ns3:TrackPointExtension>
            <ns3:atemp>18.0</ns3:atemp>
          </ns3:TrackPointExtension>
        </extensions>
      </trkpt>
      <trkpt lat="39.923023246228694915771484375" lon="-105.869209505617618560791015625">
        <ele>2730.199951171875</ele>
        <time>2026-08-01T14:27:26.000Z</time>
        <extensions>
          <ns3:TrackPointExtension>
            <ns3:atemp>18.0</ns3:atemp>
          </ns3:TrackPointExtension>
        </extensions>
      </trkpt>
      <trkpt lat="39.9227937497198581695556640625" lon="-105.8694852702319622039794921875">
        <ele>2730.800048828125</ele>
        <time>2026-08-01T14:27:32.000Z</time>
        <extensions>
          <ns3:TrackPointExtension>
            <ns3:atemp>18.0</ns3:atemp>
          </ns3:TrackPointExtension>
        </extensions>
      </trkpt>
      <trkpt lat="39.92271420545876026153564453125" lon="-105.8695752918720245361328125">
        <ele>2731.199951171875</ele>
        <time>2026-08-01T14:27:34.000Z</time>
        <extensions>
          <ns3:TrackPointExtension>
            <ns3:atemp>18.0</ns3:atemp>
          </ns3:TrackPointExtension>
        </extensions>
      </trkpt>
      <trkpt lat="39.922546483576297760009765625" lon="-105.8697441034018993377685546875">
        <ele>2731.60009765625</ele>
        <time>2026-08-01T14:27:38.000Z</time>
        <extensions>
          <ns3:TrackPointExtension>
            <ns3:atemp>18.0</ns3:atemp>
          </ns3:TrackPointExtension>
        </extensions>
      </trkpt>
      <trkpt lat="39.9224500916898250579833984375" lon="-105.86981761269271373748779296875">
        <ele>2731.800048828125</ele>
        <time>2026-08-01T14:27:40.000Z</time>
        <extensions>
          <ns3:TrackPointExtension>
            <ns3:atemp>18.0</ns3:atemp>
          </ns3:TrackPointExtension>
        </extensions>
      </trkpt>
      <trkpt lat="39.92240273393690586090087890625" lon="-105.86986304260790348052978515625">
        <ele>2731.800048828125</ele>
        <time>2026-08-01T14:27:41.000Z</time>
        <extensions>
          <ns3:TrackPointExtension>
            <ns3:atemp>18.0</ns3:atemp>
          </ns3:TrackPointExtension>
        </extensions>
      </trkpt>
      <trkpt lat="39.9221480078995227813720703125" lon="-105.87011533789336681365966796875">
        <ele>2732.199951171875</ele>
        <time>2026-08-01T14:27:46.000Z</time>
        <extensions>
          <ns3:TrackPointExtension>
            <ns3:atemp>18.0</ns3:atemp>
          </ns3:TrackPointExtension>
        </extensions>
      </trkpt>
      <trkpt lat="39.92182019166648387908935546875" lon="-105.87044307030737400054931640625">
        <ele>2732.199951171875</ele>
        <time>2026-08-01T14:27:52.000Z</time>
        <extensions>
          <ns3:TrackPointExtension>
            <ns3:atemp>18.0</ns3:atemp>
          </ns3:TrackPointExtension>
        </extensions>
      </trkpt>
      <trkpt lat="39.92136522196233272552490234375" lon="-105.87081187404692173004150390625">
        <ele>2732</ele>
        <time>2026-08-01T14:27:59.000Z</time>
        <extensions>
          <ns3:TrackPointExtension>
            <ns3:atemp>18.0</ns3:atemp>
          </ns3:TrackPointExtension>
        </extensions>
      </trkpt>
      <trkpt lat="39.92087504826486110687255859375" lon="-105.87116056121885776519775390625">
        <ele>2731.39990234375</ele>
        <time>2026-08-01T14:28:06.000Z</time>
        <extensions>
          <ns3:TrackPointExtension>
            <ns3:atemp>18.0</ns3:atemp>
          </ns3:TrackPointExtension>
        </extensions>
      </trkpt>
      <trkpt lat="39.92079156450927257537841796875" lon="-105.871221162378787994384765625">
        <ele>2731.39990234375</ele>
        <time>2026-08-01T14:28:07.000Z</time>
        <extensions>
          <ns3:TrackPointExtension>
            <ns3:atemp>18.0</ns3:atemp>
          </ns3:TrackPointExtension>
        </extensions>
      </trkpt>
      <trkpt lat="39.92032838054001331329345703125" lon="-105.87155333720147609710693359375">
        <ele>2731.60009765625</ele>
        <time>2026-08-01T14:28:14.000Z</time>
        <extensions>
          <ns3:TrackPointExtension>
            <ns3:atemp>18.0</ns3:atemp>
          </ns3:TrackPointExtension>
        </extensions>
      </trkpt>
      <trkpt lat="39.92019695229828357696533203125" lon="-105.87165090255439281463623046875">
        <ele>2731.60009765625</ele>
        <time>2026-08-01T14:28:16.000Z</time>
        <extensions>
          <ns3:TrackPointExtension>
            <ns3:atemp>18.0</ns3:atemp>
          </ns3:TrackPointExtension>
        </extensions>
      </trkpt>
      <trkpt lat="39.91980786435306072235107421875" lon="-105.87194561026990413665771484375">
        <ele>2731.800048828125</ele>
        <time>2026-08-01T14:28:22.000Z</time>
        <extensions>
          <ns3:TrackPointExtension>
            <ns3:atemp>18.0</ns3:atemp>
          </ns3:TrackPointExtension>
        </extensions>
      </trkpt>
      <trkpt lat="39.9193610250949859619140625" lon="-105.87227954529225826263427734375">
        <ele>2732</ele>
        <time>2026-08-01T14:28:29.000Z</time>
        <extensions>
          <ns3:TrackPointExtension>
            <ns3:atemp>17.0</ns3:atemp>
          </ns3:TrackPointExtension>
        </extensions>
      </trkpt>
      <trkpt lat="39.91889926604926586151123046875" lon="-105.87263041175901889801025390625">
        <ele>2732.199951171875</ele>
        <time>2026-08-01T14:28:36.000Z</time>
        <extensions>
          <ns3:TrackPointExtension>
            <ns3:atemp>17.0</ns3:atemp>
          </ns3:TrackPointExtension>
        </extensions>
      </trkpt>
      <trkpt lat="39.9186985194683074951171875" lon="-105.87277206592261791229248046875">
        <ele>2732.199951171875</ele>
        <time>2026-08-01T14:28:39.000Z</time>
        <extensions>
          <ns3:TrackPointExtension>
            <ns3:atemp>17.0</ns3:atemp>
          </ns3:TrackPointExtension>
        </extensions>
      </trkpt>
      <trkpt lat="39.9182571284472942352294921875" lon="-105.87308387272059917449951171875">
        <ele>2732.60009765625</ele>
        <time>2026-08-01T14:28:46.000Z</time>
        <extensions>
          <ns3:TrackPointExtension>
            <ns3:atemp>17.0</ns3:atemp>
          </ns3:TrackPointExtension>
        </extensions>
      </trkpt>
      <trkpt lat="39.91813785396516323089599609375" lon="-105.87317456491291522979736328125">
        <ele>2732.60009765625</ele>
        <time>2026-08-01T14:28:48.000Z</time>
        <extensions>
          <ns3:TrackPointExtension>
            <ns3:atemp>17.0</ns3:atemp>
          </ns3:TrackPointExtension>
        </extensions>
      </trkpt>
      <trkpt lat="39.917960576713085174560546875" lon="-105.87331093847751617431640625">
        <ele>2732.60009765625</ele>
        <time>2026-08-01T14:28:51.000Z</time>
        <extensions>
          <ns3:TrackPointExtension>
            <ns3:atemp>17.0</ns3:atemp>
          </ns3:TrackPointExtension>
        </extensions>
      </trkpt>
      <trkpt lat="39.91771590895950794219970703125" lon="-105.87347530759871006011962890625">
        <ele>2733</ele>
        <time>2026-08-01T14:28:55.000Z</time>
        <extensions>
          <ns3:TrackPointExtension>
            <ns3:atemp>17.0</ns3:atemp>
          </ns3:TrackPointExtension>
        </extensions>
      </trkpt>
      <trkpt lat="39.91736856289207935333251953125" lon="-105.87373967282474040985107421875">
        <ele>2733.39990234375</ele>
        <time>2026-08-01T14:29:01.000Z</time>
        <extensions>
          <ns3:TrackPointExtension>
            <ns3:atemp>17.0</ns3:atemp>
          </ns3:TrackPointExtension>
        </extensions>
      </trkpt>
      <trkpt lat="39.91719807498157024383544921875" lon="-105.87387160398066043853759765625">
        <ele>2733.60009765625</ele>
        <time>2026-08-01T14:29:04.000Z</time>
        <extensions>
          <ns3:TrackPointExtension>
            <ns3:atemp>17.0</ns3:atemp>
          </ns3:TrackPointExtension>
        </extensions>
      </trkpt>
      <trkpt lat="39.91686145775020122528076171875" lon="-105.87413898669183254241943359375">
        <ele>2734.39990234375</ele>
        <time>2026-08-01T14:29:10.000Z</time>
        <extensions>
          <ns3:TrackPointExtension>
            <ns3:atemp>17.0</ns3:atemp>
          </ns3:TrackPointExtension>
        </extensions>
      </trkpt>
      <trkpt lat="39.9166850186884403228759765625" lon="-105.87426119484007358551025390625">
        <ele>2734.60009765625</ele>
        <time>2026-08-01T14:29:13.000Z</time>
        <extensions>
          <ns3:TrackPointExtension>
            <ns3:atemp>17.0</ns3:atemp>
          </ns3:TrackPointExtension>
        </extensions>
      </trkpt>
      <trkpt lat="39.91618051193654537200927734375" lon="-105.874623544514179229736328125">
        <ele>2735</ele>
        <time>2026-08-01T14:29:21.000Z</time>
        <extensions>
          <ns3:TrackPointExtension>
            <ns3:atemp>17.0</ns3:atemp>
          </ns3:TrackPointExtension>
        </extensions>
      </trkpt>
      <trkpt lat="39.916046150028705596923828125" lon="-105.87471901439130306243896484375">
        <ele>2735.199951171875</ele>
        <time>2026-08-01T14:29:23.000Z</time>
        <extensions>
          <ns3:TrackPointExtension>
            <ns3:atemp>17.0</ns3:atemp>
          </ns3:TrackPointExtension>
        </extensions>
      </trkpt>
      <trkpt lat="39.91553829051554203033447265625" lon="-105.8750994689762592315673828125">
        <ele>2735</ele>
        <time>2026-08-01T14:29:31.000Z</time>
        <extensions>
          <ns3:TrackPointExtension>
            <ns3:atemp>17.0</ns3:atemp>
          </ns3:TrackPointExtension>
        </extensions>
      </trkpt>
      <trkpt lat="39.91547777317464351654052734375" lon="-105.87514515034854412078857421875">
        <ele>2734.800048828125</ele>
        <time>2026-08-01T14:29:32.000Z</time>
        <extensions>
          <ns3:TrackPointExtension>
            <ns3:atemp>17.0</ns3:atemp>
          </ns3:TrackPointExtension>
        </extensions>
      </trkpt>
      <trkpt lat="39.91501190699636936187744140625" lon="-105.8754897303879261016845703125">
        <ele>2735.39990234375</ele>
        <time>2026-08-01T14:29:40.000Z</time>
        <extensions>
          <ns3:TrackPointExtension>
            <ns3:atemp>17.0</ns3:atemp>
          </ns3:TrackPointExtension>
        </extensions>
      </trkpt>
      <trkpt lat="39.9149694107472896575927734375" lon="-105.87551747448742389678955078125">
        <ele>2735.39990234375</ele>
        <time>2026-08-01T14:29:41.000Z</time>
        <extensions>
          <ns3:TrackPointExtension>
            <ns3:atemp>17.0</ns3:atemp>
          </ns3:TrackPointExtension>
        </extensions>
      </trkpt>
      <trkpt lat="39.91472222842276096343994140625" lon="-105.8756919018924236297607421875">
        <ele>2736.60009765625</ele>
        <time>2026-08-01T14:29:46.000Z</time>
        <extensions>
          <ns3:TrackPointExtension>
            <ns3:atemp>17.0</ns3:atemp>
          </ns3:TrackPointExtension>
        </extensions>
      </trkpt>
      <trkpt lat="39.91458065807819366455078125" lon="-105.875796340405941009521484375">
        <ele>2737.199951171875</ele>
        <time>2026-08-01T14:29:49.000Z</time>
        <extensions>
          <ns3:TrackPointExtension>
            <ns3:atemp>17.0</ns3:atemp>
          </ns3:TrackPointExtension>
        </extensions>
      </trkpt>
      <trkpt lat="39.9144839309155941009521484375" lon="-105.87586599402129650115966796875">
        <ele>2737.800048828125</ele>
        <time>2026-08-01T14:29:51.000Z</time>
        <extensions>
          <ns3:TrackPointExtension>
            <ns3:atemp>17.0</ns3:atemp>
          </ns3:TrackPointExtension>
        </extensions>
      </trkpt>
      <trkpt lat="39.9142914824187755584716796875" lon="-105.87600647471845149993896484375">
        <ele>2738.800048828125</ele>
        <time>2026-08-01T14:29:55.000Z</time>
        <extensions>
          <ns3:TrackPointExtension>
            <ns3:atemp>17.0</ns3:atemp>
          </ns3:TrackPointExtension>
        </extensions>
      </trkpt>
      <trkpt lat="39.9140440486371517181396484375" lon="-105.87618249468505382537841796875">
        <ele>2739.39990234375</ele>
        <time>2026-08-01T14:30:00.000Z</time>
        <extensions>
          <ns3:TrackPointExtension>
            <ns3:atemp>17.0</ns3:atemp>
          </ns3:TrackPointExtension>
        </extensions>
      </trkpt>
      <trkpt lat="39.91388420574367046356201171875" lon="-105.876290537416934967041015625">
        <ele>2739.800048828125</ele>
        <time>2026-08-01T14:30:03.000Z</time>
        <extensions>
          <ns3:TrackPointExtension>
            <ns3:atemp>17.0</ns3:atemp>
          </ns3:TrackPointExtension>
        </extensions>
      </trkpt>
      <trkpt lat="39.91381815634667873382568359375" lon="-105.87633118964731693267822265625">
        <ele>2739.800048828125</ele>
        <time>2026-08-01T14:30:04.000Z</time>
        <extensions>
          <ns3:TrackPointExtension>
            <ns3:atemp>17.0</ns3:atemp>
          </ns3:TrackPointExtension>
        </extensions>
      </trkpt>
      <trkpt lat="39.913749508559703826904296875" lon="-105.87638366036117076873779296875">
        <ele>2740</ele>
        <time>2026-08-01T14:30:05.000Z</time>
        <extensions>
          <ns3:TrackPointExtension>
            <ns3:atemp>17.0</ns3:atemp>
          </ns3:TrackPointExtension>
        </extensions>
      </trkpt>
      <trkpt lat="39.91331272758543491363525390625" lon="-105.876719020307064056396484375">
        <ele>2740.199951171875</ele>
        <time>2026-08-01T14:30:11.000Z</time>
        <extensions>
          <ns3:TrackPointExtension>
            <ns3:atemp>17.0</ns3:atemp>
          </ns3:TrackPointExtension>
        </extensions>
      </trkpt>
      <trkpt lat="39.912946186959743499755859375" lon="-105.87697491981089115142822265625">
        <ele>2741</ele>
        <time>2026-08-01T14:30:16.000Z</time>
        <extensions>
          <ns3:TrackPointExtension>
            <ns3:atemp>17.0</ns3:atemp>
          </ns3:TrackPointExtension>
        </extensions>
      </trkpt>
      <trkpt lat="39.91280528716742992401123046875" lon="-105.877076089382171630859375">
        <ele>2741.199951171875</ele>
        <time>2026-08-01T14:30:18.000Z</time>
        <extensions>
          <ns3:TrackPointExtension>
            <ns3:atemp>17.0</ns3:atemp>
          </ns3:TrackPointExtension>
        </extensions>
      </trkpt>
      <trkpt lat="39.91234771907329559326171875" lon="-105.87741463445127010345458984375">
        <ele>2742</ele>
        <time>2026-08-01T14:30:25.000Z</time>
        <extensions>
          <ns3:TrackPointExtension>
            <ns3:atemp>17.0</ns3:atemp>
          </ns3:TrackPointExtension>
        </extensions>
      </trkpt>
      <trkpt lat="39.911957122385501861572265625" lon="-105.877670533955097198486328125">
        <ele>2743.199951171875</ele>
        <time>2026-08-01T14:30:31.000Z</time>
        <extensions>
          <ns3:TrackPointExtension>
            <ns3:atemp>17.0</ns3:atemp>
          </ns3:TrackPointExtension>
        </extensions>
      </trkpt>
      <trkpt lat="39.91178990341722965240478515625" lon="-105.877780504524707794189453125">
        <ele>2743.800048828125</ele>
        <time>2026-08-01T14:30:34.000Z</time>
        <extensions>
          <ns3:TrackPointExtension>
            <ns3:atemp>17.0</ns3:atemp>
          </ns3:TrackPointExtension>
        </extensions>
      </trkpt>
      <trkpt lat="39.91161103360354900360107421875" lon="-105.8778936602175235748291015625">
        <ele>2744.199951171875</ele>
        <time>2026-08-01T14:30:37.000Z</time>
        <extensions>
          <ns3:TrackPointExtension>
            <ns3:atemp>17.0</ns3:atemp>
          </ns3:TrackPointExtension>
        </extensions>
      </trkpt>
      <trkpt lat="39.911265783011913299560546875" lon="-105.87811854667961597442626953125">
        <ele>2745.199951171875</ele>
        <time>2026-08-01T14:30:43.000Z</time>
        <extensions>
          <ns3:TrackPointExtension>
            <ns3:atemp>17.0</ns3:atemp>
          </ns3:TrackPointExtension>
        </extensions>
      </trkpt>
      <trkpt lat="39.9109266512095928192138671875" lon="-105.87833060882985591888427734375">
        <ele>2746.199951171875</ele>
        <time>2026-08-01T14:30:49.000Z</time>
        <extensions>
          <ns3:TrackPointExtension>
            <ns3:atemp>17.0</ns3:atemp>
          </ns3:TrackPointExtension>
        </extensions>
      </trkpt>
      <trkpt lat="39.91070226766169071197509765625" lon="-105.87847058661282062530517578125">
        <ele>2746.800048828125</ele>
        <time>2026-08-01T14:30:53.000Z</time>
        <extensions>
          <ns3:TrackPointExtension>
            <ns3:atemp>17.0</ns3:atemp>
          </ns3:TrackPointExtension>
        </extensions>
      </trkpt>
      <trkpt lat="39.91053563542664051055908203125" lon="-105.87858290411531925201416015625">
        <ele>2747.39990234375</ele>
        <time>2026-08-01T14:30:56.000Z</time>
        <extensions>
          <ns3:TrackPointExtension>
            <ns3:atemp>17.0</ns3:atemp>
          </ns3:TrackPointExtension>
        </extensions>
      </trkpt>
      <trkpt lat="39.91024679504334926605224609375" lon="-105.87876747362315654754638671875">
        <ele>2748</ele>
        <time>2026-08-01T14:31:01.000Z</time>
        <extensions>
          <ns3:TrackPointExtension>
            <ns3:atemp>17.0</ns3:atemp>
          </ns3:TrackPointExtension>
        </extensions>
      </trkpt>
      <trkpt lat="39.9100975133478641510009765625" lon="-105.8788572438061237335205078125">
        <ele>2748.39990234375</ele>
        <time>2026-08-01T14:31:04.000Z</time>
        <extensions>
          <ns3:TrackPointExtension>
            <ns3:atemp>17.0</ns3:atemp>
          </ns3:TrackPointExtension>
        </extensions>
      </trkpt>
      <trkpt lat="39.91003607399761676788330078125" lon="-105.8788984827697277069091796875">
        <ele>2748.60009765625</ele>
        <time>2026-08-01T14:31:05.000Z</time>
        <extensions>
          <ns3:TrackPointExtension>
            <ns3:atemp>17.0</ns3:atemp>
          </ns3:TrackPointExtension>
        </extensions>
      </trkpt>
      <trkpt lat="39.90983985364437103271484375" lon="-105.87903837673366069793701171875">
        <ele>2749</ele>
        <time>2026-08-01T14:31:09.000Z</time>
        <extensions>
          <ns3:TrackPointExtension>
            <ns3:atemp>17.0</ns3:atemp>
          </ns3:TrackPointExtension>
        </extensions>
      </trkpt>
      <trkpt lat="39.90967397578060626983642578125" lon="-105.87916108779609203338623046875">
        <ele>2749.60009765625</ele>
        <time>2026-08-01T14:31:12.000Z</time>
        <extensions>
          <ns3:TrackPointExtension>
            <ns3:atemp>17.0</ns3:atemp>
          </ns3:TrackPointExtension>
        </extensions>
      </trkpt>
      <trkpt lat="39.909489490091800689697265625" lon="-105.8793410472571849822998046875">
        <ele>2750.199951171875</ele>
        <time>2026-08-01T14:31:16.000Z</time>
        <extensions>
          <ns3:TrackPointExtension>
            <ns3:atemp>17.0</ns3:atemp>
          </ns3:TrackPointExtension>
        </extensions>
      </trkpt>
      <trkpt lat="39.9093793518841266632080078125" lon="-105.87947255931794643402099609375">
        <ele>2750.60009765625</ele>
        <time>2026-08-01T14:31:19.000Z</time>
        <extensions>
          <ns3:TrackPointExtension>
            <ns3:atemp>17.0</ns3:atemp>
          </ns3:TrackPointExtension>
        </extensions>
      </trkpt>
      <trkpt lat="39.90924800746142864227294921875" lon="-105.879667438566684722900390625">
        <ele>2751.39990234375</ele>
        <time>2026-08-01T14:31:23.000Z</time>
        <extensions>
          <ns3:TrackPointExtension>
            <ns3:atemp>17.0</ns3:atemp>
          </ns3:TrackPointExtension>
        </extensions>
      </trkpt>
      <trkpt lat="39.90916720591485500335693359375" lon="-105.879816971719264984130859375">
        <ele>2751.800048828125</ele>
        <time>2026-08-01T14:31:26.000Z</time>
        <extensions>
          <ns3:TrackPointExtension>
            <ns3:atemp>17.0</ns3:atemp>
          </ns3:TrackPointExtension>
        </extensions>
      </trkpt>
      <trkpt lat="39.90903519093990325927734375" lon="-105.8800746314227581024169921875">
        <ele>2752.60009765625</ele>
        <time>2026-08-01T14:31:31.000Z</time>
        <extensions>
          <ns3:TrackPointExtension>
            <ns3:atemp>17.0</ns3:atemp>
          </ns3:TrackPointExtension>
        </extensions>
      </trkpt>
      <trkpt lat="39.9089756794273853302001953125" lon="-105.880185104906558990478515625">
        <ele>2752.800048828125</ele>
        <time>2026-08-01T14:31:33.000Z</time>
        <extensions>
          <ns3:TrackPointExtension>
            <ns3:atemp>17.0</ns3:atemp>
          </ns3:TrackPointExtension>
        </extensions>
      </trkpt>
      <trkpt lat="39.90883394144475460052490234375" lon="-105.88042725808918476104736328125">
        <ele>2754</ele>
        <time>2026-08-01T14:31:38.000Z</time>
        <extensions>
          <ns3:TrackPointExtension>
            <ns3:atemp>17.0</ns3:atemp>
          </ns3:TrackPointExtension>
        </extensions>
      </trkpt>
      <trkpt lat="39.90880527533590793609619140625" lon="-105.8804779686033725738525390625">
        <ele>2754.199951171875</ele>
        <time>2026-08-01T14:31:39.000Z</time>
        <extensions>
          <ns3:TrackPointExtension>
            <ns3:atemp>17.0</ns3:atemp>
          </ns3:TrackPointExtension>
        </extensions>
      </trkpt>
      <trkpt lat="39.9086697399616241455078125" lon="-105.88072448037564754486083984375">
        <ele>2754.800048828125</ele>
        <time>2026-08-01T14:31:44.000Z</time>
        <extensions>
          <ns3:TrackPointExtension>
            <ns3:atemp>17.0</ns3:atemp>
          </ns3:TrackPointExtension>
        </extensions>
      </trkpt>
      <trkpt lat="39.90854174830019474029541015625" lon="-105.880929417908191680908203125">
        <ele>2755.39990234375</ele>
        <time>2026-08-01T14:31:48.000Z</time>
        <extensions>
          <ns3:TrackPointExtension>
            <ns3:atemp>17.0</ns3:atemp>
          </ns3:TrackPointExtension>
        </extensions>
      </trkpt>
      <trkpt lat="39.908479638397693634033203125" lon="-105.88100359775125980377197265625">
        <ele>2755.800048828125</ele>
        <time>2026-08-01T14:31:50.000Z</time>
        <extensions>
          <ns3:TrackPointExtension>
            <ns3:atemp>17.0</ns3:atemp>
          </ns3:TrackPointExtension>
        </extensions>
      </trkpt>
      <trkpt lat="39.9084412492811679840087890625" lon="-105.88104131631553173065185546875">
        <ele>2755.800048828125</ele>
        <time>2026-08-01T14:31:51.000Z</time>
        <extensions>
          <ns3:TrackPointExtension>
            <ns3:atemp>17.0</ns3:atemp>
          </ns3:TrackPointExtension>
        </extensions>
      </trkpt>
      <trkpt lat="39.9083225615322589874267578125" lon="-105.88115162216126918792724609375">
        <ele>2756.800048828125</ele>
        <time>2026-08-01T14:31:54.000Z</time>
        <extensions>
          <ns3:TrackPointExtension>
            <ns3:atemp>17.0</ns3:atemp>
          </ns3:TrackPointExtension>
        </extensions>
      </trkpt>
      <trkpt lat="39.9082454480230808258056640625" lon="-105.8811884187161922454833984375">
        <ele>2757.199951171875</ele>
        <time>2026-08-01T14:31:56.000Z</time>
        <extensions>
          <ns3:TrackPointExtension>
            <ns3:atemp>17.0</ns3:atemp>
          </ns3:TrackPointExtension>
        </extensions>
      </trkpt>
      <trkpt lat="39.9080942384898662567138671875" lon="-105.881243236362934112548828125">
        <ele>2758.39990234375</ele>
        <time>2026-08-01T14:31:59.000Z</time>
        <extensions>
          <ns3:TrackPointExtension>
            <ns3:atemp>17.0</ns3:atemp>
          </ns3:TrackPointExtension>
        </extensions>
      </trkpt>
      <trkpt lat="39.90805593319237232208251953125" lon="-105.88125237263739109039306640625">
        <ele>2758.60009765625</ele>
        <time>2026-08-01T14:32:00.000Z</time>
        <extensions>
          <ns3:TrackPointExtension>
            <ns3:atemp>17.0</ns3:atemp>
          </ns3:TrackPointExtension>
        </extensions>
      </trkpt>
      <trkpt lat="39.9076627381145954132080078125" lon="-105.88135211728513240814208984375">
        <ele>2759.199951171875</ele>
        <time>2026-08-01T14:32:08.000Z</time>
        <extensions>
          <ns3:TrackPointExtension>
            <ns3:atemp>17.0</ns3:atemp>
          </ns3:TrackPointExtension>
        </extensions>
      </trkpt>
      <trkpt lat="39.90757548250257968902587890625" lon="-105.881365276873111724853515625">
        <ele>2759.39990234375</ele>
        <time>2026-08-01T14:32:10.000Z</time>
        <extensions>
          <ns3:TrackPointExtension>
            <ns3:atemp>17.0</ns3:atemp>
          </ns3:TrackPointExtension>
        </extensions>
      </trkpt>
      <trkpt lat="39.90727826021611690521240234375" lon="-105.88143912144005298614501953125">
        <ele>2760</ele>
        <time>2026-08-01T14:32:16.000Z</time>
        <extensions>
          <ns3:TrackPointExtension>
            <ns3:atemp>17.0</ns3:atemp>
          </ns3:TrackPointExtension>
        </extensions>
      </trkpt>
      <trkpt lat="39.9071340076625347137451171875" lon="-105.881477929651737213134765625">
        <ele>2760.39990234375</ele>
        <time>2026-08-01T14:32:19.000Z</time>
        <extensions>
          <ns3:TrackPointExtension>
            <ns3:atemp>17.0</ns3:atemp>
          </ns3:TrackPointExtension>
        </extensions>
      </trkpt>
      <trkpt lat="39.9069925211369991302490234375" lon="-105.88152914308011531829833984375">
        <ele>2760.800048828125</ele>
        <time>2026-08-01T14:32:22.000Z</time>
        <extensions>
          <ns3:TrackPointExtension>
            <ns3:atemp>17.0</ns3:atemp>
          </ns3:TrackPointExtension>
        </extensions>
      </trkpt>
      <trkpt lat="39.906892441213130950927734375" lon="-105.881579853594303131103515625">
        <ele>2761.39990234375</ele>
        <time>2026-08-01T14:32:24.000Z</time>
        <extensions>
          <ns3:TrackPointExtension>
            <ns3:atemp>17.0</ns3:atemp>
          </ns3:TrackPointExtension>
        </extensions>
      </trkpt>
      <trkpt lat="39.90684256888926029205322265625" lon="-105.88160173036158084869384765625">
        <ele>2761.60009765625</ele>
        <time>2026-08-01T14:32:25.000Z</time>
        <extensions>
          <ns3:TrackPointExtension>
            <ns3:atemp>17.0</ns3:atemp>
          </ns3:TrackPointExtension>
        </extensions>
      </trkpt>
      <trkpt lat="39.9066451750695705413818359375" lon="-105.881678760051727294921875">
        <ele>2762</ele>
        <time>2026-08-01T14:32:29.000Z</time>
        <extensions>
          <ns3:TrackPointExtension>
            <ns3:atemp>17.0</ns3:atemp>
          </ns3:TrackPointExtension>
        </extensions>
      </trkpt>
      <trkpt lat="39.9065590091049671173095703125" lon="-105.8817154727876186370849609375">
        <ele>2762.39990234375</ele>
        <time>2026-08-01T14:32:31.000Z</time>
        <extensions>
          <ns3:TrackPointExtension>
            <ns3:atemp>17.0</ns3:atemp>
          </ns3:TrackPointExtension>
        </extensions>
      </trkpt>
      <trkpt lat="39.906414337456226348876953125" lon="-105.881772302091121673583984375">
        <ele>2762.800048828125</ele>
        <time>2026-08-01T14:32:34.000Z</time>
        <extensions>
          <ns3:TrackPointExtension>
            <ns3:atemp>17.0</ns3:atemp>
          </ns3:TrackPointExtension>
        </extensions>
      </trkpt>
      <trkpt lat="39.90613295696675777435302734375" lon="-105.88189342059195041656494140625">
        <ele>2763.39990234375</ele>
        <time>2026-08-01T14:32:40.000Z</time>
        <extensions>
          <ns3:TrackPointExtension>
            <ns3:atemp>17.0</ns3:atemp>
          </ns3:TrackPointExtension>
        </extensions>
      </trkpt>
      <trkpt lat="39.90599649958312511444091796875" lon="-105.88195435702800750732421875">
        <ele>2764</ele>
        <time>2026-08-01T14:32:43.000Z</time>
        <extensions>
          <ns3:TrackPointExtension>
            <ns3:atemp>17.0</ns3:atemp>
          </ns3:TrackPointExtension>
        </extensions>
      </trkpt>
      <trkpt lat="39.90571185015141963958740234375" lon="-105.8820728771388530731201171875">
        <ele>2764.39990234375</ele>
        <time>2026-08-01T14:32:49.000Z</time>
        <extensions>
          <ns3:TrackPointExtension>
            <ns3:atemp>17.0</ns3:atemp>
          </ns3:TrackPointExtension>
        </extensions>
      </trkpt>
      <trkpt lat="39.90557204000651836395263671875" lon="-105.8821318857371807098388671875">
        <ele>2765</ele>
        <time>2026-08-01T14:32:52.000Z</time>
        <extensions>
          <ns3:TrackPointExtension>
            <ns3:atemp>17.0</ns3:atemp>
          </ns3:TrackPointExtension>
        </extensions>
      </trkpt>
      <trkpt lat="39.9054220877587795257568359375" lon="-105.8822031319141387939453125">
        <ele>2765.39990234375</ele>
        <time>2026-08-01T14:32:55.000Z</time>
        <extensions>
          <ns3:TrackPointExtension>
            <ns3:atemp>17.0</ns3:atemp>
          </ns3:TrackPointExtension>
        </extensions>
      </trkpt>
      <trkpt lat="39.905181862413883209228515625" lon="-105.8823018707334995269775390625">
        <ele>2765.800048828125</ele>
        <time>2026-08-01T14:33:00.000Z</time>
        <extensions>
          <ns3:TrackPointExtension>
            <ns3:atemp>17.0</ns3:atemp>
          </ns3:TrackPointExtension>
        </extensions>
      </trkpt>
      <trkpt lat="39.90500726737082004547119140625" lon="-105.882386527955532073974609375">
        <ele>2766.60009765625</ele>
        <time>2026-08-01T14:33:04.000Z</time>
        <extensions>
          <ns3:TrackPointExtension>
            <ns3:atemp>17.0</ns3:atemp>
          </ns3:TrackPointExtension>
        </extensions>
      </trkpt>
      <trkpt lat="39.90481599234044551849365234375" lon="-105.8824628032743930816650390625">
        <ele>2767.39990234375</ele>
        <time>2026-08-01T14:33:08.000Z</time>
        <extensions>
          <ns3:TrackPointExtension>
            <ns3:atemp>17.0</ns3:atemp>
          </ns3:TrackPointExtension>
        </extensions>
      </trkpt>
      <trkpt lat="39.904669560492038726806640625" lon="-105.8825330436229705810546875">
        <ele>2767.800048828125</ele>
        <time>2026-08-01T14:33:11.000Z</time>
        <extensions>
          <ns3:TrackPointExtension>
            <ns3:atemp>17.0</ns3:atemp>
          </ns3:TrackPointExtension>
        </extensions>
      </trkpt>
      <trkpt lat="39.90436119027435779571533203125" lon="-105.88267050683498382568359375">
        <ele>2768.800048828125</ele>
        <time>2026-08-01T14:33:18.000Z</time>
        <extensions>
          <ns3:TrackPointExtension>
            <ns3:atemp>17.0</ns3:atemp>
          </ns3:TrackPointExtension>
        </extensions>
      </trkpt>
      <trkpt lat="39.90395617671310901641845703125" lon="-105.882841832935810089111328125">
        <ele>2770</ele>
        <time>2026-08-01T14:33:26.000Z</time>
        <extensions>
          <ns3:TrackPointExtension>
            <ns3:atemp>17.0</ns3:atemp>
          </ns3:TrackPointExtension>
        </extensions>
      </trkpt>
      <trkpt lat="39.9037205614149570465087890625" lon="-105.8829435892403125762939453125">
        <ele>2771.199951171875</ele>
        <time>2026-08-01T14:33:31.000Z</time>
        <extensions>
          <ns3:TrackPointExtension>
            <ns3:atemp>17.0</ns3:atemp>
          </ns3:TrackPointExtension>
        </extensions>
      </trkpt>
      <trkpt lat="39.90358184091746807098388671875" lon="-105.88300150819122791290283203125">
        <ele>2771.60009765625</ele>
        <time>2026-08-01T14:33:34.000Z</time>
        <extensions>
          <ns3:TrackPointExtension>
            <ns3:atemp>17.0</ns3:atemp>
          </ns3:TrackPointExtension>
        </extensions>
      </trkpt>
      <trkpt lat="39.9033095128834247589111328125" lon="-105.88311717845499515533447265625">
        <ele>2772.199951171875</ele>
        <time>2026-08-01T14:33:40.000Z</time>
        <extensions>
          <ns3:TrackPointExtension>
            <ns3:atemp>17.0</ns3:atemp>
          </ns3:TrackPointExtension>
        </extensions>
      </trkpt>
      <trkpt lat="39.90322829224169254302978515625" lon="-105.8831571601331233978271484375">
        <ele>2772.39990234375</ele>
        <time>2026-08-01T14:33:42.000Z</time>
        <extensions>
          <ns3:TrackPointExtension>
            <ns3:atemp>17.0</ns3:atemp>
          </ns3:TrackPointExtension>
        </extensions>
      </trkpt>
      <trkpt lat="39.90307389758527278900146484375" lon="-105.88323242962360382080078125">
        <ele>2773.199951171875</ele>
        <time>2026-08-01T14:33:46.000Z</time>
        <extensions>
          <ns3:TrackPointExtension>
            <ns3:atemp>17.0</ns3:atemp>
          </ns3:TrackPointExtension>
        </extensions>
      </trkpt>
      <trkpt lat="39.90303081460297107696533203125" lon="-105.88325665332376956939697265625">
        <ele>2773.39990234375</ele>
        <time>2026-08-01T14:33:47.000Z</time>
        <extensions>
          <ns3:TrackPointExtension>
            <ns3:atemp>17.0</ns3:atemp>
          </ns3:TrackPointExtension>
        </extensions>
      </trkpt>
      <trkpt lat="39.9029906652867794036865234375" lon="-105.88327241130173206329345703125">
        <ele>2773.800048828125</ele>
        <time>2026-08-01T14:33:48.000Z</time>
        <extensions>
          <ns3:TrackPointExtension>
            <ns3:atemp>17.0</ns3:atemp>
          </ns3:TrackPointExtension>
        </extensions>
      </trkpt>
      <trkpt lat="39.9027529545128345489501953125" lon="-105.88336788117885589599609375">
        <ele>2774.39990234375</ele>
        <time>2026-08-01T14:33:54.000Z</time>
        <extensions>
          <ns3:TrackPointExtension>
            <ns3:atemp>17.0</ns3:atemp>
          </ns3:TrackPointExtension>
        </extensions>
      </trkpt>
      <trkpt lat="39.90266536362469196319580078125" lon="-105.88338104076683521270751953125">
        <ele>2774.60009765625</ele>
        <time>2026-08-01T14:33:56.000Z</time>
        <extensions>
          <ns3:TrackPointExtension>
            <ns3:atemp>17.0</ns3:atemp>
          </ns3:TrackPointExtension>
        </extensions>
      </trkpt>
      <trkpt lat="39.902277030050754547119140625" lon="-105.88342395611107349395751953125">
        <ele>2775.39990234375</ele>
        <time>2026-08-01T14:34:05.000Z</time>
        <extensions>
          <ns3:TrackPointExtension>
            <ns3:atemp>17.0</ns3:atemp>
          </ns3:TrackPointExtension>
        </extensions>
      </trkpt>
      <trkpt lat="39.90215105004608631134033203125" lon="-105.883433930575847625732421875">
        <ele>2775.60009765625</ele>
        <time>2026-08-01T14:34:08.000Z</time>
        <extensions>
          <ns3:TrackPointExtension>
            <ns3:atemp>17.0</ns3:atemp>
          </ns3:TrackPointExtension>
        </extensions>
      </trkpt>
      <trkpt lat="39.9019442684948444366455078125" lon="-105.88345748372375965118408203125">
        <ele>2776.39990234375</ele>
        <time>2026-08-01T14:34:13.000Z</time>
        <extensions>
          <ns3:TrackPointExtension>
            <ns3:atemp>17.0</ns3:atemp>
          </ns3:TrackPointExtension>
        </extensions>
      </trkpt>
      <trkpt lat="39.90186388604342937469482421875" lon="-105.88346301577985286712646484375">
        <ele>2776.60009765625</ele>
        <time>2026-08-01T14:34:15.000Z</time>
        <extensions>
          <ns3:TrackPointExtension>
            <ns3:atemp>17.0</ns3:atemp>
          </ns3:TrackPointExtension>
        </extensions>
      </trkpt>
      <trkpt lat="39.9016562663018703460693359375" lon="-105.88348447345197200775146484375">
        <ele>2777.39990234375</ele>
        <time>2026-08-01T14:34:20.000Z</time>
        <extensions>
          <ns3:TrackPointExtension>
            <ns3:atemp>17.0</ns3:atemp>
          </ns3:TrackPointExtension>
        </extensions>
      </trkpt>
      <trkpt lat="39.90149474702775478363037109375" lon="-105.88350006379187107086181640625">
        <ele>2777.800048828125</ele>
        <time>2026-08-01T14:34:24.000Z</time>
        <extensions>
          <ns3:TrackPointExtension>
            <ns3:atemp>17.0</ns3:atemp>
          </ns3:TrackPointExtension>
        </extensions>
      </trkpt>
      <trkpt lat="39.90129768848419189453125" lon="-105.88352940045297145843505859375">
        <ele>2778.39990234375</ele>
        <time>2026-08-01T14:34:29.000Z</time>
        <extensions>
          <ns3:TrackPointExtension>
            <ns3:atemp>17.0</ns3:atemp>
          </ns3:TrackPointExtension>
        </extensions>
      </trkpt>
      <trkpt lat="39.90114103071391582489013671875" lon="-105.88354415260255336761474609375">
        <ele>2778.800048828125</ele>
        <time>2026-08-01T14:34:33.000Z</time>
        <extensions>
          <ns3:TrackPointExtension>
            <ns3:atemp>17.0</ns3:atemp>
          </ns3:TrackPointExtension>
        </extensions>
      </trkpt>
      <trkpt lat="39.90094439126551151275634765625" lon="-105.88355404324829578399658203125">
        <ele>2779.60009765625</ele>
        <time>2026-08-01T14:34:38.000Z</time>
        <extensions>
          <ns3:TrackPointExtension>
            <ns3:atemp>17.0</ns3:atemp>
          </ns3:TrackPointExtension>
        </extensions>
      </trkpt>
      <trkpt lat="39.9007919244468212127685546875" lon="-105.8835598267614841461181640625">
        <ele>2780</ele>
        <time>2026-08-01T14:34:42.000Z</time>
        <extensions>
          <ns3:TrackPointExtension>
            <ns3:atemp>17.0</ns3:atemp>
          </ns3:TrackPointExtension>
        </extensions>
      </trkpt>
      <trkpt lat="39.90059888921678066253662109375" lon="-105.883573405444622039794921875">
        <ele>2780.60009765625</ele>
        <time>2026-08-01T14:34:47.000Z</time>
        <extensions>
          <ns3:TrackPointExtension>
            <ns3:atemp>17.0</ns3:atemp>
          </ns3:TrackPointExtension>
        </extensions>
      </trkpt>
      <trkpt lat="39.9003624357283115386962890625" lon="-105.88358723558485507965087890625">
        <ele>2781.39990234375</ele>
        <time>2026-08-01T14:34:53.000Z</time>
        <extensions>
          <ns3:TrackPointExtension>
            <ns3:atemp>17.0</ns3:atemp>
          </ns3:TrackPointExtension>
        </extensions>
      </trkpt>
      <trkpt lat="39.90032345987856388092041015625" lon="-105.88359058834612369537353515625">
        <ele>2781.39990234375</ele>
        <time>2026-08-01T14:34:54.000Z</time>
        <extensions>
          <ns3:TrackPointExtension>
            <ns3:atemp>17.0</ns3:atemp>
          </ns3:TrackPointExtension>
        </extensions>
      </trkpt>
      <trkpt lat="39.90005314350128173828125" lon="-105.8836139738559722900390625">
        <ele>2782.39990234375</ele>
        <time>2026-08-01T14:35:01.000Z</time>
        <extensions>
          <ns3:TrackPointExtension>
            <ns3:atemp>17.0</ns3:atemp>
          </ns3:TrackPointExtension>
        </extensions>
      </trkpt>
      <trkpt lat="39.90001416765153408050537109375" lon="-105.8836158178746700286865234375">
        <ele>2782.60009765625</ele>
        <time>2026-08-01T14:35:02.000Z</time>
        <extensions>
          <ns3:TrackPointExtension>
            <ns3:atemp>17.0</ns3:atemp>
          </ns3:TrackPointExtension>
        </extensions>
      </trkpt>
      <trkpt lat="39.89970202557742595672607421875" lon="-105.88364146649837493896484375">
        <ele>2783.199951171875</ele>
        <time>2026-08-01T14:35:10.000Z</time>
        <extensions>
          <ns3:TrackPointExtension>
            <ns3:atemp>17.0</ns3:atemp>
          </ns3:TrackPointExtension>
        </extensions>
      </trkpt>
      <trkpt lat="39.89958685822784900665283203125" lon="-105.88365244679152965545654296875">
        <ele>2783.60009765625</ele>
        <time>2026-08-01T14:35:13.000Z</time>
        <extensions>
          <ns3:TrackPointExtension>
            <ns3:atemp>17.0</ns3:atemp>
          </ns3:TrackPointExtension>
        </extensions>
      </trkpt>
      <trkpt lat="39.89943263120949268341064453125" lon="-105.883663929998874664306640625">
        <ele>2784.39990234375</ele>
        <time>2026-08-01T14:35:17.000Z</time>
        <extensions>
          <ns3:TrackPointExtension>
            <ns3:atemp>17.0</ns3:atemp>
          </ns3:TrackPointExtension>
        </extensions>
      </trkpt>
      <trkpt lat="39.89930707029998302459716796875" lon="-105.88367776013910770416259765625">
        <ele>2784.800048828125</ele>
        <time>2026-08-01T14:35:20.000Z</time>
        <extensions>
          <ns3:TrackPointExtension>
            <ns3:atemp>17.0</ns3:atemp>
          </ns3:TrackPointExtension>
        </extensions>
      </trkpt>
      <trkpt lat="39.89904932677745819091796875" lon="-105.88370910845696926116943359375">
        <ele>2785.199951171875</ele>
        <time>2026-08-01T14:35:26.000Z</time>
        <extensions>
          <ns3:TrackPointExtension>
            <ns3:atemp>17.0</ns3:atemp>
          </ns3:TrackPointExtension>
        </extensions>
      </trkpt>
      <trkpt lat="39.898879341781139373779296875" lon="-105.8837274648249149322509765625">
        <ele>2785.800048828125</ele>
        <time>2026-08-01T14:35:30.000Z</time>
        <extensions>
          <ns3:TrackPointExtension>
            <ns3:atemp>17.0</ns3:atemp>
          </ns3:TrackPointExtension>
        </extensions>
      </trkpt>
      <trkpt lat="39.8987189121544361114501953125" lon="-105.8837308175861835479736328125">
        <ele>2786.60009765625</ele>
        <time>2026-08-01T14:35:34.000Z</time>
        <extensions>
          <ns3:TrackPointExtension>
            <ns3:atemp>17.0</ns3:atemp>
          </ns3:TrackPointExtension>
        </extensions>
      </trkpt>
      <trkpt lat="39.89863551221787929534912109375" lon="-105.8837328292429447174072265625">
        <ele>2787</ele>
        <time>2026-08-01T14:35:36.000Z</time>
        <extensions>
          <ns3:TrackPointExtension>
            <ns3:atemp>17.0</ns3:atemp>
          </ns3:TrackPointExtension>
        </extensions>
      </trkpt>
      <trkpt lat="39.8985935188829898834228515625" lon="-105.8837319910526275634765625">
        <ele>2787.199951171875</ele>
        <time>2026-08-01T14:35:37.000Z</time>
        <extensions>
          <ns3:TrackPointExtension>
            <ns3:atemp>17.0</ns3:atemp>
          </ns3:TrackPointExtension>
        </extensions>
      </trkpt>
      <trkpt lat="39.89839620888233184814453125" lon="-105.88369804434478282928466796875">
        <ele>2788</ele>
        <time>2026-08-01T14:35:42.000Z</time>
        <extensions>
          <ns3:TrackPointExtension>
            <ns3:atemp>17.0</ns3:atemp>
          </ns3:TrackPointExtension>
        </extensions>
      </trkpt>
      <trkpt lat="39.89818490110337734222412109375" lon="-105.8836221881210803985595703125">
        <ele>2788.60009765625</ele>
        <time>2026-08-01T14:35:48.000Z</time>
        <extensions>
          <ns3:TrackPointExtension>
            <ns3:atemp>17.0</ns3:atemp>
          </ns3:TrackPointExtension>
        </extensions>
      </trkpt>
      <trkpt lat="39.89805422723293304443359375" lon="-105.883521772921085357666015625">
        <ele>2789</ele>
        <time>2026-08-01T14:35:52.000Z</time>
        <extensions>
          <ns3:TrackPointExtension>
            <ns3:atemp>17.0</ns3:atemp>
          </ns3:TrackPointExtension>
        </extensions>
      </trkpt>
      <trkpt lat="39.89802128635346889495849609375" lon="-105.883499644696712493896484375">
        <ele>2789</ele>
        <time>2026-08-01T14:35:53.000Z</time>
        <extensions>
          <ns3:TrackPointExtension>
            <ns3:atemp>17.0</ns3:atemp>
          </ns3:TrackPointExtension>
        </extensions>
      </trkpt>
      <trkpt lat="39.8979896865785121917724609375" lon="-105.883473493158817291259765625">
        <ele>2789.199951171875</ele>
        <time>2026-08-01T14:35:54.000Z</time>
        <extensions>
          <ns3:TrackPointExtension>
            <ns3:atemp>17.0</ns3:atemp>
          </ns3:TrackPointExtension>
        </extensions>
      </trkpt>
      <trkpt lat="39.89792548120021820068359375" lon="-105.88341339491307735443115234375">
        <ele>2789.60009765625</ele>
        <time>2026-08-01T14:35:56.000Z</time>
        <extensions>
          <ns3:TrackPointExtension>
            <ns3:atemp>17.0</ns3:atemp>
          </ns3:TrackPointExtension>
        </extensions>
      </trkpt>
      <trkpt lat="39.89780201576650142669677734375" lon="-105.8832959644496440887451171875">
        <ele>2790</ele>
        <time>2026-08-01T14:36:00.000Z</time>
        <extensions>
          <ns3:TrackPointExtension>
            <ns3:atemp>17.0</ns3:atemp>
          </ns3:TrackPointExtension>
        </extensions>
      </trkpt>
      <trkpt lat="39.89776882342994213104248046875" lon="-105.88327509351074695587158203125">
        <ele>2790.199951171875</ele>
        <time>2026-08-01T14:36:01.000Z</time>
        <extensions>
          <ns3:TrackPointExtension>
            <ns3:atemp>17.0</ns3:atemp>
          </ns3:TrackPointExtension>
        </extensions>
      </trkpt>
      <trkpt lat="39.89773814566433429718017578125" lon="-105.8832500316202640533447265625">
        <ele>2790.39990234375</ele>
        <time>2026-08-01T14:36:02.000Z</time>
        <extensions>
          <ns3:TrackPointExtension>
            <ns3:atemp>17.0</ns3:atemp>
          </ns3:TrackPointExtension>
        </extensions>
      </trkpt>
      <trkpt lat="39.897680394351482391357421875" lon="-105.88319429196417331695556640625">
        <ele>2790.60009765625</ele>
        <time>2026-08-01T14:36:04.000Z</time>
        <extensions>
          <ns3:TrackPointExtension>
            <ns3:atemp>17.0</ns3:atemp>
          </ns3:TrackPointExtension>
        </extensions>
      </trkpt>
      <trkpt lat="39.89764812402427196502685546875" lon="-105.883162356913089752197265625">
        <ele>2790.800048828125</ele>
        <time>2026-08-01T14:36:05.000Z</time>
        <extensions>
          <ns3:TrackPointExtension>
            <ns3:atemp>17.0</ns3:atemp>
          </ns3:TrackPointExtension>
        </extensions>
      </trkpt>
      <trkpt lat="39.89761576987802982330322265625" lon="-105.88313142769038677215576171875">
        <ele>2790.800048828125</ele>
        <time>2026-08-01T14:36:06.000Z</time>
        <extensions>
          <ns3:TrackPointExtension>
            <ns3:atemp>17.0</ns3:atemp>
          </ns3:TrackPointExtension>
        </extensions>
      </trkpt>
      <trkpt lat="39.89750429056584835052490234375" lon="-105.88304911740124225616455078125">
        <ele>2791.199951171875</ele>
        <time>2026-08-01T14:36:09.000Z</time>
        <extensions>
          <ns3:TrackPointExtension>
            <ns3:atemp>17.0</ns3:atemp>
          </ns3:TrackPointExtension>
        </extensions>
      </trkpt>
      <trkpt lat="39.897365570068359375" lon="-105.8829774521291255950927734375">
        <ele>2791.39990234375</ele>
        <time>2026-08-01T14:36:12.000Z</time>
        <extensions>
          <ns3:TrackPointExtension>
            <ns3:atemp>17.0</ns3:atemp>
          </ns3:TrackPointExtension>
        </extensions>
      </trkpt>
      <trkpt lat="39.8970717005431652069091796875" lon="-105.88287309743463993072509765625">
        <ele>2791.60009765625</ele>
        <time>2026-08-01T14:36:18.000Z</time>
        <extensions>
          <ns3:TrackPointExtension>
            <ns3:atemp>17.0</ns3:atemp>
          </ns3:TrackPointExtension>
        </extensions>
      </trkpt>
      <trkpt lat="39.89673181436955928802490234375" lon="-105.88276480324566364288330078125">
        <ele>2791.39990234375</ele>
        <time>2026-08-01T14:36:25.000Z</time>
        <extensions>
          <ns3:TrackPointExtension>
            <ns3:atemp>17.0</ns3:atemp>
          </ns3:TrackPointExtension>
        </extensions>
      </trkpt>
      <trkpt lat="39.89639050327241420745849609375" lon="-105.8826740272343158721923828125">
        <ele>2791.800048828125</ele>
        <time>2026-08-01T14:36:32.000Z</time>
        <extensions>
          <ns3:TrackPointExtension>
            <ns3:atemp>16.0</ns3:atemp>
          </ns3:TrackPointExtension>
        </extensions>
      </trkpt>
      <trkpt lat="39.89629562012851238250732421875" lon="-105.88263035751879215240478515625">
        <ele>2792</ele>
        <time>2026-08-01T14:36:34.000Z</time>
        <extensions>
          <ns3:TrackPointExtension>
            <ns3:atemp>16.0</ns3:atemp>
          </ns3:TrackPointExtension>
        </extensions>
      </trkpt>
      <trkpt lat="39.896132759749889373779296875" lon="-105.88255760259926319122314453125">
        <ele>2792.800048828125</ele>
        <time>2026-08-01T14:36:38.000Z</time>
        <extensions>
          <ns3:TrackPointExtension>
            <ns3:atemp>16.0</ns3:atemp>
          </ns3:TrackPointExtension>
        </extensions>
      </trkpt>
      <trkpt lat="39.89605925045907497406005859375" lon="-105.8825301937758922576904296875">
        <ele>2793.199951171875</ele>
        <time>2026-08-01T14:36:40.000Z</time>
        <extensions>
          <ns3:TrackPointExtension>
            <ns3:atemp>16.0</ns3:atemp>
          </ns3:TrackPointExtension>
        </extensions>
      </trkpt>
      <trkpt lat="39.8958462662994861602783203125" lon="-105.88244964368641376495361328125">
        <ele>2794</ele>
        <time>2026-08-01T14:36:46.000Z</time>
        <extensions>
          <ns3:TrackPointExtension>
            <ns3:atemp>16.0</ns3:atemp>
          </ns3:TrackPointExtension>
        </extensions>
      </trkpt>
      <trkpt lat="39.89580779336392879486083984375" lon="-105.8824396692216396331787109375">
        <ele>2794.199951171875</ele>
        <time>2026-08-01T14:36:47.000Z</time>
        <extensions>
          <ns3:TrackPointExtension>
            <ns3:atemp>16.0</ns3:atemp>
          </ns3:TrackPointExtension>
        </extensions>
      </trkpt>
      <trkpt lat="39.8957728408277034759521484375" lon="-105.8824265934526920318603515625">
        <ele>2794.199951171875</ele>
        <time>2026-08-01T14:36:48.000Z</time>
        <extensions>
          <ns3:TrackPointExtension>
            <ns3:atemp>16.0</ns3:atemp>
          </ns3:TrackPointExtension>
        </extensions>
      </trkpt>
      <trkpt lat="39.8956823162734508514404296875" lon="-105.88240454904735088348388671875">
        <ele>2794.39990234375</ele>
        <time>2026-08-01T14:36:51.000Z</time>
        <extensions>
          <ns3:TrackPointExtension>
            <ns3:atemp>16.0</ns3:atemp>
          </ns3:TrackPointExtension>
        </extensions>
      </trkpt>
      <trkpt lat="39.895600341260433197021484375" lon="-105.88239097036421298980712890625">
        <ele>2795</ele>
        <time>2026-08-01T14:36:53.000Z</time>
        <extensions>
          <ns3:TrackPointExtension>
            <ns3:atemp>16.0</ns3:atemp>
          </ns3:TrackPointExtension>
        </extensions>
      </trkpt>
      <trkpt lat="39.8954236507415771484375" lon="-105.88240790180861949920654296875">
        <ele>2796</ele>
        <time>2026-08-01T14:36:57.000Z</time>
        <extensions>
          <ns3:TrackPointExtension>
            <ns3:atemp>16.0</ns3:atemp>
          </ns3:TrackPointExtension>
        </extensions>
      </trkpt>
      <trkpt lat="39.89534947089850902557373046875" lon="-105.8824235759675502777099609375">
        <ele>2796</ele>
        <time>2026-08-01T14:36:59.000Z</time>
        <extensions>
          <ns3:TrackPointExtension>
            <ns3:atemp>16.0</ns3:atemp>
          </ns3:TrackPointExtension>
        </extensions>
      </trkpt>
      <trkpt lat="39.89527855999767780303955078125" lon="-105.88245467282831668853759765625">
        <ele>2796.39990234375</ele>
        <time>2026-08-01T14:37:01.000Z</time>
        <extensions>
          <ns3:TrackPointExtension>
            <ns3:atemp>16.0</ns3:atemp>
          </ns3:TrackPointExtension>
        </extensions>
      </trkpt>
      <trkpt lat="39.8951985128223896026611328125" lon="-105.88249842636287212371826171875">
        <ele>2796.800048828125</ele>
        <time>2026-08-01T14:37:03.000Z</time>
        <extensions>
          <ns3:TrackPointExtension>
            <ns3:atemp>16.0</ns3:atemp>
          </ns3:TrackPointExtension>
        </extensions>
      </trkpt>
      <trkpt lat="39.89508946426212787628173828125" lon="-105.8825633861124515533447265625">
        <ele>2797.199951171875</ele>
        <time>2026-08-01T14:37:06.000Z</time>
        <extensions>
          <ns3:TrackPointExtension>
            <ns3:atemp>16.0</ns3:atemp>
          </ns3:TrackPointExtension>
        </extensions>
      </trkpt>
      <trkpt lat="39.89490858279168605804443359375" lon="-105.8827008493244647979736328125">
        <ele>2797.800048828125</ele>
        <time>2026-08-01T14:37:11.000Z</time>
        <extensions>
          <ns3:TrackPointExtension>
            <ns3:atemp>16.0</ns3:atemp>
          </ns3:TrackPointExtension>
        </extensions>
      </trkpt>
      <trkpt lat="39.89480632357299327850341796875" lon="-105.88280034251511096954345703125">
        <ele>2798.199951171875</ele>
        <time>2026-08-01T14:37:14.000Z</time>
        <extensions>
          <ns3:TrackPointExtension>
            <ns3:atemp>16.0</ns3:atemp>
          </ns3:TrackPointExtension>
        </extensions>
      </trkpt>
      <trkpt lat="39.8946778289973735809326171875" lon="-105.8829388953745365142822265625">
        <ele>2798.800048828125</ele>
        <time>2026-08-01T14:37:18.000Z</time>
        <extensions>
          <ns3:TrackPointExtension>
            <ns3:atemp>16.0</ns3:atemp>
          </ns3:TrackPointExtension>
        </extensions>
      </trkpt>
      <trkpt lat="39.894652180373668670654296875" lon="-105.8829784579575061798095703125">
        <ele>2799.199951171875</ele>
        <time>2026-08-01T14:37:19.000Z</time>
        <extensions>
          <ns3:TrackPointExtension>
            <ns3:atemp>16.0</ns3:atemp>
          </ns3:TrackPointExtension>
        </extensions>
      </trkpt>
      <trkpt lat="39.8945849575102329254150390625" lon="-105.88311080820858478546142578125">
        <ele>2799.39990234375</ele>
        <time>2026-08-01T14:37:22.000Z</time>
        <extensions>
          <ns3:TrackPointExtension>
            <ns3:atemp>16.0</ns3:atemp>
          </ns3:TrackPointExtension>
        </extensions>
      </trkpt>
      <trkpt lat="39.89456878043711185455322265625" lon="-105.8831571601331233978271484375">
        <ele>2799.60009765625</ele>
        <time>2026-08-01T14:37:23.000Z</time>
        <extensions>
          <ns3:TrackPointExtension>
            <ns3:atemp>16.0</ns3:atemp>
          </ns3:TrackPointExtension>
        </extensions>
      </trkpt>
      <trkpt lat="39.89450558088719844818115234375" lon="-105.88343434967100620269775390625">
        <ele>2800</ele>
        <time>2026-08-01T14:37:29.000Z</time>
        <extensions>
          <ns3:TrackPointExtension>
            <ns3:atemp>15.0</ns3:atemp>
          </ns3:TrackPointExtension>
        </extensions>
      </trkpt>
      <trkpt lat="39.8945021443068981170654296875" lon="-105.88348053395748138427734375">
        <ele>2800</ele>
        <time>2026-08-01T14:37:30.000Z</time>
        <extensions>
          <ns3:TrackPointExtension>
            <ns3:atemp>15.0</ns3:atemp>
          </ns3:TrackPointExtension>
        </extensions>
      </trkpt>
      <trkpt lat="39.89448378793895244598388671875" lon="-105.88369552977383136749267578125">
        <ele>2801</ele>
        <time>2026-08-01T14:37:35.000Z</time>
        <extensions>
          <ns3:TrackPointExtension>
            <ns3:atemp>15.0</ns3:atemp>
          </ns3:TrackPointExtension>
        </extensions>
      </trkpt>
      <trkpt lat="39.8944820277392864227294921875" lon="-105.8837373554706573486328125">
        <ele>2801.199951171875</ele>
        <time>2026-08-01T14:37:36.000Z</time>
        <extensions>
          <ns3:TrackPointExtension>
            <ns3:atemp>15.0</ns3:atemp>
          </ns3:TrackPointExtension>
        </extensions>
      </trkpt>
      <trkpt lat="39.8944870568811893463134765625" lon="-105.8839088492095470428466796875">
        <ele>2802</ele>
        <time>2026-08-01T14:37:40.000Z</time>
        <extensions>
          <ns3:TrackPointExtension>
            <ns3:atemp>15.0</ns3:atemp>
          </ns3:TrackPointExtension>
        </extensions>
      </trkpt>
      <trkpt lat="39.89449250511825084686279296875" lon="-105.88400985114276409149169921875">
        <ele>2802.199951171875</ele>
        <time>2026-08-01T14:37:42.000Z</time>
        <extensions>
          <ns3:TrackPointExtension>
            <ns3:atemp>15.0</ns3:atemp>
          </ns3:TrackPointExtension>
        </extensions>
      </trkpt>
      <trkpt lat="39.894509017467498779296875" lon="-105.8842121064662933349609375">
        <ele>2802.60009765625</ele>
        <time>2026-08-01T14:37:46.000Z</time>
        <extensions>
          <ns3:TrackPointExtension>
            <ns3:atemp>15.0</ns3:atemp>
          </ns3:TrackPointExtension>
        </extensions>
      </trkpt>
      <trkpt lat="39.89451396279036998748779296875" lon="-105.88431545533239841461181640625">
        <ele>2802.800048828125</ele>
        <time>2026-08-01T14:37:48.000Z</time>
        <extensions>
          <ns3:TrackPointExtension>
            <ns3:atemp>15.0</ns3:atemp>
          </ns3:TrackPointExtension>
        </extensions>
      </trkpt>
      <trkpt lat="39.89451865665614604949951171875" lon="-105.884471274912357330322265625">
        <ele>2803.199951171875</ele>
        <time>2026-08-01T14:37:51.000Z</time>
        <extensions>
          <ns3:TrackPointExtension>
            <ns3:atemp>15.0</ns3:atemp>
          </ns3:TrackPointExtension>
        </extensions>
      </trkpt>
      <trkpt lat="39.89451111294329166412353515625" lon="-105.88478702120482921600341796875">
        <ele>2803.800048828125</ele>
        <time>2026-08-01T14:37:57.000Z</time>
        <extensions>
          <ns3:TrackPointExtension>
            <ns3:atemp>15.0</ns3:atemp>
          </ns3:TrackPointExtension>
        </extensions>
      </trkpt>
      <trkpt lat="39.89450692199170589447021484375" lon="-105.8849394880235195159912109375">
        <ele>2804</ele>
        <time>2026-08-01T14:38:00.000Z</time>
        <extensions>
          <ns3:TrackPointExtension>
            <ns3:atemp>15.0</ns3:atemp>
          </ns3:TrackPointExtension>
        </extensions>
      </trkpt>
      <trkpt lat="39.89449535496532917022705078125" lon="-105.8850407414138317108154296875">
        <ele>2804</ele>
        <time>2026-08-01T14:38:02.000Z</time>
        <extensions>
          <ns3:TrackPointExtension>
            <ns3:atemp>15.0</ns3:atemp>
          </ns3:TrackPointExtension>
        </extensions>
      </trkpt>
      <trkpt lat="39.89448194392025470733642578125" lon="-105.8851897716522216796875">
        <ele>2804.39990234375</ele>
        <time>2026-08-01T14:38:05.000Z</time>
        <extensions>
          <ns3:TrackPointExtension>
            <ns3:atemp>15.0</ns3:atemp>
          </ns3:TrackPointExtension>
        </extensions>
      </trkpt>
      <trkpt lat="39.89439091645181179046630859375" lon="-105.88554960675537586212158203125">
        <ele>2804.800048828125</ele>
        <time>2026-08-01T14:38:12.000Z</time>
        <extensions>
          <ns3:TrackPointExtension>
            <ns3:atemp>15.0</ns3:atemp>
          </ns3:TrackPointExtension>
        </extensions>
      </trkpt>
      <trkpt lat="39.8943760804831981658935546875" lon="-105.88560023345053195953369140625">
        <ele>2805</ele>
        <time>2026-08-01T14:38:13.000Z</time>
        <extensions>
          <ns3:TrackPointExtension>
            <ns3:atemp>15.0</ns3:atemp>
          </ns3:TrackPointExtension>
        </extensions>
      </trkpt>
      <trkpt lat="39.89431095309555530548095703125" lon="-105.88579821400344371795654296875">
        <ele>2805.39990234375</ele>
        <time>2026-08-01T14:38:17.000Z</time>
        <extensions>
          <ns3:TrackPointExtension>
            <ns3:atemp>15.0</ns3:atemp>
          </ns3:TrackPointExtension>
        </extensions>
      </trkpt>
      <trkpt lat="39.894274659454822540283203125" lon="-105.8859367668628692626953125">
        <ele>2805.60009765625</ele>
        <time>2026-08-01T14:38:20.000Z</time>
        <extensions>
          <ns3:TrackPointExtension>
            <ns3:atemp>15.0</ns3:atemp>
          </ns3:TrackPointExtension>
        </extensions>
      </trkpt>
      <trkpt lat="39.89421707578003406524658203125" lon="-105.8861132897436618804931640625">
        <ele>2806.199951171875</ele>
        <time>2026-08-01T14:38:24.000Z</time>
        <extensions>
          <ns3:TrackPointExtension>
            <ns3:atemp>15.0</ns3:atemp>
          </ns3:TrackPointExtension>
        </extensions>
      </trkpt>
      <trkpt lat="39.8941708914935588836669921875" lon="-105.886250920593738555908203125">
        <ele>2807</ele>
        <time>2026-08-01T14:38:27.000Z</time>
        <extensions>
          <ns3:TrackPointExtension>
            <ns3:atemp>15.0</ns3:atemp>
          </ns3:TrackPointExtension>
        </extensions>
      </trkpt>
      <trkpt lat="39.89413459785282611846923828125" lon="-105.8863449655473232269287109375">
        <ele>2807.39990234375</ele>
        <time>2026-08-01T14:38:29.000Z</time>
        <extensions>
          <ns3:TrackPointExtension>
            <ns3:atemp>15.0</ns3:atemp>
          </ns3:TrackPointExtension>
        </extensions>
      </trkpt>
      <trkpt lat="39.89409168250858783721923828125" lon="-105.88643230497837066650390625">
        <ele>2807.39990234375</ele>
        <time>2026-08-01T14:38:31.000Z</time>
        <extensions>
          <ns3:TrackPointExtension>
            <ns3:atemp>15.0</ns3:atemp>
          </ns3:TrackPointExtension>
        </extensions>
      </trkpt>
      <trkpt lat="39.89406620152294635772705078125" lon="-105.88647144846618175506591796875">
        <ele>2807.39990234375</ele>
        <time>2026-08-01T14:38:32.000Z</time>
        <extensions>
          <ns3:TrackPointExtension>
            <ns3:atemp>15.0</ns3:atemp>
          </ns3:TrackPointExtension>
        </extensions>
      </trkpt>
      <trkpt lat="39.89400886930525302886962890625" lon="-105.88654571212828159332275390625">
        <ele>2807.39990234375</ele>
        <time>2026-08-01T14:38:34.000Z</time>
        <extensions>
          <ns3:TrackPointExtension>
            <ns3:atemp>15.0</ns3:atemp>
          </ns3:TrackPointExtension>
        </extensions>
      </trkpt>
      <trkpt lat="39.8939271457493305206298828125" lon="-105.88666490279138088226318359375">
        <ele>2807.60009765625</ele>
        <time>2026-08-01T14:38:37.000Z</time>
        <extensions>
          <ns3:TrackPointExtension>
            <ns3:atemp>15.0</ns3:atemp>
          </ns3:TrackPointExtension>
        </extensions>
      </trkpt>
      <trkpt lat="39.89380133338272571563720703125" lon="-105.88680471293628215789794921875">
        <ele>2807.800048828125</ele>
        <time>2026-08-01T14:38:41.000Z</time>
        <extensions>
          <ns3:TrackPointExtension>
            <ns3:atemp>15.0</ns3:atemp>
          </ns3:TrackPointExtension>
        </extensions>
      </trkpt>
      <trkpt lat="39.893767721951007843017578125" lon="-105.88683589361608028411865234375">
        <ele>2808.199951171875</ele>
        <time>2026-08-01T14:38:42.000Z</time>
        <extensions>
          <ns3:TrackPointExtension>
            <ns3:atemp>15.0</ns3:atemp>
          </ns3:TrackPointExtension>
        </extensions>
      </trkpt>
      <trkpt lat="39.89369438029825687408447265625" lon="-105.8868941478431224822998046875">
        <ele>2808.60009765625</ele>
        <time>2026-08-01T14:38:44.000Z</time>
        <extensions>
          <ns3:TrackPointExtension>
            <ns3:atemp>15.0</ns3:atemp>
          </ns3:TrackPointExtension>
        </extensions>
      </trkpt>
      <trkpt lat="39.89362061955034732818603515625" lon="-105.88694234378635883331298828125">
        <ele>2809</ele>
        <time>2026-08-01T14:38:46.000Z</time>
        <extensions>
          <ns3:TrackPointExtension>
            <ns3:atemp>15.0</ns3:atemp>
          </ns3:TrackPointExtension>
        </extensions>
      </trkpt>
      <trkpt lat="39.893494136631488800048828125" lon="-105.88700202293694019317626953125">
        <ele>2809.199951171875</ele>
        <time>2026-08-01T14:38:49.000Z</time>
        <extensions>
          <ns3:TrackPointExtension>
            <ns3:atemp>14.0</ns3:atemp>
          </ns3:TrackPointExtension>
        </extensions>
      </trkpt>
      <trkpt lat="39.8934517242014408111572265625" lon="-105.8870228938758373260498046875">
        <ele>2809.39990234375</ele>
        <time>2026-08-01T14:38:50.000Z</time>
        <extensions>
          <ns3:TrackPointExtension>
            <ns3:atemp>14.0</ns3:atemp>
          </ns3:TrackPointExtension>
        </extensions>
      </trkpt>
      <trkpt lat="39.893210493028163909912109375" lon="-105.887132026255130767822265625">
        <ele>2809.60009765625</ele>
        <time>2026-08-01T14:38:56.000Z</time>
        <extensions>
          <ns3:TrackPointExtension>
            <ns3:atemp>14.0</ns3:atemp>
          </ns3:TrackPointExtension>
        </extensions>
      </trkpt>
      <trkpt lat="39.89309457130730152130126953125" lon="-105.8871652185916900634765625">
        <ele>2809.800048828125</ele>
        <time>2026-08-01T14:38:59.000Z</time>
        <extensions>
          <ns3:TrackPointExtension>
            <ns3:atemp>14.0</ns3:atemp>
          </ns3:TrackPointExtension>
        </extensions>
      </trkpt>
      <trkpt lat="39.8929749615490436553955078125" lon="-105.8872106485068798065185546875">
        <ele>2810.60009765625</ele>
        <time>2026-08-01T14:39:02.000Z</time>
        <extensions>
          <ns3:TrackPointExtension>
            <ns3:atemp>14.0</ns3:atemp>
          </ns3:TrackPointExtension>
        </extensions>
      </trkpt>
      <trkpt lat="39.89290782250463962554931640625" lon="-105.88723151944577693939208984375">
        <ele>2810.800048828125</ele>
        <time>2026-08-01T14:39:04.000Z</time>
        <extensions>
          <ns3:TrackPointExtension>
            <ns3:atemp>14.0</ns3:atemp>
          </ns3:TrackPointExtension>
        </extensions>
      </trkpt>
      <trkpt lat="39.892781674861907958984375" lon="-105.887273512780666351318359375">
        <ele>2811.199951171875</ele>
        <time>2026-08-01T14:39:08.000Z</time>
        <extensions>
          <ns3:TrackPointExtension>
            <ns3:atemp>14.0</ns3:atemp>
          </ns3:TrackPointExtension>
        </extensions>
      </trkpt>
      <trkpt lat="39.8927503265440464019775390625" lon="-105.88728767819702625274658203125">
        <ele>2811.39990234375</ele>
        <time>2026-08-01T14:39:09.000Z</time>
        <extensions>
          <ns3:TrackPointExtension>
            <ns3:atemp>14.0</ns3:atemp>
          </ns3:TrackPointExtension>
        </extensions>
      </trkpt>
      <trkpt lat="39.892600290477275848388671875" lon="-105.8873420767486095428466796875">
        <ele>2812.39990234375</ele>
        <time>2026-08-01T14:39:14.000Z</time>
        <extensions>
          <ns3:TrackPointExtension>
            <ns3:atemp>14.0</ns3:atemp>
          </ns3:TrackPointExtension>
        </extensions>
      </trkpt>
      <trkpt lat="39.89247716031968593597412109375" lon="-105.88738926686346530914306640625">
        <ele>2812.800048828125</ele>
        <time>2026-08-01T14:39:18.000Z</time>
        <extensions>
          <ns3:TrackPointExtension>
            <ns3:atemp>14.0</ns3:atemp>
          </ns3:TrackPointExtension>
        </extensions>
      </trkpt>
      <trkpt lat="39.89238361828029155731201171875" lon="-105.88741927407681941986083984375">
        <ele>2813.39990234375</ele>
        <time>2026-08-01T14:39:21.000Z</time>
        <extensions>
          <ns3:TrackPointExtension>
            <ns3:atemp>14.0</ns3:atemp>
          </ns3:TrackPointExtension>
        </extensions>
      </trkpt>
      <trkpt lat="39.8922256194055080413818359375" lon="-105.88748314417898654937744140625">
        <ele>2814.199951171875</ele>
        <time>2026-08-01T14:39:26.000Z</time>
        <extensions>
          <ns3:TrackPointExtension>
            <ns3:atemp>14.0</ns3:atemp>
          </ns3:TrackPointExtension>
        </extensions>
      </trkpt>
      <trkpt lat="39.892191924154758453369140625" lon="-105.887493453919887542724609375">
        <ele>2814.39990234375</ele>
        <time>2026-08-01T14:39:27.000Z</time>
        <extensions>
          <ns3:TrackPointExtension>
            <ns3:atemp>14.0</ns3:atemp>
          </ns3:TrackPointExtension>
        </extensions>
      </trkpt>
      <trkpt lat="39.892019592225551605224609375" lon="-105.88755078613758087158203125">
        <ele>2815.199951171875</ele>
        <time>2026-08-01T14:39:32.000Z</time>
        <extensions>
          <ns3:TrackPointExtension>
            <ns3:atemp>14.0</ns3:atemp>
          </ns3:TrackPointExtension>
        </extensions>
      </trkpt>
      <trkpt lat="39.89195211790502071380615234375" lon="-105.88757668621838092803955078125">
        <ele>2815.60009765625</ele>
        <time>2026-08-01T14:39:34.000Z</time>
        <extensions>
          <ns3:TrackPointExtension>
            <ns3:atemp>14.0</ns3:atemp>
          </ns3:TrackPointExtension>
        </extensions>
      </trkpt>
      <trkpt lat="39.8917320929467678070068359375" lon="-105.8876471780240535736083984375">
        <ele>2816.199951171875</ele>
        <time>2026-08-01T14:39:40.000Z</time>
        <extensions>
          <ns3:TrackPointExtension>
            <ns3:atemp>14.0</ns3:atemp>
          </ns3:TrackPointExtension>
        </extensions>
      </trkpt>
      <trkpt lat="39.8916958831250667572021484375" lon="-105.88766251690685749053955078125">
        <ele>2816.199951171875</ele>
        <time>2026-08-01T14:39:41.000Z</time>
        <extensions>
          <ns3:TrackPointExtension>
            <ns3:atemp>14.0</ns3:atemp>
          </ns3:TrackPointExtension>
        </extensions>
      </trkpt>
      <trkpt lat="39.89147451706230640411376953125" lon="-105.887740887701511383056640625">
        <ele>2817.199951171875</ele>
        <time>2026-08-01T14:39:47.000Z</time>
        <extensions>
          <ns3:TrackPointExtension>
            <ns3:atemp>14.0</ns3:atemp>
          </ns3:TrackPointExtension>
        </extensions>
      </trkpt>
      <trkpt lat="39.8914383910596370697021484375" lon="-105.88775488547980785369873046875">
        <ele>2817.39990234375</ele>
        <time>2026-08-01T14:39:48.000Z</time>
        <extensions>
          <ns3:TrackPointExtension>
            <ns3:atemp>14.0</ns3:atemp>
          </ns3:TrackPointExtension>
        </extensions>
      </trkpt>
      <trkpt lat="39.891321547329425811767578125" lon="-105.88779545389115810394287109375">
        <ele>2817.60009765625</ele>
        <time>2026-08-01T14:39:51.000Z</time>
        <extensions>
          <ns3:TrackPointExtension>
            <ns3:atemp>14.0</ns3:atemp>
          </ns3:TrackPointExtension>
        </extensions>
      </trkpt>
      <trkpt lat="39.89115835167467594146728515625" lon="-105.887856893241405487060546875">
        <ele>2817.800048828125</ele>
        <time>2026-08-01T14:39:55.000Z</time>
        <extensions>
          <ns3:TrackPointExtension>
            <ns3:atemp>14.0</ns3:atemp>
          </ns3:TrackPointExtension>
        </extensions>
      </trkpt>
      <trkpt lat="39.89089633338153362274169921875" lon="-105.8879371918737888336181640625">
        <ele>2818.199951171875</ele>
        <time>2026-08-01T14:40:01.000Z</time>
        <extensions>
          <ns3:TrackPointExtension>
            <ns3:atemp>14.0</ns3:atemp>
          </ns3:TrackPointExtension>
        </extensions>
      </trkpt>
      <trkpt lat="39.890754930675029754638671875" lon="-105.8879814483225345611572265625">
        <ele>2818.199951171875</ele>
        <time>2026-08-01T14:40:04.000Z</time>
        <extensions>
          <ns3:TrackPointExtension>
            <ns3:atemp>14.0</ns3:atemp>
          </ns3:TrackPointExtension>
        </extensions>
      </trkpt>
      <trkpt lat="39.8903484083712100982666015625" lon="-105.88815939612686634063720703125">
        <ele>2818.60009765625</ele>
        <time>2026-08-01T14:40:12.000Z</time>
        <extensions>
          <ns3:TrackPointExtension>
            <ns3:atemp>14.0</ns3:atemp>
          </ns3:TrackPointExtension>
        </extensions>
      </trkpt>
      <trkpt lat="39.890240617096424102783203125" lon="-105.88821253739297389984130859375">
        <ele>2818.800048828125</ele>
        <time>2026-08-01T14:40:14.000Z</time>
        <extensions>
          <ns3:TrackPointExtension>
            <ns3:atemp>14.0</ns3:atemp>
          </ns3:TrackPointExtension>
        </extensions>
      </trkpt>
      <trkpt lat="39.89014447666704654693603515625" lon="-105.88828093372285366058349609375">
        <ele>2819</ele>
        <time>2026-08-01T14:40:16.000Z</time>
        <extensions>
          <ns3:TrackPointExtension>
            <ns3:atemp>14.0</ns3:atemp>
          </ns3:TrackPointExtension>
        </extensions>
      </trkpt>
      <trkpt lat="39.89010055549442768096923828125" lon="-105.8883244358003139495849609375">
        <ele>2819</ele>
        <time>2026-08-01T14:40:17.000Z</time>
        <extensions>
          <ns3:TrackPointExtension>
            <ns3:atemp>14.0</ns3:atemp>
          </ns3:TrackPointExtension>
        </extensions>
      </trkpt>
      <trkpt lat="39.89001858048141002655029296875" lon="-105.88841001503169536590576171875">
        <ele>2819.199951171875</ele>
        <time>2026-08-01T14:40:19.000Z</time>
        <extensions>
          <ns3:TrackPointExtension>
            <ns3:atemp>14.0</ns3:atemp>
          </ns3:TrackPointExtension>
        </extensions>
      </trkpt>
      <trkpt lat="39.88988958299160003662109375" lon="-105.8885095082223415374755859375">
        <ele>2819.39990234375</ele>
        <time>2026-08-01T14:40:22.000Z</time>
        <extensions>
          <ns3:TrackPointExtension>
            <ns3:atemp>14.0</ns3:atemp>
          </ns3:TrackPointExtension>
        </extensions>
      </trkpt>
      <trkpt lat="39.88971968181431293487548828125" lon="-105.88863498531281948089599609375">
        <ele>2819.800048828125</ele>
        <time>2026-08-01T14:40:26.000Z</time>
        <extensions>
          <ns3:TrackPointExtension>
            <ns3:atemp>14.0</ns3:atemp>
          </ns3:TrackPointExtension>
        </extensions>
      </trkpt>
      <trkpt lat="39.88963753916323184967041015625" lon="-105.88870371691882610321044921875">
        <ele>2820.199951171875</ele>
        <time>2026-08-01T14:40:28.000Z</time>
        <extensions>
          <ns3:TrackPointExtension>
            <ns3:atemp>14.0</ns3:atemp>
          </ns3:TrackPointExtension>
        </extensions>
      </trkpt>
      <trkpt lat="39.889359511435031890869140625" lon="-105.88893304578959941864013671875">
        <ele>2821</ele>
        <time>2026-08-01T14:40:36.000Z</time>
        <extensions>
          <ns3:TrackPointExtension>
            <ns3:atemp>14.0</ns3:atemp>
          </ns3:TrackPointExtension>
        </extensions>
      </trkpt>
      <trkpt lat="39.88932707346975803375244140625" lon="-105.88895802386105060577392578125">
        <ele>2821.199951171875</ele>
        <time>2026-08-01T14:40:37.000Z</time>
        <extensions>
          <ns3:TrackPointExtension>
            <ns3:atemp>14.0</ns3:atemp>
          </ns3:TrackPointExtension>
        </extensions>
      </trkpt>
      <trkpt lat="39.88920553587377071380615234375" lon="-105.88906313292682170867919921875">
        <ele>2822.39990234375</ele>
        <time>2026-08-01T14:40:41.000Z</time>
        <extensions>
          <ns3:TrackPointExtension>
            <ns3:atemp>15.0</ns3:atemp>
          </ns3:TrackPointExtension>
        </extensions>
      </trkpt>
      <trkpt lat="39.8891109041869640350341796875" lon="-105.8891418389976024627685546875">
        <ele>2823</ele>
        <time>2026-08-01T14:40:44.000Z</time>
        <extensions>
          <ns3:TrackPointExtension>
            <ns3:atemp>15.0</ns3:atemp>
          </ns3:TrackPointExtension>
        </extensions>
      </trkpt>
      <trkpt lat="39.88904728554189205169677734375" lon="-105.88919456116855144500732421875">
        <ele>2823.39990234375</ele>
        <time>2026-08-01T14:40:46.000Z</time>
        <extensions>
          <ns3:TrackPointExtension>
            <ns3:atemp>15.0</ns3:atemp>
          </ns3:TrackPointExtension>
        </extensions>
      </trkpt>
      <trkpt lat="39.88896229304373264312744140625" lon="-105.88928659446537494659423828125">
        <ele>2823.800048828125</ele>
        <time>2026-08-01T14:40:49.000Z</time>
        <extensions>
          <ns3:TrackPointExtension>
            <ns3:atemp>15.0</ns3:atemp>
          </ns3:TrackPointExtension>
        </extensions>
      </trkpt>
      <trkpt lat="39.88893010653555393218994140625" lon="-105.88931375183165073394775390625">
        <ele>2823.800048828125</ele>
        <time>2026-08-01T14:40:50.000Z</time>
        <extensions>
          <ns3:TrackPointExtension>
            <ns3:atemp>15.0</ns3:atemp>
          </ns3:TrackPointExtension>
        </extensions>
      </trkpt>
      <trkpt lat="39.88882499746978282928466796875" lon="-105.88940008543431758880615234375">
        <ele>2824.39990234375</ele>
        <time>2026-08-01T14:40:53.000Z</time>
        <extensions>
          <ns3:TrackPointExtension>
            <ns3:atemp>15.0</ns3:atemp>
          </ns3:TrackPointExtension>
        </extensions>
      </trkpt>
      <trkpt lat="39.88866808824241161346435546875" lon="-105.8895398117601871490478515625">
        <ele>2824.800048828125</ele>
        <time>2026-08-01T14:40:57.000Z</time>
        <extensions>
          <ns3:TrackPointExtension>
            <ns3:atemp>15.0</ns3:atemp>
          </ns3:TrackPointExtension>
        </extensions>
      </trkpt>
      <trkpt lat="39.8884068243205547332763671875" lon="-105.88975648395717144012451171875">
        <ele>2825</ele>
        <time>2026-08-01T14:41:03.000Z</time>
        <extensions>
          <ns3:TrackPointExtension>
            <ns3:atemp>15.0</ns3:atemp>
          </ns3:TrackPointExtension>
        </extensions>
      </trkpt>
      <trkpt lat="39.8881533555686473846435546875" lon="-105.88996971957385540008544921875">
        <ele>2824.800048828125</ele>
        <time>2026-08-01T14:41:08.000Z</time>
        <extensions>
          <ns3:TrackPointExtension>
            <ns3:atemp>15.0</ns3:atemp>
          </ns3:TrackPointExtension>
        </extensions>
      </trkpt>
      <trkpt lat="39.88777809776365756988525390625" lon="-105.89028663933277130126953125">
        <ele>2824.39990234375</ele>
        <time>2026-08-01T14:41:15.000Z</time>
        <extensions>
          <ns3:TrackPointExtension>
            <ns3:atemp>15.0</ns3:atemp>
          </ns3:TrackPointExtension>
        </extensions>
      </trkpt>
      <trkpt lat="39.8874536342918872833251953125" lon="-105.8905644156038761138916015625">
        <ele>2824.60009765625</ele>
        <time>2026-08-01T14:41:22.000Z</time>
        <extensions>
          <ns3:TrackPointExtension>
            <ns3:atemp>15.0</ns3:atemp>
          </ns3:TrackPointExtension>
        </extensions>
      </trkpt>
      <trkpt lat="39.88724224269390106201171875" lon="-105.89075728319585323333740234375">
        <ele>2824.800048828125</ele>
        <time>2026-08-01T14:41:26.000Z</time>
        <extensions>
          <ns3:TrackPointExtension>
            <ns3:atemp>15.0</ns3:atemp>
          </ns3:TrackPointExtension>
        </extensions>
      </trkpt>
      <trkpt lat="39.88706312142312526702880859375" lon="-105.89088820852339267730712890625">
        <ele>2825.199951171875</ele>
        <time>2026-08-01T14:41:29.000Z</time>
        <extensions>
          <ns3:TrackPointExtension>
            <ns3:atemp>15.0</ns3:atemp>
          </ns3:TrackPointExtension>
        </extensions>
      </trkpt>
      <trkpt lat="39.88688223995268344879150390625" lon="-105.891008488833904266357421875">
        <ele>2825.800048828125</ele>
        <time>2026-08-01T14:41:32.000Z</time>
        <extensions>
          <ns3:TrackPointExtension>
            <ns3:atemp>15.0</ns3:atemp>
          </ns3:TrackPointExtension>
        </extensions>
      </trkpt>
      <trkpt lat="39.8865919746458530426025390625" lon="-105.891188196837902069091796875">
        <ele>2826.199951171875</ele>
        <time>2026-08-01T14:41:37.000Z</time>
        <extensions>
          <ns3:TrackPointExtension>
            <ns3:atemp>15.0</ns3:atemp>
          </ns3:TrackPointExtension>
        </extensions>
      </trkpt>
      <trkpt lat="39.88635082729160785675048828125" lon="-105.8913144282996654510498046875">
        <ele>2826.60009765625</ele>
        <time>2026-08-01T14:41:41.000Z</time>
        <extensions>
          <ns3:TrackPointExtension>
            <ns3:atemp>14.0</ns3:atemp>
          </ns3:TrackPointExtension>
        </extensions>
      </trkpt>
      <trkpt lat="39.8862023837864398956298828125" lon="-105.89137854985892772674560546875">
        <ele>2827.199951171875</ele>
        <time>2026-08-01T14:41:44.000Z</time>
        <extensions>
          <ns3:TrackPointExtension>
            <ns3:atemp>15.0</ns3:atemp>
          </ns3:TrackPointExtension>
        </extensions>
      </trkpt>
      <trkpt lat="39.8860112763941287994384765625" lon="-105.89144962839782238006591796875">
        <ele>2828</ele>
        <time>2026-08-01T14:41:48.000Z</time>
        <extensions>
          <ns3:TrackPointExtension>
            <ns3:atemp>15.0</ns3:atemp>
          </ns3:TrackPointExtension>
        </extensions>
      </trkpt>
      <trkpt lat="39.88596408627927303314208984375" lon="-105.89146555401384830474853515625">
        <ele>2828</ele>
        <time>2026-08-01T14:41:49.000Z</time>
        <extensions>
          <ns3:TrackPointExtension>
            <ns3:atemp>15.0</ns3:atemp>
          </ns3:TrackPointExtension>
        </extensions>
      </trkpt>
      <trkpt lat="39.88574129529297351837158203125" lon="-105.8915533125400543212890625">
        <ele>2829.199951171875</ele>
        <time>2026-08-01T14:41:54.000Z</time>
        <extensions>
          <ns3:TrackPointExtension>
            <ns3:atemp>14.0</ns3:atemp>
          </ns3:TrackPointExtension>
        </extensions>
      </trkpt>
      <trkpt lat="39.88561422564089298248291015625" lon="-105.8916091360151767730712890625">
        <ele>2829.60009765625</ele>
        <time>2026-08-01T14:41:57.000Z</time>
        <extensions>
          <ns3:TrackPointExtension>
            <ns3:atemp>14.0</ns3:atemp>
          </ns3:TrackPointExtension>
        </extensions>
      </trkpt>
      <trkpt lat="39.88548262976109981536865234375" lon="-105.89167644269764423370361328125">
        <ele>2829.800048828125</ele>
        <time>2026-08-01T14:42:00.000Z</time>
        <extensions>
          <ns3:TrackPointExtension>
            <ns3:atemp>14.0</ns3:atemp>
          </ns3:TrackPointExtension>
        </extensions>
      </trkpt>
      <trkpt lat="39.8852109722793102264404296875" lon="-105.891796387732028961181640625">
        <ele>2830</ele>
        <time>2026-08-01T14:42:06.000Z</time>
        <extensions>
          <ns3:TrackPointExtension>
            <ns3:atemp>14.0</ns3:atemp>
          </ns3:TrackPointExtension>
        </extensions>
      </trkpt>
      <trkpt lat="39.8851667158305644989013671875" lon="-105.89182027615606784820556640625">
        <ele>2830.199951171875</ele>
        <time>2026-08-01T14:42:07.000Z</time>
        <extensions>
          <ns3:TrackPointExtension>
            <ns3:atemp>14.0</ns3:atemp>
          </ns3:TrackPointExtension>
        </extensions>
      </trkpt>
      <trkpt lat="39.88513092510402202606201171875" lon="-105.8918377943336963653564453125">
        <ele>2830.199951171875</ele>
        <time>2026-08-01T14:42:08.000Z</time>
        <extensions>
          <ns3:TrackPointExtension>
            <ns3:atemp>14.0</ns3:atemp>
          </ns3:TrackPointExtension>
        </extensions>
      </trkpt>
      <trkpt lat="39.88479263149201869964599609375" lon="-105.89204088784754276275634765625">
        <ele>2831</ele>
        <time>2026-08-01T14:42:16.000Z</time>
        <extensions>
          <ns3:TrackPointExtension>
            <ns3:atemp>14.0</ns3:atemp>
          </ns3:TrackPointExtension>
        </extensions>
      </trkpt>
      <trkpt lat="39.88468299619853496551513671875" lon="-105.892143063247203826904296875">
        <ele>2831.199951171875</ele>
        <time>2026-08-01T14:42:19.000Z</time>
        <extensions>
          <ns3:TrackPointExtension>
            <ns3:atemp>14.0</ns3:atemp>
          </ns3:TrackPointExtension>
        </extensions>
      </trkpt>
      <trkpt lat="39.88447831012308597564697265625" lon="-105.892392508685588836669921875">
        <ele>2832</ele>
        <time>2026-08-01T14:42:25.000Z</time>
        <extensions>
          <ns3:TrackPointExtension>
            <ns3:atemp>14.0</ns3:atemp>
          </ns3:TrackPointExtension>
        </extensions>
      </trkpt>
      <trkpt lat="39.88441226072609424591064453125" lon="-105.89250055141746997833251953125">
        <ele>2832</ele>
        <time>2026-08-01T14:42:27.000Z</time>
        <extensions>
          <ns3:TrackPointExtension>
            <ns3:atemp>14.0</ns3:atemp>
          </ns3:TrackPointExtension>
        </extensions>
      </trkpt>
      <trkpt lat="39.8842829279601573944091796875" lon="-105.8927551098167896270751953125">
        <ele>2832.199951171875</ele>
        <time>2026-08-01T14:42:32.000Z</time>
        <extensions>
          <ns3:TrackPointExtension>
            <ns3:atemp>14.0</ns3:atemp>
          </ns3:TrackPointExtension>
        </extensions>
      </trkpt>
      <trkpt lat="39.884114451706409454345703125" lon="-105.89306381531059741973876953125">
        <ele>2832.199951171875</ele>
        <time>2026-08-01T14:42:37.000Z</time>
        <extensions>
          <ns3:TrackPointExtension>
            <ns3:atemp>14.0</ns3:atemp>
          </ns3:TrackPointExtension>
        </extensions>
      </trkpt>
      <trkpt lat="39.884072877466678619384765625" lon="-105.8931165374815464019775390625">
        <ele>2832.199951171875</ele>
        <time>2026-08-01T14:42:38.000Z</time>
        <extensions>
          <ns3:TrackPointExtension>
            <ns3:atemp>14.0</ns3:atemp>
          </ns3:TrackPointExtension>
        </extensions>
      </trkpt>
      <trkpt lat="39.884040020406246185302734375" lon="-105.89315534569323062896728515625">
        <ele>2832.199951171875</ele>
        <time>2026-08-01T14:42:39.000Z</time>
        <extensions>
          <ns3:TrackPointExtension>
            <ns3:atemp>14.0</ns3:atemp>
          </ns3:TrackPointExtension>
        </extensions>
      </trkpt>
      <trkpt lat="39.883944801986217498779296875" lon="-105.8932295255362987518310546875">
        <ele>2832.39990234375</ele>
        <time>2026-08-01T14:42:41.000Z</time>
        <extensions>
          <ns3:TrackPointExtension>
            <ns3:atemp>14.0</ns3:atemp>
          </ns3:TrackPointExtension>
        </extensions>
      </trkpt>
      <trkpt lat="39.88388285972177982330322265625" lon="-105.8932573534548282623291015625">
        <ele>2832.60009765625</ele>
        <time>2026-08-01T14:42:42.000Z</time>
        <extensions>
          <ns3:TrackPointExtension>
            <ns3:atemp>14.0</ns3:atemp>
          </ns3:TrackPointExtension>
        </extensions>
      </trkpt>
      <trkpt lat="39.8837850429117679595947265625" lon="-105.8932727761566638946533203125">
        <ele>2832.800048828125</ele>
        <time>2026-08-01T14:42:44.000Z</time>
        <extensions>
          <ns3:TrackPointExtension>
            <ns3:atemp>14.0</ns3:atemp>
          </ns3:TrackPointExtension>
        </extensions>
      </trkpt>
      <trkpt lat="39.88368236459791660308837890625" lon="-105.8932550065219402313232421875">
        <ele>2833</ele>
        <time>2026-08-01T14:42:46.000Z</time>
        <extensions>
          <ns3:TrackPointExtension>
            <ns3:atemp>14.0</ns3:atemp>
          </ns3:TrackPointExtension>
        </extensions>
      </trkpt>
      <trkpt lat="39.88357390277087688446044921875" lon="-105.89322525076568126678466796875">
        <ele>2833</ele>
        <time>2026-08-01T14:42:48.000Z</time>
        <extensions>
          <ns3:TrackPointExtension>
            <ns3:atemp>14.0</ns3:atemp>
          </ns3:TrackPointExtension>
        </extensions>
      </trkpt>
      <trkpt lat="39.8834837973117828369140625" lon="-105.8931956626474857330322265625">
        <ele>2833.39990234375</ele>
        <time>2026-08-01T14:42:50.000Z</time>
        <extensions>
          <ns3:TrackPointExtension>
            <ns3:atemp>14.0</ns3:atemp>
          </ns3:TrackPointExtension>
        </extensions>
      </trkpt>
      <trkpt lat="39.88331859000027179718017578125" lon="-105.89315316639840602874755859375">
        <ele>2833.800048828125</ele>
        <time>2026-08-01T14:42:53.000Z</time>
        <extensions>
          <ns3:TrackPointExtension>
            <ns3:atemp>14.0</ns3:atemp>
          </ns3:TrackPointExtension>
        </extensions>
      </trkpt>
      <trkpt lat="39.8832211084663867950439453125" lon="-105.8931443654000759124755859375">
        <ele>2834</ele>
        <time>2026-08-01T14:42:55.000Z</time>
        <extensions>
          <ns3:TrackPointExtension>
            <ns3:atemp>14.0</ns3:atemp>
          </ns3:TrackPointExtension>
        </extensions>
      </trkpt>
      <trkpt lat="39.88310225307941436767578125" lon="-105.8931752108037471771240234375">
        <ele>2834.199951171875</ele>
        <time>2026-08-01T14:42:57.000Z</time>
        <extensions>
          <ns3:TrackPointExtension>
            <ns3:atemp>14.0</ns3:atemp>
          </ns3:TrackPointExtension>
        </extensions>
      </trkpt>
      <trkpt lat="39.88305204547941684722900390625" lon="-105.893206559121608734130859375">
        <ele>2834.39990234375</ele>
        <time>2026-08-01T14:42:58.000Z</time>
        <extensions>
          <ns3:TrackPointExtension>
            <ns3:atemp>14.0</ns3:atemp>
          </ns3:TrackPointExtension>
        </extensions>
      </trkpt>
      <trkpt lat="39.88300326280295848846435546875" lon="-105.893242098391056060791015625">
        <ele>2834.39990234375</ele>
        <time>2026-08-01T14:42:59.000Z</time>
        <extensions>
          <ns3:TrackPointExtension>
            <ns3:atemp>14.0</ns3:atemp>
          </ns3:TrackPointExtension>
        </extensions>
      </trkpt>
      <trkpt lat="39.8828633688390254974365234375" lon="-105.89338232763111591339111328125">
        <ele>2834.60009765625</ele>
        <time>2026-08-01T14:43:02.000Z</time>
        <extensions>
          <ns3:TrackPointExtension>
            <ns3:atemp>14.0</ns3:atemp>
          </ns3:TrackPointExtension>
        </extensions>
      </trkpt>
      <trkpt lat="39.88282104022800922393798828125" lon="-105.8934377320110797882080078125">
        <ele>2834.60009765625</ele>
        <time>2026-08-01T14:43:03.000Z</time>
        <extensions>
          <ns3:TrackPointExtension>
            <ns3:atemp>14.0</ns3:atemp>
          </ns3:TrackPointExtension>
        </extensions>
      </trkpt>
      <trkpt lat="39.88259087316691875457763671875" lon="-105.89368826709687709808349609375">
        <ele>2834.60009765625</ele>
        <time>2026-08-01T14:43:08.000Z</time>
        <extensions>
          <ns3:TrackPointExtension>
            <ns3:atemp>14.0</ns3:atemp>
          </ns3:TrackPointExtension>
        </extensions>
      </trkpt>
      <trkpt lat="39.88250051625072956085205078125" lon="-105.89376102201640605926513671875">
        <ele>2834.60009765625</ele>
        <time>2026-08-01T14:43:10.000Z</time>
        <extensions>
          <ns3:TrackPointExtension>
            <ns3:atemp>14.0</ns3:atemp>
          </ns3:TrackPointExtension>
        </extensions>
      </trkpt>
      <trkpt lat="39.88244871608912944793701171875" lon="-105.89379471726715564727783203125">
        <ele>2834.60009765625</ele>
        <time>2026-08-01T14:43:11.000Z</time>
        <extensions>
          <ns3:TrackPointExtension>
            <ns3:atemp>14.0</ns3:atemp>
          </ns3:TrackPointExtension>
        </extensions>
      </trkpt>
      <trkpt lat="39.88233304582536220550537109375" lon="-105.893839895725250244140625">
        <ele>2834.800048828125</ele>
        <time>2026-08-01T14:43:13.000Z</time>
        <extensions>
          <ns3:TrackPointExtension>
            <ns3:atemp>14.0</ns3:atemp>
          </ns3:TrackPointExtension>
        </extensions>
      </trkpt>
      <trkpt lat="39.882282502949237823486328125" lon="-105.89385406114161014556884765625">
        <ele>2834.800048828125</ele>
        <time>2026-08-01T14:43:14.000Z</time>
        <extensions>
          <ns3:TrackPointExtension>
            <ns3:atemp>14.0</ns3:atemp>
          </ns3:TrackPointExtension>
        </extensions>
      </trkpt>
      <trkpt lat="39.8822447843849658966064453125" lon="-105.8938653767108917236328125">
        <ele>2835</ele>
        <time>2026-08-01T14:43:15.000Z</time>
        <extensions>
          <ns3:TrackPointExtension>
            <ns3:atemp>14.0</ns3:atemp>
          </ns3:TrackPointExtension>
        </extensions>
      </trkpt>
      <trkpt lat="39.88206080161035060882568359375" lon="-105.89391122572124004364013671875">
        <ele>2835.39990234375</ele>
        <time>2026-08-01T14:43:19.000Z</time>
        <extensions>
          <ns3:TrackPointExtension>
            <ns3:atemp>14.0</ns3:atemp>
          </ns3:TrackPointExtension>
        </extensions>
      </trkpt>
      <trkpt lat="39.88201403059065341949462890625" lon="-105.89392631314694881439208984375">
        <ele>2835.60009765625</ele>
        <time>2026-08-01T14:43:20.000Z</time>
        <extensions>
          <ns3:TrackPointExtension>
            <ns3:atemp>14.0</ns3:atemp>
          </ns3:TrackPointExtension>
        </extensions>
      </trkpt>
      <trkpt lat="39.88191110081970691680908203125" lon="-105.89395615272223949432373046875">
        <ele>2835.800048828125</ele>
        <time>2026-08-01T14:43:22.000Z</time>
        <extensions>
          <ns3:TrackPointExtension>
            <ns3:atemp>14.0</ns3:atemp>
          </ns3:TrackPointExtension>
        </extensions>
      </trkpt>
      <trkpt lat="39.88183599896728992462158203125" lon="-105.8939968049526214599609375">
        <ele>2836</ele>
        <time>2026-08-01T14:43:24.000Z</time>
        <extensions>
          <ns3:TrackPointExtension>
            <ns3:atemp>14.0</ns3:atemp>
          </ns3:TrackPointExtension>
        </extensions>
      </trkpt>
      <trkpt lat="39.88175712525844573974609375" lon="-105.89405380189418792724609375">
        <ele>2836.60009765625</ele>
        <time>2026-08-01T14:43:26.000Z</time>
        <extensions>
          <ns3:TrackPointExtension>
            <ns3:atemp>14.0</ns3:atemp>
          </ns3:TrackPointExtension>
        </extensions>
      </trkpt>
      <trkpt lat="39.88167607225477695465087890625" lon="-105.8941389620304107666015625">
        <ele>2837</ele>
        <time>2026-08-01T14:43:28.000Z</time>
        <extensions>
          <ns3:TrackPointExtension>
            <ns3:atemp>14.0</ns3:atemp>
          </ns3:TrackPointExtension>
        </extensions>
      </trkpt>
      <trkpt lat="39.88148848526179790496826171875" lon="-105.89434775523841381072998046875">
        <ele>2837.39990234375</ele>
        <time>2026-08-01T14:43:33.000Z</time>
        <extensions>
          <ns3:TrackPointExtension>
            <ns3:atemp>14.0</ns3:atemp>
          </ns3:TrackPointExtension>
        </extensions>
      </trkpt>
      <trkpt lat="39.88115631043910980224609375" lon="-105.8947231806814670562744140625">
        <ele>2837.60009765625</ele>
        <time>2026-08-01T14:43:42.000Z</time>
        <extensions>
          <ns3:TrackPointExtension>
            <ns3:atemp>14.0</ns3:atemp>
          </ns3:TrackPointExtension>
        </extensions>
      </trkpt>
      <trkpt lat="39.88104357384145259857177734375" lon="-105.89484597556293010711669921875">
        <ele>2838</ele>
        <time>2026-08-01T14:43:44.000Z</time>
        <extensions>
          <ns3:TrackPointExtension>
            <ns3:atemp>14.0</ns3:atemp>
          </ns3:TrackPointExtension>
        </extensions>
      </trkpt>
      <trkpt lat="39.88087291829288005828857421875" lon="-105.89504295028746128082275390625">
        <ele>2839</ele>
        <time>2026-08-01T14:43:50.000Z</time>
        <extensions>
          <ns3:TrackPointExtension>
            <ns3:atemp>14.0</ns3:atemp>
          </ns3:TrackPointExtension>
        </extensions>
      </trkpt>
      <trkpt lat="39.88081223331391811370849609375" lon="-105.89511235244572162628173828125">
        <ele>2839.199951171875</ele>
        <time>2026-08-01T14:43:52.000Z</time>
        <extensions>
          <ns3:TrackPointExtension>
            <ns3:atemp>14.0</ns3:atemp>
          </ns3:TrackPointExtension>
        </extensions>
      </trkpt>
      <trkpt lat="39.88058340735733509063720703125" lon="-105.8953830040991306304931640625">
        <ele>2839.800048828125</ele>
        <time>2026-08-01T14:43:59.000Z</time>
        <extensions>
          <ns3:TrackPointExtension>
            <ns3:atemp>14.0</ns3:atemp>
          </ns3:TrackPointExtension>
        </extensions>
      </trkpt>
      <trkpt lat="39.880543760955333709716796875" lon="-105.8954296074807643890380859375">
        <ele>2840.199951171875</ele>
        <time>2026-08-01T14:44:00.000Z</time>
        <extensions>
          <ns3:TrackPointExtension>
            <ns3:atemp>14.0</ns3:atemp>
          </ns3:TrackPointExtension>
        </extensions>
      </trkpt>
      <trkpt lat="39.880370087921619415283203125" lon="-105.8956327848136425018310546875">
        <ele>2841.199951171875</ele>
        <time>2026-08-01T14:44:05.000Z</time>
        <extensions>
          <ns3:TrackPointExtension>
            <ns3:atemp>14.0</ns3:atemp>
          </ns3:TrackPointExtension>
        </extensions>
      </trkpt>
      <trkpt lat="39.8802348040044307708740234375" lon="-105.89578374288976192474365234375">
        <ele>2841.39990234375</ele>
        <time>2026-08-01T14:44:09.000Z</time>
        <extensions>
          <ns3:TrackPointExtension>
            <ns3:atemp>14.0</ns3:atemp>
          </ns3:TrackPointExtension>
        </extensions>
      </trkpt>
      <trkpt lat="39.87993280403316020965576171875" lon="-105.89603352360427379608154296875">
        <ele>2841.800048828125</ele>
        <time>2026-08-01T14:44:17.000Z</time>
        <extensions>
          <ns3:TrackPointExtension>
            <ns3:atemp>14.0</ns3:atemp>
          </ns3:TrackPointExtension>
        </extensions>
      </trkpt>
      <trkpt lat="39.879817552864551544189453125" lon="-105.8961202763020992279052734375">
        <ele>2842.39990234375</ele>
        <time>2026-08-01T14:44:19.000Z</time>
        <extensions>
          <ns3:TrackPointExtension>
            <ns3:atemp>14.0</ns3:atemp>
          </ns3:TrackPointExtension>
        </extensions>
      </trkpt>
      <trkpt lat="39.87959518097341060638427734375" lon="-105.89627777226269245147705078125">
        <ele>2843.60009765625</ele>
        <time>2026-08-01T14:44:25.000Z</time>
        <extensions>
          <ns3:TrackPointExtension>
            <ns3:atemp>14.0</ns3:atemp>
          </ns3:TrackPointExtension>
        </extensions>
      </trkpt>
      <trkpt lat="39.879560731351375579833984375" lon="-105.89630677364766597747802734375">
        <ele>2843.60009765625</ele>
        <time>2026-08-01T14:44:26.000Z</time>
        <extensions>
          <ns3:TrackPointExtension>
            <ns3:atemp>14.0</ns3:atemp>
          </ns3:TrackPointExtension>
        </extensions>
      </trkpt>
      <trkpt lat="39.879456795752048492431640625" lon="-105.8963866531848907470703125">
        <ele>2844.800048828125</ele>
        <time>2026-08-01T14:44:30.000Z</time>
        <extensions>
          <ns3:TrackPointExtension>
            <ns3:atemp>14.0</ns3:atemp>
          </ns3:TrackPointExtension>
        </extensions>
      </trkpt>
      <trkpt lat="39.87928706221282482147216796875" lon="-105.896531157195568084716796875">
        <ele>2845.60009765625</ele>
        <time>2026-08-01T14:44:34.000Z</time>
        <extensions>
          <ns3:TrackPointExtension>
            <ns3:atemp>14.0</ns3:atemp>
          </ns3:TrackPointExtension>
        </extensions>
      </trkpt>
      <trkpt lat="39.87928706221282482147216796875" lon="-105.896531157195568084716796875">
        <ele>2845.60009765625</ele>
        <time>2026-08-01T14:44:35.000Z</time>
        <extensions>
          <ns3:TrackPointExtension>
            <ns3:atemp>14.0</ns3:atemp>
          </ns3:TrackPointExtension>
        </extensions>
      </trkpt>
      <trkpt lat="39.87918379716575145721435546875" lon="-105.8966191671788692474365234375">
        <ele>2846</ele>
        <time>2026-08-01T14:44:37.000Z</time>
        <extensions>
          <ns3:TrackPointExtension>
            <ns3:atemp>14.0</ns3:atemp>
          </ns3:TrackPointExtension>
        </extensions>
      </trkpt>
      <trkpt lat="39.87900341860949993133544921875" lon="-105.896816812455654144287109375">
        <ele>2846.60009765625</ele>
        <time>2026-08-01T14:44:43.000Z</time>
        <extensions>
          <ns3:TrackPointExtension>
            <ns3:atemp>14.0</ns3:atemp>
          </ns3:TrackPointExtension>
        </extensions>
      </trkpt>
      <trkpt lat="39.8789540491998195648193359375" lon="-105.89687691070139408111572265625">
        <ele>2847.199951171875</ele>
        <time>2026-08-01T14:44:45.000Z</time>
        <extensions>
          <ns3:TrackPointExtension>
            <ns3:atemp>14.0</ns3:atemp>
          </ns3:TrackPointExtension>
        </extensions>
      </trkpt>
      <trkpt lat="39.87878532148897647857666015625" lon="-105.89706852100789546966552734375">
        <ele>2848</ele>
        <time>2026-08-01T14:44:52.000Z</time>
        <extensions>
          <ns3:TrackPointExtension>
            <ns3:atemp>14.0</ns3:atemp>
          </ns3:TrackPointExtension>
        </extensions>
      </trkpt>
      <trkpt lat="39.87863059155642986297607421875" lon="-105.89725560508668422698974609375">
        <ele>2849</ele>
        <time>2026-08-01T14:45:00.000Z</time>
        <extensions>
          <ns3:TrackPointExtension>
            <ns3:atemp>14.0</ns3:atemp>
          </ns3:TrackPointExtension>
        </extensions>
      </trkpt>
      <trkpt lat="39.87858407199382781982421875" lon="-105.8973081596195697784423828125">
        <ele>2849.199951171875</ele>
        <time>2026-08-01T14:45:01.000Z</time>
        <extensions>
          <ns3:TrackPointExtension>
            <ns3:atemp>14.0</ns3:atemp>
          </ns3:TrackPointExtension>
        </extensions>
      </trkpt>
      <trkpt lat="39.87848357297480106353759765625" lon="-105.89744453318417072296142578125">
        <ele>2850.39990234375</ele>
        <time>2026-08-01T14:45:06.000Z</time>
        <extensions>
          <ns3:TrackPointExtension>
            <ns3:atemp>14.0</ns3:atemp>
          </ns3:TrackPointExtension>
        </extensions>
      </trkpt>
      <trkpt lat="39.87846345640718936920166015625" lon="-105.89747101999819278717041015625">
        <ele>2850.60009765625</ele>
        <time>2026-08-01T14:45:07.000Z</time>
        <extensions>
          <ns3:TrackPointExtension>
            <ns3:atemp>14.0</ns3:atemp>
          </ns3:TrackPointExtension>
        </extensions>
      </trkpt>
      <trkpt lat="39.87838022410869598388671875" lon="-105.897587947547435760498046875">
        <ele>2851.39990234375</ele>
        <time>2026-08-01T14:45:11.000Z</time>
        <extensions>
          <ns3:TrackPointExtension>
            <ns3:atemp>14.0</ns3:atemp>
          </ns3:TrackPointExtension>
        </extensions>
      </trkpt>
      <trkpt lat="39.87830554135143756866455078125" lon="-105.8977007679641246795654296875">
        <ele>2852.39990234375</ele>
        <time>2026-08-01T14:45:15.000Z</time>
        <extensions>
          <ns3:TrackPointExtension>
            <ns3:atemp>14.0</ns3:atemp>
          </ns3:TrackPointExtension>
        </extensions>
      </trkpt>
      <trkpt lat="39.87822272814810276031494140625" lon="-105.89781115762889385223388671875">
        <ele>2853.199951171875</ele>
        <time>2026-08-01T14:45:19.000Z</time>
        <extensions>
          <ns3:TrackPointExtension>
            <ns3:atemp>14.0</ns3:atemp>
          </ns3:TrackPointExtension>
        </extensions>
      </trkpt>
      <trkpt lat="39.87820722162723541259765625" lon="-105.89783077128231525421142578125">
        <ele>2853.39990234375</ele>
        <time>2026-08-01T14:45:20.000Z</time>
        <extensions>
          <ns3:TrackPointExtension>
            <ns3:atemp>14.0</ns3:atemp>
          </ns3:TrackPointExtension>
        </extensions>
      </trkpt>
      <trkpt lat="39.87813052721321582794189453125" lon="-105.897936634719371795654296875">
        <ele>2854.60009765625</ele>
        <time>2026-08-01T14:45:24.000Z</time>
        <extensions>
          <ns3:TrackPointExtension>
            <ns3:atemp>14.0</ns3:atemp>
          </ns3:TrackPointExtension>
        </extensions>
      </trkpt>
      <trkpt lat="39.878024496138095855712890625" lon="-105.89805339463055133819580078125">
        <ele>2855.60009765625</ele>
        <time>2026-08-01T14:45:29.000Z</time>
        <extensions>
          <ns3:TrackPointExtension>
            <ns3:atemp>14.0</ns3:atemp>
          </ns3:TrackPointExtension>
        </extensions>
      </trkpt>
      <trkpt lat="39.87800815142691135406494140625" lon="-105.89808021672070026397705078125">
        <ele>2855.800048828125</ele>
        <time>2026-08-01T14:45:30.000Z</time>
        <extensions>
          <ns3:TrackPointExtension>
            <ns3:atemp>14.0</ns3:atemp>
          </ns3:TrackPointExtension>
        </extensions>
      </trkpt>
      <trkpt lat="39.877923913300037384033203125" lon="-105.89818842709064483642578125">
        <ele>2856.60009765625</ele>
        <time>2026-08-01T14:45:34.000Z</time>
        <extensions>
          <ns3:TrackPointExtension>
            <ns3:atemp>14.0</ns3:atemp>
          </ns3:TrackPointExtension>
        </extensions>
      </trkpt>
      <trkpt lat="39.87784587778151035308837890625" lon="-105.89827819727361202239990234375">
        <ele>2857.60009765625</ele>
        <time>2026-08-01T14:45:38.000Z</time>
        <extensions>
          <ns3:TrackPointExtension>
            <ns3:atemp>14.0</ns3:atemp>
          </ns3:TrackPointExtension>
        </extensions>
      </trkpt>
      <trkpt lat="39.87782726995646953582763671875" lon="-105.89830334298312664031982421875">
        <ele>2858</ele>
        <time>2026-08-01T14:45:39.000Z</time>
        <extensions>
          <ns3:TrackPointExtension>
            <ns3:atemp>14.0</ns3:atemp>
          </ns3:TrackPointExtension>
        </extensions>
      </trkpt>
      <trkpt lat="39.8777266032993793487548828125" lon="-105.89841918088495731353759765625">
        <ele>2859</ele>
        <time>2026-08-01T14:45:44.000Z</time>
        <extensions>
          <ns3:TrackPointExtension>
            <ns3:atemp>14.0</ns3:atemp>
          </ns3:TrackPointExtension>
        </extensions>
      </trkpt>
      <trkpt lat="39.87766197882592678070068359375" lon="-105.8984953723847866058349609375">
        <ele>2859.60009765625</ele>
        <time>2026-08-01T14:45:47.000Z</time>
        <extensions>
          <ns3:TrackPointExtension>
            <ns3:atemp>14.0</ns3:atemp>
          </ns3:TrackPointExtension>
        </extensions>
      </trkpt>
      <trkpt lat="39.87766197882592678070068359375" lon="-105.8984953723847866058349609375">
        <ele>2859.800048828125</ele>
        <time>2026-08-01T14:45:48.000Z</time>
        <extensions>
          <ns3:TrackPointExtension>
            <ns3:atemp>14.0</ns3:atemp>
          </ns3:TrackPointExtension>
        </extensions>
      </trkpt>
      <trkpt lat="39.8775656707584857940673828125" lon="-105.898653455078601837158203125">
        <ele>2860.800048828125</ele>
        <time>2026-08-01T14:45:53.000Z</time>
        <extensions>
          <ns3:TrackPointExtension>
            <ns3:atemp>14.0</ns3:atemp>
          </ns3:TrackPointExtension>
        </extensions>
      </trkpt>
      <trkpt lat="39.877502806484699249267578125" lon="-105.89877122081816196441650390625">
        <ele>2861.39990234375</ele>
        <time>2026-08-01T14:45:57.000Z</time>
        <extensions>
          <ns3:TrackPointExtension>
            <ns3:atemp>14.0</ns3:atemp>
          </ns3:TrackPointExtension>
        </extensions>
      </trkpt>
      <trkpt lat="39.87743684090673923492431640625" lon="-105.898932404816150665283203125">
        <ele>2862</ele>
        <time>2026-08-01T14:46:02.000Z</time>
        <extensions>
          <ns3:TrackPointExtension>
            <ns3:atemp>14.0</ns3:atemp>
          </ns3:TrackPointExtension>
        </extensions>
      </trkpt>
      <trkpt lat="39.8774178139865398406982421875" lon="-105.8989949338138103485107421875">
        <ele>2862.39990234375</ele>
        <time>2026-08-01T14:46:05.000Z</time>
        <extensions>
          <ns3:TrackPointExtension>
            <ns3:atemp>14.0</ns3:atemp>
          </ns3:TrackPointExtension>
        </extensions>
      </trkpt>
      <trkpt lat="39.87735905684530735015869140625" lon="-105.89917355217039585113525390625">
        <ele>2863</ele>
        <time>2026-08-01T14:46:10.000Z</time>
        <extensions>
          <ns3:TrackPointExtension>
            <ns3:atemp>14.0</ns3:atemp>
          </ns3:TrackPointExtension>
        </extensions>
      </trkpt>
      <trkpt lat="39.87730960361659526824951171875" lon="-105.8993318863213062286376953125">
        <ele>2863.60009765625</ele>
        <time>2026-08-01T14:46:15.000Z</time>
        <extensions>
          <ns3:TrackPointExtension>
            <ns3:atemp>14.0</ns3:atemp>
          </ns3:TrackPointExtension>
        </extensions>
      </trkpt>
      <trkpt lat="39.8772783391177654266357421875" lon="-105.8994254283607006072998046875">
        <ele>2863.800048828125</ele>
        <time>2026-08-01T14:46:18.000Z</time>
        <extensions>
          <ns3:TrackPointExtension>
            <ns3:atemp>14.0</ns3:atemp>
          </ns3:TrackPointExtension>
        </extensions>
      </trkpt>
      <trkpt lat="39.8772320710122585296630859375" lon="-105.89958460070192813873291015625">
        <ele>2865</ele>
        <time>2026-08-01T14:46:23.000Z</time>
        <extensions>
          <ns3:TrackPointExtension>
            <ns3:atemp>14.0</ns3:atemp>
          </ns3:TrackPointExtension>
        </extensions>
      </trkpt>
      <trkpt lat="39.87722159363329410552978515625" lon="-105.89964528568089008331298828125">
        <ele>2865.39990234375</ele>
        <time>2026-08-01T14:46:25.000Z</time>
        <extensions>
          <ns3:TrackPointExtension>
            <ns3:atemp>14.0</ns3:atemp>
          </ns3:TrackPointExtension>
        </extensions>
      </trkpt>
      <trkpt lat="39.877215139567852020263671875" lon="-105.899672694504261016845703125">
        <ele>2866</ele>
        <time>2026-08-01T14:46:27.000Z</time>
        <extensions>
          <ns3:TrackPointExtension>
            <ns3:atemp>14.0</ns3:atemp>
          </ns3:TrackPointExtension>
        </extensions>
      </trkpt>
      <trkpt lat="39.87714598886668682098388671875" lon="-105.8999025262892246246337890625">
        <ele>2867</ele>
        <time>2026-08-01T14:46:34.000Z</time>
        <extensions>
          <ns3:TrackPointExtension>
            <ns3:atemp>14.0</ns3:atemp>
          </ns3:TrackPointExtension>
        </extensions>
      </trkpt>
      <trkpt lat="39.87711899913847446441650390625" lon="-105.89997787959873676300048828125">
        <ele>2868.199951171875</ele>
        <time>2026-08-01T14:46:38.000Z</time>
        <extensions>
          <ns3:TrackPointExtension>
            <ns3:atemp>14.0</ns3:atemp>
          </ns3:TrackPointExtension>
        </extensions>
      </trkpt>
      <trkpt lat="39.87707239575684070587158203125" lon="-105.90013696812093257904052734375">
        <ele>2869.199951171875</ele>
        <time>2026-08-01T14:46:43.000Z</time>
        <extensions>
          <ns3:TrackPointExtension>
            <ns3:atemp>14.0</ns3:atemp>
          </ns3:TrackPointExtension>
        </extensions>
      </trkpt>
      <trkpt lat="39.87706216983497142791748046875" lon="-105.90016387403011322021484375">
        <ele>2869.39990234375</ele>
        <time>2026-08-01T14:46:44.000Z</time>
        <extensions>
          <ns3:TrackPointExtension>
            <ns3:atemp>14.0</ns3:atemp>
          </ns3:TrackPointExtension>
        </extensions>
      </trkpt>
      <trkpt lat="39.8770223557949066162109375" lon="-105.90027761645615100860595703125">
        <ele>2870.199951171875</ele>
        <time>2026-08-01T14:46:49.000Z</time>
        <extensions>
          <ns3:TrackPointExtension>
            <ns3:atemp>14.0</ns3:atemp>
          </ns3:TrackPointExtension>
        </extensions>
      </trkpt>
      <trkpt lat="39.87698036246001720428466796875" lon="-105.90044743381440639495849609375">
        <ele>2871.199951171875</ele>
        <time>2026-08-01T14:46:54.000Z</time>
        <extensions>
          <ns3:TrackPointExtension>
            <ns3:atemp>14.0</ns3:atemp>
          </ns3:TrackPointExtension>
        </extensions>
      </trkpt>
      <trkpt lat="39.8769606649875640869140625" lon="-105.900534354150295257568359375">
        <ele>2872.199951171875</ele>
        <time>2026-08-01T14:46:58.000Z</time>
        <extensions>
          <ns3:TrackPointExtension>
            <ns3:atemp>14.0</ns3:atemp>
          </ns3:TrackPointExtension>
        </extensions>
      </trkpt>
      <trkpt lat="39.8768941126763820648193359375" lon="-105.90072973631322383880615234375">
        <ele>2873.39990234375</ele>
        <time>2026-08-01T14:47:04.000Z</time>
        <extensions>
          <ns3:TrackPointExtension>
            <ns3:atemp>14.0</ns3:atemp>
          </ns3:TrackPointExtension>
        </extensions>
      </trkpt>
      <trkpt lat="39.8768414743244647979736328125" lon="-105.90083568356931209564208984375">
        <ele>2874.39990234375</ele>
        <time>2026-08-01T14:47:09.000Z</time>
        <extensions>
          <ns3:TrackPointExtension>
            <ns3:atemp>14.0</ns3:atemp>
          </ns3:TrackPointExtension>
        </extensions>
      </trkpt>
      <trkpt lat="39.8768176697194576263427734375" lon="-105.90087776072323322296142578125">
        <ele>2874.39990234375</ele>
        <time>2026-08-01T14:47:10.000Z</time>
        <extensions>
          <ns3:TrackPointExtension>
            <ns3:atemp>14.0</ns3:atemp>
          </ns3:TrackPointExtension>
        </extensions>
      </trkpt>
      <trkpt lat="39.87674583680927753448486328125" lon="-105.90100164525210857391357421875">
        <ele>2875.39990234375</ele>
        <time>2026-08-01T14:47:16.000Z</time>
        <extensions>
          <ns3:TrackPointExtension>
            <ns3:atemp>15.0</ns3:atemp>
          </ns3:TrackPointExtension>
        </extensions>
      </trkpt>
      <trkpt lat="39.87673066556453704833984375" lon="-105.901020504534244537353515625">
        <ele>2875.60009765625</ele>
        <time>2026-08-01T14:47:17.000Z</time>
        <extensions>
          <ns3:TrackPointExtension>
            <ns3:atemp>15.0</ns3:atemp>
          </ns3:TrackPointExtension>
        </extensions>
      </trkpt>
      <trkpt lat="39.8766414821147918701171875" lon="-105.90111211873590946197509765625">
        <ele>2876.39990234375</ele>
        <time>2026-08-01T14:47:22.000Z</time>
        <extensions>
          <ns3:TrackPointExtension>
            <ns3:atemp>15.0</ns3:atemp>
          </ns3:TrackPointExtension>
        </extensions>
      </trkpt>
      <trkpt lat="39.8766414821147918701171875" lon="-105.90111211873590946197509765625">
        <ele>2877</ele>
        <time>2026-08-01T14:47:23.000Z</time>
        <extensions>
          <ns3:TrackPointExtension>
            <ns3:atemp>15.0</ns3:atemp>
          </ns3:TrackPointExtension>
        </extensions>
      </trkpt>
      <trkpt lat="39.8765836469829082489013671875" lon="-105.9011685289442539215087890625">
        <ele>2877.60009765625</ele>
        <time>2026-08-01T14:47:25.000Z</time>
        <extensions>
          <ns3:TrackPointExtension>
            <ns3:atemp>15.0</ns3:atemp>
          </ns3:TrackPointExtension>
        </extensions>
      </trkpt>
      <trkpt lat="39.8765038512647151947021484375" lon="-105.9012459777295589447021484375">
        <ele>2878.800048828125</ele>
        <time>2026-08-01T14:47:29.000Z</time>
        <extensions>
          <ns3:TrackPointExtension>
            <ns3:atemp>15.0</ns3:atemp>
          </ns3:TrackPointExtension>
        </extensions>
      </trkpt>
      <trkpt lat="39.87641190178692340850830078125" lon="-105.90132535435259342193603515625">
        <ele>2880</ele>
        <time>2026-08-01T14:47:34.000Z</time>
        <extensions>
          <ns3:TrackPointExtension>
            <ns3:atemp>15.0</ns3:atemp>
          </ns3:TrackPointExtension>
        </extensions>
      </trkpt>
      <trkpt lat="39.87638709135353565216064453125" lon="-105.90134949423372745513916015625">
        <ele>2880.199951171875</ele>
        <time>2026-08-01T14:47:35.000Z</time>
        <extensions>
          <ns3:TrackPointExtension>
            <ns3:atemp>15.0</ns3:atemp>
          </ns3:TrackPointExtension>
        </extensions>
      </trkpt>
      <trkpt lat="39.8763653822243213653564453125" lon="-105.90137078426778316497802734375">
        <ele>2880.60009765625</ele>
        <time>2026-08-01T14:47:36.000Z</time>
        <extensions>
          <ns3:TrackPointExtension>
            <ns3:atemp>15.0</ns3:atemp>
          </ns3:TrackPointExtension>
        </extensions>
      </trkpt>
      <trkpt lat="39.87627091817557811737060546875" lon="-105.90145275928080081939697265625">
        <ele>2881.199951171875</ele>
        <time>2026-08-01T14:47:40.000Z</time>
        <extensions>
          <ns3:TrackPointExtension>
            <ns3:atemp>15.0</ns3:atemp>
          </ns3:TrackPointExtension>
        </extensions>
      </trkpt>
      <trkpt lat="39.87617804668843746185302734375" lon="-105.90155837126076221466064453125">
        <ele>2882.39990234375</ele>
        <time>2026-08-01T14:47:45.000Z</time>
        <extensions>
          <ns3:TrackPointExtension>
            <ns3:atemp>15.0</ns3:atemp>
          </ns3:TrackPointExtension>
        </extensions>
      </trkpt>
      <trkpt lat="39.8760834150016307830810546875" lon="-105.90169097296893596649169921875">
        <ele>2883.199951171875</ele>
        <time>2026-08-01T14:47:51.000Z</time>
        <extensions>
          <ns3:TrackPointExtension>
            <ns3:atemp>15.0</ns3:atemp>
          </ns3:TrackPointExtension>
        </extensions>
      </trkpt>
      <trkpt lat="39.876060448586940765380859375" lon="-105.90173900127410888671875">
        <ele>2883.60009765625</ele>
        <time>2026-08-01T14:47:53.000Z</time>
        <extensions>
          <ns3:TrackPointExtension>
            <ns3:atemp>15.0</ns3:atemp>
          </ns3:TrackPointExtension>
        </extensions>
      </trkpt>
      <trkpt lat="39.87602851353585720062255859375" lon="-105.9018380753695964813232421875">
        <ele>2884.800048828125</ele>
        <time>2026-08-01T14:47:57.000Z</time>
        <extensions>
          <ns3:TrackPointExtension>
            <ns3:atemp>15.0</ns3:atemp>
          </ns3:TrackPointExtension>
        </extensions>
      </trkpt>
      <trkpt lat="39.875994734466075897216796875" lon="-105.9019306115806102752685546875">
        <ele>2885.800048828125</ele>
        <time>2026-08-01T14:48:01.000Z</time>
        <extensions>
          <ns3:TrackPointExtension>
            <ns3:atemp>15.0</ns3:atemp>
          </ns3:TrackPointExtension>
        </extensions>
      </trkpt>
      <trkpt lat="39.875984005630016326904296875" lon="-105.90194997377693653106689453125">
        <ele>2886</ele>
        <time>2026-08-01T14:48:02.000Z</time>
        <extensions>
          <ns3:TrackPointExtension>
            <ns3:atemp>15.0</ns3:atemp>
          </ns3:TrackPointExtension>
        </extensions>
      </trkpt>
      <trkpt lat="39.87592591904103755950927734375" lon="-105.90202406980097293853759765625">
        <ele>2887</ele>
        <time>2026-08-01T14:48:06.000Z</time>
        <extensions>
          <ns3:TrackPointExtension>
            <ns3:atemp>15.0</ns3:atemp>
          </ns3:TrackPointExtension>
        </extensions>
      </trkpt>
      <trkpt lat="39.8759130947291851043701171875" lon="-105.90204150415956974029541015625">
        <ele>2887.39990234375</ele>
        <time>2026-08-01T14:48:07.000Z</time>
        <extensions>
          <ns3:TrackPointExtension>
            <ns3:atemp>15.0</ns3:atemp>
          </ns3:TrackPointExtension>
        </extensions>
      </trkpt>
      <trkpt lat="39.875839166343212127685546875" lon="-105.90211057104170322418212890625">
        <ele>2887.800048828125</ele>
        <time>2026-08-01T14:48:12.000Z</time>
        <extensions>
          <ns3:TrackPointExtension>
            <ns3:atemp>15.0</ns3:atemp>
          </ns3:TrackPointExtension>
        </extensions>
      </trkpt>
      <trkpt lat="39.875826425850391387939453125" lon="-105.90212046168744564056396484375">
        <ele>2888</ele>
        <time>2026-08-01T14:48:13.000Z</time>
        <extensions>
          <ns3:TrackPointExtension>
            <ns3:atemp>15.0</ns3:atemp>
          </ns3:TrackPointExtension>
        </extensions>
      </trkpt>
      <trkpt lat="39.87577454186975955963134765625" lon="-105.902173183858394622802734375">
        <ele>2889</ele>
        <time>2026-08-01T14:48:17.000Z</time>
        <extensions>
          <ns3:TrackPointExtension>
            <ns3:atemp>15.0</ns3:atemp>
          </ns3:TrackPointExtension>
        </extensions>
      </trkpt>
      <trkpt lat="39.8757709376513957977294921875" lon="-105.90218550525605678558349609375">
        <ele>2889.199951171875</ele>
        <time>2026-08-01T14:48:18.000Z</time>
        <extensions>
          <ns3:TrackPointExtension>
            <ns3:atemp>15.0</ns3:atemp>
          </ns3:TrackPointExtension>
        </extensions>
      </trkpt>
      <trkpt lat="39.87577177584171295166015625" lon="-105.90220159851014614105224609375">
        <ele>2889.39990234375</ele>
        <time>2026-08-01T14:48:19.000Z</time>
        <extensions>
          <ns3:TrackPointExtension>
            <ns3:atemp>15.0</ns3:atemp>
          </ns3:TrackPointExtension>
        </extensions>
      </trkpt>
      <trkpt lat="39.87577806226909160614013671875" lon="-105.90221500955522060394287109375">
        <ele>2889.39990234375</ele>
        <time>2026-08-01T14:48:20.000Z</time>
        <extensions>
          <ns3:TrackPointExtension>
            <ns3:atemp>15.0</ns3:atemp>
          </ns3:TrackPointExtension>
        </extensions>
      </trkpt>
      <trkpt lat="39.8758339695632457733154296875" lon="-105.90222523547708988189697265625">
        <ele>2889.60009765625</ele>
        <time>2026-08-01T14:48:23.000Z</time>
        <extensions>
          <ns3:TrackPointExtension>
            <ns3:atemp>15.0</ns3:atemp>
          </ns3:TrackPointExtension>
        </extensions>
      </trkpt>
      <trkpt lat="39.87585961818695068359375" lon="-105.902225486934185028076171875">
        <ele>2889.60009765625</ele>
        <time>2026-08-01T14:48:24.000Z</time>
        <extensions>
          <ns3:TrackPointExtension>
            <ns3:atemp>15.0</ns3:atemp>
          </ns3:TrackPointExtension>
        </extensions>
      </trkpt>
      <trkpt lat="39.8759186267852783203125" lon="-105.902192294597625732421875">
        <ele>2889.800048828125</ele>
        <time>2026-08-01T14:48:27.000Z</time>
        <extensions>
          <ns3:TrackPointExtension>
            <ns3:atemp>15.0</ns3:atemp>
          </ns3:TrackPointExtension>
        </extensions>
      </trkpt>
      <trkpt lat="39.8760455287992954254150390625" lon="-105.90208995155990123748779296875">
        <ele>2889.60009765625</ele>
        <time>2026-08-01T14:48:32.000Z</time>
        <extensions>
          <ns3:TrackPointExtension>
            <ns3:atemp>15.0</ns3:atemp>
          </ns3:TrackPointExtension>
        </extensions>
      </trkpt>
      <trkpt lat="39.876075871288776397705078125" lon="-105.9020741097629070281982421875">
        <ele>2889.60009765625</ele>
        <time>2026-08-01T14:48:33.000Z</time>
        <extensions>
          <ns3:TrackPointExtension>
            <ns3:atemp>15.0</ns3:atemp>
          </ns3:TrackPointExtension>
        </extensions>
      </trkpt>
      <trkpt lat="39.876215346157550811767578125" lon="-105.90197838842868804931640625">
        <ele>2889.60009765625</ele>
        <time>2026-08-01T14:48:37.000Z</time>
        <extensions>
          <ns3:TrackPointExtension>
            <ns3:atemp>15.0</ns3:atemp>
          </ns3:TrackPointExtension>
        </extensions>
      </trkpt>
      <trkpt lat="39.87635037861764430999755859375" lon="-105.901824496686458587646484375">
        <ele>2889.60009765625</ele>
        <time>2026-08-01T14:48:42.000Z</time>
        <extensions>
          <ns3:TrackPointExtension>
            <ns3:atemp>15.0</ns3:atemp>
          </ns3:TrackPointExtension>
        </extensions>
      </trkpt>
      <trkpt lat="39.87635775469243526458740234375" lon="-105.901800692081451416015625">
        <ele>2889.39990234375</ele>
        <time>2026-08-01T14:48:43.000Z</time>
        <extensions>
          <ns3:TrackPointExtension>
            <ns3:atemp>15.0</ns3:atemp>
          </ns3:TrackPointExtension>
        </extensions>
      </trkpt>
      <trkpt lat="39.876342751085758209228515625" lon="-105.90178619138896465301513671875">
        <ele>2889.39990234375</ele>
        <time>2026-08-01T14:48:44.000Z</time>
        <extensions>
          <ns3:TrackPointExtension>
            <ns3:atemp>15.0</ns3:atemp>
          </ns3:TrackPointExtension>
        </extensions>
      </trkpt>
      <trkpt lat="39.8762232251465320587158203125" lon="-105.90183262713253498077392578125">
        <ele>2889.199951171875</ele>
        <time>2026-08-01T14:48:48.000Z</time>
        <extensions>
          <ns3:TrackPointExtension>
            <ns3:atemp>15.0</ns3:atemp>
          </ns3:TrackPointExtension>
        </extensions>
      </trkpt>
      <trkpt lat="39.876144267618656158447265625" lon="-105.901868753135204315185546875">
        <ele>2889.199951171875</ele>
        <time>2026-08-01T14:48:50.000Z</time>
        <extensions>
          <ns3:TrackPointExtension>
            <ns3:atemp>15.0</ns3:atemp>
          </ns3:TrackPointExtension>
        </extensions>
      </trkpt>
      <trkpt lat="39.8760648071765899658203125" lon="-105.9018374048173427581787109375">
        <ele>2888.60009765625</ele>
        <time>2026-08-01T14:48:52.000Z</time>
        <extensions>
          <ns3:TrackPointExtension>
            <ns3:atemp>15.0</ns3:atemp>
          </ns3:TrackPointExtension>
        </extensions>
      </trkpt>
      <trkpt lat="39.87605550326406955718994140625" lon="-105.9016536734998226165771484375">
        <ele>2887.800048828125</ele>
        <time>2026-08-01T14:48:55.000Z</time>
        <extensions>
          <ns3:TrackPointExtension>
            <ns3:atemp>15.0</ns3:atemp>
          </ns3:TrackPointExtension>
        </extensions>
      </trkpt>
      <trkpt lat="39.87612507306039333343505859375" lon="-105.90152652002871036529541015625">
        <ele>2887</ele>
        <time>2026-08-01T14:48:57.000Z</time>
        <extensions>
          <ns3:TrackPointExtension>
            <ns3:atemp>15.0</ns3:atemp>
          </ns3:TrackPointExtension>
        </extensions>
      </trkpt>
      <trkpt lat="39.87624141387641429901123046875" lon="-105.90140799991786479949951171875">
        <ele>2886.199951171875</ele>
        <time>2026-08-01T14:48:59.000Z</time>
        <extensions>
          <ns3:TrackPointExtension>
            <ns3:atemp>15.0</ns3:atemp>
          </ns3:TrackPointExtension>
        </extensions>
      </trkpt>
      <trkpt lat="39.87630930729210376739501953125" lon="-105.901350416243076324462890625">
        <ele>2885.800048828125</ele>
        <time>2026-08-01T14:49:00.000Z</time>
        <extensions>
          <ns3:TrackPointExtension>
            <ns3:atemp>15.0</ns3:atemp>
          </ns3:TrackPointExtension>
        </extensions>
      </trkpt>
      <trkpt lat="39.8763740994036197662353515625" lon="-105.9012912400066852569580078125">
        <ele>2885.39990234375</ele>
        <time>2026-08-01T14:49:01.000Z</time>
        <extensions>
          <ns3:TrackPointExtension>
            <ns3:atemp>15.0</ns3:atemp>
          </ns3:TrackPointExtension>
        </extensions>
      </trkpt>
      <trkpt lat="39.8764979839324951171875" lon="-105.90117313899099826812744140625">
        <ele>2884.60009765625</ele>
        <time>2026-08-01T14:49:03.000Z</time>
        <extensions>
          <ns3:TrackPointExtension>
            <ns3:atemp>16.0</ns3:atemp>
          </ns3:TrackPointExtension>
        </extensions>
      </trkpt>
      <trkpt lat="39.87669588066637516021728515625" lon="-105.9009717218577861785888671875">
        <ele>2883.199951171875</ele>
        <time>2026-08-01T14:49:06.000Z</time>
        <extensions>
          <ns3:TrackPointExtension>
            <ns3:atemp>16.0</ns3:atemp>
          </ns3:TrackPointExtension>
        </extensions>
      </trkpt>
      <trkpt lat="39.8767603375017642974853515625" lon="-105.900888405740261077880859375">
        <ele>2883</ele>
        <time>2026-08-01T14:49:07.000Z</time>
        <extensions>
          <ns3:TrackPointExtension>
            <ns3:atemp>16.0</ns3:atemp>
          </ns3:TrackPointExtension>
        </extensions>
      </trkpt>
      <trkpt lat="39.876912720501422882080078125" lon="-105.90057701803743839263916015625">
        <ele>2881.60009765625</ele>
        <time>2026-08-01T14:49:10.000Z</time>
        <extensions>
          <ns3:TrackPointExtension>
            <ns3:atemp>16.0</ns3:atemp>
          </ns3:TrackPointExtension>
        </extensions>
      </trkpt>
      <trkpt lat="39.87695069052278995513916015625" lon="-105.90046201832592487335205078125">
        <ele>2881</ele>
        <time>2026-08-01T14:49:11.000Z</time>
        <extensions>
          <ns3:TrackPointExtension>
            <ns3:atemp>16.0</ns3:atemp>
          </ns3:TrackPointExtension>
        </extensions>
      </trkpt>
      <trkpt lat="39.8769848048686981201171875" lon="-105.90035204775631427764892578125">
        <ele>2880</ele>
        <time>2026-08-01T14:49:12.000Z</time>
        <extensions>
          <ns3:TrackPointExtension>
            <ns3:atemp>16.0</ns3:atemp>
          </ns3:TrackPointExtension>
        </extensions>
      </trkpt>
      <trkpt lat="39.87704087980091571807861328125" lon="-105.90013294480741024017333984375">
        <ele>2878.60009765625</ele>
        <time>2026-08-01T14:49:14.000Z</time>
        <extensions>
          <ns3:TrackPointExtension>
            <ns3:atemp>16.0</ns3:atemp>
          </ns3:TrackPointExtension>
        </extensions>
      </trkpt>
      <trkpt lat="39.87710810266435146331787109375" lon="-105.89990545995533466339111328125">
        <ele>2876.39990234375</ele>
        <time>2026-08-01T14:49:16.000Z</time>
        <extensions>
          <ns3:TrackPointExtension>
            <ns3:atemp>16.0</ns3:atemp>
          </ns3:TrackPointExtension>
        </extensions>
      </trkpt>
      <trkpt lat="39.87714640796184539794921875" lon="-105.89978559873998165130615234375">
        <ele>2874.39990234375</ele>
        <time>2026-08-01T14:49:17.000Z</time>
        <extensions>
          <ns3:TrackPointExtension>
            <ns3:atemp>16.0</ns3:atemp>
          </ns3:TrackPointExtension>
        </extensions>
      </trkpt>
      <trkpt lat="39.87722243182361125946044921875" lon="-105.89953883551061153411865234375">
        <ele>2872.800048828125</ele>
        <time>2026-08-01T14:49:19.000Z</time>
        <extensions>
          <ns3:TrackPointExtension>
            <ns3:atemp>16.0</ns3:atemp>
          </ns3:TrackPointExtension>
        </extensions>
      </trkpt>
      <trkpt lat="39.8773464001715183258056640625" lon="-105.89915662072598934173583984375">
        <ele>2870.800048828125</ele>
        <time>2026-08-01T14:49:22.000Z</time>
        <extensions>
          <ns3:TrackPointExtension>
            <ns3:atemp>16.0</ns3:atemp>
          </ns3:TrackPointExtension>
        </extensions>
      </trkpt>
      <trkpt lat="39.87743742763996124267578125" lon="-105.8988933451473712921142578125">
        <ele>2869.60009765625</ele>
        <time>2026-08-01T14:49:24.000Z</time>
        <extensions>
          <ns3:TrackPointExtension>
            <ns3:atemp>16.0</ns3:atemp>
          </ns3:TrackPointExtension>
        </extensions>
      </trkpt>
      <trkpt lat="39.87748998217284679412841796875" lon="-105.898764096200466156005859375">
        <ele>2868.199951171875</ele>
        <time>2026-08-01T14:49:26.000Z</time>
        <extensions>
          <ns3:TrackPointExtension>
            <ns3:atemp>16.0</ns3:atemp>
          </ns3:TrackPointExtension>
        </extensions>
      </trkpt>
      <trkpt lat="39.877616465091705322265625" lon="-105.89852412231266498565673828125">
        <ele>2868</ele>
        <time>2026-08-01T14:49:27.000Z</time>
        <extensions>
          <ns3:TrackPointExtension>
            <ns3:atemp>16.0</ns3:atemp>
          </ns3:TrackPointExtension>
        </extensions>
      </trkpt>
      <trkpt lat="39.87769282422959804534912109375" lon="-105.89841306209564208984375">
        <ele>2866.39990234375</ele>
        <time>2026-08-01T14:49:28.000Z</time>
        <extensions>
          <ns3:TrackPointExtension>
            <ns3:atemp>16.0</ns3:atemp>
          </ns3:TrackPointExtension>
        </extensions>
      </trkpt>
      <trkpt lat="39.8778538405895233154296875" lon="-105.8982174284756183624267578125">
        <ele>2865.39990234375</ele>
        <time>2026-08-01T14:49:30.000Z</time>
        <extensions>
          <ns3:TrackPointExtension>
            <ns3:atemp>16.0</ns3:atemp>
          </ns3:TrackPointExtension>
        </extensions>
      </trkpt>
      <trkpt lat="39.8779324628412723541259765625" lon="-105.8981242217123508453369140625">
        <ele>2864.60009765625</ele>
        <time>2026-08-01T14:49:31.000Z</time>
        <extensions>
          <ns3:TrackPointExtension>
            <ns3:atemp>16.0</ns3:atemp>
          </ns3:TrackPointExtension>
        </extensions>
      </trkpt>
      <trkpt lat="39.877994321286678314208984375" lon="-105.89804920367896556854248046875">
        <ele>2864.199951171875</ele>
        <time>2026-08-01T14:49:32.000Z</time>
        <extensions>
          <ns3:TrackPointExtension>
            <ns3:atemp>16.0</ns3:atemp>
          </ns3:TrackPointExtension>
        </extensions>
      </trkpt>
      <trkpt lat="39.87814896740019321441650390625" lon="-105.89786061085760593414306640625">
        <ele>2861.39990234375</ele>
        <time>2026-08-01T14:49:35.000Z</time>
        <extensions>
          <ns3:TrackPointExtension>
            <ns3:atemp>16.0</ns3:atemp>
          </ns3:TrackPointExtension>
        </extensions>
      </trkpt>
      <trkpt lat="39.87829749472439289093017578125" lon="-105.897659696638584136962890625">
        <ele>2860.60009765625</ele>
        <time>2026-08-01T14:49:36.000Z</time>
        <extensions>
          <ns3:TrackPointExtension>
            <ns3:atemp>16.0</ns3:atemp>
          </ns3:TrackPointExtension>
        </extensions>
      </trkpt>
      <trkpt lat="39.8783720098435878753662109375" lon="-105.89755383320152759552001953125">
        <ele>2859.800048828125</ele>
        <time>2026-08-01T14:49:37.000Z</time>
        <extensions>
          <ns3:TrackPointExtension>
            <ns3:atemp>16.0</ns3:atemp>
          </ns3:TrackPointExtension>
        </extensions>
      </trkpt>
      <trkpt lat="39.878528751432895660400390625" lon="-105.8973334729671478271484375">
        <ele>2857.800048828125</ele>
        <time>2026-08-01T14:49:39.000Z</time>
        <extensions>
          <ns3:TrackPointExtension>
            <ns3:atemp>16.0</ns3:atemp>
          </ns3:TrackPointExtension>
        </extensions>
      </trkpt>
      <trkpt lat="39.878704436123371124267578125" lon="-105.89711177162826061248779296875">
        <ele>2856.39990234375</ele>
        <time>2026-08-01T14:49:41.000Z</time>
        <extensions>
          <ns3:TrackPointExtension>
            <ns3:atemp>16.0</ns3:atemp>
          </ns3:TrackPointExtension>
        </extensions>
      </trkpt>
      <trkpt lat="39.878704436123371124267578125" lon="-105.89711177162826061248779296875">
        <ele>2855</ele>
        <time>2026-08-01T14:49:42.000Z</time>
        <extensions>
          <ns3:TrackPointExtension>
            <ns3:atemp>16.0</ns3:atemp>
          </ns3:TrackPointExtension>
        </extensions>
      </trkpt>
      <trkpt lat="39.878968633711338043212890625" lon="-105.896795354783535003662109375">
        <ele>2853</ele>
        <time>2026-08-01T14:49:44.000Z</time>
        <extensions>
          <ns3:TrackPointExtension>
            <ns3:atemp>16.0</ns3:atemp>
          </ns3:TrackPointExtension>
        </extensions>
      </trkpt>
      <trkpt lat="39.8791458271443843841552734375" lon="-105.8965923450887203216552734375">
        <ele>2851.60009765625</ele>
        <time>2026-08-01T14:49:46.000Z</time>
        <extensions>
          <ns3:TrackPointExtension>
            <ns3:atemp>16.0</ns3:atemp>
          </ns3:TrackPointExtension>
        </extensions>
      </trkpt>
      <trkpt lat="39.879327714443206787109375" lon="-105.89641221798956394195556640625">
        <ele>2850.60009765625</ele>
        <time>2026-08-01T14:49:48.000Z</time>
        <extensions>
          <ns3:TrackPointExtension>
            <ns3:atemp>16.0</ns3:atemp>
          </ns3:TrackPointExtension>
        </extensions>
      </trkpt>
      <trkpt lat="39.8794210888445377349853515625" lon="-105.896334685385227203369140625">
        <ele>2849.800048828125</ele>
        <time>2026-08-01T14:49:49.000Z</time>
        <extensions>
          <ns3:TrackPointExtension>
            <ns3:atemp>16.0</ns3:atemp>
          </ns3:TrackPointExtension>
        </extensions>
      </trkpt>
      <trkpt lat="39.87970213405787944793701171875" lon="-105.8961360342800617218017578125">
        <ele>2848.39990234375</ele>
        <time>2026-08-01T14:49:52.000Z</time>
        <extensions>
          <ns3:TrackPointExtension>
            <ns3:atemp>16.0</ns3:atemp>
          </ns3:TrackPointExtension>
        </extensions>
      </trkpt>
      <trkpt lat="39.87979601137340068817138671875" lon="-105.89606990106403827667236328125">
        <ele>2848</ele>
        <time>2026-08-01T14:49:53.000Z</time>
        <extensions>
          <ns3:TrackPointExtension>
            <ns3:atemp>16.0</ns3:atemp>
          </ns3:TrackPointExtension>
        </extensions>
      </trkpt>
      <trkpt lat="39.8799853585660457611083984375" lon="-105.8959358744323253631591796875">
        <ele>2847</ele>
        <time>2026-08-01T14:49:55.000Z</time>
        <extensions>
          <ns3:TrackPointExtension>
            <ns3:atemp>16.0</ns3:atemp>
          </ns3:TrackPointExtension>
        </extensions>
      </trkpt>
      <trkpt lat="39.88025768660008907318115234375" lon="-105.895708389580249786376953125">
        <ele>2845.800048828125</ele>
        <time>2026-08-01T14:49:58.000Z</time>
        <extensions>
          <ns3:TrackPointExtension>
            <ns3:atemp>16.0</ns3:atemp>
          </ns3:TrackPointExtension>
        </extensions>
      </trkpt>
      <trkpt lat="39.88033689558506011962890625" lon="-105.8956233970820903778076171875">
        <ele>2845.60009765625</ele>
        <time>2026-08-01T14:49:59.000Z</time>
        <extensions>
          <ns3:TrackPointExtension>
            <ns3:atemp>16.0</ns3:atemp>
          </ns3:TrackPointExtension>
        </extensions>
      </trkpt>
      <trkpt lat="39.88041325472295284271240234375" lon="-105.8955352194607257843017578125">
        <ele>2844.800048828125</ele>
        <time>2026-08-01T14:50:00.000Z</time>
        <extensions>
          <ns3:TrackPointExtension>
            <ns3:atemp>16.0</ns3:atemp>
          </ns3:TrackPointExtension>
        </extensions>
      </trkpt>
      <trkpt lat="39.88055490888655185699462890625" lon="-105.895365737378597259521484375">
        <ele>2843.60009765625</ele>
        <time>2026-08-01T14:50:02.000Z</time>
        <extensions>
          <ns3:TrackPointExtension>
            <ns3:atemp>16.0</ns3:atemp>
          </ns3:TrackPointExtension>
        </extensions>
      </trkpt>
      <trkpt lat="39.88068549893796443939208984375" lon="-105.8952086605131626129150390625">
        <ele>2842.800048828125</ele>
        <time>2026-08-01T14:50:04.000Z</time>
        <extensions>
          <ns3:TrackPointExtension>
            <ns3:atemp>16.0</ns3:atemp>
          </ns3:TrackPointExtension>
        </extensions>
      </trkpt>
      <trkpt lat="39.88068549893796443939208984375" lon="-105.8952086605131626129150390625">
        <ele>2842.39990234375</ele>
        <time>2026-08-01T14:50:05.000Z</time>
        <extensions>
          <ns3:TrackPointExtension>
            <ns3:atemp>16.0</ns3:atemp>
          </ns3:TrackPointExtension>
        </extensions>
      </trkpt>
      <trkpt lat="39.88086855970323085784912109375" lon="-105.8949974365532398223876953125">
        <ele>2841</ele>
        <time>2026-08-01T14:50:07.000Z</time>
        <extensions>
          <ns3:TrackPointExtension>
            <ns3:atemp>16.0</ns3:atemp>
          </ns3:TrackPointExtension>
        </extensions>
      </trkpt>
      <trkpt lat="39.8810512013733386993408203125" lon="-105.89479970745742321014404296875">
        <ele>2839.800048828125</ele>
        <time>2026-08-01T14:50:10.000Z</time>
        <extensions>
          <ns3:TrackPointExtension>
            <ns3:atemp>16.0</ns3:atemp>
          </ns3:TrackPointExtension>
        </extensions>
      </trkpt>
      <trkpt lat="39.8811717331409454345703125" lon="-105.8946673572063446044921875">
        <ele>2839.60009765625</ele>
        <time>2026-08-01T14:50:12.000Z</time>
        <extensions>
          <ns3:TrackPointExtension>
            <ns3:atemp>16.0</ns3:atemp>
          </ns3:TrackPointExtension>
        </extensions>
      </trkpt>
      <trkpt lat="39.8814136348664760589599609375" lon="-105.89439653791487216949462890625">
        <ele>2838.800048828125</ele>
        <time>2026-08-01T14:50:16.000Z</time>
        <extensions>
          <ns3:TrackPointExtension>
            <ns3:atemp>16.0</ns3:atemp>
          </ns3:TrackPointExtension>
        </extensions>
      </trkpt>
      <trkpt lat="39.88153190352022647857666015625" lon="-105.89426242746412754058837890625">
        <ele>2838.199951171875</ele>
        <time>2026-08-01T14:50:18.000Z</time>
        <extensions>
          <ns3:TrackPointExtension>
            <ns3:atemp>16.0</ns3:atemp>
          </ns3:TrackPointExtension>
        </extensions>
      </trkpt>
      <trkpt lat="39.88175117410719394683837890625" lon="-105.89401314966380596160888671875">
        <ele>2837.800048828125</ele>
        <time>2026-08-01T14:50:22.000Z</time>
        <extensions>
          <ns3:TrackPointExtension>
            <ns3:atemp>16.0</ns3:atemp>
          </ns3:TrackPointExtension>
        </extensions>
      </trkpt>
      <trkpt lat="39.88180582411587238311767578125" lon="-105.89396587572991847991943359375">
        <ele>2837.800048828125</ele>
        <time>2026-08-01T14:50:23.000Z</time>
        <extensions>
          <ns3:TrackPointExtension>
            <ns3:atemp>16.0</ns3:atemp>
          </ns3:TrackPointExtension>
        </extensions>
      </trkpt>
      <trkpt lat="39.8819836042821407318115234375" lon="-105.89386344887316226959228515625">
        <ele>2837.39990234375</ele>
        <time>2026-08-01T14:50:26.000Z</time>
        <extensions>
          <ns3:TrackPointExtension>
            <ns3:atemp>16.0</ns3:atemp>
          </ns3:TrackPointExtension>
        </extensions>
      </trkpt>
      <trkpt lat="39.8820514976978302001953125" lon="-105.89383997954428195953369140625">
        <ele>2837</ele>
        <time>2026-08-01T14:50:27.000Z</time>
        <extensions>
          <ns3:TrackPointExtension>
            <ns3:atemp>16.0</ns3:atemp>
          </ns3:TrackPointExtension>
        </extensions>
      </trkpt>
      <trkpt lat="39.88227169029414653778076171875" lon="-105.89379890821874141693115234375">
        <ele>2836.60009765625</ele>
        <time>2026-08-01T14:50:30.000Z</time>
        <extensions>
          <ns3:TrackPointExtension>
            <ns3:atemp>16.0</ns3:atemp>
          </ns3:TrackPointExtension>
        </extensions>
      </trkpt>
      <trkpt lat="39.8823477141559123992919921875" lon="-105.89377828873693943023681640625">
        <ele>2836.60009765625</ele>
        <time>2026-08-01T14:50:31.000Z</time>
        <extensions>
          <ns3:TrackPointExtension>
            <ns3:atemp>16.0</ns3:atemp>
          </ns3:TrackPointExtension>
        </extensions>
      </trkpt>
      <trkpt lat="39.8823477141559123992919921875" lon="-105.89377828873693943023681640625">
        <ele>2836.39990234375</ele>
        <time>2026-08-01T14:50:32.000Z</time>
        <extensions>
          <ns3:TrackPointExtension>
            <ns3:atemp>16.0</ns3:atemp>
          </ns3:TrackPointExtension>
        </extensions>
      </trkpt>
      <trkpt lat="39.8825026117265224456787109375" lon="-105.89369237422943115234375">
        <ele>2836.199951171875</ele>
        <time>2026-08-01T14:50:33.000Z</time>
        <extensions>
          <ns3:TrackPointExtension>
            <ns3:atemp>16.0</ns3:atemp>
          </ns3:TrackPointExtension>
        </extensions>
      </trkpt>
      <trkpt lat="39.8826420865952968597412109375" lon="-105.893586091697216033935546875">
        <ele>2836</ele>
        <time>2026-08-01T14:50:35.000Z</time>
        <extensions>
          <ns3:TrackPointExtension>
            <ns3:atemp>16.0</ns3:atemp>
          </ns3:TrackPointExtension>
        </extensions>
      </trkpt>
      <trkpt lat="39.88276286981999874114990234375" lon="-105.8934481255710124969482421875">
        <ele>2835.60009765625</ele>
        <time>2026-08-01T14:50:37.000Z</time>
        <extensions>
          <ns3:TrackPointExtension>
            <ns3:atemp>16.0</ns3:atemp>
          </ns3:TrackPointExtension>
        </extensions>
      </trkpt>
      <trkpt lat="39.88294190727174282073974609375" lon="-105.8932439424097537994384765625">
        <ele>2835</ele>
        <time>2026-08-01T14:50:40.000Z</time>
        <extensions>
          <ns3:TrackPointExtension>
            <ns3:atemp>16.0</ns3:atemp>
          </ns3:TrackPointExtension>
        </extensions>
      </trkpt>
      <trkpt lat="39.8830641992390155792236328125" lon="-105.8931390009820461273193359375">
        <ele>2834.800048828125</ele>
        <time>2026-08-01T14:50:42.000Z</time>
        <extensions>
          <ns3:TrackPointExtension>
            <ns3:atemp>16.0</ns3:atemp>
          </ns3:TrackPointExtension>
        </extensions>
      </trkpt>
      <trkpt lat="39.8831996507942676544189453125" lon="-105.893087200820446014404296875">
        <ele>2834.60009765625</ele>
        <time>2026-08-01T14:50:44.000Z</time>
        <extensions>
          <ns3:TrackPointExtension>
            <ns3:atemp>16.0</ns3:atemp>
          </ns3:TrackPointExtension>
        </extensions>
      </trkpt>
      <trkpt lat="39.8833414725959300994873046875" lon="-105.8930853568017482757568359375">
        <ele>2834.60009765625</ele>
        <time>2026-08-01T14:50:46.000Z</time>
        <extensions>
          <ns3:TrackPointExtension>
            <ns3:atemp>16.0</ns3:atemp>
          </ns3:TrackPointExtension>
        </extensions>
      </trkpt>
      <trkpt lat="39.88348538987338542938232421875" lon="-105.8931165374815464019775390625">
        <ele>2834.39990234375</ele>
        <time>2026-08-01T14:50:48.000Z</time>
        <extensions>
          <ns3:TrackPointExtension>
            <ns3:atemp>16.0</ns3:atemp>
          </ns3:TrackPointExtension>
        </extensions>
      </trkpt>
      <trkpt lat="39.88362654112279415130615234375" lon="-105.89315534569323062896728515625">
        <ele>2834.39990234375</ele>
        <time>2026-08-01T14:50:50.000Z</time>
        <extensions>
          <ns3:TrackPointExtension>
            <ns3:atemp>16.0</ns3:atemp>
          </ns3:TrackPointExtension>
        </extensions>
      </trkpt>
      <trkpt lat="39.8837729729712009429931640625" lon="-105.8931993506848812103271484375">
        <ele>2834.199951171875</ele>
        <time>2026-08-01T14:50:52.000Z</time>
        <extensions>
          <ns3:TrackPointExtension>
            <ns3:atemp>16.0</ns3:atemp>
          </ns3:TrackPointExtension>
        </extensions>
      </trkpt>
      <trkpt lat="39.88384832628071308135986328125" lon="-105.893204547464847564697265625">
        <ele>2834.199951171875</ele>
        <time>2026-08-01T14:50:53.000Z</time>
        <extensions>
          <ns3:TrackPointExtension>
            <ns3:atemp>16.0</ns3:atemp>
          </ns3:TrackPointExtension>
        </extensions>
      </trkpt>
      <trkpt lat="39.8839236795902252197265625" lon="-105.89319407008588314056396484375">
        <ele>2834.199951171875</ele>
        <time>2026-08-01T14:50:54.000Z</time>
        <extensions>
          <ns3:TrackPointExtension>
            <ns3:atemp>16.0</ns3:atemp>
          </ns3:TrackPointExtension>
        </extensions>
      </trkpt>
      <trkpt lat="39.88405644893646240234375" lon="-105.89311209507286548614501953125">
        <ele>2834.199951171875</ele>
        <time>2026-08-01T14:50:56.000Z</time>
        <extensions>
          <ns3:TrackPointExtension>
            <ns3:atemp>16.0</ns3:atemp>
          </ns3:TrackPointExtension>
        </extensions>
      </trkpt>
      <trkpt lat="39.8841551877558231353759765625" lon="-105.8929777331650257110595703125">
        <ele>2833.800048828125</ele>
        <time>2026-08-01T14:50:58.000Z</time>
        <extensions>
          <ns3:TrackPointExtension>
            <ns3:atemp>16.0</ns3:atemp>
          </ns3:TrackPointExtension>
        </extensions>
      </trkpt>
      <trkpt lat="39.88419885747134685516357421875" lon="-105.8929029665887355804443359375">
        <ele>2833.39990234375</ele>
        <time>2026-08-01T14:50:59.000Z</time>
        <extensions>
          <ns3:TrackPointExtension>
            <ns3:atemp>16.0</ns3:atemp>
          </ns3:TrackPointExtension>
        </extensions>
      </trkpt>
      <trkpt lat="39.884239174425601959228515625" lon="-105.89282660745084285736083984375">
        <ele>2832.800048828125</ele>
        <time>2026-08-01T14:51:00.000Z</time>
        <extensions>
          <ns3:TrackPointExtension>
            <ns3:atemp>16.0</ns3:atemp>
          </ns3:TrackPointExtension>
        </extensions>
      </trkpt>
      <trkpt lat="39.88451317884027957916259765625" lon="-105.892298631370067596435546875">
        <ele>2832.39990234375</ele>
        <time>2026-08-01T14:51:07.000Z</time>
        <extensions>
          <ns3:TrackPointExtension>
            <ns3:atemp>16.0</ns3:atemp>
          </ns3:TrackPointExtension>
        </extensions>
      </trkpt>
      <trkpt lat="39.88456246443092823028564453125" lon="-105.89223551563918590545654296875">
        <ele>2832.39990234375</ele>
        <time>2026-08-01T14:51:08.000Z</time>
        <extensions>
          <ns3:TrackPointExtension>
            <ns3:atemp>16.0</ns3:atemp>
          </ns3:TrackPointExtension>
        </extensions>
      </trkpt>
      <trkpt lat="39.88478533923625946044921875" lon="-105.89200249873101711273193359375">
        <ele>2832.199951171875</ele>
        <time>2026-08-01T14:51:12.000Z</time>
        <extensions>
          <ns3:TrackPointExtension>
            <ns3:atemp>16.0</ns3:atemp>
          </ns3:TrackPointExtension>
        </extensions>
      </trkpt>
      <trkpt lat="39.88492389209568500518798828125" lon="-105.8919060230255126953125">
        <ele>2832</ele>
        <time>2026-08-01T14:51:14.000Z</time>
        <extensions>
          <ns3:TrackPointExtension>
            <ns3:atemp>16.0</ns3:atemp>
          </ns3:TrackPointExtension>
        </extensions>
      </trkpt>
      <trkpt lat="39.88514517433941364288330078125" lon="-105.89178356342017650604248046875">
        <ele>2831.60009765625</ele>
        <time>2026-08-01T14:51:17.000Z</time>
        <extensions>
          <ns3:TrackPointExtension>
            <ns3:atemp>16.0</ns3:atemp>
          </ns3:TrackPointExtension>
        </extensions>
      </trkpt>
      <trkpt lat="39.8852957971394062042236328125" lon="-105.891713239252567291259765625">
        <ele>2831</ele>
        <time>2026-08-01T14:51:19.000Z</time>
        <extensions>
          <ns3:TrackPointExtension>
            <ns3:atemp>16.0</ns3:atemp>
          </ns3:TrackPointExtension>
        </extensions>
      </trkpt>
      <trkpt lat="39.88565504550933837890625" lon="-105.89155239053070545196533203125">
        <ele>2830</ele>
        <time>2026-08-01T14:51:24.000Z</time>
        <extensions>
          <ns3:TrackPointExtension>
            <ns3:atemp>16.0</ns3:atemp>
          </ns3:TrackPointExtension>
        </extensions>
      </trkpt>
      <trkpt lat="39.88572268746793270111083984375" lon="-105.89151936583220958709716796875">
        <ele>2829.800048828125</ele>
        <time>2026-08-01T14:51:25.000Z</time>
        <extensions>
          <ns3:TrackPointExtension>
            <ns3:atemp>16.0</ns3:atemp>
          </ns3:TrackPointExtension>
        </extensions>
      </trkpt>
      <trkpt lat="39.88616005517542362213134765625" lon="-105.89134418405592441558837890625">
        <ele>2829.199951171875</ele>
        <time>2026-08-01T14:51:31.000Z</time>
        <extensions>
          <ns3:TrackPointExtension>
            <ns3:atemp>16.0</ns3:atemp>
          </ns3:TrackPointExtension>
        </extensions>
      </trkpt>
      <trkpt lat="39.88652332685887813568115234375" lon="-105.891179479658603668212890625">
        <ele>2828.800048828125</ele>
        <time>2026-08-01T14:51:36.000Z</time>
        <extensions>
          <ns3:TrackPointExtension>
            <ns3:atemp>16.0</ns3:atemp>
          </ns3:TrackPointExtension>
        </extensions>
      </trkpt>
      <trkpt lat="39.88672700710594654083251953125" lon="-105.89105970226228237152099609375">
        <ele>2828.39990234375</ele>
        <time>2026-08-01T14:51:39.000Z</time>
        <extensions>
          <ns3:TrackPointExtension>
            <ns3:atemp>16.0</ns3:atemp>
          </ns3:TrackPointExtension>
        </extensions>
      </trkpt>
      <trkpt lat="39.886924065649509429931640625" lon="-105.89093615300953388214111328125">
        <ele>2827.60009765625</ele>
        <time>2026-08-01T14:51:42.000Z</time>
        <extensions>
          <ns3:TrackPointExtension>
            <ns3:atemp>16.0</ns3:atemp>
          </ns3:TrackPointExtension>
        </extensions>
      </trkpt>
      <trkpt lat="39.887247271835803985595703125" lon="-105.890693999826908111572265625">
        <ele>2826.800048828125</ele>
        <time>2026-08-01T14:51:47.000Z</time>
        <extensions>
          <ns3:TrackPointExtension>
            <ns3:atemp>16.0</ns3:atemp>
          </ns3:TrackPointExtension>
        </extensions>
      </trkpt>
      <trkpt lat="39.8873064480721950531005859375" lon="-105.89063691906630992889404296875">
        <ele>2826.60009765625</ele>
        <time>2026-08-01T14:51:48.000Z</time>
        <extensions>
          <ns3:TrackPointExtension>
            <ns3:atemp>16.0</ns3:atemp>
          </ns3:TrackPointExtension>
        </extensions>
      </trkpt>
      <trkpt lat="39.88739303313195705413818359375" lon="-105.8905399404466152191162109375">
        <ele>2826</ele>
        <time>2026-08-01T14:51:50.000Z</time>
        <extensions>
          <ns3:TrackPointExtension>
            <ns3:atemp>16.0</ns3:atemp>
          </ns3:TrackPointExtension>
        </extensions>
      </trkpt>
      <trkpt lat="39.88740828819572925567626953125" lon="-105.89049585163593292236328125">
        <ele>2825.800048828125</ele>
        <time>2026-08-01T14:51:51.000Z</time>
        <extensions>
          <ns3:TrackPointExtension>
            <ns3:atemp>16.0</ns3:atemp>
          </ns3:TrackPointExtension>
        </extensions>
      </trkpt>
      <trkpt lat="39.88740342669188976287841796875" lon="-105.890449248254299163818359375">
        <ele>2825.60009765625</ele>
        <time>2026-08-01T14:51:52.000Z</time>
        <extensions>
          <ns3:TrackPointExtension>
            <ns3:atemp>16.0</ns3:atemp>
          </ns3:TrackPointExtension>
        </extensions>
      </trkpt>
      <trkpt lat="39.88736235536634922027587890625" lon="-105.8903521858155727386474609375">
        <ele>2825.39990234375</ele>
        <time>2026-08-01T14:51:54.000Z</time>
        <extensions>
          <ns3:TrackPointExtension>
            <ns3:atemp>16.0</ns3:atemp>
          </ns3:TrackPointExtension>
        </extensions>
      </trkpt>
      <trkpt lat="39.8873166739940643310546875" lon="-105.89025755412876605987548828125">
        <ele>2825.199951171875</ele>
        <time>2026-08-01T14:51:56.000Z</time>
        <extensions>
          <ns3:TrackPointExtension>
            <ns3:atemp>16.0</ns3:atemp>
          </ns3:TrackPointExtension>
        </extensions>
      </trkpt>
      <trkpt lat="39.88728004507720470428466796875" lon="-105.89015848003327846527099609375">
        <ele>2825.199951171875</ele>
        <time>2026-08-01T14:51:58.000Z</time>
        <extensions>
          <ns3:TrackPointExtension>
            <ns3:atemp>16.0</ns3:atemp>
          </ns3:TrackPointExtension>
        </extensions>
      </trkpt>
      <trkpt lat="39.88724199123680591583251953125" lon="-105.89005840010941028594970703125">
        <ele>2825.199951171875</ele>
        <time>2026-08-01T14:52:00.000Z</time>
        <extensions>
          <ns3:TrackPointExtension>
            <ns3:atemp>16.0</ns3:atemp>
          </ns3:TrackPointExtension>
        </extensions>
      </trkpt>
      <trkpt lat="39.88715129904448986053466796875" lon="-105.889806188642978668212890625">
        <ele>2826</ele>
        <time>2026-08-01T14:52:06.000Z</time>
        <extensions>
          <ns3:TrackPointExtension>
            <ns3:atemp>16.0</ns3:atemp>
          </ns3:TrackPointExtension>
        </extensions>
      </trkpt>
      <trkpt lat="39.8871289193630218505859375" lon="-105.889733098447322845458984375">
        <ele>2826.39990234375</ele>
        <time>2026-08-01T14:52:08.000Z</time>
        <extensions>
          <ns3:TrackPointExtension>
            <ns3:atemp>16.0</ns3:atemp>
          </ns3:TrackPointExtension>
        </extensions>
      </trkpt>
      <trkpt lat="39.8870725929737091064453125" lon="-105.88961415924131870269775390625">
        <ele>2827.60009765625</ele>
        <time>2026-08-01T14:52:12.000Z</time>
        <extensions>
          <ns3:TrackPointExtension>
            <ns3:atemp>16.0</ns3:atemp>
          </ns3:TrackPointExtension>
        </extensions>
      </trkpt>
      <trkpt lat="39.88706245087087154388427734375" lon="-105.88959068991243839263916015625">
        <ele>2827.800048828125</ele>
        <time>2026-08-01T14:52:13.000Z</time>
        <extensions>
          <ns3:TrackPointExtension>
            <ns3:atemp>16.0</ns3:atemp>
          </ns3:TrackPointExtension>
        </extensions>
      </trkpt>
      <trkpt lat="39.88704451359808444976806640625" lon="-105.8895411528646945953369140625">
        <ele>2828.800048828125</ele>
        <time>2026-08-01T14:52:15.000Z</time>
        <extensions>
          <ns3:TrackPointExtension>
            <ns3:atemp>16.0</ns3:atemp>
          </ns3:TrackPointExtension>
        </extensions>
      </trkpt>
      <trkpt lat="39.8870318569242954254150390625" lon="-105.8894942142069339752197265625">
        <ele>2829.39990234375</ele>
        <time>2026-08-01T14:52:18.000Z</time>
        <extensions>
          <ns3:TrackPointExtension>
            <ns3:atemp>16.0</ns3:atemp>
          </ns3:TrackPointExtension>
        </extensions>
      </trkpt>
      <trkpt lat="39.88701433874666690826416015625" lon="-105.8893835730850696563720703125">
        <ele>2830</ele>
        <time>2026-08-01T14:52:21.000Z</time>
        <extensions>
          <ns3:TrackPointExtension>
            <ns3:atemp>16.0</ns3:atemp>
          </ns3:TrackPointExtension>
        </extensions>
      </trkpt>
      <trkpt lat="39.8869906179606914520263671875" lon="-105.88931593112647533416748046875">
        <ele>2830.800048828125</ele>
        <time>2026-08-01T14:52:24.000Z</time>
        <extensions>
          <ns3:TrackPointExtension>
            <ns3:atemp>16.0</ns3:atemp>
          </ns3:TrackPointExtension>
        </extensions>
      </trkpt>
      <trkpt lat="39.88698215223848819732666015625" lon="-105.88929514400660991668701171875">
        <ele>2831</ele>
        <time>2026-08-01T14:52:25.000Z</time>
        <extensions>
          <ns3:TrackPointExtension>
            <ns3:atemp>16.0</ns3:atemp>
          </ns3:TrackPointExtension>
        </extensions>
      </trkpt>
      <trkpt lat="39.8869706690311431884765625" lon="-105.8892155997455120086669921875">
        <ele>2832</ele>
        <time>2026-08-01T14:52:28.000Z</time>
        <extensions>
          <ns3:TrackPointExtension>
            <ns3:atemp>16.0</ns3:atemp>
          </ns3:TrackPointExtension>
        </extensions>
      </trkpt>
      <trkpt lat="39.88694183528423309326171875" lon="-105.88915633969008922576904296875">
        <ele>2833</ele>
        <time>2026-08-01T14:52:31.000Z</time>
        <extensions>
          <ns3:TrackPointExtension>
            <ns3:atemp>16.0</ns3:atemp>
          </ns3:TrackPointExtension>
        </extensions>
      </trkpt>
      <trkpt lat="39.8869078047573566436767578125" lon="-105.88908744044601917266845703125">
        <ele>2834.199951171875</ele>
        <time>2026-08-01T14:52:34.000Z</time>
        <extensions>
          <ns3:TrackPointExtension>
            <ns3:atemp>16.0</ns3:atemp>
          </ns3:TrackPointExtension>
        </extensions>
      </trkpt>
      <trkpt lat="39.8868714272975921630859375" lon="-105.889014266431331634521484375">
        <ele>2835.39990234375</ele>
        <time>2026-08-01T14:52:37.000Z</time>
        <extensions>
          <ns3:TrackPointExtension>
            <ns3:atemp>16.0</ns3:atemp>
          </ns3:TrackPointExtension>
        </extensions>
      </trkpt>
      <trkpt lat="39.88686430267989635467529296875" lon="-105.88897772133350372314453125">
        <ele>2835.60009765625</ele>
        <time>2026-08-01T14:52:38.000Z</time>
        <extensions>
          <ns3:TrackPointExtension>
            <ns3:atemp>16.0</ns3:atemp>
          </ns3:TrackPointExtension>
        </extensions>
      </trkpt>
      <trkpt lat="39.88684636540710926055908203125" lon="-105.8888216502964496612548828125">
        <ele>2836.60009765625</ele>
        <time>2026-08-01T14:52:43.000Z</time>
        <extensions>
          <ns3:TrackPointExtension>
            <ns3:atemp>16.0</ns3:atemp>
          </ns3:TrackPointExtension>
        </extensions>
      </trkpt>
      <trkpt lat="39.886787943542003631591796875" lon="-105.8886778168380260467529296875">
        <ele>2837.60009765625</ele>
        <time>2026-08-01T14:52:48.000Z</time>
        <extensions>
          <ns3:TrackPointExtension>
            <ns3:atemp>16.0</ns3:atemp>
          </ns3:TrackPointExtension>
        </extensions>
      </trkpt>
      <trkpt lat="39.88676019944250583648681640625" lon="-105.8885973505675792694091796875">
        <ele>2838.800048828125</ele>
        <time>2026-08-01T14:52:52.000Z</time>
        <extensions>
          <ns3:TrackPointExtension>
            <ns3:atemp>16.0</ns3:atemp>
          </ns3:TrackPointExtension>
        </extensions>
      </trkpt>
      <trkpt lat="39.88673103041946887969970703125" lon="-105.888509340584278106689453125">
        <ele>2839.199951171875</ele>
        <time>2026-08-01T14:52:54.000Z</time>
        <extensions>
          <ns3:TrackPointExtension>
            <ns3:atemp>16.0</ns3:atemp>
          </ns3:TrackPointExtension>
        </extensions>
      </trkpt>
      <trkpt lat="39.886696748435497283935546875" lon="-105.8884163014590740203857421875">
        <ele>2839.800048828125</ele>
        <time>2026-08-01T14:52:58.000Z</time>
        <extensions>
          <ns3:TrackPointExtension>
            <ns3:atemp>16.0</ns3:atemp>
          </ns3:TrackPointExtension>
        </extensions>
      </trkpt>
      <trkpt lat="39.88667101599276065826416015625" lon="-105.88832703419029712677001953125">
        <ele>2841</ele>
        <time>2026-08-01T14:53:02.000Z</time>
        <extensions>
          <ns3:TrackPointExtension>
            <ns3:atemp>16.0</ns3:atemp>
          </ns3:TrackPointExtension>
        </extensions>
      </trkpt>
      <trkpt lat="39.88664117641746997833251953125" lon="-105.8882443048059940338134765625">
        <ele>2842.39990234375</ele>
        <time>2026-08-01T14:53:06.000Z</time>
        <extensions>
          <ns3:TrackPointExtension>
            <ns3:atemp>16.0</ns3:atemp>
          </ns3:TrackPointExtension>
        </extensions>
      </trkpt>
      <trkpt lat="39.88660714589059352874755859375" lon="-105.8881299756467342376708984375">
        <ele>2843.60009765625</ele>
        <time>2026-08-01T14:53:11.000Z</time>
        <extensions>
          <ns3:TrackPointExtension>
            <ns3:atemp>16.0</ns3:atemp>
          </ns3:TrackPointExtension>
        </extensions>
      </trkpt>
      <trkpt lat="39.88657898269593715667724609375" lon="-105.88806577026844024658203125">
        <ele>2844</ele>
        <time>2026-08-01T14:53:14.000Z</time>
        <extensions>
          <ns3:TrackPointExtension>
            <ns3:atemp>16.0</ns3:atemp>
          </ns3:TrackPointExtension>
        </extensions>
      </trkpt>
      <trkpt lat="39.8865587823092937469482421875" lon="-105.88799661956727504730224609375">
        <ele>2844.800048828125</ele>
        <time>2026-08-01T14:53:17.000Z</time>
        <extensions>
          <ns3:TrackPointExtension>
            <ns3:atemp>16.0</ns3:atemp>
          </ns3:TrackPointExtension>
        </extensions>
      </trkpt>
      <trkpt lat="39.8865219019353389739990234375" lon="-105.88790156878530979156494140625">
        <ele>2845.800048828125</ele>
        <time>2026-08-01T14:53:22.000Z</time>
        <extensions>
          <ns3:TrackPointExtension>
            <ns3:atemp>16.0</ns3:atemp>
          </ns3:TrackPointExtension>
        </extensions>
      </trkpt>
      <trkpt lat="39.8865173757076263427734375" lon="-105.8878832124173641204833984375">
        <ele>2846</ele>
        <time>2026-08-01T14:53:23.000Z</time>
        <extensions>
          <ns3:TrackPointExtension>
            <ns3:atemp>16.0</ns3:atemp>
          </ns3:TrackPointExtension>
        </extensions>
      </trkpt>
      <trkpt lat="39.886485524475574493408203125" lon="-105.88777651078999042510986328125">
        <ele>2847</ele>
        <time>2026-08-01T14:53:28.000Z</time>
        <extensions>
          <ns3:TrackPointExtension>
            <ns3:atemp>16.0</ns3:atemp>
          </ns3:TrackPointExtension>
        </extensions>
      </trkpt>
      <trkpt lat="39.88645493052899837493896484375" lon="-105.8877098746597766876220703125">
        <ele>2847.60009765625</ele>
        <time>2026-08-01T14:53:31.000Z</time>
        <extensions>
          <ns3:TrackPointExtension>
            <ns3:atemp>16.0</ns3:atemp>
          </ns3:TrackPointExtension>
        </extensions>
      </trkpt>
      <trkpt lat="39.8864387534558773040771484375" lon="-105.8876438252627849578857421875">
        <ele>2847.800048828125</ele>
        <time>2026-08-01T14:53:34.000Z</time>
        <extensions>
          <ns3:TrackPointExtension>
            <ns3:atemp>16.0</ns3:atemp>
          </ns3:TrackPointExtension>
        </extensions>
      </trkpt>
      <trkpt lat="39.88640765659511089324951171875" lon="-105.8875294961035251617431640625">
        <ele>2848.800048828125</ele>
        <time>2026-08-01T14:53:39.000Z</time>
        <extensions>
          <ns3:TrackPointExtension>
            <ns3:atemp>16.0</ns3:atemp>
          </ns3:TrackPointExtension>
        </extensions>
      </trkpt>
      <trkpt lat="39.8863958381116390228271484375" lon="-105.8874835632741451263427734375">
        <ele>2849.39990234375</ele>
        <time>2026-08-01T14:53:41.000Z</time>
        <extensions>
          <ns3:TrackPointExtension>
            <ns3:atemp>16.0</ns3:atemp>
          </ns3:TrackPointExtension>
        </extensions>
      </trkpt>
      <trkpt lat="39.88638401962816715240478515625" lon="-105.8874379657208919525146484375">
        <ele>2849.800048828125</ele>
        <time>2026-08-01T14:53:43.000Z</time>
        <extensions>
          <ns3:TrackPointExtension>
            <ns3:atemp>16.0</ns3:atemp>
          </ns3:TrackPointExtension>
        </extensions>
      </trkpt>
      <trkpt lat="39.88637262023985385894775390625" lon="-105.88741659186780452728271484375">
        <ele>2850</ele>
        <time>2026-08-01T14:53:44.000Z</time>
        <extensions>
          <ns3:TrackPointExtension>
            <ns3:atemp>16.0</ns3:atemp>
          </ns3:TrackPointExtension>
        </extensions>
      </trkpt>
      <trkpt lat="39.886346049606800079345703125" lon="-105.88737451471388339996337890625">
        <ele>2850.39990234375</ele>
        <time>2026-08-01T14:53:46.000Z</time>
        <extensions>
          <ns3:TrackPointExtension>
            <ns3:atemp>16.0</ns3:atemp>
          </ns3:TrackPointExtension>
        </extensions>
      </trkpt>
      <trkpt lat="39.8862935788929462432861328125" lon="-105.88723738677799701690673828125">
        <ele>2851.199951171875</ele>
        <time>2026-08-01T14:53:51.000Z</time>
        <extensions>
          <ns3:TrackPointExtension>
            <ns3:atemp>16.0</ns3:atemp>
          </ns3:TrackPointExtension>
        </extensions>
      </trkpt>
      <trkpt lat="39.88629005849361419677734375" lon="-105.887180976569652557373046875">
        <ele>2851.60009765625</ele>
        <time>2026-08-01T14:53:53.000Z</time>
        <extensions>
          <ns3:TrackPointExtension>
            <ns3:atemp>16.0</ns3:atemp>
          </ns3:TrackPointExtension>
        </extensions>
      </trkpt>
      <trkpt lat="39.88626952283084392547607421875" lon="-105.8870349638164043426513671875">
        <ele>2852.199951171875</ele>
        <time>2026-08-01T14:53:58.000Z</time>
        <extensions>
          <ns3:TrackPointExtension>
            <ns3:atemp>16.0</ns3:atemp>
          </ns3:TrackPointExtension>
        </extensions>
      </trkpt>
      <trkpt lat="39.8862637393176555633544921875" lon="-105.8869803138077259063720703125">
        <ele>2852.39990234375</ele>
        <time>2026-08-01T14:54:00.000Z</time>
        <extensions>
          <ns3:TrackPointExtension>
            <ns3:atemp>16.0</ns3:atemp>
          </ns3:TrackPointExtension>
        </extensions>
      </trkpt>
      <trkpt lat="39.88624856807291507720947265625" lon="-105.88690093718469142913818359375">
        <ele>2852.800048828125</ele>
        <time>2026-08-01T14:54:03.000Z</time>
        <extensions>
          <ns3:TrackPointExtension>
            <ns3:atemp>16.0</ns3:atemp>
          </ns3:TrackPointExtension>
        </extensions>
      </trkpt>
      <trkpt lat="39.88625225611031055450439453125" lon="-105.8868713490664958953857421875">
        <ele>2852.800048828125</ele>
        <time>2026-08-01T14:54:04.000Z</time>
        <extensions>
          <ns3:TrackPointExtension>
            <ns3:atemp>16.0</ns3:atemp>
          </ns3:TrackPointExtension>
        </extensions>
      </trkpt>
      <trkpt lat="39.8862875439226627349853515625" lon="-105.88675006292760372161865234375">
        <ele>2853.39990234375</ele>
        <time>2026-08-01T14:54:08.000Z</time>
        <extensions>
          <ns3:TrackPointExtension>
            <ns3:atemp>16.0</ns3:atemp>
          </ns3:TrackPointExtension>
        </extensions>
      </trkpt>
      <trkpt lat="39.8862949199974536895751953125" lon="-105.8867307007312774658203125">
        <ele>2853.39990234375</ele>
        <time>2026-08-01T14:54:09.000Z</time>
        <extensions>
          <ns3:TrackPointExtension>
            <ns3:atemp>16.0</ns3:atemp>
          </ns3:TrackPointExtension>
        </extensions>
      </trkpt>
      <trkpt lat="39.8863090015947818756103515625" lon="-105.8866904675960540771484375">
        <ele>2853.60009765625</ele>
        <time>2026-08-01T14:54:11.000Z</time>
        <extensions>
          <ns3:TrackPointExtension>
            <ns3:atemp>16.0</ns3:atemp>
          </ns3:TrackPointExtension>
        </extensions>
      </trkpt>
      <trkpt lat="39.8863616399466991424560546875" lon="-105.8866306208074092864990234375">
        <ele>2854.39990234375</ele>
        <time>2026-08-01T14:54:14.000Z</time>
        <extensions>
          <ns3:TrackPointExtension>
            <ns3:atemp>16.0</ns3:atemp>
          </ns3:TrackPointExtension>
        </extensions>
      </trkpt>
      <trkpt lat="39.8864328861236572265625" lon="-105.88649508543312549591064453125">
        <ele>2855.39990234375</ele>
        <time>2026-08-01T14:54:20.000Z</time>
        <extensions>
          <ns3:TrackPointExtension>
            <ns3:atemp>16.0</ns3:atemp>
          </ns3:TrackPointExtension>
        </extensions>
      </trkpt>
      <trkpt lat="39.8864950798451900482177734375" lon="-105.8863895572721958160400390625">
        <ele>2856.60009765625</ele>
        <time>2026-08-01T14:54:25.000Z</time>
        <extensions>
          <ns3:TrackPointExtension>
            <ns3:atemp>16.0</ns3:atemp>
          </ns3:TrackPointExtension>
        </extensions>
      </trkpt>
      <trkpt lat="39.8865172080695629119873046875" lon="-105.88633239269256591796875">
        <ele>2857</ele>
        <time>2026-08-01T14:54:27.000Z</time>
        <extensions>
          <ns3:TrackPointExtension>
            <ns3:atemp>16.0</ns3:atemp>
          </ns3:TrackPointExtension>
        </extensions>
      </trkpt>
      <trkpt lat="39.88655735738575458526611328125" lon="-105.88630615733563899993896484375">
        <ele>2857.60009765625</ele>
        <time>2026-08-01T14:54:29.000Z</time>
        <extensions>
          <ns3:TrackPointExtension>
            <ns3:atemp>16.0</ns3:atemp>
          </ns3:TrackPointExtension>
        </extensions>
      </trkpt>
      <trkpt lat="39.8866395838558673858642578125" lon="-105.8862125314772129058837890625">
        <ele>2858.60009765625</ele>
        <time>2026-08-01T14:54:34.000Z</time>
        <extensions>
          <ns3:TrackPointExtension>
            <ns3:atemp>16.0</ns3:atemp>
          </ns3:TrackPointExtension>
        </extensions>
      </trkpt>
      <trkpt lat="39.88665794022381305694580078125" lon="-105.8861944265663623809814453125">
        <ele>2858.60009765625</ele>
        <time>2026-08-01T14:54:35.000Z</time>
        <extensions>
          <ns3:TrackPointExtension>
            <ns3:atemp>16.0</ns3:atemp>
          </ns3:TrackPointExtension>
        </extensions>
      </trkpt>
      <trkpt lat="39.8867405019700527191162109375" lon="-105.88611320592463016510009765625">
        <ele>2859.60009765625</ele>
        <time>2026-08-01T14:54:40.000Z</time>
        <extensions>
          <ns3:TrackPointExtension>
            <ns3:atemp>16.0</ns3:atemp>
          </ns3:TrackPointExtension>
        </extensions>
      </trkpt>
      <trkpt lat="39.88684904761612415313720703125" lon="-105.88601010851562023162841796875">
        <ele>2860.800048828125</ele>
        <time>2026-08-01T14:54:47.000Z</time>
        <extensions>
          <ns3:TrackPointExtension>
            <ns3:atemp>16.0</ns3:atemp>
          </ns3:TrackPointExtension>
        </extensions>
      </trkpt>
      <trkpt lat="39.88694376312196254730224609375" lon="-105.8859376050531864166259765625">
        <ele>2862</ele>
        <time>2026-08-01T14:54:53.000Z</time>
        <extensions>
          <ns3:TrackPointExtension>
            <ns3:atemp>16.0</ns3:atemp>
          </ns3:TrackPointExtension>
        </extensions>
      </trkpt>
      <trkpt lat="39.8869819007813930511474609375" lon="-105.88589846156537532806396484375">
        <ele>2862.39990234375</ele>
        <time>2026-08-01T14:54:55.000Z</time>
        <extensions>
          <ns3:TrackPointExtension>
            <ns3:atemp>16.0</ns3:atemp>
          </ns3:TrackPointExtension>
        </extensions>
      </trkpt>
      <trkpt lat="39.88705088384449481964111328125" lon="-105.8858299814164638519287109375">
        <ele>2862.800048828125</ele>
        <time>2026-08-01T14:54:59.000Z</time>
        <extensions>
          <ns3:TrackPointExtension>
            <ns3:atemp>16.0</ns3:atemp>
          </ns3:TrackPointExtension>
        </extensions>
      </trkpt>
      <trkpt lat="39.887123219668865203857421875" lon="-105.88576502166688442230224609375">
        <ele>2863.800048828125</ele>
        <time>2026-08-01T14:55:03.000Z</time>
        <extensions>
          <ns3:TrackPointExtension>
            <ns3:atemp>16.0</ns3:atemp>
          </ns3:TrackPointExtension>
        </extensions>
      </trkpt>
      <trkpt lat="39.8871404863893985748291015625" lon="-105.88574658147990703582763671875">
        <ele>2864</ele>
        <time>2026-08-01T14:55:04.000Z</time>
        <extensions>
          <ns3:TrackPointExtension>
            <ns3:atemp>16.0</ns3:atemp>
          </ns3:TrackPointExtension>
        </extensions>
      </trkpt>
      <trkpt lat="39.88718868233263492584228515625" lon="-105.88569377548992633819580078125">
        <ele>2864.60009765625</ele>
        <time>2026-08-01T14:55:07.000Z</time>
        <extensions>
          <ns3:TrackPointExtension>
            <ns3:atemp>16.0</ns3:atemp>
          </ns3:TrackPointExtension>
        </extensions>
      </trkpt>
      <trkpt lat="39.88722346723079681396484375" lon="-105.88566427119076251983642578125">
        <ele>2865</ele>
        <time>2026-08-01T14:55:09.000Z</time>
        <extensions>
          <ns3:TrackPointExtension>
            <ns3:atemp>16.0</ns3:atemp>
          </ns3:TrackPointExtension>
        </extensions>
      </trkpt>
      <trkpt lat="39.88724148832261562347412109375" lon="-105.8856470882892608642578125">
        <ele>2865.199951171875</ele>
        <time>2026-08-01T14:55:10.000Z</time>
        <extensions>
          <ns3:TrackPointExtension>
            <ns3:atemp>16.0</ns3:atemp>
          </ns3:TrackPointExtension>
        </extensions>
      </trkpt>
      <trkpt lat="39.88729496486485004425048828125" lon="-105.8855647780001163482666015625">
        <ele>2866.199951171875</ele>
        <time>2026-08-01T14:55:14.000Z</time>
        <extensions>
          <ns3:TrackPointExtension>
            <ns3:atemp>16.0</ns3:atemp>
          </ns3:TrackPointExtension>
        </extensions>
      </trkpt>
      <trkpt lat="39.8873476870357990264892578125" lon="-105.885490514338016510009765625">
        <ele>2867</ele>
        <time>2026-08-01T14:55:18.000Z</time>
        <extensions>
          <ns3:TrackPointExtension>
            <ns3:atemp>16.0</ns3:atemp>
          </ns3:TrackPointExtension>
        </extensions>
      </trkpt>
      <trkpt lat="39.887378029525279998779296875" lon="-105.88545455597341060638427734375">
        <ele>2867.199951171875</ele>
        <time>2026-08-01T14:55:20.000Z</time>
        <extensions>
          <ns3:TrackPointExtension>
            <ns3:atemp>16.0</ns3:atemp>
          </ns3:TrackPointExtension>
        </extensions>
      </trkpt>
      <trkpt lat="39.8874600045382976531982421875" lon="-105.885340981185436248779296875">
        <ele>2868.199951171875</ele>
        <time>2026-08-01T14:55:26.000Z</time>
        <extensions>
          <ns3:TrackPointExtension>
            <ns3:atemp>16.0</ns3:atemp>
          </ns3:TrackPointExtension>
        </extensions>
      </trkpt>
      <trkpt lat="39.88747718743979930877685546875" lon="-105.8853240497410297393798828125">
        <ele>2868.39990234375</ele>
        <time>2026-08-01T14:55:27.000Z</time>
        <extensions>
          <ns3:TrackPointExtension>
            <ns3:atemp>16.0</ns3:atemp>
          </ns3:TrackPointExtension>
        </extensions>
      </trkpt>
      <trkpt lat="39.887547679245471954345703125" lon="-105.88523025624454021453857421875">
        <ele>2869.800048828125</ele>
        <time>2026-08-01T14:55:32.000Z</time>
        <extensions>
          <ns3:TrackPointExtension>
            <ns3:atemp>16.0</ns3:atemp>
          </ns3:TrackPointExtension>
        </extensions>
      </trkpt>
      <trkpt lat="39.88755874335765838623046875" lon="-105.8852140791714191436767578125">
        <ele>2870</ele>
        <time>2026-08-01T14:55:33.000Z</time>
        <extensions>
          <ns3:TrackPointExtension>
            <ns3:atemp>16.0</ns3:atemp>
          </ns3:TrackPointExtension>
        </extensions>
      </trkpt>
      <trkpt lat="39.88761599175631999969482421875" lon="-105.885155238211154937744140625">
        <ele>2871</ele>
        <time>2026-08-01T14:55:37.000Z</time>
        <extensions>
          <ns3:TrackPointExtension>
            <ns3:atemp>16.0</ns3:atemp>
          </ns3:TrackPointExtension>
        </extensions>
      </trkpt>
      <trkpt lat="39.8876604996621608734130859375" lon="-105.88509698398411273956298828125">
        <ele>2871.39990234375</ele>
        <time>2026-08-01T14:55:40.000Z</time>
        <extensions>
          <ns3:TrackPointExtension>
            <ns3:atemp>16.0</ns3:atemp>
          </ns3:TrackPointExtension>
        </extensions>
      </trkpt>
      <trkpt lat="39.88769595511257648468017578125" lon="-105.8850543200969696044921875">
        <ele>2872.199951171875</ele>
        <time>2026-08-01T14:55:42.000Z</time>
        <extensions>
          <ns3:TrackPointExtension>
            <ns3:atemp>16.0</ns3:atemp>
          </ns3:TrackPointExtension>
        </extensions>
      </trkpt>
      <trkpt lat="39.8877459950745105743408203125" lon="-105.88499204255640506744384765625">
        <ele>2873.199951171875</ele>
        <time>2026-08-01T14:55:46.000Z</time>
        <extensions>
          <ns3:TrackPointExtension>
            <ns3:atemp>16.0</ns3:atemp>
          </ns3:TrackPointExtension>
        </extensions>
      </trkpt>
      <trkpt lat="39.88775747828185558319091796875" lon="-105.88498399592936038970947265625">
        <ele>2873.39990234375</ele>
        <time>2026-08-01T14:55:47.000Z</time>
        <extensions>
          <ns3:TrackPointExtension>
            <ns3:atemp>16.0</ns3:atemp>
          </ns3:TrackPointExtension>
        </extensions>
      </trkpt>
      <trkpt lat="39.8878147266805171966552734375" lon="-105.88492079637944698333740234375">
        <ele>2874.39990234375</ele>
        <time>2026-08-01T14:55:51.000Z</time>
        <extensions>
          <ns3:TrackPointExtension>
            <ns3:atemp>16.0</ns3:atemp>
          </ns3:TrackPointExtension>
        </extensions>
      </trkpt>
      <trkpt lat="39.88785152323544025421142578125" lon="-105.88487402535974979400634765625">
        <ele>2874.800048828125</ele>
        <time>2026-08-01T14:55:54.000Z</time>
        <extensions>
          <ns3:TrackPointExtension>
            <ns3:atemp>16.0</ns3:atemp>
          </ns3:TrackPointExtension>
        </extensions>
      </trkpt>
      <trkpt lat="39.8878750763833522796630859375" lon="-105.88485240004956722259521484375">
        <ele>2875.199951171875</ele>
        <time>2026-08-01T14:55:56.000Z</time>
        <extensions>
          <ns3:TrackPointExtension>
            <ns3:atemp>16.0</ns3:atemp>
          </ns3:TrackPointExtension>
        </extensions>
      </trkpt>
      <trkpt lat="39.8879282176494598388671875" lon="-105.88480898179113864898681640625">
        <ele>2875.60009765625</ele>
        <time>2026-08-01T14:56:00.000Z</time>
        <extensions>
          <ns3:TrackPointExtension>
            <ns3:atemp>16.0</ns3:atemp>
          </ns3:TrackPointExtension>
        </extensions>
      </trkpt>
      <trkpt lat="39.88797356374561786651611328125" lon="-105.8847701735794544219970703125">
        <ele>2876.199951171875</ele>
        <time>2026-08-01T14:56:03.000Z</time>
        <extensions>
          <ns3:TrackPointExtension>
            <ns3:atemp>15.0</ns3:atemp>
          </ns3:TrackPointExtension>
        </extensions>
      </trkpt>
      <trkpt lat="39.8880329914391040802001953125" lon="-105.884735472500324249267578125">
        <ele>2877</ele>
        <time>2026-08-01T14:56:07.000Z</time>
        <extensions>
          <ns3:TrackPointExtension>
            <ns3:atemp>15.0</ns3:atemp>
          </ns3:TrackPointExtension>
        </extensions>
      </trkpt>
      <trkpt lat="39.888071715831756591796875" lon="-105.884712673723697662353515625">
        <ele>2877.199951171875</ele>
        <time>2026-08-01T14:56:09.000Z</time>
        <extensions>
          <ns3:TrackPointExtension>
            <ns3:atemp>15.0</ns3:atemp>
          </ns3:TrackPointExtension>
        </extensions>
      </trkpt>
      <trkpt lat="39.8881535232067108154296875" lon="-105.88467814028263092041015625">
        <ele>2878</ele>
        <time>2026-08-01T14:56:13.000Z</time>
        <extensions>
          <ns3:TrackPointExtension>
            <ns3:atemp>15.0</ns3:atemp>
          </ns3:TrackPointExtension>
        </extensions>
      </trkpt>
      <trkpt lat="39.88821311853826045989990234375" lon="-105.88463514111936092376708984375">
        <ele>2878.39990234375</ele>
        <time>2026-08-01T14:56:16.000Z</time>
        <extensions>
          <ns3:TrackPointExtension>
            <ns3:atemp>15.0</ns3:atemp>
          </ns3:TrackPointExtension>
        </extensions>
      </trkpt>
      <trkpt lat="39.88826810382306575775146484375" lon="-105.8845827542245388031005859375">
        <ele>2879</ele>
        <time>2026-08-01T14:56:19.000Z</time>
        <extensions>
          <ns3:TrackPointExtension>
            <ns3:atemp>15.0</ns3:atemp>
          </ns3:TrackPointExtension>
        </extensions>
      </trkpt>
      <trkpt lat="39.8883042298257350921630859375" lon="-105.884570181369781494140625">
        <ele>2879.39990234375</ele>
        <time>2026-08-01T14:56:21.000Z</time>
        <extensions>
          <ns3:TrackPointExtension>
            <ns3:atemp>15.0</ns3:atemp>
          </ns3:TrackPointExtension>
        </extensions>
      </trkpt>
      <trkpt lat="39.88836298696696758270263671875" lon="-105.88453740812838077545166015625">
        <ele>2879.800048828125</ele>
        <time>2026-08-01T14:56:24.000Z</time>
        <extensions>
          <ns3:TrackPointExtension>
            <ns3:atemp>15.0</ns3:atemp>
          </ns3:TrackPointExtension>
        </extensions>
      </trkpt>
      <trkpt lat="39.888385199010372161865234375" lon="-105.8845160342752933502197265625">
        <ele>2879.800048828125</ele>
        <time>2026-08-01T14:56:25.000Z</time>
        <extensions>
          <ns3:TrackPointExtension>
            <ns3:atemp>15.0</ns3:atemp>
          </ns3:TrackPointExtension>
        </extensions>
      </trkpt>
      <trkpt lat="39.88845032639801502227783203125" lon="-105.88445224799215793609619140625">
        <ele>2880.39990234375</ele>
        <time>2026-08-01T14:56:28.000Z</time>
        <extensions>
          <ns3:TrackPointExtension>
            <ns3:atemp>15.0</ns3:atemp>
          </ns3:TrackPointExtension>
        </extensions>
      </trkpt>
      <trkpt lat="39.88854940049350261688232421875" lon="-105.88441955856978893280029296875">
        <ele>2881.60009765625</ele>
        <time>2026-08-01T14:56:33.000Z</time>
        <extensions>
          <ns3:TrackPointExtension>
            <ns3:atemp>15.0</ns3:atemp>
          </ns3:TrackPointExtension>
        </extensions>
      </trkpt>
      <trkpt lat="39.88868451677262783050537109375" lon="-105.88434688746929168701171875">
        <ele>2882.39990234375</ele>
        <time>2026-08-01T14:56:40.000Z</time>
        <extensions>
          <ns3:TrackPointExtension>
            <ns3:atemp>15.0</ns3:atemp>
          </ns3:TrackPointExtension>
        </extensions>
      </trkpt>
      <trkpt lat="39.8887082375586032867431640625" lon="-105.88433657772839069366455078125">
        <ele>2882.39990234375</ele>
        <time>2026-08-01T14:56:41.000Z</time>
        <extensions>
          <ns3:TrackPointExtension>
            <ns3:atemp>15.0</ns3:atemp>
          </ns3:TrackPointExtension>
        </extensions>
      </trkpt>
      <trkpt lat="39.8888614587485790252685546875" lon="-105.8842612244188785552978515625">
        <ele>2882.60009765625</ele>
        <time>2026-08-01T14:56:47.000Z</time>
        <extensions>
          <ns3:TrackPointExtension>
            <ns3:atemp>15.0</ns3:atemp>
          </ns3:TrackPointExtension>
        </extensions>
      </trkpt>
      <trkpt lat="39.8890565894544124603271484375" lon="-105.88415569625794887542724609375">
        <ele>2882.800048828125</ele>
        <time>2026-08-01T14:56:54.000Z</time>
        <extensions>
          <ns3:TrackPointExtension>
            <ns3:atemp>15.0</ns3:atemp>
          </ns3:TrackPointExtension>
        </extensions>
      </trkpt>
      <trkpt lat="39.8892678134143352508544921875" lon="-105.88402493856847286224365234375">
        <ele>2882.800048828125</ele>
        <time>2026-08-01T14:57:00.000Z</time>
        <extensions>
          <ns3:TrackPointExtension>
            <ns3:atemp>15.0</ns3:atemp>
          </ns3:TrackPointExtension>
        </extensions>
      </trkpt>
      <trkpt lat="39.8893851600587368011474609375" lon="-105.88393382728099822998046875">
        <ele>2883</ele>
        <time>2026-08-01T14:57:03.000Z</time>
        <extensions>
          <ns3:TrackPointExtension>
            <ns3:atemp>15.0</ns3:atemp>
          </ns3:TrackPointExtension>
        </extensions>
      </trkpt>
      <trkpt lat="39.88949504680931568145751953125" lon="-105.88383860886096954345703125">
        <ele>2882.800048828125</ele>
        <time>2026-08-01T14:57:06.000Z</time>
        <extensions>
          <ns3:TrackPointExtension>
            <ns3:atemp>15.0</ns3:atemp>
          </ns3:TrackPointExtension>
        </extensions>
      </trkpt>
      <trkpt lat="39.8895326815545558929443359375" lon="-105.88380013592541217803955078125">
        <ele>2882.800048828125</ele>
        <time>2026-08-01T14:57:07.000Z</time>
        <extensions>
          <ns3:TrackPointExtension>
            <ns3:atemp>15.0</ns3:atemp>
          </ns3:TrackPointExtension>
        </extensions>
      </trkpt>
      <trkpt lat="39.88973611034452915191650390625" lon="-105.88355555199086666107177734375">
        <ele>2883</ele>
        <time>2026-08-01T14:57:13.000Z</time>
        <extensions>
          <ns3:TrackPointExtension>
            <ns3:atemp>15.0</ns3:atemp>
          </ns3:TrackPointExtension>
        </extensions>
      </trkpt>
      <trkpt lat="39.8899103701114654541015625" lon="-105.88334583677351474761962890625">
        <ele>2883</ele>
        <time>2026-08-01T14:57:18.000Z</time>
        <extensions>
          <ns3:TrackPointExtension>
            <ns3:atemp>15.0</ns3:atemp>
          </ns3:TrackPointExtension>
        </extensions>
      </trkpt>
      <trkpt lat="39.8899732343852519989013671875" lon="-105.8832570724189281463623046875">
        <ele>2883</ele>
        <time>2026-08-01T14:57:20.000Z</time>
        <extensions>
          <ns3:TrackPointExtension>
            <ns3:atemp>15.0</ns3:atemp>
          </ns3:TrackPointExtension>
        </extensions>
      </trkpt>
      <trkpt lat="39.890005253255367279052734375" lon="-105.88321633636951446533203125">
        <ele>2883</ele>
        <time>2026-08-01T14:57:21.000Z</time>
        <extensions>
          <ns3:TrackPointExtension>
            <ns3:atemp>15.0</ns3:atemp>
          </ns3:TrackPointExtension>
        </extensions>
      </trkpt>
      <trkpt lat="39.8902488313615322113037109375" lon="-105.88278827257454395294189453125">
        <ele>2883</ele>
        <time>2026-08-01T14:57:29.000Z</time>
        <extensions>
          <ns3:TrackPointExtension>
            <ns3:atemp>15.0</ns3:atemp>
          </ns3:TrackPointExtension>
        </extensions>
      </trkpt>
      <trkpt lat="39.89040196873247623443603515625" lon="-105.8823820017278194427490234375">
        <ele>2883</ele>
        <time>2026-08-01T14:57:36.000Z</time>
        <extensions>
          <ns3:TrackPointExtension>
            <ns3:atemp>15.0</ns3:atemp>
          </ns3:TrackPointExtension>
        </extensions>
      </trkpt>
      <trkpt lat="39.89043247886002063751220703125" lon="-105.88225350715219974517822265625">
        <ele>2883</ele>
        <time>2026-08-01T14:57:38.000Z</time>
        <extensions>
          <ns3:TrackPointExtension>
            <ns3:atemp>15.0</ns3:atemp>
          </ns3:TrackPointExtension>
        </extensions>
      </trkpt>
      <trkpt lat="39.89047857932746410369873046875" lon="-105.88205435313284397125244140625">
        <ele>2883.199951171875</ele>
        <time>2026-08-01T14:57:41.000Z</time>
        <extensions>
          <ns3:TrackPointExtension>
            <ns3:atemp>15.0</ns3:atemp>
          </ns3:TrackPointExtension>
        </extensions>
      </trkpt>
      <trkpt lat="39.89051864482462406158447265625" lon="-105.88192217051982879638671875">
        <ele>2883.199951171875</ele>
        <time>2026-08-01T14:57:43.000Z</time>
        <extensions>
          <ns3:TrackPointExtension>
            <ns3:atemp>15.0</ns3:atemp>
          </ns3:TrackPointExtension>
        </extensions>
      </trkpt>
      <trkpt lat="39.89053591154515743255615234375" lon="-105.88185050524771213531494140625">
        <ele>2883.39990234375</ele>
        <time>2026-08-01T14:57:44.000Z</time>
        <extensions>
          <ns3:TrackPointExtension>
            <ns3:atemp>15.0</ns3:atemp>
          </ns3:TrackPointExtension>
        </extensions>
      </trkpt>
      <trkpt lat="39.890608750283718109130859375" lon="-105.88158764876425266265869140625">
        <ele>2883.199951171875</ele>
        <time>2026-08-01T14:57:48.000Z</time>
        <extensions>
          <ns3:TrackPointExtension>
            <ns3:atemp>15.0</ns3:atemp>
          </ns3:TrackPointExtension>
        </extensions>
      </trkpt>
      <trkpt lat="39.89062978886067867279052734375" lon="-105.8815015666186809539794921875">
        <ele>2883.199951171875</ele>
        <time>2026-08-01T14:57:49.000Z</time>
        <extensions>
          <ns3:TrackPointExtension>
            <ns3:atemp>15.0</ns3:atemp>
          </ns3:TrackPointExtension>
        </extensions>
      </trkpt>
      <trkpt lat="39.89068259485065937042236328125" lon="-105.8812209405004978179931640625">
        <ele>2883</ele>
        <time>2026-08-01T14:57:53.000Z</time>
        <extensions>
          <ns3:TrackPointExtension>
            <ns3:atemp>15.0</ns3:atemp>
          </ns3:TrackPointExtension>
        </extensions>
      </trkpt>
      <trkpt lat="39.89069759845733642578125" lon="-105.8810690604150295257568359375">
        <ele>2883</ele>
        <time>2026-08-01T14:57:55.000Z</time>
        <extensions>
          <ns3:TrackPointExtension>
            <ns3:atemp>15.0</ns3:atemp>
          </ns3:TrackPointExtension>
        </extensions>
      </trkpt>
      <trkpt lat="39.89070958457887172698974609375" lon="-105.88085465133190155029296875">
        <ele>2882.800048828125</ele>
        <time>2026-08-01T14:57:58.000Z</time>
        <extensions>
          <ns3:TrackPointExtension>
            <ns3:atemp>15.0</ns3:atemp>
          </ns3:TrackPointExtension>
        </extensions>
      </trkpt>
      <trkpt lat="39.890701957046985626220703125" lon="-105.88070620782673358917236328125">
        <ele>2882.60009765625</ele>
        <time>2026-08-01T14:58:00.000Z</time>
        <extensions>
          <ns3:TrackPointExtension>
            <ns3:atemp>15.0</ns3:atemp>
          </ns3:TrackPointExtension>
        </extensions>
      </trkpt>
      <trkpt lat="39.890684522688388824462890625" lon="-105.8806340396404266357421875">
        <ele>2882.60009765625</ele>
        <time>2026-08-01T14:58:01.000Z</time>
        <extensions>
          <ns3:TrackPointExtension>
            <ns3:atemp>15.0</ns3:atemp>
          </ns3:TrackPointExtension>
        </extensions>
      </trkpt>
      <trkpt lat="39.89064252935349941253662109375" lon="-105.88050504215061664581298828125">
        <ele>2882.60009765625</ele>
        <time>2026-08-01T14:58:03.000Z</time>
        <extensions>
          <ns3:TrackPointExtension>
            <ns3:atemp>15.0</ns3:atemp>
          </ns3:TrackPointExtension>
        </extensions>
      </trkpt>
      <trkpt lat="39.890535660088062286376953125" lon="-105.88031779043376445770263671875">
        <ele>2882.60009765625</ele>
        <time>2026-08-01T14:58:06.000Z</time>
        <extensions>
          <ns3:TrackPointExtension>
            <ns3:atemp>15.0</ns3:atemp>
          </ns3:TrackPointExtension>
        </extensions>
      </trkpt>
      <trkpt lat="39.89032519049942493438720703125" lon="-105.87998293340206146240234375">
        <ele>2882.800048828125</ele>
        <time>2026-08-01T14:58:11.000Z</time>
        <extensions>
          <ns3:TrackPointExtension>
            <ns3:atemp>15.0</ns3:atemp>
          </ns3:TrackPointExtension>
        </extensions>
      </trkpt>
      <trkpt lat="39.8902806825935840606689453125" lon="-105.879912860691547393798828125">
        <ele>2882.800048828125</ele>
        <time>2026-08-01T14:58:12.000Z</time>
        <extensions>
          <ns3:TrackPointExtension>
            <ns3:atemp>15.0</ns3:atemp>
          </ns3:TrackPointExtension>
        </extensions>
      </trkpt>
      <trkpt lat="39.890188314020633697509765625" lon="-105.87979517877101898193359375">
        <ele>2882.800048828125</ele>
        <time>2026-08-01T14:58:14.000Z</time>
        <extensions>
          <ns3:TrackPointExtension>
            <ns3:atemp>15.0</ns3:atemp>
          </ns3:TrackPointExtension>
        </extensions>
      </trkpt>
      <trkpt lat="39.89006803371012210845947265625" lon="-105.87962041608989238739013671875">
        <ele>2882.800048828125</ele>
        <time>2026-08-01T14:58:17.000Z</time>
        <extensions>
          <ns3:TrackPointExtension>
            <ns3:atemp>15.0</ns3:atemp>
          </ns3:TrackPointExtension>
        </extensions>
      </trkpt>
      <trkpt lat="39.88999024964869022369384765625" lon="-105.8795013092458248138427734375">
        <ele>2882.60009765625</ele>
        <time>2026-08-01T14:58:19.000Z</time>
        <extensions>
          <ns3:TrackPointExtension>
            <ns3:atemp>15.0</ns3:atemp>
          </ns3:TrackPointExtension>
        </extensions>
      </trkpt>
      <trkpt lat="39.88990274257957935333251953125" lon="-105.87937901727855205535888671875">
        <ele>2882.60009765625</ele>
        <time>2026-08-01T14:58:21.000Z</time>
        <extensions>
          <ns3:TrackPointExtension>
            <ns3:atemp>15.0</ns3:atemp>
          </ns3:TrackPointExtension>
        </extensions>
      </trkpt>
      <trkpt lat="39.8898585699498653411865234375" lon="-105.87931849993765354156494140625">
        <ele>2882.60009765625</ele>
        <time>2026-08-01T14:58:22.000Z</time>
        <extensions>
          <ns3:TrackPointExtension>
            <ns3:atemp>15.0</ns3:atemp>
          </ns3:TrackPointExtension>
        </extensions>
      </trkpt>
      <trkpt lat="39.88981456495821475982666015625" lon="-105.8792568929493427276611328125">
        <ele>2882.60009765625</ele>
        <time>2026-08-01T14:58:23.000Z</time>
        <extensions>
          <ns3:TrackPointExtension>
            <ns3:atemp>15.0</ns3:atemp>
          </ns3:TrackPointExtension>
        </extensions>
      </trkpt>
      <trkpt lat="39.88952505402266979217529296875" lon="-105.878916420042514801025390625">
        <ele>2882.60009765625</ele>
        <time>2026-08-01T14:58:29.000Z</time>
        <extensions>
          <ns3:TrackPointExtension>
            <ns3:atemp>15.0</ns3:atemp>
          </ns3:TrackPointExtension>
        </extensions>
      </trkpt>
      <trkpt lat="39.8894810490310192108154296875" lon="-105.87888632901012897491455078125">
        <ele>2882.60009765625</ele>
        <time>2026-08-01T14:58:30.000Z</time>
        <extensions>
          <ns3:TrackPointExtension>
            <ns3:atemp>15.0</ns3:atemp>
          </ns3:TrackPointExtension>
        </extensions>
      </trkpt>
      <trkpt lat="39.8893492855131626129150390625" lon="-105.878853388130664825439453125">
        <ele>2882.800048828125</ele>
        <time>2026-08-01T14:58:32.000Z</time>
        <extensions>
          <ns3:TrackPointExtension>
            <ns3:atemp>15.0</ns3:atemp>
          </ns3:TrackPointExtension>
        </extensions>
      </trkpt>
      <trkpt lat="39.88924493081867694854736328125" lon="-105.87885900400578975677490234375">
        <ele>2882.800048828125</ele>
        <time>2026-08-01T14:58:34.000Z</time>
        <extensions>
          <ns3:TrackPointExtension>
            <ns3:atemp>15.0</ns3:atemp>
          </ns3:TrackPointExtension>
        </extensions>
      </trkpt>
      <trkpt lat="39.88908634521067142486572265625" lon="-105.878891609609127044677734375">
        <ele>2883</ele>
        <time>2026-08-01T14:58:37.000Z</time>
        <extensions>
          <ns3:TrackPointExtension>
            <ns3:atemp>15.0</ns3:atemp>
          </ns3:TrackPointExtension>
        </extensions>
      </trkpt>
      <trkpt lat="39.88891418091952800750732421875" lon="-105.8788961358368396759033203125">
        <ele>2883.39990234375</ele>
        <time>2026-08-01T14:58:40.000Z</time>
        <extensions>
          <ns3:TrackPointExtension>
            <ns3:atemp>15.0</ns3:atemp>
          </ns3:TrackPointExtension>
        </extensions>
      </trkpt>
      <trkpt lat="39.8888524062931537628173828125" lon="-105.878853388130664825439453125">
        <ele>2883.39990234375</ele>
        <time>2026-08-01T14:58:41.000Z</time>
        <extensions>
          <ns3:TrackPointExtension>
            <ns3:atemp>15.0</ns3:atemp>
          </ns3:TrackPointExtension>
        </extensions>
      </trkpt>
      <trkpt lat="39.88880219869315624237060546875" lon="-105.878793708980083465576171875">
        <ele>2883.39990234375</ele>
        <time>2026-08-01T14:58:42.000Z</time>
        <extensions>
          <ns3:TrackPointExtension>
            <ns3:atemp>15.0</ns3:atemp>
          </ns3:TrackPointExtension>
        </extensions>
      </trkpt>
      <trkpt lat="39.8887484706938266754150390625" lon="-105.878653228282928466796875">
        <ele>2883.60009765625</ele>
        <time>2026-08-01T14:58:44.000Z</time>
        <extensions>
          <ns3:TrackPointExtension>
            <ns3:atemp>15.0</ns3:atemp>
          </ns3:TrackPointExtension>
        </extensions>
      </trkpt>
      <trkpt lat="39.888719134032726287841796875" lon="-105.8785821497440338134765625">
        <ele>2883.60009765625</ele>
        <time>2026-08-01T14:58:45.000Z</time>
        <extensions>
          <ns3:TrackPointExtension>
            <ns3:atemp>15.0</ns3:atemp>
          </ns3:TrackPointExtension>
        </extensions>
      </trkpt>
      <trkpt lat="39.8886281065642833709716796875" lon="-105.8784612827003002166748046875">
        <ele>2883.60009765625</ele>
        <time>2026-08-01T14:58:47.000Z</time>
        <extensions>
          <ns3:TrackPointExtension>
            <ns3:atemp>15.0</ns3:atemp>
          </ns3:TrackPointExtension>
        </extensions>
      </trkpt>
      <trkpt lat="39.88857119344174861907958984375" lon="-105.8784131705760955810546875">
        <ele>2883.60009765625</ele>
        <time>2026-08-01T14:58:48.000Z</time>
        <extensions>
          <ns3:TrackPointExtension>
            <ns3:atemp>15.0</ns3:atemp>
          </ns3:TrackPointExtension>
        </extensions>
      </trkpt>
      <trkpt lat="39.88847362808883190155029296875" lon="-105.8783434331417083740234375">
        <ele>2883.800048828125</ele>
        <time>2026-08-01T14:58:50.000Z</time>
        <extensions>
          <ns3:TrackPointExtension>
            <ns3:atemp>15.0</ns3:atemp>
          </ns3:TrackPointExtension>
        </extensions>
      </trkpt>
      <trkpt lat="39.888412021100521087646484375" lon="-105.87828241288661956787109375">
        <ele>2883.800048828125</ele>
        <time>2026-08-01T14:58:52.000Z</time>
        <extensions>
          <ns3:TrackPointExtension>
            <ns3:atemp>15.0</ns3:atemp>
          </ns3:TrackPointExtension>
        </extensions>
      </trkpt>
      <trkpt lat="39.88831353373825550079345703125" lon="-105.87813514284789562225341796875">
        <ele>2883.60009765625</ele>
        <time>2026-08-01T14:58:55.000Z</time>
        <extensions>
          <ns3:TrackPointExtension>
            <ns3:atemp>15.0</ns3:atemp>
          </ns3:TrackPointExtension>
        </extensions>
      </trkpt>
      <trkpt lat="39.8882914893329143524169921875" lon="-105.8780683390796184539794921875">
        <ele>2883.60009765625</ele>
        <time>2026-08-01T14:58:56.000Z</time>
        <extensions>
          <ns3:TrackPointExtension>
            <ns3:atemp>15.0</ns3:atemp>
          </ns3:TrackPointExtension>
        </extensions>
      </trkpt>
      <trkpt lat="39.8882871307432651519775390625" lon="-105.87799985893070697784423828125">
        <ele>2883.39990234375</ele>
        <time>2026-08-01T14:58:57.000Z</time>
        <extensions>
          <ns3:TrackPointExtension>
            <ns3:atemp>15.0</ns3:atemp>
          </ns3:TrackPointExtension>
        </extensions>
      </trkpt>
      <trkpt lat="39.888331890106201171875" lon="-105.877887792885303497314453125">
        <ele>2883</ele>
        <time>2026-08-01T14:58:59.000Z</time>
        <extensions>
          <ns3:TrackPointExtension>
            <ns3:atemp>15.0</ns3:atemp>
          </ns3:TrackPointExtension>
        </extensions>
      </trkpt>
      <trkpt lat="39.888474382460117340087890625" lon="-105.87778880260884761810302734375">
        <ele>2882.199951171875</ele>
        <time>2026-08-01T14:59:01.000Z</time>
        <extensions>
          <ns3:TrackPointExtension>
            <ns3:atemp>15.0</ns3:atemp>
          </ns3:TrackPointExtension>
        </extensions>
      </trkpt>
      <trkpt lat="39.88855375908315181732177734375" lon="-105.877773463726043701171875">
        <ele>2882</ele>
        <time>2026-08-01T14:59:02.000Z</time>
        <extensions>
          <ns3:TrackPointExtension>
            <ns3:atemp>15.0</ns3:atemp>
          </ns3:TrackPointExtension>
        </extensions>
      </trkpt>
      <trkpt lat="39.88863439299166202545166015625" lon="-105.87775309570133686065673828125">
        <ele>2881.60009765625</ele>
        <time>2026-08-01T14:59:03.000Z</time>
        <extensions>
          <ns3:TrackPointExtension>
            <ns3:atemp>15.0</ns3:atemp>
          </ns3:TrackPointExtension>
        </extensions>
      </trkpt>
      <trkpt lat="39.88871754147112369537353515625" lon="-105.87774354033172130584716796875">
        <ele>2881.39990234375</ele>
        <time>2026-08-01T14:59:04.000Z</time>
        <extensions>
          <ns3:TrackPointExtension>
            <ns3:atemp>15.0</ns3:atemp>
          </ns3:TrackPointExtension>
        </extensions>
      </trkpt>
      <trkpt lat="39.88890915177762508392333984375" lon="-105.87770397774875164031982421875">
        <ele>2880.39990234375</ele>
        <time>2026-08-01T14:59:06.000Z</time>
        <extensions>
          <ns3:TrackPointExtension>
            <ns3:atemp>15.0</ns3:atemp>
          </ns3:TrackPointExtension>
        </extensions>
      </trkpt>
      <trkpt lat="39.88910763524472713470458984375" lon="-105.877647735178470611572265625">
        <ele>2879</ele>
        <time>2026-08-01T14:59:08.000Z</time>
        <extensions>
          <ns3:TrackPointExtension>
            <ns3:atemp>15.0</ns3:atemp>
          </ns3:TrackPointExtension>
        </extensions>
      </trkpt>
      <trkpt lat="39.8893975652754306793212890625" lon="-105.87757699191570281982421875">
        <ele>2878</ele>
        <time>2026-08-01T14:59:11.000Z</time>
        <extensions>
          <ns3:TrackPointExtension>
            <ns3:atemp>15.0</ns3:atemp>
          </ns3:TrackPointExtension>
        </extensions>
      </trkpt>
      <trkpt lat="39.88950200378894805908203125" lon="-105.8775573782622814178466796875">
        <ele>2877.199951171875</ele>
        <time>2026-08-01T14:59:12.000Z</time>
        <extensions>
          <ns3:TrackPointExtension>
            <ns3:atemp>15.0</ns3:atemp>
          </ns3:TrackPointExtension>
        </extensions>
      </trkpt>
      <trkpt lat="39.88960786722600460052490234375" lon="-105.87754203937947750091552734375">
        <ele>2876.60009765625</ele>
        <time>2026-08-01T14:59:13.000Z</time>
        <extensions>
          <ns3:TrackPointExtension>
            <ns3:atemp>15.0</ns3:atemp>
          </ns3:TrackPointExtension>
        </extensions>
      </trkpt>
      <trkpt lat="39.88971599377691745758056640625" lon="-105.87754053063690662384033203125">
        <ele>2875.39990234375</ele>
        <time>2026-08-01T14:59:14.000Z</time>
        <extensions>
          <ns3:TrackPointExtension>
            <ns3:atemp>15.0</ns3:atemp>
          </ns3:TrackPointExtension>
        </extensions>
      </trkpt>
      <trkpt lat="39.889949262142181396484375" lon="-105.87756416760385036468505859375">
        <ele>2873.39990234375</ele>
        <time>2026-08-01T14:59:16.000Z</time>
        <extensions>
          <ns3:TrackPointExtension>
            <ns3:atemp>15.0</ns3:atemp>
          </ns3:TrackPointExtension>
        </extensions>
      </trkpt>
      <trkpt lat="39.89006317220628261566162109375" lon="-105.87758713401854038238525390625">
        <ele>2872.39990234375</ele>
        <time>2026-08-01T14:59:17.000Z</time>
        <extensions>
          <ns3:TrackPointExtension>
            <ns3:atemp>15.0</ns3:atemp>
          </ns3:TrackPointExtension>
        </extensions>
      </trkpt>
      <trkpt lat="39.8902679421007633209228515625" lon="-105.877631641924381256103515625">
        <ele>2869.800048828125</ele>
        <time>2026-08-01T14:59:19.000Z</time>
        <extensions>
          <ns3:TrackPointExtension>
            <ns3:atemp>15.0</ns3:atemp>
          </ns3:TrackPointExtension>
        </extensions>
      </trkpt>
      <trkpt lat="39.89035871811211109161376953125" lon="-105.8776405267417430877685546875">
        <ele>2869</ele>
        <time>2026-08-01T14:59:20.000Z</time>
        <extensions>
          <ns3:TrackPointExtension>
            <ns3:atemp>15.0</ns3:atemp>
          </ns3:TrackPointExtension>
        </extensions>
      </trkpt>
      <trkpt lat="39.890440441668033599853515625" lon="-105.877635665237903594970703125">
        <ele>2867.800048828125</ele>
        <time>2026-08-01T14:59:21.000Z</time>
        <extensions>
          <ns3:TrackPointExtension>
            <ns3:atemp>15.0</ns3:atemp>
          </ns3:TrackPointExtension>
        </extensions>
      </trkpt>
      <trkpt lat="39.890556447207927703857421875" lon="-105.8775701187551021575927734375">
        <ele>2866.60009765625</ele>
        <time>2026-08-01T14:59:23.000Z</time>
        <extensions>
          <ns3:TrackPointExtension>
            <ns3:atemp>15.0</ns3:atemp>
          </ns3:TrackPointExtension>
        </extensions>
      </trkpt>
      <trkpt lat="39.89062626846134662628173828125" lon="-105.87746593169867992401123046875">
        <ele>2864.39990234375</ele>
        <time>2026-08-01T14:59:25.000Z</time>
        <extensions>
          <ns3:TrackPointExtension>
            <ns3:atemp>15.0</ns3:atemp>
          </ns3:TrackPointExtension>
        </extensions>
      </trkpt>
      <trkpt lat="39.890648312866687774658203125" lon="-105.87740289978682994842529296875">
        <ele>2862.60009765625</ele>
        <time>2026-08-01T14:59:26.000Z</time>
        <extensions>
          <ns3:TrackPointExtension>
            <ns3:atemp>15.0</ns3:atemp>
          </ns3:TrackPointExtension>
        </extensions>
      </trkpt>
      <trkpt lat="39.89069558680057525634765625" lon="-105.87726577185094356536865234375">
        <ele>2860.39990234375</ele>
        <time>2026-08-01T14:59:28.000Z</time>
        <extensions>
          <ns3:TrackPointExtension>
            <ns3:atemp>15.0</ns3:atemp>
          </ns3:TrackPointExtension>
        </extensions>
      </trkpt>
      <trkpt lat="39.8907631449401378631591796875" lon="-105.87712646462023258209228515625">
        <ele>2859</ele>
        <time>2026-08-01T14:59:30.000Z</time>
        <extensions>
          <ns3:TrackPointExtension>
            <ns3:atemp>15.0</ns3:atemp>
          </ns3:TrackPointExtension>
        </extensions>
      </trkpt>
      <trkpt lat="39.89087135531008243560791015625" lon="-105.87705605663359165191650390625">
        <ele>2858</ele>
        <time>2026-08-01T14:59:32.000Z</time>
        <extensions>
          <ns3:TrackPointExtension>
            <ns3:atemp>15.0</ns3:atemp>
          </ns3:TrackPointExtension>
        </extensions>
      </trkpt>
      <trkpt lat="39.89091594703495502471923828125" lon="-105.87704851292073726654052734375">
        <ele>2858</ele>
        <time>2026-08-01T14:59:33.000Z</time>
        <extensions>
          <ns3:TrackPointExtension>
            <ns3:atemp>15.0</ns3:atemp>
          </ns3:TrackPointExtension>
        </extensions>
      </trkpt>
      <trkpt lat="39.890966825187206268310546875" lon="-105.8770514465868473052978515625">
        <ele>2857.800048828125</ele>
        <time>2026-08-01T14:59:34.000Z</time>
        <extensions>
          <ns3:TrackPointExtension>
            <ns3:atemp>15.0</ns3:atemp>
          </ns3:TrackPointExtension>
        </extensions>
      </trkpt>
      <trkpt lat="39.89103061147034168243408203125" lon="-105.8770672045648097991943359375">
        <ele>2858</ele>
        <time>2026-08-01T14:59:36.000Z</time>
        <extensions>
          <ns3:TrackPointExtension>
            <ns3:atemp>15.0</ns3:atemp>
          </ns3:TrackPointExtension>
        </extensions>
      </trkpt>
      <trkpt lat="39.8911654762923717498779296875" lon="-105.87707801721990108489990234375">
        <ele>2859</ele>
        <time>2026-08-01T14:59:41.000Z</time>
        <extensions>
          <ns3:TrackPointExtension>
            <ns3:atemp>15.0</ns3:atemp>
          </ns3:TrackPointExtension>
        </extensions>
      </trkpt>
      <trkpt lat="39.89119179546833038330078125" lon="-105.87707902304828166961669921875">
        <ele>2859.199951171875</ele>
        <time>2026-08-01T14:59:42.000Z</time>
        <extensions>
          <ns3:TrackPointExtension>
            <ns3:atemp>15.0</ns3:atemp>
          </ns3:TrackPointExtension>
        </extensions>
      </trkpt>
      <trkpt lat="39.8912365548312664031982421875" lon="-105.8770774304866790771484375">
        <ele>2860</ele>
        <time>2026-08-01T14:59:44.000Z</time>
        <extensions>
          <ns3:TrackPointExtension>
            <ns3:atemp>15.0</ns3:atemp>
          </ns3:TrackPointExtension>
        </extensions>
      </trkpt>
      <trkpt lat="39.8912955634295940399169921875" lon="-105.877086482942104339599609375">
        <ele>2860.60009765625</ele>
        <time>2026-08-01T14:59:47.000Z</time>
        <extensions>
          <ns3:TrackPointExtension>
            <ns3:atemp>15.0</ns3:atemp>
          </ns3:TrackPointExtension>
        </extensions>
      </trkpt>
      <trkpt lat="39.89134158007800579071044921875" lon="-105.8770853094756603240966796875">
        <ele>2861.199951171875</ele>
        <time>2026-08-01T14:59:49.000Z</time>
        <extensions>
          <ns3:TrackPointExtension>
            <ns3:atemp>15.0</ns3:atemp>
          </ns3:TrackPointExtension>
        </extensions>
      </trkpt>
      <trkpt lat="39.8914162628352642059326171875" lon="-105.87708807550370693206787109375">
        <ele>2862.199951171875</ele>
        <time>2026-08-01T14:59:53.000Z</time>
        <extensions>
          <ns3:TrackPointExtension>
            <ns3:atemp>15.0</ns3:atemp>
          </ns3:TrackPointExtension>
        </extensions>
      </trkpt>
      <trkpt lat="39.89147434942424297332763671875" lon="-105.87708354927599430084228515625">
        <ele>2862.800048828125</ele>
        <time>2026-08-01T14:59:56.000Z</time>
        <extensions>
          <ns3:TrackPointExtension>
            <ns3:atemp>15.0</ns3:atemp>
          </ns3:TrackPointExtension>
        </extensions>
      </trkpt>
      <trkpt lat="39.8915574140846729278564453125" lon="-105.87708908133208751678466796875">
        <ele>2863</ele>
        <time>2026-08-01T15:00:00.000Z</time>
        <extensions>
          <ns3:TrackPointExtension>
            <ns3:atemp>15.0</ns3:atemp>
          </ns3:TrackPointExtension>
        </extensions>
      </trkpt>
      <trkpt lat="39.89162974990904331207275390625" lon="-105.87708338163793087005615234375">
        <ele>2864.199951171875</ele>
        <time>2026-08-01T15:00:04.000Z</time>
        <extensions>
          <ns3:TrackPointExtension>
            <ns3:atemp>15.0</ns3:atemp>
          </ns3:TrackPointExtension>
        </extensions>
      </trkpt>
      <trkpt lat="39.89166386425495147705078125" lon="-105.87707541882991790771484375">
        <ele>2864.60009765625</ele>
        <time>2026-08-01T15:00:06.000Z</time>
        <extensions>
          <ns3:TrackPointExtension>
            <ns3:atemp>15.0</ns3:atemp>
          </ns3:TrackPointExtension>
        </extensions>
      </trkpt>
      <trkpt lat="39.89172345958650112152099609375" lon="-105.8770742453634738922119140625">
        <ele>2865.39990234375</ele>
        <time>2026-08-01T15:00:10.000Z</time>
        <extensions>
          <ns3:TrackPointExtension>
            <ns3:atemp>15.0</ns3:atemp>
          </ns3:TrackPointExtension>
        </extensions>
      </trkpt>
      <trkpt lat="39.89177894778549671173095703125" lon="-105.87708237580955028533935546875">
        <ele>2866</ele>
        <time>2026-08-01T15:00:13.000Z</time>
        <extensions>
          <ns3:TrackPointExtension>
            <ns3:atemp>15.0</ns3:atemp>
          </ns3:TrackPointExtension>
        </extensions>
      </trkpt>
      <trkpt lat="39.8918299935758113861083984375" lon="-105.87707675993442535400390625">
        <ele>2866.39990234375</ele>
        <time>2026-08-01T15:00:16.000Z</time>
        <extensions>
          <ns3:TrackPointExtension>
            <ns3:atemp>15.0</ns3:atemp>
          </ns3:TrackPointExtension>
        </extensions>
      </trkpt>
      <trkpt lat="39.89187902770936489105224609375" lon="-105.8770827949047088623046875">
        <ele>2867.199951171875</ele>
        <time>2026-08-01T15:00:19.000Z</time>
        <extensions>
          <ns3:TrackPointExtension>
            <ns3:atemp>15.0</ns3:atemp>
          </ns3:TrackPointExtension>
        </extensions>
      </trkpt>
      <trkpt lat="39.89189478568732738494873046875" lon="-105.8770801126956939697265625">
        <ele>2867.39990234375</ele>
        <time>2026-08-01T15:00:20.000Z</time>
        <extensions>
          <ns3:TrackPointExtension>
            <ns3:atemp>15.0</ns3:atemp>
          </ns3:TrackPointExtension>
        </extensions>
      </trkpt>
      <trkpt lat="39.89191758446395397186279296875" lon="-105.87707768194377422332763671875">
        <ele>2867.60009765625</ele>
        <time>2026-08-01T15:00:22.000Z</time>
        <extensions>
          <ns3:TrackPointExtension>
            <ns3:atemp>15.0</ns3:atemp>
          </ns3:TrackPointExtension>
        </extensions>
      </trkpt>
      <trkpt lat="39.89195245318114757537841796875" lon="-105.87705605663359165191650390625">
        <ele>2868</ele>
        <time>2026-08-01T15:00:25.000Z</time>
        <extensions>
          <ns3:TrackPointExtension>
            <ns3:atemp>15.0</ns3:atemp>
          </ns3:TrackPointExtension>
        </extensions>
      </trkpt>
      <trkpt lat="39.89198396913707256317138671875" lon="-105.87705773301422595977783203125">
        <ele>2868.60009765625</ele>
        <time>2026-08-01T15:00:27.000Z</time>
        <extensions>
          <ns3:TrackPointExtension>
            <ns3:atemp>15.0</ns3:atemp>
          </ns3:TrackPointExtension>
        </extensions>
      </trkpt>
      <trkpt lat="39.8920641839504241943359375" lon="-105.87705320678651332855224609375">
        <ele>2869.60009765625</ele>
        <time>2026-08-01T15:00:31.000Z</time>
        <extensions>
          <ns3:TrackPointExtension>
            <ns3:atemp>15.0</ns3:atemp>
          </ns3:TrackPointExtension>
        </extensions>
      </trkpt>
      <trkpt lat="39.89210332743823528289794921875" lon="-105.877049267292022705078125">
        <ele>2869.800048828125</ele>
        <time>2026-08-01T15:00:33.000Z</time>
        <extensions>
          <ns3:TrackPointExtension>
            <ns3:atemp>15.0</ns3:atemp>
          </ns3:TrackPointExtension>
        </extensions>
      </trkpt>
      <trkpt lat="39.892201311886310577392578125" lon="-105.87706242688000202178955078125">
        <ele>2870.60009765625</ele>
        <time>2026-08-01T15:00:38.000Z</time>
        <extensions>
          <ns3:TrackPointExtension>
            <ns3:atemp>15.0</ns3:atemp>
          </ns3:TrackPointExtension>
        </extensions>
      </trkpt>
      <trkpt lat="39.89221815951168537139892578125" lon="-105.87706075049936771392822265625">
        <ele>2870.800048828125</ele>
        <time>2026-08-01T15:00:39.000Z</time>
        <extensions>
          <ns3:TrackPointExtension>
            <ns3:atemp>15.0</ns3:atemp>
          </ns3:TrackPointExtension>
        </extensions>
      </trkpt>
      <trkpt lat="39.8922896571457386016845703125" lon="-105.8770501054823398590087890625">
        <ele>2871.800048828125</ele>
        <time>2026-08-01T15:00:43.000Z</time>
        <extensions>
          <ns3:TrackPointExtension>
            <ns3:atemp>15.0</ns3:atemp>
          </ns3:TrackPointExtension>
        </extensions>
      </trkpt>
      <trkpt lat="39.89235461689531803131103515625" lon="-105.87705018930137157440185546875">
        <ele>2872.199951171875</ele>
        <time>2026-08-01T15:00:47.000Z</time>
        <extensions>
          <ns3:TrackPointExtension>
            <ns3:atemp>15.0</ns3:atemp>
          </ns3:TrackPointExtension>
        </extensions>
      </trkpt>
      <trkpt lat="39.89237733185291290283203125" lon="-105.87704784236848354339599609375">
        <ele>2872.60009765625</ele>
        <time>2026-08-01T15:00:48.000Z</time>
        <extensions>
          <ns3:TrackPointExtension>
            <ns3:atemp>15.0</ns3:atemp>
          </ns3:TrackPointExtension>
        </extensions>
      </trkpt>
      <trkpt lat="39.892473556101322174072265625" lon="-105.877040214836597442626953125">
        <ele>2873.800048828125</ele>
        <time>2026-08-01T15:00:53.000Z</time>
        <extensions>
          <ns3:TrackPointExtension>
            <ns3:atemp>15.0</ns3:atemp>
          </ns3:TrackPointExtension>
        </extensions>
      </trkpt>
      <trkpt lat="39.89249375648796558380126953125" lon="-105.87704314850270748138427734375">
        <ele>2874</ele>
        <time>2026-08-01T15:00:54.000Z</time>
        <extensions>
          <ns3:TrackPointExtension>
            <ns3:atemp>15.0</ns3:atemp>
          </ns3:TrackPointExtension>
        </extensions>
      </trkpt>
      <trkpt lat="39.89256382919847965240478515625" lon="-105.8770433999598026275634765625">
        <ele>2875</ele>
        <time>2026-08-01T15:00:58.000Z</time>
        <extensions>
          <ns3:TrackPointExtension>
            <ns3:atemp>15.0</ns3:atemp>
          </ns3:TrackPointExtension>
        </extensions>
      </trkpt>
      <trkpt lat="39.89266508258879184722900390625" lon="-105.877049267292022705078125">
        <ele>2876</ele>
        <time>2026-08-01T15:01:03.000Z</time>
        <extensions>
          <ns3:TrackPointExtension>
            <ns3:atemp>15.0</ns3:atemp>
          </ns3:TrackPointExtension>
        </extensions>
      </trkpt>
      <trkpt lat="39.89268687553703784942626953125" lon="-105.87705370970070362091064453125">
        <ele>2876.39990234375</ele>
        <time>2026-08-01T15:01:04.000Z</time>
        <extensions>
          <ns3:TrackPointExtension>
            <ns3:atemp>15.0</ns3:atemp>
          </ns3:TrackPointExtension>
        </extensions>
      </trkpt>
      <trkpt lat="39.89278594963252544403076171875" lon="-105.877089835703372955322265625">
        <ele>2877.60009765625</ele>
        <time>2026-08-01T15:01:09.000Z</time>
        <extensions>
          <ns3:TrackPointExtension>
            <ns3:atemp>15.0</ns3:atemp>
          </ns3:TrackPointExtension>
        </extensions>
      </trkpt>
      <trkpt lat="39.8929028771817684173583984375" lon="-105.8771211840212345123291015625">
        <ele>2878.800048828125</ele>
        <time>2026-08-01T15:01:15.000Z</time>
        <extensions>
          <ns3:TrackPointExtension>
            <ns3:atemp>15.0</ns3:atemp>
          </ns3:TrackPointExtension>
        </extensions>
      </trkpt>
      <trkpt lat="39.89300840534269809722900390625" lon="-105.87712713517248630523681640625">
        <ele>2880.39990234375</ele>
        <time>2026-08-01T15:01:20.000Z</time>
        <extensions>
          <ns3:TrackPointExtension>
            <ns3:atemp>15.0</ns3:atemp>
          </ns3:TrackPointExtension>
        </extensions>
      </trkpt>
      <trkpt lat="39.89305517636239528656005859375" lon="-105.87713635526597499847412109375">
        <ele>2880.60009765625</ele>
        <time>2026-08-01T15:01:22.000Z</time>
        <extensions>
          <ns3:TrackPointExtension>
            <ns3:atemp>15.0</ns3:atemp>
          </ns3:TrackPointExtension>
        </extensions>
      </trkpt>
      <trkpt lat="39.89322549663484096527099609375" lon="-105.877193100750446319580078125">
        <ele>2881.199951171875</ele>
        <time>2026-08-01T15:01:28.000Z</time>
        <extensions>
          <ns3:TrackPointExtension>
            <ns3:atemp>15.0</ns3:atemp>
          </ns3:TrackPointExtension>
        </extensions>
      </trkpt>
      <trkpt lat="39.89326120354235172271728515625" lon="-105.87720257230103015899658203125">
        <ele>2881.39990234375</ele>
        <time>2026-08-01T15:01:29.000Z</time>
        <extensions>
          <ns3:TrackPointExtension>
            <ns3:atemp>15.0</ns3:atemp>
          </ns3:TrackPointExtension>
        </extensions>
      </trkpt>
      <trkpt lat="39.89344619214534759521484375" lon="-105.87725512683391571044921875">
        <ele>2881.39990234375</ele>
        <time>2026-08-01T15:01:34.000Z</time>
        <extensions>
          <ns3:TrackPointExtension>
            <ns3:atemp>15.0</ns3:atemp>
          </ns3:TrackPointExtension>
        </extensions>
      </trkpt>
      <trkpt lat="39.8936039395630359649658203125" lon="-105.87730013765394687652587890625">
        <ele>2881.39990234375</ele>
        <time>2026-08-01T15:01:38.000Z</time>
        <extensions>
          <ns3:TrackPointExtension>
            <ns3:atemp>15.0</ns3:atemp>
          </ns3:TrackPointExtension>
        </extensions>
      </trkpt>
      <trkpt lat="39.89377669058740139007568359375" lon="-105.8773163147270679473876953125">
        <ele>2881.39990234375</ele>
        <time>2026-08-01T15:01:42.000Z</time>
        <extensions>
          <ns3:TrackPointExtension>
            <ns3:atemp>15.0</ns3:atemp>
          </ns3:TrackPointExtension>
        </extensions>
      </trkpt>
      <trkpt lat="39.893893785774707794189453125" lon="-105.8772972039878368377685546875">
        <ele>2881.199951171875</ele>
        <time>2026-08-01T15:01:45.000Z</time>
        <extensions>
          <ns3:TrackPointExtension>
            <ns3:atemp>15.0</ns3:atemp>
          </ns3:TrackPointExtension>
        </extensions>
      </trkpt>
      <trkpt lat="39.8939730785787105560302734375" lon="-105.87726359255611896514892578125">
        <ele>2881.199951171875</ele>
        <time>2026-08-01T15:01:47.000Z</time>
        <extensions>
          <ns3:TrackPointExtension>
            <ns3:atemp>14.0</ns3:atemp>
          </ns3:TrackPointExtension>
        </extensions>
      </trkpt>
      <trkpt lat="39.89401272498071193695068359375" lon="-105.87724297307431697845458984375">
        <ele>2881.199951171875</ele>
        <time>2026-08-01T15:01:48.000Z</time>
        <extensions>
          <ns3:TrackPointExtension>
            <ns3:atemp>14.0</ns3:atemp>
          </ns3:TrackPointExtension>
        </extensions>
      </trkpt>
      <trkpt lat="39.8943697102367877960205078125" lon="-105.87702085264027118682861328125">
        <ele>2881.199951171875</ele>
        <time>2026-08-01T15:01:57.000Z</time>
        <extensions>
          <ns3:TrackPointExtension>
            <ns3:atemp>14.0</ns3:atemp>
          </ns3:TrackPointExtension>
        </extensions>
      </trkpt>
      <trkpt lat="39.8946578800678253173828125" lon="-105.8768204413354396820068359375">
        <ele>2881.199951171875</ele>
        <time>2026-08-01T15:02:04.000Z</time>
        <extensions>
          <ns3:TrackPointExtension>
            <ns3:atemp>14.0</ns3:atemp>
          </ns3:TrackPointExtension>
        </extensions>
      </trkpt>
      <trkpt lat="39.894746728241443634033203125" lon="-105.87675648741424083709716796875">
        <ele>2881.199951171875</ele>
        <time>2026-08-01T15:02:06.000Z</time>
        <extensions>
          <ns3:TrackPointExtension>
            <ns3:atemp>14.0</ns3:atemp>
          </ns3:TrackPointExtension>
        </extensions>
      </trkpt>
      <trkpt lat="39.8950006999075412750244140625" lon="-105.876612402498722076416015625">
        <ele>2881.199951171875</ele>
        <time>2026-08-01T15:02:12.000Z</time>
        <extensions>
          <ns3:TrackPointExtension>
            <ns3:atemp>14.0</ns3:atemp>
          </ns3:TrackPointExtension>
        </extensions>
      </trkpt>
      <trkpt lat="39.8953418433666229248046875" lon="-105.87659253738820552825927734375">
        <ele>2881.60009765625</ele>
        <time>2026-08-01T15:02:19.000Z</time>
        <extensions>
          <ns3:TrackPointExtension>
            <ns3:atemp>14.0</ns3:atemp>
          </ns3:TrackPointExtension>
        </extensions>
      </trkpt>
      <trkpt lat="39.89544888027012348175048828125" lon="-105.8765834011137485504150390625">
        <ele>2881.60009765625</ele>
        <time>2026-08-01T15:02:21.000Z</time>
        <extensions>
          <ns3:TrackPointExtension>
            <ns3:atemp>14.0</ns3:atemp>
          </ns3:TrackPointExtension>
        </extensions>
      </trkpt>
      <trkpt lat="39.8955418355762958526611328125" lon="-105.87653989903628826141357421875">
        <ele>2881.39990234375</ele>
        <time>2026-08-01T15:02:23.000Z</time>
        <extensions>
          <ns3:TrackPointExtension>
            <ns3:atemp>14.0</ns3:atemp>
          </ns3:TrackPointExtension>
        </extensions>
      </trkpt>
      <trkpt lat="39.89568055607378482818603515625" lon="-105.8764553256332874298095703125">
        <ele>2881.39990234375</ele>
        <time>2026-08-01T15:02:26.000Z</time>
        <extensions>
          <ns3:TrackPointExtension>
            <ns3:atemp>14.0</ns3:atemp>
          </ns3:TrackPointExtension>
        </extensions>
      </trkpt>
      <trkpt lat="39.8957550711929798126220703125" lon="-105.87637309916317462921142578125">
        <ele>2881</ele>
        <time>2026-08-01T15:02:28.000Z</time>
        <extensions>
          <ns3:TrackPointExtension>
            <ns3:atemp>14.0</ns3:atemp>
          </ns3:TrackPointExtension>
        </extensions>
      </trkpt>
      <trkpt lat="39.89581718109548091888427734375" lon="-105.87625223211944103240966796875">
        <ele>2881</ele>
        <time>2026-08-01T15:02:30.000Z</time>
        <extensions>
          <ns3:TrackPointExtension>
            <ns3:atemp>14.0</ns3:atemp>
          </ns3:TrackPointExtension>
        </extensions>
      </trkpt>
      <trkpt lat="39.89585942588746547698974609375" lon="-105.8761042915284633636474609375">
        <ele>2881</ele>
        <time>2026-08-01T15:02:32.000Z</time>
        <extensions>
          <ns3:TrackPointExtension>
            <ns3:atemp>14.0</ns3:atemp>
          </ns3:TrackPointExtension>
        </extensions>
      </trkpt>
      <trkpt lat="39.8959394730627536773681640625" lon="-105.87561839260160923004150390625">
        <ele>2880.800048828125</ele>
        <time>2026-08-01T15:02:39.000Z</time>
        <extensions>
          <ns3:TrackPointExtension>
            <ns3:atemp>14.0</ns3:atemp>
          </ns3:TrackPointExtension>
        </extensions>
      </trkpt>
      <trkpt lat="39.89597995765507221221923828125" lon="-105.8750163204967975616455078125">
        <ele>2880.60009765625</ele>
        <time>2026-08-01T15:02:47.000Z</time>
        <extensions>
          <ns3:TrackPointExtension>
            <ns3:atemp>14.0</ns3:atemp>
          </ns3:TrackPointExtension>
        </extensions>
      </trkpt>
      <trkpt lat="39.89590954966843128204345703125" lon="-105.87457115761935710906982421875">
        <ele>2880.60009765625</ele>
        <time>2026-08-01T15:02:53.000Z</time>
        <extensions>
          <ns3:TrackPointExtension>
            <ns3:atemp>14.0</ns3:atemp>
          </ns3:TrackPointExtension>
        </extensions>
      </trkpt>
      <trkpt lat="39.8958338610827922821044921875" lon="-105.87393346242606639862060546875">
        <ele>2880.39990234375</ele>
        <time>2026-08-01T15:03:01.000Z</time>
        <extensions>
          <ns3:TrackPointExtension>
            <ns3:atemp>15.0</ns3:atemp>
          </ns3:TrackPointExtension>
        </extensions>
      </trkpt>
      <trkpt lat="39.895832352340221405029296875" lon="-105.87332300841808319091796875">
        <ele>2880.39990234375</ele>
        <time>2026-08-01T15:03:09.000Z</time>
        <extensions>
          <ns3:TrackPointExtension>
            <ns3:atemp>15.0</ns3:atemp>
          </ns3:TrackPointExtension>
        </extensions>
      </trkpt>
      <trkpt lat="39.895776025950908660888671875" lon="-105.8728604950010776519775390625">
        <ele>2880.39990234375</ele>
        <time>2026-08-01T15:03:15.000Z</time>
        <extensions>
          <ns3:TrackPointExtension>
            <ns3:atemp>15.0</ns3:atemp>
          </ns3:TrackPointExtension>
        </extensions>
      </trkpt>
      <trkpt lat="39.895753562450408935546875" lon="-105.87255631573498249053955078125">
        <ele>2880.199951171875</ele>
        <time>2026-08-01T15:03:19.000Z</time>
        <extensions>
          <ns3:TrackPointExtension>
            <ns3:atemp>15.0</ns3:atemp>
          </ns3:TrackPointExtension>
        </extensions>
      </trkpt>
      <trkpt lat="39.8957507126033306121826171875" lon="-105.87240410037338733673095703125">
        <ele>2880.199951171875</ele>
        <time>2026-08-01T15:03:21.000Z</time>
        <extensions>
          <ns3:TrackPointExtension>
            <ns3:atemp>15.0</ns3:atemp>
          </ns3:TrackPointExtension>
        </extensions>
      </trkpt>
      <trkpt lat="39.895752556622028350830078125" lon="-105.87208759970963001251220703125">
        <ele>2880.199951171875</ele>
        <time>2026-08-01T15:03:25.000Z</time>
        <extensions>
          <ns3:TrackPointExtension>
            <ns3:atemp>15.0</ns3:atemp>
          </ns3:TrackPointExtension>
        </extensions>
      </trkpt>
      <trkpt lat="39.8957520537078380584716796875" lon="-105.87193672545254230499267578125">
        <ele>2880.199951171875</ele>
        <time>2026-08-01T15:03:27.000Z</time>
        <extensions>
          <ns3:TrackPointExtension>
            <ns3:atemp>15.0</ns3:atemp>
          </ns3:TrackPointExtension>
        </extensions>
      </trkpt>
      <trkpt lat="39.89574643783271312713623046875" lon="-105.8718573488295078277587890625">
        <ele>2880.199951171875</ele>
        <time>2026-08-01T15:03:28.000Z</time>
        <extensions>
          <ns3:TrackPointExtension>
            <ns3:atemp>15.0</ns3:atemp>
          </ns3:TrackPointExtension>
        </extensions>
      </trkpt>
      <trkpt lat="39.89568717777729034423828125" lon="-105.87147555314004421234130859375">
        <ele>2880.39990234375</ele>
        <time>2026-08-01T15:03:33.000Z</time>
        <extensions>
          <ns3:TrackPointExtension>
            <ns3:atemp>15.0</ns3:atemp>
          </ns3:TrackPointExtension>
        </extensions>
      </trkpt>
      <trkpt lat="39.895605705678462982177734375" lon="-105.87125192396342754364013671875">
        <ele>2880.39990234375</ele>
        <time>2026-08-01T15:03:36.000Z</time>
        <extensions>
          <ns3:TrackPointExtension>
            <ns3:atemp>15.0</ns3:atemp>
          </ns3:TrackPointExtension>
        </extensions>
      </trkpt>
      <trkpt lat="39.89552934654057025909423828125" lon="-105.87110976688563823699951171875">
        <ele>2880.199951171875</ele>
        <time>2026-08-01T15:03:38.000Z</time>
        <extensions>
          <ns3:TrackPointExtension>
            <ns3:atemp>15.0</ns3:atemp>
          </ns3:TrackPointExtension>
        </extensions>
      </trkpt>
      <trkpt lat="39.89547637291252613067626953125" lon="-105.871037431061267852783203125">
        <ele>2880.199951171875</ele>
        <time>2026-08-01T15:03:39.000Z</time>
        <extensions>
          <ns3:TrackPointExtension>
            <ns3:atemp>15.0</ns3:atemp>
          </ns3:TrackPointExtension>
        </extensions>
      </trkpt>
      <trkpt lat="39.89536925218999385833740234375" lon="-105.8709075115621089935302734375">
        <ele>2880</ele>
        <time>2026-08-01T15:03:41.000Z</time>
        <extensions>
          <ns3:TrackPointExtension>
            <ns3:atemp>15.0</ns3:atemp>
          </ns3:TrackPointExtension>
        </extensions>
      </trkpt>
      <trkpt lat="39.89531300961971282958984375" lon="-105.87081380188465118408203125">
        <ele>2879.800048828125</ele>
        <time>2026-08-01T15:03:42.000Z</time>
        <extensions>
          <ns3:TrackPointExtension>
            <ns3:atemp>15.0</ns3:atemp>
          </ns3:TrackPointExtension>
        </extensions>
      </trkpt>
      <trkpt lat="39.895273782312870025634765625" lon="-105.8707244507968425750732421875">
        <ele>2879.800048828125</ele>
        <time>2026-08-01T15:03:43.000Z</time>
        <extensions>
          <ns3:TrackPointExtension>
            <ns3:atemp>15.0</ns3:atemp>
          </ns3:TrackPointExtension>
        </extensions>
      </trkpt>
      <trkpt lat="39.8952075652778148651123046875" lon="-105.87052504532039165496826171875">
        <ele>2879.60009765625</ele>
        <time>2026-08-01T15:03:45.000Z</time>
        <extensions>
          <ns3:TrackPointExtension>
            <ns3:atemp>15.0</ns3:atemp>
          </ns3:TrackPointExtension>
        </extensions>
      </trkpt>
      <trkpt lat="39.89518233574926853179931640625" lon="-105.87031583301723003387451171875">
        <ele>2879.60009765625</ele>
        <time>2026-08-01T15:03:47.000Z</time>
        <extensions>
          <ns3:TrackPointExtension>
            <ns3:atemp>15.0</ns3:atemp>
          </ns3:TrackPointExtension>
        </extensions>
      </trkpt>
      <trkpt lat="39.895231537520885467529296875" lon="-105.8701102249324321746826171875">
        <ele>2879.60009765625</ele>
        <time>2026-08-01T15:03:49.000Z</time>
        <extensions>
          <ns3:TrackPointExtension>
            <ns3:atemp>15.0</ns3:atemp>
          </ns3:TrackPointExtension>
        </extensions>
      </trkpt>
      <trkpt lat="39.89528375677764415740966796875" lon="-105.87003017775714397430419921875">
        <ele>2879.60009765625</ele>
        <time>2026-08-01T15:03:50.000Z</time>
        <extensions>
          <ns3:TrackPointExtension>
            <ns3:atemp>15.0</ns3:atemp>
          </ns3:TrackPointExtension>
        </extensions>
      </trkpt>
      <trkpt lat="39.89539590664207935333251953125" lon="-105.869912914931774139404296875">
        <ele>2879.60009765625</ele>
        <time>2026-08-01T15:03:52.000Z</time>
        <extensions>
          <ns3:TrackPointExtension>
            <ns3:atemp>15.0</ns3:atemp>
          </ns3:TrackPointExtension>
        </extensions>
      </trkpt>
      <trkpt lat="39.89551660604774951934814453125" lon="-105.86983881890773773193359375">
        <ele>2879.60009765625</ele>
        <time>2026-08-01T15:03:54.000Z</time>
        <extensions>
          <ns3:TrackPointExtension>
            <ns3:atemp>15.0</ns3:atemp>
          </ns3:TrackPointExtension>
        </extensions>
      </trkpt>
      <trkpt lat="39.8956558294594287872314453125" lon="-105.86979984305799007415771484375">
        <ele>2879.800048828125</ele>
        <time>2026-08-01T15:03:56.000Z</time>
        <extensions>
          <ns3:TrackPointExtension>
            <ns3:atemp>15.0</ns3:atemp>
          </ns3:TrackPointExtension>
        </extensions>
      </trkpt>
      <trkpt lat="39.8958016745746135711669921875" lon="-105.869812332093715667724609375">
        <ele>2880</ele>
        <time>2026-08-01T15:03:58.000Z</time>
        <extensions>
          <ns3:TrackPointExtension>
            <ns3:atemp>15.0</ns3:atemp>
          </ns3:TrackPointExtension>
        </extensions>
      </trkpt>
      <trkpt lat="39.8958633653819561004638671875" lon="-105.86983169429004192352294921875">
        <ele>2879.800048828125</ele>
        <time>2026-08-01T15:03:59.000Z</time>
        <extensions>
          <ns3:TrackPointExtension>
            <ns3:atemp>15.0</ns3:atemp>
          </ns3:TrackPointExtension>
        </extensions>
      </trkpt>
      <trkpt lat="39.89612395875155925750732421875" lon="-105.86991316638886928558349609375">
        <ele>2879.800048828125</ele>
        <time>2026-08-01T15:04:03.000Z</time>
        <extensions>
          <ns3:TrackPointExtension>
            <ns3:atemp>15.0</ns3:atemp>
          </ns3:TrackPointExtension>
        </extensions>
      </trkpt>
      <trkpt lat="39.8965221829712390899658203125" lon="-105.86993764154613018035888671875">
        <ele>2879.800048828125</ele>
        <time>2026-08-01T15:04:09.000Z</time>
        <extensions>
          <ns3:TrackPointExtension>
            <ns3:atemp>15.0</ns3:atemp>
          </ns3:TrackPointExtension>
        </extensions>
      </trkpt>
      <trkpt lat="39.89690758287906646728515625" lon="-105.86991702206432819366455078125">
        <ele>2879.800048828125</ele>
        <time>2026-08-01T15:04:15.000Z</time>
        <extensions>
          <ns3:TrackPointExtension>
            <ns3:atemp>15.0</ns3:atemp>
          </ns3:TrackPointExtension>
        </extensions>
      </trkpt>
      <trkpt lat="39.8972842656075954437255859375" lon="-105.869881398975849151611328125">
        <ele>2879.800048828125</ele>
        <time>2026-08-01T15:04:21.000Z</time>
        <extensions>
          <ns3:TrackPointExtension>
            <ns3:atemp>15.0</ns3:atemp>
          </ns3:TrackPointExtension>
        </extensions>
      </trkpt>
      <trkpt lat="39.897346459329128265380859375" lon="-105.8698805607855319976806640625">
        <ele>2879.800048828125</ele>
        <time>2026-08-01T15:04:22.000Z</time>
        <extensions>
          <ns3:TrackPointExtension>
            <ns3:atemp>15.0</ns3:atemp>
          </ns3:TrackPointExtension>
        </extensions>
      </trkpt>
      <trkpt lat="39.89757671020925045013427734375" lon="-105.86992196738719940185546875">
        <ele>2880</ele>
        <time>2026-08-01T15:04:26.000Z</time>
        <extensions>
          <ns3:TrackPointExtension>
            <ns3:atemp>15.0</ns3:atemp>
          </ns3:TrackPointExtension>
        </extensions>
      </trkpt>
      <trkpt lat="39.8977834917604923248291015625" lon="-105.869979299604892730712890625">
        <ele>2880</ele>
        <time>2026-08-01T15:04:30.000Z</time>
        <extensions>
          <ns3:TrackPointExtension>
            <ns3:atemp>15.0</ns3:atemp>
          </ns3:TrackPointExtension>
        </extensions>
      </trkpt>
      <trkpt lat="39.89788684062659740447998046875" lon="-105.86995013058185577392578125">
        <ele>2880</ele>
        <time>2026-08-01T15:04:32.000Z</time>
        <extensions>
          <ns3:TrackPointExtension>
            <ns3:atemp>15.0</ns3:atemp>
          </ns3:TrackPointExtension>
        </extensions>
      </trkpt>
      <trkpt lat="39.89794953726232051849365234375" lon="-105.86986321024596691131591796875">
        <ele>2880.199951171875</ele>
        <time>2026-08-01T15:04:34.000Z</time>
        <extensions>
          <ns3:TrackPointExtension>
            <ns3:atemp>15.0</ns3:atemp>
          </ns3:TrackPointExtension>
        </extensions>
      </trkpt>
      <trkpt lat="39.89796177484095096588134765625" lon="-105.86982549168169498443603515625">
        <ele>2880.199951171875</ele>
        <time>2026-08-01T15:04:35.000Z</time>
        <extensions>
          <ns3:TrackPointExtension>
            <ns3:atemp>15.0</ns3:atemp>
          </ns3:TrackPointExtension>
        </extensions>
      </trkpt>
      <trkpt lat="39.89799463190138339996337890625" lon="-105.8696800656616687774658203125">
        <ele>2880.60009765625</ele>
        <time>2026-08-01T15:04:38.000Z</time>
        <extensions>
          <ns3:TrackPointExtension>
            <ns3:atemp>15.0</ns3:atemp>
          </ns3:TrackPointExtension>
        </extensions>
      </trkpt>
      <trkpt lat="39.89800351671874523162841796875" lon="-105.86962901987135410308837890625">
        <ele>2880.800048828125</ele>
        <time>2026-08-01T15:04:39.000Z</time>
        <extensions>
          <ns3:TrackPointExtension>
            <ns3:atemp>15.0</ns3:atemp>
          </ns3:TrackPointExtension>
        </extensions>
      </trkpt>
      <trkpt lat="39.89800770767033100128173828125" lon="-105.86951569654047489166259765625">
        <ele>2881.199951171875</ele>
        <time>2026-08-01T15:04:41.000Z</time>
        <extensions>
          <ns3:TrackPointExtension>
            <ns3:atemp>15.0</ns3:atemp>
          </ns3:TrackPointExtension>
        </extensions>
      </trkpt>
      <trkpt lat="39.8980024270713329315185546875" lon="-105.86946406401693820953369140625">
        <ele>2882</ele>
        <time>2026-08-01T15:04:42.000Z</time>
        <extensions>
          <ns3:TrackPointExtension>
            <ns3:atemp>15.0</ns3:atemp>
          </ns3:TrackPointExtension>
        </extensions>
      </trkpt>
      <trkpt lat="39.89798038266599178314208984375" lon="-105.86931101046502590179443359375">
        <ele>2883</ele>
        <time>2026-08-01T15:04:45.000Z</time>
        <extensions>
          <ns3:TrackPointExtension>
            <ns3:atemp>15.0</ns3:atemp>
          </ns3:TrackPointExtension>
        </extensions>
      </trkpt>
      <trkpt lat="39.8979705758392810821533203125" lon="-105.86924881674349308013916015625">
        <ele>2883.39990234375</ele>
        <time>2026-08-01T15:04:46.000Z</time>
        <extensions>
          <ns3:TrackPointExtension>
            <ns3:atemp>15.0</ns3:atemp>
          </ns3:TrackPointExtension>
        </extensions>
      </trkpt>
      <trkpt lat="39.8979430831968784332275390625" lon="-105.869147479534149169921875">
        <ele>2884</ele>
        <time>2026-08-01T15:04:48.000Z</time>
        <extensions>
          <ns3:TrackPointExtension>
            <ns3:atemp>15.0</ns3:atemp>
          </ns3:TrackPointExtension>
        </extensions>
      </trkpt>
      <trkpt lat="39.8979219608008861541748046875" lon="-105.86907732300460338592529296875">
        <ele>2884</ele>
        <time>2026-08-01T15:04:49.000Z</time>
        <extensions>
          <ns3:TrackPointExtension>
            <ns3:atemp>15.0</ns3:atemp>
          </ns3:TrackPointExtension>
        </extensions>
      </trkpt>
      <trkpt lat="39.8978698253631591796875" lon="-105.8689132891595363616943359375">
        <ele>2884</ele>
        <time>2026-08-01T15:04:51.000Z</time>
        <extensions>
          <ns3:TrackPointExtension>
            <ns3:atemp>16.0</ns3:atemp>
          </ns3:TrackPointExtension>
        </extensions>
      </trkpt>
      <trkpt lat="39.89779799245297908782958984375" lon="-105.8686936832964420318603515625">
        <ele>2884</ele>
        <time>2026-08-01T15:04:54.000Z</time>
        <extensions>
          <ns3:TrackPointExtension>
            <ns3:atemp>15.0</ns3:atemp>
          </ns3:TrackPointExtension>
        </extensions>
      </trkpt>
      <trkpt lat="39.897728003561496734619140625" lon="-105.8685072697699069976806640625">
        <ele>2883.800048828125</ele>
        <time>2026-08-01T15:04:56.000Z</time>
        <extensions>
          <ns3:TrackPointExtension>
            <ns3:atemp>16.0</ns3:atemp>
          </ns3:TrackPointExtension>
        </extensions>
      </trkpt>
      <trkpt lat="39.89765323698520660400390625" lon="-105.8683195151388645172119140625">
        <ele>2883.39990234375</ele>
        <time>2026-08-01T15:04:58.000Z</time>
        <extensions>
          <ns3:TrackPointExtension>
            <ns3:atemp>16.0</ns3:atemp>
          </ns3:TrackPointExtension>
        </extensions>
      </trkpt>
      <trkpt lat="39.897579140961170196533203125" lon="-105.86813419125974178314208984375">
        <ele>2883</ele>
        <time>2026-08-01T15:05:00.000Z</time>
        <extensions>
          <ns3:TrackPointExtension>
            <ns3:atemp>16.0</ns3:atemp>
          </ns3:TrackPointExtension>
        </extensions>
      </trkpt>
      <trkpt lat="39.89746724255383014678955078125" lon="-105.86794006638228893280029296875">
        <ele>2882.39990234375</ele>
        <time>2026-08-01T15:05:02.000Z</time>
        <extensions>
          <ns3:TrackPointExtension>
            <ns3:atemp>16.0</ns3:atemp>
          </ns3:TrackPointExtension>
        </extensions>
      </trkpt>
      <trkpt lat="39.897412173449993133544921875" lon="-105.8678343705832958221435546875">
        <ele>2882.199951171875</ele>
        <time>2026-08-01T15:05:03.000Z</time>
        <extensions>
          <ns3:TrackPointExtension>
            <ns3:atemp>16.0</ns3:atemp>
          </ns3:TrackPointExtension>
        </extensions>
      </trkpt>
      <trkpt lat="39.89737453870475292205810546875" lon="-105.86774392984807491302490234375">
        <ele>2881.800048828125</ele>
        <time>2026-08-01T15:05:04.000Z</time>
        <extensions>
          <ns3:TrackPointExtension>
            <ns3:atemp>16.0</ns3:atemp>
          </ns3:TrackPointExtension>
        </extensions>
      </trkpt>
      <trkpt lat="39.897329024970531463623046875" lon="-105.86759984493255615234375">
        <ele>2881.60009765625</ele>
        <time>2026-08-01T15:05:05.000Z</time>
        <extensions>
          <ns3:TrackPointExtension>
            <ns3:atemp>16.0</ns3:atemp>
          </ns3:TrackPointExtension>
        </extensions>
      </trkpt>
      <trkpt lat="39.8973060585558414459228515625" lon="-105.86746984161436557769775390625">
        <ele>2881.39990234375</ele>
        <time>2026-08-01T15:05:06.000Z</time>
        <extensions>
          <ns3:TrackPointExtension>
            <ns3:atemp>16.0</ns3:atemp>
          </ns3:TrackPointExtension>
        </extensions>
      </trkpt>
      <trkpt lat="39.8973151110112667083740234375" lon="-105.8673505671322345733642578125">
        <ele>2880.800048828125</ele>
        <time>2026-08-01T15:05:07.000Z</time>
        <extensions>
          <ns3:TrackPointExtension>
            <ns3:atemp>16.0</ns3:atemp>
          </ns3:TrackPointExtension>
        </extensions>
      </trkpt>
      <trkpt lat="39.89732860587537288665771484375" lon="-105.8671255968511104583740234375">
        <ele>2880.199951171875</ele>
        <time>2026-08-01T15:05:09.000Z</time>
        <extensions>
          <ns3:TrackPointExtension>
            <ns3:atemp>16.0</ns3:atemp>
          </ns3:TrackPointExtension>
        </extensions>
      </trkpt>
      <trkpt lat="39.8973298631608486175537109375" lon="-105.86679811589419841766357421875">
        <ele>2879.800048828125</ele>
        <time>2026-08-01T15:05:12.000Z</time>
        <extensions>
          <ns3:TrackPointExtension>
            <ns3:atemp>16.0</ns3:atemp>
          </ns3:TrackPointExtension>
        </extensions>
      </trkpt>
      <trkpt lat="39.89729692228138446807861328125" lon="-105.8667209185659885406494140625">
        <ele>2879.60009765625</ele>
        <time>2026-08-01T15:05:13.000Z</time>
        <extensions>
          <ns3:TrackPointExtension>
            <ns3:atemp>16.0</ns3:atemp>
          </ns3:TrackPointExtension>
        </extensions>
      </trkpt>
      <trkpt lat="39.89722969941794872283935546875" lon="-105.866617150604724884033203125">
        <ele>2879.39990234375</ele>
        <time>2026-08-01T15:05:14.000Z</time>
        <extensions>
          <ns3:TrackPointExtension>
            <ns3:atemp>16.0</ns3:atemp>
          </ns3:TrackPointExtension>
        </extensions>
      </trkpt>
      <trkpt lat="39.89709877409040927886962890625" lon="-105.8664828725159168243408203125">
        <ele>2879.39990234375</ele>
        <time>2026-08-01T15:05:16.000Z</time>
        <extensions>
          <ns3:TrackPointExtension>
            <ns3:atemp>16.0</ns3:atemp>
          </ns3:TrackPointExtension>
        </extensions>
      </trkpt>
      <trkpt lat="39.89689861424267292022705078125" lon="-105.86630308069288730621337890625">
        <ele>2879.199951171875</ele>
        <time>2026-08-01T15:05:19.000Z</time>
        <extensions>
          <ns3:TrackPointExtension>
            <ns3:atemp>16.0</ns3:atemp>
          </ns3:TrackPointExtension>
        </extensions>
      </trkpt>
      <trkpt lat="39.89676810801029205322265625" lon="-105.86618673987686634063720703125">
        <ele>2879</ele>
        <time>2026-08-01T15:05:21.000Z</time>
        <extensions>
          <ns3:TrackPointExtension>
            <ns3:atemp>16.0</ns3:atemp>
          </ns3:TrackPointExtension>
        </extensions>
      </trkpt>
      <trkpt lat="39.89667783491313457489013671875" lon="-105.86601667106151580810546875">
        <ele>2879</ele>
        <time>2026-08-01T15:05:23.000Z</time>
        <extensions>
          <ns3:TrackPointExtension>
            <ns3:atemp>16.0</ns3:atemp>
          </ns3:TrackPointExtension>
        </extensions>
      </trkpt>
      <trkpt lat="39.8966467380523681640625" lon="-105.86591902188956737518310546875">
        <ele>2879</ele>
        <time>2026-08-01T15:05:24.000Z</time>
        <extensions>
          <ns3:TrackPointExtension>
            <ns3:atemp>16.0</ns3:atemp>
          </ns3:TrackPointExtension>
        </extensions>
      </trkpt>
      <trkpt lat="39.89646526984870433807373046875" lon="-105.86537637747824192047119140625">
        <ele>2878.800048828125</ele>
        <time>2026-08-01T15:05:30.000Z</time>
        <extensions>
          <ns3:TrackPointExtension>
            <ns3:atemp>16.0</ns3:atemp>
          </ns3:TrackPointExtension>
        </extensions>
      </trkpt>
      <trkpt lat="39.8962251283228397369384765625" lon="-105.86509273387491703033447265625">
        <ele>2878.39990234375</ele>
        <time>2026-08-01T15:05:34.000Z</time>
        <extensions>
          <ns3:TrackPointExtension>
            <ns3:atemp>16.0</ns3:atemp>
          </ns3:TrackPointExtension>
        </extensions>
      </trkpt>
      <trkpt lat="39.896182380616664886474609375" lon="-105.8650046400725841522216796875">
        <ele>2878.39990234375</ele>
        <time>2026-08-01T15:05:35.000Z</time>
        <extensions>
          <ns3:TrackPointExtension>
            <ns3:atemp>16.0</ns3:atemp>
          </ns3:TrackPointExtension>
        </extensions>
      </trkpt>
      <trkpt lat="39.89614960737526416778564453125" lon="-105.86491470225155353546142578125">
        <ele>2878</ele>
        <time>2026-08-01T15:05:36.000Z</time>
        <extensions>
          <ns3:TrackPointExtension>
            <ns3:atemp>16.0</ns3:atemp>
          </ns3:TrackPointExtension>
        </extensions>
      </trkpt>
      <trkpt lat="39.89616419188678264617919921875" lon="-105.86483649909496307373046875">
        <ele>2877.800048828125</ele>
        <time>2026-08-01T15:05:37.000Z</time>
        <extensions>
          <ns3:TrackPointExtension>
            <ns3:atemp>16.0</ns3:atemp>
          </ns3:TrackPointExtension>
        </extensions>
      </trkpt>
      <trkpt lat="39.89626385271549224853515625" lon="-105.86474320851266384124755859375">
        <ele>2877.39990234375</ele>
        <time>2026-08-01T15:05:39.000Z</time>
        <extensions>
          <ns3:TrackPointExtension>
            <ns3:atemp>16.0</ns3:atemp>
          </ns3:TrackPointExtension>
        </extensions>
      </trkpt>
      <trkpt lat="39.896319843828678131103515625" lon="-105.86472962982952594757080078125">
        <ele>2877.199951171875</ele>
        <time>2026-08-01T15:05:40.000Z</time>
        <extensions>
          <ns3:TrackPointExtension>
            <ns3:atemp>16.0</ns3:atemp>
          </ns3:TrackPointExtension>
        </extensions>
      </trkpt>
      <trkpt lat="39.8963706381618976593017578125" lon="-105.86472996510565280914306640625">
        <ele>2877.199951171875</ele>
        <time>2026-08-01T15:05:41.000Z</time>
        <extensions>
          <ns3:TrackPointExtension>
            <ns3:atemp>16.0</ns3:atemp>
          </ns3:TrackPointExtension>
        </extensions>
      </trkpt>
      <trkpt lat="39.89646778441965579986572265625" lon="-105.86472962982952594757080078125">
        <ele>2877.199951171875</ele>
        <time>2026-08-01T15:05:43.000Z</time>
        <extensions>
          <ns3:TrackPointExtension>
            <ns3:atemp>16.0</ns3:atemp>
          </ns3:TrackPointExtension>
        </extensions>
      </trkpt>
      <trkpt lat="39.89651807583868503570556640625" lon="-105.86473449133336544036865234375">
        <ele>2877.199951171875</ele>
        <time>2026-08-01T15:05:44.000Z</time>
        <extensions>
          <ns3:TrackPointExtension>
            <ns3:atemp>16.0</ns3:atemp>
          </ns3:TrackPointExtension>
        </extensions>
      </trkpt>
      <trkpt lat="39.89661916159093379974365234375" lon="-105.864766426384449005126953125">
        <ele>2877.39990234375</ele>
        <time>2026-08-01T15:05:46.000Z</time>
        <extensions>
          <ns3:TrackPointExtension>
            <ns3:atemp>16.0</ns3:atemp>
          </ns3:TrackPointExtension>
        </extensions>
      </trkpt>
      <trkpt lat="39.89672745577991008758544921875" lon="-105.864801295101642608642578125">
        <ele>2877.60009765625</ele>
        <time>2026-08-01T15:05:48.000Z</time>
        <extensions>
          <ns3:TrackPointExtension>
            <ns3:atemp>16.0</ns3:atemp>
          </ns3:TrackPointExtension>
        </extensions>
      </trkpt>
      <trkpt lat="39.8968725465238094329833984375" lon="-105.864826776087284088134765625">
        <ele>2877.60009765625</ele>
        <time>2026-08-01T15:05:50.000Z</time>
        <extensions>
          <ns3:TrackPointExtension>
            <ns3:atemp>16.0</ns3:atemp>
          </ns3:TrackPointExtension>
        </extensions>
      </trkpt>
      <trkpt lat="39.89695225842297077178955078125" lon="-105.8648465573787689208984375">
        <ele>2877.800048828125</ele>
        <time>2026-08-01T15:05:51.000Z</time>
        <extensions>
          <ns3:TrackPointExtension>
            <ns3:atemp>16.0</ns3:atemp>
          </ns3:TrackPointExtension>
        </extensions>
      </trkpt>
      <trkpt lat="39.89739549346268177032470703125" lon="-105.86497404612600803375244140625">
        <ele>2877.199951171875</ele>
        <time>2026-08-01T15:05:57.000Z</time>
        <extensions>
          <ns3:TrackPointExtension>
            <ns3:atemp>16.0</ns3:atemp>
          </ns3:TrackPointExtension>
        </extensions>
      </trkpt>
      <trkpt lat="39.8975323699414730072021484375" lon="-105.8650237508118152618408203125">
        <ele>2877</ele>
        <time>2026-08-01T15:05:59.000Z</time>
        <extensions>
          <ns3:TrackPointExtension>
            <ns3:atemp>16.0</ns3:atemp>
          </ns3:TrackPointExtension>
        </extensions>
      </trkpt>
      <trkpt lat="39.89780746400356292724609375" lon="-105.8651035465300083160400390625">
        <ele>2877</ele>
        <time>2026-08-01T15:06:03.000Z</time>
        <extensions>
          <ns3:TrackPointExtension>
            <ns3:atemp>16.0</ns3:atemp>
          </ns3:TrackPointExtension>
        </extensions>
      </trkpt>
      <trkpt lat="39.89834734238684177398681640625" lon="-105.8652845956385135650634765625">
        <ele>2877</ele>
        <time>2026-08-01T15:06:11.000Z</time>
        <extensions>
          <ns3:TrackPointExtension>
            <ns3:atemp>16.0</ns3:atemp>
          </ns3:TrackPointExtension>
        </extensions>
      </trkpt>
      <trkpt lat="39.89882796071469783782958984375" lon="-105.8654371462762355804443359375">
        <ele>2877</ele>
        <time>2026-08-01T15:06:18.000Z</time>
        <extensions>
          <ns3:TrackPointExtension>
            <ns3:atemp>16.0</ns3:atemp>
          </ns3:TrackPointExtension>
        </extensions>
      </trkpt>
      <trkpt lat="39.8992426134645938873291015625" lon="-105.86548785679042339324951171875">
        <ele>2877</ele>
        <time>2026-08-01T15:06:24.000Z</time>
        <extensions>
          <ns3:TrackPointExtension>
            <ns3:atemp>16.0</ns3:atemp>
          </ns3:TrackPointExtension>
        </extensions>
      </trkpt>
      <trkpt lat="39.8994585312902927398681640625" lon="-105.86553990840911865234375">
        <ele>2877</ele>
        <time>2026-08-01T15:06:27.000Z</time>
        <extensions>
          <ns3:TrackPointExtension>
            <ns3:atemp>16.0</ns3:atemp>
          </ns3:TrackPointExtension>
        </extensions>
      </trkpt>
      <trkpt lat="39.8995892889797687530517578125" lon="-105.8656178601086139678955078125">
        <ele>2877</ele>
        <time>2026-08-01T15:06:29.000Z</time>
        <extensions>
          <ns3:TrackPointExtension>
            <ns3:atemp>16.0</ns3:atemp>
          </ns3:TrackPointExtension>
        </extensions>
      </trkpt>
      <trkpt lat="39.8998591862618923187255859375" lon="-105.86589907296001911163330078125">
        <ele>2876</ele>
        <time>2026-08-01T15:06:34.000Z</time>
        <extensions>
          <ns3:TrackPointExtension>
            <ns3:atemp>16.0</ns3:atemp>
          </ns3:TrackPointExtension>
        </extensions>
      </trkpt>
      <trkpt lat="39.90004434250295162200927734375" lon="-105.86605967022478580474853515625">
        <ele>2875.800048828125</ele>
        <time>2026-08-01T15:06:37.000Z</time>
        <extensions>
          <ns3:TrackPointExtension>
            <ns3:atemp>16.0</ns3:atemp>
          </ns3:TrackPointExtension>
        </extensions>
      </trkpt>
      <trkpt lat="39.90011550486087799072265625" lon="-105.86610384285449981689453125">
        <ele>2875.800048828125</ele>
        <time>2026-08-01T15:06:38.000Z</time>
        <extensions>
          <ns3:TrackPointExtension>
            <ns3:atemp>16.0</ns3:atemp>
          </ns3:TrackPointExtension>
        </extensions>
      </trkpt>
      <trkpt lat="39.9001872539520263671875" lon="-105.8661393821239471435546875">
        <ele>2875.60009765625</ele>
        <time>2026-08-01T15:06:39.000Z</time>
        <extensions>
          <ns3:TrackPointExtension>
            <ns3:atemp>16.0</ns3:atemp>
          </ns3:TrackPointExtension>
        </extensions>
      </trkpt>
      <trkpt lat="39.9003312550485134124755859375" lon="-105.86619629524648189544677734375">
        <ele>2875</ele>
        <time>2026-08-01T15:06:41.000Z</time>
        <extensions>
          <ns3:TrackPointExtension>
            <ns3:atemp>16.0</ns3:atemp>
          </ns3:TrackPointExtension>
        </extensions>
      </trkpt>
      <trkpt lat="39.90040794946253299713134765625" lon="-105.8662149868905544281005859375">
        <ele>2874.800048828125</ele>
        <time>2026-08-01T15:06:42.000Z</time>
        <extensions>
          <ns3:TrackPointExtension>
            <ns3:atemp>16.0</ns3:atemp>
          </ns3:TrackPointExtension>
        </extensions>
      </trkpt>
      <trkpt lat="39.900566451251506805419921875" lon="-105.866246335208415985107421875">
        <ele>2874.39990234375</ele>
        <time>2026-08-01T15:06:44.000Z</time>
        <extensions>
          <ns3:TrackPointExtension>
            <ns3:atemp>15.0</ns3:atemp>
          </ns3:TrackPointExtension>
        </extensions>
      </trkpt>
      <trkpt lat="39.90064431913197040557861328125" lon="-105.86626200936734676361083984375">
        <ele>2874.199951171875</ele>
        <time>2026-08-01T15:06:45.000Z</time>
        <extensions>
          <ns3:TrackPointExtension>
            <ns3:atemp>16.0</ns3:atemp>
          </ns3:TrackPointExtension>
        </extensions>
      </trkpt>
      <trkpt lat="39.9007925949990749359130859375" lon="-105.86633727885782718658447265625">
        <ele>2873.60009765625</ele>
        <time>2026-08-01T15:06:47.000Z</time>
        <extensions>
          <ns3:TrackPointExtension>
            <ns3:atemp>15.0</ns3:atemp>
          </ns3:TrackPointExtension>
        </extensions>
      </trkpt>
      <trkpt lat="39.9008524417877197265625" lon="-105.86639679037034511566162109375">
        <ele>2873.39990234375</ele>
        <time>2026-08-01T15:06:48.000Z</time>
        <extensions>
          <ns3:TrackPointExtension>
            <ns3:atemp>15.0</ns3:atemp>
          </ns3:TrackPointExtension>
        </extensions>
      </trkpt>
      <trkpt lat="39.90095143206417560577392578125" lon="-105.86653375066816806793212890625">
        <ele>2873</ele>
        <time>2026-08-01T15:06:50.000Z</time>
        <extensions>
          <ns3:TrackPointExtension>
            <ns3:atemp>15.0</ns3:atemp>
          </ns3:TrackPointExtension>
        </extensions>
      </trkpt>
      <trkpt lat="39.90106165409088134765625" lon="-105.86673818528652191162109375">
        <ele>2873</ele>
        <time>2026-08-01T15:06:53.000Z</time>
        <extensions>
          <ns3:TrackPointExtension>
            <ns3:atemp>15.0</ns3:atemp>
          </ns3:TrackPointExtension>
        </extensions>
      </trkpt>
      <trkpt lat="39.90132518112659454345703125" lon="-105.86722073145210742950439453125">
        <ele>2873.60009765625</ele>
        <time>2026-08-01T15:07:00.000Z</time>
        <extensions>
          <ns3:TrackPointExtension>
            <ns3:atemp>15.0</ns3:atemp>
          </ns3:TrackPointExtension>
        </extensions>
      </trkpt>
      <trkpt lat="39.90140120498836040496826171875" lon="-105.86733506061136722564697265625">
        <ele>2873.800048828125</ele>
        <time>2026-08-01T15:07:02.000Z</time>
        <extensions>
          <ns3:TrackPointExtension>
            <ns3:atemp>15.0</ns3:atemp>
          </ns3:TrackPointExtension>
        </extensions>
      </trkpt>
      <trkpt lat="39.90150447003543376922607421875" lon="-105.86742223240435123443603515625">
        <ele>2874</ele>
        <time>2026-08-01T15:07:04.000Z</time>
        <extensions>
          <ns3:TrackPointExtension>
            <ns3:atemp>15.0</ns3:atemp>
          </ns3:TrackPointExtension>
        </extensions>
      </trkpt>
      <trkpt lat="39.90155727602541446685791015625" lon="-105.8674591965973377227783203125">
        <ele>2874</ele>
        <time>2026-08-01T15:07:05.000Z</time>
        <extensions>
          <ns3:TrackPointExtension>
            <ns3:atemp>15.0</ns3:atemp>
          </ns3:TrackPointExtension>
        </extensions>
      </trkpt>
      <trkpt lat="39.90161024965345859527587890625" lon="-105.86749129928648471832275390625">
        <ele>2874.199951171875</ele>
        <time>2026-08-01T15:07:06.000Z</time>
        <extensions>
          <ns3:TrackPointExtension>
            <ns3:atemp>15.0</ns3:atemp>
          </ns3:TrackPointExtension>
        </extensions>
      </trkpt>
      <trkpt lat="39.9017662368714809417724609375" lon="-105.86756656877696514129638671875">
        <ele>2874.39990234375</ele>
        <time>2026-08-01T15:07:09.000Z</time>
        <extensions>
          <ns3:TrackPointExtension>
            <ns3:atemp>15.0</ns3:atemp>
          </ns3:TrackPointExtension>
        </extensions>
      </trkpt>
      <trkpt lat="39.9018205516040325164794921875" lon="-105.86758199147880077362060546875">
        <ele>2874.60009765625</ele>
        <time>2026-08-01T15:07:10.000Z</time>
        <extensions>
          <ns3:TrackPointExtension>
            <ns3:atemp>15.0</ns3:atemp>
          </ns3:TrackPointExtension>
        </extensions>
      </trkpt>
      <trkpt lat="39.90192524157464504241943359375" lon="-105.86760244332253932952880859375">
        <ele>2874.60009765625</ele>
        <time>2026-08-01T15:07:12.000Z</time>
        <extensions>
          <ns3:TrackPointExtension>
            <ns3:atemp>15.0</ns3:atemp>
          </ns3:TrackPointExtension>
        </extensions>
      </trkpt>
      <trkpt lat="39.902195222675800323486328125" lon="-105.86759674362838268280029296875">
        <ele>2875.199951171875</ele>
        <time>2026-08-01T15:07:17.000Z</time>
        <extensions>
          <ns3:TrackPointExtension>
            <ns3:atemp>15.0</ns3:atemp>
          </ns3:TrackPointExtension>
        </extensions>
      </trkpt>
      <trkpt lat="39.902250207960605621337890625" lon="-105.867587439715862274169921875">
        <ele>2875.199951171875</ele>
        <time>2026-08-01T15:07:18.000Z</time>
        <extensions>
          <ns3:TrackPointExtension>
            <ns3:atemp>15.0</ns3:atemp>
          </ns3:TrackPointExtension>
        </extensions>
      </trkpt>
      <trkpt lat="39.90235674194991588592529296875" lon="-105.8675453625619411468505859375">
        <ele>2875.60009765625</ele>
        <time>2026-08-01T15:07:20.000Z</time>
        <extensions>
          <ns3:TrackPointExtension>
            <ns3:atemp>15.0</ns3:atemp>
          </ns3:TrackPointExtension>
        </extensions>
      </trkpt>
      <trkpt lat="39.9023978970944881439208984375" lon="-105.867522060871124267578125">
        <ele>2875.60009765625</ele>
        <time>2026-08-01T15:07:21.000Z</time>
        <extensions>
          <ns3:TrackPointExtension>
            <ns3:atemp>15.0</ns3:atemp>
          </ns3:TrackPointExtension>
        </extensions>
      </trkpt>
      <trkpt lat="39.9024562351405620574951171875" lon="-105.867482833564281463623046875">
        <ele>2875.60009765625</ele>
        <time>2026-08-01T15:07:22.000Z</time>
        <extensions>
          <ns3:TrackPointExtension>
            <ns3:atemp>15.0</ns3:atemp>
          </ns3:TrackPointExtension>
        </extensions>
      </trkpt>
      <trkpt lat="39.9026959575712680816650390625" lon="-105.86721737869083881378173828125">
        <ele>2876</ele>
        <time>2026-08-01T15:07:28.000Z</time>
        <extensions>
          <ns3:TrackPointExtension>
            <ns3:atemp>15.0</ns3:atemp>
          </ns3:TrackPointExtension>
        </extensions>
      </trkpt>
      <trkpt lat="39.90297851152718067169189453125" lon="-105.8668966032564640045166015625">
        <ele>2876.39990234375</ele>
        <time>2026-08-01T15:07:35.000Z</time>
        <extensions>
          <ns3:TrackPointExtension>
            <ns3:atemp>15.0</ns3:atemp>
          </ns3:TrackPointExtension>
        </extensions>
      </trkpt>
      <trkpt lat="39.90313005633652210235595703125" lon="-105.86671865545213222503662109375">
        <ele>2876.800048828125</ele>
        <time>2026-08-01T15:07:39.000Z</time>
        <extensions>
          <ns3:TrackPointExtension>
            <ns3:atemp>15.0</ns3:atemp>
          </ns3:TrackPointExtension>
        </extensions>
      </trkpt>
      <trkpt lat="39.90319862030446529388427734375" lon="-105.86662963964045047760009765625">
        <ele>2877.199951171875</ele>
        <time>2026-08-01T15:07:41.000Z</time>
        <extensions>
          <ns3:TrackPointExtension>
            <ns3:atemp>15.0</ns3:atemp>
          </ns3:TrackPointExtension>
        </extensions>
      </trkpt>
      <trkpt lat="39.90327388979494571685791015625" lon="-105.86654347367584705352783203125">
        <ele>2877.39990234375</ele>
        <time>2026-08-01T15:07:43.000Z</time>
        <extensions>
          <ns3:TrackPointExtension>
            <ns3:atemp>15.0</ns3:atemp>
          </ns3:TrackPointExtension>
        </extensions>
      </trkpt>
      <trkpt lat="39.9034550227224826812744140625" lon="-105.86631766520440578460693359375">
        <ele>2878</ele>
        <time>2026-08-01T15:07:48.000Z</time>
        <extensions>
          <ns3:TrackPointExtension>
            <ns3:atemp>15.0</ns3:atemp>
          </ns3:TrackPointExtension>
        </extensions>
      </trkpt>
      <trkpt lat="39.90360279567539691925048828125" lon="-105.86612186394631862640380859375">
        <ele>2878.199951171875</ele>
        <time>2026-08-01T15:07:52.000Z</time>
        <extensions>
          <ns3:TrackPointExtension>
            <ns3:atemp>15.0</ns3:atemp>
          </ns3:TrackPointExtension>
        </extensions>
      </trkpt>
      <trkpt lat="39.9038385786116123199462890625" lon="-105.8657466061413288116455078125">
        <ele>2879</ele>
        <time>2026-08-01T15:07:59.000Z</time>
        <extensions>
          <ns3:TrackPointExtension>
            <ns3:atemp>15.0</ns3:atemp>
          </ns3:TrackPointExtension>
        </extensions>
      </trkpt>
      <trkpt lat="39.9038647301495075225830078125" lon="-105.86568650789558887481689453125">
        <ele>2879</ele>
        <time>2026-08-01T15:08:00.000Z</time>
        <extensions>
          <ns3:TrackPointExtension>
            <ns3:atemp>15.0</ns3:atemp>
          </ns3:TrackPointExtension>
        </extensions>
      </trkpt>
      <trkpt lat="39.903884343802928924560546875" lon="-105.86562548764050006866455078125">
        <ele>2879.39990234375</ele>
        <time>2026-08-01T15:08:01.000Z</time>
        <extensions>
          <ns3:TrackPointExtension>
            <ns3:atemp>15.0</ns3:atemp>
          </ns3:TrackPointExtension>
        </extensions>
      </trkpt>
      <trkpt lat="39.90390957333147525787353515625" lon="-105.86549892090260982513427734375">
        <ele>2879.60009765625</ele>
        <time>2026-08-01T15:08:03.000Z</time>
        <extensions>
          <ns3:TrackPointExtension>
            <ns3:atemp>15.0</ns3:atemp>
          </ns3:TrackPointExtension>
        </extensions>
      </trkpt>
      <trkpt lat="39.90392290055751800537109375" lon="-105.8654339611530303955078125">
        <ele>2879.60009765625</ele>
        <time>2026-08-01T15:08:04.000Z</time>
        <extensions>
          <ns3:TrackPointExtension>
            <ns3:atemp>15.0</ns3:atemp>
          </ns3:TrackPointExtension>
        </extensions>
      </trkpt>
      <trkpt lat="39.90393228828907012939453125" lon="-105.86536698974668979644775390625">
        <ele>2879.800048828125</ele>
        <time>2026-08-01T15:08:05.000Z</time>
        <extensions>
          <ns3:TrackPointExtension>
            <ns3:atemp>15.0</ns3:atemp>
          </ns3:TrackPointExtension>
        </extensions>
      </trkpt>
      <trkpt lat="39.90394175983965396881103515625" lon="-105.86523740552365779876708984375">
        <ele>2879.800048828125</ele>
        <time>2026-08-01T15:08:07.000Z</time>
        <extensions>
          <ns3:TrackPointExtension>
            <ns3:atemp>15.0</ns3:atemp>
          </ns3:TrackPointExtension>
        </extensions>
      </trkpt>
      <trkpt lat="39.90394569933414459228515625" lon="-105.865113772451877593994140625">
        <ele>2880</ele>
        <time>2026-08-01T15:08:09.000Z</time>
        <extensions>
          <ns3:TrackPointExtension>
            <ns3:atemp>15.0</ns3:atemp>
          </ns3:TrackPointExtension>
        </extensions>
      </trkpt>
      <trkpt lat="39.90392751060426235198974609375" lon="-105.86489953100681304931640625">
        <ele>2880</ele>
        <time>2026-08-01T15:08:12.000Z</time>
        <extensions>
          <ns3:TrackPointExtension>
            <ns3:atemp>15.0</ns3:atemp>
          </ns3:TrackPointExtension>
        </extensions>
      </trkpt>
      <trkpt lat="39.9039136804640293121337890625" lon="-105.86483591236174106597900390625">
        <ele>2880.199951171875</ele>
        <time>2026-08-01T15:08:13.000Z</time>
        <extensions>
          <ns3:TrackPointExtension>
            <ns3:atemp>15.0</ns3:atemp>
          </ns3:TrackPointExtension>
        </extensions>
      </trkpt>
      <trkpt lat="39.90389850921928882598876953125" lon="-105.8647719584405422210693359375">
        <ele>2880.199951171875</ele>
        <time>2026-08-01T15:08:14.000Z</time>
        <extensions>
          <ns3:TrackPointExtension>
            <ns3:atemp>15.0</ns3:atemp>
          </ns3:TrackPointExtension>
        </extensions>
      </trkpt>
      <trkpt lat="39.90387654863297939300537109375" lon="-105.86470968089997768402099609375">
        <ele>2880.199951171875</ele>
        <time>2026-08-01T15:08:15.000Z</time>
        <extensions>
          <ns3:TrackPointExtension>
            <ns3:atemp>15.0</ns3:atemp>
          </ns3:TrackPointExtension>
        </extensions>
      </trkpt>
      <trkpt lat="39.903694577515125274658203125" lon="-105.86434297263622283935546875">
        <ele>2880.800048828125</ele>
        <time>2026-08-01T15:08:21.000Z</time>
        <extensions>
          <ns3:TrackPointExtension>
            <ns3:atemp>15.0</ns3:atemp>
          </ns3:TrackPointExtension>
        </extensions>
      </trkpt>
      <trkpt lat="39.903546385467052459716796875" lon="-105.86410316638648509979248046875">
        <ele>2881.199951171875</ele>
        <time>2026-08-01T15:08:25.000Z</time>
        <extensions>
          <ns3:TrackPointExtension>
            <ns3:atemp>15.0</ns3:atemp>
          </ns3:TrackPointExtension>
        </extensions>
      </trkpt>
      <trkpt lat="39.90345619618892669677734375" lon="-105.86398716084659099578857421875">
        <ele>2881.39990234375</ele>
        <time>2026-08-01T15:08:27.000Z</time>
        <extensions>
          <ns3:TrackPointExtension>
            <ns3:atemp>15.0</ns3:atemp>
          </ns3:TrackPointExtension>
        </extensions>
      </trkpt>
      <trkpt lat="39.90331311710178852081298828125" lon="-105.86378599517047405242919921875">
        <ele>2881.60009765625</ele>
        <time>2026-08-01T15:08:30.000Z</time>
        <extensions>
          <ns3:TrackPointExtension>
            <ns3:atemp>15.0</ns3:atemp>
          </ns3:TrackPointExtension>
        </extensions>
      </trkpt>
      <trkpt lat="39.90322410129010677337646484375" lon="-105.8636370487511157989501953125">
        <ele>2881.60009765625</ele>
        <time>2026-08-01T15:08:32.000Z</time>
        <extensions>
          <ns3:TrackPointExtension>
            <ns3:atemp>15.0</ns3:atemp>
          </ns3:TrackPointExtension>
        </extensions>
      </trkpt>
      <trkpt lat="39.90302796475589275360107421875" lon="-105.8632498048245906829833984375">
        <ele>2880.800048828125</ele>
        <time>2026-08-01T15:08:37.000Z</time>
        <extensions>
          <ns3:TrackPointExtension>
            <ns3:atemp>15.0</ns3:atemp>
          </ns3:TrackPointExtension>
        </extensions>
      </trkpt>
      <trkpt lat="39.9029970355331897735595703125" lon="-105.863069929182529449462890625">
        <ele>2880.39990234375</ele>
        <time>2026-08-01T15:08:39.000Z</time>
        <extensions>
          <ns3:TrackPointExtension>
            <ns3:atemp>15.0</ns3:atemp>
          </ns3:TrackPointExtension>
        </extensions>
      </trkpt>
      <trkpt lat="39.902997873723506927490234375" lon="-105.862868763506412506103515625">
        <ele>2880.199951171875</ele>
        <time>2026-08-01T15:08:41.000Z</time>
        <extensions>
          <ns3:TrackPointExtension>
            <ns3:atemp>15.0</ns3:atemp>
          </ns3:TrackPointExtension>
        </extensions>
      </trkpt>
      <trkpt lat="39.9030013941228389739990234375" lon="-105.862774215638637542724609375">
        <ele>2880</ele>
        <time>2026-08-01T15:08:42.000Z</time>
        <extensions>
          <ns3:TrackPointExtension>
            <ns3:atemp>15.0</ns3:atemp>
          </ns3:TrackPointExtension>
        </extensions>
      </trkpt>
      <trkpt lat="39.90301405079662799835205078125" lon="-105.862678997218608856201171875">
        <ele>2879.39990234375</ele>
        <time>2026-08-01T15:08:43.000Z</time>
        <extensions>
          <ns3:TrackPointExtension>
            <ns3:atemp>15.0</ns3:atemp>
          </ns3:TrackPointExtension>
        </extensions>
      </trkpt>
      <trkpt lat="39.90302511490881443023681640625" lon="-105.8624937571585178375244140625">
        <ele>2878.800048828125</ele>
        <time>2026-08-01T15:08:45.000Z</time>
        <extensions>
          <ns3:TrackPointExtension>
            <ns3:atemp>15.0</ns3:atemp>
          </ns3:TrackPointExtension>
        </extensions>
      </trkpt>
      <trkpt lat="39.903028048574924468994140625" lon="-105.8623975329101085662841796875">
        <ele>2878.39990234375</ele>
        <time>2026-08-01T15:08:46.000Z</time>
        <extensions>
          <ns3:TrackPointExtension>
            <ns3:atemp>15.0</ns3:atemp>
          </ns3:TrackPointExtension>
        </extensions>
      </trkpt>
      <trkpt lat="39.9030493386089801788330078125" lon="-105.86184206418693065643310546875">
        <ele>2878.199951171875</ele>
        <time>2026-08-01T15:08:52.000Z</time>
        <extensions>
          <ns3:TrackPointExtension>
            <ns3:atemp>15.0</ns3:atemp>
          </ns3:TrackPointExtension>
        </extensions>
      </trkpt>
      <trkpt lat="39.903061576187610626220703125" lon="-105.86174651049077510833740234375">
        <ele>2878.199951171875</ele>
        <time>2026-08-01T15:08:53.000Z</time>
        <extensions>
          <ns3:TrackPointExtension>
            <ns3:atemp>15.0</ns3:atemp>
          </ns3:TrackPointExtension>
        </extensions>
      </trkpt>
      <trkpt lat="39.90310885012149810791015625" lon="-105.86156697012484073638916015625">
        <ele>2878.199951171875</ele>
        <time>2026-08-01T15:08:55.000Z</time>
        <extensions>
          <ns3:TrackPointExtension>
            <ns3:atemp>15.0</ns3:atemp>
          </ns3:TrackPointExtension>
        </extensions>
      </trkpt>
      <trkpt lat="39.90313726477324962615966796875" lon="-105.86147393099963665008544921875">
        <ele>2878.199951171875</ele>
        <time>2026-08-01T15:08:56.000Z</time>
        <extensions>
          <ns3:TrackPointExtension>
            <ns3:atemp>15.0</ns3:atemp>
          </ns3:TrackPointExtension>
        </extensions>
      </trkpt>
      <trkpt lat="39.90322611294686794281005859375" lon="-105.8612847514450550079345703125">
        <ele>2878.199951171875</ele>
        <time>2026-08-01T15:08:58.000Z</time>
        <extensions>
          <ns3:TrackPointExtension>
            <ns3:atemp>15.0</ns3:atemp>
          </ns3:TrackPointExtension>
        </extensions>
      </trkpt>
      <trkpt lat="39.9033420346677303314208984375" lon="-105.861115939915180206298828125">
        <ele>2878</ele>
        <time>2026-08-01T15:09:00.000Z</time>
        <extensions>
          <ns3:TrackPointExtension>
            <ns3:atemp>15.0</ns3:atemp>
          </ns3:TrackPointExtension>
        </extensions>
      </trkpt>
      <trkpt lat="39.9034704454243183135986328125" lon="-105.8609675802290439605712890625">
        <ele>2877.60009765625</ele>
        <time>2026-08-01T15:09:02.000Z</time>
        <extensions>
          <ns3:TrackPointExtension>
            <ns3:atemp>15.0</ns3:atemp>
          </ns3:TrackPointExtension>
        </extensions>
      </trkpt>
      <trkpt lat="39.903671778738498687744140625" lon="-105.86076549254357814788818359375">
        <ele>2877</ele>
        <time>2026-08-01T15:09:05.000Z</time>
        <extensions>
          <ns3:TrackPointExtension>
            <ns3:atemp>15.0</ns3:atemp>
          </ns3:TrackPointExtension>
        </extensions>
      </trkpt>
      <trkpt lat="39.903904460370540618896484375" lon="-105.860572792589664459228515625">
        <ele>2876.39990234375</ele>
        <time>2026-08-01T15:09:08.000Z</time>
        <extensions>
          <ns3:TrackPointExtension>
            <ns3:atemp>15.0</ns3:atemp>
          </ns3:TrackPointExtension>
        </extensions>
      </trkpt>
      <trkpt lat="39.9039911292493343353271484375" lon="-105.8605283685028553009033203125">
        <ele>2876</ele>
        <time>2026-08-01T15:09:09.000Z</time>
        <extensions>
          <ns3:TrackPointExtension>
            <ns3:atemp>15.0</ns3:atemp>
          </ns3:TrackPointExtension>
        </extensions>
      </trkpt>
      <trkpt lat="39.904079474508762359619140625" lon="-105.86050515063107013702392578125">
        <ele>2875.800048828125</ele>
        <time>2026-08-01T15:09:10.000Z</time>
        <extensions>
          <ns3:TrackPointExtension>
            <ns3:atemp>15.0</ns3:atemp>
          </ns3:TrackPointExtension>
        </extensions>
      </trkpt>
      <trkpt lat="39.9042449332773685455322265625" lon="-105.86050967685878276824951171875">
        <ele>2875.39990234375</ele>
        <time>2026-08-01T15:09:12.000Z</time>
        <extensions>
          <ns3:TrackPointExtension>
            <ns3:atemp>16.0</ns3:atemp>
          </ns3:TrackPointExtension>
        </extensions>
      </trkpt>
      <trkpt lat="39.90432146005332469940185546875" lon="-105.86052040569484233856201171875">
        <ele>2875.39990234375</ele>
        <time>2026-08-01T15:09:13.000Z</time>
        <extensions>
          <ns3:TrackPointExtension>
            <ns3:atemp>15.0</ns3:atemp>
          </ns3:TrackPointExtension>
        </extensions>
      </trkpt>
      <trkpt lat="39.90451072342693805694580078125" lon="-105.860555358231067657470703125">
        <ele>2875.39990234375</ele>
        <time>2026-08-01T15:09:16.000Z</time>
        <extensions>
          <ns3:TrackPointExtension>
            <ns3:atemp>16.0</ns3:atemp>
          </ns3:TrackPointExtension>
        </extensions>
      </trkpt>
      <trkpt lat="39.90458079613745212554931640625" lon="-105.860555358231067657470703125">
        <ele>2875.39990234375</ele>
        <time>2026-08-01T15:09:17.000Z</time>
        <extensions>
          <ns3:TrackPointExtension>
            <ns3:atemp>16.0</ns3:atemp>
          </ns3:TrackPointExtension>
        </extensions>
      </trkpt>
      <trkpt lat="39.90468774922192096710205078125" lon="-105.86052954196929931640625">
        <ele>2875.39990234375</ele>
        <time>2026-08-01T15:09:19.000Z</time>
        <extensions>
          <ns3:TrackPointExtension>
            <ns3:atemp>16.0</ns3:atemp>
          </ns3:TrackPointExtension>
        </extensions>
      </trkpt>
      <trkpt lat="39.90478992462158203125" lon="-105.8604770712554454803466796875">
        <ele>2875.800048828125</ele>
        <time>2026-08-01T15:09:21.000Z</time>
        <extensions>
          <ns3:TrackPointExtension>
            <ns3:atemp>16.0</ns3:atemp>
          </ns3:TrackPointExtension>
        </extensions>
      </trkpt>
      <trkpt lat="39.904868714511394500732421875" lon="-105.86039115674793720245361328125">
        <ele>2876.39990234375</ele>
        <time>2026-08-01T15:09:23.000Z</time>
        <extensions>
          <ns3:TrackPointExtension>
            <ns3:atemp>16.0</ns3:atemp>
          </ns3:TrackPointExtension>
        </extensions>
      </trkpt>
      <trkpt lat="39.90492830984294414520263671875" lon="-105.8602712117135524749755859375">
        <ele>2877.60009765625</ele>
        <time>2026-08-01T15:09:26.000Z</time>
        <extensions>
          <ns3:TrackPointExtension>
            <ns3:atemp>16.0</ns3:atemp>
          </ns3:TrackPointExtension>
        </extensions>
      </trkpt>
      <trkpt lat="39.90494121797382831573486328125" lon="-105.8602142147719860076904296875">
        <ele>2877.800048828125</ele>
        <time>2026-08-01T15:09:27.000Z</time>
        <extensions>
          <ns3:TrackPointExtension>
            <ns3:atemp>16.0</ns3:atemp>
          </ns3:TrackPointExtension>
        </extensions>
      </trkpt>
      <trkpt lat="39.90500860847532749176025390625" lon="-105.85988170467317104339599609375">
        <ele>2878.60009765625</ele>
        <time>2026-08-01T15:09:33.000Z</time>
        <extensions>
          <ns3:TrackPointExtension>
            <ns3:atemp>16.0</ns3:atemp>
          </ns3:TrackPointExtension>
        </extensions>
      </trkpt>
      <trkpt lat="39.905024282634258270263671875" lon="-105.85982638411223888397216796875">
        <ele>2878.800048828125</ele>
        <time>2026-08-01T15:09:34.000Z</time>
        <extensions>
          <ns3:TrackPointExtension>
            <ns3:atemp>16.0</ns3:atemp>
          </ns3:TrackPointExtension>
        </extensions>
      </trkpt>
      <trkpt lat="39.9050566367805004119873046875" lon="-105.85970677435398101806640625">
        <ele>2879</ele>
        <time>2026-08-01T15:09:36.000Z</time>
        <extensions>
          <ns3:TrackPointExtension>
            <ns3:atemp>16.0</ns3:atemp>
          </ns3:TrackPointExtension>
        </extensions>
      </trkpt>
      <trkpt lat="39.90507499314844608306884765625" lon="-105.859646089375019073486328125">
        <ele>2879</ele>
        <time>2026-08-01T15:09:37.000Z</time>
        <extensions>
          <ns3:TrackPointExtension>
            <ns3:atemp>16.0</ns3:atemp>
          </ns3:TrackPointExtension>
        </extensions>
      </trkpt>
      <trkpt lat="39.90512721240520477294921875" lon="-105.859532095491886138916015625">
        <ele>2879.199951171875</ele>
        <time>2026-08-01T15:09:39.000Z</time>
        <extensions>
          <ns3:TrackPointExtension>
            <ns3:atemp>16.0</ns3:atemp>
          </ns3:TrackPointExtension>
        </extensions>
      </trkpt>
      <trkpt lat="39.90519502200186252593994140625" lon="-105.85945171304047107696533203125">
        <ele>2879.39990234375</ele>
        <time>2026-08-01T15:09:41.000Z</time>
        <extensions>
          <ns3:TrackPointExtension>
            <ns3:atemp>16.0</ns3:atemp>
          </ns3:TrackPointExtension>
        </extensions>
      </trkpt>
      <trkpt lat="39.9052806012332439422607421875" lon="-105.85940795950591564178466796875">
        <ele>2879.60009765625</ele>
        <time>2026-08-01T15:09:43.000Z</time>
        <extensions>
          <ns3:TrackPointExtension>
            <ns3:atemp>16.0</ns3:atemp>
          </ns3:TrackPointExtension>
        </extensions>
      </trkpt>
      <trkpt lat="39.9053744785487651824951171875" lon="-105.85942111909389495849609375">
        <ele>2879.60009765625</ele>
        <time>2026-08-01T15:09:45.000Z</time>
        <extensions>
          <ns3:TrackPointExtension>
            <ns3:atemp>16.0</ns3:atemp>
          </ns3:TrackPointExtension>
        </extensions>
      </trkpt>
      <trkpt lat="39.90547120571136474609375" lon="-105.85947367362678050994873046875">
        <ele>2879.800048828125</ele>
        <time>2026-08-01T15:09:47.000Z</time>
        <extensions>
          <ns3:TrackPointExtension>
            <ns3:atemp>16.0</ns3:atemp>
          </ns3:TrackPointExtension>
        </extensions>
      </trkpt>
      <trkpt lat="39.90562065504491329193115234375" lon="-105.85957266390323638916015625">
        <ele>2879.800048828125</ele>
        <time>2026-08-01T15:09:50.000Z</time>
        <extensions>
          <ns3:TrackPointExtension>
            <ns3:atemp>16.0</ns3:atemp>
          </ns3:TrackPointExtension>
        </extensions>
      </trkpt>
      <trkpt lat="39.90567211993038654327392578125" lon="-105.8596122264862060546875">
        <ele>2879.800048828125</ele>
        <time>2026-08-01T15:09:51.000Z</time>
        <extensions>
          <ns3:TrackPointExtension>
            <ns3:atemp>16.0</ns3:atemp>
          </ns3:TrackPointExtension>
        </extensions>
      </trkpt>
      <trkpt lat="39.9057248421013355255126953125" lon="-105.8596506156027317047119140625">
        <ele>2879.800048828125</ele>
        <time>2026-08-01T15:09:52.000Z</time>
        <extensions>
          <ns3:TrackPointExtension>
            <ns3:atemp>16.0</ns3:atemp>
          </ns3:TrackPointExtension>
        </extensions>
      </trkpt>
      <trkpt lat="39.90583355538547039031982421875" lon="-105.85972420871257781982421875">
        <ele>2879.39990234375</ele>
        <time>2026-08-01T15:09:54.000Z</time>
        <extensions>
          <ns3:TrackPointExtension>
            <ns3:atemp>16.0</ns3:atemp>
          </ns3:TrackPointExtension>
        </extensions>
      </trkpt>
      <trkpt lat="39.90596598945558071136474609375" lon="-105.85976787842810153961181640625">
        <ele>2879.199951171875</ele>
        <time>2026-08-01T15:09:56.000Z</time>
        <extensions>
          <ns3:TrackPointExtension>
            <ns3:atemp>16.0</ns3:atemp>
          </ns3:TrackPointExtension>
        </extensions>
      </trkpt>
      <trkpt lat="39.906034804880619049072265625" lon="-105.8597689680755138397216796875">
        <ele>2879.199951171875</ele>
        <time>2026-08-01T15:09:57.000Z</time>
        <extensions>
          <ns3:TrackPointExtension>
            <ns3:atemp>16.0</ns3:atemp>
          </ns3:TrackPointExtension>
        </extensions>
      </trkpt>
      <trkpt lat="39.90644015371799468994140625" lon="-105.85973636247217655181884765625">
        <ele>2879</ele>
        <time>2026-08-01T15:10:03.000Z</time>
        <extensions>
          <ns3:TrackPointExtension>
            <ns3:atemp>16.0</ns3:atemp>
          </ns3:TrackPointExtension>
        </extensions>
      </trkpt>
      <trkpt lat="39.90662380121648311614990234375" lon="-105.85976469330489635467529296875">
        <ele>2878.800048828125</ele>
        <time>2026-08-01T15:10:06.000Z</time>
        <extensions>
          <ns3:TrackPointExtension>
            <ns3:atemp>16.0</ns3:atemp>
          </ns3:TrackPointExtension>
        </extensions>
      </trkpt>
      <trkpt lat="39.90679948590695858001708984375" lon="-105.85983711294829845428466796875">
        <ele>2879</ele>
        <time>2026-08-01T15:10:09.000Z</time>
        <extensions>
          <ns3:TrackPointExtension>
            <ns3:atemp>16.0</ns3:atemp>
          </ns3:TrackPointExtension>
        </extensions>
      </trkpt>
      <trkpt lat="39.90704256109893321990966796875" lon="-105.85994825698435306549072265625">
        <ele>2879.60009765625</ele>
        <time>2026-08-01T15:10:14.000Z</time>
        <extensions>
          <ns3:TrackPointExtension>
            <ns3:atemp>16.0</ns3:atemp>
          </ns3:TrackPointExtension>
        </extensions>
      </trkpt>
      <trkpt lat="39.90726971067488193511962890625" lon="-105.8600288070738315582275390625">
        <ele>2880.60009765625</ele>
        <time>2026-08-01T15:10:19.000Z</time>
        <extensions>
          <ns3:TrackPointExtension>
            <ns3:atemp>16.0</ns3:atemp>
          </ns3:TrackPointExtension>
        </extensions>
      </trkpt>
      <trkpt lat="39.90731564350426197052001953125" lon="-105.8600351773202419281005859375">
        <ele>2880.60009765625</ele>
        <time>2026-08-01T15:10:20.000Z</time>
        <extensions>
          <ns3:TrackPointExtension>
            <ns3:atemp>16.0</ns3:atemp>
          </ns3:TrackPointExtension>
        </extensions>
      </trkpt>
      <trkpt lat="39.90736283361911773681640625" lon="-105.8600321598351001739501953125">
        <ele>2881</ele>
        <time>2026-08-01T15:10:21.000Z</time>
        <extensions>
          <ns3:TrackPointExtension>
            <ns3:atemp>16.0</ns3:atemp>
          </ns3:TrackPointExtension>
        </extensions>
      </trkpt>
      <trkpt lat="39.9074518494307994842529296875" lon="-105.85999150760471820831298828125">
        <ele>2881.60009765625</ele>
        <time>2026-08-01T15:10:23.000Z</time>
        <extensions>
          <ns3:TrackPointExtension>
            <ns3:atemp>16.0</ns3:atemp>
          </ns3:TrackPointExtension>
        </extensions>
      </trkpt>
      <trkpt lat="39.90748981945216655731201171875" lon="-105.85994959808886051177978515625">
        <ele>2881.60009765625</ele>
        <time>2026-08-01T15:10:24.000Z</time>
        <extensions>
          <ns3:TrackPointExtension>
            <ns3:atemp>16.0</ns3:atemp>
          </ns3:TrackPointExtension>
        </extensions>
      </trkpt>
      <trkpt lat="39.90752913057804107666015625" lon="-105.859899222850799560546875">
        <ele>2881.800048828125</ele>
        <time>2026-08-01T15:10:25.000Z</time>
        <extensions>
          <ns3:TrackPointExtension>
            <ns3:atemp>16.0</ns3:atemp>
          </ns3:TrackPointExtension>
        </extensions>
      </trkpt>
      <trkpt lat="39.90765846334397792816162109375" lon="-105.859711803495883941650390625">
        <ele>2882</ele>
        <time>2026-08-01T15:10:28.000Z</time>
        <extensions>
          <ns3:TrackPointExtension>
            <ns3:atemp>16.0</ns3:atemp>
          </ns3:TrackPointExtension>
        </extensions>
      </trkpt>
      <trkpt lat="39.90795568563044071197509765625" lon="-105.8592657186090946197509765625">
        <ele>2881.199951171875</ele>
        <time>2026-08-01T15:10:34.000Z</time>
        <extensions>
          <ns3:TrackPointExtension>
            <ns3:atemp>16.0</ns3:atemp>
          </ns3:TrackPointExtension>
        </extensions>
      </trkpt>
      <trkpt lat="39.9080000258982181549072265625" lon="-105.859174691140651702880859375">
        <ele>2881</ele>
        <time>2026-08-01T15:10:35.000Z</time>
        <extensions>
          <ns3:TrackPointExtension>
            <ns3:atemp>16.0</ns3:atemp>
          </ns3:TrackPointExtension>
        </extensions>
      </trkpt>
      <trkpt lat="39.9080405943095684051513671875" lon="-105.8590759523212909698486328125">
        <ele>2880.60009765625</ele>
        <time>2026-08-01T15:10:36.000Z</time>
        <extensions>
          <ns3:TrackPointExtension>
            <ns3:atemp>16.0</ns3:atemp>
          </ns3:TrackPointExtension>
        </extensions>
      </trkpt>
      <trkpt lat="39.908129610121250152587890625" lon="-105.8588721044361591339111328125">
        <ele>2880.199951171875</ele>
        <time>2026-08-01T15:10:38.000Z</time>
        <extensions>
          <ns3:TrackPointExtension>
            <ns3:atemp>16.0</ns3:atemp>
          </ns3:TrackPointExtension>
        </extensions>
      </trkpt>
      <trkpt lat="39.9082662351429462432861328125" lon="-105.8585364930331707000732421875">
        <ele>2878.800048828125</ele>
        <time>2026-08-01T15:10:41.000Z</time>
        <extensions>
          <ns3:TrackPointExtension>
            <ns3:atemp>16.0</ns3:atemp>
          </ns3:TrackPointExtension>
        </extensions>
      </trkpt>
      <trkpt lat="39.90836975164711475372314453125" lon="-105.85833474062383174896240234375">
        <ele>2877.199951171875</ele>
        <time>2026-08-01T15:10:43.000Z</time>
        <extensions>
          <ns3:TrackPointExtension>
            <ns3:atemp>16.0</ns3:atemp>
          </ns3:TrackPointExtension>
        </extensions>
      </trkpt>
      <trkpt lat="39.90850520320236682891845703125" lon="-105.85807842202484607696533203125">
        <ele>2876</ele>
        <time>2026-08-01T15:10:45.000Z</time>
        <extensions>
          <ns3:TrackPointExtension>
            <ns3:atemp>16.0</ns3:atemp>
          </ns3:TrackPointExtension>
        </extensions>
      </trkpt>
      <trkpt lat="39.9086980707943439483642578125" lon="-105.85775454528629779815673828125">
        <ele>2874.39990234375</ele>
        <time>2026-08-01T15:10:48.000Z</time>
        <extensions>
          <ns3:TrackPointExtension>
            <ns3:atemp>16.0</ns3:atemp>
          </ns3:TrackPointExtension>
        </extensions>
      </trkpt>
      <trkpt lat="39.9088655412197113037109375" lon="-105.85750711150467395782470703125">
        <ele>2873.199951171875</ele>
        <time>2026-08-01T15:10:50.000Z</time>
        <extensions>
          <ns3:TrackPointExtension>
            <ns3:atemp>16.0</ns3:atemp>
          </ns3:TrackPointExtension>
        </extensions>
      </trkpt>
      <trkpt lat="39.90901247598230838775634765625" lon="-105.85727493278682231903076171875">
        <ele>2871.800048828125</ele>
        <time>2026-08-01T15:10:52.000Z</time>
        <extensions>
          <ns3:TrackPointExtension>
            <ns3:atemp>16.0</ns3:atemp>
          </ns3:TrackPointExtension>
        </extensions>
      </trkpt>
      <trkpt lat="39.90908774547278881072998046875" lon="-105.85716529749333858489990234375">
        <ele>2871.60009765625</ele>
        <time>2026-08-01T15:10:53.000Z</time>
        <extensions>
          <ns3:TrackPointExtension>
            <ns3:atemp>16.0</ns3:atemp>
          </ns3:TrackPointExtension>
        </extensions>
      </trkpt>
      <trkpt lat="39.9093055911362171173095703125" lon="-105.85684762336313724517822265625">
        <ele>2870.39990234375</ele>
        <time>2026-08-01T15:10:56.000Z</time>
        <extensions>
          <ns3:TrackPointExtension>
            <ns3:atemp>16.0</ns3:atemp>
          </ns3:TrackPointExtension>
        </extensions>
      </trkpt>
      <trkpt lat="39.9094802699983119964599609375" lon="-105.85659180767834186553955078125">
        <ele>2869.39990234375</ele>
        <time>2026-08-01T15:10:58.000Z</time>
        <extensions>
          <ns3:TrackPointExtension>
            <ns3:atemp>16.0</ns3:atemp>
          </ns3:TrackPointExtension>
        </extensions>
      </trkpt>
      <trkpt lat="39.90959309041500091552734375" lon="-105.85642534308135509490966796875">
        <ele>2868.199951171875</ele>
        <time>2026-08-01T15:11:00.000Z</time>
        <extensions>
          <ns3:TrackPointExtension>
            <ns3:atemp>16.0</ns3:atemp>
          </ns3:TrackPointExtension>
        </extensions>
      </trkpt>
      <trkpt lat="39.90963826887309551239013671875" lon="-105.85638226009905338287353515625">
        <ele>2867.60009765625</ele>
        <time>2026-08-01T15:11:01.000Z</time>
        <extensions>
          <ns3:TrackPointExtension>
            <ns3:atemp>16.0</ns3:atemp>
          </ns3:TrackPointExtension>
        </extensions>
      </trkpt>
      <trkpt lat="39.90967716090381145477294921875" lon="-105.85637069307267665863037109375">
        <ele>2867.39990234375</ele>
        <time>2026-08-01T15:11:02.000Z</time>
        <extensions>
          <ns3:TrackPointExtension>
            <ns3:atemp>16.0</ns3:atemp>
          </ns3:TrackPointExtension>
        </extensions>
      </trkpt>
      <trkpt lat="39.9097243510186672210693359375" lon="-105.8563806675374507904052734375">
        <ele>2866.60009765625</ele>
        <time>2026-08-01T15:11:03.000Z</time>
        <extensions>
          <ns3:TrackPointExtension>
            <ns3:atemp>16.0</ns3:atemp>
          </ns3:TrackPointExtension>
        </extensions>
      </trkpt>
      <trkpt lat="39.90975310094654560089111328125" lon="-105.856412351131439208984375">
        <ele>2866.39990234375</ele>
        <time>2026-08-01T15:11:04.000Z</time>
        <extensions>
          <ns3:TrackPointExtension>
            <ns3:atemp>16.0</ns3:atemp>
          </ns3:TrackPointExtension>
        </extensions>
      </trkpt>
      <trkpt lat="39.90977003239095211029052734375" lon="-105.85646457038819789886474609375">
        <ele>2865.199951171875</ele>
        <time>2026-08-01T15:11:05.000Z</time>
        <extensions>
          <ns3:TrackPointExtension>
            <ns3:atemp>16.0</ns3:atemp>
          </ns3:TrackPointExtension>
        </extensions>
      </trkpt>
      <trkpt lat="39.9097694456577301025390625" lon="-105.8565290272235870361328125">
        <ele>2864.199951171875</ele>
        <time>2026-08-01T15:11:06.000Z</time>
        <extensions>
          <ns3:TrackPointExtension>
            <ns3:atemp>16.0</ns3:atemp>
          </ns3:TrackPointExtension>
        </extensions>
      </trkpt>
      <trkpt lat="39.90975678898394107818603515625" lon="-105.85658610798418521881103515625">
        <ele>2863.800048828125</ele>
        <time>2026-08-01T15:11:07.000Z</time>
        <extensions>
          <ns3:TrackPointExtension>
            <ns3:atemp>16.0</ns3:atemp>
          </ns3:TrackPointExtension>
        </extensions>
      </trkpt>
      <trkpt lat="39.90974128246307373046875" lon="-105.85667579434812068939208984375">
        <ele>2863</ele>
        <time>2026-08-01T15:11:08.000Z</time>
        <extensions>
          <ns3:TrackPointExtension>
            <ns3:atemp>16.0</ns3:atemp>
          </ns3:TrackPointExtension>
        </extensions>
      </trkpt>
      <trkpt lat="39.90973298437893390655517578125" lon="-105.85676346905529499053955078125">
        <ele>2862.800048828125</ele>
        <time>2026-08-01T15:11:09.000Z</time>
        <extensions>
          <ns3:TrackPointExtension>
            <ns3:atemp>16.0</ns3:atemp>
          </ns3:TrackPointExtension>
        </extensions>
      </trkpt>
      <trkpt lat="39.90972342900931835174560546875" lon="-105.8570681512355804443359375">
        <ele>2861.800048828125</ele>
        <time>2026-08-01T15:11:12.000Z</time>
        <extensions>
          <ns3:TrackPointExtension>
            <ns3:atemp>16.0</ns3:atemp>
          </ns3:TrackPointExtension>
        </extensions>
      </trkpt>
      <trkpt lat="39.90970842540264129638671875" lon="-105.85739378817379474639892578125">
        <ele>2860.60009765625</ele>
        <time>2026-08-01T15:11:15.000Z</time>
        <extensions>
          <ns3:TrackPointExtension>
            <ns3:atemp>16.0</ns3:atemp>
          </ns3:TrackPointExtension>
        </extensions>
      </trkpt>
      <trkpt lat="39.9096908234059810638427734375" lon="-105.85761272348463535308837890625">
        <ele>2859.60009765625</ele>
        <time>2026-08-01T15:11:17.000Z</time>
        <extensions>
          <ns3:TrackPointExtension>
            <ns3:atemp>16.0</ns3:atemp>
          </ns3:TrackPointExtension>
        </extensions>
      </trkpt>
      <trkpt lat="39.90968830883502960205078125" lon="-105.8578558824956417083740234375">
        <ele>2858</ele>
        <time>2026-08-01T15:11:19.000Z</time>
        <extensions>
          <ns3:TrackPointExtension>
            <ns3:atemp>16.0</ns3:atemp>
          </ns3:TrackPointExtension>
        </extensions>
      </trkpt>
      <trkpt lat="39.90968788973987102508544921875" lon="-105.85808445699512958526611328125">
        <ele>2856.800048828125</ele>
        <time>2026-08-01T15:11:21.000Z</time>
        <extensions>
          <ns3:TrackPointExtension>
            <ns3:atemp>16.0</ns3:atemp>
          </ns3:TrackPointExtension>
        </extensions>
      </trkpt>
      <trkpt lat="39.90969325415790081024169921875" lon="-105.8582434616982936859130859375">
        <ele>2856.39990234375</ele>
        <time>2026-08-01T15:11:22.000Z</time>
        <extensions>
          <ns3:TrackPointExtension>
            <ns3:atemp>16.0</ns3:atemp>
          </ns3:TrackPointExtension>
        </extensions>
      </trkpt>
      <trkpt lat="39.9096971936523914337158203125" lon="-105.85838587023317813873291015625">
        <ele>2855.39990234375</ele>
        <time>2026-08-01T15:11:23.000Z</time>
        <extensions>
          <ns3:TrackPointExtension>
            <ns3:atemp>16.0</ns3:atemp>
          </ns3:TrackPointExtension>
        </extensions>
      </trkpt>
      <trkpt lat="39.9096804298460483551025390625" lon="-105.85864621214568614959716796875">
        <ele>2854.39990234375</ele>
        <time>2026-08-01T15:11:25.000Z</time>
        <extensions>
          <ns3:TrackPointExtension>
            <ns3:atemp>16.0</ns3:atemp>
          </ns3:TrackPointExtension>
        </extensions>
      </trkpt>
      <trkpt lat="39.909642376005649566650390625" lon="-105.85886011831462383270263671875">
        <ele>2852.199951171875</ele>
        <time>2026-08-01T15:11:27.000Z</time>
        <extensions>
          <ns3:TrackPointExtension>
            <ns3:atemp>16.0</ns3:atemp>
          </ns3:TrackPointExtension>
        </extensions>
      </trkpt>
      <trkpt lat="39.90961991250514984130859375" lon="-105.85894963704049587249755859375">
        <ele>2850.800048828125</ele>
        <time>2026-08-01T15:11:28.000Z</time>
        <extensions>
          <ns3:TrackPointExtension>
            <ns3:atemp>16.0</ns3:atemp>
          </ns3:TrackPointExtension>
        </extensions>
      </trkpt>
      <trkpt lat="39.9096167273819446563720703125" lon="-105.85904368199408054351806640625">
        <ele>2850.60009765625</ele>
        <time>2026-08-01T15:11:29.000Z</time>
        <extensions>
          <ns3:TrackPointExtension>
            <ns3:atemp>16.0</ns3:atemp>
          </ns3:TrackPointExtension>
        </extensions>
      </trkpt>
      <trkpt lat="39.909629635512828826904296875" lon="-105.8591275848448276519775390625">
        <ele>2849.39990234375</ele>
        <time>2026-08-01T15:11:30.000Z</time>
        <extensions>
          <ns3:TrackPointExtension>
            <ns3:atemp>16.0</ns3:atemp>
          </ns3:TrackPointExtension>
        </extensions>
      </trkpt>
      <trkpt lat="39.90965536795556545257568359375" lon="-105.8592085540294647216796875">
        <ele>2848.800048828125</ele>
        <time>2026-08-01T15:11:31.000Z</time>
        <extensions>
          <ns3:TrackPointExtension>
            <ns3:atemp>16.0</ns3:atemp>
          </ns3:TrackPointExtension>
        </extensions>
      </trkpt>
      <trkpt lat="39.90969291888177394866943359375" lon="-105.85928658954799175262451171875">
        <ele>2848</ele>
        <time>2026-08-01T15:11:32.000Z</time>
        <extensions>
          <ns3:TrackPointExtension>
            <ns3:atemp>16.0</ns3:atemp>
          </ns3:TrackPointExtension>
        </extensions>
      </trkpt>
      <trkpt lat="39.90976751782000064849853515625" lon="-105.85941868834197521209716796875">
        <ele>2847.199951171875</ele>
        <time>2026-08-01T15:11:34.000Z</time>
        <extensions>
          <ns3:TrackPointExtension>
            <ns3:atemp>16.0</ns3:atemp>
          </ns3:TrackPointExtension>
        </extensions>
      </trkpt>
      <trkpt lat="39.90981562994420528411865234375" lon="-105.85948574356734752655029296875">
        <ele>2847</ele>
        <time>2026-08-01T15:11:35.000Z</time>
        <extensions>
          <ns3:TrackPointExtension>
            <ns3:atemp>16.0</ns3:atemp>
          </ns3:TrackPointExtension>
        </extensions>
      </trkpt>
      <trkpt lat="39.91007278673350811004638671875" lon="-105.8598638512194156646728515625">
        <ele>2846.199951171875</ele>
        <time>2026-08-01T15:11:40.000Z</time>
        <extensions>
          <ns3:TrackPointExtension>
            <ns3:atemp>16.0</ns3:atemp>
          </ns3:TrackPointExtension>
        </extensions>
      </trkpt>
      <trkpt lat="39.91023992188274860382080078125" lon="-105.86009443737566471099853515625">
        <ele>2846</ele>
        <time>2026-08-01T15:11:43.000Z</time>
        <extensions>
          <ns3:TrackPointExtension>
            <ns3:atemp>16.0</ns3:atemp>
          </ns3:TrackPointExtension>
        </extensions>
      </trkpt>
      <trkpt lat="39.9102892912924289703369140625" lon="-105.86017037741839885711669921875">
        <ele>2845.800048828125</ele>
        <time>2026-08-01T15:11:44.000Z</time>
        <extensions>
          <ns3:TrackPointExtension>
            <ns3:atemp>16.0</ns3:atemp>
          </ns3:TrackPointExtension>
        </extensions>
      </trkpt>
      <trkpt lat="39.91039532236754894256591796875" lon="-105.8603238500654697418212890625">
        <ele>2845.800048828125</ele>
        <time>2026-08-01T15:11:46.000Z</time>
        <extensions>
          <ns3:TrackPointExtension>
            <ns3:atemp>16.0</ns3:atemp>
          </ns3:TrackPointExtension>
        </extensions>
      </trkpt>
      <trkpt lat="39.91079061292111873626708984375" lon="-105.8609063923358917236328125">
        <ele>2844.60009765625</ele>
        <time>2026-08-01T15:11:53.000Z</time>
        <extensions>
          <ns3:TrackPointExtension>
            <ns3:atemp>16.0</ns3:atemp>
          </ns3:TrackPointExtension>
        </extensions>
      </trkpt>
      <trkpt lat="39.9109541438519954681396484375" lon="-105.86117788217961788177490234375">
        <ele>2843.800048828125</ele>
        <time>2026-08-01T15:11:56.000Z</time>
        <extensions>
          <ns3:TrackPointExtension>
            <ns3:atemp>16.0</ns3:atemp>
          </ns3:TrackPointExtension>
        </extensions>
      </trkpt>
      <trkpt lat="39.91098993457853794097900390625" lon="-105.86128349415957927703857421875">
        <ele>2843.39990234375</ele>
        <time>2026-08-01T15:11:57.000Z</time>
        <extensions>
          <ns3:TrackPointExtension>
            <ns3:atemp>16.0</ns3:atemp>
          </ns3:TrackPointExtension>
        </extensions>
      </trkpt>
      <trkpt lat="39.9110131524503231048583984375" lon="-105.86139530874788761138916015625">
        <ele>2843</ele>
        <time>2026-08-01T15:11:58.000Z</time>
        <extensions>
          <ns3:TrackPointExtension>
            <ns3:atemp>16.0</ns3:atemp>
          </ns3:TrackPointExtension>
        </extensions>
      </trkpt>
      <trkpt lat="39.9110247194766998291015625" lon="-105.8616260625422000885009765625">
        <ele>2842.39990234375</ele>
        <time>2026-08-01T15:12:00.000Z</time>
        <extensions>
          <ns3:TrackPointExtension>
            <ns3:atemp>16.0</ns3:atemp>
          </ns3:TrackPointExtension>
        </extensions>
      </trkpt>
      <trkpt lat="39.91100770421326160430908203125" lon="-105.86173988878726959228515625">
        <ele>2841.199951171875</ele>
        <time>2026-08-01T15:12:01.000Z</time>
        <extensions>
          <ns3:TrackPointExtension>
            <ns3:atemp>16.0</ns3:atemp>
          </ns3:TrackPointExtension>
        </extensions>
      </trkpt>
      <trkpt lat="39.910980127751827239990234375" lon="-105.86184575222432613372802734375">
        <ele>2840.39990234375</ele>
        <time>2026-08-01T15:12:02.000Z</time>
        <extensions>
          <ns3:TrackPointExtension>
            <ns3:atemp>16.0</ns3:atemp>
          </ns3:TrackPointExtension>
        </extensions>
      </trkpt>
      <trkpt lat="39.91094836033880710601806640625" lon="-105.86194382049143314361572265625">
        <ele>2839.800048828125</ele>
        <time>2026-08-01T15:12:03.000Z</time>
        <extensions>
          <ns3:TrackPointExtension>
            <ns3:atemp>16.0</ns3:atemp>
          </ns3:TrackPointExtension>
        </extensions>
      </trkpt>
      <trkpt lat="39.91089354269206523895263671875" lon="-105.862119086086750030517578125">
        <ele>2838.800048828125</ele>
        <time>2026-08-01T15:12:05.000Z</time>
        <extensions>
          <ns3:TrackPointExtension>
            <ns3:atemp>16.0</ns3:atemp>
          </ns3:TrackPointExtension>
        </extensions>
      </trkpt>
      <trkpt lat="39.910869486629962921142578125" lon="-105.862194858491420745849609375">
        <ele>2838</ele>
        <time>2026-08-01T15:12:06.000Z</time>
        <extensions>
          <ns3:TrackPointExtension>
            <ns3:atemp>16.0</ns3:atemp>
          </ns3:TrackPointExtension>
        </extensions>
      </trkpt>
      <trkpt lat="39.91080813109874725341796875" lon="-105.8623314835131168365478515625">
        <ele>2837</ele>
        <time>2026-08-01T15:12:08.000Z</time>
        <extensions>
          <ns3:TrackPointExtension>
            <ns3:atemp>16.0</ns3:atemp>
          </ns3:TrackPointExtension>
        </extensions>
      </trkpt>
      <trkpt lat="39.9107546545565128326416015625" lon="-105.8624236844480037689208984375">
        <ele>2836.800048828125</ele>
        <time>2026-08-01T15:12:09.000Z</time>
        <extensions>
          <ns3:TrackPointExtension>
            <ns3:atemp>16.0</ns3:atemp>
          </ns3:TrackPointExtension>
        </extensions>
      </trkpt>
      <trkpt lat="39.91070042364299297332763671875" lon="-105.8624996244907379150390625">
        <ele>2836</ele>
        <time>2026-08-01T15:12:10.000Z</time>
        <extensions>
          <ns3:TrackPointExtension>
            <ns3:atemp>16.0</ns3:atemp>
          </ns3:TrackPointExtension>
        </extensions>
      </trkpt>
      <trkpt lat="39.91053856909275054931640625" lon="-105.86271026171743869781494140625">
        <ele>2834.60009765625</ele>
        <time>2026-08-01T15:12:13.000Z</time>
        <extensions>
          <ns3:TrackPointExtension>
            <ns3:atemp>16.0</ns3:atemp>
          </ns3:TrackPointExtension>
        </extensions>
      </trkpt>
      <trkpt lat="39.9104686640202999114990234375" lon="-105.86280397139489650726318359375">
        <ele>2834.60009765625</ele>
        <time>2026-08-01T15:12:14.000Z</time>
        <extensions>
          <ns3:TrackPointExtension>
            <ns3:atemp>16.0</ns3:atemp>
          </ns3:TrackPointExtension>
        </extensions>
      </trkpt>
      <trkpt lat="39.910367913544178009033203125" lon="-105.86294193752110004425048828125">
        <ele>2833.39990234375</ele>
        <time>2026-08-01T15:12:16.000Z</time>
        <extensions>
          <ns3:TrackPointExtension>
            <ns3:atemp>16.0</ns3:atemp>
          </ns3:TrackPointExtension>
        </extensions>
      </trkpt>
      <trkpt lat="39.91031334735453128814697265625" lon="-105.86300966329872608184814453125">
        <ele>2831.199951171875</ele>
        <time>2026-08-01T15:12:17.000Z</time>
        <extensions>
          <ns3:TrackPointExtension>
            <ns3:atemp>16.0</ns3:atemp>
          </ns3:TrackPointExtension>
        </extensions>
      </trkpt>
      <trkpt lat="39.91019315086305141448974609375" lon="-105.86313069798052310943603515625">
        <ele>2829.199951171875</ele>
        <time>2026-08-01T15:12:19.000Z</time>
        <extensions>
          <ns3:TrackPointExtension>
            <ns3:atemp>16.0</ns3:atemp>
          </ns3:TrackPointExtension>
        </extensions>
      </trkpt>
      <trkpt lat="39.91013213060796260833740234375" lon="-105.8631713502109050750732421875">
        <ele>2828.199951171875</ele>
        <time>2026-08-01T15:12:20.000Z</time>
        <extensions>
          <ns3:TrackPointExtension>
            <ns3:atemp>16.0</ns3:atemp>
          </ns3:TrackPointExtension>
        </extensions>
      </trkpt>
      <trkpt lat="39.910078234970569610595703125" lon="-105.8631941489875316619873046875">
        <ele>2827.800048828125</ele>
        <time>2026-08-01T15:12:21.000Z</time>
        <extensions>
          <ns3:TrackPointExtension>
            <ns3:atemp>16.0</ns3:atemp>
          </ns3:TrackPointExtension>
        </extensions>
      </trkpt>
      <trkpt lat="39.91000455804169178009033203125" lon="-105.86321108043193817138671875">
        <ele>2826.800048828125</ele>
        <time>2026-08-01T15:12:22.000Z</time>
        <extensions>
          <ns3:TrackPointExtension>
            <ns3:atemp>16.0</ns3:atemp>
          </ns3:TrackPointExtension>
        </extensions>
      </trkpt>
      <trkpt lat="39.9099090881645679473876953125" lon="-105.863216109573841094970703125">
        <ele>2826.39990234375</ele>
        <time>2026-08-01T15:12:23.000Z</time>
        <extensions>
          <ns3:TrackPointExtension>
            <ns3:atemp>16.0</ns3:atemp>
          </ns3:TrackPointExtension>
        </extensions>
      </trkpt>
      <trkpt lat="39.9097441323101520538330078125" lon="-105.8631757088005542755126953125">
        <ele>2825.60009765625</ele>
        <time>2026-08-01T15:12:25.000Z</time>
        <extensions>
          <ns3:TrackPointExtension>
            <ns3:atemp>16.0</ns3:atemp>
          </ns3:TrackPointExtension>
        </extensions>
      </trkpt>
      <trkpt lat="39.90967062301933765411376953125" lon="-105.86313237436115741729736328125">
        <ele>2824.199951171875</ele>
        <time>2026-08-01T15:12:26.000Z</time>
        <extensions>
          <ns3:TrackPointExtension>
            <ns3:atemp>16.0</ns3:atemp>
          </ns3:TrackPointExtension>
        </extensions>
      </trkpt>
      <trkpt lat="39.9096006341278553009033203125" lon="-105.8630818314850330352783203125">
        <ele>2823.800048828125</ele>
        <time>2026-08-01T15:12:27.000Z</time>
        <extensions>
          <ns3:TrackPointExtension>
            <ns3:atemp>16.0</ns3:atemp>
          </ns3:TrackPointExtension>
        </extensions>
      </trkpt>
      <trkpt lat="39.9095342494547367095947265625" lon="-105.86302609182894229888916015625">
        <ele>2823</ele>
        <time>2026-08-01T15:12:28.000Z</time>
        <extensions>
          <ns3:TrackPointExtension>
            <ns3:atemp>16.0</ns3:atemp>
          </ns3:TrackPointExtension>
        </extensions>
      </trkpt>
      <trkpt lat="39.90946233272552490234375" lon="-105.86297378875315189361572265625">
        <ele>2822.60009765625</ele>
        <time>2026-08-01T15:12:29.000Z</time>
        <extensions>
          <ns3:TrackPointExtension>
            <ns3:atemp>16.0</ns3:atemp>
          </ns3:TrackPointExtension>
        </extensions>
      </trkpt>
      <trkpt lat="39.90938530303537845611572265625" lon="-105.86293875239789485931396484375">
        <ele>2822.199951171875</ele>
        <time>2026-08-01T15:12:30.000Z</time>
        <extensions>
          <ns3:TrackPointExtension>
            <ns3:atemp>16.0</ns3:atemp>
          </ns3:TrackPointExtension>
        </extensions>
      </trkpt>
      <trkpt lat="39.90930181927978992462158203125" lon="-105.8629276044666767120361328125">
        <ele>2821.39990234375</ele>
        <time>2026-08-01T15:12:31.000Z</time>
        <extensions>
          <ns3:TrackPointExtension>
            <ns3:atemp>16.0</ns3:atemp>
          </ns3:TrackPointExtension>
        </extensions>
      </trkpt>
      <trkpt lat="39.90913309156894683837890625" lon="-105.86295819841325283050537109375">
        <ele>2820</ele>
        <time>2026-08-01T15:12:33.000Z</time>
        <extensions>
          <ns3:TrackPointExtension>
            <ns3:atemp>16.0</ns3:atemp>
          </ns3:TrackPointExtension>
        </extensions>
      </trkpt>
      <trkpt lat="39.90892346017062664031982421875" lon="-105.86306498385965824127197265625">
        <ele>2819</ele>
        <time>2026-08-01T15:12:36.000Z</time>
        <extensions>
          <ns3:TrackPointExtension>
            <ns3:atemp>16.0</ns3:atemp>
          </ns3:TrackPointExtension>
        </extensions>
      </trkpt>
      <trkpt lat="39.9088385514914989471435546875" lon="-105.86311058141291141510009765625">
        <ele>2818.60009765625</ele>
        <time>2026-08-01T15:12:37.000Z</time>
        <extensions>
          <ns3:TrackPointExtension>
            <ns3:atemp>16.0</ns3:atemp>
          </ns3:TrackPointExtension>
        </extensions>
      </trkpt>
      <trkpt lat="39.9087148346006870269775390625" lon="-105.86317981593310832977294921875">
        <ele>2818.199951171875</ele>
        <time>2026-08-01T15:12:39.000Z</time>
        <extensions>
          <ns3:TrackPointExtension>
            <ns3:atemp>16.0</ns3:atemp>
          </ns3:TrackPointExtension>
        </extensions>
      </trkpt>
      <trkpt lat="39.90866630338132381439208984375" lon="-105.86322122253477573394775390625">
        <ele>2818.199951171875</ele>
        <time>2026-08-01T15:12:40.000Z</time>
        <extensions>
          <ns3:TrackPointExtension>
            <ns3:atemp>16.0</ns3:atemp>
          </ns3:TrackPointExtension>
        </extensions>
      </trkpt>
      <trkpt lat="39.9086209572851657867431640625" lon="-105.8632608689367771148681640625">
        <ele>2818.199951171875</ele>
        <time>2026-08-01T15:12:41.000Z</time>
        <extensions>
          <ns3:TrackPointExtension>
            <ns3:atemp>16.0</ns3:atemp>
          </ns3:TrackPointExtension>
        </extensions>
      </trkpt>
      <trkpt lat="39.908502101898193359375" lon="-105.8633678220212459564208984375">
        <ele>2818.199951171875</ele>
        <time>2026-08-01T15:12:44.000Z</time>
        <extensions>
          <ns3:TrackPointExtension>
            <ns3:atemp>16.0</ns3:atemp>
          </ns3:TrackPointExtension>
        </extensions>
      </trkpt>
      <trkpt lat="39.9084658920764923095703125" lon="-105.86338986642658710479736328125">
        <ele>2818.199951171875</ele>
        <time>2026-08-01T15:12:45.000Z</time>
        <extensions>
          <ns3:TrackPointExtension>
            <ns3:atemp>16.0</ns3:atemp>
          </ns3:TrackPointExtension>
        </extensions>
      </trkpt>
      <trkpt lat="39.90831501781940460205078125" lon="-105.86350972764194011688232421875">
        <ele>2818.60009765625</ele>
        <time>2026-08-01T15:12:48.000Z</time>
        <extensions>
          <ns3:TrackPointExtension>
            <ns3:atemp>16.0</ns3:atemp>
          </ns3:TrackPointExtension>
        </extensions>
      </trkpt>
      <trkpt lat="39.90823966450989246368408203125" lon="-105.8635939657688140869140625">
        <ele>2819</ele>
        <time>2026-08-01T15:12:50.000Z</time>
        <extensions>
          <ns3:TrackPointExtension>
            <ns3:atemp>16.0</ns3:atemp>
          </ns3:TrackPointExtension>
        </extensions>
      </trkpt>
      <trkpt lat="39.90818786434829235076904296875" lon="-105.86371525190770626068115234375">
        <ele>2819.60009765625</ele>
        <time>2026-08-01T15:12:52.000Z</time>
        <extensions>
          <ns3:TrackPointExtension>
            <ns3:atemp>16.0</ns3:atemp>
          </ns3:TrackPointExtension>
        </extensions>
      </trkpt>
      <trkpt lat="39.9081547558307647705078125" lon="-105.8637912757694721221923828125">
        <ele>2819.800048828125</ele>
        <time>2026-08-01T15:12:53.000Z</time>
        <extensions>
          <ns3:TrackPointExtension>
            <ns3:atemp>16.0</ns3:atemp>
          </ns3:TrackPointExtension>
        </extensions>
      </trkpt>
      <trkpt lat="39.90813891403377056121826171875" lon="-105.8638814650475978851318359375">
        <ele>2819.800048828125</ele>
        <time>2026-08-01T15:12:54.000Z</time>
        <extensions>
          <ns3:TrackPointExtension>
            <ns3:atemp>16.0</ns3:atemp>
          </ns3:TrackPointExtension>
        </extensions>
      </trkpt>
      <trkpt lat="39.908101446926593780517578125" lon="-105.86406536400318145751953125">
        <ele>2819.800048828125</ele>
        <time>2026-08-01T15:12:56.000Z</time>
        <extensions>
          <ns3:TrackPointExtension>
            <ns3:atemp>16.0</ns3:atemp>
          </ns3:TrackPointExtension>
        </extensions>
      </trkpt>
      <trkpt lat="39.9080670811235904693603515625" lon="-105.86425638757646083831787109375">
        <ele>2819.800048828125</ele>
        <time>2026-08-01T15:12:58.000Z</time>
        <extensions>
          <ns3:TrackPointExtension>
            <ns3:atemp>16.0</ns3:atemp>
          </ns3:TrackPointExtension>
        </extensions>
      </trkpt>
      <trkpt lat="39.90806917659938335418701171875" lon="-105.86435596458613872528076171875">
        <ele>2819.60009765625</ele>
        <time>2026-08-01T15:12:59.000Z</time>
        <extensions>
          <ns3:TrackPointExtension>
            <ns3:atemp>16.0</ns3:atemp>
          </ns3:TrackPointExtension>
        </extensions>
      </trkpt>
      <trkpt lat="39.9080898799002170562744140625" lon="-105.86454606615006923675537109375">
        <ele>2819.199951171875</ele>
        <time>2026-08-01T15:13:01.000Z</time>
        <extensions>
          <ns3:TrackPointExtension>
            <ns3:atemp>16.0</ns3:atemp>
          </ns3:TrackPointExtension>
        </extensions>
      </trkpt>
      <trkpt lat="39.9081468768417835235595703125" lon="-105.86473147384822368621826171875">
        <ele>2819</ele>
        <time>2026-08-01T15:13:03.000Z</time>
        <extensions>
          <ns3:TrackPointExtension>
            <ns3:atemp>16.0</ns3:atemp>
          </ns3:TrackPointExtension>
        </extensions>
      </trkpt>
      <trkpt lat="39.9082709290087223052978515625" lon="-105.8649667538702487945556640625">
        <ele>2817.800048828125</ele>
        <time>2026-08-01T15:13:06.000Z</time>
        <extensions>
          <ns3:TrackPointExtension>
            <ns3:atemp>16.0</ns3:atemp>
          </ns3:TrackPointExtension>
        </extensions>
      </trkpt>
      <trkpt lat="39.9083228968083858489990234375" lon="-105.86505015380680561065673828125">
        <ele>2817.39990234375</ele>
        <time>2026-08-01T15:13:07.000Z</time>
        <extensions>
          <ns3:TrackPointExtension>
            <ns3:atemp>16.0</ns3:atemp>
          </ns3:TrackPointExtension>
        </extensions>
      </trkpt>
      <trkpt lat="39.9083591066300868988037109375" lon="-105.86513883434236049652099609375">
        <ele>2817.39990234375</ele>
        <time>2026-08-01T15:13:08.000Z</time>
        <extensions>
          <ns3:TrackPointExtension>
            <ns3:atemp>16.0</ns3:atemp>
          </ns3:TrackPointExtension>
        </extensions>
      </trkpt>
      <trkpt lat="39.90847938694059848785400390625" lon="-105.86543060839176177978515625">
        <ele>2816.800048828125</ele>
        <time>2026-08-01T15:13:11.000Z</time>
        <extensions>
          <ns3:TrackPointExtension>
            <ns3:atemp>16.0</ns3:atemp>
          </ns3:TrackPointExtension>
        </extensions>
      </trkpt>
      <trkpt lat="39.90870502777397632598876953125" lon="-105.86598389782011508941650390625">
        <ele>2814.800048828125</ele>
        <time>2026-08-01T15:13:16.000Z</time>
        <extensions>
          <ns3:TrackPointExtension>
            <ns3:atemp>16.0</ns3:atemp>
          </ns3:TrackPointExtension>
        </extensions>
      </trkpt>
      <trkpt lat="39.90875062532722949981689453125" lon="-105.86620249785482883453369140625">
        <ele>2813.199951171875</ele>
        <time>2026-08-01T15:13:18.000Z</time>
        <extensions>
          <ns3:TrackPointExtension>
            <ns3:atemp>16.0</ns3:atemp>
          </ns3:TrackPointExtension>
        </extensions>
      </trkpt>
      <trkpt lat="39.90873922593891620635986328125" lon="-105.86633459664881229400634765625">
        <ele>2812.800048828125</ele>
        <time>2026-08-01T15:13:19.000Z</time>
        <extensions>
          <ns3:TrackPointExtension>
            <ns3:atemp>16.0</ns3:atemp>
          </ns3:TrackPointExtension>
        </extensions>
      </trkpt>
      <trkpt lat="39.90870335139334201812744140625" lon="-105.86648932658135890960693359375">
        <ele>2812.39990234375</ele>
        <time>2026-08-01T15:13:20.000Z</time>
        <extensions>
          <ns3:TrackPointExtension>
            <ns3:atemp>16.0</ns3:atemp>
          </ns3:TrackPointExtension>
        </extensions>
      </trkpt>
      <trkpt lat="39.90866730920970439910888671875" lon="-105.866599716246128082275390625">
        <ele>2812.199951171875</ele>
        <time>2026-08-01T15:13:21.000Z</time>
        <extensions>
          <ns3:TrackPointExtension>
            <ns3:atemp>16.0</ns3:atemp>
          </ns3:TrackPointExtension>
        </extensions>
      </trkpt>
      <trkpt lat="39.90862707607448101043701171875" lon="-105.866676829755306243896484375">
        <ele>2811.60009765625</ele>
        <time>2026-08-01T15:13:22.000Z</time>
        <extensions>
          <ns3:TrackPointExtension>
            <ns3:atemp>16.0</ns3:atemp>
          </ns3:TrackPointExtension>
        </extensions>
      </trkpt>
      <trkpt lat="39.90856639109551906585693359375" lon="-105.86677582003176212310791015625">
        <ele>2810.39990234375</ele>
        <time>2026-08-01T15:13:23.000Z</time>
        <extensions>
          <ns3:TrackPointExtension>
            <ns3:atemp>16.0</ns3:atemp>
          </ns3:TrackPointExtension>
        </extensions>
      </trkpt>
      <trkpt lat="39.90851693786680698394775390625" lon="-105.866851508617401123046875">
        <ele>2809.199951171875</ele>
        <time>2026-08-01T15:13:24.000Z</time>
        <extensions>
          <ns3:TrackPointExtension>
            <ns3:atemp>16.0</ns3:atemp>
          </ns3:TrackPointExtension>
        </extensions>
      </trkpt>
      <trkpt lat="39.90847586654126644134521484375" lon="-105.86693532764911651611328125">
        <ele>2808.60009765625</ele>
        <time>2026-08-01T15:13:25.000Z</time>
        <extensions>
          <ns3:TrackPointExtension>
            <ns3:atemp>16.0</ns3:atemp>
          </ns3:TrackPointExtension>
        </extensions>
      </trkpt>
      <trkpt lat="39.90844300948083400726318359375" lon="-105.8670209906995296478271484375">
        <ele>2808.39990234375</ele>
        <time>2026-08-01T15:13:26.000Z</time>
        <extensions>
          <ns3:TrackPointExtension>
            <ns3:atemp>16.0</ns3:atemp>
          </ns3:TrackPointExtension>
        </extensions>
      </trkpt>
      <trkpt lat="39.90843194536864757537841796875" lon="-105.867087878286838531494140625">
        <ele>2808</ele>
        <time>2026-08-01T15:13:27.000Z</time>
        <extensions>
          <ns3:TrackPointExtension>
            <ns3:atemp>16.0</ns3:atemp>
          </ns3:TrackPointExtension>
        </extensions>
      </trkpt>
      <trkpt lat="39.90846379660069942474365234375" lon="-105.867291055619716644287109375">
        <ele>2807.199951171875</ele>
        <time>2026-08-01T15:13:29.000Z</time>
        <extensions>
          <ns3:TrackPointExtension>
            <ns3:atemp>16.0</ns3:atemp>
          </ns3:TrackPointExtension>
        </extensions>
      </trkpt>
      <trkpt lat="39.90849464200437068939208984375" lon="-105.86738971062004566192626953125">
        <ele>2806.800048828125</ele>
        <time>2026-08-01T15:13:30.000Z</time>
        <extensions>
          <ns3:TrackPointExtension>
            <ns3:atemp>16.0</ns3:atemp>
          </ns3:TrackPointExtension>
        </extensions>
      </trkpt>
      <trkpt lat="39.9085545726120471954345703125" lon="-105.86757780052721500396728515625">
        <ele>2805.800048828125</ele>
        <time>2026-08-01T15:13:32.000Z</time>
        <extensions>
          <ns3:TrackPointExtension>
            <ns3:atemp>16.0</ns3:atemp>
          </ns3:TrackPointExtension>
        </extensions>
      </trkpt>
      <trkpt lat="39.9085834063589572906494140625" lon="-105.8676751144230365753173828125">
        <ele>2805</ele>
        <time>2026-08-01T15:13:33.000Z</time>
        <extensions>
          <ns3:TrackPointExtension>
            <ns3:atemp>16.0</ns3:atemp>
          </ns3:TrackPointExtension>
        </extensions>
      </trkpt>
      <trkpt lat="39.90860201418399810791015625" lon="-105.86777728982269763946533203125">
        <ele>2804</ele>
        <time>2026-08-01T15:13:34.000Z</time>
        <extensions>
          <ns3:TrackPointExtension>
            <ns3:atemp>16.0</ns3:atemp>
          </ns3:TrackPointExtension>
        </extensions>
      </trkpt>
      <trkpt lat="39.90860729478299617767333984375" lon="-105.8678843267261981964111328125">
        <ele>2803.60009765625</ele>
        <time>2026-08-01T15:13:35.000Z</time>
        <extensions>
          <ns3:TrackPointExtension>
            <ns3:atemp>16.0</ns3:atemp>
          </ns3:TrackPointExtension>
        </extensions>
      </trkpt>
      <trkpt lat="39.9085944704711437225341796875" lon="-105.86799555458128452301025390625">
        <ele>2802.39990234375</ele>
        <time>2026-08-01T15:13:36.000Z</time>
        <extensions>
          <ns3:TrackPointExtension>
            <ns3:atemp>16.0</ns3:atemp>
          </ns3:TrackPointExtension>
        </extensions>
      </trkpt>
      <trkpt lat="39.9085388146340847015380859375" lon="-105.86822086013853549957275390625">
        <ele>2801.39990234375</ele>
        <time>2026-08-01T15:13:38.000Z</time>
        <extensions>
          <ns3:TrackPointExtension>
            <ns3:atemp>16.0</ns3:atemp>
          </ns3:TrackPointExtension>
        </extensions>
      </trkpt>
      <trkpt lat="39.9084714241325855255126953125" lon="-105.868448428809642791748046875">
        <ele>2799.800048828125</ele>
        <time>2026-08-01T15:13:40.000Z</time>
        <extensions>
          <ns3:TrackPointExtension>
            <ns3:atemp>16.0</ns3:atemp>
          </ns3:TrackPointExtension>
        </extensions>
      </trkpt>
      <trkpt lat="39.9084036983549594879150390625" lon="-105.86865864694118499755859375">
        <ele>2798.800048828125</ele>
        <time>2026-08-01T15:13:42.000Z</time>
        <extensions>
          <ns3:TrackPointExtension>
            <ns3:atemp>16.0</ns3:atemp>
          </ns3:TrackPointExtension>
        </extensions>
      </trkpt>
      <trkpt lat="39.9083678238093852996826171875" lon="-105.8688049949705600738525390625">
        <ele>2798</ele>
        <time>2026-08-01T15:13:43.000Z</time>
        <extensions>
          <ns3:TrackPointExtension>
            <ns3:atemp>16.0</ns3:atemp>
          </ns3:TrackPointExtension>
        </extensions>
      </trkpt>
      <trkpt lat="39.90834728814661502838134765625" lon="-105.8689283765852451324462890625">
        <ele>2797.800048828125</ele>
        <time>2026-08-01T15:13:44.000Z</time>
        <extensions>
          <ns3:TrackPointExtension>
            <ns3:atemp>16.0</ns3:atemp>
          </ns3:TrackPointExtension>
        </extensions>
      </trkpt>
      <trkpt lat="39.9083403311669826507568359375" lon="-105.86905284784734249114990234375">
        <ele>2796.800048828125</ele>
        <time>2026-08-01T15:13:45.000Z</time>
        <extensions>
          <ns3:TrackPointExtension>
            <ns3:atemp>16.0</ns3:atemp>
          </ns3:TrackPointExtension>
        </extensions>
      </trkpt>
      <trkpt lat="39.9083478748798370361328125" lon="-105.8691798336803913116455078125">
        <ele>2796.39990234375</ele>
        <time>2026-08-01T15:13:46.000Z</time>
        <extensions>
          <ns3:TrackPointExtension>
            <ns3:atemp>16.0</ns3:atemp>
          </ns3:TrackPointExtension>
        </extensions>
      </trkpt>
      <trkpt lat="39.90839540027081966400146484375" lon="-105.869438834488391876220703125">
        <ele>2795.199951171875</ele>
        <time>2026-08-01T15:13:48.000Z</time>
        <extensions>
          <ns3:TrackPointExtension>
            <ns3:atemp>16.0</ns3:atemp>
          </ns3:TrackPointExtension>
        </extensions>
      </trkpt>
      <trkpt lat="39.9084606952965259552001953125" lon="-105.86969842202961444854736328125">
        <ele>2794</ele>
        <time>2026-08-01T15:13:50.000Z</time>
        <extensions>
          <ns3:TrackPointExtension>
            <ns3:atemp>16.0</ns3:atemp>
          </ns3:TrackPointExtension>
        </extensions>
      </trkpt>
      <trkpt lat="39.90848626010119915008544921875" lon="-105.8697954006493091583251953125">
        <ele>2793.39990234375</ele>
        <time>2026-08-01T15:13:51.000Z</time>
        <extensions>
          <ns3:TrackPointExtension>
            <ns3:atemp>16.0</ns3:atemp>
          </ns3:TrackPointExtension>
        </extensions>
      </trkpt>
      <trkpt lat="39.90851760841906070709228515625" lon="-105.86991702206432819366455078125">
        <ele>2792</ele>
        <time>2026-08-01T15:13:52.000Z</time>
        <extensions>
          <ns3:TrackPointExtension>
            <ns3:atemp>16.0</ns3:atemp>
          </ns3:TrackPointExtension>
        </extensions>
      </trkpt>
      <trkpt lat="39.90858734585344791412353515625" lon="-105.870187170803546905517578125">
        <ele>2790.60009765625</ele>
        <time>2026-08-01T15:13:54.000Z</time>
        <extensions>
          <ns3:TrackPointExtension>
            <ns3:atemp>16.0</ns3:atemp>
          </ns3:TrackPointExtension>
        </extensions>
      </trkpt>
      <trkpt lat="39.90863688290119171142578125" lon="-105.87041976861655712127685546875">
        <ele>2788.800048828125</ele>
        <time>2026-08-01T15:13:56.000Z</time>
        <extensions>
          <ns3:TrackPointExtension>
            <ns3:atemp>16.0</ns3:atemp>
          </ns3:TrackPointExtension>
        </extensions>
      </trkpt>
      <trkpt lat="39.90863931365311145782470703125" lon="-105.87052839808166027069091796875">
        <ele>2788.39990234375</ele>
        <time>2026-08-01T15:13:57.000Z</time>
        <extensions>
          <ns3:TrackPointExtension>
            <ns3:atemp>16.0</ns3:atemp>
          </ns3:TrackPointExtension>
        </extensions>
      </trkpt>
      <trkpt lat="39.90862439386546611785888671875" lon="-105.8706356026232242584228515625">
        <ele>2787.60009765625</ele>
        <time>2026-08-01T15:13:58.000Z</time>
        <extensions>
          <ns3:TrackPointExtension>
            <ns3:atemp>16.0</ns3:atemp>
          </ns3:TrackPointExtension>
        </extensions>
      </trkpt>
      <trkpt lat="39.908542670309543609619140625" lon="-105.8708010613918304443359375">
        <ele>2786.199951171875</ele>
        <time>2026-08-01T15:14:00.000Z</time>
        <extensions>
          <ns3:TrackPointExtension>
            <ns3:atemp>16.0</ns3:atemp>
          </ns3:TrackPointExtension>
        </extensions>
      </trkpt>
      <trkpt lat="39.90841233171522617340087890625" lon="-105.8708930946886539459228515625">
        <ele>2785</ele>
        <time>2026-08-01T15:14:02.000Z</time>
        <extensions>
          <ns3:TrackPointExtension>
            <ns3:atemp>16.0</ns3:atemp>
          </ns3:TrackPointExtension>
        </extensions>
      </trkpt>
      <trkpt lat="39.9083353020250797271728515625" lon="-105.87091706693172454833984375">
        <ele>2784.800048828125</ele>
        <time>2026-08-01T15:14:03.000Z</time>
        <extensions>
          <ns3:TrackPointExtension>
            <ns3:atemp>16.0</ns3:atemp>
          </ns3:TrackPointExtension>
        </extensions>
      </trkpt>
      <trkpt lat="39.9082545004785060882568359375" lon="-105.8709212578833103179931640625">
        <ele>2784.39990234375</ele>
        <time>2026-08-01T15:14:04.000Z</time>
        <extensions>
          <ns3:TrackPointExtension>
            <ns3:atemp>16.0</ns3:atemp>
          </ns3:TrackPointExtension>
        </extensions>
      </trkpt>
      <trkpt lat="39.90817545913159847259521484375" lon="-105.8709054999053478240966796875">
        <ele>2784</ele>
        <time>2026-08-01T15:14:05.000Z</time>
        <extensions>
          <ns3:TrackPointExtension>
            <ns3:atemp>16.0</ns3:atemp>
          </ns3:TrackPointExtension>
        </extensions>
      </trkpt>
      <trkpt lat="39.90811293013393878936767578125" lon="-105.870880521833896636962890625">
        <ele>2783.800048828125</ele>
        <time>2026-08-01T15:14:06.000Z</time>
        <extensions>
          <ns3:TrackPointExtension>
            <ns3:atemp>16.0</ns3:atemp>
          </ns3:TrackPointExtension>
        </extensions>
      </trkpt>
      <trkpt lat="39.9080177955329418182373046875" lon="-105.87083618156611919403076171875">
        <ele>2782.39990234375</ele>
        <time>2026-08-01T15:14:07.000Z</time>
        <extensions>
          <ns3:TrackPointExtension>
            <ns3:atemp>16.0</ns3:atemp>
          </ns3:TrackPointExtension>
        </extensions>
      </trkpt>
      <trkpt lat="39.9078665859997272491455078125" lon="-105.87077415548264980316162109375">
        <ele>2780.800048828125</ele>
        <time>2026-08-01T15:14:09.000Z</time>
        <extensions>
          <ns3:TrackPointExtension>
            <ns3:atemp>16.0</ns3:atemp>
          </ns3:TrackPointExtension>
        </extensions>
      </trkpt>
      <trkpt lat="39.90778150968253612518310546875" lon="-105.87075269781053066253662109375">
        <ele>2780.39990234375</ele>
        <time>2026-08-01T15:14:10.000Z</time>
        <extensions>
          <ns3:TrackPointExtension>
            <ns3:atemp>16.0</ns3:atemp>
          </ns3:TrackPointExtension>
        </extensions>
      </trkpt>
      <trkpt lat="39.907674975693225860595703125" lon="-105.87075621820986270904541015625">
        <ele>2779.60009765625</ele>
        <time>2026-08-01T15:14:11.000Z</time>
        <extensions>
          <ns3:TrackPointExtension>
            <ns3:atemp>16.0</ns3:atemp>
          </ns3:TrackPointExtension>
        </extensions>
      </trkpt>
      <trkpt lat="39.907593168318271636962890625" lon="-105.87078957818448543548583984375">
        <ele>2778.199951171875</ele>
        <time>2026-08-01T15:14:12.000Z</time>
        <extensions>
          <ns3:TrackPointExtension>
            <ns3:atemp>16.0</ns3:atemp>
          </ns3:TrackPointExtension>
        </extensions>
      </trkpt>
      <trkpt lat="39.90752770565450191497802734375" lon="-105.87084741331636905670166015625">
        <ele>2777.60009765625</ele>
        <time>2026-08-01T15:14:13.000Z</time>
        <extensions>
          <ns3:TrackPointExtension>
            <ns3:atemp>16.0</ns3:atemp>
          </ns3:TrackPointExtension>
        </extensions>
      </trkpt>
      <trkpt lat="39.90748261101543903350830078125" lon="-105.8709061704576015472412109375">
        <ele>2776.60009765625</ele>
        <time>2026-08-01T15:14:14.000Z</time>
        <extensions>
          <ns3:TrackPointExtension>
            <ns3:atemp>16.0</ns3:atemp>
          </ns3:TrackPointExtension>
        </extensions>
      </trkpt>
      <trkpt lat="39.907386302947998046875" lon="-105.87107531726360321044921875">
        <ele>2775.60009765625</ele>
        <time>2026-08-01T15:14:16.000Z</time>
        <extensions>
          <ns3:TrackPointExtension>
            <ns3:atemp>16.0</ns3:atemp>
          </ns3:TrackPointExtension>
        </extensions>
      </trkpt>
      <trkpt lat="39.90726401098072528839111328125" lon="-105.8713289536535739898681640625">
        <ele>2774.60009765625</ele>
        <time>2026-08-01T15:14:19.000Z</time>
        <extensions>
          <ns3:TrackPointExtension>
            <ns3:atemp>16.0</ns3:atemp>
          </ns3:TrackPointExtension>
        </extensions>
      </trkpt>
      <trkpt lat="39.9071782641112804412841796875" lon="-105.8714808337390422821044921875">
        <ele>2774.39990234375</ele>
        <time>2026-08-01T15:14:21.000Z</time>
        <extensions>
          <ns3:TrackPointExtension>
            <ns3:atemp>16.0</ns3:atemp>
          </ns3:TrackPointExtension>
        </extensions>
      </trkpt>
      <trkpt lat="39.907134510576725006103515625" lon="-105.8715440332889556884765625">
        <ele>2774.39990234375</ele>
        <time>2026-08-01T15:14:22.000Z</time>
        <extensions>
          <ns3:TrackPointExtension>
            <ns3:atemp>16.0</ns3:atemp>
          </ns3:TrackPointExtension>
        </extensions>
      </trkpt>
      <trkpt lat="39.90698941983282566070556640625" lon="-105.87170739658176898956298828125">
        <ele>2774.60009765625</ele>
        <time>2026-08-01T15:14:25.000Z</time>
        <extensions>
          <ns3:TrackPointExtension>
            <ns3:atemp>16.0</ns3:atemp>
          </ns3:TrackPointExtension>
        </extensions>
      </trkpt>
      <trkpt lat="39.9066968075931072235107421875" lon="-105.87195784784853458404541015625">
        <ele>2775.60009765625</ele>
        <time>2026-08-01T15:14:30.000Z</time>
        <extensions>
          <ns3:TrackPointExtension>
            <ns3:atemp>16.0</ns3:atemp>
          </ns3:TrackPointExtension>
        </extensions>
      </trkpt>
      <trkpt lat="39.90663654170930385589599609375" lon="-105.872009061276912689208984375">
        <ele>2775.60009765625</ele>
        <time>2026-08-01T15:14:31.000Z</time>
        <extensions>
          <ns3:TrackPointExtension>
            <ns3:atemp>16.0</ns3:atemp>
          </ns3:TrackPointExtension>
        </extensions>
      </trkpt>
      <trkpt lat="39.90647778846323490142822265625" lon="-105.87218734435737133026123046875">
        <ele>2775.800048828125</ele>
        <time>2026-08-01T15:14:34.000Z</time>
        <extensions>
          <ns3:TrackPointExtension>
            <ns3:atemp>16.0</ns3:atemp>
          </ns3:TrackPointExtension>
        </extensions>
      </trkpt>
      <trkpt lat="39.90640235133469104766845703125" lon="-105.8723270706832408905029296875">
        <ele>2775.800048828125</ele>
        <time>2026-08-01T15:14:36.000Z</time>
        <extensions>
          <ns3:TrackPointExtension>
            <ns3:atemp>16.0</ns3:atemp>
          </ns3:TrackPointExtension>
        </extensions>
      </trkpt>
      <trkpt lat="39.90637117065489292144775390625" lon="-105.8724709041416645050048828125">
        <ele>2775.60009765625</ele>
        <time>2026-08-01T15:14:38.000Z</time>
        <extensions>
          <ns3:TrackPointExtension>
            <ns3:atemp>16.0</ns3:atemp>
          </ns3:TrackPointExtension>
        </extensions>
      </trkpt>
      <trkpt lat="39.906372763216495513916015625" lon="-105.8725446648895740509033203125">
        <ele>2775.60009765625</ele>
        <time>2026-08-01T15:14:39.000Z</time>
        <extensions>
          <ns3:TrackPointExtension>
            <ns3:atemp>16.0</ns3:atemp>
          </ns3:TrackPointExtension>
        </extensions>
      </trkpt>
      <trkpt lat="39.9063917063176631927490234375" lon="-105.87260962463915348052978515625">
        <ele>2775.60009765625</ele>
        <time>2026-08-01T15:14:40.000Z</time>
        <extensions>
          <ns3:TrackPointExtension>
            <ns3:atemp>16.0</ns3:atemp>
          </ns3:TrackPointExtension>
        </extensions>
      </trkpt>
      <trkpt lat="39.90647770464420318603515625" lon="-105.87269964627921581268310546875">
        <ele>2775.60009765625</ele>
        <time>2026-08-01T15:14:42.000Z</time>
        <extensions>
          <ns3:TrackPointExtension>
            <ns3:atemp>16.0</ns3:atemp>
          </ns3:TrackPointExtension>
        </extensions>
      </trkpt>
      <trkpt lat="39.9067407287657260894775390625" lon="-105.872804336249828338623046875">
        <ele>2776.60009765625</ele>
        <time>2026-08-01T15:14:47.000Z</time>
        <extensions>
          <ns3:TrackPointExtension>
            <ns3:atemp>16.0</ns3:atemp>
          </ns3:TrackPointExtension>
        </extensions>
      </trkpt>
      <trkpt lat="39.90677945315837860107421875" lon="-105.87283224798738956451416015625">
        <ele>2776.60009765625</ele>
        <time>2026-08-01T15:14:48.000Z</time>
        <extensions>
          <ns3:TrackPointExtension>
            <ns3:atemp>16.0</ns3:atemp>
          </ns3:TrackPointExtension>
        </extensions>
      </trkpt>
      <trkpt lat="39.9068198539316654205322265625" lon="-105.87285823188722133636474609375">
        <ele>2776.800048828125</ele>
        <time>2026-08-01T15:14:49.000Z</time>
        <extensions>
          <ns3:TrackPointExtension>
            <ns3:atemp>16.0</ns3:atemp>
          </ns3:TrackPointExtension>
        </extensions>
      </trkpt>
      <trkpt lat="39.9069415591657161712646484375" lon="-105.872962586581707000732421875">
        <ele>2777.39990234375</ele>
        <time>2026-08-01T15:14:52.000Z</time>
        <extensions>
          <ns3:TrackPointExtension>
            <ns3:atemp>16.0</ns3:atemp>
          </ns3:TrackPointExtension>
        </extensions>
      </trkpt>
      <trkpt lat="39.906981289386749267578125" lon="-105.8730033226311206817626953125">
        <ele>2777.39990234375</ele>
        <time>2026-08-01T15:14:53.000Z</time>
        <extensions>
          <ns3:TrackPointExtension>
            <ns3:atemp>16.0</ns3:atemp>
          </ns3:TrackPointExtension>
        </extensions>
      </trkpt>
      <trkpt lat="39.90704365074634552001953125" lon="-105.87309233844280242919921875">
        <ele>2777.800048828125</ele>
        <time>2026-08-01T15:14:55.000Z</time>
        <extensions>
          <ns3:TrackPointExtension>
            <ns3:atemp>16.0</ns3:atemp>
          </ns3:TrackPointExtension>
        </extensions>
      </trkpt>
      <trkpt lat="39.90711296908557415008544921875" lon="-105.87320473976433277130126953125">
        <ele>2778.60009765625</ele>
        <time>2026-08-01T15:14:57.000Z</time>
        <extensions>
          <ns3:TrackPointExtension>
            <ns3:atemp>16.0</ns3:atemp>
          </ns3:TrackPointExtension>
        </extensions>
      </trkpt>
      <trkpt lat="39.90713342092931270599365234375" lon="-105.8732554502785205841064453125">
        <ele>2778.800048828125</ele>
        <time>2026-08-01T15:14:58.000Z</time>
        <extensions>
          <ns3:TrackPointExtension>
            <ns3:atemp>16.0</ns3:atemp>
          </ns3:TrackPointExtension>
        </extensions>
      </trkpt>
      <trkpt lat="39.90717365406453609466552734375" lon="-105.8733610622584819793701171875">
        <ele>2779.199951171875</ele>
        <time>2026-08-01T15:15:00.000Z</time>
        <extensions>
          <ns3:TrackPointExtension>
            <ns3:atemp>16.0</ns3:atemp>
          </ns3:TrackPointExtension>
        </extensions>
      </trkpt>
      <trkpt lat="39.90727406926453113555908203125" lon="-105.87352593429386615753173828125">
        <ele>2779.39990234375</ele>
        <time>2026-08-01T15:15:03.000Z</time>
        <extensions>
          <ns3:TrackPointExtension>
            <ns3:atemp>16.0</ns3:atemp>
          </ns3:TrackPointExtension>
        </extensions>
      </trkpt>
      <trkpt lat="39.9073688685894012451171875" lon="-105.87377018295228481292724609375">
        <ele>2779</ele>
        <time>2026-08-01T15:15:06.000Z</time>
        <extensions>
          <ns3:TrackPointExtension>
            <ns3:atemp>16.0</ns3:atemp>
          </ns3:TrackPointExtension>
        </extensions>
      </trkpt>
      <trkpt lat="39.907386302947998046875" lon="-105.873869173228740692138671875">
        <ele>2778.60009765625</ele>
        <time>2026-08-01T15:15:07.000Z</time>
        <extensions>
          <ns3:TrackPointExtension>
            <ns3:atemp>16.0</ns3:atemp>
          </ns3:TrackPointExtension>
        </extensions>
      </trkpt>
      <trkpt lat="39.90739108063280582427978515625" lon="-105.8739674091339111328125">
        <ele>2778.199951171875</ele>
        <time>2026-08-01T15:15:08.000Z</time>
        <extensions>
          <ns3:TrackPointExtension>
            <ns3:atemp>16.0</ns3:atemp>
          </ns3:TrackPointExtension>
        </extensions>
      </trkpt>
      <trkpt lat="39.9073680303990840911865234375" lon="-105.87416589260101318359375">
        <ele>2777.60009765625</ele>
        <time>2026-08-01T15:15:10.000Z</time>
        <extensions>
          <ns3:TrackPointExtension>
            <ns3:atemp>16.0</ns3:atemp>
          </ns3:TrackPointExtension>
        </extensions>
      </trkpt>
      <trkpt lat="39.90732603706419467926025390625" lon="-105.87437175214290618896484375">
        <ele>2776</ele>
        <time>2026-08-01T15:15:12.000Z</time>
        <extensions>
          <ns3:TrackPointExtension>
            <ns3:atemp>16.0</ns3:atemp>
          </ns3:TrackPointExtension>
        </extensions>
      </trkpt>
      <trkpt lat="39.9073046632111072540283203125" lon="-105.87448029778897762298583984375">
        <ele>2775.39990234375</ele>
        <time>2026-08-01T15:15:13.000Z</time>
        <extensions>
          <ns3:TrackPointExtension>
            <ns3:atemp>16.0</ns3:atemp>
          </ns3:TrackPointExtension>
        </extensions>
      </trkpt>
      <trkpt lat="39.90727893076837062835693359375" lon="-105.8745883405208587646484375">
        <ele>2774.60009765625</ele>
        <time>2026-08-01T15:15:14.000Z</time>
        <extensions>
          <ns3:TrackPointExtension>
            <ns3:atemp>16.0</ns3:atemp>
          </ns3:TrackPointExtension>
        </extensions>
      </trkpt>
      <trkpt lat="39.907227046787738800048828125" lon="-105.87480903603136539459228515625">
        <ele>2773.800048828125</ele>
        <time>2026-08-01T15:15:16.000Z</time>
        <extensions>
          <ns3:TrackPointExtension>
            <ns3:atemp>16.0</ns3:atemp>
          </ns3:TrackPointExtension>
        </extensions>
      </trkpt>
      <trkpt lat="39.907210953533649444580078125" lon="-105.87492269463837146759033203125">
        <ele>2773</ele>
        <time>2026-08-01T15:15:17.000Z</time>
        <extensions>
          <ns3:TrackPointExtension>
            <ns3:atemp>16.0</ns3:atemp>
          </ns3:TrackPointExtension>
        </extensions>
      </trkpt>
      <trkpt lat="39.9072037450969219207763671875" lon="-105.87503635324537754058837890625">
        <ele>2772.800048828125</ele>
        <time>2026-08-01T15:15:18.000Z</time>
        <extensions>
          <ns3:TrackPointExtension>
            <ns3:atemp>16.0</ns3:atemp>
          </ns3:TrackPointExtension>
        </extensions>
      </trkpt>
      <trkpt lat="39.90722738206386566162109375" lon="-105.87526224553585052490234375">
        <ele>2772.199951171875</ele>
        <time>2026-08-01T15:15:20.000Z</time>
        <extensions>
          <ns3:TrackPointExtension>
            <ns3:atemp>16.0</ns3:atemp>
          </ns3:TrackPointExtension>
        </extensions>
      </trkpt>
      <trkpt lat="39.90725127048790454864501953125" lon="-105.87537498213350772857666015625">
        <ele>2771.199951171875</ele>
        <time>2026-08-01T15:15:21.000Z</time>
        <extensions>
          <ns3:TrackPointExtension>
            <ns3:atemp>16.0</ns3:atemp>
          </ns3:TrackPointExtension>
        </extensions>
      </trkpt>
      <trkpt lat="39.9073003046214580535888671875" lon="-105.8755970187485218048095703125">
        <ele>2770</ele>
        <time>2026-08-01T15:15:23.000Z</time>
        <extensions>
          <ns3:TrackPointExtension>
            <ns3:atemp>16.0</ns3:atemp>
          </ns3:TrackPointExtension>
        </extensions>
      </trkpt>
      <trkpt lat="39.907347075641155242919921875" lon="-105.87581033818423748016357421875">
        <ele>2769</ele>
        <time>2026-08-01T15:15:25.000Z</time>
        <extensions>
          <ns3:TrackPointExtension>
            <ns3:atemp>16.0</ns3:atemp>
          </ns3:TrackPointExtension>
        </extensions>
      </trkpt>
      <trkpt lat="39.907452352344989776611328125" lon="-105.87633755989372730255126953125">
        <ele>2768</ele>
        <time>2026-08-01T15:15:30.000Z</time>
        <extensions>
          <ns3:TrackPointExtension>
            <ns3:atemp>16.0</ns3:atemp>
          </ns3:TrackPointExtension>
        </extensions>
      </trkpt>
      <trkpt lat="39.90749065764248371124267578125" lon="-105.8765331096947193145751953125">
        <ele>2767.800048828125</ele>
        <time>2026-08-01T15:15:32.000Z</time>
        <extensions>
          <ns3:TrackPointExtension>
            <ns3:atemp>16.0</ns3:atemp>
          </ns3:TrackPointExtension>
        </extensions>
      </trkpt>
      <trkpt lat="39.90753508172929286956787109375" lon="-105.8768144063651561737060546875">
        <ele>2766.800048828125</ele>
        <time>2026-08-01T15:15:35.000Z</time>
        <extensions>
          <ns3:TrackPointExtension>
            <ns3:atemp>16.0</ns3:atemp>
          </ns3:TrackPointExtension>
        </extensions>
      </trkpt>
      <trkpt lat="39.907556287944316864013671875" lon="-105.87691507302224636077880859375">
        <ele>2766.199951171875</ele>
        <time>2026-08-01T15:15:36.000Z</time>
        <extensions>
          <ns3:TrackPointExtension>
            <ns3:atemp>16.0</ns3:atemp>
          </ns3:TrackPointExtension>
        </extensions>
      </trkpt>
      <trkpt lat="39.90759979002177715301513671875" lon="-105.87712596170604228973388671875">
        <ele>2765</ele>
        <time>2026-08-01T15:15:38.000Z</time>
        <extensions>
          <ns3:TrackPointExtension>
            <ns3:atemp>16.0</ns3:atemp>
          </ns3:TrackPointExtension>
        </extensions>
      </trkpt>
      <trkpt lat="39.90765251219272613525390625" lon="-105.877349674701690673828125">
        <ele>2764</ele>
        <time>2026-08-01T15:15:40.000Z</time>
        <extensions>
          <ns3:TrackPointExtension>
            <ns3:atemp>16.0</ns3:atemp>
          </ns3:TrackPointExtension>
        </extensions>
      </trkpt>
      <trkpt lat="39.9077334813773632049560546875" lon="-105.87767497636377811431884765625">
        <ele>2762.60009765625</ele>
        <time>2026-08-01T15:15:43.000Z</time>
        <extensions>
          <ns3:TrackPointExtension>
            <ns3:atemp>16.0</ns3:atemp>
          </ns3:TrackPointExtension>
        </extensions>
      </trkpt>
      <trkpt lat="39.907795004546642303466796875" lon="-105.87788050062954425811767578125">
        <ele>2761.60009765625</ele>
        <time>2026-08-01T15:15:45.000Z</time>
        <extensions>
          <ns3:TrackPointExtension>
            <ns3:atemp>16.0</ns3:atemp>
          </ns3:TrackPointExtension>
        </extensions>
      </trkpt>
      <trkpt lat="39.9078354053199291229248046875" lon="-105.87817705236375331878662109375">
        <ele>2760.800048828125</ele>
        <time>2026-08-01T15:15:48.000Z</time>
        <extensions>
          <ns3:TrackPointExtension>
            <ns3:atemp>16.0</ns3:atemp>
          </ns3:TrackPointExtension>
        </extensions>
      </trkpt>
      <trkpt lat="39.90783180110156536102294921875" lon="-105.87827076204121112823486328125">
        <ele>2760.800048828125</ele>
        <time>2026-08-01T15:15:49.000Z</time>
        <extensions>
          <ns3:TrackPointExtension>
            <ns3:atemp>16.0</ns3:atemp>
          </ns3:TrackPointExtension>
        </extensions>
      </trkpt>
      <trkpt lat="39.907819814980030059814453125" lon="-105.87836380116641521453857421875">
        <ele>2760.60009765625</ele>
        <time>2026-08-01T15:15:50.000Z</time>
        <extensions>
          <ns3:TrackPointExtension>
            <ns3:atemp>16.0</ns3:atemp>
          </ns3:TrackPointExtension>
        </extensions>
      </trkpt>
      <trkpt lat="39.9077958427369594573974609375" lon="-105.878451056778430938720703125">
        <ele>2760.60009765625</ele>
        <time>2026-08-01T15:15:51.000Z</time>
        <extensions>
          <ns3:TrackPointExtension>
            <ns3:atemp>16.0</ns3:atemp>
          </ns3:TrackPointExtension>
        </extensions>
      </trkpt>
      <trkpt lat="39.9077629856765270233154296875" lon="-105.87853345088660717010498046875">
        <ele>2760.39990234375</ele>
        <time>2026-08-01T15:15:52.000Z</time>
        <extensions>
          <ns3:TrackPointExtension>
            <ns3:atemp>16.0</ns3:atemp>
          </ns3:TrackPointExtension>
        </extensions>
      </trkpt>
      <trkpt lat="39.90767925046384334564208984375" lon="-105.87867803871631622314453125">
        <ele>2760.199951171875</ele>
        <time>2026-08-01T15:15:54.000Z</time>
        <extensions>
          <ns3:TrackPointExtension>
            <ns3:atemp>16.0</ns3:atemp>
          </ns3:TrackPointExtension>
        </extensions>
      </trkpt>
      <trkpt lat="39.90758453495800495147705078125" lon="-105.87879630737006664276123046875">
        <ele>2759.800048828125</ele>
        <time>2026-08-01T15:15:56.000Z</time>
        <extensions>
          <ns3:TrackPointExtension>
            <ns3:atemp>16.0</ns3:atemp>
          </ns3:TrackPointExtension>
        </extensions>
      </trkpt>
      <trkpt lat="39.9074786715209484100341796875" lon="-105.8789128996431827545166015625">
        <ele>2759.60009765625</ele>
        <time>2026-08-01T15:15:58.000Z</time>
        <extensions>
          <ns3:TrackPointExtension>
            <ns3:atemp>16.0</ns3:atemp>
          </ns3:TrackPointExtension>
        </extensions>
      </trkpt>
      <trkpt lat="39.90732553415000438690185546875" lon="-105.87910006754100322723388671875">
        <ele>2759</ele>
        <time>2026-08-01T15:16:01.000Z</time>
        <extensions>
          <ns3:TrackPointExtension>
            <ns3:atemp>16.0</ns3:atemp>
          </ns3:TrackPointExtension>
        </extensions>
      </trkpt>
      <trkpt lat="39.90724842064082622528076171875" lon="-105.87923233397305011749267578125">
        <ele>2758.800048828125</ele>
        <time>2026-08-01T15:16:03.000Z</time>
        <extensions>
          <ns3:TrackPointExtension>
            <ns3:atemp>16.0</ns3:atemp>
          </ns3:TrackPointExtension>
        </extensions>
      </trkpt>
      <trkpt lat="39.90722226910293102264404296875" lon="-105.87930726818740367889404296875">
        <ele>2758.39990234375</ele>
        <time>2026-08-01T15:16:04.000Z</time>
        <extensions>
          <ns3:TrackPointExtension>
            <ns3:atemp>16.0</ns3:atemp>
          </ns3:TrackPointExtension>
        </extensions>
      </trkpt>
      <trkpt lat="39.90721187554299831390380859375" lon="-105.8793894946575164794921875">
        <ele>2758.199951171875</ele>
        <time>2026-08-01T15:16:05.000Z</time>
        <extensions>
          <ns3:TrackPointExtension>
            <ns3:atemp>16.0</ns3:atemp>
          </ns3:TrackPointExtension>
        </extensions>
      </trkpt>
      <trkpt lat="39.9072121270000934600830078125" lon="-105.87948161177337169647216796875">
        <ele>2758</ele>
        <time>2026-08-01T15:16:06.000Z</time>
        <extensions>
          <ns3:TrackPointExtension>
            <ns3:atemp>16.0</ns3:atemp>
          </ns3:TrackPointExtension>
        </extensions>
      </trkpt>
      <trkpt lat="39.90721908397972583770751953125" lon="-105.87957599200308322906494140625">
        <ele>2757.800048828125</ele>
        <time>2026-08-01T15:16:07.000Z</time>
        <extensions>
          <ns3:TrackPointExtension>
            <ns3:atemp>16.0</ns3:atemp>
          </ns3:TrackPointExtension>
        </extensions>
      </trkpt>
      <trkpt lat="39.90723316557705402374267578125" lon="-105.879670791327953338623046875">
        <ele>2757.199951171875</ele>
        <time>2026-08-01T15:16:08.000Z</time>
        <extensions>
          <ns3:TrackPointExtension>
            <ns3:atemp>16.0</ns3:atemp>
          </ns3:TrackPointExtension>
        </extensions>
      </trkpt>
      <trkpt lat="39.9072654359042644500732421875" lon="-105.87985309772193431854248046875">
        <ele>2756.800048828125</ele>
        <time>2026-08-01T15:16:10.000Z</time>
        <extensions>
          <ns3:TrackPointExtension>
            <ns3:atemp>16.0</ns3:atemp>
          </ns3:TrackPointExtension>
        </extensions>
      </trkpt>
      <trkpt lat="39.9072937667369842529296875" lon="-105.880021154880523681640625">
        <ele>2756.199951171875</ele>
        <time>2026-08-01T15:16:12.000Z</time>
        <extensions>
          <ns3:TrackPointExtension>
            <ns3:atemp>16.0</ns3:atemp>
          </ns3:TrackPointExtension>
        </extensions>
      </trkpt>
      <trkpt lat="39.90734280087053775787353515625" lon="-105.8802640624344348907470703125">
        <ele>2755.60009765625</ele>
        <time>2026-08-01T15:16:16.000Z</time>
        <extensions>
          <ns3:TrackPointExtension>
            <ns3:atemp>16.0</ns3:atemp>
          </ns3:TrackPointExtension>
        </extensions>
      </trkpt>
      <trkpt lat="39.90734900347888469696044921875" lon="-105.88029013015329837799072265625">
        <ele>2755.60009765625</ele>
        <time>2026-08-01T15:16:17.000Z</time>
        <extensions>
          <ns3:TrackPointExtension>
            <ns3:atemp>16.0</ns3:atemp>
          </ns3:TrackPointExtension>
        </extensions>
      </trkpt>
      <trkpt lat="39.907394349575042724609375" lon="-105.8804082311689853668212890625">
        <ele>2755.39990234375</ele>
        <time>2026-08-01T15:16:21.000Z</time>
        <extensions>
          <ns3:TrackPointExtension>
            <ns3:atemp>16.0</ns3:atemp>
          </ns3:TrackPointExtension>
        </extensions>
      </trkpt>
      <trkpt lat="39.90756056271493434906005859375" lon="-105.88067016564309597015380859375">
        <ele>2755.60009765625</ele>
        <time>2026-08-01T15:16:29.000Z</time>
        <extensions>
          <ns3:TrackPointExtension>
            <ns3:atemp>16.0</ns3:atemp>
          </ns3:TrackPointExtension>
        </extensions>
      </trkpt>
      <trkpt lat="39.9077180586755275726318359375" lon="-105.88084819726645946502685546875">
        <ele>2756.800048828125</ele>
        <time>2026-08-01T15:16:34.000Z</time>
        <extensions>
          <ns3:TrackPointExtension>
            <ns3:atemp>16.0</ns3:atemp>
          </ns3:TrackPointExtension>
        </extensions>
      </trkpt>
      <trkpt lat="39.90774999372661113739013671875" lon="-105.8808806352317333221435546875">
        <ele>2757</ele>
        <time>2026-08-01T15:16:35.000Z</time>
        <extensions>
          <ns3:TrackPointExtension>
            <ns3:atemp>16.0</ns3:atemp>
          </ns3:TrackPointExtension>
        </extensions>
      </trkpt>
      <trkpt lat="39.90781478583812713623046875" lon="-105.88093436323106288909912109375">
        <ele>2757.39990234375</ele>
        <time>2026-08-01T15:16:37.000Z</time>
        <extensions>
          <ns3:TrackPointExtension>
            <ns3:atemp>16.0</ns3:atemp>
          </ns3:TrackPointExtension>
        </extensions>
      </trkpt>
      <trkpt lat="39.90795585326850414276123046875" lon="-105.8810325153172016143798828125">
        <ele>2758.800048828125</ele>
        <time>2026-08-01T15:16:41.000Z</time>
        <extensions>
          <ns3:TrackPointExtension>
            <ns3:atemp>16.0</ns3:atemp>
          </ns3:TrackPointExtension>
        </extensions>
      </trkpt>
      <trkpt lat="39.90810220129787921905517578125" lon="-105.8811434917151927947998046875">
        <ele>2759.199951171875</ele>
        <time>2026-08-01T15:16:45.000Z</time>
        <extensions>
          <ns3:TrackPointExtension>
            <ns3:atemp>16.0</ns3:atemp>
          </ns3:TrackPointExtension>
        </extensions>
      </trkpt>
      <trkpt lat="39.90819121710956096649169921875" lon="-105.88116033934056758880615234375">
        <ele>2759.60009765625</ele>
        <time>2026-08-01T15:16:47.000Z</time>
        <extensions>
          <ns3:TrackPointExtension>
            <ns3:atemp>16.0</ns3:atemp>
          </ns3:TrackPointExtension>
        </extensions>
      </trkpt>
      <trkpt lat="39.90828643552958965301513671875" lon="-105.881125219166278839111328125">
        <ele>2759.800048828125</ele>
        <time>2026-08-01T15:16:49.000Z</time>
        <extensions>
          <ns3:TrackPointExtension>
            <ns3:atemp>16.0</ns3:atemp>
          </ns3:TrackPointExtension>
        </extensions>
      </trkpt>
      <trkpt lat="39.90838534198701381683349609375" lon="-105.8810583315789699554443359375">
        <ele>2759.800048828125</ele>
        <time>2026-08-01T15:16:51.000Z</time>
        <extensions>
          <ns3:TrackPointExtension>
            <ns3:atemp>16.0</ns3:atemp>
          </ns3:TrackPointExtension>
        </extensions>
      </trkpt>
      <trkpt lat="39.9084363877773284912109375" lon="-105.881014578044414520263671875">
        <ele>2759.800048828125</ele>
        <time>2026-08-01T15:16:52.000Z</time>
        <extensions>
          <ns3:TrackPointExtension>
            <ns3:atemp>16.0</ns3:atemp>
          </ns3:TrackPointExtension>
        </extensions>
      </trkpt>
      <trkpt lat="39.90857393480837345123291015625" lon="-105.8808457665145397186279296875">
        <ele>2759.60009765625</ele>
        <time>2026-08-01T15:16:55.000Z</time>
        <extensions>
          <ns3:TrackPointExtension>
            <ns3:atemp>16.0</ns3:atemp>
          </ns3:TrackPointExtension>
        </extensions>
      </trkpt>
      <trkpt lat="39.90879287011921405792236328125" lon="-105.88050152175128459930419921875">
        <ele>2759</ele>
        <time>2026-08-01T15:17:00.000Z</time>
        <extensions>
          <ns3:TrackPointExtension>
            <ns3:atemp>17.0</ns3:atemp>
          </ns3:TrackPointExtension>
        </extensions>
      </trkpt>
      <trkpt lat="39.90891273133456707000732421875" lon="-105.8802771382033824920654296875">
        <ele>2758.800048828125</ele>
        <time>2026-08-01T15:17:03.000Z</time>
        <extensions>
          <ns3:TrackPointExtension>
            <ns3:atemp>17.0</ns3:atemp>
          </ns3:TrackPointExtension>
        </extensions>
      </trkpt>
      <trkpt lat="39.9090839736163616180419921875" lon="-105.8799603022634983062744140625">
        <ele>2758</ele>
        <time>2026-08-01T15:17:07.000Z</time>
        <extensions>
          <ns3:TrackPointExtension>
            <ns3:atemp>17.0</ns3:atemp>
          </ns3:TrackPointExtension>
        </extensions>
      </trkpt>
      <trkpt lat="39.90925756283104419708251953125" lon="-105.87962628342211246490478515625">
        <ele>2757</ele>
        <time>2026-08-01T15:17:11.000Z</time>
        <extensions>
          <ns3:TrackPointExtension>
            <ns3:atemp>17.0</ns3:atemp>
          </ns3:TrackPointExtension>
        </extensions>
      </trkpt>
      <trkpt lat="39.9093629233539104461669921875" lon="-105.879462920129299163818359375">
        <ele>2756.39990234375</ele>
        <time>2026-08-01T15:17:13.000Z</time>
        <extensions>
          <ns3:TrackPointExtension>
            <ns3:atemp>17.0</ns3:atemp>
          </ns3:TrackPointExtension>
        </extensions>
      </trkpt>
      <trkpt lat="39.909476749598979949951171875" lon="-105.87930676527321338653564453125">
        <ele>2756.199951171875</ele>
        <time>2026-08-01T15:17:15.000Z</time>
        <extensions>
          <ns3:TrackPointExtension>
            <ns3:atemp>17.0</ns3:atemp>
          </ns3:TrackPointExtension>
        </extensions>
      </trkpt>
      <trkpt lat="39.90954087115824222564697265625" lon="-105.879236944019794464111328125">
        <ele>2755.60009765625</ele>
        <time>2026-08-01T15:17:16.000Z</time>
        <extensions>
          <ns3:TrackPointExtension>
            <ns3:atemp>17.0</ns3:atemp>
          </ns3:TrackPointExtension>
        </extensions>
      </trkpt>
      <trkpt lat="39.90967749617993831634521484375" lon="-105.879119597375392913818359375">
        <ele>2754.60009765625</ele>
        <time>2026-08-01T15:17:18.000Z</time>
        <extensions>
          <ns3:TrackPointExtension>
            <ns3:atemp>17.0</ns3:atemp>
          </ns3:TrackPointExtension>
        </extensions>
      </trkpt>
      <trkpt lat="39.910020567476749420166015625" lon="-105.87886202149093151092529296875">
        <ele>2753.60009765625</ele>
        <time>2026-08-01T15:17:23.000Z</time>
        <extensions>
          <ns3:TrackPointExtension>
            <ns3:atemp>17.0</ns3:atemp>
          </ns3:TrackPointExtension>
        </extensions>
      </trkpt>
      <trkpt lat="39.9100911431014537811279296875" lon="-105.87881776504218578338623046875">
        <ele>2753.199951171875</ele>
        <time>2026-08-01T15:17:24.000Z</time>
        <extensions>
          <ns3:TrackPointExtension>
            <ns3:atemp>17.0</ns3:atemp>
          </ns3:TrackPointExtension>
        </extensions>
      </trkpt>
      <trkpt lat="39.910232461988925933837890625" lon="-105.87873176671564579010009765625">
        <ele>2752.39990234375</ele>
        <time>2026-08-01T15:17:26.000Z</time>
        <extensions>
          <ns3:TrackPointExtension>
            <ns3:atemp>17.0</ns3:atemp>
          </ns3:TrackPointExtension>
        </extensions>
      </trkpt>
      <trkpt lat="39.91051451303064823150634765625" lon="-105.87854501791298389434814453125">
        <ele>2751.60009765625</ele>
        <time>2026-08-01T15:17:30.000Z</time>
        <extensions>
          <ns3:TrackPointExtension>
            <ns3:atemp>17.0</ns3:atemp>
          </ns3:TrackPointExtension>
        </extensions>
      </trkpt>
      <trkpt lat="39.910656251013278961181640625" lon="-105.878447704017162322998046875">
        <ele>2751.199951171875</ele>
        <time>2026-08-01T15:17:32.000Z</time>
        <extensions>
          <ns3:TrackPointExtension>
            <ns3:atemp>17.0</ns3:atemp>
          </ns3:TrackPointExtension>
        </extensions>
      </trkpt>
      <trkpt lat="39.91103352047502994537353515625" lon="-105.87821342982351779937744140625">
        <ele>2750.199951171875</ele>
        <time>2026-08-01T15:17:37.000Z</time>
        <extensions>
          <ns3:TrackPointExtension>
            <ns3:atemp>17.0</ns3:atemp>
          </ns3:TrackPointExtension>
        </extensions>
      </trkpt>
      <trkpt lat="39.91110987961292266845703125" lon="-105.87816515006124973297119140625">
        <ele>2750</ele>
        <time>2026-08-01T15:17:38.000Z</time>
        <extensions>
          <ns3:TrackPointExtension>
            <ns3:atemp>17.0</ns3:atemp>
          </ns3:TrackPointExtension>
        </extensions>
      </trkpt>
      <trkpt lat="39.91142210550606250762939453125" lon="-105.87796482257544994354248046875">
        <ele>2749</ele>
        <time>2026-08-01T15:17:42.000Z</time>
        <extensions>
          <ns3:TrackPointExtension>
            <ns3:atemp>17.0</ns3:atemp>
          </ns3:TrackPointExtension>
        </extensions>
      </trkpt>
      <trkpt lat="39.91182980127632617950439453125" lon="-105.877704732120037078857421875">
        <ele>2747.800048828125</ele>
        <time>2026-08-01T15:17:47.000Z</time>
        <extensions>
          <ns3:TrackPointExtension>
            <ns3:atemp>17.0</ns3:atemp>
          </ns3:TrackPointExtension>
        </extensions>
      </trkpt>
      <trkpt lat="39.9121638201177120208740234375" lon="-105.8774913288652896881103515625">
        <ele>2747.199951171875</ele>
        <time>2026-08-01T15:17:51.000Z</time>
        <extensions>
          <ns3:TrackPointExtension>
            <ns3:atemp>17.0</ns3:atemp>
          </ns3:TrackPointExtension>
        </extensions>
      </trkpt>
      <trkpt lat="39.91224713623523712158203125" lon="-105.877436511218547821044921875">
        <ele>2747</ele>
        <time>2026-08-01T15:17:52.000Z</time>
        <extensions>
          <ns3:TrackPointExtension>
            <ns3:atemp>17.0</ns3:atemp>
          </ns3:TrackPointExtension>
        </extensions>
      </trkpt>
      <trkpt lat="39.91239440627396106719970703125" lon="-105.8773344196379184722900390625">
        <ele>2746.60009765625</ele>
        <time>2026-08-01T15:17:54.000Z</time>
        <extensions>
          <ns3:TrackPointExtension>
            <ns3:atemp>17.0</ns3:atemp>
          </ns3:TrackPointExtension>
        </extensions>
      </trkpt>
      <trkpt lat="39.91247386671602725982666015625" lon="-105.877278931438922882080078125">
        <ele>2746.39990234375</ele>
        <time>2026-08-01T15:17:55.000Z</time>
        <extensions>
          <ns3:TrackPointExtension>
            <ns3:atemp>17.0</ns3:atemp>
          </ns3:TrackPointExtension>
        </extensions>
      </trkpt>
      <trkpt lat="39.9126462824642658233642578125" lon="-105.877158232033252716064453125">
        <ele>2746</ele>
        <time>2026-08-01T15:17:57.000Z</time>
        <extensions>
          <ns3:TrackPointExtension>
            <ns3:atemp>17.0</ns3:atemp>
          </ns3:TrackPointExtension>
        </extensions>
      </trkpt>
      <trkpt lat="39.91303972899913787841796875" lon="-105.87687400169670581817626953125">
        <ele>2744.800048828125</ele>
        <time>2026-08-01T15:18:02.000Z</time>
        <extensions>
          <ns3:TrackPointExtension>
            <ns3:atemp>17.0</ns3:atemp>
          </ns3:TrackPointExtension>
        </extensions>
      </trkpt>
      <trkpt lat="39.9131964705884456634521484375" lon="-105.8767600916326045989990234375">
        <ele>2744.39990234375</ele>
        <time>2026-08-01T15:18:04.000Z</time>
        <extensions>
          <ns3:TrackPointExtension>
            <ns3:atemp>17.0</ns3:atemp>
          </ns3:TrackPointExtension>
        </extensions>
      </trkpt>
      <trkpt lat="39.9134306609630584716796875" lon="-105.8765924535691738128662109375">
        <ele>2743.39990234375</ele>
        <time>2026-08-01T15:18:07.000Z</time>
        <extensions>
          <ns3:TrackPointExtension>
            <ns3:atemp>18.0</ns3:atemp>
          </ns3:TrackPointExtension>
        </extensions>
      </trkpt>
      <trkpt lat="39.91396634839475154876708984375" lon="-105.87621099315583705902099609375">
        <ele>2742.39990234375</ele>
        <time>2026-08-01T15:18:14.000Z</time>
        <extensions>
          <ns3:TrackPointExtension>
            <ns3:atemp>18.0</ns3:atemp>
          </ns3:TrackPointExtension>
        </extensions>
      </trkpt>
      <trkpt lat="39.914428777992725372314453125" lon="-105.87588057853281497955322265625">
        <ele>2741.39990234375</ele>
        <time>2026-08-01T15:18:20.000Z</time>
        <extensions>
          <ns3:TrackPointExtension>
            <ns3:atemp>18.0</ns3:atemp>
          </ns3:TrackPointExtension>
        </extensions>
      </trkpt>
      <trkpt lat="39.914506562054157257080078125" lon="-105.875825174152851104736328125">
        <ele>2741.199951171875</ele>
        <time>2026-08-01T15:18:21.000Z</time>
        <extensions>
          <ns3:TrackPointExtension>
            <ns3:atemp>18.0</ns3:atemp>
          </ns3:TrackPointExtension>
        </extensions>
      </trkpt>
      <trkpt lat="39.91458493284881114959716796875" lon="-105.8757663331925868988037109375">
        <ele>2741.199951171875</ele>
        <time>2026-08-01T15:18:22.000Z</time>
        <extensions>
          <ns3:TrackPointExtension>
            <ns3:atemp>18.0</ns3:atemp>
          </ns3:TrackPointExtension>
        </extensions>
      </trkpt>
      <trkpt lat="39.91466254927217960357666015625" lon="-105.8757073245942592620849609375">
        <ele>2741.199951171875</ele>
        <time>2026-08-01T15:18:23.000Z</time>
        <extensions>
          <ns3:TrackPointExtension>
            <ns3:atemp>18.0</ns3:atemp>
          </ns3:TrackPointExtension>
        </extensions>
      </trkpt>
      <trkpt lat="39.91515062749385833740234375" lon="-105.87535486556589603424072265625">
        <ele>2740.800048828125</ele>
        <time>2026-08-01T15:18:29.000Z</time>
        <extensions>
          <ns3:TrackPointExtension>
            <ns3:atemp>18.0</ns3:atemp>
          </ns3:TrackPointExtension>
        </extensions>
      </trkpt>
      <trkpt lat="39.91540116257965564727783203125" lon="-105.87517180480062961578369140625">
        <ele>2740</ele>
        <time>2026-08-01T15:18:32.000Z</time>
        <extensions>
          <ns3:TrackPointExtension>
            <ns3:atemp>18.0</ns3:atemp>
          </ns3:TrackPointExtension>
        </extensions>
      </trkpt>
      <trkpt lat="39.91556771099567413330078125" lon="-105.875052027404308319091796875">
        <ele>2739</ele>
        <time>2026-08-01T15:18:34.000Z</time>
        <extensions>
          <ns3:TrackPointExtension>
            <ns3:atemp>18.0</ns3:atemp>
          </ns3:TrackPointExtension>
        </extensions>
      </trkpt>
      <trkpt lat="39.91595168597996234893798828125" lon="-105.8747759275138378143310546875">
        <ele>2737.800048828125</ele>
        <time>2026-08-01T15:18:39.000Z</time>
        <extensions>
          <ns3:TrackPointExtension>
            <ns3:atemp>18.0</ns3:atemp>
          </ns3:TrackPointExtension>
        </extensions>
      </trkpt>
      <trkpt lat="39.9162498302757740020751953125" lon="-105.87455322034657001495361328125">
        <ele>2737</ele>
        <time>2026-08-01T15:18:43.000Z</time>
        <extensions>
          <ns3:TrackPointExtension>
            <ns3:atemp>18.0</ns3:atemp>
          </ns3:TrackPointExtension>
        </extensions>
      </trkpt>
      <trkpt lat="39.91647471673786640167236328125" lon="-105.87438608519732952117919921875">
        <ele>2736.800048828125</ele>
        <time>2026-08-01T15:18:46.000Z</time>
        <extensions>
          <ns3:TrackPointExtension>
            <ns3:atemp>18.0</ns3:atemp>
          </ns3:TrackPointExtension>
        </extensions>
      </trkpt>
      <trkpt lat="39.9166065640747547149658203125" lon="-105.874288938939571380615234375">
        <ele>2736.60009765625</ele>
        <time>2026-08-01T15:18:48.000Z</time>
        <extensions>
          <ns3:TrackPointExtension>
            <ns3:atemp>18.0</ns3:atemp>
          </ns3:TrackPointExtension>
        </extensions>
      </trkpt>
      <trkpt lat="39.91705759428441524505615234375" lon="-105.87392575107514858245849609375">
        <ele>2736.60009765625</ele>
        <time>2026-08-01T15:18:55.000Z</time>
        <extensions>
          <ns3:TrackPointExtension>
            <ns3:atemp>18.0</ns3:atemp>
          </ns3:TrackPointExtension>
        </extensions>
      </trkpt>
      <trkpt lat="39.9175470136106014251708984375" lon="-105.87356616742908954620361328125">
        <ele>2736</ele>
        <time>2026-08-01T15:19:02.000Z</time>
        <extensions>
          <ns3:TrackPointExtension>
            <ns3:atemp>18.0</ns3:atemp>
          </ns3:TrackPointExtension>
        </extensions>
      </trkpt>
      <trkpt lat="39.9176170863211154937744140625" lon="-105.87350866757333278656005859375">
        <ele>2736</ele>
        <time>2026-08-01T15:19:03.000Z</time>
        <extensions>
          <ns3:TrackPointExtension>
            <ns3:atemp>18.0</ns3:atemp>
          </ns3:TrackPointExtension>
        </extensions>
      </trkpt>
      <trkpt lat="39.9181176535785198211669921875" lon="-105.873144976794719696044921875">
        <ele>2734.800048828125</ele>
        <time>2026-08-01T15:19:10.000Z</time>
        <extensions>
          <ns3:TrackPointExtension>
            <ns3:atemp>19.0</ns3:atemp>
          </ns3:TrackPointExtension>
        </extensions>
      </trkpt>
      <trkpt lat="39.91826090030372142791748046875" lon="-105.87304062210023403167724609375">
        <ele>2734.60009765625</ele>
        <time>2026-08-01T15:19:12.000Z</time>
        <extensions>
          <ns3:TrackPointExtension>
            <ns3:atemp>19.0</ns3:atemp>
          </ns3:TrackPointExtension>
        </extensions>
      </trkpt>
      <trkpt lat="39.91876356303691864013671875" lon="-105.872668214142322540283203125">
        <ele>2734.39990234375</ele>
        <time>2026-08-01T15:19:19.000Z</time>
        <extensions>
          <ns3:TrackPointExtension>
            <ns3:atemp>19.0</ns3:atemp>
          </ns3:TrackPointExtension>
        </extensions>
      </trkpt>
      <trkpt lat="39.9189078994095325469970703125" lon="-105.87256553582847118377685546875">
        <ele>2734.199951171875</ele>
        <time>2026-08-01T15:19:21.000Z</time>
        <extensions>
          <ns3:TrackPointExtension>
            <ns3:atemp>19.0</ns3:atemp>
          </ns3:TrackPointExtension>
        </extensions>
      </trkpt>
      <trkpt lat="39.919388853013515472412109375" lon="-105.87219773791730403900146484375">
        <ele>2733.800048828125</ele>
        <time>2026-08-01T15:19:28.000Z</time>
        <extensions>
          <ns3:TrackPointExtension>
            <ns3:atemp>19.0</ns3:atemp>
          </ns3:TrackPointExtension>
        </extensions>
      </trkpt>
      <trkpt lat="39.91945968009531497955322265625" lon="-105.87215088307857513427734375">
        <ele>2733.60009765625</ele>
        <time>2026-08-01T15:19:29.000Z</time>
        <extensions>
          <ns3:TrackPointExtension>
            <ns3:atemp>19.0</ns3:atemp>
          </ns3:TrackPointExtension>
        </extensions>
      </trkpt>
      <trkpt lat="39.919871985912322998046875" lon="-105.87183773517608642578125">
        <ele>2733.60009765625</ele>
        <time>2026-08-01T15:19:35.000Z</time>
        <extensions>
          <ns3:TrackPointExtension>
            <ns3:atemp>19.0</ns3:atemp>
          </ns3:TrackPointExtension>
        </extensions>
      </trkpt>
      <trkpt lat="39.9200099520385265350341796875" lon="-105.87173514068126678466796875">
        <ele>2733.800048828125</ele>
        <time>2026-08-01T15:19:37.000Z</time>
        <extensions>
          <ns3:TrackPointExtension>
            <ns3:atemp>19.0</ns3:atemp>
          </ns3:TrackPointExtension>
        </extensions>
      </trkpt>
      <trkpt lat="39.9204857088625431060791015625" lon="-105.87138787843286991119384765625">
        <ele>2733.60009765625</ele>
        <time>2026-08-01T15:19:44.000Z</time>
        <extensions>
          <ns3:TrackPointExtension>
            <ns3:atemp>19.0</ns3:atemp>
          </ns3:TrackPointExtension>
        </extensions>
      </trkpt>
      <trkpt lat="39.92082274518907070159912109375" lon="-105.8711385168135166168212890625">
        <ele>2733.39990234375</ele>
        <time>2026-08-01T15:19:49.000Z</time>
        <extensions>
          <ns3:TrackPointExtension>
            <ns3:atemp>19.0</ns3:atemp>
          </ns3:TrackPointExtension>
        </extensions>
      </trkpt>
      <trkpt lat="39.921332113444805145263671875" lon="-105.87076929397881031036376953125">
        <ele>2732.800048828125</ele>
        <time>2026-08-01T15:19:57.000Z</time>
        <extensions>
          <ns3:TrackPointExtension>
            <ns3:atemp>19.0</ns3:atemp>
          </ns3:TrackPointExtension>
        </extensions>
      </trkpt>
      <trkpt lat="39.92139346897602081298828125" lon="-105.87072386406362056732177734375">
        <ele>2732.800048828125</ele>
        <time>2026-08-01T15:19:58.000Z</time>
        <extensions>
          <ns3:TrackPointExtension>
            <ns3:atemp>19.0</ns3:atemp>
          </ns3:TrackPointExtension>
        </extensions>
      </trkpt>
      <trkpt lat="39.92145373485982418060302734375" lon="-105.870676003396511077880859375">
        <ele>2732.800048828125</ele>
        <time>2026-08-01T15:19:59.000Z</time>
        <extensions>
          <ns3:TrackPointExtension>
            <ns3:atemp>19.0</ns3:atemp>
          </ns3:TrackPointExtension>
        </extensions>
      </trkpt>
      <trkpt lat="39.92175263352692127227783203125" lon="-105.87044994346797466278076171875">
        <ele>2732.60009765625</ele>
        <time>2026-08-01T15:20:04.000Z</time>
        <extensions>
          <ns3:TrackPointExtension>
            <ns3:atemp>19.0</ns3:atemp>
          </ns3:TrackPointExtension>
        </extensions>
      </trkpt>
      <trkpt lat="39.9219163320958614349365234375" lon="-105.87030761875212192535400390625">
        <ele>2732.60009765625</ele>
        <time>2026-08-01T15:20:07.000Z</time>
        <extensions>
          <ns3:TrackPointExtension>
            <ns3:atemp>19.0</ns3:atemp>
          </ns3:TrackPointExtension>
        </extensions>
      </trkpt>
      <trkpt lat="39.9220172502100467681884765625" lon="-105.87023285217583179473876953125">
        <ele>2732.60009765625</ele>
        <time>2026-08-01T15:20:09.000Z</time>
        <extensions>
          <ns3:TrackPointExtension>
            <ns3:atemp>19.0</ns3:atemp>
          </ns3:TrackPointExtension>
        </extensions>
      </trkpt>
      <trkpt lat="39.92234221659600734710693359375" lon="-105.8699352107942104339599609375">
        <ele>2733.199951171875</ele>
        <time>2026-08-01T15:20:16.000Z</time>
        <extensions>
          <ns3:TrackPointExtension>
            <ns3:atemp>19.0</ns3:atemp>
          </ns3:TrackPointExtension>
        </extensions>
      </trkpt>
      <trkpt lat="39.922679252922534942626953125" lon="-105.86956682614982128143310546875">
        <ele>2733.800048828125</ele>
        <time>2026-08-01T15:20:23.000Z</time>
        <extensions>
          <ns3:TrackPointExtension>
            <ns3:atemp>19.0</ns3:atemp>
          </ns3:TrackPointExtension>
        </extensions>
      </trkpt>
      <trkpt lat="39.92282132618129253387451171875" lon="-105.8693880401551723480224609375">
        <ele>2733.800048828125</ele>
        <time>2026-08-01T15:20:26.000Z</time>
        <extensions>
          <ns3:TrackPointExtension>
            <ns3:atemp>19.0</ns3:atemp>
          </ns3:TrackPointExtension>
        </extensions>
      </trkpt>
      <trkpt lat="39.923200272023677825927734375" lon="-105.8689468167722225189208984375">
        <ele>2733.800048828125</ele>
        <time>2026-08-01T15:20:33.000Z</time>
        <extensions>
          <ns3:TrackPointExtension>
            <ns3:atemp>19.0</ns3:atemp>
          </ns3:TrackPointExtension>
        </extensions>
      </trkpt>
      <trkpt lat="39.923315942287445068359375" lon="-105.86881781928241252899169921875">
        <ele>2733.60009765625</ele>
        <time>2026-08-01T15:20:35.000Z</time>
        <extensions>
          <ns3:TrackPointExtension>
            <ns3:atemp>19.0</ns3:atemp>
          </ns3:TrackPointExtension>
        </extensions>
      </trkpt>
      <trkpt lat="39.923550970852375030517578125" lon="-105.86855546571314334869384765625">
        <ele>2732.800048828125</ele>
        <time>2026-08-01T15:20:39.000Z</time>
        <extensions>
          <ns3:TrackPointExtension>
            <ns3:atemp>19.0</ns3:atemp>
          </ns3:TrackPointExtension>
        </extensions>
      </trkpt>
      <trkpt lat="39.9237906932830810546875" lon="-105.86828992702066898345947265625">
        <ele>2732</ele>
        <time>2026-08-01T15:20:43.000Z</time>
        <extensions>
          <ns3:TrackPointExtension>
            <ns3:atemp>19.0</ns3:atemp>
          </ns3:TrackPointExtension>
        </extensions>
      </trkpt>
      <trkpt lat="39.92402697913348674774169921875" lon="-105.86802120320498943328857421875">
        <ele>2731.800048828125</ele>
        <time>2026-08-01T15:20:47.000Z</time>
        <extensions>
          <ns3:TrackPointExtension>
            <ns3:atemp>19.0</ns3:atemp>
          </ns3:TrackPointExtension>
        </extensions>
      </trkpt>
      <trkpt lat="39.924206100404262542724609375" lon="-105.86782271973788738250732421875">
        <ele>2731.199951171875</ele>
        <time>2026-08-01T15:20:50.000Z</time>
        <extensions>
          <ns3:TrackPointExtension>
            <ns3:atemp>19.0</ns3:atemp>
          </ns3:TrackPointExtension>
        </extensions>
      </trkpt>
      <trkpt lat="39.92455177009105682373046875" lon="-105.86737386882305145263671875">
        <ele>2730.60009765625</ele>
        <time>2026-08-01T15:20:56.000Z</time>
        <extensions>
          <ns3:TrackPointExtension>
            <ns3:atemp>20.0</ns3:atemp>
          </ns3:TrackPointExtension>
        </extensions>
      </trkpt>
      <trkpt lat="39.924857206642627716064453125" lon="-105.86683114059269428253173828125">
        <ele>2729.60009765625</ele>
        <time>2026-08-01T15:21:02.000Z</time>
        <extensions>
          <ns3:TrackPointExtension>
            <ns3:atemp>20.0</ns3:atemp>
          </ns3:TrackPointExtension>
        </extensions>
      </trkpt>
      <trkpt lat="39.92490104399621486663818359375" lon="-105.86673508398234844207763671875">
        <ele>2729.60009765625</ele>
        <time>2026-08-01T15:21:03.000Z</time>
        <extensions>
          <ns3:TrackPointExtension>
            <ns3:atemp>20.0</ns3:atemp>
          </ns3:TrackPointExtension>
        </extensions>
      </trkpt>
      <trkpt lat="39.92516507394611835479736328125" lon="-105.86615103296935558319091796875">
        <ele>2728.39990234375</ele>
        <time>2026-08-01T15:21:09.000Z</time>
        <extensions>
          <ns3:TrackPointExtension>
            <ns3:atemp>20.0</ns3:atemp>
          </ns3:TrackPointExtension>
        </extensions>
      </trkpt>
      <trkpt lat="39.925303123891353607177734375" lon="-105.865824222564697265625">
        <ele>2727.800048828125</ele>
        <time>2026-08-01T15:21:12.000Z</time>
        <extensions>
          <ns3:TrackPointExtension>
            <ns3:atemp>20.0</ns3:atemp>
          </ns3:TrackPointExtension>
        </extensions>
      </trkpt>
      <trkpt lat="39.92544117383658885955810546875" lon="-105.86551845073699951171875">
        <ele>2727</ele>
        <time>2026-08-01T15:21:15.000Z</time>
        <extensions>
          <ns3:TrackPointExtension>
            <ns3:atemp>20.0</ns3:atemp>
          </ns3:TrackPointExtension>
        </extensions>
      </trkpt>
      <trkpt lat="39.92562021128833293914794921875" lon="-105.86510363034904003143310546875">
        <ele>2726.39990234375</ele>
        <time>2026-08-01T15:21:19.000Z</time>
        <extensions>
          <ns3:TrackPointExtension>
            <ns3:atemp>20.0</ns3:atemp>
          </ns3:TrackPointExtension>
        </extensions>
      </trkpt>
      <trkpt lat="39.9256667308509349822998046875" lon="-105.8649989403784275054931640625">
        <ele>2725.60009765625</ele>
        <time>2026-08-01T15:21:20.000Z</time>
        <extensions>
          <ns3:TrackPointExtension>
            <ns3:atemp>20.0</ns3:atemp>
          </ns3:TrackPointExtension>
        </extensions>
      </trkpt>
      <trkpt lat="39.92571375332772731781005859375" lon="-105.86489148437976837158203125">
        <ele>2725.39990234375</ele>
        <time>2026-08-01T15:21:21.000Z</time>
        <extensions>
          <ns3:TrackPointExtension>
            <ns3:atemp>20.0</ns3:atemp>
          </ns3:TrackPointExtension>
        </extensions>
      </trkpt>
      <trkpt lat="39.92590921930968761444091796875" lon="-105.86446635425090789794921875">
        <ele>2724.60009765625</ele>
        <time>2026-08-01T15:21:25.000Z</time>
        <extensions>
          <ns3:TrackPointExtension>
            <ns3:atemp>20.0</ns3:atemp>
          </ns3:TrackPointExtension>
        </extensions>
      </trkpt>
      <trkpt lat="39.9261455051600933074951171875" lon="-105.86393058300018310546875">
        <ele>2723.800048828125</ele>
        <time>2026-08-01T15:21:30.000Z</time>
        <extensions>
          <ns3:TrackPointExtension>
            <ns3:atemp>20.0</ns3:atemp>
          </ns3:TrackPointExtension>
        </extensions>
      </trkpt>
      <trkpt lat="39.9261899292469024658203125" lon="-105.8638251386582851409912109375">
        <ele>2723.39990234375</ele>
        <time>2026-08-01T15:21:31.000Z</time>
        <extensions>
          <ns3:TrackPointExtension>
            <ns3:atemp>20.0</ns3:atemp>
          </ns3:TrackPointExtension>
        </extensions>
      </trkpt>
      <trkpt lat="39.92637173272669315338134765625" lon="-105.86340487003326416015625">
        <ele>2722.39990234375</ele>
        <time>2026-08-01T15:21:35.000Z</time>
        <extensions>
          <ns3:TrackPointExtension>
            <ns3:atemp>20.0</ns3:atemp>
          </ns3:TrackPointExtension>
        </extensions>
      </trkpt>
      <trkpt lat="39.92656082846224308013916015625" lon="-105.86298284120857715606689453125">
        <ele>2721.800048828125</ele>
        <time>2026-08-01T15:21:39.000Z</time>
        <extensions>
          <ns3:TrackPointExtension>
            <ns3:atemp>20.0</ns3:atemp>
          </ns3:TrackPointExtension>
        </extensions>
      </trkpt>
      <trkpt lat="39.92670080624520778656005859375" lon="-105.86266734637320041656494140625">
        <ele>2721.199951171875</ele>
        <time>2026-08-01T15:21:42.000Z</time>
        <extensions>
          <ns3:TrackPointExtension>
            <ns3:atemp>20.0</ns3:atemp>
          </ns3:TrackPointExtension>
        </extensions>
      </trkpt>
      <trkpt lat="39.92688805796205997467041015625" lon="-105.8622474968433380126953125">
        <ele>2719.800048828125</ele>
        <time>2026-08-01T15:21:46.000Z</time>
        <extensions>
          <ns3:TrackPointExtension>
            <ns3:atemp>20.0</ns3:atemp>
          </ns3:TrackPointExtension>
        </extensions>
      </trkpt>
      <trkpt lat="39.92712509818375110626220703125" lon="-105.861714072525501251220703125">
        <ele>2718.800048828125</ele>
        <time>2026-08-01T15:21:51.000Z</time>
        <extensions>
          <ns3:TrackPointExtension>
            <ns3:atemp>20.0</ns3:atemp>
          </ns3:TrackPointExtension>
        </extensions>
      </trkpt>
      <trkpt lat="39.9271731264889240264892578125" lon="-105.8616035990417003631591796875">
        <ele>2718.60009765625</ele>
        <time>2026-08-01T15:21:52.000Z</time>
        <extensions>
          <ns3:TrackPointExtension>
            <ns3:atemp>20.0</ns3:atemp>
          </ns3:TrackPointExtension>
        </extensions>
      </trkpt>
      <trkpt lat="39.9273186363279819488525390625" lon="-105.86126941256225109100341796875">
        <ele>2717.60009765625</ele>
        <time>2026-08-01T15:21:55.000Z</time>
        <extensions>
          <ns3:TrackPointExtension>
            <ns3:atemp>20.0</ns3:atemp>
          </ns3:TrackPointExtension>
        </extensions>
      </trkpt>
      <trkpt lat="39.927505888044834136962890625" lon="-105.8608250878751277923583984375">
        <ele>2717</ele>
        <time>2026-08-01T15:21:59.000Z</time>
        <extensions>
          <ns3:TrackPointExtension>
            <ns3:atemp>20.0</ns3:atemp>
          </ns3:TrackPointExtension>
        </extensions>
      </trkpt>
      <trkpt lat="39.92755358107388019561767578125" lon="-105.86071302182972431182861328125">
        <ele>2716.60009765625</ele>
        <time>2026-08-01T15:22:00.000Z</time>
        <extensions>
          <ns3:TrackPointExtension>
            <ns3:atemp>20.0</ns3:atemp>
          </ns3:TrackPointExtension>
        </extensions>
      </trkpt>
      <trkpt lat="39.9277509748935699462890625" lon="-105.860258303582668304443359375">
        <ele>2715</ele>
        <time>2026-08-01T15:22:04.000Z</time>
        <extensions>
          <ns3:TrackPointExtension>
            <ns3:atemp>20.0</ns3:atemp>
          </ns3:TrackPointExtension>
        </extensions>
      </trkpt>
      <trkpt lat="39.92790411226451396942138671875" lon="-105.85990257561206817626953125">
        <ele>2713.39990234375</ele>
        <time>2026-08-01T15:22:07.000Z</time>
        <extensions>
          <ns3:TrackPointExtension>
            <ns3:atemp>20.0</ns3:atemp>
          </ns3:TrackPointExtension>
        </extensions>
      </trkpt>
      <trkpt lat="39.9280111491680145263671875" lon="-105.85965656675398349761962890625">
        <ele>2712.800048828125</ele>
        <time>2026-08-01T15:22:09.000Z</time>
        <extensions>
          <ns3:TrackPointExtension>
            <ns3:atemp>20.0</ns3:atemp>
          </ns3:TrackPointExtension>
        </extensions>
      </trkpt>
      <trkpt lat="39.928122796118259429931640625" lon="-105.85941332392394542694091796875">
        <ele>2712.199951171875</ele>
        <time>2026-08-01T15:22:11.000Z</time>
        <extensions>
          <ns3:TrackPointExtension>
            <ns3:atemp>20.0</ns3:atemp>
          </ns3:TrackPointExtension>
        </extensions>
      </trkpt>
      <trkpt lat="39.9282976426184177398681640625" lon="-105.85906597785651683807373046875">
        <ele>2710.60009765625</ele>
        <time>2026-08-01T15:22:14.000Z</time>
        <extensions>
          <ns3:TrackPointExtension>
            <ns3:atemp>20.0</ns3:atemp>
          </ns3:TrackPointExtension>
        </extensions>
      </trkpt>
      <trkpt lat="39.928356148302555084228515625" lon="-105.85894980467855930328369140625">
        <ele>2710.199951171875</ele>
        <time>2026-08-01T15:22:15.000Z</time>
        <extensions>
          <ns3:TrackPointExtension>
            <ns3:atemp>20.0</ns3:atemp>
          </ns3:TrackPointExtension>
        </extensions>
      </trkpt>
      <trkpt lat="39.92841817438602447509765625" lon="-105.85883799009025096893310546875">
        <ele>2709.39990234375</ele>
        <time>2026-08-01T15:22:16.000Z</time>
        <extensions>
          <ns3:TrackPointExtension>
            <ns3:atemp>20.0</ns3:atemp>
          </ns3:TrackPointExtension>
        </extensions>
      </trkpt>
      <trkpt lat="39.92855320684611797332763671875" lon="-105.8586238324642181396484375">
        <ele>2708.39990234375</ele>
        <time>2026-08-01T15:22:18.000Z</time>
        <extensions>
          <ns3:TrackPointExtension>
            <ns3:atemp>20.0</ns3:atemp>
          </ns3:TrackPointExtension>
        </extensions>
      </trkpt>
      <trkpt lat="39.92869578301906585693359375" lon="-105.8584119379520416259765625">
        <ele>2707.60009765625</ele>
        <time>2026-08-01T15:22:20.000Z</time>
        <extensions>
          <ns3:TrackPointExtension>
            <ns3:atemp>20.0</ns3:atemp>
          </ns3:TrackPointExtension>
        </extensions>
      </trkpt>
      <trkpt lat="39.92883886210620403289794921875" lon="-105.8581981994211673736572265625">
        <ele>2707.199951171875</ele>
        <time>2026-08-01T15:22:22.000Z</time>
        <extensions>
          <ns3:TrackPointExtension>
            <ns3:atemp>20.0</ns3:atemp>
          </ns3:TrackPointExtension>
        </extensions>
      </trkpt>
      <trkpt lat="39.92897883988916873931884765625" lon="-105.85798940621316432952880859375">
        <ele>2706.199951171875</ele>
        <time>2026-08-01T15:22:24.000Z</time>
        <extensions>
          <ns3:TrackPointExtension>
            <ns3:atemp>20.0</ns3:atemp>
          </ns3:TrackPointExtension>
        </extensions>
      </trkpt>
      <trkpt lat="39.9291800893843173980712890625" lon="-105.857705175876617431640625">
        <ele>2705.199951171875</ele>
        <time>2026-08-01T15:22:27.000Z</time>
        <extensions>
          <ns3:TrackPointExtension>
            <ns3:atemp>20.0</ns3:atemp>
          </ns3:TrackPointExtension>
        </extensions>
      </trkpt>
      <trkpt lat="39.92924563586711883544921875" lon="-105.8576121367514133453369140625">
        <ele>2705</ele>
        <time>2026-08-01T15:22:28.000Z</time>
        <extensions>
          <ns3:TrackPointExtension>
            <ns3:atemp>20.0</ns3:atemp>
          </ns3:TrackPointExtension>
        </extensions>
      </trkpt>
      <trkpt lat="39.929629527032375335693359375" lon="-105.8570601046085357666015625">
        <ele>2704.39990234375</ele>
        <time>2026-08-01T15:22:34.000Z</time>
        <extensions>
          <ns3:TrackPointExtension>
            <ns3:atemp>20.0</ns3:atemp>
          </ns3:TrackPointExtension>
        </extensions>
      </trkpt>
      <trkpt lat="39.929692558944225311279296875" lon="-105.8569660596549510955810546875">
        <ele>2704.39990234375</ele>
        <time>2026-08-01T15:22:35.000Z</time>
        <extensions>
          <ns3:TrackPointExtension>
            <ns3:atemp>20.0</ns3:atemp>
          </ns3:TrackPointExtension>
        </extensions>
      </trkpt>
      <trkpt lat="39.9300588481128215789794921875" lon="-105.85642903111875057220458984375">
        <ele>2704</ele>
        <time>2026-08-01T15:22:41.000Z</time>
        <extensions>
          <ns3:TrackPointExtension>
            <ns3:atemp>20.0</ns3:atemp>
          </ns3:TrackPointExtension>
        </extensions>
      </trkpt>
      <trkpt lat="39.93024484254419803619384765625" lon="-105.8561696112155914306640625">
        <ele>2704.199951171875</ele>
        <time>2026-08-01T15:22:44.000Z</time>
        <extensions>
          <ns3:TrackPointExtension>
            <ns3:atemp>20.0</ns3:atemp>
          </ns3:TrackPointExtension>
        </extensions>
      </trkpt>
      <trkpt lat="39.9305939488112926483154296875" lon="-105.85562621243298053741455078125">
        <ele>2703.39990234375</ele>
        <time>2026-08-01T15:22:50.000Z</time>
        <extensions>
          <ns3:TrackPointExtension>
            <ns3:atemp>20.0</ns3:atemp>
          </ns3:TrackPointExtension>
        </extensions>
      </trkpt>
      <trkpt lat="39.93065069429576396942138671875" lon="-105.855532921850681304931640625">
        <ele>2703.199951171875</ele>
        <time>2026-08-01T15:22:51.000Z</time>
        <extensions>
          <ns3:TrackPointExtension>
            <ns3:atemp>20.0</ns3:atemp>
          </ns3:TrackPointExtension>
        </extensions>
      </trkpt>
      <trkpt lat="39.93091556243598461151123046875" lon="-105.8550553210079669952392578125">
        <ele>2702.199951171875</ele>
        <time>2026-08-01T15:22:56.000Z</time>
        <extensions>
          <ns3:TrackPointExtension>
            <ns3:atemp>20.0</ns3:atemp>
          </ns3:TrackPointExtension>
        </extensions>
      </trkpt>
      <trkpt lat="39.93106693960726261138916015625" lon="-105.854754745960235595703125">
        <ele>2701.60009765625</ele>
        <time>2026-08-01T15:22:59.000Z</time>
        <extensions>
          <ns3:TrackPointExtension>
            <ns3:atemp>20.0</ns3:atemp>
          </ns3:TrackPointExtension>
        </extensions>
      </trkpt>
      <trkpt lat="39.931271709501743316650390625" lon="-105.85434235632419586181640625">
        <ele>2701</ele>
        <time>2026-08-01T15:23:03.000Z</time>
        <extensions>
          <ns3:TrackPointExtension>
            <ns3:atemp>20.0</ns3:atemp>
          </ns3:TrackPointExtension>
        </extensions>
      </trkpt>
      <trkpt lat="39.93147589266300201416015625" lon="-105.85393290035426616668701171875">
        <ele>2699.800048828125</ele>
        <time>2026-08-01T15:23:07.000Z</time>
        <extensions>
          <ns3:TrackPointExtension>
            <ns3:atemp>20.0</ns3:atemp>
          </ns3:TrackPointExtension>
        </extensions>
      </trkpt>
      <trkpt lat="39.931735731661319732666015625" lon="-105.85341590456664562225341796875">
        <ele>2698.39990234375</ele>
        <time>2026-08-01T15:23:12.000Z</time>
        <extensions>
          <ns3:TrackPointExtension>
            <ns3:atemp>20.0</ns3:atemp>
          </ns3:TrackPointExtension>
        </extensions>
      </trkpt>
      <trkpt lat="39.9319943971931934356689453125" lon="-105.852899663150310516357421875">
        <ele>2697.39990234375</ele>
        <time>2026-08-01T15:23:17.000Z</time>
        <extensions>
          <ns3:TrackPointExtension>
            <ns3:atemp>20.0</ns3:atemp>
          </ns3:TrackPointExtension>
        </extensions>
      </trkpt>
      <trkpt lat="39.93204695172607898712158203125" lon="-105.8527945540845394134521484375">
        <ele>2697</ele>
        <time>2026-08-01T15:23:18.000Z</time>
        <extensions>
          <ns3:TrackPointExtension>
            <ns3:atemp>20.0</ns3:atemp>
          </ns3:TrackPointExtension>
        </extensions>
      </trkpt>
      <trkpt lat="39.93220813572406768798828125" lon="-105.85247847251594066619873046875">
        <ele>2695.800048828125</ele>
        <time>2026-08-01T15:23:21.000Z</time>
        <extensions>
          <ns3:TrackPointExtension>
            <ns3:atemp>20.0</ns3:atemp>
          </ns3:TrackPointExtension>
        </extensions>
      </trkpt>
      <trkpt lat="39.93242229335010051727294921875" lon="-105.852058120071887969970703125">
        <ele>2694.60009765625</ele>
        <time>2026-08-01T15:23:25.000Z</time>
        <extensions>
          <ns3:TrackPointExtension>
            <ns3:atemp>20.0</ns3:atemp>
          </ns3:TrackPointExtension>
        </extensions>
      </trkpt>
      <trkpt lat="39.93257828056812286376953125" lon="-105.8517471514642238616943359375">
        <ele>2694</ele>
        <time>2026-08-01T15:23:28.000Z</time>
        <extensions>
          <ns3:TrackPointExtension>
            <ns3:atemp>20.0</ns3:atemp>
          </ns3:TrackPointExtension>
        </extensions>
      </trkpt>
      <trkpt lat="39.9326297454535961151123046875" lon="-105.85164497606456279754638671875">
        <ele>2693.800048828125</ele>
        <time>2026-08-01T15:23:29.000Z</time>
        <extensions>
          <ns3:TrackPointExtension>
            <ns3:atemp>20.0</ns3:atemp>
          </ns3:TrackPointExtension>
        </extensions>
      </trkpt>
      <trkpt lat="39.93267886340618133544921875" lon="-105.85154389031231403350830078125">
        <ele>2693.60009765625</ele>
        <time>2026-08-01T15:23:30.000Z</time>
        <extensions>
          <ns3:TrackPointExtension>
            <ns3:atemp>20.0</ns3:atemp>
          </ns3:TrackPointExtension>
        </extensions>
      </trkpt>
      <trkpt lat="39.93297633714973926544189453125" lon="-105.85094307549297809600830078125">
        <ele>2692.800048828125</ele>
        <time>2026-08-01T15:23:36.000Z</time>
        <extensions>
          <ns3:TrackPointExtension>
            <ns3:atemp>20.0</ns3:atemp>
          </ns3:TrackPointExtension>
        </extensions>
      </trkpt>
      <trkpt lat="39.93302679620683193206787109375" lon="-105.850842408835887908935546875">
        <ele>2692.60009765625</ele>
        <time>2026-08-01T15:23:37.000Z</time>
        <extensions>
          <ns3:TrackPointExtension>
            <ns3:atemp>20.0</ns3:atemp>
          </ns3:TrackPointExtension>
        </extensions>
      </trkpt>
      <trkpt lat="39.93332049809396266937255859375" lon="-105.8502635546028614044189453125">
        <ele>2691.60009765625</ele>
        <time>2026-08-01T15:23:43.000Z</time>
        <extensions>
          <ns3:TrackPointExtension>
            <ns3:atemp>20.0</ns3:atemp>
          </ns3:TrackPointExtension>
        </extensions>
      </trkpt>
      <trkpt lat="39.9334173090755939483642578125" lon="-105.8500774763524532318115234375">
        <ele>2691.800048828125</ele>
        <time>2026-08-01T15:23:45.000Z</time>
        <extensions>
          <ns3:TrackPointExtension>
            <ns3:atemp>20.0</ns3:atemp>
          </ns3:TrackPointExtension>
        </extensions>
      </trkpt>
      <trkpt lat="39.933465421199798583984375" lon="-105.84998301230370998382568359375">
        <ele>2691.60009765625</ele>
        <time>2026-08-01T15:23:46.000Z</time>
        <extensions>
          <ns3:TrackPointExtension>
            <ns3:atemp>20.0</ns3:atemp>
          </ns3:TrackPointExtension>
        </extensions>
      </trkpt>
      <trkpt lat="39.933750070631504058837890625" lon="-105.84939309395849704742431640625">
        <ele>2691.199951171875</ele>
        <time>2026-08-01T15:23:52.000Z</time>
        <extensions>
          <ns3:TrackPointExtension>
            <ns3:atemp>20.0</ns3:atemp>
          </ns3:TrackPointExtension>
        </extensions>
      </trkpt>
      <trkpt lat="39.93389499373733997344970703125" lon="-105.849111378192901611328125">
        <ele>2690.800048828125</ele>
        <time>2026-08-01T15:23:55.000Z</time>
        <extensions>
          <ns3:TrackPointExtension>
            <ns3:atemp>20.0</ns3:atemp>
          </ns3:TrackPointExtension>
        </extensions>
      </trkpt>
      <trkpt lat="39.9339443631470203399658203125" lon="-105.84901674650609493255615234375">
        <ele>2690.60009765625</ele>
        <time>2026-08-01T15:23:56.000Z</time>
        <extensions>
          <ns3:TrackPointExtension>
            <ns3:atemp>20.0</ns3:atemp>
          </ns3:TrackPointExtension>
        </extensions>
      </trkpt>
      <trkpt lat="39.93409783579409122467041015625" lon="-105.84873360581696033477783203125">
        <ele>2689.39990234375</ele>
        <time>2026-08-01T15:23:59.000Z</time>
        <extensions>
          <ns3:TrackPointExtension>
            <ns3:atemp>20.0</ns3:atemp>
          </ns3:TrackPointExtension>
        </extensions>
      </trkpt>
      <trkpt lat="39.93424066342413425445556640625" lon="-105.848436467349529266357421875">
        <ele>2689</ele>
        <time>2026-08-01T15:24:02.000Z</time>
        <extensions>
          <ns3:TrackPointExtension>
            <ns3:atemp>20.0</ns3:atemp>
          </ns3:TrackPointExtension>
        </extensions>
      </trkpt>
      <trkpt lat="39.93443302810192108154296875" lon="-105.84804721176624298095703125">
        <ele>2688.199951171875</ele>
        <time>2026-08-01T15:24:06.000Z</time>
        <extensions>
          <ns3:TrackPointExtension>
            <ns3:atemp>20.0</ns3:atemp>
          </ns3:TrackPointExtension>
        </extensions>
      </trkpt>
      <trkpt lat="39.9347309209406375885009765625" lon="-105.84746475331485271453857421875">
        <ele>2687</ele>
        <time>2026-08-01T15:24:12.000Z</time>
        <extensions>
          <ns3:TrackPointExtension>
            <ns3:atemp>20.0</ns3:atemp>
          </ns3:TrackPointExtension>
        </extensions>
      </trkpt>
      <trkpt lat="39.9350427277386188507080078125" lon="-105.84689252078533172607421875">
        <ele>2686.199951171875</ele>
        <time>2026-08-01T15:24:18.000Z</time>
        <extensions>
          <ns3:TrackPointExtension>
            <ns3:atemp>20.0</ns3:atemp>
          </ns3:TrackPointExtension>
        </extensions>
      </trkpt>
      <trkpt lat="39.93509729392826557159423828125" lon="-105.84679755382239818572998046875">
        <ele>2686</ele>
        <time>2026-08-01T15:24:19.000Z</time>
        <extensions>
          <ns3:TrackPointExtension>
            <ns3:atemp>20.0</ns3:atemp>
          </ns3:TrackPointExtension>
        </extensions>
      </trkpt>
      <trkpt lat="39.93520894087851047515869140625" lon="-105.84660812281072139739990234375">
        <ele>2685.60009765625</ele>
        <time>2026-08-01T15:24:21.000Z</time>
        <extensions>
          <ns3:TrackPointExtension>
            <ns3:atemp>20.0</ns3:atemp>
          </ns3:TrackPointExtension>
        </extensions>
      </trkpt>
      <trkpt lat="39.93537188507616519927978515625" lon="-105.84632565267384052276611328125">
        <ele>2684.800048828125</ele>
        <time>2026-08-01T15:24:24.000Z</time>
        <extensions>
          <ns3:TrackPointExtension>
            <ns3:atemp>20.0</ns3:atemp>
          </ns3:TrackPointExtension>
        </extensions>
      </trkpt>
      <trkpt lat="39.93559048511087894439697265625" lon="-105.84596003405749797821044921875">
        <ele>2684</ele>
        <time>2026-08-01T15:24:28.000Z</time>
        <extensions>
          <ns3:TrackPointExtension>
            <ns3:atemp>20.0</ns3:atemp>
          </ns3:TrackPointExtension>
        </extensions>
      </trkpt>
      <trkpt lat="39.93570079095661640167236328125" lon="-105.8457787334918975830078125">
        <ele>2683.60009765625</ele>
        <time>2026-08-01T15:24:30.000Z</time>
        <extensions>
          <ns3:TrackPointExtension>
            <ns3:atemp>20.0</ns3:atemp>
          </ns3:TrackPointExtension>
        </extensions>
      </trkpt>
      <trkpt lat="39.9359908886253833770751953125" lon="-105.84529501385986804962158203125">
        <ele>2682.39990234375</ele>
        <time>2026-08-01T15:24:35.000Z</time>
        <extensions>
          <ns3:TrackPointExtension>
            <ns3:atemp>20.0</ns3:atemp>
          </ns3:TrackPointExtension>
        </extensions>
      </trkpt>
      <trkpt lat="39.93604914285242557525634765625" lon="-105.8451931737363338470458984375">
        <ele>2682.39990234375</ele>
        <time>2026-08-01T15:24:36.000Z</time>
        <extensions>
          <ns3:TrackPointExtension>
            <ns3:atemp>20.0</ns3:atemp>
          </ns3:TrackPointExtension>
        </extensions>
      </trkpt>
      <trkpt lat="39.93628442287445068359375" lon="-105.844787657260894775390625">
        <ele>2681.60009765625</ele>
        <time>2026-08-01T15:24:40.000Z</time>
        <extensions>
          <ns3:TrackPointExtension>
            <ns3:atemp>20.0</ns3:atemp>
          </ns3:TrackPointExtension>
        </extensions>
      </trkpt>
      <trkpt lat="39.93657686747610569000244140625" lon="-105.84429186768829822540283203125">
        <ele>2680.39990234375</ele>
        <time>2026-08-01T15:24:45.000Z</time>
        <extensions>
          <ns3:TrackPointExtension>
            <ns3:atemp>20.0</ns3:atemp>
          </ns3:TrackPointExtension>
        </extensions>
      </trkpt>
      <trkpt lat="39.936693124473094940185546875" lon="-105.844095647335052490234375">
        <ele>2679.800048828125</ele>
        <time>2026-08-01T15:24:47.000Z</time>
        <extensions>
          <ns3:TrackPointExtension>
            <ns3:atemp>20.0</ns3:atemp>
          </ns3:TrackPointExtension>
        </extensions>
      </trkpt>
      <trkpt lat="39.93681013584136962890625" lon="-105.84390277974307537078857421875">
        <ele>2679.39990234375</ele>
        <time>2026-08-01T15:24:49.000Z</time>
        <extensions>
          <ns3:TrackPointExtension>
            <ns3:atemp>20.0</ns3:atemp>
          </ns3:TrackPointExtension>
        </extensions>
      </trkpt>
      <trkpt lat="39.93704340420663356781005859375" lon="-105.84351293742656707763671875">
        <ele>2678.39990234375</ele>
        <time>2026-08-01T15:24:53.000Z</time>
        <extensions>
          <ns3:TrackPointExtension>
            <ns3:atemp>20.0</ns3:atemp>
          </ns3:TrackPointExtension>
        </extensions>
      </trkpt>
      <trkpt lat="39.9373356811702251434326171875" lon="-105.84302075207233428955078125">
        <ele>2677.39990234375</ele>
        <time>2026-08-01T15:24:58.000Z</time>
        <extensions>
          <ns3:TrackPointExtension>
            <ns3:atemp>21.0</ns3:atemp>
          </ns3:TrackPointExtension>
        </extensions>
      </trkpt>
      <trkpt lat="39.93739477358758449554443359375" lon="-105.84292410872876644134521484375">
        <ele>2677.199951171875</ele>
        <time>2026-08-01T15:24:59.000Z</time>
        <extensions>
          <ns3:TrackPointExtension>
            <ns3:atemp>21.0</ns3:atemp>
          </ns3:TrackPointExtension>
        </extensions>
      </trkpt>
      <trkpt lat="39.93768126703798770904541015625" lon="-105.84244499914348125457763671875">
        <ele>2676</ele>
        <time>2026-08-01T15:25:04.000Z</time>
        <extensions>
          <ns3:TrackPointExtension>
            <ns3:atemp>21.0</ns3:atemp>
          </ns3:TrackPointExtension>
        </extensions>
      </trkpt>
      <trkpt lat="39.93779576383531093597412109375" lon="-105.842253305017948150634765625">
        <ele>2675.60009765625</ele>
        <time>2026-08-01T15:25:06.000Z</time>
        <extensions>
          <ns3:TrackPointExtension>
            <ns3:atemp>21.0</ns3:atemp>
          </ns3:TrackPointExtension>
        </extensions>
      </trkpt>
      <trkpt lat="39.9380774796009063720703125" lon="-105.841781236231327056884765625">
        <ele>2674.800048828125</ele>
        <time>2026-08-01T15:25:11.000Z</time>
        <extensions>
          <ns3:TrackPointExtension>
            <ns3:atemp>21.0</ns3:atemp>
          </ns3:TrackPointExtension>
        </extensions>
      </trkpt>
      <trkpt lat="39.93829934857785701751708984375" lon="-105.84140681661665439605712890625">
        <ele>2674.39990234375</ele>
        <time>2026-08-01T15:25:15.000Z</time>
        <extensions>
          <ns3:TrackPointExtension>
            <ns3:atemp>21.0</ns3:atemp>
          </ns3:TrackPointExtension>
        </extensions>
      </trkpt>
      <trkpt lat="39.93852364830672740936279296875" lon="-105.84103415720164775848388671875">
        <ele>2673.800048828125</ele>
        <time>2026-08-01T15:25:19.000Z</time>
        <extensions>
          <ns3:TrackPointExtension>
            <ns3:atemp>21.0</ns3:atemp>
          </ns3:TrackPointExtension>
        </extensions>
      </trkpt>
      <trkpt lat="39.9386881850659847259521484375" lon="-105.84075562655925750732421875">
        <ele>2672.800048828125</ele>
        <time>2026-08-01T15:25:22.000Z</time>
        <extensions>
          <ns3:TrackPointExtension>
            <ns3:atemp>21.0</ns3:atemp>
          </ns3:TrackPointExtension>
        </extensions>
      </trkpt>
      <trkpt lat="39.9388598464429378509521484375" lon="-105.84047642536461353302001953125">
        <ele>2672.39990234375</ele>
        <time>2026-08-01T15:25:25.000Z</time>
        <extensions>
          <ns3:TrackPointExtension>
            <ns3:atemp>21.0</ns3:atemp>
          </ns3:TrackPointExtension>
        </extensions>
      </trkpt>
      <trkpt lat="39.93914256803691387176513671875" lon="-105.840001590549945831298828125">
        <ele>2671.800048828125</ele>
        <time>2026-08-01T15:25:30.000Z</time>
        <extensions>
          <ns3:TrackPointExtension>
            <ns3:atemp>21.0</ns3:atemp>
          </ns3:TrackPointExtension>
        </extensions>
      </trkpt>
      <trkpt lat="39.93944146670401096343994140625" lon="-105.83950278349220752716064453125">
        <ele>2670.39990234375</ele>
        <time>2026-08-01T15:25:35.000Z</time>
        <extensions>
          <ns3:TrackPointExtension>
            <ns3:atemp>21.0</ns3:atemp>
          </ns3:TrackPointExtension>
        </extensions>
      </trkpt>
      <trkpt lat="39.9396282993257045745849609375" lon="-105.83919525146484375">
        <ele>2669.199951171875</ele>
        <time>2026-08-01T15:25:38.000Z</time>
        <extensions>
          <ns3:TrackPointExtension>
            <ns3:atemp>21.0</ns3:atemp>
          </ns3:TrackPointExtension>
        </extensions>
      </trkpt>
      <trkpt lat="39.93980222381651401519775390625" lon="-105.8388795889914035797119140625">
        <ele>2668.199951171875</ele>
        <time>2026-08-01T15:25:41.000Z</time>
        <extensions>
          <ns3:TrackPointExtension>
            <ns3:atemp>21.0</ns3:atemp>
          </ns3:TrackPointExtension>
        </extensions>
      </trkpt>
      <trkpt lat="39.93985838256776332855224609375" lon="-105.838779509067535400390625">
        <ele>2667.800048828125</ele>
        <time>2026-08-01T15:25:42.000Z</time>
        <extensions>
          <ns3:TrackPointExtension>
            <ns3:atemp>21.0</ns3:atemp>
          </ns3:TrackPointExtension>
        </extensions>
      </trkpt>
      <trkpt lat="39.93991387076675891876220703125" lon="-105.83868588320910930633544921875">
        <ele>2667.39990234375</ele>
        <time>2026-08-01T15:25:43.000Z</time>
        <extensions>
          <ns3:TrackPointExtension>
            <ns3:atemp>21.0</ns3:atemp>
          </ns3:TrackPointExtension>
        </extensions>
      </trkpt>
      <trkpt lat="39.93996969424188137054443359375" lon="-105.83859376609325408935546875">
        <ele>2666.39990234375</ele>
        <time>2026-08-01T15:25:44.000Z</time>
        <extensions>
          <ns3:TrackPointExtension>
            <ns3:atemp>21.0</ns3:atemp>
          </ns3:TrackPointExtension>
        </extensions>
      </trkpt>
      <trkpt lat="39.94001830928027629852294921875" lon="-105.8385010622441768646240234375">
        <ele>2666.199951171875</ele>
        <time>2026-08-01T15:25:45.000Z</time>
        <extensions>
          <ns3:TrackPointExtension>
            <ns3:atemp>21.0</ns3:atemp>
          </ns3:TrackPointExtension>
        </extensions>
      </trkpt>
      <trkpt lat="39.9401211552321910858154296875" lon="-105.83834029734134674072265625">
        <ele>2665.39990234375</ele>
        <time>2026-08-01T15:25:47.000Z</time>
        <extensions>
          <ns3:TrackPointExtension>
            <ns3:atemp>21.0</ns3:atemp>
          </ns3:TrackPointExtension>
        </extensions>
      </trkpt>
      <trkpt lat="39.94025367312133312225341796875" lon="-105.83811306394636631011962890625">
        <ele>2665</ele>
        <time>2026-08-01T15:25:50.000Z</time>
        <extensions>
          <ns3:TrackPointExtension>
            <ns3:atemp>21.0</ns3:atemp>
          </ns3:TrackPointExtension>
        </extensions>
      </trkpt>
      <trkpt lat="39.94045718573033809661865234375" lon="-105.837752558290958404541015625">
        <ele>2664.39990234375</ele>
        <time>2026-08-01T15:25:55.000Z</time>
        <extensions>
          <ns3:TrackPointExtension>
            <ns3:atemp>21.0</ns3:atemp>
          </ns3:TrackPointExtension>
        </extensions>
      </trkpt>
      <trkpt lat="39.94050085544586181640625" lon="-105.83767737261950969696044921875">
        <ele>2664.199951171875</ele>
        <time>2026-08-01T15:25:56.000Z</time>
        <extensions>
          <ns3:TrackPointExtension>
            <ns3:atemp>21.0</ns3:atemp>
          </ns3:TrackPointExtension>
        </extensions>
      </trkpt>
      <trkpt lat="39.94085264392197132110595703125" lon="-105.837069265544414520263671875">
        <ele>2663.39990234375</ele>
        <time>2026-08-01T15:26:04.000Z</time>
        <extensions>
          <ns3:TrackPointExtension>
            <ns3:atemp>21.0</ns3:atemp>
          </ns3:TrackPointExtension>
        </extensions>
      </trkpt>
      <trkpt lat="39.94089790619909763336181640625" lon="-105.8369933255016803741455078125">
        <ele>2663.39990234375</ele>
        <time>2026-08-01T15:26:05.000Z</time>
        <extensions>
          <ns3:TrackPointExtension>
            <ns3:atemp>21.0</ns3:atemp>
          </ns3:TrackPointExtension>
        </extensions>
      </trkpt>
      <trkpt lat="39.94099329225718975067138671875" lon="-105.83684404380619525909423828125">
        <ele>2663.199951171875</ele>
        <time>2026-08-01T15:26:07.000Z</time>
        <extensions>
          <ns3:TrackPointExtension>
            <ns3:atemp>21.0</ns3:atemp>
          </ns3:TrackPointExtension>
        </extensions>
      </trkpt>
      <trkpt lat="39.94122614152729511260986328125" lon="-105.83647121675312519073486328125">
        <ele>2663</ele>
        <time>2026-08-01T15:26:12.000Z</time>
        <extensions>
          <ns3:TrackPointExtension>
            <ns3:atemp>21.0</ns3:atemp>
          </ns3:TrackPointExtension>
        </extensions>
      </trkpt>
      <trkpt lat="39.9413589946925640106201171875" lon="-105.836236774921417236328125">
        <ele>2662.199951171875</ele>
        <time>2026-08-01T15:26:15.000Z</time>
        <extensions>
          <ns3:TrackPointExtension>
            <ns3:atemp>21.0</ns3:atemp>
          </ns3:TrackPointExtension>
        </extensions>
      </trkpt>
      <trkpt lat="39.94150257669389247894287109375" lon="-105.8360106311738491058349609375">
        <ele>2661.60009765625</ele>
        <time>2026-08-01T15:26:18.000Z</time>
        <extensions>
          <ns3:TrackPointExtension>
            <ns3:atemp>21.0</ns3:atemp>
          </ns3:TrackPointExtension>
        </extensions>
      </trkpt>
      <trkpt lat="39.94176308624446392059326171875" lon="-105.8355399034917354583740234375">
        <ele>2661.199951171875</ele>
        <time>2026-08-01T15:26:24.000Z</time>
        <extensions>
          <ns3:TrackPointExtension>
            <ns3:atemp>21.0</ns3:atemp>
          </ns3:TrackPointExtension>
        </extensions>
      </trkpt>
      <trkpt lat="39.94181019254028797149658203125" lon="-105.83546161651611328125">
        <ele>2661.199951171875</ele>
        <time>2026-08-01T15:26:25.000Z</time>
        <extensions>
          <ns3:TrackPointExtension>
            <ns3:atemp>21.0</ns3:atemp>
          </ns3:TrackPointExtension>
        </extensions>
      </trkpt>
      <trkpt lat="39.9421375058591365814208984375" lon="-105.83491100929677486419677734375">
        <ele>2660.800048828125</ele>
        <time>2026-08-01T15:26:32.000Z</time>
        <extensions>
          <ns3:TrackPointExtension>
            <ns3:atemp>21.0</ns3:atemp>
          </ns3:TrackPointExtension>
        </extensions>
      </trkpt>
      <trkpt lat="39.94218402542173862457275390625" lon="-105.834834985435009002685546875">
        <ele>2660.60009765625</ele>
        <time>2026-08-01T15:26:33.000Z</time>
        <extensions>
          <ns3:TrackPointExtension>
            <ns3:atemp>21.0</ns3:atemp>
          </ns3:TrackPointExtension>
        </extensions>
      </trkpt>
      <trkpt lat="39.9423752166330814361572265625" lon="-105.8345122821629047393798828125">
        <ele>2660.39990234375</ele>
        <time>2026-08-01T15:26:37.000Z</time>
        <extensions>
          <ns3:TrackPointExtension>
            <ns3:atemp>21.0</ns3:atemp>
          </ns3:TrackPointExtension>
        </extensions>
      </trkpt>
      <trkpt lat="39.942423999309539794921875" lon="-105.8344308100640773773193359375">
        <ele>2660.39990234375</ele>
        <time>2026-08-01T15:26:38.000Z</time>
        <extensions>
          <ns3:TrackPointExtension>
            <ns3:atemp>21.0</ns3:atemp>
          </ns3:TrackPointExtension>
        </extensions>
      </trkpt>
      <trkpt lat="39.942524246871471405029296875" lon="-105.83426174707710742950439453125">
        <ele>2660.199951171875</ele>
        <time>2026-08-01T15:26:40.000Z</time>
        <extensions>
          <ns3:TrackPointExtension>
            <ns3:atemp>21.0</ns3:atemp>
          </ns3:TrackPointExtension>
        </extensions>
      </trkpt>
      <trkpt lat="39.94287704117596149444580078125" lon="-105.833670906722545623779296875">
        <ele>2659.199951171875</ele>
        <time>2026-08-01T15:26:47.000Z</time>
        <extensions>
          <ns3:TrackPointExtension>
            <ns3:atemp>21.0</ns3:atemp>
          </ns3:TrackPointExtension>
        </extensions>
      </trkpt>
      <trkpt lat="39.94298349134624004364013671875" lon="-105.8335074596107006072998046875">
        <ele>2659</ele>
        <time>2026-08-01T15:26:49.000Z</time>
        <extensions>
          <ns3:TrackPointExtension>
            <ns3:atemp>21.0</ns3:atemp>
          </ns3:TrackPointExtension>
        </extensions>
      </trkpt>
      <trkpt lat="39.9433451704680919647216796875" lon="-105.8328814990818500518798828125">
        <ele>2658</ele>
        <time>2026-08-01T15:26:56.000Z</time>
        <extensions>
          <ns3:TrackPointExtension>
            <ns3:atemp>21.0</ns3:atemp>
          </ns3:TrackPointExtension>
        </extensions>
      </trkpt>
      <trkpt lat="39.94345061480998992919921875" lon="-105.83270656876266002655029296875">
        <ele>2657.60009765625</ele>
        <time>2026-08-01T15:26:58.000Z</time>
        <extensions>
          <ns3:TrackPointExtension>
            <ns3:atemp>21.0</ns3:atemp>
          </ns3:TrackPointExtension>
        </extensions>
      </trkpt>
      <trkpt lat="39.94361288845539093017578125" lon="-105.83244589157402515411376953125">
        <ele>2657</ele>
        <time>2026-08-01T15:27:01.000Z</time>
        <extensions>
          <ns3:TrackPointExtension>
            <ns3:atemp>21.0</ns3:atemp>
          </ns3:TrackPointExtension>
        </extensions>
      </trkpt>
      <trkpt lat="39.943765439093112945556640625" lon="-105.832176916301250457763671875">
        <ele>2656.199951171875</ele>
        <time>2026-08-01T15:27:04.000Z</time>
        <extensions>
          <ns3:TrackPointExtension>
            <ns3:atemp>21.0</ns3:atemp>
          </ns3:TrackPointExtension>
        </extensions>
      </trkpt>
      <trkpt lat="39.94393073022365570068359375" lon="-105.83191481418907642364501953125">
        <ele>2656</ele>
        <time>2026-08-01T15:27:07.000Z</time>
        <extensions>
          <ns3:TrackPointExtension>
            <ns3:atemp>21.0</ns3:atemp>
          </ns3:TrackPointExtension>
        </extensions>
      </trkpt>
      <trkpt lat="39.9440365098416805267333984375" lon="-105.83172462880611419677734375">
        <ele>2655.800048828125</ele>
        <time>2026-08-01T15:27:09.000Z</time>
        <extensions>
          <ns3:TrackPointExtension>
            <ns3:atemp>21.0</ns3:atemp>
          </ns3:TrackPointExtension>
        </extensions>
      </trkpt>
      <trkpt lat="39.9442735500633716583251953125" lon="-105.83133076317608356475830078125">
        <ele>2655</ele>
        <time>2026-08-01T15:27:13.000Z</time>
        <extensions>
          <ns3:TrackPointExtension>
            <ns3:atemp>21.0</ns3:atemp>
          </ns3:TrackPointExtension>
        </extensions>
      </trkpt>
      <trkpt lat="39.94433574378490447998046875" lon="-105.8312262408435344696044921875">
        <ele>2654.800048828125</ele>
        <time>2026-08-01T15:27:14.000Z</time>
        <extensions>
          <ns3:TrackPointExtension>
            <ns3:atemp>21.0</ns3:atemp>
          </ns3:TrackPointExtension>
        </extensions>
      </trkpt>
      <trkpt lat="39.94445241987705230712890625" lon="-105.83100889809429645538330078125">
        <ele>2653.60009765625</ele>
        <time>2026-08-01T15:27:16.000Z</time>
        <extensions>
          <ns3:TrackPointExtension>
            <ns3:atemp>21.0</ns3:atemp>
          </ns3:TrackPointExtension>
        </extensions>
      </trkpt>
      <trkpt lat="39.94455861859023571014404296875" lon="-105.83078007213771343231201171875">
        <ele>2652.60009765625</ele>
        <time>2026-08-01T15:27:18.000Z</time>
        <extensions>
          <ns3:TrackPointExtension>
            <ns3:atemp>21.0</ns3:atemp>
          </ns3:TrackPointExtension>
        </extensions>
      </trkpt>
      <trkpt lat="39.94460220448672771453857421875" lon="-105.830654762685298919677734375">
        <ele>2652.199951171875</ele>
        <time>2026-08-01T15:27:19.000Z</time>
        <extensions>
          <ns3:TrackPointExtension>
            <ns3:atemp>21.0</ns3:atemp>
          </ns3:TrackPointExtension>
        </extensions>
      </trkpt>
      <trkpt lat="39.94463489390909671783447265625" lon="-105.83052274771034717559814453125">
        <ele>2651.39990234375</ele>
        <time>2026-08-01T15:27:20.000Z</time>
        <extensions>
          <ns3:TrackPointExtension>
            <ns3:atemp>21.0</ns3:atemp>
          </ns3:TrackPointExtension>
        </extensions>
      </trkpt>
      <trkpt lat="39.9446544237434864044189453125" lon="-105.83038746379315853118896484375">
        <ele>2650.60009765625</ele>
        <time>2026-08-01T15:27:21.000Z</time>
        <extensions>
          <ns3:TrackPointExtension>
            <ns3:atemp>21.0</ns3:atemp>
          </ns3:TrackPointExtension>
        </extensions>
      </trkpt>
      <trkpt lat="39.944660961627960205078125" lon="-105.83024832420051097869873046875">
        <ele>2650.199951171875</ele>
        <time>2026-08-01T15:27:22.000Z</time>
        <extensions>
          <ns3:TrackPointExtension>
            <ns3:atemp>21.0</ns3:atemp>
          </ns3:TrackPointExtension>
        </extensions>
      </trkpt>
      <trkpt lat="39.9446591176092624664306640625" lon="-105.8301091007888317108154296875">
        <ele>2649.199951171875</ele>
        <time>2026-08-01T15:27:23.000Z</time>
        <extensions>
          <ns3:TrackPointExtension>
            <ns3:atemp>21.0</ns3:atemp>
          </ns3:TrackPointExtension>
        </extensions>
      </trkpt>
      <trkpt lat="39.9446440301835536956787109375" lon="-105.8298335038125514984130859375">
        <ele>2647.800048828125</ele>
        <time>2026-08-01T15:27:25.000Z</time>
        <extensions>
          <ns3:TrackPointExtension>
            <ns3:atemp>21.0</ns3:atemp>
          </ns3:TrackPointExtension>
        </extensions>
      </trkpt>
      <trkpt lat="39.94463707320392131805419921875" lon="-105.8295632712543010711669921875">
        <ele>2647</ele>
        <time>2026-08-01T15:27:27.000Z</time>
        <extensions>
          <ns3:TrackPointExtension>
            <ns3:atemp>21.0</ns3:atemp>
          </ns3:TrackPointExtension>
        </extensions>
      </trkpt>
      <trkpt lat="39.94463388808071613311767578125" lon="-105.829302929341793060302734375">
        <ele>2646.199951171875</ele>
        <time>2026-08-01T15:27:29.000Z</time>
        <extensions>
          <ns3:TrackPointExtension>
            <ns3:atemp>21.0</ns3:atemp>
          </ns3:TrackPointExtension>
        </extensions>
      </trkpt>
      <trkpt lat="39.94463221170008182525634765625" lon="-105.82905440591275691986083984375">
        <ele>2644.800048828125</ele>
        <time>2026-08-01T15:27:31.000Z</time>
        <extensions>
          <ns3:TrackPointExtension>
            <ns3:atemp>21.0</ns3:atemp>
          </ns3:TrackPointExtension>
        </extensions>
      </trkpt>
      <trkpt lat="39.9446353130042552947998046875" lon="-105.828812085092067718505859375">
        <ele>2643.800048828125</ele>
        <time>2026-08-01T15:27:33.000Z</time>
        <extensions>
          <ns3:TrackPointExtension>
            <ns3:atemp>21.0</ns3:atemp>
          </ns3:TrackPointExtension>
        </extensions>
      </trkpt>
      <trkpt lat="39.944638498127460479736328125" lon="-105.82821428775787353515625">
        <ele>2642.60009765625</ele>
        <time>2026-08-01T15:27:38.000Z</time>
        <extensions>
          <ns3:TrackPointExtension>
            <ns3:atemp>21.0</ns3:atemp>
          </ns3:TrackPointExtension>
        </extensions>
      </trkpt>
      <trkpt lat="39.944638498127460479736328125" lon="-105.82797355949878692626953125">
        <ele>2642.39990234375</ele>
        <time>2026-08-01T15:27:40.000Z</time>
        <extensions>
          <ns3:TrackPointExtension>
            <ns3:atemp>21.0</ns3:atemp>
          </ns3:TrackPointExtension>
        </extensions>
      </trkpt>
      <trkpt lat="39.94463439099490642547607421875" lon="-105.82737945020198822021484375">
        <ele>2641.60009765625</ele>
        <time>2026-08-01T15:27:45.000Z</time>
        <extensions>
          <ns3:TrackPointExtension>
            <ns3:atemp>21.0</ns3:atemp>
          </ns3:TrackPointExtension>
        </extensions>
      </trkpt>
      <trkpt lat="39.9446386657655239105224609375" lon="-105.82668450661003589630126953125">
        <ele>2640.800048828125</ele>
        <time>2026-08-01T15:27:51.000Z</time>
        <extensions>
          <ns3:TrackPointExtension>
            <ns3:atemp>21.0</ns3:atemp>
          </ns3:TrackPointExtension>
        </extensions>
      </trkpt>
      <trkpt lat="39.94463992305099964141845703125" lon="-105.826449729502201080322265625">
        <ele>2640.60009765625</ele>
        <time>2026-08-01T15:27:53.000Z</time>
        <extensions>
          <ns3:TrackPointExtension>
            <ns3:atemp>21.0</ns3:atemp>
          </ns3:TrackPointExtension>
        </extensions>
      </trkpt>
      <trkpt lat="39.9446403421461582183837890625" lon="-105.8263318799436092376708984375">
        <ele>2640.60009765625</ele>
        <time>2026-08-01T15:27:54.000Z</time>
        <extensions>
          <ns3:TrackPointExtension>
            <ns3:atemp>21.0</ns3:atemp>
          </ns3:TrackPointExtension>
        </extensions>
      </trkpt>
      <trkpt lat="39.9446390010416507720947265625" lon="-105.82562587223947048187255859375">
        <ele>2640</ele>
        <time>2026-08-01T15:28:00.000Z</time>
        <extensions>
          <ns3:TrackPointExtension>
            <ns3:atemp>21.0</ns3:atemp>
          </ns3:TrackPointExtension>
        </extensions>
      </trkpt>
      <trkpt lat="39.9446379952132701873779296875" lon="-105.82550869323313236236572265625">
        <ele>2639.60009765625</ele>
        <time>2026-08-01T15:28:01.000Z</time>
        <extensions>
          <ns3:TrackPointExtension>
            <ns3:atemp>21.0</ns3:atemp>
          </ns3:TrackPointExtension>
        </extensions>
      </trkpt>
      <trkpt lat="39.94463740848004817962646484375" lon="-105.82527659833431243896484375">
        <ele>2639.39990234375</ele>
        <time>2026-08-01T15:28:03.000Z</time>
        <extensions>
          <ns3:TrackPointExtension>
            <ns3:atemp>21.0</ns3:atemp>
          </ns3:TrackPointExtension>
        </extensions>
      </trkpt>
      <trkpt lat="39.94464092887938022613525390625" lon="-105.82471040077507495880126953125">
        <ele>2638.60009765625</ele>
        <time>2026-08-01T15:28:08.000Z</time>
        <extensions>
          <ns3:TrackPointExtension>
            <ns3:atemp>21.0</ns3:atemp>
          </ns3:TrackPointExtension>
        </extensions>
      </trkpt>
      <trkpt lat="39.94464528746902942657470703125" lon="-105.82437403500080108642578125">
        <ele>2638.199951171875</ele>
        <time>2026-08-01T15:28:11.000Z</time>
        <extensions>
          <ns3:TrackPointExtension>
            <ns3:atemp>21.0</ns3:atemp>
          </ns3:TrackPointExtension>
        </extensions>
      </trkpt>
      <trkpt lat="39.94464495219290256500244140625" lon="-105.8236215077340602874755859375">
        <ele>2637.800048828125</ele>
        <time>2026-08-01T15:28:18.000Z</time>
        <extensions>
          <ns3:TrackPointExtension>
            <ns3:atemp>21.0</ns3:atemp>
          </ns3:TrackPointExtension>
        </extensions>
      </trkpt>
      <trkpt lat="39.9446473829448223114013671875" lon="-105.823115408420562744140625">
        <ele>2637.39990234375</ele>
        <time>2026-08-01T15:28:23.000Z</time>
        <extensions>
          <ns3:TrackPointExtension>
            <ns3:atemp>21.0</ns3:atemp>
          </ns3:TrackPointExtension>
        </extensions>
      </trkpt>
      <trkpt lat="39.94460019282996654510498046875" lon="-105.82297249697148799896240234375">
        <ele>2637.199951171875</ele>
        <time>2026-08-01T15:28:25.000Z</time>
        <extensions>
          <ns3:TrackPointExtension>
            <ns3:atemp>21.0</ns3:atemp>
          </ns3:TrackPointExtension>
        </extensions>
      </trkpt>
      <trkpt lat="39.94449399411678314208984375" lon="-105.82293310202658176422119140625">
        <ele>2637.199951171875</ele>
        <time>2026-08-01T15:28:27.000Z</time>
        <extensions>
          <ns3:TrackPointExtension>
            <ns3:atemp>21.0</ns3:atemp>
          </ns3:TrackPointExtension>
        </extensions>
      </trkpt>
      <trkpt lat="39.94433398358523845672607421875" lon="-105.82294014282524585723876953125">
        <ele>2636.60009765625</ele>
        <time>2026-08-01T15:28:30.000Z</time>
        <extensions>
          <ns3:TrackPointExtension>
            <ns3:atemp>21.0</ns3:atemp>
          </ns3:TrackPointExtension>
        </extensions>
      </trkpt>
      <trkpt lat="39.94422334246337413787841796875" lon="-105.8229305036365985870361328125">
        <ele>2636.199951171875</ele>
        <time>2026-08-01T15:28:32.000Z</time>
        <extensions>
          <ns3:TrackPointExtension>
            <ns3:atemp>21.0</ns3:atemp>
          </ns3:TrackPointExtension>
        </extensions>
      </trkpt>
      <trkpt lat="39.944166429340839385986328125" lon="-105.8229328505694866180419921875">
        <ele>2636.199951171875</ele>
        <time>2026-08-01T15:28:33.000Z</time>
        <extensions>
          <ns3:TrackPointExtension>
            <ns3:atemp>21.0</ns3:atemp>
          </ns3:TrackPointExtension>
        </extensions>
      </trkpt>
      <trkpt lat="39.943992756307125091552734375" lon="-105.82293444313108921051025390625">
        <ele>2636.199951171875</ele>
        <time>2026-08-01T15:28:36.000Z</time>
        <extensions>
          <ns3:TrackPointExtension>
            <ns3:atemp>21.0</ns3:atemp>
          </ns3:TrackPointExtension>
        </extensions>
      </trkpt>
      <trkpt lat="39.94357223622500896453857421875" lon="-105.82295782864093780517578125">
        <ele>2636.199951171875</ele>
        <time>2026-08-01T15:28:43.000Z</time>
        <extensions>
          <ns3:TrackPointExtension>
            <ns3:atemp>21.0</ns3:atemp>
          </ns3:TrackPointExtension>
        </extensions>
      </trkpt>
      <trkpt lat="39.94346000254154205322265625" lon="-105.82296713255345821380615234375">
        <ele>2636.39990234375</ele>
        <time>2026-08-01T15:28:45.000Z</time>
        <extensions>
          <ns3:TrackPointExtension>
            <ns3:atemp>21.0</ns3:atemp>
          </ns3:TrackPointExtension>
        </extensions>
      </trkpt>
      <trkpt lat="39.94340375997126102447509765625" lon="-105.82296243868768215179443359375">
        <ele>2636.39990234375</ele>
        <time>2026-08-01T15:28:46.000Z</time>
        <extensions>
          <ns3:TrackPointExtension>
            <ns3:atemp>22.0</ns3:atemp>
          </ns3:TrackPointExtension>
        </extensions>
      </trkpt>
      <trkpt lat="39.9430507980287075042724609375" lon="-105.8229772746562957763671875">
        <ele>2636.60009765625</ele>
        <time>2026-08-01T15:28:52.000Z</time>
        <extensions>
          <ns3:TrackPointExtension>
            <ns3:atemp>21.0</ns3:atemp>
          </ns3:TrackPointExtension>
        </extensions>
      </trkpt>
      <trkpt lat="39.94268191047012805938720703125" lon="-105.82297584973275661468505859375">
        <ele>2637</ele>
        <time>2026-08-01T15:28:58.000Z</time>
        <extensions>
          <ns3:TrackPointExtension>
            <ns3:atemp>21.0</ns3:atemp>
          </ns3:TrackPointExtension>
        </extensions>
      </trkpt>
      <trkpt lat="39.94262089021503925323486328125" lon="-105.8229804597795009613037109375">
        <ele>2637</ele>
        <time>2026-08-01T15:28:59.000Z</time>
        <extensions>
          <ns3:TrackPointExtension>
            <ns3:atemp>21.0</ns3:atemp>
          </ns3:TrackPointExtension>
        </extensions>
      </trkpt>
      <trkpt lat="39.94219936430454254150390625" lon="-105.82294316031038761138916015625">
        <ele>2638</ele>
        <time>2026-08-01T15:29:06.000Z</time>
        <extensions>
          <ns3:TrackPointExtension>
            <ns3:atemp>21.0</ns3:atemp>
          </ns3:TrackPointExtension>
        </extensions>
      </trkpt>
      <trkpt lat="39.94208545424044132232666015625" lon="-105.8229251392185688018798828125">
        <ele>2638</ele>
        <time>2026-08-01T15:29:08.000Z</time>
        <extensions>
          <ns3:TrackPointExtension>
            <ns3:atemp>21.0</ns3:atemp>
          </ns3:TrackPointExtension>
        </extensions>
      </trkpt>
      <trkpt lat="39.94180130772292613983154296875" lon="-105.82284777425229549407958984375">
        <ele>2638.39990234375</ele>
        <time>2026-08-01T15:29:13.000Z</time>
        <extensions>
          <ns3:TrackPointExtension>
            <ns3:atemp>22.0</ns3:atemp>
          </ns3:TrackPointExtension>
        </extensions>
      </trkpt>
      <trkpt lat="39.94157063774764537811279296875" lon="-105.8227853290736675262451171875">
        <ele>2638.60009765625</ele>
        <time>2026-08-01T15:29:17.000Z</time>
        <extensions>
          <ns3:TrackPointExtension>
            <ns3:atemp>21.0</ns3:atemp>
          </ns3:TrackPointExtension>
        </extensions>
      </trkpt>
      <trkpt lat="39.94146435521543025970458984375" lon="-105.82272456027567386627197265625">
        <ele>2638.800048828125</ele>
        <time>2026-08-01T15:29:19.000Z</time>
        <extensions>
          <ns3:TrackPointExtension>
            <ns3:atemp>22.0</ns3:atemp>
          </ns3:TrackPointExtension>
        </extensions>
      </trkpt>
      <trkpt lat="39.94125581346452236175537109375" lon="-105.822605788707733154296875">
        <ele>2638.800048828125</ele>
        <time>2026-08-01T15:29:23.000Z</time>
        <extensions>
          <ns3:TrackPointExtension>
            <ns3:atemp>22.0</ns3:atemp>
          </ns3:TrackPointExtension>
        </extensions>
      </trkpt>
      <trkpt lat="39.9411571584641933441162109375" lon="-105.822534374892711639404296875">
        <ele>2639</ele>
        <time>2026-08-01T15:29:25.000Z</time>
        <extensions>
          <ns3:TrackPointExtension>
            <ns3:atemp>22.0</ns3:atemp>
          </ns3:TrackPointExtension>
        </extensions>
      </trkpt>
      <trkpt lat="39.9411102198064327239990234375" lon="-105.8224949799478054046630859375">
        <ele>2639</ele>
        <time>2026-08-01T15:29:26.000Z</time>
        <extensions>
          <ns3:TrackPointExtension>
            <ns3:atemp>22.0</ns3:atemp>
          </ns3:TrackPointExtension>
        </extensions>
      </trkpt>
      <trkpt lat="39.9409308470785617828369140625" lon="-105.82230965606868267059326171875">
        <ele>2639.199951171875</ele>
        <time>2026-08-01T15:29:30.000Z</time>
        <extensions>
          <ns3:TrackPointExtension>
            <ns3:atemp>22.0</ns3:atemp>
          </ns3:TrackPointExtension>
        </extensions>
      </trkpt>
      <trkpt lat="39.9408842436969280242919921875" lon="-105.82225953228771686553955078125">
        <ele>2639.199951171875</ele>
        <time>2026-08-01T15:29:31.000Z</time>
        <extensions>
          <ns3:TrackPointExtension>
            <ns3:atemp>22.0</ns3:atemp>
          </ns3:TrackPointExtension>
        </extensions>
      </trkpt>
      <trkpt lat="39.940658770501613616943359375" lon="-105.82200086675584316253662109375">
        <ele>2639.39990234375</ele>
        <time>2026-08-01T15:29:36.000Z</time>
        <extensions>
          <ns3:TrackPointExtension>
            <ns3:atemp>22.0</ns3:atemp>
          </ns3:TrackPointExtension>
        </extensions>
      </trkpt>
      <trkpt lat="39.94057805277407169342041015625" lon="-105.82188067026436328887939453125">
        <ele>2639.39990234375</ele>
        <time>2026-08-01T15:29:38.000Z</time>
        <extensions>
          <ns3:TrackPointExtension>
            <ns3:atemp>22.0</ns3:atemp>
          </ns3:TrackPointExtension>
        </extensions>
      </trkpt>
      <trkpt lat="39.94028435088694095611572265625" lon="-105.82134724594652652740478515625">
        <ele>2639.800048828125</ele>
        <time>2026-08-01T15:29:46.000Z</time>
        <extensions>
          <ns3:TrackPointExtension>
            <ns3:atemp>22.0</ns3:atemp>
          </ns3:TrackPointExtension>
        </extensions>
      </trkpt>
      <trkpt lat="39.9402200616896152496337890625" lon="-105.82119469530880451202392578125">
        <ele>2639.800048828125</ele>
        <time>2026-08-01T15:29:48.000Z</time>
        <extensions>
          <ns3:TrackPointExtension>
            <ns3:atemp>22.0</ns3:atemp>
          </ns3:TrackPointExtension>
        </extensions>
      </trkpt>
      <trkpt lat="39.9401198141276836395263671875" lon="-105.820878110826015472412109375">
        <ele>2639.60009765625</ele>
        <time>2026-08-01T15:29:52.000Z</time>
        <extensions>
          <ns3:TrackPointExtension>
            <ns3:atemp>22.0</ns3:atemp>
          </ns3:TrackPointExtension>
        </extensions>
      </trkpt>
      <trkpt lat="39.94002635590732097625732421875" lon="-105.8203733526170253753662109375">
        <ele>2639.60009765625</ele>
        <time>2026-08-01T15:29:58.000Z</time>
        <extensions>
          <ns3:TrackPointExtension>
            <ns3:atemp>22.0</ns3:atemp>
          </ns3:TrackPointExtension>
        </extensions>
      </trkpt>
      <trkpt lat="39.9399883858859539031982421875" lon="-105.81973775289952754974365234375">
        <ele>2639.199951171875</ele>
        <time>2026-08-01T15:30:05.000Z</time>
        <extensions>
          <ns3:TrackPointExtension>
            <ns3:atemp>22.0</ns3:atemp>
          </ns3:TrackPointExtension>
        </extensions>
      </trkpt>
      <trkpt lat="39.94000271894037723541259765625" lon="-105.8190443180501461029052734375">
        <ele>2638.60009765625</ele>
        <time>2026-08-01T15:30:12.000Z</time>
        <extensions>
          <ns3:TrackPointExtension>
            <ns3:atemp>22.0</ns3:atemp>
          </ns3:TrackPointExtension>
        </extensions>
      </trkpt>
      <trkpt lat="39.9399957619607448577880859375" lon="-105.8183647133409976959228515625">
        <ele>2637.39990234375</ele>
        <time>2026-08-01T15:30:19.000Z</time>
        <extensions>
          <ns3:TrackPointExtension>
            <ns3:atemp>22.0</ns3:atemp>
          </ns3:TrackPointExtension>
        </extensions>
      </trkpt>
      <trkpt lat="39.9399991147220134735107421875" lon="-105.81817402504384517669677734375">
        <ele>2637.39990234375</ele>
        <time>2026-08-01T15:30:21.000Z</time>
        <extensions>
          <ns3:TrackPointExtension>
            <ns3:atemp>22.0</ns3:atemp>
          </ns3:TrackPointExtension>
        </extensions>
      </trkpt>
      <trkpt lat="39.93998587131500244140625" lon="-105.81741495989263057708740234375">
        <ele>2637</ele>
        <time>2026-08-01T15:30:29.000Z</time>
        <extensions>
          <ns3:TrackPointExtension>
            <ns3:atemp>22.0</ns3:atemp>
          </ns3:TrackPointExtension>
        </extensions>
      </trkpt>
      <trkpt lat="39.9399846978485584259033203125" lon="-105.81722670234739780426025390625">
        <ele>2637</ele>
        <time>2026-08-01T15:30:31.000Z</time>
        <extensions>
          <ns3:TrackPointExtension>
            <ns3:atemp>22.0</ns3:atemp>
          </ns3:TrackPointExtension>
        </extensions>
      </trkpt>
      <trkpt lat="39.93998897261917591094970703125" lon="-105.81694842316210269927978515625">
        <ele>2636.60009765625</ele>
        <time>2026-08-01T15:30:34.000Z</time>
        <extensions>
          <ns3:TrackPointExtension>
            <ns3:atemp>22.0</ns3:atemp>
          </ns3:TrackPointExtension>
        </extensions>
      </trkpt>
      <trkpt lat="39.94000037200748920440673828125" lon="-105.8163939602673053741455078125">
        <ele>2636.60009765625</ele>
        <time>2026-08-01T15:30:40.000Z</time>
        <extensions>
          <ns3:TrackPointExtension>
            <ns3:atemp>22.0</ns3:atemp>
          </ns3:TrackPointExtension>
        </extensions>
      </trkpt>
      <trkpt lat="39.93999701924622058868408203125" lon="-105.8161223866045475006103515625">
        <ele>2636.39990234375</ele>
        <time>2026-08-01T15:30:43.000Z</time>
        <extensions>
          <ns3:TrackPointExtension>
            <ns3:atemp>22.0</ns3:atemp>
          </ns3:TrackPointExtension>
        </extensions>
      </trkpt>
      <trkpt lat="39.9399977736175060272216796875" lon="-105.8154826797544956207275390625">
        <ele>2636</ele>
        <time>2026-08-01T15:30:50.000Z</time>
        <extensions>
          <ns3:TrackPointExtension>
            <ns3:atemp>22.0</ns3:atemp>
          </ns3:TrackPointExtension>
        </extensions>
      </trkpt>
      <trkpt lat="39.93999727070331573486328125" lon="-105.81530020572245121002197265625">
        <ele>2635.800048828125</ele>
        <time>2026-08-01T15:30:52.000Z</time>
        <extensions>
          <ns3:TrackPointExtension>
            <ns3:atemp>22.0</ns3:atemp>
          </ns3:TrackPointExtension>
        </extensions>
      </trkpt>
      <trkpt lat="39.939983189105987548828125" lon="-105.81482897512614727020263671875">
        <ele>2635</ele>
        <time>2026-08-01T15:30:57.000Z</time>
        <extensions>
          <ns3:TrackPointExtension>
            <ns3:atemp>22.0</ns3:atemp>
          </ns3:TrackPointExtension>
        </extensions>
      </trkpt>
      <trkpt lat="39.93997178971767425537109375" lon="-105.8144429884850978851318359375">
        <ele>2634.60009765625</ele>
        <time>2026-08-01T15:31:01.000Z</time>
        <extensions>
          <ns3:TrackPointExtension>
            <ns3:atemp>22.0</ns3:atemp>
          </ns3:TrackPointExtension>
        </extensions>
      </trkpt>
      <trkpt lat="39.9399779923260211944580078125" lon="-105.8142582513391971588134765625">
        <ele>2634.60009765625</ele>
        <time>2026-08-01T15:31:03.000Z</time>
        <extensions>
          <ns3:TrackPointExtension>
            <ns3:atemp>22.0</ns3:atemp>
          </ns3:TrackPointExtension>
        </extensions>
      </trkpt>
      <trkpt lat="39.9399934150278568267822265625" lon="-105.81369213759899139404296875">
        <ele>2633.60009765625</ele>
        <time>2026-08-01T15:31:09.000Z</time>
        <extensions>
          <ns3:TrackPointExtension>
            <ns3:atemp>22.0</ns3:atemp>
          </ns3:TrackPointExtension>
        </extensions>
      </trkpt>
      <trkpt lat="39.94000665843486785888671875" lon="-105.8134197257459163665771484375">
        <ele>2633.60009765625</ele>
        <time>2026-08-01T15:31:12.000Z</time>
        <extensions>
          <ns3:TrackPointExtension>
            <ns3:atemp>22.0</ns3:atemp>
          </ns3:TrackPointExtension>
        </extensions>
      </trkpt>
      <trkpt lat="39.9400581233203411102294921875" lon="-105.813169442117214202880859375">
        <ele>2633.800048828125</ele>
        <time>2026-08-01T15:31:15.000Z</time>
        <extensions>
          <ns3:TrackPointExtension>
            <ns3:atemp>22.0</ns3:atemp>
          </ns3:TrackPointExtension>
        </extensions>
      </trkpt>
      <trkpt lat="39.94008452631533145904541015625" lon="-105.81309442408382892608642578125">
        <ele>2633.800048828125</ele>
        <time>2026-08-01T15:31:16.000Z</time>
        <extensions>
          <ns3:TrackPointExtension>
            <ns3:atemp>22.0</ns3:atemp>
          </ns3:TrackPointExtension>
        </extensions>
      </trkpt>
      <trkpt lat="39.94015040807425975799560546875" lon="-105.8129645884037017822265625">
        <ele>2633.800048828125</ele>
        <time>2026-08-01T15:31:18.000Z</time>
        <extensions>
          <ns3:TrackPointExtension>
            <ns3:atemp>22.0</ns3:atemp>
          </ns3:TrackPointExtension>
        </extensions>
      </trkpt>
      <trkpt lat="39.9401925690472126007080078125" lon="-105.81290750764310359954833984375">
        <ele>2634</ele>
        <time>2026-08-01T15:31:19.000Z</time>
        <extensions>
          <ns3:TrackPointExtension>
            <ns3:atemp>22.0</ns3:atemp>
          </ns3:TrackPointExtension>
        </extensions>
      </trkpt>
      <trkpt lat="39.9402393400669097900390625" lon="-105.8128564618527889251708984375">
        <ele>2634</ele>
        <time>2026-08-01T15:31:20.000Z</time>
        <extensions>
          <ns3:TrackPointExtension>
            <ns3:atemp>22.0</ns3:atemp>
          </ns3:TrackPointExtension>
        </extensions>
      </trkpt>
      <trkpt lat="39.94040873833000659942626953125" lon="-105.81274154596030712127685546875">
        <ele>2634</ele>
        <time>2026-08-01T15:31:23.000Z</time>
        <extensions>
          <ns3:TrackPointExtension>
            <ns3:atemp>22.0</ns3:atemp>
          </ns3:TrackPointExtension>
        </extensions>
      </trkpt>
      <trkpt lat="39.9407477863132953643798828125" lon="-105.81259285099804401397705078125">
        <ele>2634</ele>
        <time>2026-08-01T15:31:28.000Z</time>
        <extensions>
          <ns3:TrackPointExtension>
            <ns3:atemp>22.0</ns3:atemp>
          </ns3:TrackPointExtension>
        </extensions>
      </trkpt>
      <trkpt lat="39.9411620199680328369140625" lon="-105.81251422874629497528076171875">
        <ele>2633.199951171875</ele>
        <time>2026-08-01T15:31:34.000Z</time>
        <extensions>
          <ns3:TrackPointExtension>
            <ns3:atemp>22.0</ns3:atemp>
          </ns3:TrackPointExtension>
        </extensions>
      </trkpt>
      <trkpt lat="39.9414424784481525421142578125" lon="-105.81249226815998554229736328125">
        <ele>2632.800048828125</ele>
        <time>2026-08-01T15:31:38.000Z</time>
        <extensions>
          <ns3:TrackPointExtension>
            <ns3:atemp>22.0</ns3:atemp>
          </ns3:TrackPointExtension>
        </extensions>
      </trkpt>
      <trkpt lat="39.9417237751185894012451171875" lon="-105.8125161565840244293212890625">
        <ele>2632.199951171875</ele>
        <time>2026-08-01T15:31:42.000Z</time>
        <extensions>
          <ns3:TrackPointExtension>
            <ns3:atemp>22.0</ns3:atemp>
          </ns3:TrackPointExtension>
        </extensions>
      </trkpt>
      <trkpt lat="39.9418736435472965240478515625" lon="-105.81252328120172023773193359375">
        <ele>2631.800048828125</ele>
        <time>2026-08-01T15:31:44.000Z</time>
        <extensions>
          <ns3:TrackPointExtension>
            <ns3:atemp>22.0</ns3:atemp>
          </ns3:TrackPointExtension>
        </extensions>
      </trkpt>
      <trkpt lat="39.94216357357800006866455078125" lon="-105.81249855458736419677734375">
        <ele>2631.39990234375</ele>
        <time>2026-08-01T15:31:48.000Z</time>
        <extensions>
          <ns3:TrackPointExtension>
            <ns3:atemp>22.0</ns3:atemp>
          </ns3:TrackPointExtension>
        </extensions>
      </trkpt>
      <trkpt lat="39.94271577335894107818603515625" lon="-105.812493860721588134765625">
        <ele>2631</ele>
        <time>2026-08-01T15:31:56.000Z</time>
        <extensions>
          <ns3:TrackPointExtension>
            <ns3:atemp>22.0</ns3:atemp>
          </ns3:TrackPointExtension>
        </extensions>
      </trkpt>
      <trkpt lat="39.94325690902769565582275390625" lon="-105.81248120404779911041259765625">
        <ele>2630.39990234375</ele>
        <time>2026-08-01T15:32:04.000Z</time>
        <extensions>
          <ns3:TrackPointExtension>
            <ns3:atemp>22.0</ns3:atemp>
          </ns3:TrackPointExtension>
        </extensions>
      </trkpt>
      <trkpt lat="39.94379268027842044830322265625" lon="-105.81247801892459392547607421875">
        <ele>2630.199951171875</ele>
        <time>2026-08-01T15:32:12.000Z</time>
        <extensions>
          <ns3:TrackPointExtension>
            <ns3:atemp>22.0</ns3:atemp>
          </ns3:TrackPointExtension>
        </extensions>
      </trkpt>
      <trkpt lat="39.943905584514141082763671875" lon="-105.81245656125247478485107421875">
        <ele>2630</ele>
        <time>2026-08-01T15:32:14.000Z</time>
        <extensions>
          <ns3:TrackPointExtension>
            <ns3:atemp>22.0</ns3:atemp>
          </ns3:TrackPointExtension>
        </extensions>
      </trkpt>
      <trkpt lat="39.9439775012433528900146484375" lon="-105.81240124069154262542724609375">
        <ele>2629.800048828125</ele>
        <time>2026-08-01T15:32:16.000Z</time>
        <extensions>
          <ns3:TrackPointExtension>
            <ns3:atemp>22.0</ns3:atemp>
          </ns3:TrackPointExtension>
        </extensions>
      </trkpt>
      <trkpt lat="39.94396987371146678924560546875" lon="-105.8123190142214298248291015625">
        <ele>2629.800048828125</ele>
        <time>2026-08-01T15:32:18.000Z</time>
        <extensions>
          <ns3:TrackPointExtension>
            <ns3:atemp>22.0</ns3:atemp>
          </ns3:TrackPointExtension>
        </extensions>
      </trkpt>
      <trkpt lat="39.9438817799091339111328125" lon="-105.812222957611083984375">
        <ele>2629.199951171875</ele>
        <time>2026-08-01T15:32:21.000Z</time>
        <extensions>
          <ns3:TrackPointExtension>
            <ns3:atemp>22.0</ns3:atemp>
          </ns3:TrackPointExtension>
        </extensions>
      </trkpt>
      <trkpt lat="39.94385504163801670074462890625" lon="-105.81218473613262176513671875">
        <ele>2629.199951171875</ele>
        <time>2026-08-01T15:32:22.000Z</time>
        <extensions>
          <ns3:TrackPointExtension>
            <ns3:atemp>22.0</ns3:atemp>
          </ns3:TrackPointExtension>
        </extensions>
      </trkpt>
      <trkpt lat="39.9437317438423633575439453125" lon="-105.81198348663747310638427734375">
        <ele>2629</ele>
        <time>2026-08-01T15:32:26.000Z</time>
        <extensions>
          <ns3:TrackPointExtension>
            <ns3:atemp>22.0</ns3:atemp>
          </ns3:TrackPointExtension>
        </extensions>
      </trkpt>
      <trkpt lat="39.943697713315486907958984375" lon="-105.8119280822575092315673828125">
        <ele>2629</ele>
        <time>2026-08-01T15:32:27.000Z</time>
        <extensions>
          <ns3:TrackPointExtension>
            <ns3:atemp>22.0</ns3:atemp>
          </ns3:TrackPointExtension>
        </extensions>
      </trkpt>
      <trkpt lat="39.94340761564671993255615234375" lon="-105.81146799959242343902587890625">
        <ele>2630</ele>
        <time>2026-08-01T15:32:36.000Z</time>
        <extensions>
          <ns3:TrackPointExtension>
            <ns3:atemp>22.0</ns3:atemp>
          </ns3:TrackPointExtension>
        </extensions>
      </trkpt>
      <trkpt lat="39.94331248104572296142578125" lon="-105.81131846643984317779541015625">
        <ele>2630.39990234375</ele>
        <time>2026-08-01T15:32:39.000Z</time>
        <extensions>
          <ns3:TrackPointExtension>
            <ns3:atemp>22.0</ns3:atemp>
          </ns3:TrackPointExtension>
        </extensions>
      </trkpt>
      <trkpt lat="39.9431208707392215728759765625" lon="-105.8110412769019603729248046875">
        <ele>2631</ele>
        <time>2026-08-01T15:32:45.000Z</time>
        <extensions>
          <ns3:TrackPointExtension>
            <ns3:atemp>22.0</ns3:atemp>
          </ns3:TrackPointExtension>
        </extensions>
      </trkpt>
      <trkpt lat="39.94296505115926265716552734375" lon="-105.8108215034008026123046875">
        <ele>2631.199951171875</ele>
        <time>2026-08-01T15:32:50.000Z</time>
        <extensions>
          <ns3:TrackPointExtension>
            <ns3:atemp>22.0</ns3:atemp>
          </ns3:TrackPointExtension>
        </extensions>
      </trkpt>
      <trkpt lat="39.94293202646076679229736328125" lon="-105.81077783368527889251708984375">
        <ele>2631.199951171875</ele>
        <time>2026-08-01T15:32:51.000Z</time>
        <extensions>
          <ns3:TrackPointExtension>
            <ns3:atemp>22.0</ns3:atemp>
          </ns3:TrackPointExtension>
        </extensions>
      </trkpt>
      <trkpt lat="39.94279087521135807037353515625" lon="-105.8106174878776073455810546875">
        <ele>2631.60009765625</ele>
        <time>2026-08-01T15:32:55.000Z</time>
        <extensions>
          <ns3:TrackPointExtension>
            <ns3:atemp>22.0</ns3:atemp>
          </ns3:TrackPointExtension>
        </extensions>
      </trkpt>
      <trkpt lat="39.94275818578898906707763671875" lon="-105.8105742372572422027587890625">
        <ele>2631.60009765625</ele>
        <time>2026-08-01T15:32:56.000Z</time>
        <extensions>
          <ns3:TrackPointExtension>
            <ns3:atemp>22.0</ns3:atemp>
          </ns3:TrackPointExtension>
        </extensions>
      </trkpt>
      <trkpt lat="39.94272666983306407928466796875" lon="-105.81053073517978191375732421875">
        <ele>2631.800048828125</ele>
        <time>2026-08-01T15:32:57.000Z</time>
        <extensions>
          <ns3:TrackPointExtension>
            <ns3:atemp>22.0</ns3:atemp>
          </ns3:TrackPointExtension>
        </extensions>
      </trkpt>
      <trkpt lat="39.94266548193991184234619140625" lon="-105.81042529083788394927978515625">
        <ele>2632</ele>
        <time>2026-08-01T15:32:59.000Z</time>
        <extensions>
          <ns3:TrackPointExtension>
            <ns3:atemp>22.0</ns3:atemp>
          </ns3:TrackPointExtension>
        </extensions>
      </trkpt>
      <trkpt lat="39.94255735538899898529052734375" lon="-105.8101967163383960723876953125">
        <ele>2632</ele>
        <time>2026-08-01T15:33:03.000Z</time>
        <extensions>
          <ns3:TrackPointExtension>
            <ns3:atemp>22.0</ns3:atemp>
          </ns3:TrackPointExtension>
        </extensions>
      </trkpt>
      <trkpt lat="39.94236323051154613494873046875" lon="-105.809805952012538909912109375">
        <ele>2632.39990234375</ele>
        <time>2026-08-01T15:33:10.000Z</time>
        <extensions>
          <ns3:TrackPointExtension>
            <ns3:atemp>22.0</ns3:atemp>
          </ns3:TrackPointExtension>
        </extensions>
      </trkpt>
      <trkpt lat="39.94225342757999897003173828125" lon="-105.80958810634911060333251953125">
        <ele>2632.39990234375</ele>
        <time>2026-08-01T15:33:14.000Z</time>
        <extensions>
          <ns3:TrackPointExtension>
            <ns3:atemp>22.0</ns3:atemp>
          </ns3:TrackPointExtension>
        </extensions>
      </trkpt>
      <trkpt lat="39.9421807564795017242431640625" lon="-105.8094111643731594085693359375">
        <ele>2632.800048828125</ele>
        <time>2026-08-01T15:33:17.000Z</time>
        <extensions>
          <ns3:TrackPointExtension>
            <ns3:atemp>22.0</ns3:atemp>
          </ns3:TrackPointExtension>
        </extensions>
      </trkpt>
      <trkpt lat="39.94215921498835086822509765625" lon="-105.80934955738484859466552734375">
        <ele>2633</ele>
        <time>2026-08-01T15:33:18.000Z</time>
        <extensions>
          <ns3:TrackPointExtension>
            <ns3:atemp>22.0</ns3:atemp>
          </ns3:TrackPointExtension>
        </extensions>
      </trkpt>
      <trkpt lat="39.941966347396373748779296875" lon="-105.808812864124774932861328125">
        <ele>2633.60009765625</ele>
        <time>2026-08-01T15:33:27.000Z</time>
        <extensions>
          <ns3:TrackPointExtension>
            <ns3:atemp>22.0</ns3:atemp>
          </ns3:TrackPointExtension>
        </extensions>
      </trkpt>
      <trkpt lat="39.94186165742576122283935546875" lon="-105.80852176062762737274169921875">
        <ele>2634</ele>
        <time>2026-08-01T15:33:32.000Z</time>
        <extensions>
          <ns3:TrackPointExtension>
            <ns3:atemp>22.0</ns3:atemp>
          </ns3:TrackPointExtension>
        </extensions>
      </trkpt>
      <trkpt lat="39.94182477705180644989013671875" lon="-105.8084013126790523529052734375">
        <ele>2634.199951171875</ele>
        <time>2026-08-01T15:33:34.000Z</time>
        <extensions>
          <ns3:TrackPointExtension>
            <ns3:atemp>22.0</ns3:atemp>
          </ns3:TrackPointExtension>
        </extensions>
      </trkpt>
      <trkpt lat="39.94159947149455547332763671875" lon="-105.8077243901789188385009765625">
        <ele>2635</ele>
        <time>2026-08-01T15:33:45.000Z</time>
        <extensions>
          <ns3:TrackPointExtension>
            <ns3:atemp>22.0</ns3:atemp>
          </ns3:TrackPointExtension>
        </extensions>
      </trkpt>
      <trkpt lat="39.94155504740774631500244140625" lon="-105.8076154254376888275146484375">
        <ele>2635.199951171875</ele>
        <time>2026-08-01T15:33:47.000Z</time>
        <extensions>
          <ns3:TrackPointExtension>
            <ns3:atemp>23.0</ns3:atemp>
          </ns3:TrackPointExtension>
        </extensions>
      </trkpt>
      <trkpt lat="39.94150559417903423309326171875" lon="-105.8075282536447048187255859375">
        <ele>2635.199951171875</ele>
        <time>2026-08-01T15:33:49.000Z</time>
        <extensions>
          <ns3:TrackPointExtension>
            <ns3:atemp>23.0</ns3:atemp>
          </ns3:TrackPointExtension>
        </extensions>
      </trkpt>
      <trkpt lat="39.941489584743976593017578125" lon="-105.80748240463435649871826171875">
        <ele>2635.39990234375</ele>
        <time>2026-08-01T15:33:50.000Z</time>
        <extensions>
          <ns3:TrackPointExtension>
            <ns3:atemp>22.0</ns3:atemp>
          </ns3:TrackPointExtension>
        </extensions>
      </trkpt>
      <trkpt lat="39.94147709570825099945068359375" lon="-105.807379223406314849853515625">
        <ele>2635.60009765625</ele>
        <time>2026-08-01T15:33:52.000Z</time>
        <extensions>
          <ns3:TrackPointExtension>
            <ns3:atemp>23.0</ns3:atemp>
          </ns3:TrackPointExtension>
        </extensions>
      </trkpt>
      <trkpt lat="39.9414221942424774169921875" lon="-105.80714444629848003387451171875">
        <ele>2635.60009765625</ele>
        <time>2026-08-01T15:33:56.000Z</time>
        <extensions>
          <ns3:TrackPointExtension>
            <ns3:atemp>23.0</ns3:atemp>
          </ns3:TrackPointExtension>
        </extensions>
      </trkpt>
      <trkpt lat="39.94140149094164371490478515625" lon="-105.807086192071437835693359375">
        <ele>2635.60009765625</ele>
        <time>2026-08-01T15:33:57.000Z</time>
        <extensions>
          <ns3:TrackPointExtension>
            <ns3:atemp>23.0</ns3:atemp>
          </ns3:TrackPointExtension>
        </extensions>
      </trkpt>
      <trkpt lat="39.94129353202879428863525390625" lon="-105.80680330283939838409423828125">
        <ele>2636</ele>
        <time>2026-08-01T15:34:02.000Z</time>
        <extensions>
          <ns3:TrackPointExtension>
            <ns3:atemp>23.0</ns3:atemp>
          </ns3:TrackPointExtension>
        </extensions>
      </trkpt>
      <trkpt lat="39.94118557311594486236572265625" lon="-105.80644958652555942535400390625">
        <ele>2636.39990234375</ele>
        <time>2026-08-01T15:34:08.000Z</time>
        <extensions>
          <ns3:TrackPointExtension>
            <ns3:atemp>23.0</ns3:atemp>
          </ns3:TrackPointExtension>
        </extensions>
      </trkpt>
      <trkpt lat="39.94114634580910205841064453125" lon="-105.806325785815715789794921875">
        <ele>2636.39990234375</ele>
        <time>2026-08-01T15:34:10.000Z</time>
        <extensions>
          <ns3:TrackPointExtension>
            <ns3:atemp>23.0</ns3:atemp>
          </ns3:TrackPointExtension>
        </extensions>
      </trkpt>
      <trkpt lat="39.94098541326820850372314453125" lon="-105.80585111863911151885986328125">
        <ele>2637.199951171875</ele>
        <time>2026-08-01T15:34:18.000Z</time>
        <extensions>
          <ns3:TrackPointExtension>
            <ns3:atemp>23.0</ns3:atemp>
          </ns3:TrackPointExtension>
        </extensions>
      </trkpt>
      <trkpt lat="39.94091182015836238861083984375" lon="-105.8056175149977207183837890625">
        <ele>2637.60009765625</ele>
        <time>2026-08-01T15:34:22.000Z</time>
        <extensions>
          <ns3:TrackPointExtension>
            <ns3:atemp>23.0</ns3:atemp>
          </ns3:TrackPointExtension>
        </extensions>
      </trkpt>
      <trkpt lat="39.94082900695502758026123046875" lon="-105.80538894049823284149169921875">
        <ele>2637.800048828125</ele>
        <time>2026-08-01T15:34:26.000Z</time>
        <extensions>
          <ns3:TrackPointExtension>
            <ns3:atemp>23.0</ns3:atemp>
          </ns3:TrackPointExtension>
        </extensions>
      </trkpt>
      <trkpt lat="39.94076714850962162017822265625" lon="-105.8052168600261211395263671875">
        <ele>2638</ele>
        <time>2026-08-01T15:34:29.000Z</time>
        <extensions>
          <ns3:TrackPointExtension>
            <ns3:atemp>23.0</ns3:atemp>
          </ns3:TrackPointExtension>
        </extensions>
      </trkpt>
      <trkpt lat="39.9406857602298259735107421875" lon="-105.8049811609089374542236328125">
        <ele>2638.199951171875</ele>
        <time>2026-08-01T15:34:33.000Z</time>
        <extensions>
          <ns3:TrackPointExtension>
            <ns3:atemp>23.0</ns3:atemp>
          </ns3:TrackPointExtension>
        </extensions>
      </trkpt>
      <trkpt lat="39.9406255781650543212890625" lon="-105.8047970943152904510498046875">
        <ele>2638.800048828125</ele>
        <time>2026-08-01T15:34:36.000Z</time>
        <extensions>
          <ns3:TrackPointExtension>
            <ns3:atemp>23.0</ns3:atemp>
          </ns3:TrackPointExtension>
        </extensions>
      </trkpt>
      <trkpt lat="39.94048417545855045318603515625" lon="-105.80437288619577884674072265625">
        <ele>2639</ele>
        <time>2026-08-01T15:34:43.000Z</time>
        <extensions>
          <ns3:TrackPointExtension>
            <ns3:atemp>23.0</ns3:atemp>
          </ns3:TrackPointExtension>
        </extensions>
      </trkpt>
      <trkpt lat="39.94038292206823825836181640625" lon="-105.8040759153664112091064453125">
        <ele>2639.199951171875</ele>
        <time>2026-08-01T15:34:48.000Z</time>
        <extensions>
          <ns3:TrackPointExtension>
            <ns3:atemp>23.0</ns3:atemp>
          </ns3:TrackPointExtension>
        </extensions>
      </trkpt>
      <trkpt lat="39.94031838141381740570068359375" lon="-105.803901739418506622314453125">
        <ele>2639.60009765625</ele>
        <time>2026-08-01T15:34:51.000Z</time>
        <extensions>
          <ns3:TrackPointExtension>
            <ns3:atemp>23.0</ns3:atemp>
          </ns3:TrackPointExtension>
        </extensions>
      </trkpt>
      <trkpt lat="39.940178655087947845458984375" lon="-105.8035688102245330810546875">
        <ele>2640</ele>
        <time>2026-08-01T15:34:57.000Z</time>
        <extensions>
          <ns3:TrackPointExtension>
            <ns3:atemp>23.0</ns3:atemp>
          </ns3:TrackPointExtension>
        </extensions>
      </trkpt>
      <trkpt lat="39.94013096205890178680419921875" lon="-105.803453810513019561767578125">
        <ele>2640.199951171875</ele>
        <time>2026-08-01T15:34:59.000Z</time>
        <extensions>
          <ns3:TrackPointExtension>
            <ns3:atemp>23.0</ns3:atemp>
          </ns3:TrackPointExtension>
        </extensions>
      </trkpt>
      <trkpt lat="39.93994756601750850677490234375" lon="-105.80306463874876499176025390625">
        <ele>2640.800048828125</ele>
        <time>2026-08-01T15:35:06.000Z</time>
        <extensions>
          <ns3:TrackPointExtension>
            <ns3:atemp>23.0</ns3:atemp>
          </ns3:TrackPointExtension>
        </extensions>
      </trkpt>
      <trkpt lat="39.93990750052034854888916015625" lon="-105.8030201308429241180419921875">
        <ele>2640.800048828125</ele>
        <time>2026-08-01T15:35:07.000Z</time>
        <extensions>
          <ns3:TrackPointExtension>
            <ns3:atemp>23.0</ns3:atemp>
          </ns3:TrackPointExtension>
        </extensions>
      </trkpt>
      <trkpt lat="39.93982921354472637176513671875" lon="-105.80292851664125919342041015625">
        <ele>2640.800048828125</ele>
        <time>2026-08-01T15:35:09.000Z</time>
        <extensions>
          <ns3:TrackPointExtension>
            <ns3:atemp>23.0</ns3:atemp>
          </ns3:TrackPointExtension>
        </extensions>
      </trkpt>
      <trkpt lat="39.93973441421985626220703125" lon="-105.80276540480554103851318359375">
        <ele>2641</ele>
        <time>2026-08-01T15:35:12.000Z</time>
        <extensions>
          <ns3:TrackPointExtension>
            <ns3:atemp>23.0</ns3:atemp>
          </ns3:TrackPointExtension>
        </extensions>
      </trkpt>
      <trkpt lat="39.93957708589732646942138671875" lon="-105.80243348143994808197021484375">
        <ele>2641.60009765625</ele>
        <time>2026-08-01T15:35:18.000Z</time>
        <extensions>
          <ns3:TrackPointExtension>
            <ns3:atemp>23.0</ns3:atemp>
          </ns3:TrackPointExtension>
        </extensions>
      </trkpt>
      <trkpt lat="39.93952126242220401763916015625" lon="-105.80232770182192325592041015625">
        <ele>2641.60009765625</ele>
        <time>2026-08-01T15:35:20.000Z</time>
        <extensions>
          <ns3:TrackPointExtension>
            <ns3:atemp>23.0</ns3:atemp>
          </ns3:TrackPointExtension>
        </extensions>
      </trkpt>
      <trkpt lat="39.9394663609564304351806640625" lon="-105.8022344112396240234375">
        <ele>2641.800048828125</ele>
        <time>2026-08-01T15:35:22.000Z</time>
        <extensions>
          <ns3:TrackPointExtension>
            <ns3:atemp>23.0</ns3:atemp>
          </ns3:TrackPointExtension>
        </extensions>
      </trkpt>
      <trkpt lat="39.93944599293172359466552734375" lon="-105.80218814313411712646484375">
        <ele>2642</ele>
        <time>2026-08-01T15:35:23.000Z</time>
        <extensions>
          <ns3:TrackPointExtension>
            <ns3:atemp>23.0</ns3:atemp>
          </ns3:TrackPointExtension>
        </extensions>
      </trkpt>
      <trkpt lat="39.93942386470735073089599609375" lon="-105.80214120447635650634765625">
        <ele>2642</ele>
        <time>2026-08-01T15:35:24.000Z</time>
        <extensions>
          <ns3:TrackPointExtension>
            <ns3:atemp>23.0</ns3:atemp>
          </ns3:TrackPointExtension>
        </extensions>
      </trkpt>
      <trkpt lat="39.9393714778125286102294921875" lon="-105.80203592777252197265625">
        <ele>2642.199951171875</ele>
        <time>2026-08-01T15:35:26.000Z</time>
        <extensions>
          <ns3:TrackPointExtension>
            <ns3:atemp>23.0</ns3:atemp>
          </ns3:TrackPointExtension>
        </extensions>
      </trkpt>
      <trkpt lat="39.93931196630001068115234375" lon="-105.801920592784881591796875">
        <ele>2642.39990234375</ele>
        <time>2026-08-01T15:35:28.000Z</time>
        <extensions>
          <ns3:TrackPointExtension>
            <ns3:atemp>23.0</ns3:atemp>
          </ns3:TrackPointExtension>
        </extensions>
      </trkpt>
      <trkpt lat="39.93909613229334354400634765625" lon="-105.8014815486967563629150390625">
        <ele>2643.199951171875</ele>
        <time>2026-08-01T15:35:35.000Z</time>
        <extensions>
          <ns3:TrackPointExtension>
            <ns3:atemp>23.0</ns3:atemp>
          </ns3:TrackPointExtension>
        </extensions>
      </trkpt>
      <trkpt lat="39.9390378780663013458251953125" lon="-105.80136001110076904296875">
        <ele>2643.39990234375</ele>
        <time>2026-08-01T15:35:37.000Z</time>
        <extensions>
          <ns3:TrackPointExtension>
            <ns3:atemp>23.0</ns3:atemp>
          </ns3:TrackPointExtension>
        </extensions>
      </trkpt>
      <trkpt lat="39.938765801489353179931640625" lon="-105.80079817213118076324462890625">
        <ele>2644.199951171875</ele>
        <time>2026-08-01T15:35:46.000Z</time>
        <extensions>
          <ns3:TrackPointExtension>
            <ns3:atemp>23.0</ns3:atemp>
          </ns3:TrackPointExtension>
        </extensions>
      </trkpt>
      <trkpt lat="39.93856002576649188995361328125" lon="-105.800390057265758514404296875">
        <ele>2644.60009765625</ele>
        <time>2026-08-01T15:35:53.000Z</time>
        <extensions>
          <ns3:TrackPointExtension>
            <ns3:atemp>23.0</ns3:atemp>
          </ns3:TrackPointExtension>
        </extensions>
      </trkpt>
      <trkpt lat="39.9385316111147403717041015625" lon="-105.80032543279230594635009765625">
        <ele>2644.60009765625</ele>
        <time>2026-08-01T15:35:54.000Z</time>
        <extensions>
          <ns3:TrackPointExtension>
            <ns3:atemp>23.0</ns3:atemp>
          </ns3:TrackPointExtension>
        </extensions>
      </trkpt>
      <trkpt lat="39.9383492209017276763916015625" lon="-105.7999406196177005767822265625">
        <ele>2644.800048828125</ele>
        <time>2026-08-01T15:36:00.000Z</time>
        <extensions>
          <ns3:TrackPointExtension>
            <ns3:atemp>23.0</ns3:atemp>
          </ns3:TrackPointExtension>
        </extensions>
      </trkpt>
      <trkpt lat="39.93812802247703075408935546875" lon="-105.79950601793825626373291015625">
        <ele>2645.60009765625</ele>
        <time>2026-08-01T15:36:07.000Z</time>
        <extensions>
          <ns3:TrackPointExtension>
            <ns3:atemp>23.0</ns3:atemp>
          </ns3:TrackPointExtension>
        </extensions>
      </trkpt>
      <trkpt lat="39.93809667415916919708251953125" lon="-105.7994450815021991729736328125">
        <ele>2645.800048828125</ele>
        <time>2026-08-01T15:36:08.000Z</time>
        <extensions>
          <ns3:TrackPointExtension>
            <ns3:atemp>23.0</ns3:atemp>
          </ns3:TrackPointExtension>
        </extensions>
      </trkpt>
      <trkpt lat="39.93788377381861209869384765625" lon="-105.7990135811269283294677734375">
        <ele>2646.800048828125</ele>
        <time>2026-08-01T15:36:15.000Z</time>
        <extensions>
          <ns3:TrackPointExtension>
            <ns3:atemp>23.0</ns3:atemp>
          </ns3:TrackPointExtension>
        </extensions>
      </trkpt>
      <trkpt lat="39.9378204904496669769287109375" lon="-105.798889361321926116943359375">
        <ele>2647</ele>
        <time>2026-08-01T15:36:17.000Z</time>
        <extensions>
          <ns3:TrackPointExtension>
            <ns3:atemp>24.0</ns3:atemp>
          </ns3:TrackPointExtension>
        </extensions>
      </trkpt>
      <trkpt lat="39.9375710450112819671630859375" lon="-105.7983701862394809722900390625">
        <ele>2647.60009765625</ele>
        <time>2026-08-01T15:36:25.000Z</time>
        <extensions>
          <ns3:TrackPointExtension>
            <ns3:atemp>24.0</ns3:atemp>
          </ns3:TrackPointExtension>
        </extensions>
      </trkpt>
      <trkpt lat="39.93747440166771411895751953125" lon="-105.7981737144291400909423828125">
        <ele>2648</ele>
        <time>2026-08-01T15:36:28.000Z</time>
        <extensions>
          <ns3:TrackPointExtension>
            <ns3:atemp>24.0</ns3:atemp>
          </ns3:TrackPointExtension>
        </extensions>
      </trkpt>
      <trkpt lat="39.93721020407974720001220703125" lon="-105.79765043221414089202880859375">
        <ele>2648.800048828125</ele>
        <time>2026-08-01T15:36:36.000Z</time>
        <extensions>
          <ns3:TrackPointExtension>
            <ns3:atemp>24.0</ns3:atemp>
          </ns3:TrackPointExtension>
        </extensions>
      </trkpt>
      <trkpt lat="39.93701222352683544158935546875" lon="-105.79724793322384357452392578125">
        <ele>2649</ele>
        <time>2026-08-01T15:36:42.000Z</time>
        <extensions>
          <ns3:TrackPointExtension>
            <ns3:atemp>24.0</ns3:atemp>
          </ns3:TrackPointExtension>
        </extensions>
      </trkpt>
      <trkpt lat="39.93697844445705413818359375" lon="-105.79718112945556640625">
        <ele>2649</ele>
        <time>2026-08-01T15:36:43.000Z</time>
        <extensions>
          <ns3:TrackPointExtension>
            <ns3:atemp>24.0</ns3:atemp>
          </ns3:TrackPointExtension>
        </extensions>
      </trkpt>
      <trkpt lat="39.9367217905819416046142578125" lon="-105.796738229691982269287109375">
        <ele>2649.60009765625</ele>
        <time>2026-08-01T15:36:50.000Z</time>
        <extensions>
          <ns3:TrackPointExtension>
            <ns3:atemp>24.0</ns3:atemp>
          </ns3:TrackPointExtension>
        </extensions>
      </trkpt>
      <trkpt lat="39.93640311062335968017578125" lon="-105.79628300853073596954345703125">
        <ele>2650</ele>
        <time>2026-08-01T15:36:58.000Z</time>
        <extensions>
          <ns3:TrackPointExtension>
            <ns3:atemp>24.0</ns3:atemp>
          </ns3:TrackPointExtension>
        </extensions>
      </trkpt>
      <trkpt lat="39.936276711523532867431640625" lon="-105.79612861387431621551513671875">
        <ele>2650.199951171875</ele>
        <time>2026-08-01T15:37:01.000Z</time>
        <extensions>
          <ns3:TrackPointExtension>
            <ns3:atemp>24.0</ns3:atemp>
          </ns3:TrackPointExtension>
        </extensions>
      </trkpt>
      <trkpt lat="39.9360623024404048919677734375" lon="-105.7958817668259143829345703125">
        <ele>2650.60009765625</ele>
        <time>2026-08-01T15:37:06.000Z</time>
        <extensions>
          <ns3:TrackPointExtension>
            <ns3:atemp>24.0</ns3:atemp>
          </ns3:TrackPointExtension>
        </extensions>
      </trkpt>
      <trkpt lat="39.93593196384608745574951171875" lon="-105.7957327365875244140625">
        <ele>2651.39990234375</ele>
        <time>2026-08-01T15:37:09.000Z</time>
        <extensions>
          <ns3:TrackPointExtension>
            <ns3:atemp>24.0</ns3:atemp>
          </ns3:TrackPointExtension>
        </extensions>
      </trkpt>
      <trkpt lat="39.9355697818100452423095703125" lon="-105.79533149488270282745361328125">
        <ele>2652.39990234375</ele>
        <time>2026-08-01T15:37:17.000Z</time>
        <extensions>
          <ns3:TrackPointExtension>
            <ns3:atemp>24.0</ns3:atemp>
          </ns3:TrackPointExtension>
        </extensions>
      </trkpt>
      <trkpt lat="39.93552493862807750701904296875" lon="-105.795283801853656768798828125">
        <ele>2652.60009765625</ele>
        <time>2026-08-01T15:37:18.000Z</time>
        <extensions>
          <ns3:TrackPointExtension>
            <ns3:atemp>24.0</ns3:atemp>
          </ns3:TrackPointExtension>
        </extensions>
      </trkpt>
      <trkpt lat="39.9351543746888637542724609375" lon="-105.7948685623705387115478515625">
        <ele>2653.39990234375</ele>
        <time>2026-08-01T15:37:26.000Z</time>
        <extensions>
          <ns3:TrackPointExtension>
            <ns3:atemp>24.0</ns3:atemp>
          </ns3:TrackPointExtension>
        </extensions>
      </trkpt>
      <trkpt lat="39.9350148998200893402099609375" lon="-105.79470855183899402618408203125">
        <ele>2653.60009765625</ele>
        <time>2026-08-01T15:37:29.000Z</time>
        <extensions>
          <ns3:TrackPointExtension>
            <ns3:atemp>24.0</ns3:atemp>
          </ns3:TrackPointExtension>
        </extensions>
      </trkpt>
      <trkpt lat="39.9347864091396331787109375" lon="-105.794450975954532623291015625">
        <ele>2653.800048828125</ele>
        <time>2026-08-01T15:37:34.000Z</time>
        <extensions>
          <ns3:TrackPointExtension>
            <ns3:atemp>24.0</ns3:atemp>
          </ns3:TrackPointExtension>
        </extensions>
      </trkpt>
      <trkpt lat="39.9344150908291339874267578125" lon="-105.794045962393283843994140625">
        <ele>2654.800048828125</ele>
        <time>2026-08-01T15:37:42.000Z</time>
        <extensions>
          <ns3:TrackPointExtension>
            <ns3:atemp>24.0</ns3:atemp>
          </ns3:TrackPointExtension>
        </extensions>
      </trkpt>
      <trkpt lat="39.9343693256378173828125" lon="-105.79399558715522289276123046875">
        <ele>2654.800048828125</ele>
        <time>2026-08-01T15:37:43.000Z</time>
        <extensions>
          <ns3:TrackPointExtension>
            <ns3:atemp>24.0</ns3:atemp>
          </ns3:TrackPointExtension>
        </extensions>
      </trkpt>
      <trkpt lat="39.93392407894134521484375" lon="-105.793506167829036712646484375">
        <ele>2655.800048828125</ele>
        <time>2026-08-01T15:37:53.000Z</time>
        <extensions>
          <ns3:TrackPointExtension>
            <ns3:atemp>24.0</ns3:atemp>
          </ns3:TrackPointExtension>
        </extensions>
      </trkpt>
      <trkpt lat="39.93387906812131404876708984375" lon="-105.79345621168613433837890625">
        <ele>2655.800048828125</ele>
        <time>2026-08-01T15:37:54.000Z</time>
        <extensions>
          <ns3:TrackPointExtension>
            <ns3:atemp>24.0</ns3:atemp>
          </ns3:TrackPointExtension>
        </extensions>
      </trkpt>
      <trkpt lat="39.933521412312984466552734375" lon="-105.79305781982839107513427734375">
        <ele>2656.39990234375</ele>
        <time>2026-08-01T15:38:02.000Z</time>
        <extensions>
          <ns3:TrackPointExtension>
            <ns3:atemp>24.0</ns3:atemp>
          </ns3:TrackPointExtension>
        </extensions>
      </trkpt>
      <trkpt lat="39.9334377609193325042724609375" lon="-105.7929625175893306732177734375">
        <ele>2657.199951171875</ele>
        <time>2026-08-01T15:38:04.000Z</time>
        <extensions>
          <ns3:TrackPointExtension>
            <ns3:atemp>24.0</ns3:atemp>
          </ns3:TrackPointExtension>
        </extensions>
      </trkpt>
      <trkpt lat="39.93315386585891246795654296875" lon="-105.7926061190664768218994140625">
        <ele>2658</ele>
        <time>2026-08-01T15:38:11.000Z</time>
        <extensions>
          <ns3:TrackPointExtension>
            <ns3:atemp>24.0</ns3:atemp>
          </ns3:TrackPointExtension>
        </extensions>
      </trkpt>
      <trkpt lat="39.9330652691423892974853515625" lon="-105.79251199029386043548583984375">
        <ele>2658.199951171875</ele>
        <time>2026-08-01T15:38:13.000Z</time>
        <extensions>
          <ns3:TrackPointExtension>
            <ns3:atemp>24.0</ns3:atemp>
          </ns3:TrackPointExtension>
        </extensions>
      </trkpt>
      <trkpt lat="39.93285052478313446044921875" lon="-105.79227335751056671142578125">
        <ele>2658.800048828125</ele>
        <time>2026-08-01T15:38:18.000Z</time>
        <extensions>
          <ns3:TrackPointExtension>
            <ns3:atemp>24.0</ns3:atemp>
          </ns3:TrackPointExtension>
        </extensions>
      </trkpt>
      <trkpt lat="39.9326243810355663299560546875" lon="-105.79203640110790729522705078125">
        <ele>2659</ele>
        <time>2026-08-01T15:38:23.000Z</time>
        <extensions>
          <ns3:TrackPointExtension>
            <ns3:atemp>24.0</ns3:atemp>
          </ns3:TrackPointExtension>
        </extensions>
      </trkpt>
      <trkpt lat="39.932444505393505096435546875" lon="-105.7918319664895534515380859375">
        <ele>2659.199951171875</ele>
        <time>2026-08-01T15:38:27.000Z</time>
        <extensions>
          <ns3:TrackPointExtension>
            <ns3:atemp>24.0</ns3:atemp>
          </ns3:TrackPointExtension>
        </extensions>
      </trkpt>
      <trkpt lat="39.9321650527417659759521484375" lon="-105.79153239727020263671875">
        <ele>2659.60009765625</ele>
        <time>2026-08-01T15:38:33.000Z</time>
        <extensions>
          <ns3:TrackPointExtension>
            <ns3:atemp>24.0</ns3:atemp>
          </ns3:TrackPointExtension>
        </extensions>
      </trkpt>
      <trkpt lat="39.9317593686282634735107421875" lon="-105.7911064289510250091552734375">
        <ele>2660.60009765625</ele>
        <time>2026-08-01T15:38:42.000Z</time>
        <extensions>
          <ns3:TrackPointExtension>
            <ns3:atemp>24.0</ns3:atemp>
          </ns3:TrackPointExtension>
        </extensions>
      </trkpt>
      <trkpt lat="39.93127606809139251708984375" lon="-105.79068507067859172821044921875">
        <ele>2661.39990234375</ele>
        <time>2026-08-01T15:38:52.000Z</time>
        <extensions>
          <ns3:TrackPointExtension>
            <ns3:atemp>24.0</ns3:atemp>
          </ns3:TrackPointExtension>
        </extensions>
      </trkpt>
      <trkpt lat="39.93122686631977558135986328125" lon="-105.79064634628593921661376953125">
        <ele>2661.60009765625</ele>
        <time>2026-08-01T15:38:53.000Z</time>
        <extensions>
          <ns3:TrackPointExtension>
            <ns3:atemp>24.0</ns3:atemp>
          </ns3:TrackPointExtension>
        </extensions>
      </trkpt>
      <trkpt lat="39.93073568679392337799072265625" lon="-105.79026882536709308624267578125">
        <ele>2662.39990234375</ele>
        <time>2026-08-01T15:39:03.000Z</time>
        <extensions>
          <ns3:TrackPointExtension>
            <ns3:atemp>24.0</ns3:atemp>
          </ns3:TrackPointExtension>
        </extensions>
      </trkpt>
      <trkpt lat="39.93049143813550472259521484375" lon="-105.79010169021785259246826171875">
        <ele>2662.60009765625</ele>
        <time>2026-08-01T15:39:08.000Z</time>
        <extensions>
          <ns3:TrackPointExtension>
            <ns3:atemp>24.0</ns3:atemp>
          </ns3:TrackPointExtension>
        </extensions>
      </trkpt>
      <trkpt lat="39.93034827522933483123779296875" lon="-105.79000865109264850616455078125">
        <ele>2662.800048828125</ele>
        <time>2026-08-01T15:39:11.000Z</time>
        <extensions>
          <ns3:TrackPointExtension>
            <ns3:atemp>24.0</ns3:atemp>
          </ns3:TrackPointExtension>
        </extensions>
      </trkpt>
      <trkpt lat="39.930051304399967193603515625" lon="-105.7898364029824733734130859375">
        <ele>2663.60009765625</ele>
        <time>2026-08-01T15:39:17.000Z</time>
        <extensions>
          <ns3:TrackPointExtension>
            <ns3:atemp>24.0</ns3:atemp>
          </ns3:TrackPointExtension>
        </extensions>
      </trkpt>
      <trkpt lat="39.929999671876430511474609375" lon="-105.78981050290167331695556640625">
        <ele>2663.800048828125</ele>
        <time>2026-08-01T15:39:18.000Z</time>
        <extensions>
          <ns3:TrackPointExtension>
            <ns3:atemp>24.0</ns3:atemp>
          </ns3:TrackPointExtension>
        </extensions>
      </trkpt>
      <trkpt lat="39.9296204745769500732421875" lon="-105.78962760977447032928466796875">
        <ele>2664.800048828125</ele>
        <time>2026-08-01T15:39:26.000Z</time>
        <extensions>
          <ns3:TrackPointExtension>
            <ns3:atemp>24.0</ns3:atemp>
          </ns3:TrackPointExtension>
        </extensions>
      </trkpt>
      <trkpt lat="39.92958250455558300018310546875" lon="-105.789611600339412689208984375">
        <ele>2665</ele>
        <time>2026-08-01T15:39:27.000Z</time>
        <extensions>
          <ns3:TrackPointExtension>
            <ns3:atemp>24.0</ns3:atemp>
          </ns3:TrackPointExtension>
        </extensions>
      </trkpt>
      <trkpt lat="39.92921235971152782440185546875" lon="-105.7894518412649631500244140625">
        <ele>2665.39990234375</ele>
        <time>2026-08-01T15:39:35.000Z</time>
        <extensions>
          <ns3:TrackPointExtension>
            <ns3:atemp>24.0</ns3:atemp>
          </ns3:TrackPointExtension>
        </extensions>
      </trkpt>
      <trkpt lat="39.92883735336363315582275390625" lon="-105.7892959378659725189208984375">
        <ele>2666</ele>
        <time>2026-08-01T15:39:43.000Z</time>
        <extensions>
          <ns3:TrackPointExtension>
            <ns3:atemp>24.0</ns3:atemp>
          </ns3:TrackPointExtension>
        </extensions>
      </trkpt>
      <trkpt lat="39.92842362262308597564697265625" lon="-105.78911966644227504730224609375">
        <ele>2666</ele>
        <time>2026-08-01T15:39:51.000Z</time>
        <extensions>
          <ns3:TrackPointExtension>
            <ns3:atemp>24.0</ns3:atemp>
          </ns3:TrackPointExtension>
        </extensions>
      </trkpt>
      <trkpt lat="39.9280931241810321807861328125" lon="-105.78896292485296726226806640625">
        <ele>2666.800048828125</ele>
        <time>2026-08-01T15:39:58.000Z</time>
        <extensions>
          <ns3:TrackPointExtension>
            <ns3:atemp>24.0</ns3:atemp>
          </ns3:TrackPointExtension>
        </extensions>
      </trkpt>
      <trkpt lat="39.9280002526938915252685546875" lon="-105.78891984187066555023193359375">
        <ele>2667</ele>
        <time>2026-08-01T15:40:00.000Z</time>
        <extensions>
          <ns3:TrackPointExtension>
            <ns3:atemp>24.0</ns3:atemp>
          </ns3:TrackPointExtension>
        </extensions>
      </trkpt>
      <trkpt lat="39.9278570897877216339111328125" lon="-105.78884893096983432769775390625">
        <ele>2667.39990234375</ele>
        <time>2026-08-01T15:40:03.000Z</time>
        <extensions>
          <ns3:TrackPointExtension>
            <ns3:atemp>25.0</ns3:atemp>
          </ns3:TrackPointExtension>
        </extensions>
      </trkpt>
      <trkpt lat="39.927730858325958251953125" lon="-105.78879159875214099884033203125">
        <ele>2667.60009765625</ele>
        <time>2026-08-01T15:40:06.000Z</time>
        <extensions>
          <ns3:TrackPointExtension>
            <ns3:atemp>24.0</ns3:atemp>
          </ns3:TrackPointExtension>
        </extensions>
      </trkpt>
      <trkpt lat="39.92745769210159778594970703125" lon="-105.78865245915949344635009765625">
        <ele>2668.39990234375</ele>
        <time>2026-08-01T15:40:12.000Z</time>
        <extensions>
          <ns3:TrackPointExtension>
            <ns3:atemp>25.0</ns3:atemp>
          </ns3:TrackPointExtension>
        </extensions>
      </trkpt>
      <trkpt lat="39.92742047645151615142822265625" lon="-105.78862194903194904327392578125">
        <ele>2668.39990234375</ele>
        <time>2026-08-01T15:40:13.000Z</time>
        <extensions>
          <ns3:TrackPointExtension>
            <ns3:atemp>24.0</ns3:atemp>
          </ns3:TrackPointExtension>
        </extensions>
      </trkpt>
      <trkpt lat="39.927379824221134185791015625" lon="-105.78859160654246807098388671875">
        <ele>2668.800048828125</ele>
        <time>2026-08-01T15:40:14.000Z</time>
        <extensions>
          <ns3:TrackPointExtension>
            <ns3:atemp>25.0</ns3:atemp>
          </ns3:TrackPointExtension>
        </extensions>
      </trkpt>
      <trkpt lat="39.92731134407222270965576171875" lon="-105.7885533012449741363525390625">
        <ele>2669</ele>
        <time>2026-08-01T15:40:16.000Z</time>
        <extensions>
          <ns3:TrackPointExtension>
            <ns3:atemp>25.0</ns3:atemp>
          </ns3:TrackPointExtension>
        </extensions>
      </trkpt>
      <trkpt lat="39.92722886614501476287841796875" lon="-105.78852186910808086395263671875">
        <ele>2669.199951171875</ele>
        <time>2026-08-01T15:40:18.000Z</time>
        <extensions>
          <ns3:TrackPointExtension>
            <ns3:atemp>25.0</ns3:atemp>
          </ns3:TrackPointExtension>
        </extensions>
      </trkpt>
      <trkpt lat="39.92706508375704288482666015625" lon="-105.788479708135128021240234375">
        <ele>2669.39990234375</ele>
        <time>2026-08-01T15:40:22.000Z</time>
        <extensions>
          <ns3:TrackPointExtension>
            <ns3:atemp>25.0</ns3:atemp>
          </ns3:TrackPointExtension>
        </extensions>
      </trkpt>
      <trkpt lat="39.92702015675604343414306640625" lon="-105.78846671618521213531494140625">
        <ele>2669.60009765625</ele>
        <time>2026-08-01T15:40:23.000Z</time>
        <extensions>
          <ns3:TrackPointExtension>
            <ns3:atemp>25.0</ns3:atemp>
          </ns3:TrackPointExtension>
        </extensions>
      </trkpt>
      <trkpt lat="39.926942624151706695556640625" lon="-105.78843503259122371673583984375">
        <ele>2669.800048828125</ele>
        <time>2026-08-01T15:40:25.000Z</time>
        <extensions>
          <ns3:TrackPointExtension>
            <ns3:atemp>25.0</ns3:atemp>
          </ns3:TrackPointExtension>
        </extensions>
      </trkpt>
      <trkpt lat="39.9267771653831005096435546875" lon="-105.7883383892476558685302734375">
        <ele>2670.39990234375</ele>
        <time>2026-08-01T15:40:29.000Z</time>
        <extensions>
          <ns3:TrackPointExtension>
            <ns3:atemp>25.0</ns3:atemp>
          </ns3:TrackPointExtension>
        </extensions>
      </trkpt>
      <trkpt lat="39.92659921757876873016357421875" lon="-105.78825968317687511444091796875">
        <ele>2670.800048828125</ele>
        <time>2026-08-01T15:40:33.000Z</time>
        <extensions>
          <ns3:TrackPointExtension>
            <ns3:atemp>25.0</ns3:atemp>
          </ns3:TrackPointExtension>
        </extensions>
      </trkpt>
      <trkpt lat="39.92645974270999431610107421875" lon="-105.7882026024162769317626953125">
        <ele>2670.800048828125</ele>
        <time>2026-08-01T15:40:36.000Z</time>
        <extensions>
          <ns3:TrackPointExtension>
            <ns3:atemp>25.0</ns3:atemp>
          </ns3:TrackPointExtension>
        </extensions>
      </trkpt>
      <trkpt lat="39.92637793533504009246826171875" lon="-105.7881633751094341278076171875">
        <ele>2671</ele>
        <time>2026-08-01T15:40:38.000Z</time>
        <extensions>
          <ns3:TrackPointExtension>
            <ns3:atemp>25.0</ns3:atemp>
          </ns3:TrackPointExtension>
        </extensions>
      </trkpt>
      <trkpt lat="39.92627752013504505157470703125" lon="-105.7881211303174495697021484375">
        <ele>2671.199951171875</ele>
        <time>2026-08-01T15:40:40.000Z</time>
        <extensions>
          <ns3:TrackPointExtension>
            <ns3:atemp>25.0</ns3:atemp>
          </ns3:TrackPointExtension>
        </extensions>
      </trkpt>
      <trkpt lat="39.9261582456529140472412109375" lon="-105.78807779587805271148681640625">
        <ele>2671.39990234375</ele>
        <time>2026-08-01T15:40:43.000Z</time>
        <extensions>
          <ns3:TrackPointExtension>
            <ns3:atemp>25.0</ns3:atemp>
          </ns3:TrackPointExtension>
        </extensions>
      </trkpt>
      <trkpt lat="39.92593981325626373291015625" lon="-105.78798039816319942474365234375">
        <ele>2672</ele>
        <time>2026-08-01T15:40:48.000Z</time>
        <extensions>
          <ns3:TrackPointExtension>
            <ns3:atemp>25.0</ns3:atemp>
          </ns3:TrackPointExtension>
        </extensions>
      </trkpt>
      <trkpt lat="39.925714842975139617919921875" lon="-105.7878792285919189453125">
        <ele>2672.60009765625</ele>
        <time>2026-08-01T15:40:53.000Z</time>
        <extensions>
          <ns3:TrackPointExtension>
            <ns3:atemp>25.0</ns3:atemp>
          </ns3:TrackPointExtension>
        </extensions>
      </trkpt>
      <trkpt lat="39.9256325326859951019287109375" lon="-105.787834636867046356201171875">
        <ele>2673</ele>
        <time>2026-08-01T15:40:55.000Z</time>
        <extensions>
          <ns3:TrackPointExtension>
            <ns3:atemp>25.0</ns3:atemp>
          </ns3:TrackPointExtension>
        </extensions>
      </trkpt>
      <trkpt lat="39.9255876056849956512451171875" lon="-105.7878163643181324005126953125">
        <ele>2672.800048828125</ele>
        <time>2026-08-01T15:40:56.000Z</time>
        <extensions>
          <ns3:TrackPointExtension>
            <ns3:atemp>25.0</ns3:atemp>
          </ns3:TrackPointExtension>
        </extensions>
      </trkpt>
      <trkpt lat="39.92550789378583431243896484375" lon="-105.78778577037155628204345703125">
        <ele>2673.199951171875</ele>
        <time>2026-08-01T15:40:58.000Z</time>
        <extensions>
          <ns3:TrackPointExtension>
            <ns3:atemp>25.0</ns3:atemp>
          </ns3:TrackPointExtension>
        </extensions>
      </trkpt>
      <trkpt lat="39.9253264255821704864501953125" lon="-105.78772022388875484466552734375">
        <ele>2673.60009765625</ele>
        <time>2026-08-01T15:41:02.000Z</time>
        <extensions>
          <ns3:TrackPointExtension>
            <ns3:atemp>25.0</ns3:atemp>
          </ns3:TrackPointExtension>
        </extensions>
      </trkpt>
      <trkpt lat="39.92528401315212249755859375" lon="-105.78770094551146030426025390625">
        <ele>2673.800048828125</ele>
        <time>2026-08-01T15:41:03.000Z</time>
        <extensions>
          <ns3:TrackPointExtension>
            <ns3:atemp>25.0</ns3:atemp>
          </ns3:TrackPointExtension>
        </extensions>
      </trkpt>
      <trkpt lat="39.9249951727688312530517578125" lon="-105.7875776477158069610595703125">
        <ele>2675</ele>
        <time>2026-08-01T15:41:10.000Z</time>
        <extensions>
          <ns3:TrackPointExtension>
            <ns3:atemp>25.0</ns3:atemp>
          </ns3:TrackPointExtension>
        </extensions>
      </trkpt>
      <trkpt lat="39.92483315058052539825439453125" lon="-105.78750028274953365325927734375">
        <ele>2675.39990234375</ele>
        <time>2026-08-01T15:41:14.000Z</time>
        <extensions>
          <ns3:TrackPointExtension>
            <ns3:atemp>25.0</ns3:atemp>
          </ns3:TrackPointExtension>
        </extensions>
      </trkpt>
      <trkpt lat="39.92470859549939632415771484375" lon="-105.78745351172983646392822265625">
        <ele>2675.800048828125</ele>
        <time>2026-08-01T15:41:17.000Z</time>
        <extensions>
          <ns3:TrackPointExtension>
            <ns3:atemp>25.0</ns3:atemp>
          </ns3:TrackPointExtension>
        </extensions>
      </trkpt>
      <trkpt lat="39.92454011924564838409423828125" lon="-105.78738695941865444183349609375">
        <ele>2676.199951171875</ele>
        <time>2026-08-01T15:41:21.000Z</time>
        <extensions>
          <ns3:TrackPointExtension>
            <ns3:atemp>25.0</ns3:atemp>
          </ns3:TrackPointExtension>
        </extensions>
      </trkpt>
      <trkpt lat="39.92436979897320270538330078125" lon="-105.7873147912323474884033203125">
        <ele>2676.800048828125</ele>
        <time>2026-08-01T15:41:25.000Z</time>
        <extensions>
          <ns3:TrackPointExtension>
            <ns3:atemp>25.0</ns3:atemp>
          </ns3:TrackPointExtension>
        </extensions>
      </trkpt>
      <trkpt lat="39.92424004711210727691650390625" lon="-105.78726173378527164459228515625">
        <ele>2677.199951171875</ele>
        <time>2026-08-01T15:41:28.000Z</time>
        <extensions>
          <ns3:TrackPointExtension>
            <ns3:atemp>25.0</ns3:atemp>
          </ns3:TrackPointExtension>
        </extensions>
      </trkpt>
      <trkpt lat="39.92397266440093517303466796875" lon="-105.78713600523769855499267578125">
        <ele>2678</ele>
        <time>2026-08-01T15:41:34.000Z</time>
        <extensions>
          <ns3:TrackPointExtension>
            <ns3:atemp>25.0</ns3:atemp>
          </ns3:TrackPointExtension>
        </extensions>
      </trkpt>
      <trkpt lat="39.92383335717022418975830078125" lon="-105.78708319924771785736083984375">
        <ele>2678.39990234375</ele>
        <time>2026-08-01T15:41:37.000Z</time>
        <extensions>
          <ns3:TrackPointExtension>
            <ns3:atemp>25.0</ns3:atemp>
          </ns3:TrackPointExtension>
        </extensions>
      </trkpt>
      <trkpt lat="39.9236148409545421600341796875" lon="-105.78698999248445034027099609375">
        <ele>2678.800048828125</ele>
        <time>2026-08-01T15:41:42.000Z</time>
        <extensions>
          <ns3:TrackPointExtension>
            <ns3:atemp>25.0</ns3:atemp>
          </ns3:TrackPointExtension>
        </extensions>
      </trkpt>
      <trkpt lat="39.923445023596286773681640625" lon="-105.7869208417832851409912109375">
        <ele>2679.60009765625</ele>
        <time>2026-08-01T15:41:46.000Z</time>
        <extensions>
          <ns3:TrackPointExtension>
            <ns3:atemp>25.0</ns3:atemp>
          </ns3:TrackPointExtension>
        </extensions>
      </trkpt>
      <trkpt lat="39.9233640544116497039794921875" lon="-105.7868913374841213226318359375">
        <ele>2679.60009765625</ele>
        <time>2026-08-01T15:41:48.000Z</time>
        <extensions>
          <ns3:TrackPointExtension>
            <ns3:atemp>25.0</ns3:atemp>
          </ns3:TrackPointExtension>
        </extensions>
      </trkpt>
      <trkpt lat="39.923322312533855438232421875" lon="-105.7868839614093303680419921875">
        <ele>2679.800048828125</ele>
        <time>2026-08-01T15:41:49.000Z</time>
        <extensions>
          <ns3:TrackPointExtension>
            <ns3:atemp>25.0</ns3:atemp>
          </ns3:TrackPointExtension>
        </extensions>
      </trkpt>
      <trkpt lat="39.92327679879963397979736328125" lon="-105.786873400211334228515625">
        <ele>2679.800048828125</ele>
        <time>2026-08-01T15:41:50.000Z</time>
        <extensions>
          <ns3:TrackPointExtension>
            <ns3:atemp>25.0</ns3:atemp>
          </ns3:TrackPointExtension>
        </extensions>
      </trkpt>
      <trkpt lat="39.92311754263937473297119140625" lon="-105.7868088595569133758544921875">
        <ele>2680.39990234375</ele>
        <time>2026-08-01T15:41:54.000Z</time>
        <extensions>
          <ns3:TrackPointExtension>
            <ns3:atemp>25.0</ns3:atemp>
          </ns3:TrackPointExtension>
        </extensions>
      </trkpt>
      <trkpt lat="39.923078231513500213623046875" lon="-105.78679486177861690521240234375">
        <ele>2680.800048828125</ele>
        <time>2026-08-01T15:41:55.000Z</time>
        <extensions>
          <ns3:TrackPointExtension>
            <ns3:atemp>25.0</ns3:atemp>
          </ns3:TrackPointExtension>
        </extensions>
      </trkpt>
      <trkpt lat="39.9229560233652591705322265625" lon="-105.78674591146409511566162109375">
        <ele>2681.199951171875</ele>
        <time>2026-08-01T15:41:58.000Z</time>
        <extensions>
          <ns3:TrackPointExtension>
            <ns3:atemp>25.0</ns3:atemp>
          </ns3:TrackPointExtension>
        </extensions>
      </trkpt>
      <trkpt lat="39.9228839389979839324951171875" lon="-105.78670685179531574249267578125">
        <ele>2681.39990234375</ele>
        <time>2026-08-01T15:42:00.000Z</time>
        <extensions>
          <ns3:TrackPointExtension>
            <ns3:atemp>25.0</ns3:atemp>
          </ns3:TrackPointExtension>
        </extensions>
      </trkpt>
      <trkpt lat="39.9227226711809635162353515625" lon="-105.78662789426743984222412109375">
        <ele>2681.800048828125</ele>
        <time>2026-08-01T15:42:04.000Z</time>
        <extensions>
          <ns3:TrackPointExtension>
            <ns3:atemp>25.0</ns3:atemp>
          </ns3:TrackPointExtension>
        </extensions>
      </trkpt>
      <trkpt lat="39.9225161410868167877197265625" lon="-105.7865346036851406097412109375">
        <ele>2682.39990234375</ele>
        <time>2026-08-01T15:42:09.000Z</time>
        <extensions>
          <ns3:TrackPointExtension>
            <ns3:atemp>25.0</ns3:atemp>
          </ns3:TrackPointExtension>
        </extensions>
      </trkpt>
      <trkpt lat="39.92226024158298969268798828125" lon="-105.786420442163944244384765625">
        <ele>2683</ele>
        <time>2026-08-01T15:42:15.000Z</time>
        <extensions>
          <ns3:TrackPointExtension>
            <ns3:atemp>25.0</ns3:atemp>
          </ns3:TrackPointExtension>
        </extensions>
      </trkpt>
      <trkpt lat="39.9220487661659717559814453125" lon="-105.7863421551883220672607421875">
        <ele>2683.39990234375</ele>
        <time>2026-08-01T15:42:20.000Z</time>
        <extensions>
          <ns3:TrackPointExtension>
            <ns3:atemp>25.0</ns3:atemp>
          </ns3:TrackPointExtension>
        </extensions>
      </trkpt>
      <trkpt lat="39.9220065213739871978759765625" lon="-105.78632882796227931976318359375">
        <ele>2683.39990234375</ele>
        <time>2026-08-01T15:42:21.000Z</time>
        <extensions>
          <ns3:TrackPointExtension>
            <ns3:atemp>25.0</ns3:atemp>
          </ns3:TrackPointExtension>
        </extensions>
      </trkpt>
      <trkpt lat="39.9217959679663181304931640625" lon="-105.7862310111522674560546875">
        <ele>2683.800048828125</ele>
        <time>2026-08-01T15:42:26.000Z</time>
        <extensions>
          <ns3:TrackPointExtension>
            <ns3:atemp>25.0</ns3:atemp>
          </ns3:TrackPointExtension>
        </extensions>
      </trkpt>
      <trkpt lat="39.9217064492404460906982421875" lon="-105.78619069419801235198974609375">
        <ele>2684</ele>
        <time>2026-08-01T15:42:28.000Z</time>
        <extensions>
          <ns3:TrackPointExtension>
            <ns3:atemp>25.0</ns3:atemp>
          </ns3:TrackPointExtension>
        </extensions>
      </trkpt>
      <trkpt lat="39.921571500599384307861328125" lon="-105.786124728620052337646484375">
        <ele>2684.199951171875</ele>
        <time>2026-08-01T15:42:31.000Z</time>
        <extensions>
          <ns3:TrackPointExtension>
            <ns3:atemp>25.0</ns3:atemp>
          </ns3:TrackPointExtension>
        </extensions>
      </trkpt>
      <trkpt lat="39.9215227179229259490966796875" lon="-105.78610620461404323577880859375">
        <ele>2684.199951171875</ele>
        <time>2026-08-01T15:42:32.000Z</time>
        <extensions>
          <ns3:TrackPointExtension>
            <ns3:atemp>25.0</ns3:atemp>
          </ns3:TrackPointExtension>
        </extensions>
      </trkpt>
      <trkpt lat="39.921324737370014190673828125" lon="-105.7860363833606243133544921875">
        <ele>2684.60009765625</ele>
        <time>2026-08-01T15:42:36.000Z</time>
        <extensions>
          <ns3:TrackPointExtension>
            <ns3:atemp>25.0</ns3:atemp>
          </ns3:TrackPointExtension>
        </extensions>
      </trkpt>
      <trkpt lat="39.92118249647319316864013671875" lon="-105.785976536571979522705078125">
        <ele>2685</ele>
        <time>2026-08-01T15:42:39.000Z</time>
        <extensions>
          <ns3:TrackPointExtension>
            <ns3:atemp>25.0</ns3:atemp>
          </ns3:TrackPointExtension>
        </extensions>
      </trkpt>
      <trkpt lat="39.92081503383815288543701171875" lon="-105.78583479858934879302978515625">
        <ele>2685.60009765625</ele>
        <time>2026-08-01T15:42:47.000Z</time>
        <extensions>
          <ns3:TrackPointExtension>
            <ns3:atemp>25.0</ns3:atemp>
          </ns3:TrackPointExtension>
        </extensions>
      </trkpt>
      <trkpt lat="39.9204929172992706298828125" lon="-105.7856930606067180633544921875">
        <ele>2685.800048828125</ele>
        <time>2026-08-01T15:42:54.000Z</time>
        <extensions>
          <ns3:TrackPointExtension>
            <ns3:atemp>25.0</ns3:atemp>
          </ns3:TrackPointExtension>
        </extensions>
      </trkpt>
      <trkpt lat="39.9203990399837493896484375" lon="-105.78564235009253025054931640625">
        <ele>2686.199951171875</ele>
        <time>2026-08-01T15:42:56.000Z</time>
        <extensions>
          <ns3:TrackPointExtension>
            <ns3:atemp>25.0</ns3:atemp>
          </ns3:TrackPointExtension>
        </extensions>
      </trkpt>
      <trkpt lat="39.92030977271497249603271484375" lon="-105.78559775836765766143798828125">
        <ele>2686.39990234375</ele>
        <time>2026-08-01T15:42:58.000Z</time>
        <extensions>
          <ns3:TrackPointExtension>
            <ns3:atemp>25.0</ns3:atemp>
          </ns3:TrackPointExtension>
        </extensions>
      </trkpt>
      <trkpt lat="39.92021732032299041748046875" lon="-105.7855658233165740966796875">
        <ele>2686.39990234375</ele>
        <time>2026-08-01T15:43:00.000Z</time>
        <extensions>
          <ns3:TrackPointExtension>
            <ns3:atemp>25.0</ns3:atemp>
          </ns3:TrackPointExtension>
        </extensions>
      </trkpt>
      <trkpt lat="39.9201688729226589202880859375" lon="-105.78554931096732616424560546875">
        <ele>2686.60009765625</ele>
        <time>2026-08-01T15:43:01.000Z</time>
        <extensions>
          <ns3:TrackPointExtension>
            <ns3:atemp>25.0</ns3:atemp>
          </ns3:TrackPointExtension>
        </extensions>
      </trkpt>
      <trkpt lat="39.92001322098076343536376953125" lon="-105.7855009473860263824462890625">
        <ele>2687.199951171875</ele>
        <time>2026-08-01T15:43:05.000Z</time>
        <extensions>
          <ns3:TrackPointExtension>
            <ns3:atemp>25.0</ns3:atemp>
          </ns3:TrackPointExtension>
        </extensions>
      </trkpt>
      <trkpt lat="39.91992093622684478759765625" lon="-105.785460881888866424560546875">
        <ele>2687.39990234375</ele>
        <time>2026-08-01T15:43:07.000Z</time>
        <extensions>
          <ns3:TrackPointExtension>
            <ns3:atemp>25.0</ns3:atemp>
          </ns3:TrackPointExtension>
        </extensions>
      </trkpt>
      <trkpt lat="39.91972790099680423736572265625" lon="-105.78537044115364551544189453125">
        <ele>2687.800048828125</ele>
        <time>2026-08-01T15:43:11.000Z</time>
        <extensions>
          <ns3:TrackPointExtension>
            <ns3:atemp>25.0</ns3:atemp>
          </ns3:TrackPointExtension>
        </extensions>
      </trkpt>
      <trkpt lat="39.9194788746535778045654296875" lon="-105.7852629013359546661376953125">
        <ele>2687.800048828125</ele>
        <time>2026-08-01T15:43:17.000Z</time>
        <extensions>
          <ns3:TrackPointExtension>
            <ns3:atemp>25.0</ns3:atemp>
          </ns3:TrackPointExtension>
        </extensions>
      </trkpt>
      <trkpt lat="39.91937602870166301727294921875" lon="-105.785218812525272369384765625">
        <ele>2688</ele>
        <time>2026-08-01T15:43:20.000Z</time>
        <extensions>
          <ns3:TrackPointExtension>
            <ns3:atemp>25.0</ns3:atemp>
          </ns3:TrackPointExtension>
        </extensions>
      </trkpt>
      <trkpt lat="39.91936731152236461639404296875" lon="-105.7851854525506496429443359375">
        <ele>2688</ele>
        <time>2026-08-01T15:43:21.000Z</time>
        <extensions>
          <ns3:TrackPointExtension>
            <ns3:atemp>25.0</ns3:atemp>
          </ns3:TrackPointExtension>
        </extensions>
      </trkpt>
      <trkpt lat="39.919381476938724517822265625" lon="-105.78508143313229084014892578125">
        <ele>2688</ele>
        <time>2026-08-01T15:43:23.000Z</time>
        <extensions>
          <ns3:TrackPointExtension>
            <ns3:atemp>25.0</ns3:atemp>
          </ns3:TrackPointExtension>
        </extensions>
      </trkpt>
      <trkpt lat="39.91940016858279705047607421875" lon="-105.78496073372662067413330078125">
        <ele>2688.199951171875</ele>
        <time>2026-08-01T15:43:25.000Z</time>
        <extensions>
          <ns3:TrackPointExtension>
            <ns3:atemp>25.0</ns3:atemp>
          </ns3:TrackPointExtension>
        </extensions>
      </trkpt>
      <trkpt lat="39.91940796375274658203125" lon="-105.784837938845157623291015625">
        <ele>2688.60009765625</ele>
        <time>2026-08-01T15:43:27.000Z</time>
        <extensions>
          <ns3:TrackPointExtension>
            <ns3:atemp>25.0</ns3:atemp>
          </ns3:TrackPointExtension>
        </extensions>
      </trkpt>
      <trkpt lat="39.9194198660552501678466796875" lon="-105.7847893238067626953125">
        <ele>2688.60009765625</ele>
        <time>2026-08-01T15:43:28.000Z</time>
        <extensions>
          <ns3:TrackPointExtension>
            <ns3:atemp>25.0</ns3:atemp>
          </ns3:TrackPointExtension>
        </extensions>
      </trkpt>
      <trkpt lat="39.91944023407995700836181640625" lon="-105.78476074151694774627685546875">
        <ele>2688.60009765625</ele>
        <time>2026-08-01T15:43:29.000Z</time>
        <extensions>
          <ns3:TrackPointExtension>
            <ns3:atemp>25.0</ns3:atemp>
          </ns3:TrackPointExtension>
        </extensions>
      </trkpt>
      <trkpt lat="39.91956545971333980560302734375" lon="-105.784725286066532135009765625">
        <ele>2688.800048828125</ele>
        <time>2026-08-01T15:43:34.000Z</time>
        <extensions>
          <ns3:TrackPointExtension>
            <ns3:atemp>25.0</ns3:atemp>
          </ns3:TrackPointExtension>
        </extensions>
      </trkpt>
      <trkpt lat="39.91959898732602596282958984375" lon="-105.78471380285918712615966796875">
        <ele>2689</ele>
        <time>2026-08-01T15:43:35.000Z</time>
        <extensions>
          <ns3:TrackPointExtension>
            <ns3:atemp>25.0</ns3:atemp>
          </ns3:TrackPointExtension>
        </extensions>
      </trkpt>
      <trkpt lat="39.91966268979012966156005859375" lon="-105.78465412370860576629638671875">
        <ele>2689</ele>
        <time>2026-08-01T15:43:37.000Z</time>
        <extensions>
          <ns3:TrackPointExtension>
            <ns3:atemp>25.0</ns3:atemp>
          </ns3:TrackPointExtension>
        </extensions>
      </trkpt>
      <trkpt lat="39.9197611771523952484130859375" lon="-105.78447139821946620941162109375">
        <ele>2689</ele>
        <time>2026-08-01T15:43:42.000Z</time>
        <extensions>
          <ns3:TrackPointExtension>
            <ns3:atemp>25.0</ns3:atemp>
          </ns3:TrackPointExtension>
        </extensions>
      </trkpt>
      <trkpt lat="39.91982077248394489288330078125" lon="-105.7843824662268161773681640625">
        <ele>2688.800048828125</ele>
        <time>2026-08-01T15:43:45.000Z</time>
        <extensions>
          <ns3:TrackPointExtension>
            <ns3:atemp>25.0</ns3:atemp>
          </ns3:TrackPointExtension>
        </extensions>
      </trkpt>
      <trkpt lat="39.920249171555042266845703125" lon="-105.783878378570079803466796875">
        <ele>2686.199951171875</ele>
        <time>2026-08-01T15:44:20.000Z</time>
        <extensions>
          <ns3:TrackPointExtension>
            <ns3:atemp>26.0</ns3:atemp>
          </ns3:TrackPointExtension>
        </extensions>
      </trkpt>
      <trkpt lat="39.920249171555042266845703125" lon="-105.783878378570079803466796875">
        <ele>2686.199951171875</ele>
        <time>2026-08-01T15:44:21.000Z</time>
        <extensions>
          <ns3:TrackPointExtension>
            <ns3:atemp>26.0</ns3:atemp>
          </ns3:TrackPointExtension>
        </extensions>
      </trkpt>
    </trkseg>
  </trk>
</gpx>
