<?xml version="1.0" encoding="UTF-8"?>
<gpx creator="StravaGPX" version="1.1" xmlns="http://www.topografix.com/GPX/1/1" xmlns:xsi="http://www.w3.org/2001/XMLSchema-instance" xsi:schemaLocation="http://www.topografix.com/GPX/1/1 http://www.topografix.com/GPX/1/1/gpx.xsd">
 <metadata>
  <time>2026-06-19T17:21:53Z</time>
 </metadata>
 <trk>
  <name>First MTB ride 🔥</name>
  <type>mountain_biking</type>
  <trkseg>
   <trkpt lat="39.8114250" lon="-105.4965750">
    <ele>2506.7</ele>
    <time>2026-06-19T17:21:53Z</time>
   </trkpt>
   <trkpt lat="39.8114240" lon="-105.4965690">
    <ele>2506.7</ele>
    <time>2026-06-19T17:21:54Z</time>
   </trkpt>
   <trkpt lat="39.8114210" lon="-105.4965740">
    <ele>2506.7</ele>
    <time>2026-06-19T17:21:55Z</time>
   </trkpt>
   <trkpt lat="39.8114200" lon="-105.4965780">
    <ele>2506.7</ele>
    <time>2026-06-19T17:21:56Z</time>
   </trkpt>
   <trkpt lat="39.8114180" lon="-105.4965800">
    <ele>2506.7</ele>
    <time>2026-06-19T17:21:57Z</time>
   </trkpt>
   <trkpt lat="39.8114170" lon="-105.4965810">
    <ele>2506.7</ele>
    <time>2026-06-19T17:21:58Z</time>
   </trkpt>
   <trkpt lat="39.8114170" lon="-105.4965820">
    <ele>2506.7</ele>
    <time>2026-06-19T17:21:59Z</time>
   </trkpt>
   <trkpt lat="39.8114150" lon="-105.4965810">
    <ele>2506.7</ele>
    <time>2026-06-19T17:22:00Z</time>
   </trkpt>
   <trkpt lat="39.8114060" lon="-105.4965730">
    <ele>2506.7</ele>
    <time>2026-06-19T17:22:01Z</time>
   </trkpt>
   <trkpt lat="39.8113960" lon="-105.4965600">
    <ele>2506.7</ele>
    <time>2026-06-19T17:22:02Z</time>
   </trkpt>
   <trkpt lat="39.8113940" lon="-105.4965600">
    <ele>2506.7</ele>
    <time>2026-06-19T17:22:03Z</time>
   </trkpt>
   <trkpt lat="39.8113910" lon="-105.4965590">
    <ele>2506.7</ele>
    <time>2026-06-19T17:22:04Z</time>
   </trkpt>
   <trkpt lat="39.8113860" lon="-105.4965990">
    <ele>2506.7</ele>
    <time>2026-06-19T17:22:08Z</time>
   </trkpt>
   <trkpt lat="39.8113910" lon="-105.4966050">
    <ele>2506.7</ele>
    <time>2026-06-19T17:22:09Z</time>
   </trkpt>
   <trkpt lat="39.8113930" lon="-105.4965780">
    <ele>2506.7</ele>
    <time>2026-06-19T17:22:10Z</time>
   </trkpt>
   <trkpt lat="39.8113930" lon="-105.4965770">
    <ele>2506.7</ele>
    <time>2026-06-19T17:22:11Z</time>
   </trkpt>
   <trkpt lat="39.8113880" lon="-105.4965860">
    <ele>2506.7</ele>
    <time>2026-06-19T17:22:12Z</time>
   </trkpt>
   <trkpt lat="39.8113940" lon="-105.4965850">
    <ele>2506.7</ele>
    <time>2026-06-19T17:22:13Z</time>
   </trkpt>
   <trkpt lat="39.8114040" lon="-105.4966010">
    <ele>2506.7</ele>
    <time>2026-06-19T17:22:14Z</time>
   </trkpt>
   <trkpt lat="39.8114080" lon="-105.4966040">
    <ele>2506.7</ele>
    <time>2026-06-19T17:22:15Z</time>
   </trkpt>
   <trkpt lat="39.8114110" lon="-105.4966140">
    <ele>2506.7</ele>
    <time>2026-06-19T17:22:16Z</time>
   </trkpt>
   <trkpt lat="39.8114090" lon="-105.4966230">
    <ele>2506.7</ele>
    <time>2026-06-19T17:22:17Z</time>
   </trkpt>
   <trkpt lat="39.8114060" lon="-105.4966290">
    <ele>2506.7</ele>
    <time>2026-06-19T17:22:18Z</time>
   </trkpt>
   <trkpt lat="39.8113960" lon="-105.4966280">
    <ele>2506.7</ele>
    <time>2026-06-19T17:22:19Z</time>
   </trkpt>
   <trkpt lat="39.8113910" lon="-105.4966210">
    <ele>2506.7</ele>
    <time>2026-06-19T17:22:20Z</time>
   </trkpt>
   <trkpt lat="39.8113890" lon="-105.4966200">
    <ele>2506.7</ele>
    <time>2026-06-19T17:22:21Z</time>
   </trkpt>
   <trkpt lat="39.8113830" lon="-105.4966220">
    <ele>2506.7</ele>
    <time>2026-06-19T17:22:22Z</time>
   </trkpt>
   <trkpt lat="39.8113820" lon="-105.4966220">
    <ele>2506.7</ele>
    <time>2026-06-19T17:22:23Z</time>
   </trkpt>
   <trkpt lat="39.8113760" lon="-105.4966230">
    <ele>2506.7</ele>
    <time>2026-06-19T17:22:24Z</time>
   </trkpt>
   <trkpt lat="39.8113740" lon="-105.4966210">
    <ele>2506.7</ele>
    <time>2026-06-19T17:22:25Z</time>
   </trkpt>
   <trkpt lat="39.8113730" lon="-105.4966180">
    <ele>2506.7</ele>
    <time>2026-06-19T17:22:26Z</time>
   </trkpt>
   <trkpt lat="39.8113710" lon="-105.4966160">
    <ele>2506.7</ele>
    <time>2026-06-19T17:22:27Z</time>
   </trkpt>
   <trkpt lat="39.8113700" lon="-105.4966140">
    <ele>2506.7</ele>
    <time>2026-06-19T17:22:46Z</time>
   </trkpt>
   <trkpt lat="39.8113680" lon="-105.4966120">
    <ele>2506.7</ele>
    <time>2026-06-19T17:22:47Z</time>
   </trkpt>
   <trkpt lat="39.8113670" lon="-105.4966100">
    <ele>2506.7</ele>
    <time>2026-06-19T17:22:48Z</time>
   </trkpt>
   <trkpt lat="39.8113650" lon="-105.4966080">
    <ele>2506.7</ele>
    <time>2026-06-19T17:22:49Z</time>
   </trkpt>
   <trkpt lat="39.8113640" lon="-105.4966050">
    <ele>2506.7</ele>
    <time>2026-06-19T17:22:50Z</time>
   </trkpt>
   <trkpt lat="39.8113620" lon="-105.4966030">
    <ele>2506.7</ele>
    <time>2026-06-19T17:22:51Z</time>
   </trkpt>
   <trkpt lat="39.8113610" lon="-105.4966010">
    <ele>2506.7</ele>
    <time>2026-06-19T17:22:52Z</time>
   </trkpt>
   <trkpt lat="39.8113590" lon="-105.4965990">
    <ele>2506.7</ele>
    <time>2026-06-19T17:22:53Z</time>
   </trkpt>
   <trkpt lat="39.8113680" lon="-105.4965830">
    <ele>2506.7</ele>
    <time>2026-06-19T17:22:54Z</time>
   </trkpt>
   <trkpt lat="39.8113700" lon="-105.4965790">
    <ele>2506.7</ele>
    <time>2026-06-19T17:22:55Z</time>
   </trkpt>
   <trkpt lat="39.8113720" lon="-105.4965750">
    <ele>2506.7</ele>
    <time>2026-06-19T17:23:28Z</time>
   </trkpt>
   <trkpt lat="39.8113740" lon="-105.4965710">
    <ele>2506.7</ele>
    <time>2026-06-19T17:23:29Z</time>
   </trkpt>
   <trkpt lat="39.8113760" lon="-105.4965670">
    <ele>2506.7</ele>
    <time>2026-06-19T17:23:30Z</time>
   </trkpt>
   <trkpt lat="39.8113780" lon="-105.4965630">
    <ele>2506.7</ele>
    <time>2026-06-19T17:23:31Z</time>
   </trkpt>
   <trkpt lat="39.8113800" lon="-105.4965590">
    <ele>2506.7</ele>
    <time>2026-06-19T17:23:32Z</time>
   </trkpt>
   <trkpt lat="39.8113820" lon="-105.4965550">
    <ele>2506.7</ele>
    <time>2026-06-19T17:23:33Z</time>
   </trkpt>
   <trkpt lat="39.8113840" lon="-105.4965520">
    <ele>2506.7</ele>
    <time>2026-06-19T17:23:34Z</time>
   </trkpt>
   <trkpt lat="39.8113860" lon="-105.4965480">
    <ele>2506.7</ele>
    <time>2026-06-19T17:23:35Z</time>
   </trkpt>
   <trkpt lat="39.8113880" lon="-105.4965440">
    <ele>2506.7</ele>
    <time>2026-06-19T17:23:36Z</time>
   </trkpt>
   <trkpt lat="39.8113900" lon="-105.4965400">
    <ele>2506.7</ele>
    <time>2026-06-19T17:23:37Z</time>
   </trkpt>
   <trkpt lat="39.8113920" lon="-105.4965360">
    <ele>2506.7</ele>
    <time>2026-06-19T17:23:38Z</time>
   </trkpt>
   <trkpt lat="39.8113940" lon="-105.4965320">
    <ele>2506.7</ele>
    <time>2026-06-19T17:24:03Z</time>
   </trkpt>
   <trkpt lat="39.8113960" lon="-105.4965280">
    <ele>2506.7</ele>
    <time>2026-06-19T17:24:04Z</time>
   </trkpt>
   <trkpt lat="39.8113980" lon="-105.4965240">
    <ele>2506.7</ele>
    <time>2026-06-19T17:24:05Z</time>
   </trkpt>
   <trkpt lat="39.8114000" lon="-105.4965200">
    <ele>2506.7</ele>
    <time>2026-06-19T17:24:06Z</time>
   </trkpt>
   <trkpt lat="39.8114020" lon="-105.4965160">
    <ele>2506.7</ele>
    <time>2026-06-19T17:24:07Z</time>
   </trkpt>
   <trkpt lat="39.8114230" lon="-105.4965160">
    <ele>2506.7</ele>
    <time>2026-06-19T17:24:08Z</time>
   </trkpt>
   <trkpt lat="39.8114340" lon="-105.4965070">
    <ele>2506.8</ele>
    <time>2026-06-19T17:24:09Z</time>
   </trkpt>
   <trkpt lat="39.8114450" lon="-105.4964990">
    <ele>2506.8</ele>
    <time>2026-06-19T17:24:10Z</time>
   </trkpt>
   <trkpt lat="39.8114110" lon="-105.4964990">
    <ele>2506.8</ele>
    <time>2026-06-19T17:24:11Z</time>
   </trkpt>
   <trkpt lat="39.8114010" lon="-105.4965000">
    <ele>2506.8</ele>
    <time>2026-06-19T17:24:12Z</time>
   </trkpt>
   <trkpt lat="39.8114100" lon="-105.4964680">
    <ele>2506.8</ele>
    <time>2026-06-19T17:24:13Z</time>
   </trkpt>
   <trkpt lat="39.8114090" lon="-105.4964640">
    <ele>2506.8</ele>
    <time>2026-06-19T17:24:14Z</time>
   </trkpt>
   <trkpt lat="39.8114120" lon="-105.4964490">
    <ele>2506.8</ele>
    <time>2026-06-19T17:24:15Z</time>
   </trkpt>
   <trkpt lat="39.8114170" lon="-105.4964320">
    <ele>2506.8</ele>
    <time>2026-06-19T17:24:16Z</time>
   </trkpt>
   <trkpt lat="39.8114380" lon="-105.4964790">
    <ele>2506.8</ele>
    <time>2026-06-19T17:24:17Z</time>
   </trkpt>
   <trkpt lat="39.8114030" lon="-105.4964680">
    <ele>2506.8</ele>
    <time>2026-06-19T17:24:18Z</time>
   </trkpt>
   <trkpt lat="39.8113930" lon="-105.4964680">
    <ele>2506.8</ele>
    <time>2026-06-19T17:24:19Z</time>
   </trkpt>
   <trkpt lat="39.8113820" lon="-105.4964670">
    <ele>2506.8</ele>
    <time>2026-06-19T17:24:20Z</time>
   </trkpt>
   <trkpt lat="39.8113840" lon="-105.4964440">
    <ele>2506.8</ele>
    <time>2026-06-19T17:24:21Z</time>
   </trkpt>
   <trkpt lat="39.8113820" lon="-105.4964310">
    <ele>2506.8</ele>
    <time>2026-06-19T17:24:22Z</time>
   </trkpt>
   <trkpt lat="39.8113810" lon="-105.4964170">
    <ele>2506.8</ele>
    <time>2026-06-19T17:24:23Z</time>
   </trkpt>
   <trkpt lat="39.8113870" lon="-105.4964230">
    <ele>2506.8</ele>
    <time>2026-06-19T17:24:24Z</time>
   </trkpt>
   <trkpt lat="39.8113680" lon="-105.4964110">
    <ele>2506.9</ele>
    <time>2026-06-19T17:24:25Z</time>
   </trkpt>
   <trkpt lat="39.8113510" lon="-105.4964140">
    <ele>2506.9</ele>
    <time>2026-06-19T17:24:26Z</time>
   </trkpt>
   <trkpt lat="39.8113630" lon="-105.4964120">
    <ele>2506.9</ele>
    <time>2026-06-19T17:24:27Z</time>
   </trkpt>
   <trkpt lat="39.8113810" lon="-105.4963960">
    <ele>2506.9</ele>
    <time>2026-06-19T17:24:28Z</time>
   </trkpt>
   <trkpt lat="39.8113760" lon="-105.4964030">
    <ele>2506.9</ele>
    <time>2026-06-19T17:24:29Z</time>
   </trkpt>
   <trkpt lat="39.8113740" lon="-105.4964030">
    <ele>2506.9</ele>
    <time>2026-06-19T17:24:30Z</time>
   </trkpt>
   <trkpt lat="39.8113750" lon="-105.4964100">
    <ele>2506.9</ele>
    <time>2026-06-19T17:24:31Z</time>
   </trkpt>
   <trkpt lat="39.8113740" lon="-105.4964030">
    <ele>2506.9</ele>
    <time>2026-06-19T17:24:32Z</time>
   </trkpt>
   <trkpt lat="39.8113800" lon="-105.4964040">
    <ele>2506.9</ele>
    <time>2026-06-19T17:24:33Z</time>
   </trkpt>
   <trkpt lat="39.8113680" lon="-105.4963900">
    <ele>2506.9</ele>
    <time>2026-06-19T17:24:34Z</time>
   </trkpt>
   <trkpt lat="39.8114140" lon="-105.4963830">
    <ele>2506.9</ele>
    <time>2026-06-19T17:24:35Z</time>
   </trkpt>
   <trkpt lat="39.8113890" lon="-105.4963920">
    <ele>2506.9</ele>
    <time>2026-06-19T17:24:36Z</time>
   </trkpt>
   <trkpt lat="39.8113810" lon="-105.4964070">
    <ele>2506.9</ele>
    <time>2026-06-19T17:24:37Z</time>
   </trkpt>
   <trkpt lat="39.8113670" lon="-105.4962970">
    <ele>2507.0</ele>
    <time>2026-06-19T17:24:40Z</time>
   </trkpt>
   <trkpt lat="39.8113560" lon="-105.4962990">
    <ele>2507.0</ele>
    <time>2026-06-19T17:24:41Z</time>
   </trkpt>
   <trkpt lat="39.8113450" lon="-105.4962930">
    <ele>2507.0</ele>
    <time>2026-06-19T17:24:42Z</time>
   </trkpt>
   <trkpt lat="39.8113610" lon="-105.4963190">
    <ele>2507.0</ele>
    <time>2026-06-19T17:24:43Z</time>
   </trkpt>
   <trkpt lat="39.8113580" lon="-105.4963060">
    <ele>2507.0</ele>
    <time>2026-06-19T17:24:44Z</time>
   </trkpt>
   <trkpt lat="39.8113600" lon="-105.4963110">
    <ele>2507.0</ele>
    <time>2026-06-19T17:24:45Z</time>
   </trkpt>
   <trkpt lat="39.8113620" lon="-105.4963100">
    <ele>2507.0</ele>
    <time>2026-06-19T17:24:46Z</time>
   </trkpt>
   <trkpt lat="39.8113630" lon="-105.4963070">
    <ele>2507.0</ele>
    <time>2026-06-19T17:24:47Z</time>
   </trkpt>
   <trkpt lat="39.8113610" lon="-105.4963060">
    <ele>2507.0</ele>
    <time>2026-06-19T17:24:48Z</time>
   </trkpt>
   <trkpt lat="39.8113610" lon="-105.4963050">
    <ele>2507.0</ele>
    <time>2026-06-19T17:24:49Z</time>
   </trkpt>
   <trkpt lat="39.8113610" lon="-105.4963050">
    <ele>2507.0</ele>
    <time>2026-06-19T17:24:50Z</time>
   </trkpt>
   <trkpt lat="39.8113540" lon="-105.4963010">
    <ele>2507.0</ele>
    <time>2026-06-19T17:24:51Z</time>
   </trkpt>
   <trkpt lat="39.8113600" lon="-105.4963000">
    <ele>2507.0</ele>
    <time>2026-06-19T17:24:52Z</time>
   </trkpt>
   <trkpt lat="39.8113600" lon="-105.4963040">
    <ele>2507.0</ele>
    <time>2026-06-19T17:24:53Z</time>
   </trkpt>
   <trkpt lat="39.8113350" lon="-105.4963680">
    <ele>2507.0</ele>
    <time>2026-06-19T17:24:55Z</time>
   </trkpt>
   <trkpt lat="39.8113430" lon="-105.4963600">
    <ele>2507.1</ele>
    <time>2026-06-19T17:24:56Z</time>
   </trkpt>
   <trkpt lat="39.8113390" lon="-105.4963920">
    <ele>2507.1</ele>
    <time>2026-06-19T17:24:57Z</time>
   </trkpt>
   <trkpt lat="39.8113340" lon="-105.4963750">
    <ele>2507.1</ele>
    <time>2026-06-19T17:24:58Z</time>
   </trkpt>
   <trkpt lat="39.8113320" lon="-105.4963700">
    <ele>2507.1</ele>
    <time>2026-06-19T17:24:59Z</time>
   </trkpt>
   <trkpt lat="39.8113260" lon="-105.4963640">
    <ele>2507.1</ele>
    <time>2026-06-19T17:25:00Z</time>
   </trkpt>
   <trkpt lat="39.8113210" lon="-105.4963650">
    <ele>2507.1</ele>
    <time>2026-06-19T17:25:01Z</time>
   </trkpt>
   <trkpt lat="39.8113210" lon="-105.4963590">
    <ele>2507.1</ele>
    <time>2026-06-19T17:25:02Z</time>
   </trkpt>
   <trkpt lat="39.8113220" lon="-105.4963560">
    <ele>2507.1</ele>
    <time>2026-06-19T17:25:03Z</time>
   </trkpt>
   <trkpt lat="39.8113220" lon="-105.4963540">
    <ele>2507.1</ele>
    <time>2026-06-19T17:25:04Z</time>
   </trkpt>
   <trkpt lat="39.8113220" lon="-105.4963530">
    <ele>2507.1</ele>
    <time>2026-06-19T17:25:05Z</time>
   </trkpt>
   <trkpt lat="39.8113730" lon="-105.4963440">
    <ele>2507.1</ele>
    <time>2026-06-19T17:25:28Z</time>
   </trkpt>
   <trkpt lat="39.8113760" lon="-105.4963860">
    <ele>2507.1</ele>
    <time>2026-06-19T17:25:29Z</time>
   </trkpt>
   <trkpt lat="39.8114110" lon="-105.4963990">
    <ele>2507.2</ele>
    <time>2026-06-19T17:25:30Z</time>
   </trkpt>
   <trkpt lat="39.8114240" lon="-105.4964040">
    <ele>2507.2</ele>
    <time>2026-06-19T17:25:31Z</time>
   </trkpt>
   <trkpt lat="39.8114240" lon="-105.4964100">
    <ele>2507.2</ele>
    <time>2026-06-19T17:25:32Z</time>
   </trkpt>
   <trkpt lat="39.8114280" lon="-105.4964270">
    <ele>2507.2</ele>
    <time>2026-06-19T17:25:33Z</time>
   </trkpt>
   <trkpt lat="39.8114240" lon="-105.4964380">
    <ele>2507.2</ele>
    <time>2026-06-19T17:25:34Z</time>
   </trkpt>
   <trkpt lat="39.8114180" lon="-105.4964340">
    <ele>2507.2</ele>
    <time>2026-06-19T17:25:35Z</time>
   </trkpt>
   <trkpt lat="39.8114160" lon="-105.4964310">
    <ele>2507.2</ele>
    <time>2026-06-19T17:25:36Z</time>
   </trkpt>
   <trkpt lat="39.8114190" lon="-105.4963940">
    <ele>2507.2</ele>
    <time>2026-06-19T17:25:37Z</time>
   </trkpt>
   <trkpt lat="39.8114320" lon="-105.4963670">
    <ele>2507.2</ele>
    <time>2026-06-19T17:25:38Z</time>
   </trkpt>
   <trkpt lat="39.8114350" lon="-105.4964130">
    <ele>2507.2</ele>
    <time>2026-06-19T17:25:39Z</time>
   </trkpt>
   <trkpt lat="39.8114270" lon="-105.4964260">
    <ele>2507.2</ele>
    <time>2026-06-19T17:25:40Z</time>
   </trkpt>
   <trkpt lat="39.8114270" lon="-105.4964280">
    <ele>2507.2</ele>
    <time>2026-06-19T17:25:41Z</time>
   </trkpt>
   <trkpt lat="39.8114260" lon="-105.4964310">
    <ele>2507.2</ele>
    <time>2026-06-19T17:25:42Z</time>
   </trkpt>
   <trkpt lat="39.8114260" lon="-105.4964330">
    <ele>2507.2</ele>
    <time>2026-06-19T17:25:43Z</time>
   </trkpt>
   <trkpt lat="39.8114260" lon="-105.4964360">
    <ele>2507.2</ele>
    <time>2026-06-19T17:25:44Z</time>
   </trkpt>
   <trkpt lat="39.8114260" lon="-105.4964380">
    <ele>2507.2</ele>
    <time>2026-06-19T17:25:45Z</time>
   </trkpt>
   <trkpt lat="39.8114260" lon="-105.4964410">
    <ele>2507.3</ele>
    <time>2026-06-19T17:25:46Z</time>
   </trkpt>
   <trkpt lat="39.8114250" lon="-105.4964440">
    <ele>2507.3</ele>
    <time>2026-06-19T17:25:47Z</time>
   </trkpt>
   <trkpt lat="39.8114250" lon="-105.4964460">
    <ele>2507.3</ele>
    <time>2026-06-19T17:25:48Z</time>
   </trkpt>
   <trkpt lat="39.8114250" lon="-105.4964490">
    <ele>2507.3</ele>
    <time>2026-06-19T17:25:49Z</time>
   </trkpt>
   <trkpt lat="39.8114250" lon="-105.4964510">
    <ele>2507.3</ele>
    <time>2026-06-19T17:25:50Z</time>
   </trkpt>
   <trkpt lat="39.8114240" lon="-105.4964540">
    <ele>2507.3</ele>
    <time>2026-06-19T17:25:51Z</time>
   </trkpt>
   <trkpt lat="39.8114240" lon="-105.4964560">
    <ele>2507.3</ele>
    <time>2026-06-19T17:25:52Z</time>
   </trkpt>
   <trkpt lat="39.8114240" lon="-105.4964590">
    <ele>2507.3</ele>
    <time>2026-06-19T17:25:53Z</time>
   </trkpt>
   <trkpt lat="39.8113910" lon="-105.4964530">
    <ele>2507.3</ele>
    <time>2026-06-19T17:25:54Z</time>
   </trkpt>
   <trkpt lat="39.8113460" lon="-105.4964580">
    <ele>2507.3</ele>
    <time>2026-06-19T17:26:05Z</time>
   </trkpt>
   <trkpt lat="39.8113010" lon="-105.4964640">
    <ele>2507.3</ele>
    <time>2026-06-19T17:26:06Z</time>
   </trkpt>
   <trkpt lat="39.8112670" lon="-105.4964470">
    <ele>2507.4</ele>
    <time>2026-06-19T17:26:07Z</time>
   </trkpt>
   <trkpt lat="39.8112170" lon="-105.4964620">
    <ele>2507.4</ele>
    <time>2026-06-19T17:26:08Z</time>
   </trkpt>
   <trkpt lat="39.8111830" lon="-105.4964790">
    <ele>2507.4</ele>
    <time>2026-06-19T17:26:09Z</time>
   </trkpt>
   <trkpt lat="39.8111620" lon="-105.4965260">
    <ele>2507.4</ele>
    <time>2026-06-19T17:26:10Z</time>
   </trkpt>
   <trkpt lat="39.8111600" lon="-105.4965550">
    <ele>2507.4</ele>
    <time>2026-06-19T17:26:11Z</time>
   </trkpt>
   <trkpt lat="39.8111600" lon="-105.4966080">
    <ele>2507.5</ele>
    <time>2026-06-19T17:26:12Z</time>
   </trkpt>
   <trkpt lat="39.8111780" lon="-105.4966430">
    <ele>2507.6</ele>
    <time>2026-06-19T17:26:13Z</time>
   </trkpt>
   <trkpt lat="39.8112060" lon="-105.4966660">
    <ele>2507.7</ele>
    <time>2026-06-19T17:26:14Z</time>
   </trkpt>
   <trkpt lat="39.8112530" lon="-105.4967010">
    <ele>2507.8</ele>
    <time>2026-06-19T17:26:15Z</time>
   </trkpt>
   <trkpt lat="39.8112800" lon="-105.4967240">
    <ele>2507.8</ele>
    <time>2026-06-19T17:26:16Z</time>
   </trkpt>
   <trkpt lat="39.8112950" lon="-105.4967370">
    <ele>2507.8</ele>
    <time>2026-06-19T17:26:17Z</time>
   </trkpt>
   <trkpt lat="39.8113070" lon="-105.4967450">
    <ele>2507.8</ele>
    <time>2026-06-19T17:26:18Z</time>
   </trkpt>
   <trkpt lat="39.8113150" lon="-105.4967820">
    <ele>2507.8</ele>
    <time>2026-06-19T17:26:19Z</time>
   </trkpt>
   <trkpt lat="39.8113080" lon="-105.4968270">
    <ele>2507.8</ele>
    <time>2026-06-19T17:26:20Z</time>
   </trkpt>
   <trkpt lat="39.8113020" lon="-105.4968640">
    <ele>2507.9</ele>
    <time>2026-06-19T17:26:21Z</time>
   </trkpt>
   <trkpt lat="39.8113010" lon="-105.4969190">
    <ele>2507.9</ele>
    <time>2026-06-19T17:26:22Z</time>
   </trkpt>
   <trkpt lat="39.8112980" lon="-105.4969420">
    <ele>2507.9</ele>
    <time>2026-06-19T17:26:23Z</time>
   </trkpt>
   <trkpt lat="39.8113020" lon="-105.4969790">
    <ele>2507.9</ele>
    <time>2026-06-19T17:26:24Z</time>
   </trkpt>
   <trkpt lat="39.8113110" lon="-105.4970270">
    <ele>2507.9</ele>
    <time>2026-06-19T17:26:25Z</time>
   </trkpt>
   <trkpt lat="39.8113080" lon="-105.4970480">
    <ele>2507.9</ele>
    <time>2026-06-19T17:26:26Z</time>
   </trkpt>
   <trkpt lat="39.8113100" lon="-105.4970890">
    <ele>2507.9</ele>
    <time>2026-06-19T17:26:27Z</time>
   </trkpt>
   <trkpt lat="39.8113180" lon="-105.4971300">
    <ele>2507.9</ele>
    <time>2026-06-19T17:26:28Z</time>
   </trkpt>
   <trkpt lat="39.8113090" lon="-105.4971780">
    <ele>2507.9</ele>
    <time>2026-06-19T17:26:29Z</time>
   </trkpt>
   <trkpt lat="39.8112950" lon="-105.4972250">
    <ele>2507.9</ele>
    <time>2026-06-19T17:26:30Z</time>
   </trkpt>
   <trkpt lat="39.8112830" lon="-105.4972710">
    <ele>2507.9</ele>
    <time>2026-06-19T17:26:31Z</time>
   </trkpt>
   <trkpt lat="39.8112700" lon="-105.4973110">
    <ele>2507.9</ele>
    <time>2026-06-19T17:26:32Z</time>
   </trkpt>
   <trkpt lat="39.8112530" lon="-105.4973500">
    <ele>2507.9</ele>
    <time>2026-06-19T17:26:33Z</time>
   </trkpt>
   <trkpt lat="39.8112370" lon="-105.4973580">
    <ele>2507.9</ele>
    <time>2026-06-19T17:26:34Z</time>
   </trkpt>
   <trkpt lat="39.8112330" lon="-105.4973990">
    <ele>2507.8</ele>
    <time>2026-06-19T17:26:35Z</time>
   </trkpt>
   <trkpt lat="39.8112230" lon="-105.4974100">
    <ele>2507.8</ele>
    <time>2026-06-19T17:26:36Z</time>
   </trkpt>
   <trkpt lat="39.8112230" lon="-105.4974540">
    <ele>2507.7</ele>
    <time>2026-06-19T17:26:37Z</time>
   </trkpt>
   <trkpt lat="39.8112000" lon="-105.4974830">
    <ele>2507.6</ele>
    <time>2026-06-19T17:26:38Z</time>
   </trkpt>
   <trkpt lat="39.8111830" lon="-105.4975170">
    <ele>2507.6</ele>
    <time>2026-06-19T17:26:39Z</time>
   </trkpt>
   <trkpt lat="39.8111790" lon="-105.4975300">
    <ele>2507.6</ele>
    <time>2026-06-19T17:26:40Z</time>
   </trkpt>
   <trkpt lat="39.8111640" lon="-105.4975770">
    <ele>2507.6</ele>
    <time>2026-06-19T17:26:41Z</time>
   </trkpt>
   <trkpt lat="39.8111580" lon="-105.4975930">
    <ele>2507.6</ele>
    <time>2026-06-19T17:26:42Z</time>
   </trkpt>
   <trkpt lat="39.8111680" lon="-105.4976370">
    <ele>2507.6</ele>
    <time>2026-06-19T17:26:43Z</time>
   </trkpt>
   <trkpt lat="39.8111700" lon="-105.4976520">
    <ele>2507.6</ele>
    <time>2026-06-19T17:26:44Z</time>
   </trkpt>
   <trkpt lat="39.8111690" lon="-105.4976890">
    <ele>2507.6</ele>
    <time>2026-06-19T17:26:45Z</time>
   </trkpt>
   <trkpt lat="39.8111690" lon="-105.4977080">
    <ele>2507.6</ele>
    <time>2026-06-19T17:26:46Z</time>
   </trkpt>
   <trkpt lat="39.8111530" lon="-105.4977560">
    <ele>2507.7</ele>
    <time>2026-06-19T17:26:47Z</time>
   </trkpt>
   <trkpt lat="39.8111390" lon="-105.4977780">
    <ele>2507.7</ele>
    <time>2026-06-19T17:26:48Z</time>
   </trkpt>
   <trkpt lat="39.8111090" lon="-105.4977690">
    <ele>2507.8</ele>
    <time>2026-06-19T17:26:49Z</time>
   </trkpt>
   <trkpt lat="39.8110950" lon="-105.4978170">
    <ele>2507.9</ele>
    <time>2026-06-19T17:26:50Z</time>
   </trkpt>
   <trkpt lat="39.8110960" lon="-105.4978450">
    <ele>2507.9</ele>
    <time>2026-06-19T17:26:51Z</time>
   </trkpt>
   <trkpt lat="39.8111100" lon="-105.4978880">
    <ele>2508.0</ele>
    <time>2026-06-19T17:26:52Z</time>
   </trkpt>
   <trkpt lat="39.8111140" lon="-105.4979070">
    <ele>2508.1</ele>
    <time>2026-06-19T17:26:53Z</time>
   </trkpt>
   <trkpt lat="39.8111140" lon="-105.4979790">
    <ele>2508.3</ele>
    <time>2026-06-19T17:26:54Z</time>
   </trkpt>
   <trkpt lat="39.8111160" lon="-105.4980190">
    <ele>2508.4</ele>
    <time>2026-06-19T17:26:55Z</time>
   </trkpt>
   <trkpt lat="39.8111050" lon="-105.4980640">
    <ele>2508.5</ele>
    <time>2026-06-19T17:26:56Z</time>
   </trkpt>
   <trkpt lat="39.8110580" lon="-105.4980830">
    <ele>2508.7</ele>
    <time>2026-06-19T17:26:57Z</time>
   </trkpt>
   <trkpt lat="39.8109900" lon="-105.4980930">
    <ele>2508.9</ele>
    <time>2026-06-19T17:26:58Z</time>
   </trkpt>
   <trkpt lat="39.8109640" lon="-105.4981280">
    <ele>2509.0</ele>
    <time>2026-06-19T17:26:59Z</time>
   </trkpt>
   <trkpt lat="39.8109550" lon="-105.4981450">
    <ele>2509.1</ele>
    <time>2026-06-19T17:27:00Z</time>
   </trkpt>
   <trkpt lat="39.8109320" lon="-105.4981890">
    <ele>2509.2</ele>
    <time>2026-06-19T17:27:01Z</time>
   </trkpt>
   <trkpt lat="39.8109180" lon="-105.4982060">
    <ele>2509.3</ele>
    <time>2026-06-19T17:27:02Z</time>
   </trkpt>
   <trkpt lat="39.8109040" lon="-105.4982450">
    <ele>2509.4</ele>
    <time>2026-06-19T17:27:03Z</time>
   </trkpt>
   <trkpt lat="39.8108880" lon="-105.4982670">
    <ele>2509.4</ele>
    <time>2026-06-19T17:27:04Z</time>
   </trkpt>
   <trkpt lat="39.8108690" lon="-105.4982930">
    <ele>2509.5</ele>
    <time>2026-06-19T17:27:05Z</time>
   </trkpt>
   <trkpt lat="39.8108650" lon="-105.4983130">
    <ele>2509.6</ele>
    <time>2026-06-19T17:27:06Z</time>
   </trkpt>
   <trkpt lat="39.8108440" lon="-105.4983380">
    <ele>2509.7</ele>
    <time>2026-06-19T17:27:07Z</time>
   </trkpt>
   <trkpt lat="39.8108090" lon="-105.4983500">
    <ele>2509.8</ele>
    <time>2026-06-19T17:27:08Z</time>
   </trkpt>
   <trkpt lat="39.8107740" lon="-105.4983760">
    <ele>2509.9</ele>
    <time>2026-06-19T17:27:09Z</time>
   </trkpt>
   <trkpt lat="39.8107490" lon="-105.4983800">
    <ele>2510.0</ele>
    <time>2026-06-19T17:27:10Z</time>
   </trkpt>
   <trkpt lat="39.8107300" lon="-105.4983800">
    <ele>2510.0</ele>
    <time>2026-06-19T17:27:11Z</time>
   </trkpt>
   <trkpt lat="39.8106550" lon="-105.4983790">
    <ele>2510.3</ele>
    <time>2026-06-19T17:27:12Z</time>
   </trkpt>
   <trkpt lat="39.8106060" lon="-105.4983790">
    <ele>2510.4</ele>
    <time>2026-06-19T17:27:13Z</time>
   </trkpt>
   <trkpt lat="39.8105510" lon="-105.4984170">
    <ele>2510.6</ele>
    <time>2026-06-19T17:27:14Z</time>
   </trkpt>
   <trkpt lat="39.8104800" lon="-105.4984400">
    <ele>2510.9</ele>
    <time>2026-06-19T17:27:15Z</time>
   </trkpt>
   <trkpt lat="39.8104080" lon="-105.4984460">
    <ele>2511.2</ele>
    <time>2026-06-19T17:27:16Z</time>
   </trkpt>
   <trkpt lat="39.8103460" lon="-105.4985040">
    <ele>2511.6</ele>
    <time>2026-06-19T17:27:17Z</time>
   </trkpt>
   <trkpt lat="39.8103010" lon="-105.4985460">
    <ele>2511.8</ele>
    <time>2026-06-19T17:27:18Z</time>
   </trkpt>
   <trkpt lat="39.8102440" lon="-105.4985500">
    <ele>2512.0</ele>
    <time>2026-06-19T17:27:19Z</time>
   </trkpt>
   <trkpt lat="39.8102200" lon="-105.4985860">
    <ele>2512.0</ele>
    <time>2026-06-19T17:27:20Z</time>
   </trkpt>
   <trkpt lat="39.8101930" lon="-105.4986130">
    <ele>2512.0</ele>
    <time>2026-06-19T17:27:21Z</time>
   </trkpt>
   <trkpt lat="39.8101620" lon="-105.4986420">
    <ele>2512.0</ele>
    <time>2026-06-19T17:27:22Z</time>
   </trkpt>
   <trkpt lat="39.8101410" lon="-105.4986870">
    <ele>2512.1</ele>
    <time>2026-06-19T17:27:23Z</time>
   </trkpt>
   <trkpt lat="39.8101010" lon="-105.4987240">
    <ele>2512.1</ele>
    <time>2026-06-19T17:27:24Z</time>
   </trkpt>
   <trkpt lat="39.8100640" lon="-105.4987480">
    <ele>2512.2</ele>
    <time>2026-06-19T17:27:25Z</time>
   </trkpt>
   <trkpt lat="39.8100540" lon="-105.4987850">
    <ele>2512.3</ele>
    <time>2026-06-19T17:27:26Z</time>
   </trkpt>
   <trkpt lat="39.8100000" lon="-105.4987780">
    <ele>2512.4</ele>
    <time>2026-06-19T17:27:27Z</time>
   </trkpt>
   <trkpt lat="39.8099710" lon="-105.4987640">
    <ele>2512.5</ele>
    <time>2026-06-19T17:27:28Z</time>
   </trkpt>
   <trkpt lat="39.8099360" lon="-105.4987540">
    <ele>2512.7</ele>
    <time>2026-06-19T17:27:29Z</time>
   </trkpt>
   <trkpt lat="39.8098700" lon="-105.4987420">
    <ele>2512.9</ele>
    <time>2026-06-19T17:27:30Z</time>
   </trkpt>
   <trkpt lat="39.8098370" lon="-105.4987370">
    <ele>2513.0</ele>
    <time>2026-06-19T17:27:31Z</time>
   </trkpt>
   <trkpt lat="39.8097870" lon="-105.4987400">
    <ele>2513.2</ele>
    <time>2026-06-19T17:27:32Z</time>
   </trkpt>
   <trkpt lat="39.8097590" lon="-105.4987440">
    <ele>2513.3</ele>
    <time>2026-06-19T17:27:33Z</time>
   </trkpt>
   <trkpt lat="39.8097490" lon="-105.4987390">
    <ele>2513.3</ele>
    <time>2026-06-19T17:27:34Z</time>
   </trkpt>
   <trkpt lat="39.8097250" lon="-105.4987260">
    <ele>2513.4</ele>
    <time>2026-06-19T17:27:35Z</time>
   </trkpt>
   <trkpt lat="39.8097120" lon="-105.4987180">
    <ele>2513.5</ele>
    <time>2026-06-19T17:27:36Z</time>
   </trkpt>
   <trkpt lat="39.8096700" lon="-105.4986960">
    <ele>2513.6</ele>
    <time>2026-06-19T17:27:37Z</time>
   </trkpt>
   <trkpt lat="39.8096530" lon="-105.4987020">
    <ele>2513.7</ele>
    <time>2026-06-19T17:27:38Z</time>
   </trkpt>
   <trkpt lat="39.8096350" lon="-105.4987060">
    <ele>2513.8</ele>
    <time>2026-06-19T17:27:39Z</time>
   </trkpt>
   <trkpt lat="39.8096180" lon="-105.4987100">
    <ele>2513.8</ele>
    <time>2026-06-19T17:27:40Z</time>
   </trkpt>
   <trkpt lat="39.8095790" lon="-105.4986830">
    <ele>2511.8</ele>
    <time>2026-06-19T17:27:41Z</time>
   </trkpt>
   <trkpt lat="39.8095660" lon="-105.4986500">
    <ele>2509.8</ele>
    <time>2026-06-19T17:27:42Z</time>
   </trkpt>
   <trkpt lat="39.8095140" lon="-105.4986040">
    <ele>2504.6</ele>
    <time>2026-06-19T17:27:43Z</time>
   </trkpt>
   <trkpt lat="39.8094820" lon="-105.4985790">
    <ele>2503.5</ele>
    <time>2026-06-19T17:27:44Z</time>
   </trkpt>
   <trkpt lat="39.8094560" lon="-105.4985550">
    <ele>2500.6</ele>
    <time>2026-06-19T17:27:45Z</time>
   </trkpt>
   <trkpt lat="39.8094500" lon="-105.4985510">
    <ele>2500.8</ele>
    <time>2026-06-19T17:27:46Z</time>
   </trkpt>
   <trkpt lat="39.8094290" lon="-105.4985240">
    <ele>2498.8</ele>
    <time>2026-06-19T17:27:47Z</time>
   </trkpt>
   <trkpt lat="39.8094190" lon="-105.4985180">
    <ele>2499.0</ele>
    <time>2026-06-19T17:27:48Z</time>
   </trkpt>
   <trkpt lat="39.8093700" lon="-105.4984690">
    <ele>2497.2</ele>
    <time>2026-06-19T17:27:49Z</time>
   </trkpt>
   <trkpt lat="39.8093450" lon="-105.4984330">
    <ele>2495.5</ele>
    <time>2026-06-19T17:27:50Z</time>
   </trkpt>
   <trkpt lat="39.8093340" lon="-105.4984060">
    <ele>2495.7</ele>
    <time>2026-06-19T17:27:51Z</time>
   </trkpt>
   <trkpt lat="39.8092880" lon="-105.4983900">
    <ele>2493.5</ele>
    <time>2026-06-19T17:27:52Z</time>
   </trkpt>
   <trkpt lat="39.8092570" lon="-105.4983400">
    <ele>2491.4</ele>
    <time>2026-06-19T17:27:53Z</time>
   </trkpt>
   <trkpt lat="39.8092380" lon="-105.4982860">
    <ele>2490.1</ele>
    <time>2026-06-19T17:27:54Z</time>
   </trkpt>
   <trkpt lat="39.8092040" lon="-105.4982660">
    <ele>2489.6</ele>
    <time>2026-06-19T17:27:55Z</time>
   </trkpt>
   <trkpt lat="39.8091670" lon="-105.4982450">
    <ele>2490.0</ele>
    <time>2026-06-19T17:27:57Z</time>
   </trkpt>
   <trkpt lat="39.8091080" lon="-105.4982260">
    <ele>2489.7</ele>
    <time>2026-06-19T17:27:58Z</time>
   </trkpt>
   <trkpt lat="39.8090800" lon="-105.4982290">
    <ele>2489.8</ele>
    <time>2026-06-19T17:27:59Z</time>
   </trkpt>
   <trkpt lat="39.8090600" lon="-105.4981990">
    <ele>2489.9</ele>
    <time>2026-06-19T17:28:00Z</time>
   </trkpt>
   <trkpt lat="39.8090160" lon="-105.4982190">
    <ele>2490.0</ele>
    <time>2026-06-19T17:28:01Z</time>
   </trkpt>
   <trkpt lat="39.8089840" lon="-105.4981850">
    <ele>2489.4</ele>
    <time>2026-06-19T17:28:02Z</time>
   </trkpt>
   <trkpt lat="39.8089600" lon="-105.4981470">
    <ele>2489.1</ele>
    <time>2026-06-19T17:28:03Z</time>
   </trkpt>
   <trkpt lat="39.8089240" lon="-105.4981180">
    <ele>2489.3</ele>
    <time>2026-06-19T17:28:04Z</time>
   </trkpt>
   <trkpt lat="39.8088890" lon="-105.4981190">
    <ele>2489.6</ele>
    <time>2026-06-19T17:28:05Z</time>
   </trkpt>
   <trkpt lat="39.8088290" lon="-105.4981450">
    <ele>2490.2</ele>
    <time>2026-06-19T17:28:06Z</time>
   </trkpt>
   <trkpt lat="39.8087800" lon="-105.4981780">
    <ele>2491.7</ele>
    <time>2026-06-19T17:28:07Z</time>
   </trkpt>
   <trkpt lat="39.8087300" lon="-105.4982110">
    <ele>2496.1</ele>
    <time>2026-06-19T17:28:08Z</time>
   </trkpt>
   <trkpt lat="39.8086800" lon="-105.4982440">
    <ele>2500.1</ele>
    <time>2026-06-19T17:28:09Z</time>
   </trkpt>
   <trkpt lat="39.8085910" lon="-105.4983310">
    <ele>2509.9</ele>
    <time>2026-06-19T17:28:10Z</time>
   </trkpt>
   <trkpt lat="39.8085370" lon="-105.4983330">
    <ele>2512.3</ele>
    <time>2026-06-19T17:28:11Z</time>
   </trkpt>
   <trkpt lat="39.8084860" lon="-105.4983900">
    <ele>2518.5</ele>
    <time>2026-06-19T17:28:12Z</time>
   </trkpt>
   <trkpt lat="39.8084320" lon="-105.4983910">
    <ele>2518.6</ele>
    <time>2026-06-19T17:28:13Z</time>
   </trkpt>
   <trkpt lat="39.8083910" lon="-105.4983820">
    <ele>2518.8</ele>
    <time>2026-06-19T17:28:14Z</time>
   </trkpt>
   <trkpt lat="39.8083640" lon="-105.4983460">
    <ele>2518.9</ele>
    <time>2026-06-19T17:28:15Z</time>
   </trkpt>
   <trkpt lat="39.8083060" lon="-105.4983200">
    <ele>2519.1</ele>
    <time>2026-06-19T17:28:16Z</time>
   </trkpt>
   <trkpt lat="39.8082620" lon="-105.4983080">
    <ele>2519.3</ele>
    <time>2026-06-19T17:28:17Z</time>
   </trkpt>
   <trkpt lat="39.8082350" lon="-105.4983040">
    <ele>2519.3</ele>
    <time>2026-06-19T17:28:18Z</time>
   </trkpt>
   <trkpt lat="39.8081750" lon="-105.4982900">
    <ele>2519.6</ele>
    <time>2026-06-19T17:28:19Z</time>
   </trkpt>
   <trkpt lat="39.8081370" lon="-105.4983000">
    <ele>2519.7</ele>
    <time>2026-06-19T17:28:20Z</time>
   </trkpt>
   <trkpt lat="39.8080950" lon="-105.4982800">
    <ele>2519.8</ele>
    <time>2026-06-19T17:28:21Z</time>
   </trkpt>
   <trkpt lat="39.8080710" lon="-105.4982780">
    <ele>2519.9</ele>
    <time>2026-06-19T17:28:22Z</time>
   </trkpt>
   <trkpt lat="39.8080280" lon="-105.4982630">
    <ele>2520.0</ele>
    <time>2026-06-19T17:28:23Z</time>
   </trkpt>
   <trkpt lat="39.8079710" lon="-105.4982710">
    <ele>2520.2</ele>
    <time>2026-06-19T17:28:24Z</time>
   </trkpt>
   <trkpt lat="39.8079340" lon="-105.4982650">
    <ele>2520.3</ele>
    <time>2026-06-19T17:28:25Z</time>
   </trkpt>
   <trkpt lat="39.8078990" lon="-105.4982630">
    <ele>2520.4</ele>
    <time>2026-06-19T17:28:26Z</time>
   </trkpt>
   <trkpt lat="39.8078480" lon="-105.4982860">
    <ele>2520.6</ele>
    <time>2026-06-19T17:28:27Z</time>
   </trkpt>
   <trkpt lat="39.8078020" lon="-105.4982810">
    <ele>2520.8</ele>
    <time>2026-06-19T17:28:28Z</time>
   </trkpt>
   <trkpt lat="39.8077690" lon="-105.4983180">
    <ele>2520.9</ele>
    <time>2026-06-19T17:28:29Z</time>
   </trkpt>
   <trkpt lat="39.8077220" lon="-105.4983910">
    <ele>2521.2</ele>
    <time>2026-06-19T17:28:30Z</time>
   </trkpt>
   <trkpt lat="39.8076930" lon="-105.4984420">
    <ele>2521.3</ele>
    <time>2026-06-19T17:28:31Z</time>
   </trkpt>
   <trkpt lat="39.8076680" lon="-105.4984920">
    <ele>2521.5</ele>
    <time>2026-06-19T17:28:32Z</time>
   </trkpt>
   <trkpt lat="39.8076500" lon="-105.4985170">
    <ele>2521.6</ele>
    <time>2026-06-19T17:28:33Z</time>
   </trkpt>
   <trkpt lat="39.8076200" lon="-105.4985360">
    <ele>2521.7</ele>
    <time>2026-06-19T17:28:34Z</time>
   </trkpt>
   <trkpt lat="39.8075760" lon="-105.4985340">
    <ele>2521.8</ele>
    <time>2026-06-19T17:28:35Z</time>
   </trkpt>
   <trkpt lat="39.8075660" lon="-105.4985750">
    <ele>2521.9</ele>
    <time>2026-06-19T17:28:36Z</time>
   </trkpt>
   <trkpt lat="39.8075600" lon="-105.4985990">
    <ele>2522.0</ele>
    <time>2026-06-19T17:28:37Z</time>
   </trkpt>
   <trkpt lat="39.8075330" lon="-105.4986150">
    <ele>2522.1</ele>
    <time>2026-06-19T17:28:38Z</time>
   </trkpt>
   <trkpt lat="39.8075060" lon="-105.4986410">
    <ele>2522.2</ele>
    <time>2026-06-19T17:28:39Z</time>
   </trkpt>
   <trkpt lat="39.8074890" lon="-105.4986690">
    <ele>2522.3</ele>
    <time>2026-06-19T17:28:40Z</time>
   </trkpt>
   <trkpt lat="39.8074720" lon="-105.4986850">
    <ele>2522.4</ele>
    <time>2026-06-19T17:28:41Z</time>
   </trkpt>
   <trkpt lat="39.8074550" lon="-105.4987000">
    <ele>2522.4</ele>
    <time>2026-06-19T17:28:42Z</time>
   </trkpt>
   <trkpt lat="39.8074290" lon="-105.4986930">
    <ele>2522.5</ele>
    <time>2026-06-19T17:28:43Z</time>
   </trkpt>
   <trkpt lat="39.8074060" lon="-105.4986930">
    <ele>2522.6</ele>
    <time>2026-06-19T17:28:44Z</time>
   </trkpt>
   <trkpt lat="39.8073830" lon="-105.4986920">
    <ele>2522.7</ele>
    <time>2026-06-19T17:28:45Z</time>
   </trkpt>
   <trkpt lat="39.8073430" lon="-105.4986830">
    <ele>2522.8</ele>
    <time>2026-06-19T17:28:46Z</time>
   </trkpt>
   <trkpt lat="39.8073210" lon="-105.4986760">
    <ele>2522.9</ele>
    <time>2026-06-19T17:28:47Z</time>
   </trkpt>
   <trkpt lat="39.8072620" lon="-105.4986520">
    <ele>2523.1</ele>
    <time>2026-06-19T17:28:48Z</time>
   </trkpt>
   <trkpt lat="39.8071820" lon="-105.4985780">
    <ele>2523.4</ele>
    <time>2026-06-19T17:28:49Z</time>
   </trkpt>
   <trkpt lat="39.8071380" lon="-105.4985770">
    <ele>2523.6</ele>
    <time>2026-06-19T17:28:50Z</time>
   </trkpt>
   <trkpt lat="39.8071170" lon="-105.4985960">
    <ele>2523.7</ele>
    <time>2026-06-19T17:28:51Z</time>
   </trkpt>
   <trkpt lat="39.8071050" lon="-105.4986070">
    <ele>2523.7</ele>
    <time>2026-06-19T17:28:52Z</time>
   </trkpt>
   <trkpt lat="39.8070800" lon="-105.4986280">
    <ele>2523.8</ele>
    <time>2026-06-19T17:28:53Z</time>
   </trkpt>
   <trkpt lat="39.8070650" lon="-105.4986450">
    <ele>2523.9</ele>
    <time>2026-06-19T17:28:54Z</time>
   </trkpt>
   <trkpt lat="39.8070190" lon="-105.4987450">
    <ele>2524.2</ele>
    <time>2026-06-19T17:28:55Z</time>
   </trkpt>
   <trkpt lat="39.8069820" lon="-105.4988220">
    <ele>2524.5</ele>
    <time>2026-06-19T17:28:56Z</time>
   </trkpt>
   <trkpt lat="39.8069550" lon="-105.4988630">
    <ele>2524.6</ele>
    <time>2026-06-19T17:28:57Z</time>
   </trkpt>
   <trkpt lat="39.8069000" lon="-105.4988910">
    <ele>2524.9</ele>
    <time>2026-06-19T17:28:58Z</time>
   </trkpt>
   <trkpt lat="39.8068670" lon="-105.4989230">
    <ele>2525.0</ele>
    <time>2026-06-19T17:28:59Z</time>
   </trkpt>
   <trkpt lat="39.8067950" lon="-105.4989300">
    <ele>2525.3</ele>
    <time>2026-06-19T17:29:00Z</time>
   </trkpt>
   <trkpt lat="39.8067390" lon="-105.4989460">
    <ele>2525.5</ele>
    <time>2026-06-19T17:29:01Z</time>
   </trkpt>
   <trkpt lat="39.8066720" lon="-105.4989380">
    <ele>2525.7</ele>
    <time>2026-06-19T17:29:02Z</time>
   </trkpt>
   <trkpt lat="39.8066500" lon="-105.4989950">
    <ele>2525.8</ele>
    <time>2026-06-19T17:29:03Z</time>
   </trkpt>
   <trkpt lat="39.8066200" lon="-105.4990270">
    <ele>2525.9</ele>
    <time>2026-06-19T17:29:04Z</time>
   </trkpt>
   <trkpt lat="39.8066010" lon="-105.4990330">
    <ele>2525.9</ele>
    <time>2026-06-19T17:29:05Z</time>
   </trkpt>
   <trkpt lat="39.8065750" lon="-105.4990530">
    <ele>2526.0</ele>
    <time>2026-06-19T17:29:06Z</time>
   </trkpt>
   <trkpt lat="39.8065550" lon="-105.4990840">
    <ele>2526.1</ele>
    <time>2026-06-19T17:29:07Z</time>
   </trkpt>
   <trkpt lat="39.8064860" lon="-105.4991200">
    <ele>2526.3</ele>
    <time>2026-06-19T17:29:08Z</time>
   </trkpt>
   <trkpt lat="39.8064600" lon="-105.4991530">
    <ele>2526.4</ele>
    <time>2026-06-19T17:29:09Z</time>
   </trkpt>
   <trkpt lat="39.8064220" lon="-105.4991990">
    <ele>2526.5</ele>
    <time>2026-06-19T17:29:10Z</time>
   </trkpt>
   <trkpt lat="39.8063850" lon="-105.4992190">
    <ele>2526.6</ele>
    <time>2026-06-19T17:29:11Z</time>
   </trkpt>
   <trkpt lat="39.8063460" lon="-105.4992420">
    <ele>2526.8</ele>
    <time>2026-06-19T17:29:12Z</time>
   </trkpt>
   <trkpt lat="39.8062970" lon="-105.4992550">
    <ele>2527.0</ele>
    <time>2026-06-19T17:29:13Z</time>
   </trkpt>
   <trkpt lat="39.8062730" lon="-105.4992750">
    <ele>2527.1</ele>
    <time>2026-06-19T17:29:14Z</time>
   </trkpt>
   <trkpt lat="39.8062380" lon="-105.4993070">
    <ele>2527.2</ele>
    <time>2026-06-19T17:29:15Z</time>
   </trkpt>
   <trkpt lat="39.8062190" lon="-105.4993440">
    <ele>2527.4</ele>
    <time>2026-06-19T17:29:16Z</time>
   </trkpt>
   <trkpt lat="39.8062000" lon="-105.4993900">
    <ele>2527.5</ele>
    <time>2026-06-19T17:29:17Z</time>
   </trkpt>
   <trkpt lat="39.8061930" lon="-105.4994080">
    <ele>2527.6</ele>
    <time>2026-06-19T17:29:18Z</time>
   </trkpt>
   <trkpt lat="39.8061730" lon="-105.4994360">
    <ele>2527.7</ele>
    <time>2026-06-19T17:29:19Z</time>
   </trkpt>
   <trkpt lat="39.8061430" lon="-105.4994560">
    <ele>2527.8</ele>
    <time>2026-06-19T17:29:20Z</time>
   </trkpt>
   <trkpt lat="39.8061380" lon="-105.4994930">
    <ele>2527.9</ele>
    <time>2026-06-19T17:29:21Z</time>
   </trkpt>
   <trkpt lat="39.8061360" lon="-105.4995380">
    <ele>2528.0</ele>
    <time>2026-06-19T17:29:22Z</time>
   </trkpt>
   <trkpt lat="39.8061240" lon="-105.4995740">
    <ele>2528.1</ele>
    <time>2026-06-19T17:29:23Z</time>
   </trkpt>
   <trkpt lat="39.8060910" lon="-105.4996040">
    <ele>2528.3</ele>
    <time>2026-06-19T17:29:24Z</time>
   </trkpt>
   <trkpt lat="39.8060710" lon="-105.4996320">
    <ele>2528.4</ele>
    <time>2026-06-19T17:29:25Z</time>
   </trkpt>
   <trkpt lat="39.8060440" lon="-105.4996550">
    <ele>2528.5</ele>
    <time>2026-06-19T17:29:26Z</time>
   </trkpt>
   <trkpt lat="39.8060320" lon="-105.4996880">
    <ele>2528.6</ele>
    <time>2026-06-19T17:29:27Z</time>
   </trkpt>
   <trkpt lat="39.8060030" lon="-105.4997200">
    <ele>2528.8</ele>
    <time>2026-06-19T17:29:28Z</time>
   </trkpt>
   <trkpt lat="39.8059940" lon="-105.4997290">
    <ele>2528.8</ele>
    <time>2026-06-19T17:29:29Z</time>
   </trkpt>
   <trkpt lat="39.8059770" lon="-105.4997640">
    <ele>2528.9</ele>
    <time>2026-06-19T17:29:30Z</time>
   </trkpt>
   <trkpt lat="39.8059750" lon="-105.4997790">
    <ele>2529.0</ele>
    <time>2026-06-19T17:29:31Z</time>
   </trkpt>
   <trkpt lat="39.8059530" lon="-105.4998040">
    <ele>2529.1</ele>
    <time>2026-06-19T17:29:32Z</time>
   </trkpt>
   <trkpt lat="39.8059370" lon="-105.4998100">
    <ele>2529.2</ele>
    <time>2026-06-19T17:29:33Z</time>
   </trkpt>
   <trkpt lat="39.8059180" lon="-105.4998150">
    <ele>2529.3</ele>
    <time>2026-06-19T17:29:34Z</time>
   </trkpt>
   <trkpt lat="39.8058900" lon="-105.4998250">
    <ele>2529.4</ele>
    <time>2026-06-19T17:29:35Z</time>
   </trkpt>
   <trkpt lat="39.8058420" lon="-105.4998150">
    <ele>2529.6</ele>
    <time>2026-06-19T17:29:36Z</time>
   </trkpt>
   <trkpt lat="39.8058100" lon="-105.4998020">
    <ele>2528.4</ele>
    <time>2026-06-19T17:29:37Z</time>
   </trkpt>
   <trkpt lat="39.8057450" lon="-105.4997730">
    <ele>2524.3</ele>
    <time>2026-06-19T17:29:38Z</time>
   </trkpt>
   <trkpt lat="39.8057170" lon="-105.4997490">
    <ele>2522.6</ele>
    <time>2026-06-19T17:29:39Z</time>
   </trkpt>
   <trkpt lat="39.8056820" lon="-105.4997140">
    <ele>2519.5</ele>
    <time>2026-06-19T17:29:40Z</time>
   </trkpt>
   <trkpt lat="39.8056550" lon="-105.4996940">
    <ele>2518.2</ele>
    <time>2026-06-19T17:29:41Z</time>
   </trkpt>
   <trkpt lat="39.8056370" lon="-105.4996770">
    <ele>2516.6</ele>
    <time>2026-06-19T17:29:42Z</time>
   </trkpt>
   <trkpt lat="39.8056190" lon="-105.4996590">
    <ele>2515.6</ele>
    <time>2026-06-19T17:29:43Z</time>
   </trkpt>
   <trkpt lat="39.8055790" lon="-105.4996600">
    <ele>2515.2</ele>
    <time>2026-06-19T17:29:44Z</time>
   </trkpt>
   <trkpt lat="39.8055620" lon="-105.4996520">
    <ele>2515.3</ele>
    <time>2026-06-19T17:29:45Z</time>
   </trkpt>
   <trkpt lat="39.8055260" lon="-105.4996410">
    <ele>2514.0</ele>
    <time>2026-06-19T17:29:46Z</time>
   </trkpt>
   <trkpt lat="39.8054610" lon="-105.4996420">
    <ele>2515.4</ele>
    <time>2026-06-19T17:29:47Z</time>
   </trkpt>
   <trkpt lat="39.8054480" lon="-105.4996280">
    <ele>2515.2</ele>
    <time>2026-06-19T17:29:48Z</time>
   </trkpt>
   <trkpt lat="39.8054300" lon="-105.4996160">
    <ele>2515.6</ele>
    <time>2026-06-19T17:29:49Z</time>
   </trkpt>
   <trkpt lat="39.8053980" lon="-105.4996040">
    <ele>2513.9</ele>
    <time>2026-06-19T17:29:50Z</time>
   </trkpt>
   <trkpt lat="39.8053840" lon="-105.4995960">
    <ele>2513.7</ele>
    <time>2026-06-19T17:29:51Z</time>
   </trkpt>
   <trkpt lat="39.8053470" lon="-105.4996090">
    <ele>2516.0</ele>
    <time>2026-06-19T17:29:52Z</time>
   </trkpt>
   <trkpt lat="39.8052930" lon="-105.4996420">
    <ele>2516.3</ele>
    <time>2026-06-19T17:29:53Z</time>
   </trkpt>
   <trkpt lat="39.8052670" lon="-105.4996640">
    <ele>2518.3</ele>
    <time>2026-06-19T17:29:54Z</time>
   </trkpt>
   <trkpt lat="39.8052320" lon="-105.4996970">
    <ele>2520.0</ele>
    <time>2026-06-19T17:29:55Z</time>
   </trkpt>
   <trkpt lat="39.8052060" lon="-105.4997310">
    <ele>2520.1</ele>
    <time>2026-06-19T17:29:56Z</time>
   </trkpt>
   <trkpt lat="39.8051720" lon="-105.4997760">
    <ele>2522.6</ele>
    <time>2026-06-19T17:29:57Z</time>
   </trkpt>
   <trkpt lat="39.8051340" lon="-105.4998060">
    <ele>2524.9</ele>
    <time>2026-06-19T17:29:58Z</time>
   </trkpt>
   <trkpt lat="39.8050930" lon="-105.4998550">
    <ele>2526.4</ele>
    <time>2026-06-19T17:29:59Z</time>
   </trkpt>
   <trkpt lat="39.8050720" lon="-105.4998860">
    <ele>2527.7</ele>
    <time>2026-06-19T17:30:00Z</time>
   </trkpt>
   <trkpt lat="39.8050220" lon="-105.4999360">
    <ele>2529.2</ele>
    <time>2026-06-19T17:30:01Z</time>
   </trkpt>
   <trkpt lat="39.8050000" lon="-105.4999590">
    <ele>2530.4</ele>
    <time>2026-06-19T17:30:02Z</time>
   </trkpt>
   <trkpt lat="39.8049770" lon="-105.4999830">
    <ele>2530.2</ele>
    <time>2026-06-19T17:30:03Z</time>
   </trkpt>
   <trkpt lat="39.8049540" lon="-105.5000210">
    <ele>2531.6</ele>
    <time>2026-06-19T17:30:04Z</time>
   </trkpt>
   <trkpt lat="39.8049390" lon="-105.5000290">
    <ele>2531.9</ele>
    <time>2026-06-19T17:30:05Z</time>
   </trkpt>
   <trkpt lat="39.8049020" lon="-105.5000550">
    <ele>2533.2</ele>
    <time>2026-06-19T17:30:06Z</time>
   </trkpt>
   <trkpt lat="39.8048890" lon="-105.5001290">
    <ele>2535.8</ele>
    <time>2026-06-19T17:30:07Z</time>
   </trkpt>
   <trkpt lat="39.8048670" lon="-105.5001580">
    <ele>2535.9</ele>
    <time>2026-06-19T17:30:08Z</time>
   </trkpt>
   <trkpt lat="39.8048610" lon="-105.5002040">
    <ele>2537.7</ele>
    <time>2026-06-19T17:30:09Z</time>
   </trkpt>
   <trkpt lat="39.8048430" lon="-105.5002490">
    <ele>2539.3</ele>
    <time>2026-06-19T17:30:10Z</time>
   </trkpt>
   <trkpt lat="39.8048220" lon="-105.5002930">
    <ele>2542.1</ele>
    <time>2026-06-19T17:30:11Z</time>
   </trkpt>
   <trkpt lat="39.8048080" lon="-105.5003400">
    <ele>2542.6</ele>
    <time>2026-06-19T17:30:12Z</time>
   </trkpt>
   <trkpt lat="39.8047760" lon="-105.5003890">
    <ele>2542.5</ele>
    <time>2026-06-19T17:30:13Z</time>
   </trkpt>
   <trkpt lat="39.8047500" lon="-105.5004080">
    <ele>2542.3</ele>
    <time>2026-06-19T17:30:14Z</time>
   </trkpt>
   <trkpt lat="39.8047350" lon="-105.5004620">
    <ele>2540.9</ele>
    <time>2026-06-19T17:30:15Z</time>
   </trkpt>
   <trkpt lat="39.8047310" lon="-105.5004920">
    <ele>2541.1</ele>
    <time>2026-06-19T17:30:16Z</time>
   </trkpt>
   <trkpt lat="39.8047340" lon="-105.5005320">
    <ele>2541.6</ele>
    <time>2026-06-19T17:30:17Z</time>
   </trkpt>
   <trkpt lat="39.8047080" lon="-105.5005620">
    <ele>2539.0</ele>
    <time>2026-06-19T17:30:18Z</time>
   </trkpt>
   <trkpt lat="39.8047140" lon="-105.5006230">
    <ele>2544.2</ele>
    <time>2026-06-19T17:30:19Z</time>
   </trkpt>
   <trkpt lat="39.8047200" lon="-105.5006660">
    <ele>2545.6</ele>
    <time>2026-06-19T17:30:20Z</time>
   </trkpt>
   <trkpt lat="39.8047070" lon="-105.5007120">
    <ele>2543.5</ele>
    <time>2026-06-19T17:30:21Z</time>
   </trkpt>
   <trkpt lat="39.8047090" lon="-105.5007340">
    <ele>2544.1</ele>
    <time>2026-06-19T17:30:22Z</time>
   </trkpt>
   <trkpt lat="39.8047390" lon="-105.5008240">
    <ele>2548.4</ele>
    <time>2026-06-19T17:30:23Z</time>
   </trkpt>
   <trkpt lat="39.8047360" lon="-105.5008670">
    <ele>2549.5</ele>
    <time>2026-06-19T17:30:24Z</time>
   </trkpt>
   <trkpt lat="39.8047290" lon="-105.5008830">
    <ele>2549.3</ele>
    <time>2026-06-19T17:30:25Z</time>
   </trkpt>
   <trkpt lat="39.8047330" lon="-105.5009190">
    <ele>2550.2</ele>
    <time>2026-06-19T17:30:26Z</time>
   </trkpt>
   <trkpt lat="39.8047280" lon="-105.5009680">
    <ele>2550.9</ele>
    <time>2026-06-19T17:30:27Z</time>
   </trkpt>
   <trkpt lat="39.8047380" lon="-105.5009910">
    <ele>2551.0</ele>
    <time>2026-06-19T17:30:28Z</time>
   </trkpt>
   <trkpt lat="39.8047060" lon="-105.5010370">
    <ele>2547.4</ele>
    <time>2026-06-19T17:30:29Z</time>
   </trkpt>
   <trkpt lat="39.8046840" lon="-105.5010780">
    <ele>2547.6</ele>
    <time>2026-06-19T17:30:30Z</time>
   </trkpt>
   <trkpt lat="39.8046710" lon="-105.5010850">
    <ele>2544.8</ele>
    <time>2026-06-19T17:30:31Z</time>
   </trkpt>
   <trkpt lat="39.8046940" lon="-105.5011300">
    <ele>2547.6</ele>
    <time>2026-06-19T17:30:32Z</time>
   </trkpt>
   <trkpt lat="39.8046660" lon="-105.5011870">
    <ele>2546.4</ele>
    <time>2026-06-19T17:30:33Z</time>
   </trkpt>
   <trkpt lat="39.8046420" lon="-105.5012510">
    <ele>2543.8</ele>
    <time>2026-06-19T17:30:34Z</time>
   </trkpt>
   <trkpt lat="39.8046300" lon="-105.5012960">
    <ele>2542.3</ele>
    <time>2026-06-19T17:30:35Z</time>
   </trkpt>
   <trkpt lat="39.8045900" lon="-105.5013650">
    <ele>2538.7</ele>
    <time>2026-06-19T17:30:36Z</time>
   </trkpt>
   <trkpt lat="39.8045680" lon="-105.5014520">
    <ele>2536.4</ele>
    <time>2026-06-19T17:30:37Z</time>
   </trkpt>
   <trkpt lat="39.8046130" lon="-105.5015450">
    <ele>2537.9</ele>
    <time>2026-06-19T17:30:38Z</time>
   </trkpt>
   <trkpt lat="39.8045960" lon="-105.5016070">
    <ele>2538.2</ele>
    <time>2026-06-19T17:30:39Z</time>
   </trkpt>
   <trkpt lat="39.8046190" lon="-105.5016930">
    <ele>2538.5</ele>
    <time>2026-06-19T17:30:40Z</time>
   </trkpt>
   <trkpt lat="39.8046350" lon="-105.5017610">
    <ele>2538.8</ele>
    <time>2026-06-19T17:30:41Z</time>
   </trkpt>
   <trkpt lat="39.8046230" lon="-105.5018760">
    <ele>2539.1</ele>
    <time>2026-06-19T17:30:42Z</time>
   </trkpt>
   <trkpt lat="39.8046050" lon="-105.5019840">
    <ele>2539.4</ele>
    <time>2026-06-19T17:30:43Z</time>
   </trkpt>
   <trkpt lat="39.8045870" lon="-105.5020930">
    <ele>2539.7</ele>
    <time>2026-06-19T17:30:44Z</time>
   </trkpt>
   <trkpt lat="39.8045750" lon="-105.5021420">
    <ele>2539.8</ele>
    <time>2026-06-19T17:30:45Z</time>
   </trkpt>
   <trkpt lat="39.8045870" lon="-105.5021790">
    <ele>2540.0</ele>
    <time>2026-06-19T17:30:46Z</time>
   </trkpt>
   <trkpt lat="39.8046000" lon="-105.5022160">
    <ele>2540.1</ele>
    <time>2026-06-19T17:30:47Z</time>
   </trkpt>
   <trkpt lat="39.8046120" lon="-105.5022510">
    <ele>2540.2</ele>
    <time>2026-06-19T17:30:48Z</time>
   </trkpt>
   <trkpt lat="39.8046180" lon="-105.5022620">
    <ele>2540.2</ele>
    <time>2026-06-19T17:30:49Z</time>
   </trkpt>
   <trkpt lat="39.8046210" lon="-105.5023030">
    <ele>2540.4</ele>
    <time>2026-06-19T17:30:50Z</time>
   </trkpt>
   <trkpt lat="39.8046220" lon="-105.5023150">
    <ele>2540.4</ele>
    <time>2026-06-19T17:30:51Z</time>
   </trkpt>
   <trkpt lat="39.8046130" lon="-105.5023660">
    <ele>2540.6</ele>
    <time>2026-06-19T17:30:52Z</time>
   </trkpt>
   <trkpt lat="39.8046020" lon="-105.5024330">
    <ele>2540.8</ele>
    <time>2026-06-19T17:30:53Z</time>
   </trkpt>
   <trkpt lat="39.8046280" lon="-105.5024620">
    <ele>2540.9</ele>
    <time>2026-06-19T17:30:54Z</time>
   </trkpt>
   <trkpt lat="39.8046590" lon="-105.5025020">
    <ele>2541.0</ele>
    <time>2026-06-19T17:30:55Z</time>
   </trkpt>
   <trkpt lat="39.8046740" lon="-105.5025330">
    <ele>2541.1</ele>
    <time>2026-06-19T17:30:56Z</time>
   </trkpt>
   <trkpt lat="39.8046920" lon="-105.5025640">
    <ele>2541.2</ele>
    <time>2026-06-19T17:30:57Z</time>
   </trkpt>
   <trkpt lat="39.8047090" lon="-105.5025970">
    <ele>2541.2</ele>
    <time>2026-06-19T17:30:58Z</time>
   </trkpt>
   <trkpt lat="39.8047270" lon="-105.5026360">
    <ele>2541.3</ele>
    <time>2026-06-19T17:30:59Z</time>
   </trkpt>
   <trkpt lat="39.8047450" lon="-105.5026660">
    <ele>2541.4</ele>
    <time>2026-06-19T17:31:00Z</time>
   </trkpt>
   <trkpt lat="39.8047730" lon="-105.5027020">
    <ele>2541.5</ele>
    <time>2026-06-19T17:31:01Z</time>
   </trkpt>
   <trkpt lat="39.8047860" lon="-105.5027180">
    <ele>2541.6</ele>
    <time>2026-06-19T17:31:02Z</time>
   </trkpt>
   <trkpt lat="39.8048340" lon="-105.5027160">
    <ele>2541.7</ele>
    <time>2026-06-19T17:31:03Z</time>
   </trkpt>
   <trkpt lat="39.8048620" lon="-105.5027680">
    <ele>2541.9</ele>
    <time>2026-06-19T17:31:04Z</time>
   </trkpt>
   <trkpt lat="39.8048700" lon="-105.5027980">
    <ele>2542.0</ele>
    <time>2026-06-19T17:31:05Z</time>
   </trkpt>
   <trkpt lat="39.8048750" lon="-105.5028350">
    <ele>2542.1</ele>
    <time>2026-06-19T17:31:06Z</time>
   </trkpt>
   <trkpt lat="39.8049120" lon="-105.5028640">
    <ele>2542.3</ele>
    <time>2026-06-19T17:31:07Z</time>
   </trkpt>
   <trkpt lat="39.8049270" lon="-105.5029090">
    <ele>2542.4</ele>
    <time>2026-06-19T17:31:08Z</time>
   </trkpt>
   <trkpt lat="39.8049280" lon="-105.5029300">
    <ele>2542.5</ele>
    <time>2026-06-19T17:31:09Z</time>
   </trkpt>
   <trkpt lat="39.8049360" lon="-105.5029710">
    <ele>2542.6</ele>
    <time>2026-06-19T17:31:10Z</time>
   </trkpt>
   <trkpt lat="39.8049630" lon="-105.5030060">
    <ele>2542.7</ele>
    <time>2026-06-19T17:31:11Z</time>
   </trkpt>
   <trkpt lat="39.8049650" lon="-105.5030300">
    <ele>2542.8</ele>
    <time>2026-06-19T17:31:12Z</time>
   </trkpt>
   <trkpt lat="39.8049870" lon="-105.5030700">
    <ele>2542.9</ele>
    <time>2026-06-19T17:31:13Z</time>
   </trkpt>
   <trkpt lat="39.8049890" lon="-105.5030880">
    <ele>2543.0</ele>
    <time>2026-06-19T17:31:14Z</time>
   </trkpt>
   <trkpt lat="39.8050350" lon="-105.5030870">
    <ele>2543.2</ele>
    <time>2026-06-19T17:31:15Z</time>
   </trkpt>
   <trkpt lat="39.8050720" lon="-105.5030940">
    <ele>2543.3</ele>
    <time>2026-06-19T17:31:16Z</time>
   </trkpt>
   <trkpt lat="39.8051080" lon="-105.5030930">
    <ele>2543.5</ele>
    <time>2026-06-19T17:31:17Z</time>
   </trkpt>
   <trkpt lat="39.8051240" lon="-105.5031260">
    <ele>2543.6</ele>
    <time>2026-06-19T17:31:18Z</time>
   </trkpt>
   <trkpt lat="39.8051280" lon="-105.5031400">
    <ele>2543.6</ele>
    <time>2026-06-19T17:31:19Z</time>
   </trkpt>
   <trkpt lat="39.8051570" lon="-105.5031550">
    <ele>2543.8</ele>
    <time>2026-06-19T17:31:20Z</time>
   </trkpt>
   <trkpt lat="39.8051660" lon="-105.5031580">
    <ele>2543.8</ele>
    <time>2026-06-19T17:31:21Z</time>
   </trkpt>
   <trkpt lat="39.8052010" lon="-105.5031450">
    <ele>2544.0</ele>
    <time>2026-06-19T17:31:22Z</time>
   </trkpt>
   <trkpt lat="39.8052270" lon="-105.5031600">
    <ele>2544.1</ele>
    <time>2026-06-19T17:31:23Z</time>
   </trkpt>
   <trkpt lat="39.8052350" lon="-105.5031650">
    <ele>2544.1</ele>
    <time>2026-06-19T17:31:24Z</time>
   </trkpt>
   <trkpt lat="39.8052610" lon="-105.5031830">
    <ele>2544.2</ele>
    <time>2026-06-19T17:31:25Z</time>
   </trkpt>
   <trkpt lat="39.8052710" lon="-105.5031910">
    <ele>2544.3</ele>
    <time>2026-06-19T17:31:26Z</time>
   </trkpt>
   <trkpt lat="39.8053000" lon="-105.5032070">
    <ele>2544.4</ele>
    <time>2026-06-19T17:31:27Z</time>
   </trkpt>
   <trkpt lat="39.8053310" lon="-105.5032200">
    <ele>2544.5</ele>
    <time>2026-06-19T17:31:28Z</time>
   </trkpt>
   <trkpt lat="39.8053400" lon="-105.5032300">
    <ele>2544.6</ele>
    <time>2026-06-19T17:31:29Z</time>
   </trkpt>
   <trkpt lat="39.8053580" lon="-105.5032980">
    <ele>2544.8</ele>
    <time>2026-06-19T17:31:30Z</time>
   </trkpt>
   <trkpt lat="39.8053490" lon="-105.5033670">
    <ele>2545.0</ele>
    <time>2026-06-19T17:31:31Z</time>
   </trkpt>
   <trkpt lat="39.8053860" lon="-105.5033890">
    <ele>2545.1</ele>
    <time>2026-06-19T17:31:32Z</time>
   </trkpt>
   <trkpt lat="39.8054080" lon="-105.5033940">
    <ele>2545.2</ele>
    <time>2026-06-19T17:31:33Z</time>
   </trkpt>
   <trkpt lat="39.8054150" lon="-105.5034100">
    <ele>2545.3</ele>
    <time>2026-06-19T17:31:34Z</time>
   </trkpt>
   <trkpt lat="39.8054340" lon="-105.5034260">
    <ele>2545.4</ele>
    <time>2026-06-19T17:31:35Z</time>
   </trkpt>
   <trkpt lat="39.8054670" lon="-105.5034380">
    <ele>2545.5</ele>
    <time>2026-06-19T17:31:36Z</time>
   </trkpt>
   <trkpt lat="39.8054800" lon="-105.5034400">
    <ele>2545.6</ele>
    <time>2026-06-19T17:31:37Z</time>
   </trkpt>
   <trkpt lat="39.8055090" lon="-105.5034520">
    <ele>2545.7</ele>
    <time>2026-06-19T17:31:38Z</time>
   </trkpt>
   <trkpt lat="39.8055170" lon="-105.5034550">
    <ele>2545.7</ele>
    <time>2026-06-19T17:31:39Z</time>
   </trkpt>
   <trkpt lat="39.8055450" lon="-105.5034680">
    <ele>2545.8</ele>
    <time>2026-06-19T17:31:40Z</time>
   </trkpt>
   <trkpt lat="39.8055560" lon="-105.5034740">
    <ele>2545.9</ele>
    <time>2026-06-19T17:31:41Z</time>
   </trkpt>
   <trkpt lat="39.8055930" lon="-105.5034800">
    <ele>2546.0</ele>
    <time>2026-06-19T17:31:42Z</time>
   </trkpt>
   <trkpt lat="39.8056030" lon="-105.5034850">
    <ele>2546.1</ele>
    <time>2026-06-19T17:31:43Z</time>
   </trkpt>
   <trkpt lat="39.8056370" lon="-105.5034930">
    <ele>2546.2</ele>
    <time>2026-06-19T17:31:44Z</time>
   </trkpt>
   <trkpt lat="39.8056490" lon="-105.5034980">
    <ele>2546.2</ele>
    <time>2026-06-19T17:31:45Z</time>
   </trkpt>
   <trkpt lat="39.8056790" lon="-105.5035080">
    <ele>2546.4</ele>
    <time>2026-06-19T17:31:46Z</time>
   </trkpt>
   <trkpt lat="39.8056870" lon="-105.5035110">
    <ele>2546.4</ele>
    <time>2026-06-19T17:31:47Z</time>
   </trkpt>
   <trkpt lat="39.8057180" lon="-105.5035340">
    <ele>2546.5</ele>
    <time>2026-06-19T17:31:48Z</time>
   </trkpt>
   <trkpt lat="39.8057260" lon="-105.5035440">
    <ele>2546.6</ele>
    <time>2026-06-19T17:31:49Z</time>
   </trkpt>
   <trkpt lat="39.8057560" lon="-105.5035550">
    <ele>2546.7</ele>
    <time>2026-06-19T17:31:50Z</time>
   </trkpt>
   <trkpt lat="39.8057640" lon="-105.5035590">
    <ele>2546.7</ele>
    <time>2026-06-19T17:31:51Z</time>
   </trkpt>
   <trkpt lat="39.8057860" lon="-105.5035830">
    <ele>2546.8</ele>
    <time>2026-06-19T17:31:52Z</time>
   </trkpt>
   <trkpt lat="39.8057940" lon="-105.5035910">
    <ele>2546.9</ele>
    <time>2026-06-19T17:31:53Z</time>
   </trkpt>
   <trkpt lat="39.8058040" lon="-105.5035980">
    <ele>2546.9</ele>
    <time>2026-06-19T17:31:54Z</time>
   </trkpt>
   <trkpt lat="39.8058210" lon="-105.5036100">
    <ele>2547.0</ele>
    <time>2026-06-19T17:31:55Z</time>
   </trkpt>
   <trkpt lat="39.8058440" lon="-105.5036280">
    <ele>2547.1</ele>
    <time>2026-06-19T17:31:56Z</time>
   </trkpt>
   <trkpt lat="39.8058770" lon="-105.5036480">
    <ele>2547.2</ele>
    <time>2026-06-19T17:31:57Z</time>
   </trkpt>
   <trkpt lat="39.8058990" lon="-105.5036680">
    <ele>2547.3</ele>
    <time>2026-06-19T17:31:58Z</time>
   </trkpt>
   <trkpt lat="39.8059230" lon="-105.5036880">
    <ele>2547.4</ele>
    <time>2026-06-19T17:31:59Z</time>
   </trkpt>
   <trkpt lat="39.8059360" lon="-105.5036960">
    <ele>2547.4</ele>
    <time>2026-06-19T17:32:00Z</time>
   </trkpt>
   <trkpt lat="39.8059530" lon="-105.5037090">
    <ele>2547.5</ele>
    <time>2026-06-19T17:32:01Z</time>
   </trkpt>
   <trkpt lat="39.8059640" lon="-105.5037100">
    <ele>2547.5</ele>
    <time>2026-06-19T17:32:02Z</time>
   </trkpt>
   <trkpt lat="39.8060030" lon="-105.5037310">
    <ele>2547.7</ele>
    <time>2026-06-19T17:32:03Z</time>
   </trkpt>
   <trkpt lat="39.8060390" lon="-105.5037420">
    <ele>2547.9</ele>
    <time>2026-06-19T17:32:04Z</time>
   </trkpt>
   <trkpt lat="39.8060500" lon="-105.5037440">
    <ele>2547.9</ele>
    <time>2026-06-19T17:32:05Z</time>
   </trkpt>
   <trkpt lat="39.8060800" lon="-105.5037330">
    <ele>2548.1</ele>
    <time>2026-06-19T17:32:06Z</time>
   </trkpt>
   <trkpt lat="39.8060910" lon="-105.5037210">
    <ele>2548.1</ele>
    <time>2026-06-19T17:32:07Z</time>
   </trkpt>
   <trkpt lat="39.8061220" lon="-105.5037180">
    <ele>2548.3</ele>
    <time>2026-06-19T17:32:08Z</time>
   </trkpt>
   <trkpt lat="39.8061440" lon="-105.5037180">
    <ele>2548.4</ele>
    <time>2026-06-19T17:32:09Z</time>
   </trkpt>
   <trkpt lat="39.8061540" lon="-105.5037380">
    <ele>2548.5</ele>
    <time>2026-06-19T17:32:10Z</time>
   </trkpt>
   <trkpt lat="39.8061910" lon="-105.5037140">
    <ele>2548.7</ele>
    <time>2026-06-19T17:32:11Z</time>
   </trkpt>
   <trkpt lat="39.8062200" lon="-105.5037380">
    <ele>2546.9</ele>
    <time>2026-06-19T17:32:12Z</time>
   </trkpt>
   <trkpt lat="39.8062530" lon="-105.5037830">
    <ele>2544.4</ele>
    <time>2026-06-19T17:32:13Z</time>
   </trkpt>
   <trkpt lat="39.8062680" lon="-105.5038120">
    <ele>2542.0</ele>
    <time>2026-06-19T17:32:14Z</time>
   </trkpt>
   <trkpt lat="39.8062920" lon="-105.5038390">
    <ele>2542.1</ele>
    <time>2026-06-19T17:32:15Z</time>
   </trkpt>
   <trkpt lat="39.8062990" lon="-105.5038590">
    <ele>2540.2</ele>
    <time>2026-06-19T17:32:16Z</time>
   </trkpt>
   <trkpt lat="39.8062980" lon="-105.5039160">
    <ele>2538.7</ele>
    <time>2026-06-19T17:32:17Z</time>
   </trkpt>
   <trkpt lat="39.8063070" lon="-105.5039600">
    <ele>2537.2</ele>
    <time>2026-06-19T17:32:18Z</time>
   </trkpt>
   <trkpt lat="39.8063130" lon="-105.5039950">
    <ele>2535.5</ele>
    <time>2026-06-19T17:32:19Z</time>
   </trkpt>
   <trkpt lat="39.8063300" lon="-105.5039770">
    <ele>2537.1</ele>
    <time>2026-06-19T17:32:20Z</time>
   </trkpt>
   <trkpt lat="39.8063390" lon="-105.5040120">
    <ele>2535.5</ele>
    <time>2026-06-19T17:32:21Z</time>
   </trkpt>
   <trkpt lat="39.8064040" lon="-105.5039820">
    <ele>2536.6</ele>
    <time>2026-06-19T17:32:22Z</time>
   </trkpt>
   <trkpt lat="39.8064080" lon="-105.5040210">
    <ele>2535.5</ele>
    <time>2026-06-19T17:32:23Z</time>
   </trkpt>
   <trkpt lat="39.8064170" lon="-105.5040730">
    <ele>2533.3</ele>
    <time>2026-06-19T17:32:24Z</time>
   </trkpt>
   <trkpt lat="39.8064530" lon="-105.5041920">
    <ele>2534.3</ele>
    <time>2026-06-19T17:32:25Z</time>
   </trkpt>
   <trkpt lat="39.8064640" lon="-105.5042340">
    <ele>2536.9</ele>
    <time>2026-06-19T17:32:26Z</time>
   </trkpt>
   <trkpt lat="39.8064780" lon="-105.5042900">
    <ele>2538.7</ele>
    <time>2026-06-19T17:32:27Z</time>
   </trkpt>
   <trkpt lat="39.8064960" lon="-105.5043430">
    <ele>2540.6</ele>
    <time>2026-06-19T17:32:28Z</time>
   </trkpt>
   <trkpt lat="39.8065160" lon="-105.5043990">
    <ele>2541.5</ele>
    <time>2026-06-19T17:32:29Z</time>
   </trkpt>
   <trkpt lat="39.8065500" lon="-105.5044360">
    <ele>2543.6</ele>
    <time>2026-06-19T17:32:30Z</time>
   </trkpt>
   <trkpt lat="39.8065550" lon="-105.5044800">
    <ele>2544.4</ele>
    <time>2026-06-19T17:32:31Z</time>
   </trkpt>
   <trkpt lat="39.8065870" lon="-105.5045360">
    <ele>2546.4</ele>
    <time>2026-06-19T17:32:32Z</time>
   </trkpt>
   <trkpt lat="39.8066090" lon="-105.5045730">
    <ele>2548.5</ele>
    <time>2026-06-19T17:32:33Z</time>
   </trkpt>
   <trkpt lat="39.8065980" lon="-105.5046060">
    <ele>2549.3</ele>
    <time>2026-06-19T17:32:34Z</time>
   </trkpt>
   <trkpt lat="39.8065880" lon="-105.5046540">
    <ele>2549.0</ele>
    <time>2026-06-19T17:32:35Z</time>
   </trkpt>
   <trkpt lat="39.8066110" lon="-105.5046930">
    <ele>2550.9</ele>
    <time>2026-06-19T17:32:36Z</time>
   </trkpt>
   <trkpt lat="39.8066380" lon="-105.5047180">
    <ele>2553.2</ele>
    <time>2026-06-19T17:32:37Z</time>
   </trkpt>
   <trkpt lat="39.8066600" lon="-105.5047600">
    <ele>2555.5</ele>
    <time>2026-06-19T17:32:38Z</time>
   </trkpt>
   <trkpt lat="39.8066630" lon="-105.5048020">
    <ele>2555.6</ele>
    <time>2026-06-19T17:32:39Z</time>
   </trkpt>
   <trkpt lat="39.8066580" lon="-105.5048190">
    <ele>2555.7</ele>
    <time>2026-06-19T17:32:40Z</time>
   </trkpt>
   <trkpt lat="39.8066560" lon="-105.5048300">
    <ele>2555.7</ele>
    <time>2026-06-19T17:32:41Z</time>
   </trkpt>
   <trkpt lat="39.8066540" lon="-105.5048630">
    <ele>2555.8</ele>
    <time>2026-06-19T17:32:42Z</time>
   </trkpt>
   <trkpt lat="39.8066530" lon="-105.5049370">
    <ele>2556.1</ele>
    <time>2026-06-19T17:32:43Z</time>
   </trkpt>
   <trkpt lat="39.8066580" lon="-105.5049860">
    <ele>2556.2</ele>
    <time>2026-06-19T17:32:44Z</time>
   </trkpt>
   <trkpt lat="39.8066600" lon="-105.5050450">
    <ele>2556.4</ele>
    <time>2026-06-19T17:32:45Z</time>
   </trkpt>
   <trkpt lat="39.8066610" lon="-105.5051030">
    <ele>2556.6</ele>
    <time>2026-06-19T17:32:46Z</time>
   </trkpt>
   <trkpt lat="39.8066620" lon="-105.5051480">
    <ele>2556.8</ele>
    <time>2026-06-19T17:32:47Z</time>
   </trkpt>
   <trkpt lat="39.8066610" lon="-105.5051590">
    <ele>2556.8</ele>
    <time>2026-06-19T17:32:48Z</time>
   </trkpt>
   <trkpt lat="39.8066500" lon="-105.5052000">
    <ele>2557.0</ele>
    <time>2026-06-19T17:32:49Z</time>
   </trkpt>
   <trkpt lat="39.8066400" lon="-105.5052410">
    <ele>2557.1</ele>
    <time>2026-06-19T17:32:50Z</time>
   </trkpt>
   <trkpt lat="39.8066350" lon="-105.5052550">
    <ele>2557.2</ele>
    <time>2026-06-19T17:32:51Z</time>
   </trkpt>
   <trkpt lat="39.8066530" lon="-105.5053100">
    <ele>2557.4</ele>
    <time>2026-06-19T17:32:52Z</time>
   </trkpt>
   <trkpt lat="39.8066570" lon="-105.5053380">
    <ele>2557.5</ele>
    <time>2026-06-19T17:32:53Z</time>
   </trkpt>
   <trkpt lat="39.8066630" lon="-105.5053490">
    <ele>2557.6</ele>
    <time>2026-06-19T17:32:54Z</time>
   </trkpt>
   <trkpt lat="39.8066550" lon="-105.5053840">
    <ele>2557.7</ele>
    <time>2026-06-19T17:32:55Z</time>
   </trkpt>
   <trkpt lat="39.8066690" lon="-105.5054230">
    <ele>2557.9</ele>
    <time>2026-06-19T17:32:56Z</time>
   </trkpt>
   <trkpt lat="39.8066920" lon="-105.5054530">
    <ele>2558.0</ele>
    <time>2026-06-19T17:32:57Z</time>
   </trkpt>
   <trkpt lat="39.8066920" lon="-105.5054990">
    <ele>2558.2</ele>
    <time>2026-06-19T17:32:58Z</time>
   </trkpt>
   <trkpt lat="39.8067190" lon="-105.5055490">
    <ele>2558.4</ele>
    <time>2026-06-19T17:32:59Z</time>
   </trkpt>
   <trkpt lat="39.8067430" lon="-105.5056080">
    <ele>2558.6</ele>
    <time>2026-06-19T17:33:00Z</time>
   </trkpt>
   <trkpt lat="39.8067600" lon="-105.5056220">
    <ele>2558.6</ele>
    <time>2026-06-19T17:33:01Z</time>
   </trkpt>
   <trkpt lat="39.8067690" lon="-105.5056290">
    <ele>2558.7</ele>
    <time>2026-06-19T17:33:02Z</time>
   </trkpt>
   <trkpt lat="39.8067780" lon="-105.5056370">
    <ele>2558.7</ele>
    <time>2026-06-19T17:33:03Z</time>
   </trkpt>
   <trkpt lat="39.8067910" lon="-105.5056680">
    <ele>2558.8</ele>
    <time>2026-06-19T17:33:04Z</time>
   </trkpt>
   <trkpt lat="39.8067950" lon="-105.5056870">
    <ele>2558.8</ele>
    <time>2026-06-19T17:33:05Z</time>
   </trkpt>
   <trkpt lat="39.8068290" lon="-105.5057010">
    <ele>2558.9</ele>
    <time>2026-06-19T17:33:06Z</time>
   </trkpt>
   <trkpt lat="39.8068420" lon="-105.5057150">
    <ele>2558.9</ele>
    <time>2026-06-19T17:33:07Z</time>
   </trkpt>
   <trkpt lat="39.8068720" lon="-105.5057900">
    <ele>2559.1</ele>
    <time>2026-06-19T17:33:08Z</time>
   </trkpt>
   <trkpt lat="39.8068860" lon="-105.5058430">
    <ele>2559.2</ele>
    <time>2026-06-19T17:33:09Z</time>
   </trkpt>
   <trkpt lat="39.8069000" lon="-105.5058590">
    <ele>2559.2</ele>
    <time>2026-06-19T17:33:10Z</time>
   </trkpt>
   <trkpt lat="39.8069090" lon="-105.5058690">
    <ele>2559.3</ele>
    <time>2026-06-19T17:33:11Z</time>
   </trkpt>
   <trkpt lat="39.8069170" lon="-105.5058780">
    <ele>2559.3</ele>
    <time>2026-06-19T17:33:12Z</time>
   </trkpt>
   <trkpt lat="39.8069540" lon="-105.5060220">
    <ele>2559.5</ele>
    <time>2026-06-19T17:33:13Z</time>
   </trkpt>
   <trkpt lat="39.8069690" lon="-105.5060380">
    <ele>2559.6</ele>
    <time>2026-06-19T17:33:14Z</time>
   </trkpt>
   <trkpt lat="39.8069750" lon="-105.5060510">
    <ele>2559.6</ele>
    <time>2026-06-19T17:33:15Z</time>
   </trkpt>
   <trkpt lat="39.8069810" lon="-105.5060630">
    <ele>2559.6</ele>
    <time>2026-06-19T17:33:16Z</time>
   </trkpt>
   <trkpt lat="39.8070220" lon="-105.5060930">
    <ele>2559.7</ele>
    <time>2026-06-19T17:33:17Z</time>
   </trkpt>
   <trkpt lat="39.8070360" lon="-105.5060990">
    <ele>2559.8</ele>
    <time>2026-06-19T17:33:18Z</time>
   </trkpt>
   <trkpt lat="39.8070440" lon="-105.5061290">
    <ele>2559.9</ele>
    <time>2026-06-19T17:33:19Z</time>
   </trkpt>
   <trkpt lat="39.8070610" lon="-105.5061570">
    <ele>2559.9</ele>
    <time>2026-06-19T17:33:20Z</time>
   </trkpt>
   <trkpt lat="39.8070720" lon="-105.5061710">
    <ele>2560.0</ele>
    <time>2026-06-19T17:33:21Z</time>
   </trkpt>
   <trkpt lat="39.8070840" lon="-105.5061860">
    <ele>2560.0</ele>
    <time>2026-06-19T17:33:22Z</time>
   </trkpt>
   <trkpt lat="39.8071120" lon="-105.5061900">
    <ele>2560.1</ele>
    <time>2026-06-19T17:33:23Z</time>
   </trkpt>
   <trkpt lat="39.8071380" lon="-105.5062270">
    <ele>2560.3</ele>
    <time>2026-06-19T17:33:24Z</time>
   </trkpt>
   <trkpt lat="39.8071540" lon="-105.5062420">
    <ele>2560.4</ele>
    <time>2026-06-19T17:33:25Z</time>
   </trkpt>
   <trkpt lat="39.8071390" lon="-105.5062720">
    <ele>2560.5</ele>
    <time>2026-06-19T17:33:26Z</time>
   </trkpt>
   <trkpt lat="39.8071560" lon="-105.5063360">
    <ele>2560.7</ele>
    <time>2026-06-19T17:33:27Z</time>
   </trkpt>
   <trkpt lat="39.8071670" lon="-105.5063760">
    <ele>2560.8</ele>
    <time>2026-06-19T17:33:28Z</time>
   </trkpt>
   <trkpt lat="39.8071760" lon="-105.5064400">
    <ele>2561.0</ele>
    <time>2026-06-19T17:33:29Z</time>
   </trkpt>
   <trkpt lat="39.8071830" lon="-105.5064880">
    <ele>2561.2</ele>
    <time>2026-06-19T17:33:30Z</time>
   </trkpt>
   <trkpt lat="39.8071870" lon="-105.5065040">
    <ele>2561.2</ele>
    <time>2026-06-19T17:33:31Z</time>
   </trkpt>
   <trkpt lat="39.8072000" lon="-105.5065770">
    <ele>2561.4</ele>
    <time>2026-06-19T17:33:32Z</time>
   </trkpt>
   <trkpt lat="39.8072090" lon="-105.5066140">
    <ele>2561.5</ele>
    <time>2026-06-19T17:33:33Z</time>
   </trkpt>
   <trkpt lat="39.8072170" lon="-105.5066880">
    <ele>2561.7</ele>
    <time>2026-06-19T17:33:34Z</time>
   </trkpt>
   <trkpt lat="39.8072200" lon="-105.5067250">
    <ele>2561.8</ele>
    <time>2026-06-19T17:33:35Z</time>
   </trkpt>
   <trkpt lat="39.8072390" lon="-105.5067510">
    <ele>2561.9</ele>
    <time>2026-06-19T17:33:36Z</time>
   </trkpt>
   <trkpt lat="39.8072470" lon="-105.5067870">
    <ele>2562.0</ele>
    <time>2026-06-19T17:33:37Z</time>
   </trkpt>
   <trkpt lat="39.8072550" lon="-105.5069110">
    <ele>2562.4</ele>
    <time>2026-06-19T17:33:38Z</time>
   </trkpt>
   <trkpt lat="39.8072650" lon="-105.5069590">
    <ele>2562.5</ele>
    <time>2026-06-19T17:33:39Z</time>
   </trkpt>
   <trkpt lat="39.8072840" lon="-105.5070370">
    <ele>2562.8</ele>
    <time>2026-06-19T17:33:40Z</time>
   </trkpt>
   <trkpt lat="39.8072940" lon="-105.5070490">
    <ele>2562.8</ele>
    <time>2026-06-19T17:33:41Z</time>
   </trkpt>
   <trkpt lat="39.8073000" lon="-105.5070790">
    <ele>2562.9</ele>
    <time>2026-06-19T17:33:42Z</time>
   </trkpt>
   <trkpt lat="39.8073080" lon="-105.5071440">
    <ele>2563.1</ele>
    <time>2026-06-19T17:33:43Z</time>
   </trkpt>
   <trkpt lat="39.8073180" lon="-105.5072160">
    <ele>2563.4</ele>
    <time>2026-06-19T17:33:44Z</time>
   </trkpt>
   <trkpt lat="39.8073350" lon="-105.5072690">
    <ele>2563.5</ele>
    <time>2026-06-19T17:33:45Z</time>
   </trkpt>
   <trkpt lat="39.8073530" lon="-105.5073000">
    <ele>2563.7</ele>
    <time>2026-06-19T17:33:46Z</time>
   </trkpt>
   <trkpt lat="39.8073580" lon="-105.5073060">
    <ele>2563.7</ele>
    <time>2026-06-19T17:33:47Z</time>
   </trkpt>
   <trkpt lat="39.8074050" lon="-105.5073030">
    <ele>2563.9</ele>
    <time>2026-06-19T17:33:48Z</time>
   </trkpt>
   <trkpt lat="39.8074190" lon="-105.5073310">
    <ele>2564.0</ele>
    <time>2026-06-19T17:33:49Z</time>
   </trkpt>
   <trkpt lat="39.8074260" lon="-105.5073430">
    <ele>2564.1</ele>
    <time>2026-06-19T17:33:50Z</time>
   </trkpt>
   <trkpt lat="39.8074520" lon="-105.5073660">
    <ele>2564.2</ele>
    <time>2026-06-19T17:33:51Z</time>
   </trkpt>
   <trkpt lat="39.8074660" lon="-105.5073970">
    <ele>2564.3</ele>
    <time>2026-06-19T17:33:52Z</time>
   </trkpt>
   <trkpt lat="39.8074910" lon="-105.5074270">
    <ele>2564.5</ele>
    <time>2026-06-19T17:33:53Z</time>
   </trkpt>
   <trkpt lat="39.8075170" lon="-105.5074420">
    <ele>2564.6</ele>
    <time>2026-06-19T17:33:54Z</time>
   </trkpt>
   <trkpt lat="39.8075270" lon="-105.5074480">
    <ele>2564.6</ele>
    <time>2026-06-19T17:33:55Z</time>
   </trkpt>
   <trkpt lat="39.8075580" lon="-105.5074680">
    <ele>2564.8</ele>
    <time>2026-06-19T17:33:56Z</time>
   </trkpt>
   <trkpt lat="39.8075730" lon="-105.5075210">
    <ele>2564.9</ele>
    <time>2026-06-19T17:33:57Z</time>
   </trkpt>
   <trkpt lat="39.8076000" lon="-105.5075320">
    <ele>2565.0</ele>
    <time>2026-06-19T17:33:58Z</time>
   </trkpt>
   <trkpt lat="39.8076090" lon="-105.5075340">
    <ele>2565.0</ele>
    <time>2026-06-19T17:33:59Z</time>
   </trkpt>
   <trkpt lat="39.8076450" lon="-105.5075400">
    <ele>2565.2</ele>
    <time>2026-06-19T17:34:00Z</time>
   </trkpt>
   <trkpt lat="39.8076590" lon="-105.5075400">
    <ele>2565.2</ele>
    <time>2026-06-19T17:34:01Z</time>
   </trkpt>
   <trkpt lat="39.8076880" lon="-105.5075470">
    <ele>2565.3</ele>
    <time>2026-06-19T17:34:02Z</time>
   </trkpt>
   <trkpt lat="39.8077200" lon="-105.5075550">
    <ele>2565.4</ele>
    <time>2026-06-19T17:34:03Z</time>
   </trkpt>
   <trkpt lat="39.8077350" lon="-105.5075660">
    <ele>2565.5</ele>
    <time>2026-06-19T17:34:04Z</time>
   </trkpt>
   <trkpt lat="39.8077440" lon="-105.5075690">
    <ele>2565.5</ele>
    <time>2026-06-19T17:34:05Z</time>
   </trkpt>
   <trkpt lat="39.8077540" lon="-105.5075730">
    <ele>2565.5</ele>
    <time>2026-06-19T17:34:06Z</time>
   </trkpt>
   <trkpt lat="39.8078140" lon="-105.5075930">
    <ele>2565.7</ele>
    <time>2026-06-19T17:34:07Z</time>
   </trkpt>
   <trkpt lat="39.8078280" lon="-105.5075900">
    <ele>2565.8</ele>
    <time>2026-06-19T17:34:08Z</time>
   </trkpt>
   <trkpt lat="39.8078420" lon="-105.5075940">
    <ele>2565.8</ele>
    <time>2026-06-19T17:34:09Z</time>
   </trkpt>
   <trkpt lat="39.8078570" lon="-105.5075980">
    <ele>2565.9</ele>
    <time>2026-06-19T17:34:10Z</time>
   </trkpt>
   <trkpt lat="39.8079010" lon="-105.5076190">
    <ele>2566.1</ele>
    <time>2026-06-19T17:34:11Z</time>
   </trkpt>
   <trkpt lat="39.8079270" lon="-105.5076290">
    <ele>2566.2</ele>
    <time>2026-06-19T17:34:12Z</time>
   </trkpt>
   <trkpt lat="39.8079820" lon="-105.5076770">
    <ele>2566.5</ele>
    <time>2026-06-19T17:34:13Z</time>
   </trkpt>
   <trkpt lat="39.8080070" lon="-105.5076980">
    <ele>2566.6</ele>
    <time>2026-06-19T17:34:14Z</time>
   </trkpt>
   <trkpt lat="39.8080240" lon="-105.5077290">
    <ele>2566.8</ele>
    <time>2026-06-19T17:34:15Z</time>
   </trkpt>
   <trkpt lat="39.8080410" lon="-105.5077790">
    <ele>2566.9</ele>
    <time>2026-06-19T17:34:16Z</time>
   </trkpt>
   <trkpt lat="39.8080460" lon="-105.5077990">
    <ele>2567.0</ele>
    <time>2026-06-19T17:34:17Z</time>
   </trkpt>
   <trkpt lat="39.8080750" lon="-105.5078610">
    <ele>2567.1</ele>
    <time>2026-06-19T17:34:18Z</time>
   </trkpt>
   <trkpt lat="39.8080870" lon="-105.5078950">
    <ele>2567.2</ele>
    <time>2026-06-19T17:34:19Z</time>
   </trkpt>
   <trkpt lat="39.8081060" lon="-105.5079620">
    <ele>2567.4</ele>
    <time>2026-06-19T17:34:20Z</time>
   </trkpt>
   <trkpt lat="39.8081220" lon="-105.5079950">
    <ele>2567.5</ele>
    <time>2026-06-19T17:34:21Z</time>
   </trkpt>
   <trkpt lat="39.8081910" lon="-105.5079850">
    <ele>2567.7</ele>
    <time>2026-06-19T17:34:22Z</time>
   </trkpt>
   <trkpt lat="39.8082040" lon="-105.5080200">
    <ele>2567.8</ele>
    <time>2026-06-19T17:34:23Z</time>
   </trkpt>
   <trkpt lat="39.8082230" lon="-105.5080800">
    <ele>2568.0</ele>
    <time>2026-06-19T17:34:24Z</time>
   </trkpt>
   <trkpt lat="39.8082450" lon="-105.5081260">
    <ele>2568.2</ele>
    <time>2026-06-19T17:34:25Z</time>
   </trkpt>
   <trkpt lat="39.8082560" lon="-105.5081480">
    <ele>2568.2</ele>
    <time>2026-06-19T17:34:26Z</time>
   </trkpt>
   <trkpt lat="39.8082690" lon="-105.5081940">
    <ele>2568.4</ele>
    <time>2026-06-19T17:34:27Z</time>
   </trkpt>
   <trkpt lat="39.8082740" lon="-105.5082190">
    <ele>2568.4</ele>
    <time>2026-06-19T17:34:28Z</time>
   </trkpt>
   <trkpt lat="39.8082800" lon="-105.5082550">
    <ele>2568.5</ele>
    <time>2026-06-19T17:34:29Z</time>
   </trkpt>
   <trkpt lat="39.8083010" lon="-105.5083030">
    <ele>2568.7</ele>
    <time>2026-06-19T17:34:30Z</time>
   </trkpt>
   <trkpt lat="39.8083100" lon="-105.5083290">
    <ele>2568.8</ele>
    <time>2026-06-19T17:34:31Z</time>
   </trkpt>
   <trkpt lat="39.8083170" lon="-105.5083780">
    <ele>2568.9</ele>
    <time>2026-06-19T17:34:32Z</time>
   </trkpt>
   <trkpt lat="39.8083210" lon="-105.5083970">
    <ele>2569.0</ele>
    <time>2026-06-19T17:34:33Z</time>
   </trkpt>
   <trkpt lat="39.8083230" lon="-105.5084070">
    <ele>2569.0</ele>
    <time>2026-06-19T17:34:34Z</time>
   </trkpt>
   <trkpt lat="39.8083320" lon="-105.5084210">
    <ele>2569.1</ele>
    <time>2026-06-19T17:34:35Z</time>
   </trkpt>
   <trkpt lat="39.8083370" lon="-105.5084400">
    <ele>2569.1</ele>
    <time>2026-06-19T17:34:36Z</time>
   </trkpt>
   <trkpt lat="39.8083630" lon="-105.5085530">
    <ele>2569.4</ele>
    <time>2026-06-19T17:34:37Z</time>
   </trkpt>
   <trkpt lat="39.8083770" lon="-105.5085810">
    <ele>2569.5</ele>
    <time>2026-06-19T17:34:38Z</time>
   </trkpt>
   <trkpt lat="39.8083830" lon="-105.5086030">
    <ele>2569.6</ele>
    <time>2026-06-19T17:34:39Z</time>
   </trkpt>
   <trkpt lat="39.8083930" lon="-105.5086410">
    <ele>2569.7</ele>
    <time>2026-06-19T17:34:40Z</time>
   </trkpt>
   <trkpt lat="39.8084100" lon="-105.5087110">
    <ele>2569.9</ele>
    <time>2026-06-19T17:34:41Z</time>
   </trkpt>
   <trkpt lat="39.8084180" lon="-105.5087590">
    <ele>2570.0</ele>
    <time>2026-06-19T17:34:42Z</time>
   </trkpt>
   <trkpt lat="39.8084270" lon="-105.5088140">
    <ele>2570.2</ele>
    <time>2026-06-19T17:34:43Z</time>
   </trkpt>
   <trkpt lat="39.8084250" lon="-105.5088410">
    <ele>2570.3</ele>
    <time>2026-06-19T17:34:44Z</time>
   </trkpt>
   <trkpt lat="39.8084050" lon="-105.5088980">
    <ele>2570.4</ele>
    <time>2026-06-19T17:34:45Z</time>
   </trkpt>
   <trkpt lat="39.8084020" lon="-105.5089170">
    <ele>2570.5</ele>
    <time>2026-06-19T17:34:46Z</time>
   </trkpt>
   <trkpt lat="39.8084150" lon="-105.5089400">
    <ele>2570.6</ele>
    <time>2026-06-19T17:34:47Z</time>
   </trkpt>
   <trkpt lat="39.8083960" lon="-105.5090040">
    <ele>2570.8</ele>
    <time>2026-06-19T17:34:48Z</time>
   </trkpt>
   <trkpt lat="39.8083820" lon="-105.5090380">
    <ele>2570.9</ele>
    <time>2026-06-19T17:34:49Z</time>
   </trkpt>
   <trkpt lat="39.8083900" lon="-105.5090990">
    <ele>2571.1</ele>
    <time>2026-06-19T17:34:50Z</time>
   </trkpt>
   <trkpt lat="39.8083860" lon="-105.5091410">
    <ele>2571.2</ele>
    <time>2026-06-19T17:34:51Z</time>
   </trkpt>
   <trkpt lat="39.8083840" lon="-105.5091860">
    <ele>2571.3</ele>
    <time>2026-06-19T17:34:52Z</time>
   </trkpt>
   <trkpt lat="39.8083840" lon="-105.5092130">
    <ele>2571.4</ele>
    <time>2026-06-19T17:34:53Z</time>
   </trkpt>
   <trkpt lat="39.8083780" lon="-105.5092680">
    <ele>2571.6</ele>
    <time>2026-06-19T17:34:54Z</time>
   </trkpt>
   <trkpt lat="39.8083730" lon="-105.5093030">
    <ele>2571.7</ele>
    <time>2026-06-19T17:34:55Z</time>
   </trkpt>
   <trkpt lat="39.8083750" lon="-105.5093650">
    <ele>2571.9</ele>
    <time>2026-06-19T17:34:56Z</time>
   </trkpt>
   <trkpt lat="39.8083680" lon="-105.5094290">
    <ele>2572.1</ele>
    <time>2026-06-19T17:34:57Z</time>
   </trkpt>
   <trkpt lat="39.8083610" lon="-105.5094710">
    <ele>2572.2</ele>
    <time>2026-06-19T17:34:58Z</time>
   </trkpt>
   <trkpt lat="39.8083550" lon="-105.5095320">
    <ele>2572.4</ele>
    <time>2026-06-19T17:34:59Z</time>
   </trkpt>
   <trkpt lat="39.8083520" lon="-105.5095930">
    <ele>2572.6</ele>
    <time>2026-06-19T17:35:00Z</time>
   </trkpt>
   <trkpt lat="39.8083500" lon="-105.5096320">
    <ele>2572.7</ele>
    <time>2026-06-19T17:35:01Z</time>
   </trkpt>
   <trkpt lat="39.8083450" lon="-105.5096860">
    <ele>2572.9</ele>
    <time>2026-06-19T17:35:02Z</time>
   </trkpt>
   <trkpt lat="39.8083420" lon="-105.5097430">
    <ele>2573.1</ele>
    <time>2026-06-19T17:35:03Z</time>
   </trkpt>
   <trkpt lat="39.8083390" lon="-105.5097860">
    <ele>2573.2</ele>
    <time>2026-06-19T17:35:04Z</time>
   </trkpt>
   <trkpt lat="39.8083360" lon="-105.5098040">
    <ele>2573.3</ele>
    <time>2026-06-19T17:35:05Z</time>
   </trkpt>
   <trkpt lat="39.8083310" lon="-105.5098410">
    <ele>2573.4</ele>
    <time>2026-06-19T17:35:06Z</time>
   </trkpt>
   <trkpt lat="39.8083300" lon="-105.5098780">
    <ele>2573.5</ele>
    <time>2026-06-19T17:35:07Z</time>
   </trkpt>
   <trkpt lat="39.8083290" lon="-105.5098900">
    <ele>2573.6</ele>
    <time>2026-06-19T17:35:08Z</time>
   </trkpt>
   <trkpt lat="39.8083260" lon="-105.5099210">
    <ele>2573.6</ele>
    <time>2026-06-19T17:35:09Z</time>
   </trkpt>
   <trkpt lat="39.8083270" lon="-105.5099320">
    <ele>2573.7</ele>
    <time>2026-06-19T17:35:10Z</time>
   </trkpt>
   <trkpt lat="39.8083250" lon="-105.5099750">
    <ele>2573.8</ele>
    <time>2026-06-19T17:35:11Z</time>
   </trkpt>
   <trkpt lat="39.8083240" lon="-105.5099920">
    <ele>2573.8</ele>
    <time>2026-06-19T17:35:12Z</time>
   </trkpt>
   <trkpt lat="39.8083190" lon="-105.5100510">
    <ele>2574.0</ele>
    <time>2026-06-19T17:35:13Z</time>
   </trkpt>
   <trkpt lat="39.8083160" lon="-105.5100960">
    <ele>2574.1</ele>
    <time>2026-06-19T17:35:14Z</time>
   </trkpt>
   <trkpt lat="39.8083160" lon="-105.5101110">
    <ele>2574.2</ele>
    <time>2026-06-19T17:35:15Z</time>
   </trkpt>
   <trkpt lat="39.8083120" lon="-105.5101650">
    <ele>2574.3</ele>
    <time>2026-06-19T17:35:16Z</time>
   </trkpt>
   <trkpt lat="39.8083090" lon="-105.5102210">
    <ele>2574.5</ele>
    <time>2026-06-19T17:35:17Z</time>
   </trkpt>
   <trkpt lat="39.8083080" lon="-105.5102410">
    <ele>2574.5</ele>
    <time>2026-06-19T17:35:18Z</time>
   </trkpt>
   <trkpt lat="39.8083040" lon="-105.5102950">
    <ele>2574.7</ele>
    <time>2026-06-19T17:35:19Z</time>
   </trkpt>
   <trkpt lat="39.8083010" lon="-105.5103310">
    <ele>2574.8</ele>
    <time>2026-06-19T17:35:20Z</time>
   </trkpt>
   <trkpt lat="39.8082990" lon="-105.5103860">
    <ele>2574.9</ele>
    <time>2026-06-19T17:35:21Z</time>
   </trkpt>
   <trkpt lat="39.8082950" lon="-105.5104420">
    <ele>2575.1</ele>
    <time>2026-06-19T17:35:22Z</time>
   </trkpt>
   <trkpt lat="39.8082910" lon="-105.5104930">
    <ele>2575.2</ele>
    <time>2026-06-19T17:35:23Z</time>
   </trkpt>
   <trkpt lat="39.8082870" lon="-105.5105460">
    <ele>2575.4</ele>
    <time>2026-06-19T17:35:24Z</time>
   </trkpt>
   <trkpt lat="39.8082870" lon="-105.5106050">
    <ele>2575.5</ele>
    <time>2026-06-19T17:35:25Z</time>
   </trkpt>
   <trkpt lat="39.8082880" lon="-105.5106320">
    <ele>2575.6</ele>
    <time>2026-06-19T17:35:26Z</time>
   </trkpt>
   <trkpt lat="39.8082900" lon="-105.5106930">
    <ele>2575.8</ele>
    <time>2026-06-19T17:35:27Z</time>
   </trkpt>
   <trkpt lat="39.8082900" lon="-105.5107260">
    <ele>2575.9</ele>
    <time>2026-06-19T17:35:28Z</time>
   </trkpt>
   <trkpt lat="39.8082810" lon="-105.5107880">
    <ele>2576.0</ele>
    <time>2026-06-19T17:35:29Z</time>
   </trkpt>
   <trkpt lat="39.8082750" lon="-105.5108200">
    <ele>2576.1</ele>
    <time>2026-06-19T17:35:30Z</time>
   </trkpt>
   <trkpt lat="39.8082720" lon="-105.5108470">
    <ele>2576.2</ele>
    <time>2026-06-19T17:35:31Z</time>
   </trkpt>
   <trkpt lat="39.8082690" lon="-105.5108720">
    <ele>2576.2</ele>
    <time>2026-06-19T17:35:32Z</time>
   </trkpt>
   <trkpt lat="39.8082650" lon="-105.5108970">
    <ele>2576.3</ele>
    <time>2026-06-19T17:35:33Z</time>
   </trkpt>
   <trkpt lat="39.8082670" lon="-105.5109480">
    <ele>2576.4</ele>
    <time>2026-06-19T17:35:34Z</time>
   </trkpt>
   <trkpt lat="39.8082650" lon="-105.5109680">
    <ele>2576.5</ele>
    <time>2026-06-19T17:35:35Z</time>
   </trkpt>
   <trkpt lat="39.8082620" lon="-105.5110080">
    <ele>2576.6</ele>
    <time>2026-06-19T17:35:36Z</time>
   </trkpt>
   <trkpt lat="39.8082520" lon="-105.5110690">
    <ele>2576.8</ele>
    <time>2026-06-19T17:35:37Z</time>
   </trkpt>
   <trkpt lat="39.8082470" lon="-105.5111010">
    <ele>2576.9</ele>
    <time>2026-06-19T17:35:38Z</time>
   </trkpt>
   <trkpt lat="39.8082440" lon="-105.5111270">
    <ele>2577.0</ele>
    <time>2026-06-19T17:35:39Z</time>
   </trkpt>
   <trkpt lat="39.8082430" lon="-105.5111730">
    <ele>2577.1</ele>
    <time>2026-06-19T17:35:40Z</time>
   </trkpt>
   <trkpt lat="39.8082410" lon="-105.5111870">
    <ele>2577.1</ele>
    <time>2026-06-19T17:35:41Z</time>
   </trkpt>
   <trkpt lat="39.8082340" lon="-105.5112260">
    <ele>2577.3</ele>
    <time>2026-06-19T17:35:42Z</time>
   </trkpt>
   <trkpt lat="39.8082250" lon="-105.5112780">
    <ele>2577.4</ele>
    <time>2026-06-19T17:35:43Z</time>
   </trkpt>
   <trkpt lat="39.8082180" lon="-105.5113040">
    <ele>2577.5</ele>
    <time>2026-06-19T17:35:44Z</time>
   </trkpt>
   <trkpt lat="39.8082110" lon="-105.5113510">
    <ele>2577.7</ele>
    <time>2026-06-19T17:35:45Z</time>
   </trkpt>
   <trkpt lat="39.8082070" lon="-105.5113700">
    <ele>2577.7</ele>
    <time>2026-06-19T17:35:46Z</time>
   </trkpt>
   <trkpt lat="39.8081880" lon="-105.5114310">
    <ele>2577.9</ele>
    <time>2026-06-19T17:35:47Z</time>
   </trkpt>
   <trkpt lat="39.8081760" lon="-105.5114670">
    <ele>2578.0</ele>
    <time>2026-06-19T17:35:48Z</time>
   </trkpt>
   <trkpt lat="39.8081490" lon="-105.5115710">
    <ele>2578.4</ele>
    <time>2026-06-19T17:35:49Z</time>
   </trkpt>
   <trkpt lat="39.8081360" lon="-105.5116140">
    <ele>2578.5</ele>
    <time>2026-06-19T17:35:50Z</time>
   </trkpt>
   <trkpt lat="39.8081280" lon="-105.5116450">
    <ele>2578.6</ele>
    <time>2026-06-19T17:35:51Z</time>
   </trkpt>
   <trkpt lat="39.8081140" lon="-105.5117200">
    <ele>2578.9</ele>
    <time>2026-06-19T17:35:52Z</time>
   </trkpt>
   <trkpt lat="39.8080950" lon="-105.5117830">
    <ele>2579.0</ele>
    <time>2026-06-19T17:35:53Z</time>
   </trkpt>
   <trkpt lat="39.8080730" lon="-105.5118330">
    <ele>2579.2</ele>
    <time>2026-06-19T17:35:54Z</time>
   </trkpt>
   <trkpt lat="39.8080610" lon="-105.5118820">
    <ele>2579.3</ele>
    <time>2026-06-19T17:35:55Z</time>
   </trkpt>
   <trkpt lat="39.8080510" lon="-105.5119090">
    <ele>2579.4</ele>
    <time>2026-06-19T17:35:56Z</time>
   </trkpt>
   <trkpt lat="39.8080470" lon="-105.5119450">
    <ele>2579.5</ele>
    <time>2026-06-19T17:35:57Z</time>
   </trkpt>
   <trkpt lat="39.8080230" lon="-105.5120030">
    <ele>2579.7</ele>
    <time>2026-06-19T17:35:58Z</time>
   </trkpt>
   <trkpt lat="39.8080090" lon="-105.5120480">
    <ele>2579.8</ele>
    <time>2026-06-19T17:35:59Z</time>
   </trkpt>
   <trkpt lat="39.8080010" lon="-105.5120720">
    <ele>2579.9</ele>
    <time>2026-06-19T17:36:00Z</time>
   </trkpt>
   <trkpt lat="39.8079910" lon="-105.5121160">
    <ele>2580.1</ele>
    <time>2026-06-19T17:36:01Z</time>
   </trkpt>
   <trkpt lat="39.8079770" lon="-105.5121610">
    <ele>2580.2</ele>
    <time>2026-06-19T17:36:02Z</time>
   </trkpt>
   <trkpt lat="39.8079640" lon="-105.5122120">
    <ele>2580.4</ele>
    <time>2026-06-19T17:36:03Z</time>
   </trkpt>
   <trkpt lat="39.8079550" lon="-105.5122390">
    <ele>2580.5</ele>
    <time>2026-06-19T17:36:04Z</time>
   </trkpt>
   <trkpt lat="39.8079420" lon="-105.5122810">
    <ele>2580.6</ele>
    <time>2026-06-19T17:36:05Z</time>
   </trkpt>
   <trkpt lat="39.8079330" lon="-105.5123330">
    <ele>2580.7</ele>
    <time>2026-06-19T17:36:06Z</time>
   </trkpt>
   <trkpt lat="39.8079280" lon="-105.5123520">
    <ele>2580.8</ele>
    <time>2026-06-19T17:36:07Z</time>
   </trkpt>
   <trkpt lat="39.8079170" lon="-105.5124040">
    <ele>2580.9</ele>
    <time>2026-06-19T17:36:08Z</time>
   </trkpt>
   <trkpt lat="39.8079050" lon="-105.5124490">
    <ele>2581.1</ele>
    <time>2026-06-19T17:36:09Z</time>
   </trkpt>
   <trkpt lat="39.8078890" lon="-105.5124860">
    <ele>2581.2</ele>
    <time>2026-06-19T17:36:10Z</time>
   </trkpt>
   <trkpt lat="39.8078830" lon="-105.5125020">
    <ele>2581.2</ele>
    <time>2026-06-19T17:36:11Z</time>
   </trkpt>
   <trkpt lat="39.8078680" lon="-105.5125540">
    <ele>2581.3</ele>
    <time>2026-06-19T17:36:12Z</time>
   </trkpt>
   <trkpt lat="39.8078450" lon="-105.5126000">
    <ele>2581.5</ele>
    <time>2026-06-19T17:36:13Z</time>
   </trkpt>
   <trkpt lat="39.8078260" lon="-105.5126260">
    <ele>2581.6</ele>
    <time>2026-06-19T17:36:14Z</time>
   </trkpt>
   <trkpt lat="39.8078210" lon="-105.5126640">
    <ele>2581.7</ele>
    <time>2026-06-19T17:36:15Z</time>
   </trkpt>
   <trkpt lat="39.8078240" lon="-105.5127330">
    <ele>2581.9</ele>
    <time>2026-06-19T17:36:16Z</time>
   </trkpt>
   <trkpt lat="39.8078260" lon="-105.5127760">
    <ele>2582.0</ele>
    <time>2026-06-19T17:36:17Z</time>
   </trkpt>
   <trkpt lat="39.8077700" lon="-105.5128020">
    <ele>2582.2</ele>
    <time>2026-06-19T17:36:18Z</time>
   </trkpt>
   <trkpt lat="39.8077380" lon="-105.5128470">
    <ele>2582.4</ele>
    <time>2026-06-19T17:36:19Z</time>
   </trkpt>
   <trkpt lat="39.8077180" lon="-105.5128630">
    <ele>2582.4</ele>
    <time>2026-06-19T17:36:20Z</time>
   </trkpt>
   <trkpt lat="39.8076960" lon="-105.5128850">
    <ele>2582.5</ele>
    <time>2026-06-19T17:36:21Z</time>
   </trkpt>
   <trkpt lat="39.8076540" lon="-105.5129040">
    <ele>2582.7</ele>
    <time>2026-06-19T17:36:22Z</time>
   </trkpt>
   <trkpt lat="39.8076480" lon="-105.5129730">
    <ele>2582.9</ele>
    <time>2026-06-19T17:36:23Z</time>
   </trkpt>
   <trkpt lat="39.8076580" lon="-105.5130220">
    <ele>2583.1</ele>
    <time>2026-06-19T17:36:24Z</time>
   </trkpt>
   <trkpt lat="39.8076570" lon="-105.5130750">
    <ele>2583.2</ele>
    <time>2026-06-19T17:36:25Z</time>
   </trkpt>
   <trkpt lat="39.8076480" lon="-105.5131150">
    <ele>2583.4</ele>
    <time>2026-06-19T17:36:26Z</time>
   </trkpt>
   <trkpt lat="39.8076300" lon="-105.5131460">
    <ele>2583.5</ele>
    <time>2026-06-19T17:36:27Z</time>
   </trkpt>
   <trkpt lat="39.8075860" lon="-105.5131720">
    <ele>2583.7</ele>
    <time>2026-06-19T17:36:28Z</time>
   </trkpt>
   <trkpt lat="39.8075560" lon="-105.5131990">
    <ele>2583.8</ele>
    <time>2026-06-19T17:36:29Z</time>
   </trkpt>
   <trkpt lat="39.8075170" lon="-105.5132280">
    <ele>2584.0</ele>
    <time>2026-06-19T17:36:30Z</time>
   </trkpt>
   <trkpt lat="39.8074840" lon="-105.5132360">
    <ele>2584.1</ele>
    <time>2026-06-19T17:36:31Z</time>
   </trkpt>
   <trkpt lat="39.8074470" lon="-105.5132660">
    <ele>2584.3</ele>
    <time>2026-06-19T17:36:32Z</time>
   </trkpt>
   <trkpt lat="39.8074600" lon="-105.5133580">
    <ele>2584.6</ele>
    <time>2026-06-19T17:36:34Z</time>
   </trkpt>
   <trkpt lat="39.8074400" lon="-105.5133890">
    <ele>2584.7</ele>
    <time>2026-06-19T17:36:35Z</time>
   </trkpt>
   <trkpt lat="39.8073740" lon="-105.5133530">
    <ele>2585.0</ele>
    <time>2026-06-19T17:36:36Z</time>
   </trkpt>
   <trkpt lat="39.8073590" lon="-105.5133750">
    <ele>2585.1</ele>
    <time>2026-06-19T17:36:37Z</time>
   </trkpt>
   <trkpt lat="39.8073510" lon="-105.5133880">
    <ele>2585.2</ele>
    <time>2026-06-19T17:36:38Z</time>
   </trkpt>
   <trkpt lat="39.8073440" lon="-105.5134010">
    <ele>2585.2</ele>
    <time>2026-06-19T17:36:39Z</time>
   </trkpt>
   <trkpt lat="39.8072950" lon="-105.5135030">
    <ele>2585.6</ele>
    <time>2026-06-19T17:36:40Z</time>
   </trkpt>
   <trkpt lat="39.8073090" lon="-105.5135620">
    <ele>2585.7</ele>
    <time>2026-06-19T17:36:41Z</time>
   </trkpt>
   <trkpt lat="39.8073090" lon="-105.5135930">
    <ele>2585.8</ele>
    <time>2026-06-19T17:36:42Z</time>
   </trkpt>
   <trkpt lat="39.8073070" lon="-105.5136530">
    <ele>2586.0</ele>
    <time>2026-06-19T17:36:43Z</time>
   </trkpt>
   <trkpt lat="39.8073090" lon="-105.5137370">
    <ele>2586.2</ele>
    <time>2026-06-19T17:36:44Z</time>
   </trkpt>
   <trkpt lat="39.8073150" lon="-105.5137880">
    <ele>2586.2</ele>
    <time>2026-06-19T17:36:45Z</time>
   </trkpt>
   <trkpt lat="39.8073200" lon="-105.5138430">
    <ele>2586.3</ele>
    <time>2026-06-19T17:36:46Z</time>
   </trkpt>
   <trkpt lat="39.8073290" lon="-105.5139140">
    <ele>2586.3</ele>
    <time>2026-06-19T17:36:47Z</time>
   </trkpt>
   <trkpt lat="39.8073240" lon="-105.5139650">
    <ele>2586.4</ele>
    <time>2026-06-19T17:36:48Z</time>
   </trkpt>
   <trkpt lat="39.8073220" lon="-105.5139850">
    <ele>2586.4</ele>
    <time>2026-06-19T17:36:49Z</time>
   </trkpt>
   <trkpt lat="39.8073290" lon="-105.5140300">
    <ele>2586.4</ele>
    <time>2026-06-19T17:36:50Z</time>
   </trkpt>
   <trkpt lat="39.8073270" lon="-105.5140770">
    <ele>2586.5</ele>
    <time>2026-06-19T17:36:51Z</time>
   </trkpt>
   <trkpt lat="39.8073260" lon="-105.5140930">
    <ele>2586.5</ele>
    <time>2026-06-19T17:36:52Z</time>
   </trkpt>
   <trkpt lat="39.8073180" lon="-105.5141430">
    <ele>2586.6</ele>
    <time>2026-06-19T17:36:53Z</time>
   </trkpt>
   <trkpt lat="39.8073220" lon="-105.5141650">
    <ele>2586.7</ele>
    <time>2026-06-19T17:36:54Z</time>
   </trkpt>
   <trkpt lat="39.8073230" lon="-105.5142110">
    <ele>2586.8</ele>
    <time>2026-06-19T17:36:55Z</time>
   </trkpt>
   <trkpt lat="39.8073340" lon="-105.5142330">
    <ele>2586.9</ele>
    <time>2026-06-19T17:36:56Z</time>
   </trkpt>
   <trkpt lat="39.8073320" lon="-105.5142790">
    <ele>2587.0</ele>
    <time>2026-06-19T17:36:57Z</time>
   </trkpt>
   <trkpt lat="39.8073320" lon="-105.5143040">
    <ele>2587.1</ele>
    <time>2026-06-19T17:36:58Z</time>
   </trkpt>
   <trkpt lat="39.8073410" lon="-105.5143130">
    <ele>2587.2</ele>
    <time>2026-06-19T17:36:59Z</time>
   </trkpt>
   <trkpt lat="39.8073400" lon="-105.5143400">
    <ele>2587.3</ele>
    <time>2026-06-19T17:37:00Z</time>
   </trkpt>
   <trkpt lat="39.8073470" lon="-105.5143770">
    <ele>2587.5</ele>
    <time>2026-06-19T17:37:01Z</time>
   </trkpt>
   <trkpt lat="39.8073470" lon="-105.5144190">
    <ele>2587.7</ele>
    <time>2026-06-19T17:37:02Z</time>
   </trkpt>
   <trkpt lat="39.8073530" lon="-105.5144280">
    <ele>2587.7</ele>
    <time>2026-06-19T17:37:03Z</time>
   </trkpt>
   <trkpt lat="39.8073470" lon="-105.5144480">
    <ele>2587.8</ele>
    <time>2026-06-19T17:37:04Z</time>
   </trkpt>
   <trkpt lat="39.8073520" lon="-105.5144690">
    <ele>2587.9</ele>
    <time>2026-06-19T17:37:05Z</time>
   </trkpt>
   <trkpt lat="39.8073760" lon="-105.5145000">
    <ele>2588.2</ele>
    <time>2026-06-19T17:37:06Z</time>
   </trkpt>
   <trkpt lat="39.8074050" lon="-105.5145120">
    <ele>2588.4</ele>
    <time>2026-06-19T17:37:07Z</time>
   </trkpt>
   <trkpt lat="39.8074290" lon="-105.5144890">
    <ele>2588.6</ele>
    <time>2026-06-19T17:37:08Z</time>
   </trkpt>
   <trkpt lat="39.8074480" lon="-105.5144820">
    <ele>2588.7</ele>
    <time>2026-06-19T17:37:09Z</time>
   </trkpt>
   <trkpt lat="39.8074680" lon="-105.5144760">
    <ele>2588.8</ele>
    <time>2026-06-19T17:37:10Z</time>
   </trkpt>
   <trkpt lat="39.8074800" lon="-105.5144460">
    <ele>2589.0</ele>
    <time>2026-06-19T17:37:11Z</time>
   </trkpt>
   <trkpt lat="39.8074940" lon="-105.5144340">
    <ele>2589.1</ele>
    <time>2026-06-19T17:37:12Z</time>
   </trkpt>
   <trkpt lat="39.8075270" lon="-105.5144210">
    <ele>2589.3</ele>
    <time>2026-06-19T17:37:13Z</time>
   </trkpt>
   <trkpt lat="39.8075410" lon="-105.5144110">
    <ele>2589.4</ele>
    <time>2026-06-19T17:37:14Z</time>
   </trkpt>
   <trkpt lat="39.8075660" lon="-105.5143910">
    <ele>2589.5</ele>
    <time>2026-06-19T17:37:15Z</time>
   </trkpt>
   <trkpt lat="39.8075750" lon="-105.5143810">
    <ele>2589.6</ele>
    <time>2026-06-19T17:37:16Z</time>
   </trkpt>
   <trkpt lat="39.8075920" lon="-105.5143440">
    <ele>2589.7</ele>
    <time>2026-06-19T17:37:17Z</time>
   </trkpt>
   <trkpt lat="39.8076030" lon="-105.5143390">
    <ele>2589.8</ele>
    <time>2026-06-19T17:37:18Z</time>
   </trkpt>
   <trkpt lat="39.8076370" lon="-105.5143230">
    <ele>2590.0</ele>
    <time>2026-06-19T17:37:19Z</time>
   </trkpt>
   <trkpt lat="39.8076500" lon="-105.5143200">
    <ele>2590.0</ele>
    <time>2026-06-19T17:37:20Z</time>
   </trkpt>
   <trkpt lat="39.8076780" lon="-105.5142960">
    <ele>2590.2</ele>
    <time>2026-06-19T17:37:21Z</time>
   </trkpt>
   <trkpt lat="39.8076960" lon="-105.5143050">
    <ele>2590.3</ele>
    <time>2026-06-19T17:37:22Z</time>
   </trkpt>
   <trkpt lat="39.8077130" lon="-105.5142770">
    <ele>2590.4</ele>
    <time>2026-06-19T17:37:23Z</time>
   </trkpt>
   <trkpt lat="39.8077150" lon="-105.5142610">
    <ele>2590.5</ele>
    <time>2026-06-19T17:37:24Z</time>
   </trkpt>
   <trkpt lat="39.8077180" lon="-105.5142190">
    <ele>2590.6</ele>
    <time>2026-06-19T17:37:25Z</time>
   </trkpt>
   <trkpt lat="39.8077290" lon="-105.5141850">
    <ele>2590.8</ele>
    <time>2026-06-19T17:37:26Z</time>
   </trkpt>
   <trkpt lat="39.8077570" lon="-105.5141660">
    <ele>2591.0</ele>
    <time>2026-06-19T17:37:27Z</time>
   </trkpt>
   <trkpt lat="39.8077610" lon="-105.5141520">
    <ele>2591.0</ele>
    <time>2026-06-19T17:37:28Z</time>
   </trkpt>
   <trkpt lat="39.8077780" lon="-105.5141120">
    <ele>2591.2</ele>
    <time>2026-06-19T17:37:29Z</time>
   </trkpt>
   <trkpt lat="39.8077870" lon="-105.5140900">
    <ele>2591.4</ele>
    <time>2026-06-19T17:37:30Z</time>
   </trkpt>
   <trkpt lat="39.8078160" lon="-105.5140920">
    <ele>2591.5</ele>
    <time>2026-06-19T17:37:31Z</time>
   </trkpt>
   <trkpt lat="39.8078500" lon="-105.5140690">
    <ele>2591.7</ele>
    <time>2026-06-19T17:37:32Z</time>
   </trkpt>
   <trkpt lat="39.8078950" lon="-105.5140810">
    <ele>2592.0</ele>
    <time>2026-06-19T17:37:33Z</time>
   </trkpt>
   <trkpt lat="39.8079290" lon="-105.5140660">
    <ele>2592.2</ele>
    <time>2026-06-19T17:37:34Z</time>
   </trkpt>
   <trkpt lat="39.8079690" lon="-105.5140810">
    <ele>2592.4</ele>
    <time>2026-06-19T17:37:35Z</time>
   </trkpt>
   <trkpt lat="39.8079960" lon="-105.5140730">
    <ele>2592.6</ele>
    <time>2026-06-19T17:37:36Z</time>
   </trkpt>
   <trkpt lat="39.8080090" lon="-105.5140690">
    <ele>2592.7</ele>
    <time>2026-06-19T17:37:37Z</time>
   </trkpt>
   <trkpt lat="39.8080410" lon="-105.5140580">
    <ele>2592.8</ele>
    <time>2026-06-19T17:37:38Z</time>
   </trkpt>
   <trkpt lat="39.8080500" lon="-105.5140630">
    <ele>2592.9</ele>
    <time>2026-06-19T17:37:39Z</time>
   </trkpt>
   <trkpt lat="39.8080760" lon="-105.5140870">
    <ele>2593.0</ele>
    <time>2026-06-19T17:37:40Z</time>
   </trkpt>
   <trkpt lat="39.8081190" lon="-105.5141100">
    <ele>2593.3</ele>
    <time>2026-06-19T17:37:41Z</time>
   </trkpt>
   <trkpt lat="39.8081460" lon="-105.5141270">
    <ele>2593.4</ele>
    <time>2026-06-19T17:37:42Z</time>
   </trkpt>
   <trkpt lat="39.8081720" lon="-105.5141160">
    <ele>2593.5</ele>
    <time>2026-06-19T17:37:43Z</time>
   </trkpt>
   <trkpt lat="39.8082280" lon="-105.5140740">
    <ele>2593.8</ele>
    <time>2026-06-19T17:37:44Z</time>
   </trkpt>
   <trkpt lat="39.8082610" lon="-105.5140280">
    <ele>2594.0</ele>
    <time>2026-06-19T17:37:45Z</time>
   </trkpt>
   <trkpt lat="39.8083170" lon="-105.5139940">
    <ele>2594.3</ele>
    <time>2026-06-19T17:37:46Z</time>
   </trkpt>
   <trkpt lat="39.8083430" lon="-105.5139620">
    <ele>2594.4</ele>
    <time>2026-06-19T17:37:47Z</time>
   </trkpt>
   <trkpt lat="39.8083740" lon="-105.5139580">
    <ele>2594.6</ele>
    <time>2026-06-19T17:37:48Z</time>
   </trkpt>
   <trkpt lat="39.8084220" lon="-105.5139670">
    <ele>2594.8</ele>
    <time>2026-06-19T17:37:49Z</time>
   </trkpt>
   <trkpt lat="39.8084480" lon="-105.5139460">
    <ele>2595.0</ele>
    <time>2026-06-19T17:37:50Z</time>
   </trkpt>
   <trkpt lat="39.8084590" lon="-105.5139360">
    <ele>2595.1</ele>
    <time>2026-06-19T17:37:51Z</time>
   </trkpt>
   <trkpt lat="39.8084900" lon="-105.5139430">
    <ele>2595.1</ele>
    <time>2026-06-19T17:37:52Z</time>
   </trkpt>
   <trkpt lat="39.8085320" lon="-105.5139490">
    <ele>2595.1</ele>
    <time>2026-06-19T17:37:53Z</time>
   </trkpt>
   <trkpt lat="39.8085620" lon="-105.5139440">
    <ele>2595.2</ele>
    <time>2026-06-19T17:37:54Z</time>
   </trkpt>
   <trkpt lat="39.8085780" lon="-105.5139490">
    <ele>2595.2</ele>
    <time>2026-06-19T17:37:55Z</time>
   </trkpt>
   <trkpt lat="39.8086160" lon="-105.5139510">
    <ele>2595.3</ele>
    <time>2026-06-19T17:37:56Z</time>
   </trkpt>
   <trkpt lat="39.8086340" lon="-105.5139540">
    <ele>2595.4</ele>
    <time>2026-06-19T17:37:57Z</time>
   </trkpt>
   <trkpt lat="39.8086720" lon="-105.5139530">
    <ele>2595.5</ele>
    <time>2026-06-19T17:37:58Z</time>
   </trkpt>
   <trkpt lat="39.8086840" lon="-105.5139600">
    <ele>2595.5</ele>
    <time>2026-06-19T17:37:59Z</time>
   </trkpt>
   <trkpt lat="39.8087240" lon="-105.5140150">
    <ele>2595.7</ele>
    <time>2026-06-19T17:38:00Z</time>
   </trkpt>
   <trkpt lat="39.8087610" lon="-105.5140210">
    <ele>2595.8</ele>
    <time>2026-06-19T17:38:01Z</time>
   </trkpt>
   <trkpt lat="39.8087970" lon="-105.5140340">
    <ele>2595.9</ele>
    <time>2026-06-19T17:38:02Z</time>
   </trkpt>
   <trkpt lat="39.8088070" lon="-105.5140430">
    <ele>2596.0</ele>
    <time>2026-06-19T17:38:03Z</time>
   </trkpt>
   <trkpt lat="39.8088220" lon="-105.5140430">
    <ele>2596.0</ele>
    <time>2026-06-19T17:38:04Z</time>
   </trkpt>
   <trkpt lat="39.8088380" lon="-105.5140490">
    <ele>2596.1</ele>
    <time>2026-06-19T17:38:05Z</time>
   </trkpt>
   <trkpt lat="39.8088500" lon="-105.5140510">
    <ele>2596.1</ele>
    <time>2026-06-19T17:38:06Z</time>
   </trkpt>
   <trkpt lat="39.8088570" lon="-105.5140520">
    <ele>2596.2</ele>
    <time>2026-06-19T17:38:07Z</time>
   </trkpt>
   <trkpt lat="39.8088640" lon="-105.5140490">
    <ele>2596.2</ele>
    <time>2026-06-19T17:38:08Z</time>
   </trkpt>
   <trkpt lat="39.8088660" lon="-105.5140450">
    <ele>2596.2</ele>
    <time>2026-06-19T17:38:09Z</time>
   </trkpt>
   <trkpt lat="39.8088630" lon="-105.5140350">
    <ele>2596.2</ele>
    <time>2026-06-19T17:38:10Z</time>
   </trkpt>
   <trkpt lat="39.8088630" lon="-105.5140300">
    <ele>2596.2</ele>
    <time>2026-06-19T17:38:11Z</time>
   </trkpt>
   <trkpt lat="39.8088630" lon="-105.5140270">
    <ele>2596.2</ele>
    <time>2026-06-19T17:38:12Z</time>
   </trkpt>
   <trkpt lat="39.8088630" lon="-105.5140210">
    <ele>2596.3</ele>
    <time>2026-06-19T17:38:13Z</time>
   </trkpt>
   <trkpt lat="39.8089060" lon="-105.5140310">
    <ele>2596.4</ele>
    <time>2026-06-19T17:38:20Z</time>
   </trkpt>
   <trkpt lat="39.8089320" lon="-105.5140400">
    <ele>2596.5</ele>
    <time>2026-06-19T17:38:21Z</time>
   </trkpt>
   <trkpt lat="39.8089640" lon="-105.5140430">
    <ele>2596.6</ele>
    <time>2026-06-19T17:38:22Z</time>
   </trkpt>
   <trkpt lat="39.8090070" lon="-105.5140320">
    <ele>2596.8</ele>
    <time>2026-06-19T17:38:23Z</time>
   </trkpt>
   <trkpt lat="39.8090250" lon="-105.5140260">
    <ele>2596.9</ele>
    <time>2026-06-19T17:38:24Z</time>
   </trkpt>
   <trkpt lat="39.8090710" lon="-105.5140220">
    <ele>2597.1</ele>
    <time>2026-06-19T17:38:25Z</time>
   </trkpt>
   <trkpt lat="39.8091080" lon="-105.5140440">
    <ele>2597.3</ele>
    <time>2026-06-19T17:38:26Z</time>
   </trkpt>
   <trkpt lat="39.8091340" lon="-105.5140370">
    <ele>2597.4</ele>
    <time>2026-06-19T17:38:27Z</time>
   </trkpt>
   <trkpt lat="39.8091710" lon="-105.5140320">
    <ele>2597.6</ele>
    <time>2026-06-19T17:38:28Z</time>
   </trkpt>
   <trkpt lat="39.8091820" lon="-105.5140310">
    <ele>2597.6</ele>
    <time>2026-06-19T17:38:29Z</time>
   </trkpt>
   <trkpt lat="39.8092250" lon="-105.5140380">
    <ele>2597.8</ele>
    <time>2026-06-19T17:38:30Z</time>
   </trkpt>
   <trkpt lat="39.8092530" lon="-105.5140420">
    <ele>2598.0</ele>
    <time>2026-06-19T17:38:31Z</time>
   </trkpt>
   <trkpt lat="39.8092580" lon="-105.5140340">
    <ele>2598.0</ele>
    <time>2026-06-19T17:38:32Z</time>
   </trkpt>
   <trkpt lat="39.8092870" lon="-105.5140330">
    <ele>2598.1</ele>
    <time>2026-06-19T17:38:33Z</time>
   </trkpt>
   <trkpt lat="39.8093170" lon="-105.5140420">
    <ele>2598.3</ele>
    <time>2026-06-19T17:38:34Z</time>
   </trkpt>
   <trkpt lat="39.8093310" lon="-105.5140460">
    <ele>2598.3</ele>
    <time>2026-06-19T17:38:35Z</time>
   </trkpt>
   <trkpt lat="39.8093600" lon="-105.5140480">
    <ele>2598.4</ele>
    <time>2026-06-19T17:38:36Z</time>
   </trkpt>
   <trkpt lat="39.8093760" lon="-105.5140520">
    <ele>2598.5</ele>
    <time>2026-06-19T17:38:37Z</time>
   </trkpt>
   <trkpt lat="39.8093920" lon="-105.5140570">
    <ele>2598.6</ele>
    <time>2026-06-19T17:38:38Z</time>
   </trkpt>
   <trkpt lat="39.8094100" lon="-105.5140610">
    <ele>2598.6</ele>
    <time>2026-06-19T17:38:39Z</time>
   </trkpt>
   <trkpt lat="39.8094370" lon="-105.5140690">
    <ele>2598.7</ele>
    <time>2026-06-19T17:38:40Z</time>
   </trkpt>
   <trkpt lat="39.8094720" lon="-105.5140780">
    <ele>2598.9</ele>
    <time>2026-06-19T17:38:41Z</time>
   </trkpt>
   <trkpt lat="39.8094830" lon="-105.5140810">
    <ele>2598.9</ele>
    <time>2026-06-19T17:38:42Z</time>
   </trkpt>
   <trkpt lat="39.8095160" lon="-105.5140930">
    <ele>2599.1</ele>
    <time>2026-06-19T17:38:43Z</time>
   </trkpt>
   <trkpt lat="39.8095280" lon="-105.5140970">
    <ele>2599.1</ele>
    <time>2026-06-19T17:38:44Z</time>
   </trkpt>
   <trkpt lat="39.8095640" lon="-105.5141100">
    <ele>2599.2</ele>
    <time>2026-06-19T17:38:45Z</time>
   </trkpt>
   <trkpt lat="39.8095740" lon="-105.5141150">
    <ele>2599.3</ele>
    <time>2026-06-19T17:38:46Z</time>
   </trkpt>
   <trkpt lat="39.8096090" lon="-105.5141250">
    <ele>2599.4</ele>
    <time>2026-06-19T17:38:47Z</time>
   </trkpt>
   <trkpt lat="39.8096420" lon="-105.5141390">
    <ele>2599.6</ele>
    <time>2026-06-19T17:38:48Z</time>
   </trkpt>
   <trkpt lat="39.8096590" lon="-105.5141450">
    <ele>2599.6</ele>
    <time>2026-06-19T17:38:49Z</time>
   </trkpt>
   <trkpt lat="39.8096920" lon="-105.5141550">
    <ele>2599.8</ele>
    <time>2026-06-19T17:38:50Z</time>
   </trkpt>
   <trkpt lat="39.8097030" lon="-105.5141640">
    <ele>2599.8</ele>
    <time>2026-06-19T17:38:51Z</time>
   </trkpt>
   <trkpt lat="39.8097280" lon="-105.5141830">
    <ele>2599.9</ele>
    <time>2026-06-19T17:38:52Z</time>
   </trkpt>
   <trkpt lat="39.8097650" lon="-105.5141990">
    <ele>2600.1</ele>
    <time>2026-06-19T17:38:53Z</time>
   </trkpt>
   <trkpt lat="39.8097820" lon="-105.5142040">
    <ele>2600.2</ele>
    <time>2026-06-19T17:38:54Z</time>
   </trkpt>
   <trkpt lat="39.8098100" lon="-105.5142400">
    <ele>2600.4</ele>
    <time>2026-06-19T17:38:55Z</time>
   </trkpt>
   <trkpt lat="39.8098290" lon="-105.5142550">
    <ele>2600.5</ele>
    <time>2026-06-19T17:38:56Z</time>
   </trkpt>
   <trkpt lat="39.8098540" lon="-105.5142740">
    <ele>2600.6</ele>
    <time>2026-06-19T17:38:57Z</time>
   </trkpt>
   <trkpt lat="39.8098680" lon="-105.5142800">
    <ele>2600.7</ele>
    <time>2026-06-19T17:38:58Z</time>
   </trkpt>
   <trkpt lat="39.8098940" lon="-105.5143050">
    <ele>2600.9</ele>
    <time>2026-06-19T17:38:59Z</time>
   </trkpt>
   <trkpt lat="39.8099100" lon="-105.5143130">
    <ele>2601.0</ele>
    <time>2026-06-19T17:39:00Z</time>
   </trkpt>
   <trkpt lat="39.8099420" lon="-105.5143330">
    <ele>2601.1</ele>
    <time>2026-06-19T17:39:01Z</time>
   </trkpt>
   <trkpt lat="39.8099500" lon="-105.5143380">
    <ele>2601.2</ele>
    <time>2026-06-19T17:39:02Z</time>
   </trkpt>
   <trkpt lat="39.8099870" lon="-105.5143580">
    <ele>2601.4</ele>
    <time>2026-06-19T17:39:03Z</time>
   </trkpt>
   <trkpt lat="39.8100090" lon="-105.5143700">
    <ele>2601.5</ele>
    <time>2026-06-19T17:39:04Z</time>
   </trkpt>
   <trkpt lat="39.8100460" lon="-105.5143990">
    <ele>2601.8</ele>
    <time>2026-06-19T17:39:05Z</time>
   </trkpt>
   <trkpt lat="39.8100610" lon="-105.5144070">
    <ele>2601.9</ele>
    <time>2026-06-19T17:39:06Z</time>
   </trkpt>
   <trkpt lat="39.8100850" lon="-105.5144250">
    <ele>2602.0</ele>
    <time>2026-06-19T17:39:07Z</time>
   </trkpt>
   <trkpt lat="39.8101110" lon="-105.5144410">
    <ele>2602.2</ele>
    <time>2026-06-19T17:39:08Z</time>
   </trkpt>
   <trkpt lat="39.8101500" lon="-105.5144620">
    <ele>2602.4</ele>
    <time>2026-06-19T17:39:09Z</time>
   </trkpt>
   <trkpt lat="39.8101800" lon="-105.5144860">
    <ele>2602.6</ele>
    <time>2026-06-19T17:39:10Z</time>
   </trkpt>
   <trkpt lat="39.8101960" lon="-105.5144990">
    <ele>2602.7</ele>
    <time>2026-06-19T17:39:11Z</time>
   </trkpt>
   <trkpt lat="39.8102220" lon="-105.5145230">
    <ele>2602.8</ele>
    <time>2026-06-19T17:39:12Z</time>
   </trkpt>
   <trkpt lat="39.8102310" lon="-105.5145350">
    <ele>2602.9</ele>
    <time>2026-06-19T17:39:13Z</time>
   </trkpt>
   <trkpt lat="39.8102630" lon="-105.5145550">
    <ele>2603.1</ele>
    <time>2026-06-19T17:39:14Z</time>
   </trkpt>
   <trkpt lat="39.8102960" lon="-105.5145730">
    <ele>2603.3</ele>
    <time>2026-06-19T17:39:15Z</time>
   </trkpt>
   <trkpt lat="39.8103090" lon="-105.5145780">
    <ele>2603.4</ele>
    <time>2026-06-19T17:39:16Z</time>
   </trkpt>
   <trkpt lat="39.8103480" lon="-105.5145930">
    <ele>2603.7</ele>
    <time>2026-06-19T17:39:17Z</time>
   </trkpt>
   <trkpt lat="39.8103610" lon="-105.5146000">
    <ele>2603.7</ele>
    <time>2026-06-19T17:39:18Z</time>
   </trkpt>
   <trkpt lat="39.8104030" lon="-105.5146640">
    <ele>2604.2</ele>
    <time>2026-06-19T17:39:19Z</time>
   </trkpt>
   <trkpt lat="39.8104320" lon="-105.5147110">
    <ele>2604.5</ele>
    <time>2026-06-19T17:39:20Z</time>
   </trkpt>
   <trkpt lat="39.8104620" lon="-105.5147360">
    <ele>2604.8</ele>
    <time>2026-06-19T17:39:21Z</time>
   </trkpt>
   <trkpt lat="39.8104970" lon="-105.5147580">
    <ele>2605.1</ele>
    <time>2026-06-19T17:39:22Z</time>
   </trkpt>
   <trkpt lat="39.8105460" lon="-105.5147600">
    <ele>2605.4</ele>
    <time>2026-06-19T17:39:23Z</time>
   </trkpt>
   <trkpt lat="39.8105810" lon="-105.5147520">
    <ele>2605.7</ele>
    <time>2026-06-19T17:39:24Z</time>
   </trkpt>
   <trkpt lat="39.8106190" lon="-105.5147640">
    <ele>2606.0</ele>
    <time>2026-06-19T17:39:25Z</time>
   </trkpt>
   <trkpt lat="39.8106550" lon="-105.5147800">
    <ele>2606.3</ele>
    <time>2026-06-19T17:39:26Z</time>
   </trkpt>
   <trkpt lat="39.8106820" lon="-105.5147880">
    <ele>2606.6</ele>
    <time>2026-06-19T17:39:27Z</time>
   </trkpt>
   <trkpt lat="39.8107190" lon="-105.5148010">
    <ele>2606.9</ele>
    <time>2026-06-19T17:39:28Z</time>
   </trkpt>
   <trkpt lat="39.8107500" lon="-105.5148140">
    <ele>2607.1</ele>
    <time>2026-06-19T17:39:29Z</time>
   </trkpt>
   <trkpt lat="39.8107600" lon="-105.5148130">
    <ele>2607.2</ele>
    <time>2026-06-19T17:39:30Z</time>
   </trkpt>
   <trkpt lat="39.8107950" lon="-105.5148240">
    <ele>2607.5</ele>
    <time>2026-06-19T17:39:31Z</time>
   </trkpt>
   <trkpt lat="39.8108070" lon="-105.5148300">
    <ele>2607.6</ele>
    <time>2026-06-19T17:39:32Z</time>
   </trkpt>
   <trkpt lat="39.8108340" lon="-105.5148330">
    <ele>2607.8</ele>
    <time>2026-06-19T17:39:33Z</time>
   </trkpt>
   <trkpt lat="39.8108590" lon="-105.5148520">
    <ele>2608.0</ele>
    <time>2026-06-19T17:39:34Z</time>
   </trkpt>
   <trkpt lat="39.8108900" lon="-105.5148790">
    <ele>2608.3</ele>
    <time>2026-06-19T17:39:35Z</time>
   </trkpt>
   <trkpt lat="39.8109240" lon="-105.5149050">
    <ele>2608.5</ele>
    <time>2026-06-19T17:39:36Z</time>
   </trkpt>
   <trkpt lat="39.8109420" lon="-105.5149190">
    <ele>2608.5</ele>
    <time>2026-06-19T17:39:37Z</time>
   </trkpt>
   <trkpt lat="39.8109710" lon="-105.5149410">
    <ele>2608.7</ele>
    <time>2026-06-19T17:39:38Z</time>
   </trkpt>
   <trkpt lat="39.8109940" lon="-105.5149580">
    <ele>2608.7</ele>
    <time>2026-06-19T17:39:39Z</time>
   </trkpt>
   <trkpt lat="39.8110070" lon="-105.5149670">
    <ele>2608.7</ele>
    <time>2026-06-19T17:39:40Z</time>
   </trkpt>
   <trkpt lat="39.8110390" lon="-105.5149800">
    <ele>2608.7</ele>
    <time>2026-06-19T17:39:41Z</time>
   </trkpt>
   <trkpt lat="39.8110610" lon="-105.5150010">
    <ele>2608.6</ele>
    <time>2026-06-19T17:39:42Z</time>
   </trkpt>
   <trkpt lat="39.8111140" lon="-105.5150590">
    <ele>2608.4</ele>
    <time>2026-06-19T17:39:43Z</time>
   </trkpt>
   <trkpt lat="39.8111590" lon="-105.5150920">
    <ele>2608.2</ele>
    <time>2026-06-19T17:39:44Z</time>
   </trkpt>
   <trkpt lat="39.8111970" lon="-105.5151140">
    <ele>2607.9</ele>
    <time>2026-06-19T17:39:45Z</time>
   </trkpt>
   <trkpt lat="39.8112290" lon="-105.5151420">
    <ele>2607.7</ele>
    <time>2026-06-19T17:39:46Z</time>
   </trkpt>
   <trkpt lat="39.8112500" lon="-105.5151590">
    <ele>2607.5</ele>
    <time>2026-06-19T17:39:47Z</time>
   </trkpt>
   <trkpt lat="39.8113020" lon="-105.5152040">
    <ele>2607.2</ele>
    <time>2026-06-19T17:39:48Z</time>
   </trkpt>
   <trkpt lat="39.8113370" lon="-105.5152320">
    <ele>2606.9</ele>
    <time>2026-06-19T17:39:49Z</time>
   </trkpt>
   <trkpt lat="39.8113550" lon="-105.5152550">
    <ele>2606.8</ele>
    <time>2026-06-19T17:39:50Z</time>
   </trkpt>
   <trkpt lat="39.8113670" lon="-105.5152750">
    <ele>2606.7</ele>
    <time>2026-06-19T17:39:51Z</time>
   </trkpt>
   <trkpt lat="39.8113970" lon="-105.5153180">
    <ele>2606.5</ele>
    <time>2026-06-19T17:39:52Z</time>
   </trkpt>
   <trkpt lat="39.8114250" lon="-105.5153430">
    <ele>2606.4</ele>
    <time>2026-06-19T17:39:53Z</time>
   </trkpt>
   <trkpt lat="39.8114330" lon="-105.5153530">
    <ele>2606.4</ele>
    <time>2026-06-19T17:39:54Z</time>
   </trkpt>
   <trkpt lat="39.8114400" lon="-105.5154050">
    <ele>2606.3</ele>
    <time>2026-06-19T17:39:55Z</time>
   </trkpt>
   <trkpt lat="39.8114460" lon="-105.5154260">
    <ele>2606.3</ele>
    <time>2026-06-19T17:39:56Z</time>
   </trkpt>
   <trkpt lat="39.8114620" lon="-105.5154820">
    <ele>2606.2</ele>
    <time>2026-06-19T17:39:57Z</time>
   </trkpt>
   <trkpt lat="39.8114660" lon="-105.5155210">
    <ele>2606.2</ele>
    <time>2026-06-19T17:39:58Z</time>
   </trkpt>
   <trkpt lat="39.8114680" lon="-105.5155280">
    <ele>2606.2</ele>
    <time>2026-06-19T17:39:59Z</time>
   </trkpt>
   <trkpt lat="39.8118010" lon="-105.5157310">
    <ele>2606.2</ele>
    <time>2026-06-19T17:40:00Z</time>
   </trkpt>
   <trkpt lat="39.8118270" lon="-105.5157500">
    <ele>2606.2</ele>
    <time>2026-06-19T17:40:01Z</time>
   </trkpt>
   <trkpt lat="39.8118680" lon="-105.5157930">
    <ele>2606.4</ele>
    <time>2026-06-19T17:40:02Z</time>
   </trkpt>
   <trkpt lat="39.8119100" lon="-105.5158390">
    <ele>2606.5</ele>
    <time>2026-06-19T17:40:03Z</time>
   </trkpt>
   <trkpt lat="39.8119520" lon="-105.5158790">
    <ele>2606.7</ele>
    <time>2026-06-19T17:40:04Z</time>
   </trkpt>
   <trkpt lat="39.8119840" lon="-105.5159220">
    <ele>2606.9</ele>
    <time>2026-06-19T17:40:05Z</time>
   </trkpt>
   <trkpt lat="39.8120230" lon="-105.5159660">
    <ele>2607.1</ele>
    <time>2026-06-19T17:40:06Z</time>
   </trkpt>
   <trkpt lat="39.8120570" lon="-105.5160120">
    <ele>2607.4</ele>
    <time>2026-06-19T17:40:07Z</time>
   </trkpt>
   <trkpt lat="39.8120800" lon="-105.5160530">
    <ele>2607.6</ele>
    <time>2026-06-19T17:40:08Z</time>
   </trkpt>
   <trkpt lat="39.8121090" lon="-105.5160920">
    <ele>2607.8</ele>
    <time>2026-06-19T17:40:09Z</time>
   </trkpt>
   <trkpt lat="39.8121340" lon="-105.5161290">
    <ele>2608.1</ele>
    <time>2026-06-19T17:40:10Z</time>
   </trkpt>
   <trkpt lat="39.8121590" lon="-105.5161540">
    <ele>2608.3</ele>
    <time>2026-06-19T17:40:11Z</time>
   </trkpt>
   <trkpt lat="39.8121810" lon="-105.5161880">
    <ele>2608.6</ele>
    <time>2026-06-19T17:40:12Z</time>
   </trkpt>
   <trkpt lat="39.8121970" lon="-105.5162180">
    <ele>2608.9</ele>
    <time>2026-06-19T17:40:13Z</time>
   </trkpt>
   <trkpt lat="39.8122340" lon="-105.5162450">
    <ele>2609.2</ele>
    <time>2026-06-19T17:40:14Z</time>
   </trkpt>
   <trkpt lat="39.8122690" lon="-105.5162780">
    <ele>2609.5</ele>
    <time>2026-06-19T17:40:15Z</time>
   </trkpt>
   <trkpt lat="39.8122810" lon="-105.5162960">
    <ele>2609.6</ele>
    <time>2026-06-19T17:40:16Z</time>
   </trkpt>
   <trkpt lat="39.8123060" lon="-105.5163150">
    <ele>2609.8</ele>
    <time>2026-06-19T17:40:17Z</time>
   </trkpt>
   <trkpt lat="39.8123290" lon="-105.5163110">
    <ele>2610.0</ele>
    <time>2026-06-19T17:40:18Z</time>
   </trkpt>
   <trkpt lat="39.8123440" lon="-105.5163160">
    <ele>2610.1</ele>
    <time>2026-06-19T17:40:19Z</time>
   </trkpt>
   <trkpt lat="39.8123600" lon="-105.5163220">
    <ele>2610.2</ele>
    <time>2026-06-19T17:40:20Z</time>
   </trkpt>
   <trkpt lat="39.8123880" lon="-105.5163390">
    <ele>2610.4</ele>
    <time>2026-06-19T17:40:21Z</time>
   </trkpt>
   <trkpt lat="39.8123950" lon="-105.5163400">
    <ele>2610.5</ele>
    <time>2026-06-19T17:40:22Z</time>
   </trkpt>
   <trkpt lat="39.8124000" lon="-105.5162970">
    <ele>2610.7</ele>
    <time>2026-06-19T17:40:23Z</time>
   </trkpt>
   <trkpt lat="39.8124280" lon="-105.5162940">
    <ele>2610.9</ele>
    <time>2026-06-19T17:40:24Z</time>
   </trkpt>
   <trkpt lat="39.8124400" lon="-105.5162900">
    <ele>2611.0</ele>
    <time>2026-06-19T17:40:25Z</time>
   </trkpt>
   <trkpt lat="39.8124500" lon="-105.5162760">
    <ele>2611.1</ele>
    <time>2026-06-19T17:40:26Z</time>
   </trkpt>
   <trkpt lat="39.8124550" lon="-105.5162720">
    <ele>2611.1</ele>
    <time>2026-06-19T17:40:27Z</time>
   </trkpt>
   <trkpt lat="39.8124870" lon="-105.5162740">
    <ele>2611.3</ele>
    <time>2026-06-19T17:40:28Z</time>
   </trkpt>
   <trkpt lat="39.8125040" lon="-105.5162780">
    <ele>2611.4</ele>
    <time>2026-06-19T17:40:29Z</time>
   </trkpt>
   <trkpt lat="39.8125630" lon="-105.5163110">
    <ele>2611.7</ele>
    <time>2026-06-19T17:40:30Z</time>
   </trkpt>
   <trkpt lat="39.8126050" lon="-105.5163270">
    <ele>2611.9</ele>
    <time>2026-06-19T17:40:31Z</time>
   </trkpt>
   <trkpt lat="39.8126280" lon="-105.5163530">
    <ele>2612.0</ele>
    <time>2026-06-19T17:40:32Z</time>
   </trkpt>
   <trkpt lat="39.8126670" lon="-105.5163970">
    <ele>2612.3</ele>
    <time>2026-06-19T17:40:33Z</time>
   </trkpt>
   <trkpt lat="39.8127060" lon="-105.5164220">
    <ele>2612.5</ele>
    <time>2026-06-19T17:40:34Z</time>
   </trkpt>
   <trkpt lat="39.8127250" lon="-105.5164310">
    <ele>2612.7</ele>
    <time>2026-06-19T17:40:35Z</time>
   </trkpt>
   <trkpt lat="39.8127520" lon="-105.5164510">
    <ele>2612.9</ele>
    <time>2026-06-19T17:40:36Z</time>
   </trkpt>
   <trkpt lat="39.8127800" lon="-105.5164960">
    <ele>2613.2</ele>
    <time>2026-06-19T17:40:37Z</time>
   </trkpt>
   <trkpt lat="39.8128000" lon="-105.5165350">
    <ele>2613.5</ele>
    <time>2026-06-19T17:40:38Z</time>
   </trkpt>
   <trkpt lat="39.8128230" lon="-105.5165560">
    <ele>2613.7</ele>
    <time>2026-06-19T17:40:39Z</time>
   </trkpt>
   <trkpt lat="39.8128430" lon="-105.5166070">
    <ele>2614.1</ele>
    <time>2026-06-19T17:40:40Z</time>
   </trkpt>
   <trkpt lat="39.8128640" lon="-105.5166410">
    <ele>2614.4</ele>
    <time>2026-06-19T17:40:41Z</time>
   </trkpt>
   <trkpt lat="39.8128870" lon="-105.5166650">
    <ele>2614.6</ele>
    <time>2026-06-19T17:40:42Z</time>
   </trkpt>
   <trkpt lat="39.8129110" lon="-105.5167000">
    <ele>2614.9</ele>
    <time>2026-06-19T17:40:43Z</time>
   </trkpt>
   <trkpt lat="39.8129380" lon="-105.5167320">
    <ele>2615.2</ele>
    <time>2026-06-19T17:40:44Z</time>
   </trkpt>
   <trkpt lat="39.8129470" lon="-105.5167460">
    <ele>2615.4</ele>
    <time>2026-06-19T17:40:45Z</time>
   </trkpt>
   <trkpt lat="39.8129690" lon="-105.5167710">
    <ele>2615.6</ele>
    <time>2026-06-19T17:40:46Z</time>
   </trkpt>
   <trkpt lat="39.8129900" lon="-105.5168070">
    <ele>2615.8</ele>
    <time>2026-06-19T17:40:47Z</time>
   </trkpt>
   <trkpt lat="39.8130120" lon="-105.5168440">
    <ele>2616.1</ele>
    <time>2026-06-19T17:40:48Z</time>
   </trkpt>
   <trkpt lat="39.8130310" lon="-105.5168760">
    <ele>2616.3</ele>
    <time>2026-06-19T17:40:49Z</time>
   </trkpt>
   <trkpt lat="39.8130510" lon="-105.5169130">
    <ele>2616.6</ele>
    <time>2026-06-19T17:40:50Z</time>
   </trkpt>
   <trkpt lat="39.8130730" lon="-105.5169560">
    <ele>2616.9</ele>
    <time>2026-06-19T17:40:51Z</time>
   </trkpt>
   <trkpt lat="39.8130960" lon="-105.5169790">
    <ele>2617.1</ele>
    <time>2026-06-19T17:40:52Z</time>
   </trkpt>
   <trkpt lat="39.8131170" lon="-105.5170110">
    <ele>2617.3</ele>
    <time>2026-06-19T17:40:53Z</time>
   </trkpt>
   <trkpt lat="39.8131240" lon="-105.5170210">
    <ele>2617.3</ele>
    <time>2026-06-19T17:40:54Z</time>
   </trkpt>
   <trkpt lat="39.8131560" lon="-105.5170310">
    <ele>2617.5</ele>
    <time>2026-06-19T17:40:55Z</time>
   </trkpt>
   <trkpt lat="39.8131960" lon="-105.5170250">
    <ele>2617.7</ele>
    <time>2026-06-19T17:40:56Z</time>
   </trkpt>
   <trkpt lat="39.8132090" lon="-105.5170240">
    <ele>2617.8</ele>
    <time>2026-06-19T17:40:57Z</time>
   </trkpt>
   <trkpt lat="39.8132360" lon="-105.5170490">
    <ele>2618.0</ele>
    <time>2026-06-19T17:40:58Z</time>
   </trkpt>
   <trkpt lat="39.8132690" lon="-105.5170640">
    <ele>2618.3</ele>
    <time>2026-06-19T17:40:59Z</time>
   </trkpt>
   <trkpt lat="39.8132790" lon="-105.5170680">
    <ele>2618.3</ele>
    <time>2026-06-19T17:41:00Z</time>
   </trkpt>
   <trkpt lat="39.8133090" lon="-105.5170560">
    <ele>2618.6</ele>
    <time>2026-06-19T17:41:01Z</time>
   </trkpt>
   <trkpt lat="39.8133190" lon="-105.5170580">
    <ele>2618.7</ele>
    <time>2026-06-19T17:41:02Z</time>
   </trkpt>
   <trkpt lat="39.8133490" lon="-105.5170650">
    <ele>2618.9</ele>
    <time>2026-06-19T17:41:03Z</time>
   </trkpt>
   <trkpt lat="39.8133580" lon="-105.5170650">
    <ele>2619.0</ele>
    <time>2026-06-19T17:41:04Z</time>
   </trkpt>
   <trkpt lat="39.8133820" lon="-105.5170960">
    <ele>2619.3</ele>
    <time>2026-06-19T17:41:05Z</time>
   </trkpt>
   <trkpt lat="39.8134080" lon="-105.5171120">
    <ele>2619.5</ele>
    <time>2026-06-19T17:41:06Z</time>
   </trkpt>
   <trkpt lat="39.8134380" lon="-105.5171320">
    <ele>2619.8</ele>
    <time>2026-06-19T17:41:07Z</time>
   </trkpt>
   <trkpt lat="39.8134690" lon="-105.5171460">
    <ele>2620.1</ele>
    <time>2026-06-19T17:41:08Z</time>
   </trkpt>
   <trkpt lat="39.8135020" lon="-105.5171610">
    <ele>2620.4</ele>
    <time>2026-06-19T17:41:09Z</time>
   </trkpt>
   <trkpt lat="39.8135360" lon="-105.5171890">
    <ele>2620.7</ele>
    <time>2026-06-19T17:41:10Z</time>
   </trkpt>
   <trkpt lat="39.8135610" lon="-105.5172060">
    <ele>2620.9</ele>
    <time>2026-06-19T17:41:11Z</time>
   </trkpt>
   <trkpt lat="39.8135960" lon="-105.5172080">
    <ele>2621.6</ele>
    <time>2026-06-19T17:41:12Z</time>
   </trkpt>
   <trkpt lat="39.8136070" lon="-105.5172040">
    <ele>2621.8</ele>
    <time>2026-06-19T17:41:13Z</time>
   </trkpt>
   <trkpt lat="39.8136280" lon="-105.5172030">
    <ele>2622.5</ele>
    <time>2026-06-19T17:41:14Z</time>
   </trkpt>
   <trkpt lat="39.8136410" lon="-105.5172070">
    <ele>2622.8</ele>
    <time>2026-06-19T17:41:15Z</time>
   </trkpt>
   <trkpt lat="39.8136520" lon="-105.5172100">
    <ele>2623.4</ele>
    <time>2026-06-19T17:41:16Z</time>
   </trkpt>
   <trkpt lat="39.8136410" lon="-105.5172000">
    <ele>2623.9</ele>
    <time>2026-06-19T17:41:17Z</time>
   </trkpt>
   <trkpt lat="39.8136250" lon="-105.5171990">
    <ele>2624.2</ele>
    <time>2026-06-19T17:41:18Z</time>
   </trkpt>
   <trkpt lat="39.8136250" lon="-105.5172100">
    <ele>2623.8</ele>
    <time>2026-06-19T17:41:19Z</time>
   </trkpt>
   <trkpt lat="39.8136200" lon="-105.5172140">
    <ele>2624.1</ele>
    <time>2026-06-19T17:41:20Z</time>
   </trkpt>
   <trkpt lat="39.8136180" lon="-105.5172190">
    <ele>2624.3</ele>
    <time>2026-06-19T17:41:21Z</time>
   </trkpt>
   <trkpt lat="39.8136060" lon="-105.5172180">
    <ele>2624.4</ele>
    <time>2026-06-19T17:41:22Z</time>
   </trkpt>
   <trkpt lat="39.8135840" lon="-105.5172130">
    <ele>2624.5</ele>
    <time>2026-06-19T17:41:23Z</time>
   </trkpt>
   <trkpt lat="39.8135740" lon="-105.5172030">
    <ele>2624.5</ele>
    <time>2026-06-19T17:41:24Z</time>
   </trkpt>
   <trkpt lat="39.8135650" lon="-105.5171920">
    <ele>2624.5</ele>
    <time>2026-06-19T17:41:25Z</time>
   </trkpt>
   <trkpt lat="39.8135420" lon="-105.5171660">
    <ele>2624.7</ele>
    <time>2026-06-19T17:41:26Z</time>
   </trkpt>
   <trkpt lat="39.8135340" lon="-105.5171500">
    <ele>2624.7</ele>
    <time>2026-06-19T17:41:27Z</time>
   </trkpt>
   <trkpt lat="39.8135100" lon="-105.5171130">
    <ele>2624.9</ele>
    <time>2026-06-19T17:41:28Z</time>
   </trkpt>
   <trkpt lat="39.8135010" lon="-105.5171020">
    <ele>2624.9</ele>
    <time>2026-06-19T17:41:29Z</time>
   </trkpt>
   <trkpt lat="39.8134720" lon="-105.5170700">
    <ele>2625.1</ele>
    <time>2026-06-19T17:41:30Z</time>
   </trkpt>
   <trkpt lat="39.8134630" lon="-105.5170590">
    <ele>2625.2</ele>
    <time>2026-06-19T17:41:31Z</time>
   </trkpt>
   <trkpt lat="39.8134460" lon="-105.5170310">
    <ele>2625.3</ele>
    <time>2026-06-19T17:41:32Z</time>
   </trkpt>
   <trkpt lat="39.8134360" lon="-105.5169950">
    <ele>2625.5</ele>
    <time>2026-06-19T17:41:33Z</time>
   </trkpt>
   <trkpt lat="39.8134290" lon="-105.5169590">
    <ele>2625.7</ele>
    <time>2026-06-19T17:41:34Z</time>
   </trkpt>
   <trkpt lat="39.8134120" lon="-105.5169210">
    <ele>2625.9</ele>
    <time>2026-06-19T17:41:35Z</time>
   </trkpt>
   <trkpt lat="39.8133830" lon="-105.5168860">
    <ele>2626.1</ele>
    <time>2026-06-19T17:41:36Z</time>
   </trkpt>
   <trkpt lat="39.8133730" lon="-105.5168720">
    <ele>2626.1</ele>
    <time>2026-06-19T17:41:37Z</time>
   </trkpt>
   <trkpt lat="39.8133630" lon="-105.5168360">
    <ele>2626.3</ele>
    <time>2026-06-19T17:41:38Z</time>
   </trkpt>
   <trkpt lat="39.8133540" lon="-105.5167920">
    <ele>2626.5</ele>
    <time>2026-06-19T17:41:39Z</time>
   </trkpt>
   <trkpt lat="39.8133500" lon="-105.5167320">
    <ele>2626.7</ele>
    <time>2026-06-19T17:41:40Z</time>
   </trkpt>
   <trkpt lat="39.8133660" lon="-105.5166370">
    <ele>2627.1</ele>
    <time>2026-06-19T17:41:41Z</time>
   </trkpt>
   <trkpt lat="39.8133540" lon="-105.5165930">
    <ele>2627.3</ele>
    <time>2026-06-19T17:41:42Z</time>
   </trkpt>
   <trkpt lat="39.8133350" lon="-105.5165570">
    <ele>2627.5</ele>
    <time>2026-06-19T17:41:43Z</time>
   </trkpt>
   <trkpt lat="39.8133120" lon="-105.5165250">
    <ele>2627.7</ele>
    <time>2026-06-19T17:41:44Z</time>
   </trkpt>
   <trkpt lat="39.8132920" lon="-105.5164920">
    <ele>2627.9</ele>
    <time>2026-06-19T17:41:45Z</time>
   </trkpt>
   <trkpt lat="39.8132700" lon="-105.5164470">
    <ele>2628.1</ele>
    <time>2026-06-19T17:41:46Z</time>
   </trkpt>
   <trkpt lat="39.8132580" lon="-105.5164090">
    <ele>2628.3</ele>
    <time>2026-06-19T17:41:47Z</time>
   </trkpt>
   <trkpt lat="39.8132380" lon="-105.5163680">
    <ele>2628.5</ele>
    <time>2026-06-19T17:41:48Z</time>
   </trkpt>
   <trkpt lat="39.8132270" lon="-105.5163550">
    <ele>2628.6</ele>
    <time>2026-06-19T17:41:49Z</time>
   </trkpt>
   <trkpt lat="39.8132040" lon="-105.5163120">
    <ele>2628.9</ele>
    <time>2026-06-19T17:41:50Z</time>
   </trkpt>
   <trkpt lat="39.8131970" lon="-105.5162950">
    <ele>2629.0</ele>
    <time>2026-06-19T17:41:51Z</time>
   </trkpt>
   <trkpt lat="39.8131780" lon="-105.5162520">
    <ele>2629.2</ele>
    <time>2026-06-19T17:41:52Z</time>
   </trkpt>
   <trkpt lat="39.8131700" lon="-105.5162410">
    <ele>2629.3</ele>
    <time>2026-06-19T17:41:53Z</time>
   </trkpt>
   <trkpt lat="39.8131530" lon="-105.5161960">
    <ele>2629.5</ele>
    <time>2026-06-19T17:41:54Z</time>
   </trkpt>
   <trkpt lat="39.8131470" lon="-105.5161820">
    <ele>2629.6</ele>
    <time>2026-06-19T17:41:55Z</time>
   </trkpt>
   <trkpt lat="39.8131300" lon="-105.5161410">
    <ele>2629.8</ele>
    <time>2026-06-19T17:41:56Z</time>
   </trkpt>
   <trkpt lat="39.8131240" lon="-105.5161270">
    <ele>2629.8</ele>
    <time>2026-06-19T17:41:57Z</time>
   </trkpt>
   <trkpt lat="39.8131080" lon="-105.5160870">
    <ele>2630.0</ele>
    <time>2026-06-19T17:41:58Z</time>
   </trkpt>
   <trkpt lat="39.8131010" lon="-105.5160740">
    <ele>2630.1</ele>
    <time>2026-06-19T17:41:59Z</time>
   </trkpt>
   <trkpt lat="39.8130790" lon="-105.5160340">
    <ele>2630.3</ele>
    <time>2026-06-19T17:42:00Z</time>
   </trkpt>
   <trkpt lat="39.8130740" lon="-105.5160180">
    <ele>2630.4</ele>
    <time>2026-06-19T17:42:01Z</time>
   </trkpt>
   <trkpt lat="39.8130660" lon="-105.5159730">
    <ele>2630.6</ele>
    <time>2026-06-19T17:42:02Z</time>
   </trkpt>
   <trkpt lat="39.8130590" lon="-105.5159610">
    <ele>2630.7</ele>
    <time>2026-06-19T17:42:03Z</time>
   </trkpt>
   <trkpt lat="39.8130440" lon="-105.5159200">
    <ele>2631.0</ele>
    <time>2026-06-19T17:42:04Z</time>
   </trkpt>
   <trkpt lat="39.8130370" lon="-105.5159080">
    <ele>2631.1</ele>
    <time>2026-06-19T17:42:05Z</time>
   </trkpt>
   <trkpt lat="39.8130270" lon="-105.5158570">
    <ele>2631.4</ele>
    <time>2026-06-19T17:42:06Z</time>
   </trkpt>
   <trkpt lat="39.8130240" lon="-105.5158400">
    <ele>2631.5</ele>
    <time>2026-06-19T17:42:07Z</time>
   </trkpt>
   <trkpt lat="39.8130160" lon="-105.5157930">
    <ele>2631.9</ele>
    <time>2026-06-19T17:42:08Z</time>
   </trkpt>
   <trkpt lat="39.8130160" lon="-105.5157750">
    <ele>2632.0</ele>
    <time>2026-06-19T17:42:09Z</time>
   </trkpt>
   <trkpt lat="39.8130300" lon="-105.5157390">
    <ele>2632.3</ele>
    <time>2026-06-19T17:42:10Z</time>
   </trkpt>
   <trkpt lat="39.8130530" lon="-105.5157140">
    <ele>2632.5</ele>
    <time>2026-06-19T17:42:11Z</time>
   </trkpt>
   <trkpt lat="39.8130850" lon="-105.5157330">
    <ele>2632.8</ele>
    <time>2026-06-19T17:42:12Z</time>
   </trkpt>
   <trkpt lat="39.8130920" lon="-105.5157420">
    <ele>2632.9</ele>
    <time>2026-06-19T17:42:13Z</time>
   </trkpt>
   <trkpt lat="39.8131080" lon="-105.5157760">
    <ele>2633.1</ele>
    <time>2026-06-19T17:42:14Z</time>
   </trkpt>
   <trkpt lat="39.8131140" lon="-105.5157830">
    <ele>2633.1</ele>
    <time>2026-06-19T17:42:15Z</time>
   </trkpt>
   <trkpt lat="39.8131420" lon="-105.5157930">
    <ele>2633.3</ele>
    <time>2026-06-19T17:42:16Z</time>
   </trkpt>
   <trkpt lat="39.8131490" lon="-105.5157990">
    <ele>2633.4</ele>
    <time>2026-06-19T17:42:17Z</time>
   </trkpt>
   <trkpt lat="39.8131770" lon="-105.5158090">
    <ele>2633.6</ele>
    <time>2026-06-19T17:42:18Z</time>
   </trkpt>
   <trkpt lat="39.8131850" lon="-105.5158130">
    <ele>2633.6</ele>
    <time>2026-06-19T17:42:19Z</time>
   </trkpt>
   <trkpt lat="39.8132000" lon="-105.5158520">
    <ele>2633.8</ele>
    <time>2026-06-19T17:42:20Z</time>
   </trkpt>
   <trkpt lat="39.8132050" lon="-105.5158630">
    <ele>2633.9</ele>
    <time>2026-06-19T17:42:21Z</time>
   </trkpt>
   <trkpt lat="39.8132270" lon="-105.5158840">
    <ele>2634.1</ele>
    <time>2026-06-19T17:42:22Z</time>
   </trkpt>
   <trkpt lat="39.8132320" lon="-105.5158960">
    <ele>2634.2</ele>
    <time>2026-06-19T17:42:23Z</time>
   </trkpt>
   <trkpt lat="39.8132520" lon="-105.5159250">
    <ele>2634.4</ele>
    <time>2026-06-19T17:42:24Z</time>
   </trkpt>
   <trkpt lat="39.8132580" lon="-105.5159350">
    <ele>2634.4</ele>
    <time>2026-06-19T17:42:25Z</time>
   </trkpt>
   <trkpt lat="39.8132810" lon="-105.5159570">
    <ele>2634.6</ele>
    <time>2026-06-19T17:42:26Z</time>
   </trkpt>
   <trkpt lat="39.8132890" lon="-105.5159670">
    <ele>2634.7</ele>
    <time>2026-06-19T17:42:27Z</time>
   </trkpt>
   <trkpt lat="39.8133040" lon="-105.5159780">
    <ele>2634.8</ele>
    <time>2026-06-19T17:42:28Z</time>
   </trkpt>
   <trkpt lat="39.8133180" lon="-105.5159850">
    <ele>2634.9</ele>
    <time>2026-06-19T17:42:29Z</time>
   </trkpt>
   <trkpt lat="39.8133450" lon="-105.5160020">
    <ele>2635.1</ele>
    <time>2026-06-19T17:42:30Z</time>
   </trkpt>
   <trkpt lat="39.8133540" lon="-105.5160080">
    <ele>2635.1</ele>
    <time>2026-06-19T17:42:31Z</time>
   </trkpt>
   <trkpt lat="39.8133650" lon="-105.5160440">
    <ele>2635.3</ele>
    <time>2026-06-19T17:42:32Z</time>
   </trkpt>
   <trkpt lat="39.8133880" lon="-105.5160730">
    <ele>2635.5</ele>
    <time>2026-06-19T17:42:33Z</time>
   </trkpt>
   <trkpt lat="39.8133980" lon="-105.5160750">
    <ele>2635.5</ele>
    <time>2026-06-19T17:42:34Z</time>
   </trkpt>
   <trkpt lat="39.8134150" lon="-105.5161050">
    <ele>2635.7</ele>
    <time>2026-06-19T17:42:35Z</time>
   </trkpt>
   <trkpt lat="39.8134370" lon="-105.5161250">
    <ele>2635.8</ele>
    <time>2026-06-19T17:42:36Z</time>
   </trkpt>
   <trkpt lat="39.8134670" lon="-105.5161520">
    <ele>2636.0</ele>
    <time>2026-06-19T17:42:37Z</time>
   </trkpt>
   <trkpt lat="39.8134770" lon="-105.5161620">
    <ele>2636.1</ele>
    <time>2026-06-19T17:42:38Z</time>
   </trkpt>
   <trkpt lat="39.8135070" lon="-105.5161800">
    <ele>2636.3</ele>
    <time>2026-06-19T17:42:39Z</time>
   </trkpt>
   <trkpt lat="39.8135150" lon="-105.5161890">
    <ele>2636.4</ele>
    <time>2026-06-19T17:42:40Z</time>
   </trkpt>
   <trkpt lat="39.8135440" lon="-105.5162210">
    <ele>2636.7</ele>
    <time>2026-06-19T17:42:41Z</time>
   </trkpt>
   <trkpt lat="39.8135530" lon="-105.5162330">
    <ele>2636.8</ele>
    <time>2026-06-19T17:42:42Z</time>
   </trkpt>
   <trkpt lat="39.8135840" lon="-105.5162510">
    <ele>2637.0</ele>
    <time>2026-06-19T17:42:43Z</time>
   </trkpt>
   <trkpt lat="39.8135950" lon="-105.5162560">
    <ele>2637.1</ele>
    <time>2026-06-19T17:42:44Z</time>
   </trkpt>
   <trkpt lat="39.8136230" lon="-105.5162730">
    <ele>2637.4</ele>
    <time>2026-06-19T17:42:45Z</time>
   </trkpt>
   <trkpt lat="39.8136330" lon="-105.5162800">
    <ele>2637.5</ele>
    <time>2026-06-19T17:42:46Z</time>
   </trkpt>
   <trkpt lat="39.8136640" lon="-105.5162960">
    <ele>2637.7</ele>
    <time>2026-06-19T17:42:47Z</time>
   </trkpt>
   <trkpt lat="39.8136740" lon="-105.5163020">
    <ele>2637.8</ele>
    <time>2026-06-19T17:42:48Z</time>
   </trkpt>
   <trkpt lat="39.8137070" lon="-105.5163230">
    <ele>2638.1</ele>
    <time>2026-06-19T17:42:49Z</time>
   </trkpt>
   <trkpt lat="39.8137180" lon="-105.5163300">
    <ele>2638.2</ele>
    <time>2026-06-19T17:42:50Z</time>
   </trkpt>
   <trkpt lat="39.8137500" lon="-105.5163420">
    <ele>2638.5</ele>
    <time>2026-06-19T17:42:51Z</time>
   </trkpt>
   <trkpt lat="39.8137610" lon="-105.5163450">
    <ele>2638.6</ele>
    <time>2026-06-19T17:42:52Z</time>
   </trkpt>
   <trkpt lat="39.8137900" lon="-105.5163450">
    <ele>2638.8</ele>
    <time>2026-06-19T17:42:53Z</time>
   </trkpt>
   <trkpt lat="39.8137990" lon="-105.5163410">
    <ele>2638.9</ele>
    <time>2026-06-19T17:42:54Z</time>
   </trkpt>
   <trkpt lat="39.8138200" lon="-105.5163140">
    <ele>2639.2</ele>
    <time>2026-06-19T17:42:55Z</time>
   </trkpt>
   <trkpt lat="39.8138250" lon="-105.5163060">
    <ele>2639.3</ele>
    <time>2026-06-19T17:42:56Z</time>
   </trkpt>
   <trkpt lat="39.8138180" lon="-105.5162800">
    <ele>2639.4</ele>
    <time>2026-06-19T17:42:57Z</time>
   </trkpt>
   <trkpt lat="39.8137960" lon="-105.5162790">
    <ele>2639.6</ele>
    <time>2026-06-19T17:42:58Z</time>
   </trkpt>
   <trkpt lat="39.8137810" lon="-105.5162870">
    <ele>2639.8</ele>
    <time>2026-06-19T17:42:59Z</time>
   </trkpt>
   <trkpt lat="39.8137690" lon="-105.5162820">
    <ele>2639.9</ele>
    <time>2026-06-19T17:43:00Z</time>
   </trkpt>
   <trkpt lat="39.8137570" lon="-105.5162590">
    <ele>2640.0</ele>
    <time>2026-06-19T17:43:01Z</time>
   </trkpt>
   <trkpt lat="39.8137510" lon="-105.5162410">
    <ele>2640.2</ele>
    <time>2026-06-19T17:43:02Z</time>
   </trkpt>
   <trkpt lat="39.8137320" lon="-105.5162410">
    <ele>2640.3</ele>
    <time>2026-06-19T17:43:03Z</time>
   </trkpt>
   <trkpt lat="39.8137210" lon="-105.5162260">
    <ele>2640.4</ele>
    <time>2026-06-19T17:43:04Z</time>
   </trkpt>
   <trkpt lat="39.8136930" lon="-105.5162230">
    <ele>2640.5</ele>
    <time>2026-06-19T17:43:05Z</time>
   </trkpt>
   <trkpt lat="39.8136840" lon="-105.5162220">
    <ele>2640.6</ele>
    <time>2026-06-19T17:43:06Z</time>
   </trkpt>
   <trkpt lat="39.8136630" lon="-105.5161970">
    <ele>2640.7</ele>
    <time>2026-06-19T17:43:07Z</time>
   </trkpt>
   <trkpt lat="39.8136560" lon="-105.5161880">
    <ele>2640.8</ele>
    <time>2026-06-19T17:43:08Z</time>
   </trkpt>
   <trkpt lat="39.8136390" lon="-105.5161510">
    <ele>2641.0</ele>
    <time>2026-06-19T17:43:09Z</time>
   </trkpt>
   <trkpt lat="39.8136340" lon="-105.5161440">
    <ele>2641.0</ele>
    <time>2026-06-19T17:43:10Z</time>
   </trkpt>
   <trkpt lat="39.8136160" lon="-105.5161070">
    <ele>2641.2</ele>
    <time>2026-06-19T17:43:11Z</time>
   </trkpt>
   <trkpt lat="39.8136090" lon="-105.5161010">
    <ele>2641.2</ele>
    <time>2026-06-19T17:43:12Z</time>
   </trkpt>
   <trkpt lat="39.8135870" lon="-105.5160780">
    <ele>2641.3</ele>
    <time>2026-06-19T17:43:13Z</time>
   </trkpt>
   <trkpt lat="39.8135760" lon="-105.5160760">
    <ele>2641.4</ele>
    <time>2026-06-19T17:43:14Z</time>
   </trkpt>
   <trkpt lat="39.8135790" lon="-105.5160120">
    <ele>2641.7</ele>
    <time>2026-06-19T17:43:15Z</time>
   </trkpt>
   <trkpt lat="39.8135620" lon="-105.5159760">
    <ele>2641.8</ele>
    <time>2026-06-19T17:43:16Z</time>
   </trkpt>
   <trkpt lat="39.8135590" lon="-105.5159570">
    <ele>2641.9</ele>
    <time>2026-06-19T17:43:17Z</time>
   </trkpt>
   <trkpt lat="39.8135400" lon="-105.5159270">
    <ele>2642.1</ele>
    <time>2026-06-19T17:43:18Z</time>
   </trkpt>
   <trkpt lat="39.8135350" lon="-105.5159150">
    <ele>2642.1</ele>
    <time>2026-06-19T17:43:19Z</time>
   </trkpt>
   <trkpt lat="39.8135090" lon="-105.5158920">
    <ele>2642.3</ele>
    <time>2026-06-19T17:43:20Z</time>
   </trkpt>
   <trkpt lat="39.8134960" lon="-105.5158840">
    <ele>2642.4</ele>
    <time>2026-06-19T17:43:21Z</time>
   </trkpt>
   <trkpt lat="39.8134770" lon="-105.5158530">
    <ele>2642.5</ele>
    <time>2026-06-19T17:43:22Z</time>
   </trkpt>
   <trkpt lat="39.8134720" lon="-105.5158400">
    <ele>2642.6</ele>
    <time>2026-06-19T17:43:23Z</time>
   </trkpt>
   <trkpt lat="39.8134640" lon="-105.5157960">
    <ele>2642.8</ele>
    <time>2026-06-19T17:43:24Z</time>
   </trkpt>
   <trkpt lat="39.8134620" lon="-105.5157820">
    <ele>2642.9</ele>
    <time>2026-06-19T17:43:25Z</time>
   </trkpt>
   <trkpt lat="39.8134300" lon="-105.5157640">
    <ele>2643.1</ele>
    <time>2026-06-19T17:43:26Z</time>
   </trkpt>
   <trkpt lat="39.8134170" lon="-105.5157590">
    <ele>2643.2</ele>
    <time>2026-06-19T17:43:27Z</time>
   </trkpt>
   <trkpt lat="39.8134000" lon="-105.5157250">
    <ele>2643.4</ele>
    <time>2026-06-19T17:43:28Z</time>
   </trkpt>
   <trkpt lat="39.8133950" lon="-105.5157120">
    <ele>2643.5</ele>
    <time>2026-06-19T17:43:29Z</time>
   </trkpt>
   <trkpt lat="39.8134290" lon="-105.5156290">
    <ele>2643.9</ele>
    <time>2026-06-19T17:43:30Z</time>
   </trkpt>
   <trkpt lat="39.8134280" lon="-105.5155890">
    <ele>2644.1</ele>
    <time>2026-06-19T17:43:31Z</time>
   </trkpt>
   <trkpt lat="39.8134180" lon="-105.5155440">
    <ele>2644.4</ele>
    <time>2026-06-19T17:43:32Z</time>
   </trkpt>
   <trkpt lat="39.8134140" lon="-105.5155310">
    <ele>2644.4</ele>
    <time>2026-06-19T17:43:33Z</time>
   </trkpt>
   <trkpt lat="39.8134080" lon="-105.5154850">
    <ele>2644.7</ele>
    <time>2026-06-19T17:43:34Z</time>
   </trkpt>
   <trkpt lat="39.8134060" lon="-105.5154710">
    <ele>2644.8</ele>
    <time>2026-06-19T17:43:35Z</time>
   </trkpt>
   <trkpt lat="39.8133940" lon="-105.5154320">
    <ele>2645.0</ele>
    <time>2026-06-19T17:43:36Z</time>
   </trkpt>
   <trkpt lat="39.8133880" lon="-105.5154200">
    <ele>2645.1</ele>
    <time>2026-06-19T17:43:37Z</time>
   </trkpt>
   <trkpt lat="39.8133670" lon="-105.5153880">
    <ele>2645.3</ele>
    <time>2026-06-19T17:43:38Z</time>
   </trkpt>
   <trkpt lat="39.8133590" lon="-105.5153790">
    <ele>2645.4</ele>
    <time>2026-06-19T17:43:39Z</time>
   </trkpt>
   <trkpt lat="39.8133510" lon="-105.5153390">
    <ele>2645.6</ele>
    <time>2026-06-19T17:43:40Z</time>
   </trkpt>
   <trkpt lat="39.8133480" lon="-105.5153040">
    <ele>2645.7</ele>
    <time>2026-06-19T17:43:41Z</time>
   </trkpt>
   <trkpt lat="39.8133410" lon="-105.5152670">
    <ele>2645.9</ele>
    <time>2026-06-19T17:43:42Z</time>
   </trkpt>
   <trkpt lat="39.8133410" lon="-105.5152560">
    <ele>2646.0</ele>
    <time>2026-06-19T17:43:43Z</time>
   </trkpt>
   <trkpt lat="39.8133360" lon="-105.5152330">
    <ele>2646.1</ele>
    <time>2026-06-19T17:43:44Z</time>
   </trkpt>
   <trkpt lat="39.8133260" lon="-105.5152130">
    <ele>2646.2</ele>
    <time>2026-06-19T17:43:45Z</time>
   </trkpt>
   <trkpt lat="39.8133030" lon="-105.5151700">
    <ele>2646.5</ele>
    <time>2026-06-19T17:43:46Z</time>
   </trkpt>
   <trkpt lat="39.8132930" lon="-105.5151480">
    <ele>2646.6</ele>
    <time>2026-06-19T17:43:47Z</time>
   </trkpt>
   <trkpt lat="39.8132940" lon="-105.5151420">
    <ele>2646.7</ele>
    <time>2026-06-19T17:43:48Z</time>
   </trkpt>
   <trkpt lat="39.8132780" lon="-105.5151080">
    <ele>2646.9</ele>
    <time>2026-06-19T17:43:49Z</time>
   </trkpt>
   <trkpt lat="39.8132640" lon="-105.5150800">
    <ele>2647.1</ele>
    <time>2026-06-19T17:43:50Z</time>
   </trkpt>
   <trkpt lat="39.8132550" lon="-105.5150690">
    <ele>2647.1</ele>
    <time>2026-06-19T17:43:51Z</time>
   </trkpt>
   <trkpt lat="39.8132430" lon="-105.5150290">
    <ele>2647.4</ele>
    <time>2026-06-19T17:43:52Z</time>
   </trkpt>
   <trkpt lat="39.8132400" lon="-105.5150160">
    <ele>2647.4</ele>
    <time>2026-06-19T17:43:53Z</time>
   </trkpt>
   <trkpt lat="39.8132170" lon="-105.5149900">
    <ele>2647.6</ele>
    <time>2026-06-19T17:43:54Z</time>
   </trkpt>
   <trkpt lat="39.8132060" lon="-105.5149850">
    <ele>2647.7</ele>
    <time>2026-06-19T17:43:55Z</time>
   </trkpt>
   <trkpt lat="39.8131930" lon="-105.5149530">
    <ele>2647.9</ele>
    <time>2026-06-19T17:43:56Z</time>
   </trkpt>
   <trkpt lat="39.8131870" lon="-105.5149430">
    <ele>2648.0</ele>
    <time>2026-06-19T17:43:57Z</time>
   </trkpt>
   <trkpt lat="39.8131790" lon="-105.5148990">
    <ele>2648.2</ele>
    <time>2026-06-19T17:43:58Z</time>
   </trkpt>
   <trkpt lat="39.8131800" lon="-105.5148800">
    <ele>2648.4</ele>
    <time>2026-06-19T17:43:59Z</time>
   </trkpt>
   <trkpt lat="39.8131940" lon="-105.5148450">
    <ele>2648.6</ele>
    <time>2026-06-19T17:44:00Z</time>
   </trkpt>
   <trkpt lat="39.8132290" lon="-105.5148320">
    <ele>2648.9</ele>
    <time>2026-06-19T17:44:01Z</time>
   </trkpt>
   <trkpt lat="39.8132390" lon="-105.5148330">
    <ele>2649.0</ele>
    <time>2026-06-19T17:44:02Z</time>
   </trkpt>
   <trkpt lat="39.8132610" lon="-105.5148550">
    <ele>2649.3</ele>
    <time>2026-06-19T17:44:03Z</time>
   </trkpt>
   <trkpt lat="39.8132660" lon="-105.5148660">
    <ele>2649.4</ele>
    <time>2026-06-19T17:44:04Z</time>
   </trkpt>
   <trkpt lat="39.8132960" lon="-105.5148810">
    <ele>2649.6</ele>
    <time>2026-06-19T17:44:05Z</time>
   </trkpt>
   <trkpt lat="39.8133040" lon="-105.5148820">
    <ele>2649.7</ele>
    <time>2026-06-19T17:44:06Z</time>
   </trkpt>
   <trkpt lat="39.8133210" lon="-105.5148920">
    <ele>2649.9</ele>
    <time>2026-06-19T17:44:07Z</time>
   </trkpt>
   <trkpt lat="39.8133290" lon="-105.5148890">
    <ele>2649.9</ele>
    <time>2026-06-19T17:44:08Z</time>
   </trkpt>
   <trkpt lat="39.8133480" lon="-105.5148990">
    <ele>2650.1</ele>
    <time>2026-06-19T17:44:09Z</time>
   </trkpt>
   <trkpt lat="39.8133590" lon="-105.5149030">
    <ele>2650.2</ele>
    <time>2026-06-19T17:44:10Z</time>
   </trkpt>
   <trkpt lat="39.8133690" lon="-105.5149070">
    <ele>2650.3</ele>
    <time>2026-06-19T17:44:11Z</time>
   </trkpt>
   <trkpt lat="39.8133860" lon="-105.5149430">
    <ele>2650.5</ele>
    <time>2026-06-19T17:44:12Z</time>
   </trkpt>
   <trkpt lat="39.8134040" lon="-105.5149690">
    <ele>2650.7</ele>
    <time>2026-06-19T17:44:13Z</time>
   </trkpt>
   <trkpt lat="39.8134120" lon="-105.5149830">
    <ele>2650.8</ele>
    <time>2026-06-19T17:44:14Z</time>
   </trkpt>
   <trkpt lat="39.8134210" lon="-105.5149970">
    <ele>2651.0</ele>
    <time>2026-06-19T17:44:15Z</time>
   </trkpt>
   <trkpt lat="39.8134420" lon="-105.5150040">
    <ele>2651.1</ele>
    <time>2026-06-19T17:44:16Z</time>
   </trkpt>
   <trkpt lat="39.8134720" lon="-105.5150430">
    <ele>2651.4</ele>
    <time>2026-06-19T17:44:17Z</time>
   </trkpt>
   <trkpt lat="39.8134840" lon="-105.5150560">
    <ele>2651.5</ele>
    <time>2026-06-19T17:44:18Z</time>
   </trkpt>
   <trkpt lat="39.8134940" lon="-105.5150930">
    <ele>2651.8</ele>
    <time>2026-06-19T17:44:19Z</time>
   </trkpt>
   <trkpt lat="39.8135090" lon="-105.5151320">
    <ele>2652.0</ele>
    <time>2026-06-19T17:44:20Z</time>
   </trkpt>
   <trkpt lat="39.8135380" lon="-105.5151630">
    <ele>2652.3</ele>
    <time>2026-06-19T17:44:21Z</time>
   </trkpt>
   <trkpt lat="39.8135480" lon="-105.5151740">
    <ele>2652.4</ele>
    <time>2026-06-19T17:44:22Z</time>
   </trkpt>
   <trkpt lat="39.8135650" lon="-105.5152140">
    <ele>2652.6</ele>
    <time>2026-06-19T17:44:23Z</time>
   </trkpt>
   <trkpt lat="39.8135850" lon="-105.5152460">
    <ele>2652.8</ele>
    <time>2026-06-19T17:44:24Z</time>
   </trkpt>
   <trkpt lat="39.8135910" lon="-105.5152630">
    <ele>2652.9</ele>
    <time>2026-06-19T17:44:25Z</time>
   </trkpt>
   <trkpt lat="39.8136160" lon="-105.5152920">
    <ele>2653.2</ele>
    <time>2026-06-19T17:44:26Z</time>
   </trkpt>
   <trkpt lat="39.8136250" lon="-105.5153020">
    <ele>2653.3</ele>
    <time>2026-06-19T17:44:27Z</time>
   </trkpt>
   <trkpt lat="39.8136480" lon="-105.5153400">
    <ele>2653.6</ele>
    <time>2026-06-19T17:44:28Z</time>
   </trkpt>
   <trkpt lat="39.8136550" lon="-105.5153530">
    <ele>2653.7</ele>
    <time>2026-06-19T17:44:29Z</time>
   </trkpt>
   <trkpt lat="39.8136810" lon="-105.5153840">
    <ele>2653.9</ele>
    <time>2026-06-19T17:44:30Z</time>
   </trkpt>
   <trkpt lat="39.8136900" lon="-105.5153940">
    <ele>2654.0</ele>
    <time>2026-06-19T17:44:31Z</time>
   </trkpt>
   <trkpt lat="39.8137120" lon="-105.5154300">
    <ele>2654.2</ele>
    <time>2026-06-19T17:44:32Z</time>
   </trkpt>
   <trkpt lat="39.8137160" lon="-105.5154410">
    <ele>2654.3</ele>
    <time>2026-06-19T17:44:33Z</time>
   </trkpt>
   <trkpt lat="39.8137280" lon="-105.5154750">
    <ele>2654.5</ele>
    <time>2026-06-19T17:44:34Z</time>
   </trkpt>
   <trkpt lat="39.8137420" lon="-105.5155060">
    <ele>2654.6</ele>
    <time>2026-06-19T17:44:35Z</time>
   </trkpt>
   <trkpt lat="39.8137480" lon="-105.5155200">
    <ele>2654.7</ele>
    <time>2026-06-19T17:44:36Z</time>
   </trkpt>
   <trkpt lat="39.8137730" lon="-105.5155430">
    <ele>2654.8</ele>
    <time>2026-06-19T17:44:37Z</time>
   </trkpt>
   <trkpt lat="39.8137940" lon="-105.5155660">
    <ele>2655.0</ele>
    <time>2026-06-19T17:44:38Z</time>
   </trkpt>
   <trkpt lat="39.8138180" lon="-105.5155890">
    <ele>2655.2</ele>
    <time>2026-06-19T17:44:39Z</time>
   </trkpt>
   <trkpt lat="39.8138430" lon="-105.5156060">
    <ele>2655.3</ele>
    <time>2026-06-19T17:44:40Z</time>
   </trkpt>
   <trkpt lat="39.8138520" lon="-105.5156120">
    <ele>2655.4</ele>
    <time>2026-06-19T17:44:41Z</time>
   </trkpt>
   <trkpt lat="39.8138710" lon="-105.5156480">
    <ele>2655.7</ele>
    <time>2026-06-19T17:44:42Z</time>
   </trkpt>
   <trkpt lat="39.8138780" lon="-105.5156580">
    <ele>2655.7</ele>
    <time>2026-06-19T17:44:43Z</time>
   </trkpt>
   <trkpt lat="39.8138910" lon="-105.5156720">
    <ele>2655.9</ele>
    <time>2026-06-19T17:44:44Z</time>
   </trkpt>
   <trkpt lat="39.8139100" lon="-105.5156800">
    <ele>2656.1</ele>
    <time>2026-06-19T17:44:45Z</time>
   </trkpt>
   <trkpt lat="39.8139370" lon="-105.5156500">
    <ele>2656.4</ele>
    <time>2026-06-19T17:44:46Z</time>
   </trkpt>
   <trkpt lat="39.8139400" lon="-105.5156330">
    <ele>2656.5</ele>
    <time>2026-06-19T17:44:47Z</time>
   </trkpt>
   <trkpt lat="39.8139210" lon="-105.5155990">
    <ele>2656.8</ele>
    <time>2026-06-19T17:44:48Z</time>
   </trkpt>
   <trkpt lat="39.8139090" lon="-105.5155910">
    <ele>2657.0</ele>
    <time>2026-06-19T17:44:49Z</time>
   </trkpt>
   <trkpt lat="39.8138910" lon="-105.5155820">
    <ele>2657.2</ele>
    <time>2026-06-19T17:44:50Z</time>
   </trkpt>
   <trkpt lat="39.8138860" lon="-105.5155670">
    <ele>2657.3</ele>
    <time>2026-06-19T17:44:51Z</time>
   </trkpt>
   <trkpt lat="39.8138800" lon="-105.5155320">
    <ele>2657.5</ele>
    <time>2026-06-19T17:44:52Z</time>
   </trkpt>
   <trkpt lat="39.8138770" lon="-105.5155190">
    <ele>2657.6</ele>
    <time>2026-06-19T17:44:53Z</time>
   </trkpt>
   <trkpt lat="39.8138730" lon="-105.5155070">
    <ele>2657.7</ele>
    <time>2026-06-19T17:44:54Z</time>
   </trkpt>
   <trkpt lat="39.8138610" lon="-105.5155000">
    <ele>2657.8</ele>
    <time>2026-06-19T17:44:55Z</time>
   </trkpt>
   <trkpt lat="39.8138540" lon="-105.5154780">
    <ele>2658.0</ele>
    <time>2026-06-19T17:44:56Z</time>
   </trkpt>
   <trkpt lat="39.8138420" lon="-105.5154450">
    <ele>2658.2</ele>
    <time>2026-06-19T17:44:57Z</time>
   </trkpt>
   <trkpt lat="39.8138370" lon="-105.5154330">
    <ele>2658.3</ele>
    <time>2026-06-19T17:44:58Z</time>
   </trkpt>
   <trkpt lat="39.8138320" lon="-105.5153970">
    <ele>2658.5</ele>
    <time>2026-06-19T17:44:59Z</time>
   </trkpt>
   <trkpt lat="39.8138310" lon="-105.5153860">
    <ele>2658.6</ele>
    <time>2026-06-19T17:45:00Z</time>
   </trkpt>
   <trkpt lat="39.8138230" lon="-105.5153670">
    <ele>2658.7</ele>
    <time>2026-06-19T17:45:01Z</time>
   </trkpt>
   <trkpt lat="39.8138170" lon="-105.5153460">
    <ele>2658.8</ele>
    <time>2026-06-19T17:45:02Z</time>
   </trkpt>
   <trkpt lat="39.8138060" lon="-105.5153090">
    <ele>2659.0</ele>
    <time>2026-06-19T17:45:03Z</time>
   </trkpt>
   <trkpt lat="39.8138020" lon="-105.5152970">
    <ele>2659.1</ele>
    <time>2026-06-19T17:45:04Z</time>
   </trkpt>
   <trkpt lat="39.8137940" lon="-105.5152780">
    <ele>2659.2</ele>
    <time>2026-06-19T17:45:05Z</time>
   </trkpt>
   <trkpt lat="39.8137930" lon="-105.5152570">
    <ele>2659.3</ele>
    <time>2026-06-19T17:45:06Z</time>
   </trkpt>
   <trkpt lat="39.8137850" lon="-105.5152350">
    <ele>2659.5</ele>
    <time>2026-06-19T17:45:07Z</time>
   </trkpt>
   <trkpt lat="39.8137800" lon="-105.5152140">
    <ele>2659.6</ele>
    <time>2026-06-19T17:45:08Z</time>
   </trkpt>
   <trkpt lat="39.8137660" lon="-105.5151790">
    <ele>2659.8</ele>
    <time>2026-06-19T17:45:09Z</time>
   </trkpt>
   <trkpt lat="39.8137630" lon="-105.5151660">
    <ele>2659.9</ele>
    <time>2026-06-19T17:45:10Z</time>
   </trkpt>
   <trkpt lat="39.8137540" lon="-105.5151240">
    <ele>2660.1</ele>
    <time>2026-06-19T17:45:11Z</time>
   </trkpt>
   <trkpt lat="39.8137520" lon="-105.5151100">
    <ele>2660.1</ele>
    <time>2026-06-19T17:45:12Z</time>
   </trkpt>
   <trkpt lat="39.8137450" lon="-105.5150720">
    <ele>2660.3</ele>
    <time>2026-06-19T17:45:13Z</time>
   </trkpt>
   <trkpt lat="39.8137420" lon="-105.5150610">
    <ele>2660.3</ele>
    <time>2026-06-19T17:45:14Z</time>
   </trkpt>
   <trkpt lat="39.8137380" lon="-105.5150230">
    <ele>2660.4</ele>
    <time>2026-06-19T17:45:15Z</time>
   </trkpt>
   <trkpt lat="39.8137330" lon="-105.5150130">
    <ele>2660.5</ele>
    <time>2026-06-19T17:45:16Z</time>
   </trkpt>
   <trkpt lat="39.8137280" lon="-105.5149910">
    <ele>2660.6</ele>
    <time>2026-06-19T17:45:17Z</time>
   </trkpt>
   <trkpt lat="39.8137230" lon="-105.5149720">
    <ele>2660.7</ele>
    <time>2026-06-19T17:45:18Z</time>
   </trkpt>
   <trkpt lat="39.8137140" lon="-105.5149480">
    <ele>2660.8</ele>
    <time>2026-06-19T17:45:19Z</time>
   </trkpt>
   <trkpt lat="39.8137010" lon="-105.5149340">
    <ele>2660.9</ele>
    <time>2026-06-19T17:45:20Z</time>
   </trkpt>
   <trkpt lat="39.8136730" lon="-105.5149110">
    <ele>2661.0</ele>
    <time>2026-06-19T17:45:21Z</time>
   </trkpt>
   <trkpt lat="39.8136690" lon="-105.5149000">
    <ele>2661.1</ele>
    <time>2026-06-19T17:45:22Z</time>
   </trkpt>
   <trkpt lat="39.8136540" lon="-105.5148620">
    <ele>2661.3</ele>
    <time>2026-06-19T17:45:23Z</time>
   </trkpt>
   <trkpt lat="39.8136530" lon="-105.5148530">
    <ele>2661.3</ele>
    <time>2026-06-19T17:45:24Z</time>
   </trkpt>
   <trkpt lat="39.8136560" lon="-105.5148160">
    <ele>2661.4</ele>
    <time>2026-06-19T17:45:25Z</time>
   </trkpt>
   <trkpt lat="39.8136440" lon="-105.5147850">
    <ele>2661.6</ele>
    <time>2026-06-19T17:45:26Z</time>
   </trkpt>
   <trkpt lat="39.8136390" lon="-105.5147730">
    <ele>2661.6</ele>
    <time>2026-06-19T17:45:27Z</time>
   </trkpt>
   <trkpt lat="39.8136440" lon="-105.5147370">
    <ele>2661.7</ele>
    <time>2026-06-19T17:45:28Z</time>
   </trkpt>
   <trkpt lat="39.8136260" lon="-105.5147020">
    <ele>2661.9</ele>
    <time>2026-06-19T17:45:29Z</time>
   </trkpt>
   <trkpt lat="39.8136170" lon="-105.5146680">
    <ele>2662.0</ele>
    <time>2026-06-19T17:45:30Z</time>
   </trkpt>
   <trkpt lat="39.8136110" lon="-105.5146550">
    <ele>2662.0</ele>
    <time>2026-06-19T17:45:31Z</time>
   </trkpt>
   <trkpt lat="39.8136010" lon="-105.5146220">
    <ele>2662.1</ele>
    <time>2026-06-19T17:45:32Z</time>
   </trkpt>
   <trkpt lat="39.8135950" lon="-105.5146060">
    <ele>2662.2</ele>
    <time>2026-06-19T17:45:33Z</time>
   </trkpt>
   <trkpt lat="39.8135740" lon="-105.5145760">
    <ele>2662.3</ele>
    <time>2026-06-19T17:45:34Z</time>
   </trkpt>
   <trkpt lat="39.8135660" lon="-105.5145600">
    <ele>2662.4</ele>
    <time>2026-06-19T17:45:35Z</time>
   </trkpt>
   <trkpt lat="39.8135550" lon="-105.5145240">
    <ele>2662.5</ele>
    <time>2026-06-19T17:45:36Z</time>
   </trkpt>
   <trkpt lat="39.8135480" lon="-105.5145120">
    <ele>2662.5</ele>
    <time>2026-06-19T17:45:37Z</time>
   </trkpt>
   <trkpt lat="39.8135390" lon="-105.5144790">
    <ele>2662.6</ele>
    <time>2026-06-19T17:45:38Z</time>
   </trkpt>
   <trkpt lat="39.8135350" lon="-105.5144280">
    <ele>2662.8</ele>
    <time>2026-06-19T17:45:39Z</time>
   </trkpt>
   <trkpt lat="39.8135330" lon="-105.5144110">
    <ele>2662.9</ele>
    <time>2026-06-19T17:45:40Z</time>
   </trkpt>
   <trkpt lat="39.8135270" lon="-105.5143720">
    <ele>2663.1</ele>
    <time>2026-06-19T17:45:41Z</time>
   </trkpt>
   <trkpt lat="39.8135220" lon="-105.5143610">
    <ele>2663.1</ele>
    <time>2026-06-19T17:45:42Z</time>
   </trkpt>
   <trkpt lat="39.8135080" lon="-105.5143410">
    <ele>2663.3</ele>
    <time>2026-06-19T17:45:43Z</time>
   </trkpt>
   <trkpt lat="39.8135040" lon="-105.5143070">
    <ele>2663.4</ele>
    <time>2026-06-19T17:45:44Z</time>
   </trkpt>
   <trkpt lat="39.8135120" lon="-105.5142840">
    <ele>2663.6</ele>
    <time>2026-06-19T17:45:45Z</time>
   </trkpt>
   <trkpt lat="39.8135190" lon="-105.5142600">
    <ele>2663.8</ele>
    <time>2026-06-19T17:45:46Z</time>
   </trkpt>
   <trkpt lat="39.8135310" lon="-105.5142340">
    <ele>2664.0</ele>
    <time>2026-06-19T17:45:47Z</time>
   </trkpt>
   <trkpt lat="39.8135390" lon="-105.5142370">
    <ele>2664.1</ele>
    <time>2026-06-19T17:45:48Z</time>
   </trkpt>
   <trkpt lat="39.8135410" lon="-105.5142250">
    <ele>2664.2</ele>
    <time>2026-06-19T17:45:49Z</time>
   </trkpt>
   <trkpt lat="39.8135480" lon="-105.5142080">
    <ele>2664.4</ele>
    <time>2026-06-19T17:45:50Z</time>
   </trkpt>
   <trkpt lat="39.8135570" lon="-105.5141960">
    <ele>2664.5</ele>
    <time>2026-06-19T17:45:51Z</time>
   </trkpt>
   <trkpt lat="39.8135580" lon="-105.5141820">
    <ele>2664.6</ele>
    <time>2026-06-19T17:45:52Z</time>
   </trkpt>
   <trkpt lat="39.8135610" lon="-105.5141840">
    <ele>2664.7</ele>
    <time>2026-06-19T17:45:53Z</time>
   </trkpt>
   <trkpt lat="39.8135610" lon="-105.5141820">
    <ele>2664.7</ele>
    <time>2026-06-19T17:45:54Z</time>
   </trkpt>
   <trkpt lat="39.8135680" lon="-105.5141840">
    <ele>2664.8</ele>
    <time>2026-06-19T17:45:55Z</time>
   </trkpt>
   <trkpt lat="39.8135730" lon="-105.5141880">
    <ele>2664.8</ele>
    <time>2026-06-19T17:45:56Z</time>
   </trkpt>
   <trkpt lat="39.8135830" lon="-105.5142130">
    <ele>2665.1</ele>
    <time>2026-06-19T17:45:57Z</time>
   </trkpt>
   <trkpt lat="39.8135950" lon="-105.5142380">
    <ele>2665.3</ele>
    <time>2026-06-19T17:45:58Z</time>
   </trkpt>
   <trkpt lat="39.8136030" lon="-105.5142450">
    <ele>2665.4</ele>
    <time>2026-06-19T17:45:59Z</time>
   </trkpt>
   <trkpt lat="39.8136120" lon="-105.5142510">
    <ele>2665.6</ele>
    <time>2026-06-19T17:46:00Z</time>
   </trkpt>
   <trkpt lat="39.8136440" lon="-105.5142610">
    <ele>2665.9</ele>
    <time>2026-06-19T17:46:01Z</time>
   </trkpt>
   <trkpt lat="39.8136550" lon="-105.5142710">
    <ele>2666.0</ele>
    <time>2026-06-19T17:46:02Z</time>
   </trkpt>
   <trkpt lat="39.8136700" lon="-105.5142930">
    <ele>2666.1</ele>
    <time>2026-06-19T17:46:03Z</time>
   </trkpt>
   <trkpt lat="39.8136800" lon="-105.5143010">
    <ele>2666.2</ele>
    <time>2026-06-19T17:46:04Z</time>
   </trkpt>
   <trkpt lat="39.8136890" lon="-105.5143100">
    <ele>2666.3</ele>
    <time>2026-06-19T17:46:05Z</time>
   </trkpt>
   <trkpt lat="39.8136930" lon="-105.5143390">
    <ele>2666.4</ele>
    <time>2026-06-19T17:46:06Z</time>
   </trkpt>
   <trkpt lat="39.8136990" lon="-105.5143510">
    <ele>2666.5</ele>
    <time>2026-06-19T17:46:07Z</time>
   </trkpt>
   <trkpt lat="39.8137300" lon="-105.5143910">
    <ele>2666.8</ele>
    <time>2026-06-19T17:46:08Z</time>
   </trkpt>
   <trkpt lat="39.8137390" lon="-105.5144150">
    <ele>2666.9</ele>
    <time>2026-06-19T17:46:09Z</time>
   </trkpt>
   <trkpt lat="39.8137490" lon="-105.5144250">
    <ele>2667.0</ele>
    <time>2026-06-19T17:46:10Z</time>
   </trkpt>
   <trkpt lat="39.8137600" lon="-105.5144360">
    <ele>2667.0</ele>
    <time>2026-06-19T17:46:11Z</time>
   </trkpt>
   <trkpt lat="39.8137760" lon="-105.5144710">
    <ele>2667.2</ele>
    <time>2026-06-19T17:46:12Z</time>
   </trkpt>
   <trkpt lat="39.8137850" lon="-105.5144870">
    <ele>2667.3</ele>
    <time>2026-06-19T17:46:13Z</time>
   </trkpt>
   <trkpt lat="39.8138040" lon="-105.5145140">
    <ele>2667.5</ele>
    <time>2026-06-19T17:46:14Z</time>
   </trkpt>
   <trkpt lat="39.8138130" lon="-105.5145290">
    <ele>2667.6</ele>
    <time>2026-06-19T17:46:15Z</time>
   </trkpt>
   <trkpt lat="39.8138300" lon="-105.5145560">
    <ele>2667.8</ele>
    <time>2026-06-19T17:46:16Z</time>
   </trkpt>
   <trkpt lat="39.8138510" lon="-105.5145850">
    <ele>2668.0</ele>
    <time>2026-06-19T17:46:17Z</time>
   </trkpt>
   <trkpt lat="39.8138600" lon="-105.5145970">
    <ele>2668.1</ele>
    <time>2026-06-19T17:46:18Z</time>
   </trkpt>
   <trkpt lat="39.8138840" lon="-105.5146370">
    <ele>2668.3</ele>
    <time>2026-06-19T17:46:19Z</time>
   </trkpt>
   <trkpt lat="39.8138930" lon="-105.5146500">
    <ele>2668.4</ele>
    <time>2026-06-19T17:46:20Z</time>
   </trkpt>
   <trkpt lat="39.8139150" lon="-105.5146890">
    <ele>2668.6</ele>
    <time>2026-06-19T17:46:21Z</time>
   </trkpt>
   <trkpt lat="39.8139220" lon="-105.5147040">
    <ele>2668.7</ele>
    <time>2026-06-19T17:46:22Z</time>
   </trkpt>
   <trkpt lat="39.8139520" lon="-105.5147640">
    <ele>2669.0</ele>
    <time>2026-06-19T17:46:23Z</time>
   </trkpt>
   <trkpt lat="39.8139730" lon="-105.5147990">
    <ele>2669.2</ele>
    <time>2026-06-19T17:46:24Z</time>
   </trkpt>
   <trkpt lat="39.8139800" lon="-105.5148110">
    <ele>2669.3</ele>
    <time>2026-06-19T17:46:25Z</time>
   </trkpt>
   <trkpt lat="39.8139980" lon="-105.5148580">
    <ele>2669.5</ele>
    <time>2026-06-19T17:46:26Z</time>
   </trkpt>
   <trkpt lat="39.8140060" lon="-105.5148800">
    <ele>2669.7</ele>
    <time>2026-06-19T17:46:27Z</time>
   </trkpt>
   <trkpt lat="39.8140310" lon="-105.5149040">
    <ele>2669.9</ele>
    <time>2026-06-19T17:46:28Z</time>
   </trkpt>
   <trkpt lat="39.8140460" lon="-105.5149200">
    <ele>2670.0</ele>
    <time>2026-06-19T17:46:29Z</time>
   </trkpt>
   <trkpt lat="39.8140590" lon="-105.5149460">
    <ele>2670.1</ele>
    <time>2026-06-19T17:46:30Z</time>
   </trkpt>
   <trkpt lat="39.8140700" lon="-105.5149630">
    <ele>2670.2</ele>
    <time>2026-06-19T17:46:31Z</time>
   </trkpt>
   <trkpt lat="39.8140810" lon="-105.5149990">
    <ele>2670.4</ele>
    <time>2026-06-19T17:46:32Z</time>
   </trkpt>
   <trkpt lat="39.8140870" lon="-105.5150110">
    <ele>2670.5</ele>
    <time>2026-06-19T17:46:33Z</time>
   </trkpt>
   <trkpt lat="39.8141150" lon="-105.5150380">
    <ele>2670.6</ele>
    <time>2026-06-19T17:46:34Z</time>
   </trkpt>
   <trkpt lat="39.8141220" lon="-105.5150480">
    <ele>2670.7</ele>
    <time>2026-06-19T17:46:35Z</time>
   </trkpt>
   <trkpt lat="39.8141430" lon="-105.5150770">
    <ele>2670.8</ele>
    <time>2026-06-19T17:46:36Z</time>
   </trkpt>
   <trkpt lat="39.8141660" lon="-105.5151130">
    <ele>2670.9</ele>
    <time>2026-06-19T17:46:37Z</time>
   </trkpt>
   <trkpt lat="39.8141750" lon="-105.5151230">
    <ele>2671.0</ele>
    <time>2026-06-19T17:46:38Z</time>
   </trkpt>
   <trkpt lat="39.8142060" lon="-105.5151370">
    <ele>2671.2</ele>
    <time>2026-06-19T17:46:39Z</time>
   </trkpt>
   <trkpt lat="39.8142200" lon="-105.5151420">
    <ele>2671.3</ele>
    <time>2026-06-19T17:46:40Z</time>
   </trkpt>
   <trkpt lat="39.8142490" lon="-105.5151550">
    <ele>2671.5</ele>
    <time>2026-06-19T17:46:41Z</time>
   </trkpt>
   <trkpt lat="39.8142660" lon="-105.5151590">
    <ele>2671.6</ele>
    <time>2026-06-19T17:46:42Z</time>
   </trkpt>
   <trkpt lat="39.8142740" lon="-105.5151640">
    <ele>2671.6</ele>
    <time>2026-06-19T17:46:43Z</time>
   </trkpt>
   <trkpt lat="39.8142940" lon="-105.5151660">
    <ele>2671.8</ele>
    <time>2026-06-19T17:46:44Z</time>
   </trkpt>
   <trkpt lat="39.8143280" lon="-105.5151770">
    <ele>2672.0</ele>
    <time>2026-06-19T17:46:45Z</time>
   </trkpt>
   <trkpt lat="39.8143370" lon="-105.5151760">
    <ele>2672.0</ele>
    <time>2026-06-19T17:46:46Z</time>
   </trkpt>
   <trkpt lat="39.8143670" lon="-105.5151930">
    <ele>2672.2</ele>
    <time>2026-06-19T17:46:47Z</time>
   </trkpt>
   <trkpt lat="39.8143990" lon="-105.5152780">
    <ele>2672.6</ele>
    <time>2026-06-19T17:46:48Z</time>
   </trkpt>
   <trkpt lat="39.8144330" lon="-105.5152920">
    <ele>2672.8</ele>
    <time>2026-06-19T17:46:49Z</time>
   </trkpt>
   <trkpt lat="39.8144460" lon="-105.5152960">
    <ele>2672.9</ele>
    <time>2026-06-19T17:46:50Z</time>
   </trkpt>
   <trkpt lat="39.8144770" lon="-105.5152990">
    <ele>2673.0</ele>
    <time>2026-06-19T17:46:51Z</time>
   </trkpt>
   <trkpt lat="39.8144860" lon="-105.5153020">
    <ele>2673.1</ele>
    <time>2026-06-19T17:46:52Z</time>
   </trkpt>
   <trkpt lat="39.8145160" lon="-105.5153090">
    <ele>2673.2</ele>
    <time>2026-06-19T17:46:53Z</time>
   </trkpt>
   <trkpt lat="39.8145480" lon="-105.5153190">
    <ele>2673.4</ele>
    <time>2026-06-19T17:46:54Z</time>
   </trkpt>
   <trkpt lat="39.8145610" lon="-105.5153230">
    <ele>2673.5</ele>
    <time>2026-06-19T17:46:55Z</time>
   </trkpt>
   <trkpt lat="39.8145980" lon="-105.5153280">
    <ele>2673.8</ele>
    <time>2026-06-19T17:46:56Z</time>
   </trkpt>
   <trkpt lat="39.8146110" lon="-105.5153290">
    <ele>2673.9</ele>
    <time>2026-06-19T17:46:57Z</time>
   </trkpt>
   <trkpt lat="39.8146420" lon="-105.5153300">
    <ele>2674.1</ele>
    <time>2026-06-19T17:46:58Z</time>
   </trkpt>
   <trkpt lat="39.8146520" lon="-105.5153290">
    <ele>2674.2</ele>
    <time>2026-06-19T17:46:59Z</time>
   </trkpt>
   <trkpt lat="39.8146800" lon="-105.5153330">
    <ele>2674.4</ele>
    <time>2026-06-19T17:47:00Z</time>
   </trkpt>
   <trkpt lat="39.8146900" lon="-105.5153350">
    <ele>2674.5</ele>
    <time>2026-06-19T17:47:01Z</time>
   </trkpt>
   <trkpt lat="39.8147200" lon="-105.5153390">
    <ele>2674.7</ele>
    <time>2026-06-19T17:47:02Z</time>
   </trkpt>
   <trkpt lat="39.8147310" lon="-105.5153390">
    <ele>2674.8</ele>
    <time>2026-06-19T17:47:03Z</time>
   </trkpt>
   <trkpt lat="39.8147600" lon="-105.5153400">
    <ele>2675.0</ele>
    <time>2026-06-19T17:47:04Z</time>
   </trkpt>
   <trkpt lat="39.8147700" lon="-105.5153390">
    <ele>2675.1</ele>
    <time>2026-06-19T17:47:05Z</time>
   </trkpt>
   <trkpt lat="39.8148000" lon="-105.5153390">
    <ele>2675.3</ele>
    <time>2026-06-19T17:47:06Z</time>
   </trkpt>
   <trkpt lat="39.8148120" lon="-105.5153380">
    <ele>2675.4</ele>
    <time>2026-06-19T17:47:07Z</time>
   </trkpt>
   <trkpt lat="39.8148440" lon="-105.5153400">
    <ele>2675.6</ele>
    <time>2026-06-19T17:47:08Z</time>
   </trkpt>
   <trkpt lat="39.8148780" lon="-105.5153410">
    <ele>2675.8</ele>
    <time>2026-06-19T17:47:09Z</time>
   </trkpt>
   <trkpt lat="39.8148870" lon="-105.5153400">
    <ele>2675.9</ele>
    <time>2026-06-19T17:47:10Z</time>
   </trkpt>
   <trkpt lat="39.8149180" lon="-105.5153410">
    <ele>2676.1</ele>
    <time>2026-06-19T17:47:11Z</time>
   </trkpt>
   <trkpt lat="39.8149290" lon="-105.5153420">
    <ele>2676.2</ele>
    <time>2026-06-19T17:47:12Z</time>
   </trkpt>
   <trkpt lat="39.8149620" lon="-105.5153420">
    <ele>2676.3</ele>
    <time>2026-06-19T17:47:13Z</time>
   </trkpt>
   <trkpt lat="39.8149740" lon="-105.5153430">
    <ele>2676.4</ele>
    <time>2026-06-19T17:47:14Z</time>
   </trkpt>
   <trkpt lat="39.8150050" lon="-105.5153430">
    <ele>2676.6</ele>
    <time>2026-06-19T17:47:15Z</time>
   </trkpt>
   <trkpt lat="39.8150160" lon="-105.5153400">
    <ele>2676.6</ele>
    <time>2026-06-19T17:47:16Z</time>
   </trkpt>
   <trkpt lat="39.8150480" lon="-105.5153400">
    <ele>2676.8</ele>
    <time>2026-06-19T17:47:17Z</time>
   </trkpt>
   <trkpt lat="39.8150580" lon="-105.5153410">
    <ele>2676.8</ele>
    <time>2026-06-19T17:47:18Z</time>
   </trkpt>
   <trkpt lat="39.8150950" lon="-105.5153430">
    <ele>2676.9</ele>
    <time>2026-06-19T17:47:19Z</time>
   </trkpt>
   <trkpt lat="39.8151080" lon="-105.5153440">
    <ele>2677.0</ele>
    <time>2026-06-19T17:47:20Z</time>
   </trkpt>
   <trkpt lat="39.8151440" lon="-105.5153410">
    <ele>2677.1</ele>
    <time>2026-06-19T17:47:21Z</time>
   </trkpt>
   <trkpt lat="39.8151550" lon="-105.5153360">
    <ele>2677.2</ele>
    <time>2026-06-19T17:47:22Z</time>
   </trkpt>
   <trkpt lat="39.8151830" lon="-105.5153350">
    <ele>2677.3</ele>
    <time>2026-06-19T17:47:23Z</time>
   </trkpt>
   <trkpt lat="39.8151940" lon="-105.5153340">
    <ele>2677.3</ele>
    <time>2026-06-19T17:47:24Z</time>
   </trkpt>
   <trkpt lat="39.8152210" lon="-105.5153390">
    <ele>2677.4</ele>
    <time>2026-06-19T17:47:25Z</time>
   </trkpt>
   <trkpt lat="39.8152590" lon="-105.5153370">
    <ele>2677.6</ele>
    <time>2026-06-19T17:47:26Z</time>
   </trkpt>
   <trkpt lat="39.8152730" lon="-105.5153350">
    <ele>2677.6</ele>
    <time>2026-06-19T17:47:27Z</time>
   </trkpt>
   <trkpt lat="39.8153050" lon="-105.5153280">
    <ele>2677.6</ele>
    <time>2026-06-19T17:47:28Z</time>
   </trkpt>
   <trkpt lat="39.8153350" lon="-105.5153290">
    <ele>2677.7</ele>
    <time>2026-06-19T17:47:29Z</time>
   </trkpt>
   <trkpt lat="39.8153620" lon="-105.5153280">
    <ele>2677.7</ele>
    <time>2026-06-19T17:47:30Z</time>
   </trkpt>
   <trkpt lat="39.8153920" lon="-105.5153290">
    <ele>2677.7</ele>
    <time>2026-06-19T17:47:31Z</time>
   </trkpt>
   <trkpt lat="39.8154280" lon="-105.5153330">
    <ele>2677.7</ele>
    <time>2026-06-19T17:47:32Z</time>
   </trkpt>
   <trkpt lat="39.8154610" lon="-105.5153320">
    <ele>2677.6</ele>
    <time>2026-06-19T17:47:33Z</time>
   </trkpt>
   <trkpt lat="39.8154980" lon="-105.5153230">
    <ele>2677.6</ele>
    <time>2026-06-19T17:47:34Z</time>
   </trkpt>
   <trkpt lat="39.8155100" lon="-105.5153220">
    <ele>2677.5</ele>
    <time>2026-06-19T17:47:35Z</time>
   </trkpt>
   <trkpt lat="39.8155460" lon="-105.5153250">
    <ele>2677.4</ele>
    <time>2026-06-19T17:47:36Z</time>
   </trkpt>
   <trkpt lat="39.8155880" lon="-105.5153280">
    <ele>2677.3</ele>
    <time>2026-06-19T17:47:37Z</time>
   </trkpt>
   <trkpt lat="39.8156260" lon="-105.5152970">
    <ele>2677.2</ele>
    <time>2026-06-19T17:47:38Z</time>
   </trkpt>
   <trkpt lat="39.8156780" lon="-105.5152700">
    <ele>2677.1</ele>
    <time>2026-06-19T17:47:39Z</time>
   </trkpt>
   <trkpt lat="39.8157500" lon="-105.5152680">
    <ele>2676.9</ele>
    <time>2026-06-19T17:47:40Z</time>
   </trkpt>
   <trkpt lat="39.8158010" lon="-105.5152540">
    <ele>2676.9</ele>
    <time>2026-06-19T17:47:41Z</time>
   </trkpt>
   <trkpt lat="39.8158430" lon="-105.5152350">
    <ele>2676.9</ele>
    <time>2026-06-19T17:47:42Z</time>
   </trkpt>
   <trkpt lat="39.8158830" lon="-105.5152010">
    <ele>2677.0</ele>
    <time>2026-06-19T17:47:43Z</time>
   </trkpt>
   <trkpt lat="39.8158960" lon="-105.5151610">
    <ele>2677.1</ele>
    <time>2026-06-19T17:47:44Z</time>
   </trkpt>
   <trkpt lat="39.8159070" lon="-105.5151270">
    <ele>2677.2</ele>
    <time>2026-06-19T17:47:45Z</time>
   </trkpt>
   <trkpt lat="39.8159400" lon="-105.5151190">
    <ele>2677.3</ele>
    <time>2026-06-19T17:47:46Z</time>
   </trkpt>
   <trkpt lat="39.8159780" lon="-105.5151060">
    <ele>2677.5</ele>
    <time>2026-06-19T17:47:47Z</time>
   </trkpt>
   <trkpt lat="39.8160110" lon="-105.5151040">
    <ele>2677.7</ele>
    <time>2026-06-19T17:47:48Z</time>
   </trkpt>
   <trkpt lat="39.8160430" lon="-105.5150710">
    <ele>2677.8</ele>
    <time>2026-06-19T17:47:49Z</time>
   </trkpt>
   <trkpt lat="39.8160700" lon="-105.5150520">
    <ele>2678.0</ele>
    <time>2026-06-19T17:47:50Z</time>
   </trkpt>
   <trkpt lat="39.8161050" lon="-105.5150340">
    <ele>2678.2</ele>
    <time>2026-06-19T17:47:51Z</time>
   </trkpt>
   <trkpt lat="39.8161210" lon="-105.5150310">
    <ele>2678.3</ele>
    <time>2026-06-19T17:47:52Z</time>
   </trkpt>
   <trkpt lat="39.8161530" lon="-105.5150000">
    <ele>2678.5</ele>
    <time>2026-06-19T17:47:53Z</time>
   </trkpt>
   <trkpt lat="39.8161700" lon="-105.5149930">
    <ele>2678.6</ele>
    <time>2026-06-19T17:47:54Z</time>
   </trkpt>
   <trkpt lat="39.8162090" lon="-105.5149930">
    <ele>2678.9</ele>
    <time>2026-06-19T17:47:55Z</time>
   </trkpt>
   <trkpt lat="39.8162350" lon="-105.5149880">
    <ele>2679.1</ele>
    <time>2026-06-19T17:47:56Z</time>
   </trkpt>
   <trkpt lat="39.8162890" lon="-105.5150250">
    <ele>2679.6</ele>
    <time>2026-06-19T17:47:57Z</time>
   </trkpt>
   <trkpt lat="39.8163320" lon="-105.5150470">
    <ele>2680.0</ele>
    <time>2026-06-19T17:47:58Z</time>
   </trkpt>
   <trkpt lat="39.8163820" lon="-105.5150670">
    <ele>2680.4</ele>
    <time>2026-06-19T17:47:59Z</time>
   </trkpt>
   <trkpt lat="39.8164150" lon="-105.5150960">
    <ele>2680.7</ele>
    <time>2026-06-19T17:48:00Z</time>
   </trkpt>
   <trkpt lat="39.8164250" lon="-105.5151080">
    <ele>2680.8</ele>
    <time>2026-06-19T17:48:01Z</time>
   </trkpt>
   <trkpt lat="39.8164530" lon="-105.5151110">
    <ele>2681.0</ele>
    <time>2026-06-19T17:48:02Z</time>
   </trkpt>
   <trkpt lat="39.8164830" lon="-105.5151290">
    <ele>2681.2</ele>
    <time>2026-06-19T17:48:03Z</time>
   </trkpt>
   <trkpt lat="39.8165060" lon="-105.5151630">
    <ele>2681.4</ele>
    <time>2026-06-19T17:48:04Z</time>
   </trkpt>
   <trkpt lat="39.8165140" lon="-105.5151730">
    <ele>2681.5</ele>
    <time>2026-06-19T17:48:05Z</time>
   </trkpt>
   <trkpt lat="39.8165520" lon="-105.5151820">
    <ele>2681.8</ele>
    <time>2026-06-19T17:48:06Z</time>
   </trkpt>
   <trkpt lat="39.8165710" lon="-105.5151810">
    <ele>2681.9</ele>
    <time>2026-06-19T17:48:07Z</time>
   </trkpt>
   <trkpt lat="39.8165800" lon="-105.5152430">
    <ele>2682.2</ele>
    <time>2026-06-19T17:48:08Z</time>
   </trkpt>
   <trkpt lat="39.8166100" lon="-105.5152550">
    <ele>2682.4</ele>
    <time>2026-06-19T17:48:09Z</time>
   </trkpt>
   <trkpt lat="39.8166180" lon="-105.5152650">
    <ele>2682.5</ele>
    <time>2026-06-19T17:48:10Z</time>
   </trkpt>
   <trkpt lat="39.8166460" lon="-105.5152540">
    <ele>2682.7</ele>
    <time>2026-06-19T17:48:11Z</time>
   </trkpt>
   <trkpt lat="39.8166750" lon="-105.5152690">
    <ele>2682.9</ele>
    <time>2026-06-19T17:48:12Z</time>
   </trkpt>
   <trkpt lat="39.8166850" lon="-105.5152750">
    <ele>2683.0</ele>
    <time>2026-06-19T17:48:13Z</time>
   </trkpt>
   <trkpt lat="39.8167090" lon="-105.5152950">
    <ele>2683.2</ele>
    <time>2026-06-19T17:48:14Z</time>
   </trkpt>
   <trkpt lat="39.8167160" lon="-105.5153060">
    <ele>2683.3</ele>
    <time>2026-06-19T17:48:15Z</time>
   </trkpt>
   <trkpt lat="39.8167390" lon="-105.5153350">
    <ele>2683.5</ele>
    <time>2026-06-19T17:48:16Z</time>
   </trkpt>
   <trkpt lat="39.8167450" lon="-105.5153490">
    <ele>2683.6</ele>
    <time>2026-06-19T17:48:17Z</time>
   </trkpt>
   <trkpt lat="39.8167780" lon="-105.5153660">
    <ele>2683.8</ele>
    <time>2026-06-19T17:48:18Z</time>
   </trkpt>
   <trkpt lat="39.8167890" lon="-105.5153740">
    <ele>2683.9</ele>
    <time>2026-06-19T17:48:19Z</time>
   </trkpt>
   <trkpt lat="39.8168150" lon="-105.5153830">
    <ele>2684.1</ele>
    <time>2026-06-19T17:48:20Z</time>
   </trkpt>
   <trkpt lat="39.8168230" lon="-105.5153920">
    <ele>2684.1</ele>
    <time>2026-06-19T17:48:21Z</time>
   </trkpt>
   <trkpt lat="39.8168530" lon="-105.5154010">
    <ele>2684.3</ele>
    <time>2026-06-19T17:48:22Z</time>
   </trkpt>
   <trkpt lat="39.8168650" lon="-105.5154120">
    <ele>2684.5</ele>
    <time>2026-06-19T17:48:23Z</time>
   </trkpt>
   <trkpt lat="39.8168860" lon="-105.5154370">
    <ele>2684.7</ele>
    <time>2026-06-19T17:48:24Z</time>
   </trkpt>
   <trkpt lat="39.8169220" lon="-105.5154540">
    <ele>2685.0</ele>
    <time>2026-06-19T17:48:25Z</time>
   </trkpt>
   <trkpt lat="39.8169320" lon="-105.5154640">
    <ele>2685.1</ele>
    <time>2026-06-19T17:48:26Z</time>
   </trkpt>
   <trkpt lat="39.8169670" lon="-105.5154880">
    <ele>2685.4</ele>
    <time>2026-06-19T17:48:27Z</time>
   </trkpt>
   <trkpt lat="39.8169780" lon="-105.5154980">
    <ele>2685.5</ele>
    <time>2026-06-19T17:48:28Z</time>
   </trkpt>
   <trkpt lat="39.8170060" lon="-105.5155220">
    <ele>2685.8</ele>
    <time>2026-06-19T17:48:29Z</time>
   </trkpt>
   <trkpt lat="39.8170400" lon="-105.5155360">
    <ele>2686.1</ele>
    <time>2026-06-19T17:48:30Z</time>
   </trkpt>
   <trkpt lat="39.8170540" lon="-105.5155330">
    <ele>2686.2</ele>
    <time>2026-06-19T17:48:31Z</time>
   </trkpt>
   <trkpt lat="39.8170800" lon="-105.5155190">
    <ele>2686.4</ele>
    <time>2026-06-19T17:48:32Z</time>
   </trkpt>
   <trkpt lat="39.8170880" lon="-105.5155120">
    <ele>2686.5</ele>
    <time>2026-06-19T17:48:33Z</time>
   </trkpt>
   <trkpt lat="39.8171040" lon="-105.5155040">
    <ele>2686.6</ele>
    <time>2026-06-19T17:48:34Z</time>
   </trkpt>
   <trkpt lat="39.8171170" lon="-105.5154900">
    <ele>2686.8</ele>
    <time>2026-06-19T17:48:35Z</time>
   </trkpt>
   <trkpt lat="39.8171080" lon="-105.5154440">
    <ele>2687.1</ele>
    <time>2026-06-19T17:48:36Z</time>
   </trkpt>
   <trkpt lat="39.8170810" lon="-105.5154350">
    <ele>2687.3</ele>
    <time>2026-06-19T17:48:37Z</time>
   </trkpt>
   <trkpt lat="39.8170720" lon="-105.5154350">
    <ele>2687.3</ele>
    <time>2026-06-19T17:48:38Z</time>
   </trkpt>
   <trkpt lat="39.8170500" lon="-105.5154250">
    <ele>2687.5</ele>
    <time>2026-06-19T17:48:39Z</time>
   </trkpt>
   <trkpt lat="39.8170390" lon="-105.5154160">
    <ele>2687.6</ele>
    <time>2026-06-19T17:48:40Z</time>
   </trkpt>
   <trkpt lat="39.8170330" lon="-105.5154140">
    <ele>2687.7</ele>
    <time>2026-06-19T17:48:41Z</time>
   </trkpt>
   <trkpt lat="39.8170290" lon="-105.5154000">
    <ele>2687.8</ele>
    <time>2026-06-19T17:48:42Z</time>
   </trkpt>
   <trkpt lat="39.8170300" lon="-105.5153710">
    <ele>2687.9</ele>
    <time>2026-06-19T17:48:43Z</time>
   </trkpt>
   <trkpt lat="39.8170310" lon="-105.5153290">
    <ele>2688.2</ele>
    <time>2026-06-19T17:48:44Z</time>
   </trkpt>
   <trkpt lat="39.8170410" lon="-105.5153010">
    <ele>2688.3</ele>
    <time>2026-06-19T17:48:45Z</time>
   </trkpt>
   <trkpt lat="39.8170500" lon="-105.5152960">
    <ele>2688.4</ele>
    <time>2026-06-19T17:48:46Z</time>
   </trkpt>
   <trkpt lat="39.8170600" lon="-105.5152910">
    <ele>2688.5</ele>
    <time>2026-06-19T17:48:47Z</time>
   </trkpt>
   <trkpt lat="39.8170910" lon="-105.5152960">
    <ele>2688.7</ele>
    <time>2026-06-19T17:48:48Z</time>
   </trkpt>
   <trkpt lat="39.8171190" lon="-105.5153100">
    <ele>2688.9</ele>
    <time>2026-06-19T17:48:49Z</time>
   </trkpt>
   <trkpt lat="39.8171470" lon="-105.5153230">
    <ele>2689.1</ele>
    <time>2026-06-19T17:48:50Z</time>
   </trkpt>
   <trkpt lat="39.8171560" lon="-105.5153190">
    <ele>2689.1</ele>
    <time>2026-06-19T17:48:51Z</time>
   </trkpt>
   <trkpt lat="39.8171730" lon="-105.5153130">
    <ele>2689.2</ele>
    <time>2026-06-19T17:48:52Z</time>
   </trkpt>
   <trkpt lat="39.8171860" lon="-105.5152980">
    <ele>2689.3</ele>
    <time>2026-06-19T17:48:53Z</time>
   </trkpt>
   <trkpt lat="39.8171870" lon="-105.5152900">
    <ele>2689.4</ele>
    <time>2026-06-19T17:48:54Z</time>
   </trkpt>
   <trkpt lat="39.8171740" lon="-105.5152940">
    <ele>2689.5</ele>
    <time>2026-06-19T17:48:55Z</time>
   </trkpt>
   <trkpt lat="39.8171570" lon="-105.5153040">
    <ele>2689.6</ele>
    <time>2026-06-19T17:48:56Z</time>
   </trkpt>
   <trkpt lat="39.8171250" lon="-105.5152970">
    <ele>2689.8</ele>
    <time>2026-06-19T17:48:57Z</time>
   </trkpt>
   <trkpt lat="39.8171070" lon="-105.5152950">
    <ele>2689.9</ele>
    <time>2026-06-19T17:48:58Z</time>
   </trkpt>
   <trkpt lat="39.8170730" lon="-105.5152650">
    <ele>2690.2</ele>
    <time>2026-06-19T17:48:59Z</time>
   </trkpt>
   <trkpt lat="39.8170780" lon="-105.5152130">
    <ele>2690.6</ele>
    <time>2026-06-19T17:49:00Z</time>
   </trkpt>
   <trkpt lat="39.8170920" lon="-105.5151810">
    <ele>2690.8</ele>
    <time>2026-06-19T17:49:01Z</time>
   </trkpt>
   <trkpt lat="39.8170950" lon="-105.5151670">
    <ele>2690.9</ele>
    <time>2026-06-19T17:49:02Z</time>
   </trkpt>
   <trkpt lat="39.8171170" lon="-105.5151390">
    <ele>2691.2</ele>
    <time>2026-06-19T17:49:03Z</time>
   </trkpt>
   <trkpt lat="39.8171230" lon="-105.5151310">
    <ele>2691.3</ele>
    <time>2026-06-19T17:49:04Z</time>
   </trkpt>
   <trkpt lat="39.8171500" lon="-105.5151210">
    <ele>2691.5</ele>
    <time>2026-06-19T17:49:05Z</time>
   </trkpt>
   <trkpt lat="39.8171620" lon="-105.5150980">
    <ele>2691.7</ele>
    <time>2026-06-19T17:49:06Z</time>
   </trkpt>
   <trkpt lat="39.8171760" lon="-105.5151000">
    <ele>2691.8</ele>
    <time>2026-06-19T17:49:07Z</time>
   </trkpt>
   <trkpt lat="39.8171470" lon="-105.5151190">
    <ele>2692.1</ele>
    <time>2026-06-19T17:49:08Z</time>
   </trkpt>
   <trkpt lat="39.8171390" lon="-105.5151190">
    <ele>2692.2</ele>
    <time>2026-06-19T17:49:09Z</time>
   </trkpt>
   <trkpt lat="39.8171180" lon="-105.5150790">
    <ele>2692.5</ele>
    <time>2026-06-19T17:49:10Z</time>
   </trkpt>
   <trkpt lat="39.8171060" lon="-105.5150960">
    <ele>2692.6</ele>
    <time>2026-06-19T17:49:11Z</time>
   </trkpt>
   <trkpt lat="39.8170820" lon="-105.5150850">
    <ele>2692.8</ele>
    <time>2026-06-19T17:49:12Z</time>
   </trkpt>
   <trkpt lat="39.8170680" lon="-105.5150650">
    <ele>2693.0</ele>
    <time>2026-06-19T17:49:13Z</time>
   </trkpt>
   <trkpt lat="39.8170630" lon="-105.5150510">
    <ele>2693.0</ele>
    <time>2026-06-19T17:49:14Z</time>
   </trkpt>
   <trkpt lat="39.8170590" lon="-105.5150360">
    <ele>2693.1</ele>
    <time>2026-06-19T17:49:15Z</time>
   </trkpt>
   <trkpt lat="39.8170470" lon="-105.5150160">
    <ele>2693.2</ele>
    <time>2026-06-19T17:49:16Z</time>
   </trkpt>
   <trkpt lat="39.8170370" lon="-105.5150020">
    <ele>2693.3</ele>
    <time>2026-06-19T17:49:17Z</time>
   </trkpt>
   <trkpt lat="39.8170250" lon="-105.5149720">
    <ele>2693.3</ele>
    <time>2026-06-19T17:49:18Z</time>
   </trkpt>
   <trkpt lat="39.8170200" lon="-105.5149590">
    <ele>2693.3</ele>
    <time>2026-06-19T17:49:19Z</time>
   </trkpt>
   <trkpt lat="39.8170100" lon="-105.5149520">
    <ele>2693.3</ele>
    <time>2026-06-19T17:49:20Z</time>
   </trkpt>
   <trkpt lat="39.8169990" lon="-105.5149320">
    <ele>2693.3</ele>
    <time>2026-06-19T17:49:21Z</time>
   </trkpt>
   <trkpt lat="39.8169750" lon="-105.5149110">
    <ele>2693.3</ele>
    <time>2026-06-19T17:49:22Z</time>
   </trkpt>
   <trkpt lat="39.8169680" lon="-105.5149000">
    <ele>2693.3</ele>
    <time>2026-06-19T17:49:23Z</time>
   </trkpt>
   <trkpt lat="39.8169520" lon="-105.5148720">
    <ele>2693.4</ele>
    <time>2026-06-19T17:49:24Z</time>
   </trkpt>
   <trkpt lat="39.8169450" lon="-105.5148610">
    <ele>2693.4</ele>
    <time>2026-06-19T17:49:25Z</time>
   </trkpt>
   <trkpt lat="39.8169330" lon="-105.5148250">
    <ele>2693.5</ele>
    <time>2026-06-19T17:49:26Z</time>
   </trkpt>
   <trkpt lat="39.8169310" lon="-105.5148150">
    <ele>2693.5</ele>
    <time>2026-06-19T17:49:27Z</time>
   </trkpt>
   <trkpt lat="39.8169030" lon="-105.5147830">
    <ele>2693.7</ele>
    <time>2026-06-19T17:49:28Z</time>
   </trkpt>
   <trkpt lat="39.8168950" lon="-105.5147740">
    <ele>2693.7</ele>
    <time>2026-06-19T17:49:29Z</time>
   </trkpt>
   <trkpt lat="39.8168850" lon="-105.5147320">
    <ele>2693.9</ele>
    <time>2026-06-19T17:49:30Z</time>
   </trkpt>
   <trkpt lat="39.8168820" lon="-105.5147160">
    <ele>2694.0</ele>
    <time>2026-06-19T17:49:31Z</time>
   </trkpt>
   <trkpt lat="39.8168770" lon="-105.5146900">
    <ele>2694.1</ele>
    <time>2026-06-19T17:49:32Z</time>
   </trkpt>
   <trkpt lat="39.8168570" lon="-105.5146820">
    <ele>2694.2</ele>
    <time>2026-06-19T17:49:33Z</time>
   </trkpt>
   <trkpt lat="39.8168310" lon="-105.5146560">
    <ele>2694.3</ele>
    <time>2026-06-19T17:49:34Z</time>
   </trkpt>
   <trkpt lat="39.8168200" lon="-105.5146480">
    <ele>2694.4</ele>
    <time>2026-06-19T17:49:35Z</time>
   </trkpt>
   <trkpt lat="39.8167940" lon="-105.5146110">
    <ele>2694.5</ele>
    <time>2026-06-19T17:49:36Z</time>
   </trkpt>
   <trkpt lat="39.8167840" lon="-105.5145950">
    <ele>2694.6</ele>
    <time>2026-06-19T17:49:37Z</time>
   </trkpt>
   <trkpt lat="39.8167850" lon="-105.5145310">
    <ele>2694.8</ele>
    <time>2026-06-19T17:49:38Z</time>
   </trkpt>
   <trkpt lat="39.8167790" lon="-105.5144810">
    <ele>2695.0</ele>
    <time>2026-06-19T17:49:39Z</time>
   </trkpt>
   <trkpt lat="39.8167630" lon="-105.5144390">
    <ele>2695.2</ele>
    <time>2026-06-19T17:49:40Z</time>
   </trkpt>
   <trkpt lat="39.8167470" lon="-105.5144130">
    <ele>2695.4</ele>
    <time>2026-06-19T17:49:41Z</time>
   </trkpt>
   <trkpt lat="39.8167390" lon="-105.5143990">
    <ele>2695.5</ele>
    <time>2026-06-19T17:49:42Z</time>
   </trkpt>
   <trkpt lat="39.8167160" lon="-105.5143720">
    <ele>2695.8</ele>
    <time>2026-06-19T17:49:43Z</time>
   </trkpt>
   <trkpt lat="39.8167090" lon="-105.5143620">
    <ele>2695.9</ele>
    <time>2026-06-19T17:49:44Z</time>
   </trkpt>
   <trkpt lat="39.8166930" lon="-105.5143520">
    <ele>2696.0</ele>
    <time>2026-06-19T17:49:45Z</time>
   </trkpt>
   <trkpt lat="39.8166830" lon="-105.5143340">
    <ele>2696.2</ele>
    <time>2026-06-19T17:49:46Z</time>
   </trkpt>
   <trkpt lat="39.8166520" lon="-105.5143210">
    <ele>2696.4</ele>
    <time>2026-06-19T17:49:47Z</time>
   </trkpt>
   <trkpt lat="39.8166360" lon="-105.5143210">
    <ele>2696.6</ele>
    <time>2026-06-19T17:49:48Z</time>
   </trkpt>
   <trkpt lat="39.8166230" lon="-105.5143100">
    <ele>2696.7</ele>
    <time>2026-06-19T17:49:49Z</time>
   </trkpt>
   <trkpt lat="39.8166110" lon="-105.5142880">
    <ele>2696.9</ele>
    <time>2026-06-19T17:49:50Z</time>
   </trkpt>
   <trkpt lat="39.8166010" lon="-105.5142720">
    <ele>2697.1</ele>
    <time>2026-06-19T17:49:51Z</time>
   </trkpt>
   <trkpt lat="39.8165880" lon="-105.5142630">
    <ele>2697.2</ele>
    <time>2026-06-19T17:49:52Z</time>
   </trkpt>
   <trkpt lat="39.8165650" lon="-105.5142460">
    <ele>2697.5</ele>
    <time>2026-06-19T17:49:53Z</time>
   </trkpt>
   <trkpt lat="39.8165570" lon="-105.5142430">
    <ele>2697.6</ele>
    <time>2026-06-19T17:49:54Z</time>
   </trkpt>
   <trkpt lat="39.8165490" lon="-105.5142400">
    <ele>2697.6</ele>
    <time>2026-06-19T17:49:55Z</time>
   </trkpt>
   <trkpt lat="39.8165290" lon="-105.5142120">
    <ele>2697.9</ele>
    <time>2026-06-19T17:49:56Z</time>
   </trkpt>
   <trkpt lat="39.8165190" lon="-105.5141980">
    <ele>2698.1</ele>
    <time>2026-06-19T17:49:57Z</time>
   </trkpt>
   <trkpt lat="39.8165040" lon="-105.5141960">
    <ele>2698.3</ele>
    <time>2026-06-19T17:49:58Z</time>
   </trkpt>
   <trkpt lat="39.8164890" lon="-105.5141940">
    <ele>2698.4</ele>
    <time>2026-06-19T17:49:59Z</time>
   </trkpt>
   <trkpt lat="39.8164780" lon="-105.5141750">
    <ele>2698.7</ele>
    <time>2026-06-19T17:50:00Z</time>
   </trkpt>
   <trkpt lat="39.8164680" lon="-105.5141620">
    <ele>2698.8</ele>
    <time>2026-06-19T17:50:01Z</time>
   </trkpt>
   <trkpt lat="39.8164530" lon="-105.5141520">
    <ele>2699.1</ele>
    <time>2026-06-19T17:50:02Z</time>
   </trkpt>
   <trkpt lat="39.8164370" lon="-105.5141480">
    <ele>2699.3</ele>
    <time>2026-06-19T17:50:03Z</time>
   </trkpt>
   <trkpt lat="39.8164080" lon="-105.5141330">
    <ele>2699.7</ele>
    <time>2026-06-19T17:50:04Z</time>
   </trkpt>
   <trkpt lat="39.8164000" lon="-105.5141330">
    <ele>2699.8</ele>
    <time>2026-06-19T17:50:05Z</time>
   </trkpt>
   <trkpt lat="39.8163750" lon="-105.5141210">
    <ele>2700.1</ele>
    <time>2026-06-19T17:50:06Z</time>
   </trkpt>
   <trkpt lat="39.8163760" lon="-105.5141390">
    <ele>2700.3</ele>
    <time>2026-06-19T17:50:07Z</time>
   </trkpt>
   <trkpt lat="39.8163640" lon="-105.5141330">
    <ele>2700.5</ele>
    <time>2026-06-19T17:50:08Z</time>
   </trkpt>
   <trkpt lat="39.8163520" lon="-105.5141290">
    <ele>2700.6</ele>
    <time>2026-06-19T17:50:09Z</time>
   </trkpt>
   <trkpt lat="39.8163340" lon="-105.5141350">
    <ele>2700.9</ele>
    <time>2026-06-19T17:50:10Z</time>
   </trkpt>
   <trkpt lat="39.8163170" lon="-105.5141330">
    <ele>2701.1</ele>
    <time>2026-06-19T17:50:11Z</time>
   </trkpt>
   <trkpt lat="39.8163030" lon="-105.5141320">
    <ele>2701.3</ele>
    <time>2026-06-19T17:50:12Z</time>
   </trkpt>
   <trkpt lat="39.8162820" lon="-105.5141310">
    <ele>2701.5</ele>
    <time>2026-06-19T17:50:13Z</time>
   </trkpt>
   <trkpt lat="39.8162730" lon="-105.5141310">
    <ele>2701.6</ele>
    <time>2026-06-19T17:50:14Z</time>
   </trkpt>
   <trkpt lat="39.8162640" lon="-105.5141310">
    <ele>2701.7</ele>
    <time>2026-06-19T17:50:15Z</time>
   </trkpt>
   <trkpt lat="39.8162360" lon="-105.5141270">
    <ele>2702.0</ele>
    <time>2026-06-19T17:50:16Z</time>
   </trkpt>
   <trkpt lat="39.8162230" lon="-105.5141250">
    <ele>2702.2</ele>
    <time>2026-06-19T17:50:17Z</time>
   </trkpt>
   <trkpt lat="39.8162060" lon="-105.5141210">
    <ele>2702.4</ele>
    <time>2026-06-19T17:50:18Z</time>
   </trkpt>
   <trkpt lat="39.8161750" lon="-105.5141120">
    <ele>2702.8</ele>
    <time>2026-06-19T17:50:19Z</time>
   </trkpt>
   <trkpt lat="39.8161660" lon="-105.5141120">
    <ele>2702.9</ele>
    <time>2026-06-19T17:50:20Z</time>
   </trkpt>
   <trkpt lat="39.8161320" lon="-105.5141120">
    <ele>2703.3</ele>
    <time>2026-06-19T17:50:21Z</time>
   </trkpt>
   <trkpt lat="39.8161190" lon="-105.5141140">
    <ele>2703.4</ele>
    <time>2026-06-19T17:50:22Z</time>
   </trkpt>
   <trkpt lat="39.8160820" lon="-105.5141110">
    <ele>2703.9</ele>
    <time>2026-06-19T17:50:23Z</time>
   </trkpt>
   <trkpt lat="39.8160720" lon="-105.5141100">
    <ele>2704.0</ele>
    <time>2026-06-19T17:50:24Z</time>
   </trkpt>
   <trkpt lat="39.8160420" lon="-105.5141090">
    <ele>2704.4</ele>
    <time>2026-06-19T17:50:25Z</time>
   </trkpt>
   <trkpt lat="39.8160300" lon="-105.5141090">
    <ele>2704.5</ele>
    <time>2026-06-19T17:50:26Z</time>
   </trkpt>
   <trkpt lat="39.8160010" lon="-105.5141070">
    <ele>2704.9</ele>
    <time>2026-06-19T17:50:27Z</time>
   </trkpt>
   <trkpt lat="39.8159890" lon="-105.5141060">
    <ele>2705.0</ele>
    <time>2026-06-19T17:50:28Z</time>
   </trkpt>
   <trkpt lat="39.8159670" lon="-105.5141090">
    <ele>2705.2</ele>
    <time>2026-06-19T17:50:29Z</time>
   </trkpt>
   <trkpt lat="39.8159600" lon="-105.5141090">
    <ele>2705.3</ele>
    <time>2026-06-19T17:50:30Z</time>
   </trkpt>
   <trkpt lat="39.8159520" lon="-105.5141080">
    <ele>2705.3</ele>
    <time>2026-06-19T17:50:31Z</time>
   </trkpt>
   <trkpt lat="39.8159210" lon="-105.5141140">
    <ele>2705.6</ele>
    <time>2026-06-19T17:50:32Z</time>
   </trkpt>
   <trkpt lat="39.8159110" lon="-105.5141180">
    <ele>2705.6</ele>
    <time>2026-06-19T17:50:33Z</time>
   </trkpt>
   <trkpt lat="39.8158940" lon="-105.5141170">
    <ele>2705.7</ele>
    <time>2026-06-19T17:50:34Z</time>
   </trkpt>
   <trkpt lat="39.8158760" lon="-105.5141210">
    <ele>2705.9</ele>
    <time>2026-06-19T17:50:35Z</time>
   </trkpt>
   <trkpt lat="39.8158440" lon="-105.5141160">
    <ele>2706.1</ele>
    <time>2026-06-19T17:50:36Z</time>
   </trkpt>
   <trkpt lat="39.8158350" lon="-105.5141140">
    <ele>2706.1</ele>
    <time>2026-06-19T17:50:37Z</time>
   </trkpt>
   <trkpt lat="39.8158110" lon="-105.5141120">
    <ele>2706.3</ele>
    <time>2026-06-19T17:50:38Z</time>
   </trkpt>
   <trkpt lat="39.8157990" lon="-105.5141120">
    <ele>2706.4</ele>
    <time>2026-06-19T17:50:39Z</time>
   </trkpt>
   <trkpt lat="39.8157880" lon="-105.5141110">
    <ele>2706.5</ele>
    <time>2026-06-19T17:50:40Z</time>
   </trkpt>
   <trkpt lat="39.8157560" lon="-105.5141270">
    <ele>2706.8</ele>
    <time>2026-06-19T17:50:41Z</time>
   </trkpt>
   <trkpt lat="39.8157470" lon="-105.5141290">
    <ele>2706.9</ele>
    <time>2026-06-19T17:50:42Z</time>
   </trkpt>
   <trkpt lat="39.8157260" lon="-105.5141300">
    <ele>2707.1</ele>
    <time>2026-06-19T17:50:43Z</time>
   </trkpt>
   <trkpt lat="39.8157140" lon="-105.5141360">
    <ele>2707.2</ele>
    <time>2026-06-19T17:50:44Z</time>
   </trkpt>
   <trkpt lat="39.8156850" lon="-105.5141410">
    <ele>2707.5</ele>
    <time>2026-06-19T17:50:45Z</time>
   </trkpt>
   <trkpt lat="39.8156730" lon="-105.5141440">
    <ele>2707.7</ele>
    <time>2026-06-19T17:50:46Z</time>
   </trkpt>
   <trkpt lat="39.8156550" lon="-105.5141410">
    <ele>2707.9</ele>
    <time>2026-06-19T17:50:47Z</time>
   </trkpt>
   <trkpt lat="39.8156400" lon="-105.5141350">
    <ele>2708.0</ele>
    <time>2026-06-19T17:50:48Z</time>
   </trkpt>
   <trkpt lat="39.8156040" lon="-105.5141390">
    <ele>2708.4</ele>
    <time>2026-06-19T17:50:49Z</time>
   </trkpt>
   <trkpt lat="39.8155920" lon="-105.5141400">
    <ele>2708.6</ele>
    <time>2026-06-19T17:50:50Z</time>
   </trkpt>
   <trkpt lat="39.8155670" lon="-105.5141560">
    <ele>2708.9</ele>
    <time>2026-06-19T17:50:51Z</time>
   </trkpt>
   <trkpt lat="39.8155560" lon="-105.5141550">
    <ele>2709.0</ele>
    <time>2026-06-19T17:50:52Z</time>
   </trkpt>
   <trkpt lat="39.8155410" lon="-105.5141710">
    <ele>2709.2</ele>
    <time>2026-06-19T17:50:53Z</time>
   </trkpt>
   <trkpt lat="39.8155210" lon="-105.5141650">
    <ele>2709.4</ele>
    <time>2026-06-19T17:50:54Z</time>
   </trkpt>
   <trkpt lat="39.8155050" lon="-105.5141630">
    <ele>2709.5</ele>
    <time>2026-06-19T17:50:55Z</time>
   </trkpt>
   <trkpt lat="39.8154940" lon="-105.5141750">
    <ele>2709.7</ele>
    <time>2026-06-19T17:50:56Z</time>
   </trkpt>
   <trkpt lat="39.8154690" lon="-105.5141980">
    <ele>2710.0</ele>
    <time>2026-06-19T17:50:57Z</time>
   </trkpt>
   <trkpt lat="39.8154600" lon="-105.5142010">
    <ele>2710.1</ele>
    <time>2026-06-19T17:50:58Z</time>
   </trkpt>
   <trkpt lat="39.8154410" lon="-105.5142080">
    <ele>2710.2</ele>
    <time>2026-06-19T17:50:59Z</time>
   </trkpt>
   <trkpt lat="39.8154250" lon="-105.5142090">
    <ele>2710.4</ele>
    <time>2026-06-19T17:51:00Z</time>
   </trkpt>
   <trkpt lat="39.8154070" lon="-105.5142170">
    <ele>2710.5</ele>
    <time>2026-06-19T17:51:01Z</time>
   </trkpt>
   <trkpt lat="39.8153920" lon="-105.5142240">
    <ele>2710.7</ele>
    <time>2026-06-19T17:51:02Z</time>
   </trkpt>
   <trkpt lat="39.8153760" lon="-105.5142240">
    <ele>2710.8</ele>
    <time>2026-06-19T17:51:03Z</time>
   </trkpt>
   <trkpt lat="39.8153630" lon="-105.5142290">
    <ele>2710.9</ele>
    <time>2026-06-19T17:51:04Z</time>
   </trkpt>
   <trkpt lat="39.8153400" lon="-105.5142510">
    <ele>2711.1</ele>
    <time>2026-06-19T17:51:05Z</time>
   </trkpt>
   <trkpt lat="39.8153310" lon="-105.5142560">
    <ele>2711.2</ele>
    <time>2026-06-19T17:51:06Z</time>
   </trkpt>
   <trkpt lat="39.8153140" lon="-105.5142510">
    <ele>2711.3</ele>
    <time>2026-06-19T17:51:07Z</time>
   </trkpt>
   <trkpt lat="39.8152990" lon="-105.5142630">
    <ele>2711.5</ele>
    <time>2026-06-19T17:51:08Z</time>
   </trkpt>
   <trkpt lat="39.8152700" lon="-105.5142700">
    <ele>2711.6</ele>
    <time>2026-06-19T17:51:09Z</time>
   </trkpt>
   <trkpt lat="39.8152600" lon="-105.5142730">
    <ele>2711.7</ele>
    <time>2026-06-19T17:51:10Z</time>
   </trkpt>
   <trkpt lat="39.8152500" lon="-105.5142740">
    <ele>2711.8</ele>
    <time>2026-06-19T17:51:11Z</time>
   </trkpt>
   <trkpt lat="39.8152310" lon="-105.5142660">
    <ele>2711.9</ele>
    <time>2026-06-19T17:51:12Z</time>
   </trkpt>
   <trkpt lat="39.8152200" lon="-105.5142720">
    <ele>2711.9</ele>
    <time>2026-06-19T17:51:13Z</time>
   </trkpt>
   <trkpt lat="39.8152190" lon="-105.5142520">
    <ele>2712.0</ele>
    <time>2026-06-19T17:51:14Z</time>
   </trkpt>
   <trkpt lat="39.8152160" lon="-105.5142400">
    <ele>2712.0</ele>
    <time>2026-06-19T17:51:15Z</time>
   </trkpt>
   <trkpt lat="39.8152160" lon="-105.5142340">
    <ele>2712.0</ele>
    <time>2026-06-19T17:51:16Z</time>
   </trkpt>
   <trkpt lat="39.8151940" lon="-105.5142240">
    <ele>2712.1</ele>
    <time>2026-06-19T17:51:17Z</time>
   </trkpt>
   <trkpt lat="39.8151860" lon="-105.5142210">
    <ele>2712.1</ele>
    <time>2026-06-19T17:51:18Z</time>
   </trkpt>
   <trkpt lat="39.8151790" lon="-105.5142170">
    <ele>2712.2</ele>
    <time>2026-06-19T17:51:19Z</time>
   </trkpt>
   <trkpt lat="39.8151550" lon="-105.5141980">
    <ele>2712.2</ele>
    <time>2026-06-19T17:51:20Z</time>
   </trkpt>
   <trkpt lat="39.8151450" lon="-105.5141900">
    <ele>2712.2</ele>
    <time>2026-06-19T17:51:21Z</time>
   </trkpt>
   <trkpt lat="39.8151210" lon="-105.5141750">
    <ele>2712.2</ele>
    <time>2026-06-19T17:51:22Z</time>
   </trkpt>
   <trkpt lat="39.8151090" lon="-105.5141710">
    <ele>2712.2</ele>
    <time>2026-06-19T17:51:23Z</time>
   </trkpt>
   <trkpt lat="39.8150830" lon="-105.5141460">
    <ele>2712.1</ele>
    <time>2026-06-19T17:51:24Z</time>
   </trkpt>
   <trkpt lat="39.8150720" lon="-105.5141070">
    <ele>2712.1</ele>
    <time>2026-06-19T17:51:25Z</time>
   </trkpt>
   <trkpt lat="39.8150620" lon="-105.5140550">
    <ele>2712.2</ele>
    <time>2026-06-19T17:51:26Z</time>
   </trkpt>
   <trkpt lat="39.8150600" lon="-105.5140530">
    <ele>2712.2</ele>
    <time>2026-06-19T17:51:27Z</time>
   </trkpt>
   <trkpt lat="39.8150550" lon="-105.5140110">
    <ele>2712.3</ele>
    <time>2026-06-19T17:51:28Z</time>
   </trkpt>
   <trkpt lat="39.8150560" lon="-105.5139780">
    <ele>2712.4</ele>
    <time>2026-06-19T17:51:29Z</time>
   </trkpt>
   <trkpt lat="39.8150560" lon="-105.5139570">
    <ele>2712.5</ele>
    <time>2026-06-19T17:51:30Z</time>
   </trkpt>
   <trkpt lat="39.8150740" lon="-105.5139180">
    <ele>2712.8</ele>
    <time>2026-06-19T17:51:31Z</time>
   </trkpt>
   <trkpt lat="39.8150770" lon="-105.5139010">
    <ele>2713.0</ele>
    <time>2026-06-19T17:51:32Z</time>
   </trkpt>
   <trkpt lat="39.8150760" lon="-105.5138820">
    <ele>2713.1</ele>
    <time>2026-06-19T17:51:33Z</time>
   </trkpt>
   <trkpt lat="39.8150770" lon="-105.5138620">
    <ele>2713.3</ele>
    <time>2026-06-19T17:51:34Z</time>
   </trkpt>
   <trkpt lat="39.8150900" lon="-105.5138230">
    <ele>2713.7</ele>
    <time>2026-06-19T17:51:35Z</time>
   </trkpt>
   <trkpt lat="39.8150910" lon="-105.5138120">
    <ele>2713.8</ele>
    <time>2026-06-19T17:51:36Z</time>
   </trkpt>
   <trkpt lat="39.8150890" lon="-105.5137890">
    <ele>2714.0</ele>
    <time>2026-06-19T17:51:37Z</time>
   </trkpt>
   <trkpt lat="39.8150880" lon="-105.5137650">
    <ele>2714.1</ele>
    <time>2026-06-19T17:51:38Z</time>
   </trkpt>
   <trkpt lat="39.8150820" lon="-105.5137270">
    <ele>2714.4</ele>
    <time>2026-06-19T17:51:39Z</time>
   </trkpt>
   <trkpt lat="39.8150800" lon="-105.5137180">
    <ele>2714.5</ele>
    <time>2026-06-19T17:51:40Z</time>
   </trkpt>
   <trkpt lat="39.8150780" lon="-105.5136920">
    <ele>2714.7</ele>
    <time>2026-06-19T17:51:41Z</time>
   </trkpt>
   <trkpt lat="39.8150800" lon="-105.5136720">
    <ele>2714.8</ele>
    <time>2026-06-19T17:51:42Z</time>
   </trkpt>
   <trkpt lat="39.8150860" lon="-105.5136360">
    <ele>2715.1</ele>
    <time>2026-06-19T17:51:43Z</time>
   </trkpt>
   <trkpt lat="39.8150880" lon="-105.5136230">
    <ele>2715.2</ele>
    <time>2026-06-19T17:51:44Z</time>
   </trkpt>
   <trkpt lat="39.8150910" lon="-105.5136010">
    <ele>2715.3</ele>
    <time>2026-06-19T17:51:45Z</time>
   </trkpt>
   <trkpt lat="39.8150880" lon="-105.5135780">
    <ele>2715.5</ele>
    <time>2026-06-19T17:51:46Z</time>
   </trkpt>
   <trkpt lat="39.8150830" lon="-105.5135410">
    <ele>2715.7</ele>
    <time>2026-06-19T17:51:47Z</time>
   </trkpt>
   <trkpt lat="39.8150870" lon="-105.5135240">
    <ele>2715.8</ele>
    <time>2026-06-19T17:51:48Z</time>
   </trkpt>
   <trkpt lat="39.8150980" lon="-105.5134780">
    <ele>2716.1</ele>
    <time>2026-06-19T17:51:49Z</time>
   </trkpt>
   <trkpt lat="39.8151010" lon="-105.5134630">
    <ele>2716.2</ele>
    <time>2026-06-19T17:51:50Z</time>
   </trkpt>
   <trkpt lat="39.8151140" lon="-105.5134510">
    <ele>2716.4</ele>
    <time>2026-06-19T17:51:51Z</time>
   </trkpt>
   <trkpt lat="39.8151200" lon="-105.5134510">
    <ele>2716.4</ele>
    <time>2026-06-19T17:51:52Z</time>
   </trkpt>
   <trkpt lat="39.8151320" lon="-105.5134480">
    <ele>2716.5</ele>
    <time>2026-06-19T17:51:53Z</time>
   </trkpt>
   <trkpt lat="39.8151430" lon="-105.5134310">
    <ele>2716.6</ele>
    <time>2026-06-19T17:51:54Z</time>
   </trkpt>
   <trkpt lat="39.8151480" lon="-105.5134160">
    <ele>2716.7</ele>
    <time>2026-06-19T17:51:55Z</time>
   </trkpt>
   <trkpt lat="39.8151560" lon="-105.5134050">
    <ele>2716.8</ele>
    <time>2026-06-19T17:51:56Z</time>
   </trkpt>
   <trkpt lat="39.8151620" lon="-105.5133910">
    <ele>2716.9</ele>
    <time>2026-06-19T17:51:57Z</time>
   </trkpt>
   <trkpt lat="39.8151610" lon="-105.5133920">
    <ele>2716.9</ele>
    <time>2026-06-19T17:51:58Z</time>
   </trkpt>
   <trkpt lat="39.8151540" lon="-105.5133860">
    <ele>2716.9</ele>
    <time>2026-06-19T17:51:59Z</time>
   </trkpt>
   <trkpt lat="39.8151470" lon="-105.5133740">
    <ele>2717.0</ele>
    <time>2026-06-19T17:52:00Z</time>
   </trkpt>
   <trkpt lat="39.8151410" lon="-105.5133340">
    <ele>2717.1</ele>
    <time>2026-06-19T17:52:01Z</time>
   </trkpt>
   <trkpt lat="39.8151390" lon="-105.5133200">
    <ele>2717.2</ele>
    <time>2026-06-19T17:52:02Z</time>
   </trkpt>
   <trkpt lat="39.8151210" lon="-105.5132800">
    <ele>2717.3</ele>
    <time>2026-06-19T17:52:03Z</time>
   </trkpt>
   <trkpt lat="39.8151100" lon="-105.5132700">
    <ele>2717.3</ele>
    <time>2026-06-19T17:52:04Z</time>
   </trkpt>
   <trkpt lat="39.8150950" lon="-105.5132260">
    <ele>2717.4</ele>
    <time>2026-06-19T17:52:05Z</time>
   </trkpt>
   <trkpt lat="39.8150750" lon="-105.5132010">
    <ele>2717.5</ele>
    <time>2026-06-19T17:52:06Z</time>
   </trkpt>
   <trkpt lat="39.8150650" lon="-105.5131630">
    <ele>2717.6</ele>
    <time>2026-06-19T17:52:07Z</time>
   </trkpt>
   <trkpt lat="39.8150620" lon="-105.5131100">
    <ele>2717.8</ele>
    <time>2026-06-19T17:52:08Z</time>
   </trkpt>
   <trkpt lat="39.8150660" lon="-105.5130860">
    <ele>2717.9</ele>
    <time>2026-06-19T17:52:09Z</time>
   </trkpt>
   <trkpt lat="39.8150590" lon="-105.5130690">
    <ele>2718.1</ele>
    <time>2026-06-19T17:52:10Z</time>
   </trkpt>
   <trkpt lat="39.8150680" lon="-105.5130420">
    <ele>2718.2</ele>
    <time>2026-06-19T17:52:11Z</time>
   </trkpt>
   <trkpt lat="39.8150780" lon="-105.5130100">
    <ele>2718.5</ele>
    <time>2026-06-19T17:52:12Z</time>
   </trkpt>
   <trkpt lat="39.8150810" lon="-105.5129920">
    <ele>2718.6</ele>
    <time>2026-06-19T17:52:13Z</time>
   </trkpt>
   <trkpt lat="39.8150900" lon="-105.5129430">
    <ele>2719.0</ele>
    <time>2026-06-19T17:52:14Z</time>
   </trkpt>
   <trkpt lat="39.8150950" lon="-105.5129250">
    <ele>2719.1</ele>
    <time>2026-06-19T17:52:15Z</time>
   </trkpt>
   <trkpt lat="39.8150950" lon="-105.5129190">
    <ele>2719.2</ele>
    <time>2026-06-19T17:52:16Z</time>
   </trkpt>
   <trkpt lat="39.8150900" lon="-105.5128800">
    <ele>2719.4</ele>
    <time>2026-06-19T17:52:17Z</time>
   </trkpt>
   <trkpt lat="39.8150920" lon="-105.5128680">
    <ele>2719.5</ele>
    <time>2026-06-19T17:52:18Z</time>
   </trkpt>
   <trkpt lat="39.8150830" lon="-105.5128390">
    <ele>2719.7</ele>
    <time>2026-06-19T17:52:19Z</time>
   </trkpt>
   <trkpt lat="39.8150710" lon="-105.5128090">
    <ele>2720.0</ele>
    <time>2026-06-19T17:52:20Z</time>
   </trkpt>
   <trkpt lat="39.8150700" lon="-105.5127920">
    <ele>2720.1</ele>
    <time>2026-06-19T17:52:21Z</time>
   </trkpt>
   <trkpt lat="39.8150710" lon="-105.5127560">
    <ele>2720.3</ele>
    <time>2026-06-19T17:52:22Z</time>
   </trkpt>
   <trkpt lat="39.8150810" lon="-105.5127200">
    <ele>2720.6</ele>
    <time>2026-06-19T17:52:23Z</time>
   </trkpt>
   <trkpt lat="39.8150860" lon="-105.5127030">
    <ele>2720.7</ele>
    <time>2026-06-19T17:52:24Z</time>
   </trkpt>
   <trkpt lat="39.8151140" lon="-105.5126720">
    <ele>2721.1</ele>
    <time>2026-06-19T17:52:25Z</time>
   </trkpt>
   <trkpt lat="39.8151240" lon="-105.5126590">
    <ele>2721.2</ele>
    <time>2026-06-19T17:52:26Z</time>
   </trkpt>
   <trkpt lat="39.8151740" lon="-105.5126440">
    <ele>2721.8</ele>
    <time>2026-06-19T17:52:27Z</time>
   </trkpt>
   <trkpt lat="39.8151970" lon="-105.5126450">
    <ele>2722.0</ele>
    <time>2026-06-19T17:52:28Z</time>
   </trkpt>
   <trkpt lat="39.8152080" lon="-105.5126630">
    <ele>2722.2</ele>
    <time>2026-06-19T17:52:29Z</time>
   </trkpt>
   <trkpt lat="39.8152220" lon="-105.5126710">
    <ele>2722.4</ele>
    <time>2026-06-19T17:52:30Z</time>
   </trkpt>
   <trkpt lat="39.8152340" lon="-105.5126850">
    <ele>2722.5</ele>
    <time>2026-06-19T17:52:31Z</time>
   </trkpt>
   <trkpt lat="39.8152560" lon="-105.5127150">
    <ele>2722.8</ele>
    <time>2026-06-19T17:52:32Z</time>
   </trkpt>
   <trkpt lat="39.8152620" lon="-105.5127250">
    <ele>2722.9</ele>
    <time>2026-06-19T17:52:33Z</time>
   </trkpt>
   <trkpt lat="39.8152670" lon="-105.5127720">
    <ele>2723.2</ele>
    <time>2026-06-19T17:52:34Z</time>
   </trkpt>
   <trkpt lat="39.8152660" lon="-105.5127910">
    <ele>2723.3</ele>
    <time>2026-06-19T17:52:35Z</time>
   </trkpt>
   <trkpt lat="39.8152700" lon="-105.5128070">
    <ele>2723.4</ele>
    <time>2026-06-19T17:52:36Z</time>
   </trkpt>
   <trkpt lat="39.8152710" lon="-105.5128130">
    <ele>2723.4</ele>
    <time>2026-06-19T17:52:37Z</time>
   </trkpt>
   <trkpt lat="39.8152720" lon="-105.5128350">
    <ele>2723.5</ele>
    <time>2026-06-19T17:52:38Z</time>
   </trkpt>
   <trkpt lat="39.8152910" lon="-105.5128690">
    <ele>2723.7</ele>
    <time>2026-06-19T17:52:39Z</time>
   </trkpt>
   <trkpt lat="39.8153040" lon="-105.5128750">
    <ele>2723.8</ele>
    <time>2026-06-19T17:52:40Z</time>
   </trkpt>
   <trkpt lat="39.8153200" lon="-105.5128830">
    <ele>2723.8</ele>
    <time>2026-06-19T17:52:41Z</time>
   </trkpt>
   <trkpt lat="39.8153300" lon="-105.5128990">
    <ele>2723.9</ele>
    <time>2026-06-19T17:52:42Z</time>
   </trkpt>
   <trkpt lat="39.8153450" lon="-105.5129270">
    <ele>2724.0</ele>
    <time>2026-06-19T17:52:43Z</time>
   </trkpt>
   <trkpt lat="39.8153460" lon="-105.5129260">
    <ele>2724.0</ele>
    <time>2026-06-19T17:52:44Z</time>
   </trkpt>
   <trkpt lat="39.8153560" lon="-105.5129300">
    <ele>2724.1</ele>
    <time>2026-06-19T17:52:45Z</time>
   </trkpt>
   <trkpt lat="39.8153650" lon="-105.5129470">
    <ele>2724.2</ele>
    <time>2026-06-19T17:52:46Z</time>
   </trkpt>
   <trkpt lat="39.8153770" lon="-105.5129630">
    <ele>2724.3</ele>
    <time>2026-06-19T17:52:47Z</time>
   </trkpt>
   <trkpt lat="39.8153920" lon="-105.5129940">
    <ele>2724.4</ele>
    <time>2026-06-19T17:52:48Z</time>
   </trkpt>
   <trkpt lat="39.8154030" lon="-105.5130160">
    <ele>2724.5</ele>
    <time>2026-06-19T17:52:49Z</time>
   </trkpt>
   <trkpt lat="39.8154100" lon="-105.5130290">
    <ele>2724.5</ele>
    <time>2026-06-19T17:52:50Z</time>
   </trkpt>
   <trkpt lat="39.8154180" lon="-105.5130420">
    <ele>2724.6</ele>
    <time>2026-06-19T17:52:51Z</time>
   </trkpt>
   <trkpt lat="39.8154350" lon="-105.5130760">
    <ele>2724.7</ele>
    <time>2026-06-19T17:52:52Z</time>
   </trkpt>
   <trkpt lat="39.8154430" lon="-105.5131200">
    <ele>2724.9</ele>
    <time>2026-06-19T17:52:53Z</time>
   </trkpt>
   <trkpt lat="39.8154440" lon="-105.5131360">
    <ele>2725.0</ele>
    <time>2026-06-19T17:52:54Z</time>
   </trkpt>
   <trkpt lat="39.8154540" lon="-105.5131750">
    <ele>2725.2</ele>
    <time>2026-06-19T17:52:55Z</time>
   </trkpt>
   <trkpt lat="39.8154580" lon="-105.5131860">
    <ele>2725.3</ele>
    <time>2026-06-19T17:52:56Z</time>
   </trkpt>
   <trkpt lat="39.8154810" lon="-105.5132080">
    <ele>2725.5</ele>
    <time>2026-06-19T17:52:57Z</time>
   </trkpt>
   <trkpt lat="39.8154900" lon="-105.5132150">
    <ele>2725.5</ele>
    <time>2026-06-19T17:52:58Z</time>
   </trkpt>
   <trkpt lat="39.8155200" lon="-105.5132360">
    <ele>2725.8</ele>
    <time>2026-06-19T17:52:59Z</time>
   </trkpt>
   <trkpt lat="39.8155310" lon="-105.5132410">
    <ele>2725.9</ele>
    <time>2026-06-19T17:53:00Z</time>
   </trkpt>
   <trkpt lat="39.8155500" lon="-105.5132470">
    <ele>2726.1</ele>
    <time>2026-06-19T17:53:01Z</time>
   </trkpt>
   <trkpt lat="39.8155670" lon="-105.5132450">
    <ele>2726.3</ele>
    <time>2026-06-19T17:53:02Z</time>
   </trkpt>
   <trkpt lat="39.8155830" lon="-105.5132560">
    <ele>2726.5</ele>
    <time>2026-06-19T17:53:03Z</time>
   </trkpt>
   <trkpt lat="39.8156030" lon="-105.5132400">
    <ele>2726.7</ele>
    <time>2026-06-19T17:53:04Z</time>
   </trkpt>
   <trkpt lat="39.8156160" lon="-105.5132900">
    <ele>2727.2</ele>
    <time>2026-06-19T17:53:05Z</time>
   </trkpt>
   <trkpt lat="39.8156310" lon="-105.5133210">
    <ele>2727.6</ele>
    <time>2026-06-19T17:53:06Z</time>
   </trkpt>
   <trkpt lat="39.8156370" lon="-105.5133340">
    <ele>2727.7</ele>
    <time>2026-06-19T17:53:07Z</time>
   </trkpt>
   <trkpt lat="39.8156630" lon="-105.5133340">
    <ele>2728.0</ele>
    <time>2026-06-19T17:53:08Z</time>
   </trkpt>
   <trkpt lat="39.8156730" lon="-105.5133270">
    <ele>2728.1</ele>
    <time>2026-06-19T17:53:09Z</time>
   </trkpt>
   <trkpt lat="39.8156770" lon="-105.5132830">
    <ele>2728.5</ele>
    <time>2026-06-19T17:53:10Z</time>
   </trkpt>
   <trkpt lat="39.8156760" lon="-105.5132640">
    <ele>2728.7</ele>
    <time>2026-06-19T17:53:11Z</time>
   </trkpt>
   <trkpt lat="39.8156770" lon="-105.5132560">
    <ele>2728.8</ele>
    <time>2026-06-19T17:53:12Z</time>
   </trkpt>
   <trkpt lat="39.8156750" lon="-105.5132400">
    <ele>2728.9</ele>
    <time>2026-06-19T17:53:13Z</time>
   </trkpt>
   <trkpt lat="39.8156740" lon="-105.5132200">
    <ele>2729.0</ele>
    <time>2026-06-19T17:53:14Z</time>
   </trkpt>
   <trkpt lat="39.8156740" lon="-105.5132000">
    <ele>2729.2</ele>
    <time>2026-06-19T17:53:15Z</time>
   </trkpt>
   <trkpt lat="39.8156650" lon="-105.5131840">
    <ele>2729.3</ele>
    <time>2026-06-19T17:53:16Z</time>
   </trkpt>
   <trkpt lat="39.8156600" lon="-105.5131690">
    <ele>2729.4</ele>
    <time>2026-06-19T17:53:17Z</time>
   </trkpt>
   <trkpt lat="39.8156390" lon="-105.5131540">
    <ele>2729.6</ele>
    <time>2026-06-19T17:53:18Z</time>
   </trkpt>
   <trkpt lat="39.8156120" lon="-105.5131280">
    <ele>2729.8</ele>
    <time>2026-06-19T17:53:19Z</time>
   </trkpt>
   <trkpt lat="39.8156110" lon="-105.5131060">
    <ele>2729.9</ele>
    <time>2026-06-19T17:53:20Z</time>
   </trkpt>
   <trkpt lat="39.8156120" lon="-105.5130620">
    <ele>2730.1</ele>
    <time>2026-06-19T17:53:22Z</time>
   </trkpt>
   <trkpt lat="39.8156310" lon="-105.5130260">
    <ele>2730.4</ele>
    <time>2026-06-19T17:53:23Z</time>
   </trkpt>
   <trkpt lat="39.8156340" lon="-105.5130120">
    <ele>2730.4</ele>
    <time>2026-06-19T17:53:24Z</time>
   </trkpt>
   <trkpt lat="39.8156370" lon="-105.5129970">
    <ele>2730.5</ele>
    <time>2026-06-19T17:53:25Z</time>
   </trkpt>
   <trkpt lat="39.8156430" lon="-105.5129680">
    <ele>2730.6</ele>
    <time>2026-06-19T17:53:26Z</time>
   </trkpt>
   <trkpt lat="39.8156370" lon="-105.5129490">
    <ele>2730.7</ele>
    <time>2026-06-19T17:53:27Z</time>
   </trkpt>
   <trkpt lat="39.8156420" lon="-105.5129300">
    <ele>2730.8</ele>
    <time>2026-06-19T17:53:28Z</time>
   </trkpt>
   <trkpt lat="39.8156400" lon="-105.5129060">
    <ele>2730.8</ele>
    <time>2026-06-19T17:53:29Z</time>
   </trkpt>
   <trkpt lat="39.8156500" lon="-105.5128740">
    <ele>2730.9</ele>
    <time>2026-06-19T17:53:30Z</time>
   </trkpt>
   <trkpt lat="39.8156550" lon="-105.5128510">
    <ele>2730.9</ele>
    <time>2026-06-19T17:53:31Z</time>
   </trkpt>
   <trkpt lat="39.8156580" lon="-105.5128400">
    <ele>2730.9</ele>
    <time>2026-06-19T17:53:32Z</time>
   </trkpt>
   <trkpt lat="39.8156580" lon="-105.5128200">
    <ele>2730.8</ele>
    <time>2026-06-19T17:53:33Z</time>
   </trkpt>
   <trkpt lat="39.8156540" lon="-105.5128020">
    <ele>2730.8</ele>
    <time>2026-06-19T17:53:34Z</time>
   </trkpt>
   <trkpt lat="39.8156370" lon="-105.5127660">
    <ele>2730.7</ele>
    <time>2026-06-19T17:53:35Z</time>
   </trkpt>
   <trkpt lat="39.8156330" lon="-105.5127540">
    <ele>2730.6</ele>
    <time>2026-06-19T17:53:36Z</time>
   </trkpt>
   <trkpt lat="39.8156360" lon="-105.5127180">
    <ele>2730.5</ele>
    <time>2026-06-19T17:53:37Z</time>
   </trkpt>
   <trkpt lat="39.8156380" lon="-105.5127060">
    <ele>2730.4</ele>
    <time>2026-06-19T17:53:38Z</time>
   </trkpt>
   <trkpt lat="39.8156440" lon="-105.5126850">
    <ele>2730.3</ele>
    <time>2026-06-19T17:53:39Z</time>
   </trkpt>
   <trkpt lat="39.8156440" lon="-105.5126850">
    <ele>2730.3</ele>
    <time>2026-06-19T17:53:40Z</time>
   </trkpt>
   <trkpt lat="39.8156450" lon="-105.5126850">
    <ele>2730.2</ele>
    <time>2026-06-19T17:53:41Z</time>
   </trkpt>
   <trkpt lat="39.8156450" lon="-105.5126840">
    <ele>2730.2</ele>
    <time>2026-06-19T17:53:42Z</time>
   </trkpt>
   <trkpt lat="39.8156460" lon="-105.5126840">
    <ele>2730.2</ele>
    <time>2026-06-19T17:53:43Z</time>
   </trkpt>
   <trkpt lat="39.8156460" lon="-105.5126840">
    <ele>2730.2</ele>
    <time>2026-06-19T17:53:44Z</time>
   </trkpt>
   <trkpt lat="39.8156470" lon="-105.5126840">
    <ele>2730.2</ele>
    <time>2026-06-19T17:53:45Z</time>
   </trkpt>
   <trkpt lat="39.8156470" lon="-105.5126840">
    <ele>2730.2</ele>
    <time>2026-06-19T17:53:46Z</time>
   </trkpt>
   <trkpt lat="39.8156480" lon="-105.5126840">
    <ele>2730.2</ele>
    <time>2026-06-19T17:53:47Z</time>
   </trkpt>
   <trkpt lat="39.8156480" lon="-105.5126840">
    <ele>2730.2</ele>
    <time>2026-06-19T17:53:48Z</time>
   </trkpt>
   <trkpt lat="39.8156490" lon="-105.5126840">
    <ele>2730.2</ele>
    <time>2026-06-19T17:53:49Z</time>
   </trkpt>
   <trkpt lat="39.8156490" lon="-105.5126830">
    <ele>2730.2</ele>
    <time>2026-06-19T17:53:50Z</time>
   </trkpt>
   <trkpt lat="39.8156500" lon="-105.5126830">
    <ele>2730.2</ele>
    <time>2026-06-19T17:53:56Z</time>
   </trkpt>
   <trkpt lat="39.8156500" lon="-105.5126830">
    <ele>2730.2</ele>
    <time>2026-06-19T17:53:57Z</time>
   </trkpt>
   <trkpt lat="39.8156510" lon="-105.5126830">
    <ele>2730.2</ele>
    <time>2026-06-19T17:53:58Z</time>
   </trkpt>
   <trkpt lat="39.8156510" lon="-105.5126830">
    <ele>2730.2</ele>
    <time>2026-06-19T17:53:59Z</time>
   </trkpt>
   <trkpt lat="39.8156520" lon="-105.5126830">
    <ele>2730.2</ele>
    <time>2026-06-19T17:54:00Z</time>
   </trkpt>
   <trkpt lat="39.8156520" lon="-105.5126830">
    <ele>2730.2</ele>
    <time>2026-06-19T17:54:01Z</time>
   </trkpt>
   <trkpt lat="39.8156530" lon="-105.5126820">
    <ele>2730.2</ele>
    <time>2026-06-19T17:54:02Z</time>
   </trkpt>
   <trkpt lat="39.8156530" lon="-105.5126820">
    <ele>2730.2</ele>
    <time>2026-06-19T17:54:03Z</time>
   </trkpt>
   <trkpt lat="39.8156540" lon="-105.5126820">
    <ele>2730.1</ele>
    <time>2026-06-19T17:54:04Z</time>
   </trkpt>
   <trkpt lat="39.8156540" lon="-105.5126820">
    <ele>2730.1</ele>
    <time>2026-06-19T17:54:05Z</time>
   </trkpt>
   <trkpt lat="39.8156550" lon="-105.5126820">
    <ele>2730.1</ele>
    <time>2026-06-19T17:54:08Z</time>
   </trkpt>
   <trkpt lat="39.8156550" lon="-105.5126820">
    <ele>2730.1</ele>
    <time>2026-06-19T17:54:09Z</time>
   </trkpt>
   <trkpt lat="39.8156560" lon="-105.5126820">
    <ele>2730.1</ele>
    <time>2026-06-19T17:54:10Z</time>
   </trkpt>
   <trkpt lat="39.8156560" lon="-105.5126810">
    <ele>2730.1</ele>
    <time>2026-06-19T17:54:11Z</time>
   </trkpt>
   <trkpt lat="39.8156570" lon="-105.5126810">
    <ele>2730.1</ele>
    <time>2026-06-19T17:54:12Z</time>
   </trkpt>
   <trkpt lat="39.8156570" lon="-105.5126810">
    <ele>2730.1</ele>
    <time>2026-06-19T17:54:13Z</time>
   </trkpt>
   <trkpt lat="39.8156580" lon="-105.5126810">
    <ele>2730.1</ele>
    <time>2026-06-19T17:54:14Z</time>
   </trkpt>
   <trkpt lat="39.8156580" lon="-105.5126810">
    <ele>2730.1</ele>
    <time>2026-06-19T17:54:15Z</time>
   </trkpt>
   <trkpt lat="39.8156590" lon="-105.5126810">
    <ele>2730.1</ele>
    <time>2026-06-19T17:54:16Z</time>
   </trkpt>
   <trkpt lat="39.8156590" lon="-105.5126810">
    <ele>2730.1</ele>
    <time>2026-06-19T17:54:17Z</time>
   </trkpt>
   <trkpt lat="39.8156600" lon="-105.5126810">
    <ele>2730.1</ele>
    <time>2026-06-19T17:54:18Z</time>
   </trkpt>
   <trkpt lat="39.8156600" lon="-105.5126800">
    <ele>2730.1</ele>
    <time>2026-06-19T17:55:25Z</time>
   </trkpt>
   <trkpt lat="39.8156610" lon="-105.5126800">
    <ele>2730.1</ele>
    <time>2026-06-19T17:55:26Z</time>
   </trkpt>
   <trkpt lat="39.8156610" lon="-105.5126800">
    <ele>2730.1</ele>
    <time>2026-06-19T17:55:27Z</time>
   </trkpt>
   <trkpt lat="39.8156620" lon="-105.5126800">
    <ele>2730.1</ele>
    <time>2026-06-19T17:55:28Z</time>
   </trkpt>
   <trkpt lat="39.8156570" lon="-105.5126630">
    <ele>2729.9</ele>
    <time>2026-06-19T17:55:29Z</time>
   </trkpt>
   <trkpt lat="39.8156560" lon="-105.5126600">
    <ele>2729.9</ele>
    <time>2026-06-19T17:55:30Z</time>
   </trkpt>
   <trkpt lat="39.8156550" lon="-105.5126580">
    <ele>2729.9</ele>
    <time>2026-06-19T17:55:31Z</time>
   </trkpt>
   <trkpt lat="39.8156540" lon="-105.5126560">
    <ele>2729.9</ele>
    <time>2026-06-19T17:55:32Z</time>
   </trkpt>
   <trkpt lat="39.8156530" lon="-105.5126540">
    <ele>2729.8</ele>
    <time>2026-06-19T17:55:33Z</time>
   </trkpt>
   <trkpt lat="39.8156510" lon="-105.5126510">
    <ele>2729.8</ele>
    <time>2026-06-19T17:55:34Z</time>
   </trkpt>
   <trkpt lat="39.8156500" lon="-105.5126490">
    <ele>2729.8</ele>
    <time>2026-06-19T17:56:21Z</time>
   </trkpt>
   <trkpt lat="39.8156490" lon="-105.5126470">
    <ele>2729.8</ele>
    <time>2026-06-19T17:56:22Z</time>
   </trkpt>
   <trkpt lat="39.8156480" lon="-105.5126450">
    <ele>2729.7</ele>
    <time>2026-06-19T17:56:23Z</time>
   </trkpt>
   <trkpt lat="39.8156470" lon="-105.5126420">
    <ele>2729.7</ele>
    <time>2026-06-19T17:56:24Z</time>
   </trkpt>
   <trkpt lat="39.8156460" lon="-105.5126400">
    <ele>2729.7</ele>
    <time>2026-06-19T17:56:25Z</time>
   </trkpt>
   <trkpt lat="39.8156470" lon="-105.5126410">
    <ele>2729.7</ele>
    <time>2026-06-19T17:56:26Z</time>
   </trkpt>
   <trkpt lat="39.8156520" lon="-105.5126550">
    <ele>2729.5</ele>
    <time>2026-06-19T17:56:27Z</time>
   </trkpt>
   <trkpt lat="39.8156520" lon="-105.5126550">
    <ele>2729.5</ele>
    <time>2026-06-19T17:56:28Z</time>
   </trkpt>
   <trkpt lat="39.8156520" lon="-105.5126550">
    <ele>2729.5</ele>
    <time>2026-06-19T17:56:29Z</time>
   </trkpt>
   <trkpt lat="39.8156520" lon="-105.5126550">
    <ele>2729.5</ele>
    <time>2026-06-19T17:56:30Z</time>
   </trkpt>
   <trkpt lat="39.8156620" lon="-105.5126620">
    <ele>2729.4</ele>
    <time>2026-06-19T17:56:31Z</time>
   </trkpt>
   <trkpt lat="39.8156620" lon="-105.5126620">
    <ele>2729.4</ele>
    <time>2026-06-19T17:56:32Z</time>
   </trkpt>
   <trkpt lat="39.8156620" lon="-105.5126620">
    <ele>2729.4</ele>
    <time>2026-06-19T17:56:33Z</time>
   </trkpt>
   <trkpt lat="39.8156540" lon="-105.5126250">
    <ele>2729.0</ele>
    <time>2026-06-19T17:56:49Z</time>
   </trkpt>
   <trkpt lat="39.8156560" lon="-105.5126000">
    <ele>2728.8</ele>
    <time>2026-06-19T17:56:50Z</time>
   </trkpt>
   <trkpt lat="39.8156400" lon="-105.5125550">
    <ele>2728.3</ele>
    <time>2026-06-19T17:56:51Z</time>
   </trkpt>
   <trkpt lat="39.8156360" lon="-105.5125400">
    <ele>2728.1</ele>
    <time>2026-06-19T17:56:52Z</time>
   </trkpt>
   <trkpt lat="39.8156470" lon="-105.5125300">
    <ele>2727.9</ele>
    <time>2026-06-19T17:56:53Z</time>
   </trkpt>
   <trkpt lat="39.8156470" lon="-105.5125070">
    <ele>2727.7</ele>
    <time>2026-06-19T17:56:54Z</time>
   </trkpt>
   <trkpt lat="39.8156320" lon="-105.5124750">
    <ele>2727.3</ele>
    <time>2026-06-19T17:56:55Z</time>
   </trkpt>
   <trkpt lat="39.8156270" lon="-105.5124600">
    <ele>2727.2</ele>
    <time>2026-06-19T17:56:56Z</time>
   </trkpt>
   <trkpt lat="39.8155980" lon="-105.5124310">
    <ele>2726.8</ele>
    <time>2026-06-19T17:56:57Z</time>
   </trkpt>
   <trkpt lat="39.8155600" lon="-105.5123840">
    <ele>2726.3</ele>
    <time>2026-06-19T17:56:58Z</time>
   </trkpt>
   <trkpt lat="39.8155190" lon="-105.5123760">
    <ele>2725.9</ele>
    <time>2026-06-19T17:56:59Z</time>
   </trkpt>
   <trkpt lat="39.8154880" lon="-105.5123560">
    <ele>2725.7</ele>
    <time>2026-06-19T17:57:00Z</time>
   </trkpt>
   <trkpt lat="39.8154620" lon="-105.5122820">
    <ele>2725.5</ele>
    <time>2026-06-19T17:57:01Z</time>
   </trkpt>
   <trkpt lat="39.8154560" lon="-105.5122280">
    <ele>2725.5</ele>
    <time>2026-06-19T17:57:02Z</time>
   </trkpt>
   <trkpt lat="39.8154340" lon="-105.5121990">
    <ele>2725.5</ele>
    <time>2026-06-19T17:57:03Z</time>
   </trkpt>
   <trkpt lat="39.8154000" lon="-105.5121950">
    <ele>2725.5</ele>
    <time>2026-06-19T17:57:04Z</time>
   </trkpt>
   <trkpt lat="39.8153620" lon="-105.5121610">
    <ele>2725.4</ele>
    <time>2026-06-19T17:57:05Z</time>
   </trkpt>
   <trkpt lat="39.8153280" lon="-105.5121290">
    <ele>2725.4</ele>
    <time>2026-06-19T17:57:06Z</time>
   </trkpt>
   <trkpt lat="39.8153150" lon="-105.5121130">
    <ele>2725.4</ele>
    <time>2026-06-19T17:57:07Z</time>
   </trkpt>
   <trkpt lat="39.8152940" lon="-105.5120820">
    <ele>2725.4</ele>
    <time>2026-06-19T17:57:08Z</time>
   </trkpt>
   <trkpt lat="39.8152750" lon="-105.5120400">
    <ele>2725.3</ele>
    <time>2026-06-19T17:57:09Z</time>
   </trkpt>
   <trkpt lat="39.8152580" lon="-105.5119990">
    <ele>2725.3</ele>
    <time>2026-06-19T17:57:10Z</time>
   </trkpt>
   <trkpt lat="39.8152300" lon="-105.5119650">
    <ele>2725.2</ele>
    <time>2026-06-19T17:57:11Z</time>
   </trkpt>
   <trkpt lat="39.8152060" lon="-105.5119380">
    <ele>2725.2</ele>
    <time>2026-06-19T17:57:12Z</time>
   </trkpt>
   <trkpt lat="39.8151880" lon="-105.5118970">
    <ele>2725.2</ele>
    <time>2026-06-19T17:57:13Z</time>
   </trkpt>
   <trkpt lat="39.8151850" lon="-105.5118550">
    <ele>2725.1</ele>
    <time>2026-06-19T17:57:14Z</time>
   </trkpt>
   <trkpt lat="39.8151780" lon="-105.5118300">
    <ele>2725.1</ele>
    <time>2026-06-19T17:57:15Z</time>
   </trkpt>
   <trkpt lat="39.8151700" lon="-105.5117910">
    <ele>2725.1</ele>
    <time>2026-06-19T17:57:16Z</time>
   </trkpt>
   <trkpt lat="39.8151480" lon="-105.5117190">
    <ele>2725.2</ele>
    <time>2026-06-19T17:57:17Z</time>
   </trkpt>
   <trkpt lat="39.8151460" lon="-105.5116570">
    <ele>2725.3</ele>
    <time>2026-06-19T17:57:18Z</time>
   </trkpt>
   <trkpt lat="39.8151430" lon="-105.5116250">
    <ele>2725.3</ele>
    <time>2026-06-19T17:57:19Z</time>
   </trkpt>
   <trkpt lat="39.8151460" lon="-105.5116120">
    <ele>2725.3</ele>
    <time>2026-06-19T17:57:20Z</time>
   </trkpt>
   <trkpt lat="39.8151530" lon="-105.5115750">
    <ele>2725.4</ele>
    <time>2026-06-19T17:57:21Z</time>
   </trkpt>
   <trkpt lat="39.8151580" lon="-105.5115290">
    <ele>2725.4</ele>
    <time>2026-06-19T17:57:22Z</time>
   </trkpt>
   <trkpt lat="39.8151610" lon="-105.5114850">
    <ele>2725.5</ele>
    <time>2026-06-19T17:57:23Z</time>
   </trkpt>
   <trkpt lat="39.8151520" lon="-105.5114400">
    <ele>2725.5</ele>
    <time>2026-06-19T17:57:24Z</time>
   </trkpt>
   <trkpt lat="39.8151460" lon="-105.5113940">
    <ele>2725.6</ele>
    <time>2026-06-19T17:57:25Z</time>
   </trkpt>
   <trkpt lat="39.8151220" lon="-105.5113570">
    <ele>2725.6</ele>
    <time>2026-06-19T17:57:26Z</time>
   </trkpt>
   <trkpt lat="39.8151050" lon="-105.5113520">
    <ele>2725.6</ele>
    <time>2026-06-19T17:57:27Z</time>
   </trkpt>
   <trkpt lat="39.8150730" lon="-105.5113490">
    <ele>2725.6</ele>
    <time>2026-06-19T17:57:28Z</time>
   </trkpt>
   <trkpt lat="39.8150490" lon="-105.5113210">
    <ele>2725.6</ele>
    <time>2026-06-19T17:57:29Z</time>
   </trkpt>
   <trkpt lat="39.8150460" lon="-105.5113130">
    <ele>2725.6</ele>
    <time>2026-06-19T17:57:30Z</time>
   </trkpt>
   <trkpt lat="39.8150450" lon="-105.5112960">
    <ele>2725.6</ele>
    <time>2026-06-19T17:57:31Z</time>
   </trkpt>
   <trkpt lat="39.8150550" lon="-105.5112850">
    <ele>2725.7</ele>
    <time>2026-06-19T17:57:32Z</time>
   </trkpt>
   <trkpt lat="39.8150630" lon="-105.5112740">
    <ele>2725.7</ele>
    <time>2026-06-19T17:57:33Z</time>
   </trkpt>
   <trkpt lat="39.8150680" lon="-105.5112650">
    <ele>2725.7</ele>
    <time>2026-06-19T17:57:34Z</time>
   </trkpt>
   <trkpt lat="39.8150780" lon="-105.5112410">
    <ele>2725.8</ele>
    <time>2026-06-19T17:57:35Z</time>
   </trkpt>
   <trkpt lat="39.8150850" lon="-105.5112060">
    <ele>2726.0</ele>
    <time>2026-06-19T17:57:36Z</time>
   </trkpt>
   <trkpt lat="39.8150860" lon="-105.5111940">
    <ele>2726.0</ele>
    <time>2026-06-19T17:57:37Z</time>
   </trkpt>
   <trkpt lat="39.8150750" lon="-105.5111620">
    <ele>2726.2</ele>
    <time>2026-06-19T17:57:38Z</time>
   </trkpt>
   <trkpt lat="39.8150630" lon="-105.5111480">
    <ele>2726.3</ele>
    <time>2026-06-19T17:57:39Z</time>
   </trkpt>
   <trkpt lat="39.8150460" lon="-105.5111410">
    <ele>2726.4</ele>
    <time>2026-06-19T17:57:40Z</time>
   </trkpt>
   <trkpt lat="39.8150270" lon="-105.5111440">
    <ele>2726.5</ele>
    <time>2026-06-19T17:57:41Z</time>
   </trkpt>
   <trkpt lat="39.8150090" lon="-105.5111480">
    <ele>2726.6</ele>
    <time>2026-06-19T17:57:42Z</time>
   </trkpt>
   <trkpt lat="39.8149980" lon="-105.5111370">
    <ele>2726.7</ele>
    <time>2026-06-19T17:57:43Z</time>
   </trkpt>
   <trkpt lat="39.8149900" lon="-105.5111230">
    <ele>2726.7</ele>
    <time>2026-06-19T17:57:44Z</time>
   </trkpt>
   <trkpt lat="39.8149940" lon="-105.5111050">
    <ele>2726.8</ele>
    <time>2026-06-19T17:57:45Z</time>
   </trkpt>
   <trkpt lat="39.8149940" lon="-105.5111070">
    <ele>2726.8</ele>
    <time>2026-06-19T17:57:46Z</time>
   </trkpt>
   <trkpt lat="39.8149990" lon="-105.5110990">
    <ele>2726.9</ele>
    <time>2026-06-19T17:57:47Z</time>
   </trkpt>
   <trkpt lat="39.8150000" lon="-105.5110820">
    <ele>2726.9</ele>
    <time>2026-06-19T17:57:48Z</time>
   </trkpt>
   <trkpt lat="39.8150000" lon="-105.5110780">
    <ele>2726.9</ele>
    <time>2026-06-19T17:57:49Z</time>
   </trkpt>
   <trkpt lat="39.8150000" lon="-105.5110730">
    <ele>2726.9</ele>
    <time>2026-06-19T17:57:50Z</time>
   </trkpt>
   <trkpt lat="39.8150000" lon="-105.5110690">
    <ele>2726.9</ele>
    <time>2026-06-19T17:57:51Z</time>
   </trkpt>
   <trkpt lat="39.8150000" lon="-105.5110640">
    <ele>2727.0</ele>
    <time>2026-06-19T17:57:52Z</time>
   </trkpt>
   <trkpt lat="39.8150000" lon="-105.5110590">
    <ele>2727.0</ele>
    <time>2026-06-19T17:57:53Z</time>
   </trkpt>
   <trkpt lat="39.8150000" lon="-105.5110550">
    <ele>2727.0</ele>
    <time>2026-06-19T17:57:54Z</time>
   </trkpt>
   <trkpt lat="39.8150000" lon="-105.5110500">
    <ele>2727.0</ele>
    <time>2026-06-19T17:57:55Z</time>
   </trkpt>
   <trkpt lat="39.8149900" lon="-105.5110190">
    <ele>2727.1</ele>
    <time>2026-06-19T17:57:56Z</time>
   </trkpt>
   <trkpt lat="39.8149880" lon="-105.5110060">
    <ele>2727.1</ele>
    <time>2026-06-19T17:57:57Z</time>
   </trkpt>
   <trkpt lat="39.8149860" lon="-105.5109580">
    <ele>2727.2</ele>
    <time>2026-06-19T17:57:58Z</time>
   </trkpt>
   <trkpt lat="39.8149850" lon="-105.5109380">
    <ele>2727.2</ele>
    <time>2026-06-19T17:57:59Z</time>
   </trkpt>
   <trkpt lat="39.8149870" lon="-105.5108870">
    <ele>2727.3</ele>
    <time>2026-06-19T17:58:00Z</time>
   </trkpt>
   <trkpt lat="39.8149900" lon="-105.5108690">
    <ele>2727.3</ele>
    <time>2026-06-19T17:58:01Z</time>
   </trkpt>
   <trkpt lat="39.8149920" lon="-105.5108230">
    <ele>2727.3</ele>
    <time>2026-06-19T17:58:02Z</time>
   </trkpt>
   <trkpt lat="39.8149950" lon="-105.5108000">
    <ele>2727.3</ele>
    <time>2026-06-19T17:58:03Z</time>
   </trkpt>
   <trkpt lat="39.8149910" lon="-105.5107870">
    <ele>2727.3</ele>
    <time>2026-06-19T17:58:04Z</time>
   </trkpt>
   <trkpt lat="39.8149870" lon="-105.5107730">
    <ele>2727.3</ele>
    <time>2026-06-19T17:58:05Z</time>
   </trkpt>
   <trkpt lat="39.8149870" lon="-105.5107260">
    <ele>2727.2</ele>
    <time>2026-06-19T17:58:06Z</time>
   </trkpt>
   <trkpt lat="39.8149830" lon="-105.5107110">
    <ele>2727.2</ele>
    <time>2026-06-19T17:58:07Z</time>
   </trkpt>
   <trkpt lat="39.8149960" lon="-105.5106770">
    <ele>2727.1</ele>
    <time>2026-06-19T17:58:08Z</time>
   </trkpt>
   <trkpt lat="39.8150240" lon="-105.5106550">
    <ele>2727.1</ele>
    <time>2026-06-19T17:58:09Z</time>
   </trkpt>
   <trkpt lat="39.8150350" lon="-105.5106500">
    <ele>2727.0</ele>
    <time>2026-06-19T17:58:10Z</time>
   </trkpt>
   <trkpt lat="39.8150470" lon="-105.5106120">
    <ele>2726.9</ele>
    <time>2026-06-19T17:58:11Z</time>
   </trkpt>
   <trkpt lat="39.8150450" lon="-105.5105930">
    <ele>2726.9</ele>
    <time>2026-06-19T17:58:12Z</time>
   </trkpt>
   <trkpt lat="39.8150250" lon="-105.5105600">
    <ele>2726.9</ele>
    <time>2026-06-19T17:58:13Z</time>
   </trkpt>
   <trkpt lat="39.8150070" lon="-105.5105180">
    <ele>2726.8</ele>
    <time>2026-06-19T17:58:14Z</time>
   </trkpt>
   <trkpt lat="39.8150070" lon="-105.5105000">
    <ele>2726.8</ele>
    <time>2026-06-19T17:58:15Z</time>
   </trkpt>
   <trkpt lat="39.8150290" lon="-105.5104650">
    <ele>2726.9</ele>
    <time>2026-06-19T17:58:16Z</time>
   </trkpt>
   <trkpt lat="39.8150520" lon="-105.5104470">
    <ele>2727.0</ele>
    <time>2026-06-19T17:58:17Z</time>
   </trkpt>
   <trkpt lat="39.8150630" lon="-105.5104090">
    <ele>2727.1</ele>
    <time>2026-06-19T17:58:19Z</time>
   </trkpt>
   <trkpt lat="39.8150580" lon="-105.5103970">
    <ele>2727.1</ele>
    <time>2026-06-19T17:58:20Z</time>
   </trkpt>
   <trkpt lat="39.8150350" lon="-105.5103490">
    <ele>2727.3</ele>
    <time>2026-06-19T17:58:21Z</time>
   </trkpt>
   <trkpt lat="39.8150210" lon="-105.5103170">
    <ele>2727.5</ele>
    <time>2026-06-19T17:58:22Z</time>
   </trkpt>
   <trkpt lat="39.8150260" lon="-105.5102690">
    <ele>2727.6</ele>
    <time>2026-06-19T17:58:23Z</time>
   </trkpt>
   <trkpt lat="39.8150290" lon="-105.5102500">
    <ele>2727.7</ele>
    <time>2026-06-19T17:58:24Z</time>
   </trkpt>
   <trkpt lat="39.8150400" lon="-105.5102040">
    <ele>2727.8</ele>
    <time>2026-06-19T17:58:25Z</time>
   </trkpt>
   <trkpt lat="39.8150510" lon="-105.5101840">
    <ele>2727.8</ele>
    <time>2026-06-19T17:58:26Z</time>
   </trkpt>
   <trkpt lat="39.8150470" lon="-105.5101770">
    <ele>2727.8</ele>
    <time>2026-06-19T17:58:27Z</time>
   </trkpt>
   <trkpt lat="39.8150320" lon="-105.5101490">
    <ele>2727.8</ele>
    <time>2026-06-19T17:58:28Z</time>
   </trkpt>
   <trkpt lat="39.8150290" lon="-105.5101040">
    <ele>2727.8</ele>
    <time>2026-06-19T17:58:29Z</time>
   </trkpt>
   <trkpt lat="39.8150260" lon="-105.5100810">
    <ele>2727.7</ele>
    <time>2026-06-19T17:58:30Z</time>
   </trkpt>
   <trkpt lat="39.8150140" lon="-105.5100520">
    <ele>2727.7</ele>
    <time>2026-06-19T17:58:31Z</time>
   </trkpt>
   <trkpt lat="39.8150050" lon="-105.5100420">
    <ele>2727.7</ele>
    <time>2026-06-19T17:58:32Z</time>
   </trkpt>
   <trkpt lat="39.8150060" lon="-105.5100000">
    <ele>2727.6</ele>
    <time>2026-06-19T17:58:33Z</time>
   </trkpt>
   <trkpt lat="39.8150080" lon="-105.5099410">
    <ele>2727.5</ele>
    <time>2026-06-19T17:58:34Z</time>
   </trkpt>
   <trkpt lat="39.8150070" lon="-105.5099110">
    <ele>2727.5</ele>
    <time>2026-06-19T17:58:35Z</time>
   </trkpt>
   <trkpt lat="39.8149990" lon="-105.5098920">
    <ele>2727.5</ele>
    <time>2026-06-19T17:58:36Z</time>
   </trkpt>
   <trkpt lat="39.8149950" lon="-105.5098720">
    <ele>2727.5</ele>
    <time>2026-06-19T17:58:37Z</time>
   </trkpt>
   <trkpt lat="39.8149920" lon="-105.5098510">
    <ele>2727.5</ele>
    <time>2026-06-19T17:58:38Z</time>
   </trkpt>
   <trkpt lat="39.8149820" lon="-105.5097900">
    <ele>2727.5</ele>
    <time>2026-06-19T17:58:39Z</time>
   </trkpt>
   <trkpt lat="39.8149820" lon="-105.5097940">
    <ele>2727.5</ele>
    <time>2026-06-19T17:58:40Z</time>
   </trkpt>
   <trkpt lat="39.8149790" lon="-105.5097470">
    <ele>2727.5</ele>
    <time>2026-06-19T17:58:41Z</time>
   </trkpt>
   <trkpt lat="39.8149780" lon="-105.5097050">
    <ele>2727.6</ele>
    <time>2026-06-19T17:58:42Z</time>
   </trkpt>
   <trkpt lat="39.8149760" lon="-105.5096880">
    <ele>2727.6</ele>
    <time>2026-06-19T17:58:43Z</time>
   </trkpt>
   <trkpt lat="39.8149630" lon="-105.5096510">
    <ele>2727.7</ele>
    <time>2026-06-19T17:58:44Z</time>
   </trkpt>
   <trkpt lat="39.8149570" lon="-105.5096410">
    <ele>2727.7</ele>
    <time>2026-06-19T17:58:45Z</time>
   </trkpt>
   <trkpt lat="39.8149500" lon="-105.5095840">
    <ele>2727.8</ele>
    <time>2026-06-19T17:58:46Z</time>
   </trkpt>
   <trkpt lat="39.8149450" lon="-105.5095610">
    <ele>2727.8</ele>
    <time>2026-06-19T17:58:47Z</time>
   </trkpt>
   <trkpt lat="39.8149420" lon="-105.5095200">
    <ele>2728.0</ele>
    <time>2026-06-19T17:58:48Z</time>
   </trkpt>
   <trkpt lat="39.8149400" lon="-105.5094960">
    <ele>2728.0</ele>
    <time>2026-06-19T17:58:49Z</time>
   </trkpt>
   <trkpt lat="39.8149480" lon="-105.5094530">
    <ele>2728.2</ele>
    <time>2026-06-19T17:58:50Z</time>
   </trkpt>
   <trkpt lat="39.8149640" lon="-105.5094210">
    <ele>2728.3</ele>
    <time>2026-06-19T17:58:51Z</time>
   </trkpt>
   <trkpt lat="39.8149750" lon="-105.5093750">
    <ele>2728.5</ele>
    <time>2026-06-19T17:58:52Z</time>
   </trkpt>
   <trkpt lat="39.8149780" lon="-105.5093560">
    <ele>2728.5</ele>
    <time>2026-06-19T17:58:53Z</time>
   </trkpt>
   <trkpt lat="39.8149830" lon="-105.5093130">
    <ele>2728.7</ele>
    <time>2026-06-19T17:58:54Z</time>
   </trkpt>
   <trkpt lat="39.8150110" lon="-105.5092550">
    <ele>2729.0</ele>
    <time>2026-06-19T17:58:55Z</time>
   </trkpt>
   <trkpt lat="39.8150150" lon="-105.5092110">
    <ele>2729.1</ele>
    <time>2026-06-19T17:58:56Z</time>
   </trkpt>
   <trkpt lat="39.8150330" lon="-105.5091810">
    <ele>2729.2</ele>
    <time>2026-06-19T17:58:57Z</time>
   </trkpt>
   <trkpt lat="39.8150560" lon="-105.5091390">
    <ele>2729.4</ele>
    <time>2026-06-19T17:58:58Z</time>
   </trkpt>
   <trkpt lat="39.8150720" lon="-105.5090770">
    <ele>2729.6</ele>
    <time>2026-06-19T17:58:59Z</time>
   </trkpt>
   <trkpt lat="39.8150620" lon="-105.5090390">
    <ele>2729.7</ele>
    <time>2026-06-19T17:59:00Z</time>
   </trkpt>
   <trkpt lat="39.8150530" lon="-105.5090340">
    <ele>2729.7</ele>
    <time>2026-06-19T17:59:01Z</time>
   </trkpt>
   <trkpt lat="39.8150320" lon="-105.5090270">
    <ele>2729.9</ele>
    <time>2026-06-19T17:59:02Z</time>
   </trkpt>
   <trkpt lat="39.8150160" lon="-105.5090190">
    <ele>2729.9</ele>
    <time>2026-06-19T17:59:03Z</time>
   </trkpt>
   <trkpt lat="39.8149900" lon="-105.5090210">
    <ele>2730.1</ele>
    <time>2026-06-19T17:59:04Z</time>
   </trkpt>
   <trkpt lat="39.8149790" lon="-105.5090150">
    <ele>2730.1</ele>
    <time>2026-06-19T17:59:05Z</time>
   </trkpt>
   <trkpt lat="39.8149610" lon="-105.5090030">
    <ele>2730.2</ele>
    <time>2026-06-19T17:59:06Z</time>
   </trkpt>
   <trkpt lat="39.8149470" lon="-105.5089970">
    <ele>2730.3</ele>
    <time>2026-06-19T17:59:07Z</time>
   </trkpt>
   <trkpt lat="39.8149320" lon="-105.5089910">
    <ele>2730.4</ele>
    <time>2026-06-19T17:59:08Z</time>
   </trkpt>
   <trkpt lat="39.8149020" lon="-105.5089720">
    <ele>2730.5</ele>
    <time>2026-06-19T17:59:09Z</time>
   </trkpt>
   <trkpt lat="39.8148750" lon="-105.5089500">
    <ele>2730.6</ele>
    <time>2026-06-19T17:59:10Z</time>
   </trkpt>
   <trkpt lat="39.8148410" lon="-105.5089080">
    <ele>2730.8</ele>
    <time>2026-06-19T17:59:11Z</time>
   </trkpt>
   <trkpt lat="39.8148250" lon="-105.5088830">
    <ele>2730.8</ele>
    <time>2026-06-19T17:59:12Z</time>
   </trkpt>
   <trkpt lat="39.8148210" lon="-105.5088670">
    <ele>2730.8</ele>
    <time>2026-06-19T17:59:13Z</time>
   </trkpt>
   <trkpt lat="39.8148100" lon="-105.5088440">
    <ele>2730.9</ele>
    <time>2026-06-19T17:59:14Z</time>
   </trkpt>
   <trkpt lat="39.8147920" lon="-105.5088040">
    <ele>2730.9</ele>
    <time>2026-06-19T17:59:15Z</time>
   </trkpt>
   <trkpt lat="39.8147860" lon="-105.5087900">
    <ele>2730.9</ele>
    <time>2026-06-19T17:59:16Z</time>
   </trkpt>
   <trkpt lat="39.8147640" lon="-105.5087550">
    <ele>2731.0</ele>
    <time>2026-06-19T17:59:17Z</time>
   </trkpt>
   <trkpt lat="39.8147510" lon="-105.5087420">
    <ele>2731.1</ele>
    <time>2026-06-19T17:59:18Z</time>
   </trkpt>
   <trkpt lat="39.8147520" lon="-105.5087030">
    <ele>2731.2</ele>
    <time>2026-06-19T17:59:19Z</time>
   </trkpt>
   <trkpt lat="39.8147580" lon="-105.5086660">
    <ele>2731.2</ele>
    <time>2026-06-19T17:59:20Z</time>
   </trkpt>
   <trkpt lat="39.8147750" lon="-105.5086330">
    <ele>2731.4</ele>
    <time>2026-06-19T17:59:21Z</time>
   </trkpt>
   <trkpt lat="39.8147810" lon="-105.5086210">
    <ele>2731.4</ele>
    <time>2026-06-19T17:59:22Z</time>
   </trkpt>
   <trkpt lat="39.8148140" lon="-105.5086080">
    <ele>2731.6</ele>
    <time>2026-06-19T17:59:23Z</time>
   </trkpt>
   <trkpt lat="39.8148300" lon="-105.5086190">
    <ele>2731.7</ele>
    <time>2026-06-19T17:59:24Z</time>
   </trkpt>
   <trkpt lat="39.8148570" lon="-105.5086140">
    <ele>2731.8</ele>
    <time>2026-06-19T17:59:25Z</time>
   </trkpt>
   <trkpt lat="39.8148660" lon="-105.5086120">
    <ele>2731.9</ele>
    <time>2026-06-19T17:59:26Z</time>
   </trkpt>
   <trkpt lat="39.8148840" lon="-105.5086150">
    <ele>2732.0</ele>
    <time>2026-06-19T17:59:27Z</time>
   </trkpt>
   <trkpt lat="39.8149140" lon="-105.5086050">
    <ele>2732.2</ele>
    <time>2026-06-19T17:59:28Z</time>
   </trkpt>
   <trkpt lat="39.8149200" lon="-105.5086030">
    <ele>2732.3</ele>
    <time>2026-06-19T17:59:29Z</time>
   </trkpt>
   <trkpt lat="39.8149350" lon="-105.5085780">
    <ele>2732.4</ele>
    <time>2026-06-19T17:59:30Z</time>
   </trkpt>
   <trkpt lat="39.8149420" lon="-105.5085630">
    <ele>2732.5</ele>
    <time>2026-06-19T17:59:31Z</time>
   </trkpt>
   <trkpt lat="39.8149380" lon="-105.5085540">
    <ele>2732.6</ele>
    <time>2026-06-19T17:59:32Z</time>
   </trkpt>
   <trkpt lat="39.8149450" lon="-105.5085580">
    <ele>2732.6</ele>
    <time>2026-06-19T17:59:33Z</time>
   </trkpt>
   <trkpt lat="39.8149530" lon="-105.5085610">
    <ele>2732.7</ele>
    <time>2026-06-19T17:59:34Z</time>
   </trkpt>
   <trkpt lat="39.8149490" lon="-105.5085550">
    <ele>2732.7</ele>
    <time>2026-06-19T17:59:35Z</time>
   </trkpt>
   <trkpt lat="39.8149440" lon="-105.5085550">
    <ele>2732.7</ele>
    <time>2026-06-19T17:59:36Z</time>
   </trkpt>
   <trkpt lat="39.8149470" lon="-105.5085540">
    <ele>2732.8</ele>
    <time>2026-06-19T17:59:37Z</time>
   </trkpt>
   <trkpt lat="39.8149470" lon="-105.5085550">
    <ele>2732.8</ele>
    <time>2026-06-19T17:59:38Z</time>
   </trkpt>
   <trkpt lat="39.8149470" lon="-105.5085550">
    <ele>2732.8</ele>
    <time>2026-06-19T17:59:39Z</time>
   </trkpt>
   <trkpt lat="39.8149470" lon="-105.5085550">
    <ele>2732.8</ele>
    <time>2026-06-19T17:59:40Z</time>
   </trkpt>
   <trkpt lat="39.8150310" lon="-105.5085460">
    <ele>2733.4</ele>
    <time>2026-06-19T18:01:51Z</time>
   </trkpt>
   <trkpt lat="39.8150590" lon="-105.5085320">
    <ele>2733.5</ele>
    <time>2026-06-19T18:01:52Z</time>
   </trkpt>
   <trkpt lat="39.8150770" lon="-105.5085020">
    <ele>2733.7</ele>
    <time>2026-06-19T18:01:53Z</time>
   </trkpt>
   <trkpt lat="39.8150820" lon="-105.5084620">
    <ele>2733.9</ele>
    <time>2026-06-19T18:01:54Z</time>
   </trkpt>
   <trkpt lat="39.8150670" lon="-105.5084290">
    <ele>2734.1</ele>
    <time>2026-06-19T18:01:55Z</time>
   </trkpt>
   <trkpt lat="39.8150570" lon="-105.5083950">
    <ele>2734.2</ele>
    <time>2026-06-19T18:01:56Z</time>
   </trkpt>
   <trkpt lat="39.8150280" lon="-105.5083650">
    <ele>2734.4</ele>
    <time>2026-06-19T18:01:57Z</time>
   </trkpt>
   <trkpt lat="39.8149950" lon="-105.5083500">
    <ele>2734.6</ele>
    <time>2026-06-19T18:01:58Z</time>
   </trkpt>
   <trkpt lat="39.8149670" lon="-105.5083350">
    <ele>2734.7</ele>
    <time>2026-06-19T18:01:59Z</time>
   </trkpt>
   <trkpt lat="39.8149380" lon="-105.5083050">
    <ele>2734.8</ele>
    <time>2026-06-19T18:02:00Z</time>
   </trkpt>
   <trkpt lat="39.8149150" lon="-105.5082700">
    <ele>2734.9</ele>
    <time>2026-06-19T18:02:01Z</time>
   </trkpt>
   <trkpt lat="39.8149020" lon="-105.5082300">
    <ele>2735.0</ele>
    <time>2026-06-19T18:02:02Z</time>
   </trkpt>
   <trkpt lat="39.8148930" lon="-105.5081960">
    <ele>2735.1</ele>
    <time>2026-06-19T18:02:03Z</time>
   </trkpt>
   <trkpt lat="39.8148910" lon="-105.5081550">
    <ele>2735.3</ele>
    <time>2026-06-19T18:02:04Z</time>
   </trkpt>
   <trkpt lat="39.8148720" lon="-105.5081200">
    <ele>2735.5</ele>
    <time>2026-06-19T18:02:05Z</time>
   </trkpt>
   <trkpt lat="39.8148640" lon="-105.5081160">
    <ele>2735.5</ele>
    <time>2026-06-19T18:02:06Z</time>
   </trkpt>
   <trkpt lat="39.8148500" lon="-105.5081150">
    <ele>2735.6</ele>
    <time>2026-06-19T18:02:07Z</time>
   </trkpt>
   <trkpt lat="39.8148350" lon="-105.5081110">
    <ele>2735.7</ele>
    <time>2026-06-19T18:02:08Z</time>
   </trkpt>
   <trkpt lat="39.8148130" lon="-105.5080900">
    <ele>2735.9</ele>
    <time>2026-06-19T18:02:09Z</time>
   </trkpt>
   <trkpt lat="39.8147830" lon="-105.5080890">
    <ele>2736.1</ele>
    <time>2026-06-19T18:02:10Z</time>
   </trkpt>
   <trkpt lat="39.8147740" lon="-105.5080880">
    <ele>2736.2</ele>
    <time>2026-06-19T18:02:11Z</time>
   </trkpt>
   <trkpt lat="39.8147540" lon="-105.5080930">
    <ele>2736.4</ele>
    <time>2026-06-19T18:02:12Z</time>
   </trkpt>
   <trkpt lat="39.8147460" lon="-105.5080980">
    <ele>2736.4</ele>
    <time>2026-06-19T18:02:13Z</time>
   </trkpt>
   <trkpt lat="39.8147380" lon="-105.5081040">
    <ele>2736.5</ele>
    <time>2026-06-19T18:02:14Z</time>
   </trkpt>
   <trkpt lat="39.8147200" lon="-105.5081150">
    <ele>2736.7</ele>
    <time>2026-06-19T18:02:15Z</time>
   </trkpt>
   <trkpt lat="39.8147090" lon="-105.5081160">
    <ele>2736.8</ele>
    <time>2026-06-19T18:02:16Z</time>
   </trkpt>
   <trkpt lat="39.8147060" lon="-105.5081150">
    <ele>2736.8</ele>
    <time>2026-06-19T18:02:17Z</time>
   </trkpt>
   <trkpt lat="39.8147000" lon="-105.5081010">
    <ele>2736.9</ele>
    <time>2026-06-19T18:02:18Z</time>
   </trkpt>
   <trkpt lat="39.8147010" lon="-105.5080950">
    <ele>2737.0</ele>
    <time>2026-06-19T18:02:19Z</time>
   </trkpt>
   <trkpt lat="39.8147100" lon="-105.5081080">
    <ele>2737.1</ele>
    <time>2026-06-19T18:02:20Z</time>
   </trkpt>
   <trkpt lat="39.8147100" lon="-105.5081190">
    <ele>2737.2</ele>
    <time>2026-06-19T18:02:21Z</time>
   </trkpt>
   <trkpt lat="39.8147090" lon="-105.5081210">
    <ele>2737.2</ele>
    <time>2026-06-19T18:02:22Z</time>
   </trkpt>
   <trkpt lat="39.8147110" lon="-105.5081260">
    <ele>2737.2</ele>
    <time>2026-06-19T18:02:23Z</time>
   </trkpt>
   <trkpt lat="39.8147110" lon="-105.5081260">
    <ele>2737.2</ele>
    <time>2026-06-19T18:02:24Z</time>
   </trkpt>
   <trkpt lat="39.8147110" lon="-105.5081260">
    <ele>2737.2</ele>
    <time>2026-06-19T18:02:25Z</time>
   </trkpt>
   <trkpt lat="39.8147110" lon="-105.5081260">
    <ele>2737.2</ele>
    <time>2026-06-19T18:02:26Z</time>
   </trkpt>
   <trkpt lat="39.8147110" lon="-105.5081260">
    <ele>2737.2</ele>
    <time>2026-06-19T18:02:27Z</time>
   </trkpt>
   <trkpt lat="39.8147150" lon="-105.5081270">
    <ele>2737.3</ele>
    <time>2026-06-19T18:02:28Z</time>
   </trkpt>
   <trkpt lat="39.8146880" lon="-105.5081180">
    <ele>2737.5</ele>
    <time>2026-06-19T18:03:29Z</time>
   </trkpt>
   <trkpt lat="39.8146970" lon="-105.5081090">
    <ele>2737.7</ele>
    <time>2026-06-19T18:03:30Z</time>
   </trkpt>
   <trkpt lat="39.8146900" lon="-105.5081110">
    <ele>2737.7</ele>
    <time>2026-06-19T18:03:31Z</time>
   </trkpt>
   <trkpt lat="39.8146900" lon="-105.5081110">
    <ele>2737.7</ele>
    <time>2026-06-19T18:03:32Z</time>
   </trkpt>
   <trkpt lat="39.8146930" lon="-105.5081070">
    <ele>2737.8</ele>
    <time>2026-06-19T18:03:33Z</time>
   </trkpt>
   <trkpt lat="39.8146960" lon="-105.5081120">
    <ele>2737.8</ele>
    <time>2026-06-19T18:03:34Z</time>
   </trkpt>
   <trkpt lat="39.8146750" lon="-105.5081210">
    <ele>2738.0</ele>
    <time>2026-06-19T18:03:35Z</time>
   </trkpt>
   <trkpt lat="39.8146790" lon="-105.5081190">
    <ele>2738.1</ele>
    <time>2026-06-19T18:03:36Z</time>
   </trkpt>
   <trkpt lat="39.8146790" lon="-105.5081190">
    <ele>2738.1</ele>
    <time>2026-06-19T18:03:37Z</time>
   </trkpt>
   <trkpt lat="39.8146970" lon="-105.5081010">
    <ele>2738.3</ele>
    <time>2026-06-19T18:03:38Z</time>
   </trkpt>
   <trkpt lat="39.8146960" lon="-105.5081000">
    <ele>2738.3</ele>
    <time>2026-06-19T18:03:39Z</time>
   </trkpt>
   <trkpt lat="39.8146960" lon="-105.5081000">
    <ele>2738.3</ele>
    <time>2026-06-19T18:03:40Z</time>
   </trkpt>
   <trkpt lat="39.8146990" lon="-105.5080980">
    <ele>2738.3</ele>
    <time>2026-06-19T18:03:41Z</time>
   </trkpt>
   <trkpt lat="39.8146990" lon="-105.5080980">
    <ele>2738.3</ele>
    <time>2026-06-19T18:03:42Z</time>
   </trkpt>
   <trkpt lat="39.8146990" lon="-105.5080980">
    <ele>2738.3</ele>
    <time>2026-06-19T18:03:43Z</time>
   </trkpt>
   <trkpt lat="39.8147000" lon="-105.5081010">
    <ele>2738.3</ele>
    <time>2026-06-19T18:03:44Z</time>
   </trkpt>
   <trkpt lat="39.8146290" lon="-105.5080900">
    <ele>2738.5</ele>
    <time>2026-06-19T18:05:02Z</time>
   </trkpt>
   <trkpt lat="39.8145950" lon="-105.5080920">
    <ele>2738.6</ele>
    <time>2026-06-19T18:05:03Z</time>
   </trkpt>
   <trkpt lat="39.8145580" lon="-105.5080890">
    <ele>2738.7</ele>
    <time>2026-06-19T18:05:04Z</time>
   </trkpt>
   <trkpt lat="39.8145450" lon="-105.5080860">
    <ele>2738.8</ele>
    <time>2026-06-19T18:05:05Z</time>
   </trkpt>
   <trkpt lat="39.8145100" lon="-105.5080840">
    <ele>2738.8</ele>
    <time>2026-06-19T18:05:06Z</time>
   </trkpt>
   <trkpt lat="39.8144990" lon="-105.5080900">
    <ele>2738.9</ele>
    <time>2026-06-19T18:05:07Z</time>
   </trkpt>
   <trkpt lat="39.8144610" lon="-105.5080930">
    <ele>2739.0</ele>
    <time>2026-06-19T18:05:08Z</time>
   </trkpt>
   <trkpt lat="39.8144150" lon="-105.5080830">
    <ele>2739.0</ele>
    <time>2026-06-19T18:05:09Z</time>
   </trkpt>
   <trkpt lat="39.8143790" lon="-105.5080820">
    <ele>2739.1</ele>
    <time>2026-06-19T18:05:10Z</time>
   </trkpt>
   <trkpt lat="39.8143490" lon="-105.5080930">
    <ele>2739.2</ele>
    <time>2026-06-19T18:05:11Z</time>
   </trkpt>
   <trkpt lat="39.8143250" lon="-105.5080880">
    <ele>2739.2</ele>
    <time>2026-06-19T18:05:12Z</time>
   </trkpt>
   <trkpt lat="39.8143150" lon="-105.5080920">
    <ele>2739.3</ele>
    <time>2026-06-19T18:05:13Z</time>
   </trkpt>
   <trkpt lat="39.8143050" lon="-105.5080970">
    <ele>2739.3</ele>
    <time>2026-06-19T18:05:14Z</time>
   </trkpt>
   <trkpt lat="39.8142780" lon="-105.5081040">
    <ele>2739.4</ele>
    <time>2026-06-19T18:05:15Z</time>
   </trkpt>
   <trkpt lat="39.8142450" lon="-105.5081040">
    <ele>2739.5</ele>
    <time>2026-06-19T18:05:16Z</time>
   </trkpt>
   <trkpt lat="39.8142350" lon="-105.5081050">
    <ele>2739.5</ele>
    <time>2026-06-19T18:05:17Z</time>
   </trkpt>
   <trkpt lat="39.8142110" lon="-105.5081220">
    <ele>2739.6</ele>
    <time>2026-06-19T18:05:18Z</time>
   </trkpt>
   <trkpt lat="39.8141950" lon="-105.5081270">
    <ele>2739.6</ele>
    <time>2026-06-19T18:05:19Z</time>
   </trkpt>
   <trkpt lat="39.8141710" lon="-105.5081340">
    <ele>2739.6</ele>
    <time>2026-06-19T18:05:20Z</time>
   </trkpt>
   <trkpt lat="39.8141550" lon="-105.5081390">
    <ele>2739.7</ele>
    <time>2026-06-19T18:05:21Z</time>
   </trkpt>
   <trkpt lat="39.8141250" lon="-105.5081590">
    <ele>2739.8</ele>
    <time>2026-06-19T18:05:22Z</time>
   </trkpt>
   <trkpt lat="39.8140690" lon="-105.5081640">
    <ele>2739.9</ele>
    <time>2026-06-19T18:05:23Z</time>
   </trkpt>
   <trkpt lat="39.8140230" lon="-105.5081600">
    <ele>2740.1</ele>
    <time>2026-06-19T18:05:24Z</time>
   </trkpt>
   <trkpt lat="39.8140090" lon="-105.5081630">
    <ele>2740.1</ele>
    <time>2026-06-19T18:05:25Z</time>
   </trkpt>
   <trkpt lat="39.8139900" lon="-105.5081700">
    <ele>2740.2</ele>
    <time>2026-06-19T18:05:26Z</time>
   </trkpt>
   <trkpt lat="39.8139480" lon="-105.5081820">
    <ele>2740.4</ele>
    <time>2026-06-19T18:05:27Z</time>
   </trkpt>
   <trkpt lat="39.8139320" lon="-105.5081940">
    <ele>2740.4</ele>
    <time>2026-06-19T18:05:28Z</time>
   </trkpt>
   <trkpt lat="39.8139020" lon="-105.5082080">
    <ele>2740.5</ele>
    <time>2026-06-19T18:05:29Z</time>
   </trkpt>
   <trkpt lat="39.8138650" lon="-105.5082020">
    <ele>2740.7</ele>
    <time>2026-06-19T18:05:30Z</time>
   </trkpt>
   <trkpt lat="39.8138270" lon="-105.5082090">
    <ele>2740.8</ele>
    <time>2026-06-19T18:05:31Z</time>
   </trkpt>
   <trkpt lat="39.8137890" lon="-105.5082210">
    <ele>2740.9</ele>
    <time>2026-06-19T18:05:32Z</time>
   </trkpt>
   <trkpt lat="39.8137750" lon="-105.5082210">
    <ele>2741.0</ele>
    <time>2026-06-19T18:05:33Z</time>
   </trkpt>
   <trkpt lat="39.8137410" lon="-105.5082160">
    <ele>2741.1</ele>
    <time>2026-06-19T18:05:34Z</time>
   </trkpt>
   <trkpt lat="39.8137280" lon="-105.5082200">
    <ele>2741.2</ele>
    <time>2026-06-19T18:05:35Z</time>
   </trkpt>
   <trkpt lat="39.8136900" lon="-105.5082270">
    <ele>2741.3</ele>
    <time>2026-06-19T18:05:36Z</time>
   </trkpt>
   <trkpt lat="39.8136590" lon="-105.5082240">
    <ele>2741.5</ele>
    <time>2026-06-19T18:05:37Z</time>
   </trkpt>
   <trkpt lat="39.8136160" lon="-105.5082150">
    <ele>2741.7</ele>
    <time>2026-06-19T18:05:38Z</time>
   </trkpt>
   <trkpt lat="39.8135950" lon="-105.5081980">
    <ele>2741.8</ele>
    <time>2026-06-19T18:05:39Z</time>
   </trkpt>
   <trkpt lat="39.8135670" lon="-105.5081900">
    <ele>2741.9</ele>
    <time>2026-06-19T18:05:40Z</time>
   </trkpt>
   <trkpt lat="39.8135410" lon="-105.5081830">
    <ele>2741.9</ele>
    <time>2026-06-19T18:05:41Z</time>
   </trkpt>
   <trkpt lat="39.8135400" lon="-105.5081710">
    <ele>2742.0</ele>
    <time>2026-06-19T18:05:42Z</time>
   </trkpt>
   <trkpt lat="39.8135160" lon="-105.5081690">
    <ele>2742.0</ele>
    <time>2026-06-19T18:05:43Z</time>
   </trkpt>
   <trkpt lat="39.8135000" lon="-105.5081740">
    <ele>2742.0</ele>
    <time>2026-06-19T18:05:44Z</time>
   </trkpt>
   <trkpt lat="39.8134540" lon="-105.5081750">
    <ele>2742.0</ele>
    <time>2026-06-19T18:05:45Z</time>
   </trkpt>
   <trkpt lat="39.8134250" lon="-105.5081780">
    <ele>2742.0</ele>
    <time>2026-06-19T18:05:46Z</time>
   </trkpt>
   <trkpt lat="39.8133940" lon="-105.5081700">
    <ele>2742.0</ele>
    <time>2026-06-19T18:05:47Z</time>
   </trkpt>
   <trkpt lat="39.8133800" lon="-105.5081690">
    <ele>2741.9</ele>
    <time>2026-06-19T18:05:48Z</time>
   </trkpt>
   <trkpt lat="39.8133520" lon="-105.5081760">
    <ele>2741.9</ele>
    <time>2026-06-19T18:05:49Z</time>
   </trkpt>
   <trkpt lat="39.8133050" lon="-105.5081710">
    <ele>2741.7</ele>
    <time>2026-06-19T18:05:50Z</time>
   </trkpt>
   <trkpt lat="39.8132800" lon="-105.5081710">
    <ele>2741.6</ele>
    <time>2026-06-19T18:05:51Z</time>
   </trkpt>
   <trkpt lat="39.8132460" lon="-105.5081720">
    <ele>2741.4</ele>
    <time>2026-06-19T18:05:52Z</time>
   </trkpt>
   <trkpt lat="39.8132190" lon="-105.5081680">
    <ele>2741.3</ele>
    <time>2026-06-19T18:05:53Z</time>
   </trkpt>
   <trkpt lat="39.8131830" lon="-105.5081610">
    <ele>2741.0</ele>
    <time>2026-06-19T18:05:54Z</time>
   </trkpt>
   <trkpt lat="39.8131470" lon="-105.5081550">
    <ele>2740.8</ele>
    <time>2026-06-19T18:05:55Z</time>
   </trkpt>
   <trkpt lat="39.8131180" lon="-105.5081570">
    <ele>2740.6</ele>
    <time>2026-06-19T18:05:56Z</time>
   </trkpt>
   <trkpt lat="39.8130900" lon="-105.5081460">
    <ele>2740.5</ele>
    <time>2026-06-19T18:05:57Z</time>
   </trkpt>
   <trkpt lat="39.8130560" lon="-105.5081480">
    <ele>2740.3</ele>
    <time>2026-06-19T18:05:58Z</time>
   </trkpt>
   <trkpt lat="39.8130150" lon="-105.5081380">
    <ele>2740.1</ele>
    <time>2026-06-19T18:05:59Z</time>
   </trkpt>
   <trkpt lat="39.8129970" lon="-105.5081340">
    <ele>2740.0</ele>
    <time>2026-06-19T18:06:00Z</time>
   </trkpt>
   <trkpt lat="39.8129690" lon="-105.5081340">
    <ele>2740.0</ele>
    <time>2026-06-19T18:06:01Z</time>
   </trkpt>
   <trkpt lat="39.8129350" lon="-105.5081330">
    <ele>2739.9</ele>
    <time>2026-06-19T18:06:02Z</time>
   </trkpt>
   <trkpt lat="39.8129060" lon="-105.5081330">
    <ele>2739.9</ele>
    <time>2026-06-19T18:06:03Z</time>
   </trkpt>
   <trkpt lat="39.8128530" lon="-105.5081350">
    <ele>2739.9</ele>
    <time>2026-06-19T18:06:04Z</time>
   </trkpt>
   <trkpt lat="39.8128150" lon="-105.5081380">
    <ele>2740.0</ele>
    <time>2026-06-19T18:06:05Z</time>
   </trkpt>
   <trkpt lat="39.8127800" lon="-105.5081220">
    <ele>2740.1</ele>
    <time>2026-06-19T18:06:06Z</time>
   </trkpt>
   <trkpt lat="39.8127430" lon="-105.5081320">
    <ele>2740.2</ele>
    <time>2026-06-19T18:06:07Z</time>
   </trkpt>
   <trkpt lat="39.8127300" lon="-105.5081380">
    <ele>2740.3</ele>
    <time>2026-06-19T18:06:08Z</time>
   </trkpt>
   <trkpt lat="39.8126890" lon="-105.5081510">
    <ele>2740.5</ele>
    <time>2026-06-19T18:06:09Z</time>
   </trkpt>
   <trkpt lat="39.8126710" lon="-105.5081540">
    <ele>2740.6</ele>
    <time>2026-06-19T18:06:10Z</time>
   </trkpt>
   <trkpt lat="39.8126290" lon="-105.5081580">
    <ele>2740.9</ele>
    <time>2026-06-19T18:06:11Z</time>
   </trkpt>
   <trkpt lat="39.8126090" lon="-105.5081530">
    <ele>2741.1</ele>
    <time>2026-06-19T18:06:12Z</time>
   </trkpt>
   <trkpt lat="39.8125720" lon="-105.5081470">
    <ele>2741.4</ele>
    <time>2026-06-19T18:06:13Z</time>
   </trkpt>
   <trkpt lat="39.8125580" lon="-105.5081470">
    <ele>2741.5</ele>
    <time>2026-06-19T18:06:14Z</time>
   </trkpt>
   <trkpt lat="39.8125100" lon="-105.5081500">
    <ele>2741.9</ele>
    <time>2026-06-19T18:06:15Z</time>
   </trkpt>
   <trkpt lat="39.8124830" lon="-105.5081410">
    <ele>2742.1</ele>
    <time>2026-06-19T18:06:16Z</time>
   </trkpt>
   <trkpt lat="39.8124710" lon="-105.5081360">
    <ele>2742.2</ele>
    <time>2026-06-19T18:06:17Z</time>
   </trkpt>
   <trkpt lat="39.8124280" lon="-105.5081540">
    <ele>2742.4</ele>
    <time>2026-06-19T18:06:18Z</time>
   </trkpt>
   <trkpt lat="39.8124060" lon="-105.5081720">
    <ele>2742.5</ele>
    <time>2026-06-19T18:06:19Z</time>
   </trkpt>
   <trkpt lat="39.8123750" lon="-105.5081500">
    <ele>2742.7</ele>
    <time>2026-06-19T18:06:20Z</time>
   </trkpt>
   <trkpt lat="39.8123630" lon="-105.5081500">
    <ele>2742.7</ele>
    <time>2026-06-19T18:06:21Z</time>
   </trkpt>
   <trkpt lat="39.8123220" lon="-105.5081720">
    <ele>2742.8</ele>
    <time>2026-06-19T18:06:22Z</time>
   </trkpt>
   <trkpt lat="39.8122920" lon="-105.5081750">
    <ele>2742.9</ele>
    <time>2026-06-19T18:06:23Z</time>
   </trkpt>
   <trkpt lat="39.8122810" lon="-105.5081790">
    <ele>2742.9</ele>
    <time>2026-06-19T18:06:24Z</time>
   </trkpt>
   <trkpt lat="39.8122490" lon="-105.5081970">
    <ele>2743.0</ele>
    <time>2026-06-19T18:06:25Z</time>
   </trkpt>
   <trkpt lat="39.8122380" lon="-105.5082020">
    <ele>2743.1</ele>
    <time>2026-06-19T18:06:26Z</time>
   </trkpt>
   <trkpt lat="39.8122160" lon="-105.5082230">
    <ele>2743.2</ele>
    <time>2026-06-19T18:06:27Z</time>
   </trkpt>
   <trkpt lat="39.8121950" lon="-105.5082470">
    <ele>2743.2</ele>
    <time>2026-06-19T18:06:28Z</time>
   </trkpt>
   <trkpt lat="39.8121880" lon="-105.5082840">
    <ele>2743.3</ele>
    <time>2026-06-19T18:06:29Z</time>
   </trkpt>
   <trkpt lat="39.8121840" lon="-105.5082940">
    <ele>2743.3</ele>
    <time>2026-06-19T18:06:30Z</time>
   </trkpt>
   <trkpt lat="39.8121720" lon="-105.5083290">
    <ele>2743.4</ele>
    <time>2026-06-19T18:06:31Z</time>
   </trkpt>
   <trkpt lat="39.8121720" lon="-105.5083690">
    <ele>2743.5</ele>
    <time>2026-06-19T18:06:32Z</time>
   </trkpt>
   <trkpt lat="39.8121790" lon="-105.5083920">
    <ele>2743.5</ele>
    <time>2026-06-19T18:06:33Z</time>
   </trkpt>
   <trkpt lat="39.8121520" lon="-105.5084290">
    <ele>2743.6</ele>
    <time>2026-06-19T18:06:34Z</time>
   </trkpt>
   <trkpt lat="39.8121360" lon="-105.5084450">
    <ele>2743.7</ele>
    <time>2026-06-19T18:06:35Z</time>
   </trkpt>
   <trkpt lat="39.8121390" lon="-105.5084850">
    <ele>2743.7</ele>
    <time>2026-06-19T18:06:36Z</time>
   </trkpt>
   <trkpt lat="39.8121360" lon="-105.5084980">
    <ele>2743.7</ele>
    <time>2026-06-19T18:06:37Z</time>
   </trkpt>
   <trkpt lat="39.8121160" lon="-105.5085260">
    <ele>2743.8</ele>
    <time>2026-06-19T18:06:38Z</time>
   </trkpt>
   <trkpt lat="39.8121000" lon="-105.5085620">
    <ele>2743.8</ele>
    <time>2026-06-19T18:06:39Z</time>
   </trkpt>
   <trkpt lat="39.8120680" lon="-105.5086200">
    <ele>2743.9</ele>
    <time>2026-06-19T18:06:40Z</time>
   </trkpt>
   <trkpt lat="39.8120390" lon="-105.5086740">
    <ele>2743.9</ele>
    <time>2026-06-19T18:06:41Z</time>
   </trkpt>
   <trkpt lat="39.8120340" lon="-105.5086840">
    <ele>2744.0</ele>
    <time>2026-06-19T18:06:42Z</time>
   </trkpt>
   <trkpt lat="39.8120360" lon="-105.5087140">
    <ele>2744.0</ele>
    <time>2026-06-19T18:06:43Z</time>
   </trkpt>
   <trkpt lat="39.8120220" lon="-105.5087440">
    <ele>2744.1</ele>
    <time>2026-06-19T18:06:44Z</time>
   </trkpt>
   <trkpt lat="39.8119970" lon="-105.5087900">
    <ele>2744.2</ele>
    <time>2026-06-19T18:06:45Z</time>
   </trkpt>
   <trkpt lat="39.8119890" lon="-105.5088360">
    <ele>2744.4</ele>
    <time>2026-06-19T18:06:46Z</time>
   </trkpt>
   <trkpt lat="39.8119910" lon="-105.5088530">
    <ele>2744.4</ele>
    <time>2026-06-19T18:06:47Z</time>
   </trkpt>
   <trkpt lat="39.8119610" lon="-105.5088830">
    <ele>2744.6</ele>
    <time>2026-06-19T18:06:48Z</time>
   </trkpt>
   <trkpt lat="39.8119540" lon="-105.5089170">
    <ele>2744.8</ele>
    <time>2026-06-19T18:06:49Z</time>
   </trkpt>
   <trkpt lat="39.8119350" lon="-105.5089590">
    <ele>2745.0</ele>
    <time>2026-06-19T18:06:50Z</time>
   </trkpt>
   <trkpt lat="39.8118990" lon="-105.5090140">
    <ele>2745.3</ele>
    <time>2026-06-19T18:06:51Z</time>
   </trkpt>
   <trkpt lat="39.8118500" lon="-105.5090240">
    <ele>2745.7</ele>
    <time>2026-06-19T18:06:52Z</time>
   </trkpt>
   <trkpt lat="39.8118080" lon="-105.5090510">
    <ele>2746.0</ele>
    <time>2026-06-19T18:06:53Z</time>
   </trkpt>
   <trkpt lat="39.8117830" lon="-105.5090810">
    <ele>2746.3</ele>
    <time>2026-06-19T18:06:54Z</time>
   </trkpt>
   <trkpt lat="39.8117590" lon="-105.5091090">
    <ele>2746.6</ele>
    <time>2026-06-19T18:06:55Z</time>
   </trkpt>
   <trkpt lat="39.8117360" lon="-105.5091340">
    <ele>2746.9</ele>
    <time>2026-06-19T18:06:56Z</time>
   </trkpt>
   <trkpt lat="39.8117280" lon="-105.5091390">
    <ele>2746.9</ele>
    <time>2026-06-19T18:06:57Z</time>
   </trkpt>
   <trkpt lat="39.8117030" lon="-105.5091590">
    <ele>2747.2</ele>
    <time>2026-06-19T18:06:58Z</time>
   </trkpt>
   <trkpt lat="39.8116890" lon="-105.5091620">
    <ele>2747.3</ele>
    <time>2026-06-19T18:06:59Z</time>
   </trkpt>
   <trkpt lat="39.8116550" lon="-105.5091760">
    <ele>2747.6</ele>
    <time>2026-06-19T18:07:00Z</time>
   </trkpt>
   <trkpt lat="39.8116300" lon="-105.5091910">
    <ele>2747.8</ele>
    <time>2026-06-19T18:07:01Z</time>
   </trkpt>
   <trkpt lat="39.8115900" lon="-105.5091790">
    <ele>2748.1</ele>
    <time>2026-06-19T18:07:02Z</time>
   </trkpt>
   <trkpt lat="39.8115640" lon="-105.5091610">
    <ele>2748.3</ele>
    <time>2026-06-19T18:07:03Z</time>
   </trkpt>
   <trkpt lat="39.8115360" lon="-105.5091310">
    <ele>2748.5</ele>
    <time>2026-06-19T18:07:04Z</time>
   </trkpt>
   <trkpt lat="39.8115290" lon="-105.5091210">
    <ele>2748.6</ele>
    <time>2026-06-19T18:07:05Z</time>
   </trkpt>
   <trkpt lat="39.8115190" lon="-105.5090880">
    <ele>2748.8</ele>
    <time>2026-06-19T18:07:06Z</time>
   </trkpt>
   <trkpt lat="39.8115080" lon="-105.5090520">
    <ele>2749.1</ele>
    <time>2026-06-19T18:07:07Z</time>
   </trkpt>
   <trkpt lat="39.8114880" lon="-105.5090260">
    <ele>2749.4</ele>
    <time>2026-06-19T18:07:08Z</time>
   </trkpt>
   <trkpt lat="39.8114820" lon="-105.5090150">
    <ele>2749.5</ele>
    <time>2026-06-19T18:07:09Z</time>
   </trkpt>
   <trkpt lat="39.8114790" lon="-105.5090030">
    <ele>2749.6</ele>
    <time>2026-06-19T18:07:10Z</time>
   </trkpt>
   <trkpt lat="39.8114830" lon="-105.5089820">
    <ele>2749.7</ele>
    <time>2026-06-19T18:07:11Z</time>
   </trkpt>
   <trkpt lat="39.8114800" lon="-105.5089710">
    <ele>2749.8</ele>
    <time>2026-06-19T18:07:12Z</time>
   </trkpt>
   <trkpt lat="39.8114850" lon="-105.5089600">
    <ele>2749.9</ele>
    <time>2026-06-19T18:07:13Z</time>
   </trkpt>
   <trkpt lat="39.8115010" lon="-105.5089470">
    <ele>2750.1</ele>
    <time>2026-06-19T18:07:14Z</time>
   </trkpt>
   <trkpt lat="39.8115190" lon="-105.5089350">
    <ele>2750.2</ele>
    <time>2026-06-19T18:07:15Z</time>
   </trkpt>
   <trkpt lat="39.8115290" lon="-105.5089330">
    <ele>2750.3</ele>
    <time>2026-06-19T18:07:16Z</time>
   </trkpt>
   <trkpt lat="39.8115440" lon="-105.5089320">
    <ele>2750.4</ele>
    <time>2026-06-19T18:07:17Z</time>
   </trkpt>
   <trkpt lat="39.8115570" lon="-105.5089320">
    <ele>2750.5</ele>
    <time>2026-06-19T18:07:18Z</time>
   </trkpt>
   <trkpt lat="39.8115690" lon="-105.5089170">
    <ele>2750.6</ele>
    <time>2026-06-19T18:07:19Z</time>
   </trkpt>
   <trkpt lat="39.8115790" lon="-105.5089060">
    <ele>2750.7</ele>
    <time>2026-06-19T18:07:20Z</time>
   </trkpt>
   <trkpt lat="39.8115890" lon="-105.5088660">
    <ele>2750.9</ele>
    <time>2026-06-19T18:07:21Z</time>
   </trkpt>
   <trkpt lat="39.8115890" lon="-105.5088550">
    <ele>2751.0</ele>
    <time>2026-06-19T18:07:22Z</time>
   </trkpt>
   <trkpt lat="39.8115900" lon="-105.5088330">
    <ele>2751.1</ele>
    <time>2026-06-19T18:07:23Z</time>
   </trkpt>
   <trkpt lat="39.8115840" lon="-105.5088180">
    <ele>2751.2</ele>
    <time>2026-06-19T18:07:24Z</time>
   </trkpt>
   <trkpt lat="39.8115660" lon="-105.5088050">
    <ele>2751.4</ele>
    <time>2026-06-19T18:07:25Z</time>
   </trkpt>
   <trkpt lat="39.8115520" lon="-105.5088020">
    <ele>2751.5</ele>
    <time>2026-06-19T18:07:26Z</time>
   </trkpt>
   <trkpt lat="39.8115340" lon="-105.5088010">
    <ele>2751.6</ele>
    <time>2026-06-19T18:07:27Z</time>
   </trkpt>
   <trkpt lat="39.8115220" lon="-105.5087790">
    <ele>2751.8</ele>
    <time>2026-06-19T18:07:28Z</time>
   </trkpt>
   <trkpt lat="39.8115080" lon="-105.5087440">
    <ele>2752.0</ele>
    <time>2026-06-19T18:07:29Z</time>
   </trkpt>
   <trkpt lat="39.8115060" lon="-105.5087360">
    <ele>2752.0</ele>
    <time>2026-06-19T18:07:30Z</time>
   </trkpt>
   <trkpt lat="39.8115070" lon="-105.5086950">
    <ele>2752.3</ele>
    <time>2026-06-19T18:07:31Z</time>
   </trkpt>
   <trkpt lat="39.8115090" lon="-105.5086820">
    <ele>2752.4</ele>
    <time>2026-06-19T18:07:32Z</time>
   </trkpt>
   <trkpt lat="39.8115220" lon="-105.5086460">
    <ele>2752.6</ele>
    <time>2026-06-19T18:07:33Z</time>
   </trkpt>
   <trkpt lat="39.8115300" lon="-105.5086360">
    <ele>2752.7</ele>
    <time>2026-06-19T18:07:34Z</time>
   </trkpt>
   <trkpt lat="39.8115580" lon="-105.5086110">
    <ele>2752.9</ele>
    <time>2026-06-19T18:07:35Z</time>
   </trkpt>
   <trkpt lat="39.8115660" lon="-105.5086010">
    <ele>2753.0</ele>
    <time>2026-06-19T18:07:36Z</time>
   </trkpt>
   <trkpt lat="39.8115780" lon="-105.5085880">
    <ele>2753.1</ele>
    <time>2026-06-19T18:07:37Z</time>
   </trkpt>
   <trkpt lat="39.8115800" lon="-105.5085830">
    <ele>2753.1</ele>
    <time>2026-06-19T18:07:38Z</time>
   </trkpt>
   <trkpt lat="39.8115730" lon="-105.5085820">
    <ele>2753.2</ele>
    <time>2026-06-19T18:07:39Z</time>
   </trkpt>
   <trkpt lat="39.8115710" lon="-105.5085750">
    <ele>2753.2</ele>
    <time>2026-06-19T18:07:40Z</time>
   </trkpt>
   <trkpt lat="39.8115770" lon="-105.5085640">
    <ele>2753.3</ele>
    <time>2026-06-19T18:07:41Z</time>
   </trkpt>
   <trkpt lat="39.8115750" lon="-105.5085640">
    <ele>2753.3</ele>
    <time>2026-06-19T18:07:42Z</time>
   </trkpt>
   <trkpt lat="39.8115750" lon="-105.5085630">
    <ele>2753.3</ele>
    <time>2026-06-19T18:07:43Z</time>
   </trkpt>
   <trkpt lat="39.8115680" lon="-105.5085480">
    <ele>2753.4</ele>
    <time>2026-06-19T18:07:44Z</time>
   </trkpt>
   <trkpt lat="39.8115680" lon="-105.5085450">
    <ele>2753.4</ele>
    <time>2026-06-19T18:07:45Z</time>
   </trkpt>
   <trkpt lat="39.8115720" lon="-105.5085360">
    <ele>2753.4</ele>
    <time>2026-06-19T18:07:46Z</time>
   </trkpt>
   <trkpt lat="39.8115750" lon="-105.5085280">
    <ele>2753.5</ele>
    <time>2026-06-19T18:07:47Z</time>
   </trkpt>
   <trkpt lat="39.8115820" lon="-105.5085260">
    <ele>2753.5</ele>
    <time>2026-06-19T18:07:48Z</time>
   </trkpt>
   <trkpt lat="39.8115910" lon="-105.5085180">
    <ele>2753.6</ele>
    <time>2026-06-19T18:07:49Z</time>
   </trkpt>
   <trkpt lat="39.8115490" lon="-105.5085060">
    <ele>2753.8</ele>
    <time>2026-06-19T18:07:50Z</time>
   </trkpt>
   <trkpt lat="39.8115330" lon="-105.5084940">
    <ele>2753.8</ele>
    <time>2026-06-19T18:07:51Z</time>
   </trkpt>
   <trkpt lat="39.8115180" lon="-105.5084900">
    <ele>2753.9</ele>
    <time>2026-06-19T18:07:52Z</time>
   </trkpt>
   <trkpt lat="39.8115070" lon="-105.5084770">
    <ele>2753.9</ele>
    <time>2026-06-19T18:07:53Z</time>
   </trkpt>
   <trkpt lat="39.8115000" lon="-105.5084800">
    <ele>2753.9</ele>
    <time>2026-06-19T18:07:54Z</time>
   </trkpt>
   <trkpt lat="39.8114870" lon="-105.5084910">
    <ele>2753.9</ele>
    <time>2026-06-19T18:07:55Z</time>
   </trkpt>
   <trkpt lat="39.8114830" lon="-105.5084900">
    <ele>2753.9</ele>
    <time>2026-06-19T18:07:56Z</time>
   </trkpt>
   <trkpt lat="39.8114670" lon="-105.5084840">
    <ele>2753.9</ele>
    <time>2026-06-19T18:07:57Z</time>
   </trkpt>
   <trkpt lat="39.8114580" lon="-105.5084860">
    <ele>2753.9</ele>
    <time>2026-06-19T18:07:58Z</time>
   </trkpt>
   <trkpt lat="39.8114250" lon="-105.5084780">
    <ele>2753.9</ele>
    <time>2026-06-19T18:07:59Z</time>
   </trkpt>
   <trkpt lat="39.8114120" lon="-105.5084630">
    <ele>2753.8</ele>
    <time>2026-06-19T18:08:00Z</time>
   </trkpt>
   <trkpt lat="39.8113980" lon="-105.5084480">
    <ele>2753.7</ele>
    <time>2026-06-19T18:08:01Z</time>
   </trkpt>
   <trkpt lat="39.8113790" lon="-105.5084160">
    <ele>2753.6</ele>
    <time>2026-06-19T18:08:02Z</time>
   </trkpt>
   <trkpt lat="39.8113680" lon="-105.5084080">
    <ele>2753.5</ele>
    <time>2026-06-19T18:08:03Z</time>
   </trkpt>
   <trkpt lat="39.8113530" lon="-105.5083690">
    <ele>2753.4</ele>
    <time>2026-06-19T18:08:04Z</time>
   </trkpt>
   <trkpt lat="39.8113270" lon="-105.5083330">
    <ele>2753.2</ele>
    <time>2026-06-19T18:08:05Z</time>
   </trkpt>
   <trkpt lat="39.8113160" lon="-105.5083040">
    <ele>2753.1</ele>
    <time>2026-06-19T18:08:06Z</time>
   </trkpt>
   <trkpt lat="39.8113180" lon="-105.5082940">
    <ele>2753.1</ele>
    <time>2026-06-19T18:08:07Z</time>
   </trkpt>
   <trkpt lat="39.8113110" lon="-105.5082690">
    <ele>2753.1</ele>
    <time>2026-06-19T18:08:08Z</time>
   </trkpt>
   <trkpt lat="39.8113170" lon="-105.5082570">
    <ele>2753.1</ele>
    <time>2026-06-19T18:08:09Z</time>
   </trkpt>
   <trkpt lat="39.8112970" lon="-105.5082190">
    <ele>2753.2</ele>
    <time>2026-06-19T18:08:10Z</time>
   </trkpt>
   <trkpt lat="39.8112880" lon="-105.5082000">
    <ele>2753.2</ele>
    <time>2026-06-19T18:08:11Z</time>
   </trkpt>
   <trkpt lat="39.8112780" lon="-105.5081960">
    <ele>2753.3</ele>
    <time>2026-06-19T18:08:12Z</time>
   </trkpt>
   <trkpt lat="39.8112640" lon="-105.5081730">
    <ele>2753.4</ele>
    <time>2026-06-19T18:08:13Z</time>
   </trkpt>
   <trkpt lat="39.8112480" lon="-105.5081410">
    <ele>2753.5</ele>
    <time>2026-06-19T18:08:14Z</time>
   </trkpt>
   <trkpt lat="39.8112390" lon="-105.5081260">
    <ele>2753.5</ele>
    <time>2026-06-19T18:08:15Z</time>
   </trkpt>
   <trkpt lat="39.8112310" lon="-105.5081110">
    <ele>2753.6</ele>
    <time>2026-06-19T18:08:16Z</time>
   </trkpt>
   <trkpt lat="39.8112180" lon="-105.5080910">
    <ele>2753.7</ele>
    <time>2026-06-19T18:08:17Z</time>
   </trkpt>
   <trkpt lat="39.8112040" lon="-105.5080270">
    <ele>2753.8</ele>
    <time>2026-06-19T18:08:18Z</time>
   </trkpt>
   <trkpt lat="39.8111930" lon="-105.5079920">
    <ele>2753.9</ele>
    <time>2026-06-19T18:08:19Z</time>
   </trkpt>
   <trkpt lat="39.8111740" lon="-105.5079770">
    <ele>2754.0</ele>
    <time>2026-06-19T18:08:20Z</time>
   </trkpt>
   <trkpt lat="39.8111630" lon="-105.5079650">
    <ele>2754.0</ele>
    <time>2026-06-19T18:08:21Z</time>
   </trkpt>
   <trkpt lat="39.8111530" lon="-105.5079540">
    <ele>2754.0</ele>
    <time>2026-06-19T18:08:22Z</time>
   </trkpt>
   <trkpt lat="39.8111420" lon="-105.5079130">
    <ele>2754.0</ele>
    <time>2026-06-19T18:08:23Z</time>
   </trkpt>
   <trkpt lat="39.8111320" lon="-105.5078750">
    <ele>2754.1</ele>
    <time>2026-06-19T18:08:24Z</time>
   </trkpt>
   <trkpt lat="39.8111280" lon="-105.5078610">
    <ele>2754.1</ele>
    <time>2026-06-19T18:08:25Z</time>
   </trkpt>
   <trkpt lat="39.8111390" lon="-105.5078180">
    <ele>2754.2</ele>
    <time>2026-06-19T18:08:26Z</time>
   </trkpt>
   <trkpt lat="39.8111570" lon="-105.5077740">
    <ele>2754.3</ele>
    <time>2026-06-19T18:08:27Z</time>
   </trkpt>
   <trkpt lat="39.8111330" lon="-105.5077180">
    <ele>2754.4</ele>
    <time>2026-06-19T18:08:28Z</time>
   </trkpt>
   <trkpt lat="39.8111330" lon="-105.5076820">
    <ele>2754.4</ele>
    <time>2026-06-19T18:08:29Z</time>
   </trkpt>
   <trkpt lat="39.8111270" lon="-105.5076460">
    <ele>2754.5</ele>
    <time>2026-06-19T18:08:30Z</time>
   </trkpt>
   <trkpt lat="39.8111270" lon="-105.5076020">
    <ele>2754.6</ele>
    <time>2026-06-19T18:08:31Z</time>
   </trkpt>
   <trkpt lat="39.8111170" lon="-105.5075790">
    <ele>2754.6</ele>
    <time>2026-06-19T18:08:32Z</time>
   </trkpt>
   <trkpt lat="39.8111170" lon="-105.5075590">
    <ele>2754.6</ele>
    <time>2026-06-19T18:08:33Z</time>
   </trkpt>
   <trkpt lat="39.8111160" lon="-105.5074950">
    <ele>2754.8</ele>
    <time>2026-06-19T18:08:34Z</time>
   </trkpt>
   <trkpt lat="39.8111230" lon="-105.5074510">
    <ele>2755.0</ele>
    <time>2026-06-19T18:08:35Z</time>
   </trkpt>
   <trkpt lat="39.8111330" lon="-105.5074080">
    <ele>2755.1</ele>
    <time>2026-06-19T18:08:36Z</time>
   </trkpt>
   <trkpt lat="39.8111330" lon="-105.5073850">
    <ele>2755.2</ele>
    <time>2026-06-19T18:08:37Z</time>
   </trkpt>
   <trkpt lat="39.8111420" lon="-105.5073430">
    <ele>2755.3</ele>
    <time>2026-06-19T18:08:38Z</time>
   </trkpt>
   <trkpt lat="39.8111470" lon="-105.5073320">
    <ele>2755.3</ele>
    <time>2026-06-19T18:08:39Z</time>
   </trkpt>
   <trkpt lat="39.8111540" lon="-105.5073030">
    <ele>2755.4</ele>
    <time>2026-06-19T18:08:40Z</time>
   </trkpt>
   <trkpt lat="39.8111570" lon="-105.5072910">
    <ele>2755.5</ele>
    <time>2026-06-19T18:08:41Z</time>
   </trkpt>
   <trkpt lat="39.8111590" lon="-105.5072780">
    <ele>2755.5</ele>
    <time>2026-06-19T18:08:42Z</time>
   </trkpt>
   <trkpt lat="39.8111630" lon="-105.5072350">
    <ele>2755.6</ele>
    <time>2026-06-19T18:08:43Z</time>
   </trkpt>
   <trkpt lat="39.8111690" lon="-105.5071820">
    <ele>2755.8</ele>
    <time>2026-06-19T18:08:44Z</time>
   </trkpt>
   <trkpt lat="39.8111820" lon="-105.5071360">
    <ele>2755.9</ele>
    <time>2026-06-19T18:08:45Z</time>
   </trkpt>
   <trkpt lat="39.8111890" lon="-105.5071130">
    <ele>2755.9</ele>
    <time>2026-06-19T18:08:46Z</time>
   </trkpt>
   <trkpt lat="39.8111950" lon="-105.5070630">
    <ele>2756.1</ele>
    <time>2026-06-19T18:08:47Z</time>
   </trkpt>
   <trkpt lat="39.8112010" lon="-105.5070400">
    <ele>2756.1</ele>
    <time>2026-06-19T18:08:48Z</time>
   </trkpt>
   <trkpt lat="39.8111980" lon="-105.5069940">
    <ele>2756.3</ele>
    <time>2026-06-19T18:08:49Z</time>
   </trkpt>
   <trkpt lat="39.8111960" lon="-105.5069810">
    <ele>2756.4</ele>
    <time>2026-06-19T18:08:50Z</time>
   </trkpt>
   <trkpt lat="39.8112110" lon="-105.5069490">
    <ele>2756.5</ele>
    <time>2026-06-19T18:08:51Z</time>
   </trkpt>
   <trkpt lat="39.8112160" lon="-105.5069380">
    <ele>2756.6</ele>
    <time>2026-06-19T18:08:52Z</time>
   </trkpt>
   <trkpt lat="39.8112290" lon="-105.5068850">
    <ele>2756.8</ele>
    <time>2026-06-19T18:08:53Z</time>
   </trkpt>
   <trkpt lat="39.8112460" lon="-105.5068270">
    <ele>2757.1</ele>
    <time>2026-06-19T18:08:54Z</time>
   </trkpt>
   <trkpt lat="39.8112830" lon="-105.5068070">
    <ele>2757.4</ele>
    <time>2026-06-19T18:08:55Z</time>
   </trkpt>
   <trkpt lat="39.8112930" lon="-105.5068140">
    <ele>2757.5</ele>
    <time>2026-06-19T18:08:56Z</time>
   </trkpt>
   <trkpt lat="39.8113040" lon="-105.5068260">
    <ele>2757.6</ele>
    <time>2026-06-19T18:08:57Z</time>
   </trkpt>
   <trkpt lat="39.8113070" lon="-105.5068280">
    <ele>2757.7</ele>
    <time>2026-06-19T18:08:58Z</time>
   </trkpt>
   <trkpt lat="39.8113110" lon="-105.5068400">
    <ele>2757.7</ele>
    <time>2026-06-19T18:08:59Z</time>
   </trkpt>
   <trkpt lat="39.8113090" lon="-105.5068530">
    <ele>2757.8</ele>
    <time>2026-06-19T18:09:00Z</time>
   </trkpt>
   <trkpt lat="39.8113090" lon="-105.5068720">
    <ele>2757.9</ele>
    <time>2026-06-19T18:09:01Z</time>
   </trkpt>
   <trkpt lat="39.8113130" lon="-105.5068880">
    <ele>2758.0</ele>
    <time>2026-06-19T18:09:02Z</time>
   </trkpt>
   <trkpt lat="39.8113170" lon="-105.5069130">
    <ele>2758.2</ele>
    <time>2026-06-19T18:09:03Z</time>
   </trkpt>
   <trkpt lat="39.8113110" lon="-105.5069380">
    <ele>2758.3</ele>
    <time>2026-06-19T18:09:04Z</time>
   </trkpt>
   <trkpt lat="39.8113160" lon="-105.5069530">
    <ele>2758.4</ele>
    <time>2026-06-19T18:09:05Z</time>
   </trkpt>
   <trkpt lat="39.8113200" lon="-105.5069690">
    <ele>2758.5</ele>
    <time>2026-06-19T18:09:06Z</time>
   </trkpt>
   <trkpt lat="39.8113210" lon="-105.5069830">
    <ele>2758.6</ele>
    <time>2026-06-19T18:09:07Z</time>
   </trkpt>
   <trkpt lat="39.8113220" lon="-105.5070140">
    <ele>2758.8</ele>
    <time>2026-06-19T18:09:08Z</time>
   </trkpt>
   <trkpt lat="39.8113250" lon="-105.5070320">
    <ele>2758.9</ele>
    <time>2026-06-19T18:09:09Z</time>
   </trkpt>
   <trkpt lat="39.8113220" lon="-105.5070480">
    <ele>2759.0</ele>
    <time>2026-06-19T18:09:10Z</time>
   </trkpt>
   <trkpt lat="39.8113210" lon="-105.5070580">
    <ele>2759.0</ele>
    <time>2026-06-19T18:09:11Z</time>
   </trkpt>
   <trkpt lat="39.8113230" lon="-105.5071100">
    <ele>2759.3</ele>
    <time>2026-06-19T18:09:12Z</time>
   </trkpt>
   <trkpt lat="39.8113180" lon="-105.5071340">
    <ele>2759.5</ele>
    <time>2026-06-19T18:09:13Z</time>
   </trkpt>
   <trkpt lat="39.8113190" lon="-105.5071530">
    <ele>2759.6</ele>
    <time>2026-06-19T18:09:14Z</time>
   </trkpt>
   <trkpt lat="39.8113180" lon="-105.5071700">
    <ele>2759.7</ele>
    <time>2026-06-19T18:09:15Z</time>
   </trkpt>
   <trkpt lat="39.8113180" lon="-105.5071900">
    <ele>2759.8</ele>
    <time>2026-06-19T18:09:16Z</time>
   </trkpt>
   <trkpt lat="39.8113250" lon="-105.5072370">
    <ele>2760.1</ele>
    <time>2026-06-19T18:09:17Z</time>
   </trkpt>
   <trkpt lat="39.8113280" lon="-105.5072610">
    <ele>2760.3</ele>
    <time>2026-06-19T18:09:18Z</time>
   </trkpt>
   <trkpt lat="39.8113390" lon="-105.5073000">
    <ele>2760.6</ele>
    <time>2026-06-19T18:09:19Z</time>
   </trkpt>
   <trkpt lat="39.8113500" lon="-105.5073360">
    <ele>2760.8</ele>
    <time>2026-06-19T18:09:20Z</time>
   </trkpt>
   <trkpt lat="39.8113520" lon="-105.5073520">
    <ele>2761.0</ele>
    <time>2026-06-19T18:09:21Z</time>
   </trkpt>
   <trkpt lat="39.8113820" lon="-105.5073660">
    <ele>2761.3</ele>
    <time>2026-06-19T18:09:22Z</time>
   </trkpt>
   <trkpt lat="39.8113920" lon="-105.5073700">
    <ele>2761.4</ele>
    <time>2026-06-19T18:09:23Z</time>
   </trkpt>
   <trkpt lat="39.8113950" lon="-105.5073500">
    <ele>2761.6</ele>
    <time>2026-06-19T18:09:24Z</time>
   </trkpt>
   <trkpt lat="39.8113930" lon="-105.5073300">
    <ele>2761.8</ele>
    <time>2026-06-19T18:09:25Z</time>
   </trkpt>
   <trkpt lat="39.8113850" lon="-105.5072980">
    <ele>2762.1</ele>
    <time>2026-06-19T18:09:26Z</time>
   </trkpt>
   <trkpt lat="39.8113810" lon="-105.5072790">
    <ele>2762.3</ele>
    <time>2026-06-19T18:09:27Z</time>
   </trkpt>
   <trkpt lat="39.8113900" lon="-105.5072700">
    <ele>2762.4</ele>
    <time>2026-06-19T18:09:28Z</time>
   </trkpt>
   <trkpt lat="39.8113960" lon="-105.5072440">
    <ele>2762.7</ele>
    <time>2026-06-19T18:09:29Z</time>
   </trkpt>
   <trkpt lat="39.8113780" lon="-105.5072020">
    <ele>2763.1</ele>
    <time>2026-06-19T18:09:30Z</time>
   </trkpt>
   <trkpt lat="39.8113810" lon="-105.5071780">
    <ele>2763.4</ele>
    <time>2026-06-19T18:09:31Z</time>
   </trkpt>
   <trkpt lat="39.8113820" lon="-105.5071620">
    <ele>2763.5</ele>
    <time>2026-06-19T18:09:32Z</time>
   </trkpt>
   <trkpt lat="39.8113730" lon="-105.5071870">
    <ele>2763.7</ele>
    <time>2026-06-19T18:09:33Z</time>
   </trkpt>
   <trkpt lat="39.8113790" lon="-105.5071310">
    <ele>2764.0</ele>
    <time>2026-06-19T18:09:34Z</time>
   </trkpt>
   <trkpt lat="39.8113830" lon="-105.5070960">
    <ele>2764.2</ele>
    <time>2026-06-19T18:09:35Z</time>
   </trkpt>
   <trkpt lat="39.8113930" lon="-105.5070640">
    <ele>2764.3</ele>
    <time>2026-06-19T18:09:36Z</time>
   </trkpt>
   <trkpt lat="39.8113910" lon="-105.5070560">
    <ele>2764.4</ele>
    <time>2026-06-19T18:09:37Z</time>
   </trkpt>
   <trkpt lat="39.8113810" lon="-105.5070130">
    <ele>2764.5</ele>
    <time>2026-06-19T18:09:38Z</time>
   </trkpt>
   <trkpt lat="39.8113870" lon="-105.5070110">
    <ele>2764.6</ele>
    <time>2026-06-19T18:09:39Z</time>
   </trkpt>
   <trkpt lat="39.8113840" lon="-105.5069860">
    <ele>2764.7</ele>
    <time>2026-06-19T18:09:40Z</time>
   </trkpt>
   <trkpt lat="39.8113840" lon="-105.5069720">
    <ele>2764.7</ele>
    <time>2026-06-19T18:09:41Z</time>
   </trkpt>
   <trkpt lat="39.8113850" lon="-105.5069830">
    <ele>2764.8</ele>
    <time>2026-06-19T18:09:42Z</time>
   </trkpt>
   <trkpt lat="39.8113890" lon="-105.5069820">
    <ele>2764.8</ele>
    <time>2026-06-19T18:09:43Z</time>
   </trkpt>
   <trkpt lat="39.8113880" lon="-105.5069850">
    <ele>2764.8</ele>
    <time>2026-06-19T18:09:44Z</time>
   </trkpt>
   <trkpt lat="39.8113930" lon="-105.5069880">
    <ele>2764.9</ele>
    <time>2026-06-19T18:09:45Z</time>
   </trkpt>
   <trkpt lat="39.8113910" lon="-105.5069910">
    <ele>2764.9</ele>
    <time>2026-06-19T18:09:46Z</time>
   </trkpt>
   <trkpt lat="39.8113950" lon="-105.5070060">
    <ele>2765.0</ele>
    <time>2026-06-19T18:09:47Z</time>
   </trkpt>
   <trkpt lat="39.8113990" lon="-105.5069840">
    <ele>2765.1</ele>
    <time>2026-06-19T18:09:48Z</time>
   </trkpt>
   <trkpt lat="39.8114010" lon="-105.5069830">
    <ele>2765.1</ele>
    <time>2026-06-19T18:09:49Z</time>
   </trkpt>
   <trkpt lat="39.8113940" lon="-105.5069840">
    <ele>2765.2</ele>
    <time>2026-06-19T18:09:50Z</time>
   </trkpt>
   <trkpt lat="39.8114640" lon="-105.5070650">
    <ele>2765.9</ele>
    <time>2026-06-19T18:10:08Z</time>
   </trkpt>
   <trkpt lat="39.8114720" lon="-105.5070900">
    <ele>2766.1</ele>
    <time>2026-06-19T18:10:10Z</time>
   </trkpt>
   <trkpt lat="39.8115000" lon="-105.5071240">
    <ele>2766.4</ele>
    <time>2026-06-19T18:10:11Z</time>
   </trkpt>
   <trkpt lat="39.8115280" lon="-105.5071360">
    <ele>2766.6</ele>
    <time>2026-06-19T18:10:12Z</time>
   </trkpt>
   <trkpt lat="39.8115420" lon="-105.5071450">
    <ele>2766.8</ele>
    <time>2026-06-19T18:10:13Z</time>
   </trkpt>
   <trkpt lat="39.8115480" lon="-105.5071710">
    <ele>2766.9</ele>
    <time>2026-06-19T18:10:14Z</time>
   </trkpt>
   <trkpt lat="39.8115490" lon="-105.5071850">
    <ele>2767.0</ele>
    <time>2026-06-19T18:10:15Z</time>
   </trkpt>
   <trkpt lat="39.8115690" lon="-105.5071870">
    <ele>2767.1</ele>
    <time>2026-06-19T18:10:16Z</time>
   </trkpt>
   <trkpt lat="39.8115850" lon="-105.5071840">
    <ele>2767.2</ele>
    <time>2026-06-19T18:10:17Z</time>
   </trkpt>
   <trkpt lat="39.8116190" lon="-105.5071780">
    <ele>2767.4</ele>
    <time>2026-06-19T18:10:18Z</time>
   </trkpt>
   <trkpt lat="39.8116340" lon="-105.5071670">
    <ele>2767.5</ele>
    <time>2026-06-19T18:10:19Z</time>
   </trkpt>
   <trkpt lat="39.8116590" lon="-105.5071810">
    <ele>2767.6</ele>
    <time>2026-06-19T18:10:20Z</time>
   </trkpt>
   <trkpt lat="39.8116830" lon="-105.5071400">
    <ele>2767.8</ele>
    <time>2026-06-19T18:10:21Z</time>
   </trkpt>
   <trkpt lat="39.8116780" lon="-105.5070960">
    <ele>2768.1</ele>
    <time>2026-06-19T18:10:22Z</time>
   </trkpt>
   <trkpt lat="39.8116680" lon="-105.5070690">
    <ele>2768.2</ele>
    <time>2026-06-19T18:10:23Z</time>
   </trkpt>
   <trkpt lat="39.8116760" lon="-105.5070510">
    <ele>2768.3</ele>
    <time>2026-06-19T18:10:24Z</time>
   </trkpt>
   <trkpt lat="39.8116830" lon="-105.5070370">
    <ele>2768.4</ele>
    <time>2026-06-19T18:10:25Z</time>
   </trkpt>
   <trkpt lat="39.8116550" lon="-105.5070270">
    <ele>2768.6</ele>
    <time>2026-06-19T18:10:26Z</time>
   </trkpt>
   <trkpt lat="39.8116440" lon="-105.5070260">
    <ele>2768.7</ele>
    <time>2026-06-19T18:10:27Z</time>
   </trkpt>
   <trkpt lat="39.8116270" lon="-105.5069920">
    <ele>2768.9</ele>
    <time>2026-06-19T18:10:28Z</time>
   </trkpt>
   <trkpt lat="39.8116260" lon="-105.5069750">
    <ele>2769.0</ele>
    <time>2026-06-19T18:10:29Z</time>
   </trkpt>
   <trkpt lat="39.8116170" lon="-105.5069300">
    <ele>2769.3</ele>
    <time>2026-06-19T18:10:30Z</time>
   </trkpt>
   <trkpt lat="39.8116130" lon="-105.5069180">
    <ele>2769.4</ele>
    <time>2026-06-19T18:10:31Z</time>
   </trkpt>
   <trkpt lat="39.8115880" lon="-105.5068920">
    <ele>2769.6</ele>
    <time>2026-06-19T18:10:32Z</time>
   </trkpt>
   <trkpt lat="39.8115820" lon="-105.5068820">
    <ele>2769.7</ele>
    <time>2026-06-19T18:10:33Z</time>
   </trkpt>
   <trkpt lat="39.8115910" lon="-105.5068480">
    <ele>2770.0</ele>
    <time>2026-06-19T18:10:34Z</time>
   </trkpt>
   <trkpt lat="39.8116010" lon="-105.5068090">
    <ele>2770.3</ele>
    <time>2026-06-19T18:10:35Z</time>
   </trkpt>
   <trkpt lat="39.8116010" lon="-105.5067980">
    <ele>2770.3</ele>
    <time>2026-06-19T18:10:36Z</time>
   </trkpt>
   <trkpt lat="39.8116440" lon="-105.5067920">
    <ele>2770.7</ele>
    <time>2026-06-19T18:10:37Z</time>
   </trkpt>
   <trkpt lat="39.8116630" lon="-105.5067970">
    <ele>2770.9</ele>
    <time>2026-06-19T18:10:38Z</time>
   </trkpt>
   <trkpt lat="39.8116920" lon="-105.5068340">
    <ele>2771.3</ele>
    <time>2026-06-19T18:10:39Z</time>
   </trkpt>
   <trkpt lat="39.8117010" lon="-105.5068490">
    <ele>2771.4</ele>
    <time>2026-06-19T18:10:40Z</time>
   </trkpt>
   <trkpt lat="39.8117260" lon="-105.5068640">
    <ele>2771.6</ele>
    <time>2026-06-19T18:10:41Z</time>
   </trkpt>
   <trkpt lat="39.8117360" lon="-105.5068630">
    <ele>2771.7</ele>
    <time>2026-06-19T18:10:42Z</time>
   </trkpt>
   <trkpt lat="39.8117500" lon="-105.5068840">
    <ele>2771.8</ele>
    <time>2026-06-19T18:10:43Z</time>
   </trkpt>
   <trkpt lat="39.8117600" lon="-105.5068980">
    <ele>2771.9</ele>
    <time>2026-06-19T18:10:44Z</time>
   </trkpt>
   <trkpt lat="39.8117950" lon="-105.5068980">
    <ele>2772.2</ele>
    <time>2026-06-19T18:10:45Z</time>
   </trkpt>
   <trkpt lat="39.8118070" lon="-105.5068950">
    <ele>2772.3</ele>
    <time>2026-06-19T18:10:46Z</time>
   </trkpt>
   <trkpt lat="39.8118240" lon="-105.5068810">
    <ele>2772.5</ele>
    <time>2026-06-19T18:10:47Z</time>
   </trkpt>
   <trkpt lat="39.8118400" lon="-105.5068780">
    <ele>2772.6</ele>
    <time>2026-06-19T18:10:48Z</time>
   </trkpt>
   <trkpt lat="39.8118670" lon="-105.5068700">
    <ele>2772.9</ele>
    <time>2026-06-19T18:10:49Z</time>
   </trkpt>
   <trkpt lat="39.8118760" lon="-105.5068690">
    <ele>2772.9</ele>
    <time>2026-06-19T18:10:50Z</time>
   </trkpt>
   <trkpt lat="39.8118920" lon="-105.5068520">
    <ele>2773.1</ele>
    <time>2026-06-19T18:10:51Z</time>
   </trkpt>
   <trkpt lat="39.8118990" lon="-105.5068450">
    <ele>2773.2</ele>
    <time>2026-06-19T18:10:52Z</time>
   </trkpt>
   <trkpt lat="39.8119060" lon="-105.5068380">
    <ele>2773.3</ele>
    <time>2026-06-19T18:10:53Z</time>
   </trkpt>
   <trkpt lat="39.8119150" lon="-105.5068310">
    <ele>2773.4</ele>
    <time>2026-06-19T18:10:54Z</time>
   </trkpt>
   <trkpt lat="39.8119340" lon="-105.5068130">
    <ele>2773.6</ele>
    <time>2026-06-19T18:10:55Z</time>
   </trkpt>
   <trkpt lat="39.8119430" lon="-105.5067800">
    <ele>2773.8</ele>
    <time>2026-06-19T18:10:56Z</time>
   </trkpt>
   <trkpt lat="39.8119500" lon="-105.5067690">
    <ele>2773.9</ele>
    <time>2026-06-19T18:10:57Z</time>
   </trkpt>
   <trkpt lat="39.8119580" lon="-105.5067580">
    <ele>2774.0</ele>
    <time>2026-06-19T18:10:58Z</time>
   </trkpt>
   <trkpt lat="39.8119680" lon="-105.5067400">
    <ele>2774.2</ele>
    <time>2026-06-19T18:10:59Z</time>
   </trkpt>
   <trkpt lat="39.8119790" lon="-105.5067280">
    <ele>2774.3</ele>
    <time>2026-06-19T18:11:00Z</time>
   </trkpt>
   <trkpt lat="39.8120130" lon="-105.5067260">
    <ele>2774.6</ele>
    <time>2026-06-19T18:11:01Z</time>
   </trkpt>
   <trkpt lat="39.8120210" lon="-105.5067260">
    <ele>2774.7</ele>
    <time>2026-06-19T18:11:02Z</time>
   </trkpt>
   <trkpt lat="39.8120490" lon="-105.5067230">
    <ele>2775.0</ele>
    <time>2026-06-19T18:11:03Z</time>
   </trkpt>
   <trkpt lat="39.8120450" lon="-105.5067270">
    <ele>2775.0</ele>
    <time>2026-06-19T18:11:04Z</time>
   </trkpt>
   <trkpt lat="39.8120360" lon="-105.5067290">
    <ele>2775.1</ele>
    <time>2026-06-19T18:11:05Z</time>
   </trkpt>
   <trkpt lat="39.8120280" lon="-105.5067310">
    <ele>2775.2</ele>
    <time>2026-06-19T18:11:06Z</time>
   </trkpt>
   <trkpt lat="39.8120200" lon="-105.5067330">
    <ele>2775.2</ele>
    <time>2026-06-19T18:11:07Z</time>
   </trkpt>
   <trkpt lat="39.8120110" lon="-105.5067350">
    <ele>2775.3</ele>
    <time>2026-06-19T18:11:08Z</time>
   </trkpt>
   <trkpt lat="39.8120030" lon="-105.5067370">
    <ele>2775.4</ele>
    <time>2026-06-19T18:11:09Z</time>
   </trkpt>
   <trkpt lat="39.8119900" lon="-105.5067420">
    <ele>2775.5</ele>
    <time>2026-06-19T18:11:10Z</time>
   </trkpt>
   <trkpt lat="39.8119740" lon="-105.5067350">
    <ele>2775.6</ele>
    <time>2026-06-19T18:11:11Z</time>
   </trkpt>
   <trkpt lat="39.8119590" lon="-105.5067330">
    <ele>2775.7</ele>
    <time>2026-06-19T18:11:12Z</time>
   </trkpt>
   <trkpt lat="39.8119390" lon="-105.5067210">
    <ele>2775.8</ele>
    <time>2026-06-19T18:11:13Z</time>
   </trkpt>
   <trkpt lat="39.8119130" lon="-105.5066940">
    <ele>2776.1</ele>
    <time>2026-06-19T18:11:14Z</time>
   </trkpt>
   <trkpt lat="39.8119030" lon="-105.5066810">
    <ele>2776.2</ele>
    <time>2026-06-19T18:11:15Z</time>
   </trkpt>
   <trkpt lat="39.8118780" lon="-105.5066520">
    <ele>2776.4</ele>
    <time>2026-06-19T18:11:16Z</time>
   </trkpt>
   <trkpt lat="39.8118670" lon="-105.5066430">
    <ele>2776.5</ele>
    <time>2026-06-19T18:11:17Z</time>
   </trkpt>
   <trkpt lat="39.8118490" lon="-105.5066140">
    <ele>2776.7</ele>
    <time>2026-06-19T18:11:18Z</time>
   </trkpt>
   <trkpt lat="39.8118450" lon="-105.5066030">
    <ele>2776.8</ele>
    <time>2026-06-19T18:11:19Z</time>
   </trkpt>
   <trkpt lat="39.8118300" lon="-105.5065730">
    <ele>2777.0</ele>
    <time>2026-06-19T18:11:20Z</time>
   </trkpt>
   <trkpt lat="39.8118220" lon="-105.5065600">
    <ele>2777.2</ele>
    <time>2026-06-19T18:11:21Z</time>
   </trkpt>
   <trkpt lat="39.8118210" lon="-105.5065200">
    <ele>2777.4</ele>
    <time>2026-06-19T18:11:22Z</time>
   </trkpt>
   <trkpt lat="39.8118200" lon="-105.5065050">
    <ele>2777.5</ele>
    <time>2026-06-19T18:11:23Z</time>
   </trkpt>
   <trkpt lat="39.8118110" lon="-105.5064830">
    <ele>2777.7</ele>
    <time>2026-06-19T18:11:24Z</time>
   </trkpt>
   <trkpt lat="39.8118100" lon="-105.5064690">
    <ele>2777.8</ele>
    <time>2026-06-19T18:11:25Z</time>
   </trkpt>
   <trkpt lat="39.8118090" lon="-105.5064540">
    <ele>2777.9</ele>
    <time>2026-06-19T18:11:26Z</time>
   </trkpt>
   <trkpt lat="39.8117920" lon="-105.5064250">
    <ele>2778.1</ele>
    <time>2026-06-19T18:11:27Z</time>
   </trkpt>
   <trkpt lat="39.8117860" lon="-105.5064150">
    <ele>2778.2</ele>
    <time>2026-06-19T18:11:28Z</time>
   </trkpt>
   <trkpt lat="39.8117710" lon="-105.5064170">
    <ele>2778.4</ele>
    <time>2026-06-19T18:11:29Z</time>
   </trkpt>
   <trkpt lat="39.8117580" lon="-105.5064000">
    <ele>2778.5</ele>
    <time>2026-06-19T18:11:30Z</time>
   </trkpt>
   <trkpt lat="39.8117350" lon="-105.5063710">
    <ele>2778.8</ele>
    <time>2026-06-19T18:11:31Z</time>
   </trkpt>
   <trkpt lat="39.8117350" lon="-105.5063510">
    <ele>2778.9</ele>
    <time>2026-06-19T18:11:32Z</time>
   </trkpt>
   <trkpt lat="39.8117320" lon="-105.5063330">
    <ele>2779.0</ele>
    <time>2026-06-19T18:11:33Z</time>
   </trkpt>
   <trkpt lat="39.8117430" lon="-105.5063090">
    <ele>2779.2</ele>
    <time>2026-06-19T18:11:34Z</time>
   </trkpt>
   <trkpt lat="39.8117510" lon="-105.5062980">
    <ele>2779.3</ele>
    <time>2026-06-19T18:11:35Z</time>
   </trkpt>
   <trkpt lat="39.8117720" lon="-105.5062930">
    <ele>2779.5</ele>
    <time>2026-06-19T18:11:36Z</time>
   </trkpt>
   <trkpt lat="39.8117710" lon="-105.5063000">
    <ele>2779.5</ele>
    <time>2026-06-19T18:11:37Z</time>
   </trkpt>
   <trkpt lat="39.8117820" lon="-105.5063020">
    <ele>2779.6</ele>
    <time>2026-06-19T18:11:38Z</time>
   </trkpt>
   <trkpt lat="39.8117990" lon="-105.5063050">
    <ele>2779.7</ele>
    <time>2026-06-19T18:11:39Z</time>
   </trkpt>
   <trkpt lat="39.8118290" lon="-105.5063070">
    <ele>2780.0</ele>
    <time>2026-06-19T18:11:40Z</time>
   </trkpt>
   <trkpt lat="39.8118360" lon="-105.5063090">
    <ele>2780.1</ele>
    <time>2026-06-19T18:11:41Z</time>
   </trkpt>
   <trkpt lat="39.8118590" lon="-105.5063350">
    <ele>2780.3</ele>
    <time>2026-06-19T18:11:42Z</time>
   </trkpt>
   <trkpt lat="39.8118730" lon="-105.5063440">
    <ele>2780.4</ele>
    <time>2026-06-19T18:11:43Z</time>
   </trkpt>
   <trkpt lat="39.8118850" lon="-105.5063310">
    <ele>2780.5</ele>
    <time>2026-06-19T18:11:44Z</time>
   </trkpt>
   <trkpt lat="39.8119040" lon="-105.5063230">
    <ele>2780.6</ele>
    <time>2026-06-19T18:11:45Z</time>
   </trkpt>
   <trkpt lat="39.8119360" lon="-105.5063250">
    <ele>2780.8</ele>
    <time>2026-06-19T18:11:46Z</time>
   </trkpt>
   <trkpt lat="39.8119440" lon="-105.5063220">
    <ele>2780.8</ele>
    <time>2026-06-19T18:11:47Z</time>
   </trkpt>
   <trkpt lat="39.8119550" lon="-105.5063650">
    <ele>2781.0</ele>
    <time>2026-06-19T18:11:48Z</time>
   </trkpt>
   <trkpt lat="39.8119650" lon="-105.5063770">
    <ele>2781.1</ele>
    <time>2026-06-19T18:11:49Z</time>
   </trkpt>
   <trkpt lat="39.8119830" lon="-105.5063870">
    <ele>2781.2</ele>
    <time>2026-06-19T18:11:50Z</time>
   </trkpt>
   <trkpt lat="39.8119900" lon="-105.5063910">
    <ele>2781.2</ele>
    <time>2026-06-19T18:11:51Z</time>
   </trkpt>
   <trkpt lat="39.8119860" lon="-105.5063860">
    <ele>2781.2</ele>
    <time>2026-06-19T18:11:52Z</time>
   </trkpt>
   <trkpt lat="39.8119850" lon="-105.5063830">
    <ele>2781.3</ele>
    <time>2026-06-19T18:11:53Z</time>
   </trkpt>
   <trkpt lat="39.8119880" lon="-105.5063820">
    <ele>2781.3</ele>
    <time>2026-06-19T18:11:54Z</time>
   </trkpt>
   <trkpt lat="39.8119950" lon="-105.5063770">
    <ele>2781.3</ele>
    <time>2026-06-19T18:11:55Z</time>
   </trkpt>
   <trkpt lat="39.8120120" lon="-105.5063990">
    <ele>2781.5</ele>
    <time>2026-06-19T18:11:56Z</time>
   </trkpt>
   <trkpt lat="39.8120280" lon="-105.5064050">
    <ele>2781.6</ele>
    <time>2026-06-19T18:11:57Z</time>
   </trkpt>
   <trkpt lat="39.8120380" lon="-105.5064060">
    <ele>2781.6</ele>
    <time>2026-06-19T18:11:58Z</time>
   </trkpt>
   <trkpt lat="39.8120480" lon="-105.5064080">
    <ele>2781.7</ele>
    <time>2026-06-19T18:11:59Z</time>
   </trkpt>
   <trkpt lat="39.8120680" lon="-105.5064130">
    <ele>2781.9</ele>
    <time>2026-06-19T18:12:00Z</time>
   </trkpt>
   <trkpt lat="39.8120810" lon="-105.5064160">
    <ele>2782.0</ele>
    <time>2026-06-19T18:12:01Z</time>
   </trkpt>
   <trkpt lat="39.8121210" lon="-105.5064320">
    <ele>2782.3</ele>
    <time>2026-06-19T18:12:02Z</time>
   </trkpt>
   <trkpt lat="39.8121340" lon="-105.5064380">
    <ele>2782.4</ele>
    <time>2026-06-19T18:12:03Z</time>
   </trkpt>
   <trkpt lat="39.8121360" lon="-105.5064530">
    <ele>2782.5</ele>
    <time>2026-06-19T18:12:04Z</time>
   </trkpt>
   <trkpt lat="39.8121500" lon="-105.5064670">
    <ele>2782.7</ele>
    <time>2026-06-19T18:12:05Z</time>
   </trkpt>
   <trkpt lat="39.8121620" lon="-105.5064720">
    <ele>2782.8</ele>
    <time>2026-06-19T18:12:06Z</time>
   </trkpt>
   <trkpt lat="39.8121680" lon="-105.5064660">
    <ele>2782.9</ele>
    <time>2026-06-19T18:12:07Z</time>
   </trkpt>
   <trkpt lat="39.8121650" lon="-105.5064670">
    <ele>2782.9</ele>
    <time>2026-06-19T18:12:08Z</time>
   </trkpt>
   <trkpt lat="39.8121670" lon="-105.5064390">
    <ele>2783.1</ele>
    <time>2026-06-19T18:12:09Z</time>
   </trkpt>
   <trkpt lat="39.8121570" lon="-105.5064240">
    <ele>2783.3</ele>
    <time>2026-06-19T18:12:10Z</time>
   </trkpt>
   <trkpt lat="39.8121450" lon="-105.5064170">
    <ele>2783.4</ele>
    <time>2026-06-19T18:12:11Z</time>
   </trkpt>
   <trkpt lat="39.8121310" lon="-105.5064070">
    <ele>2783.5</ele>
    <time>2026-06-19T18:12:12Z</time>
   </trkpt>
   <trkpt lat="39.8121190" lon="-105.5063950">
    <ele>2783.7</ele>
    <time>2026-06-19T18:12:13Z</time>
   </trkpt>
   <trkpt lat="39.8121090" lon="-105.5063840">
    <ele>2783.8</ele>
    <time>2026-06-19T18:12:14Z</time>
   </trkpt>
   <trkpt lat="39.8120950" lon="-105.5063580">
    <ele>2784.0</ele>
    <time>2026-06-19T18:12:16Z</time>
   </trkpt>
   <trkpt lat="39.8120880" lon="-105.5063400">
    <ele>2784.1</ele>
    <time>2026-06-19T18:12:17Z</time>
   </trkpt>
   <trkpt lat="39.8120760" lon="-105.5063250">
    <ele>2784.3</ele>
    <time>2026-06-19T18:12:18Z</time>
   </trkpt>
   <trkpt lat="39.8120560" lon="-105.5062980">
    <ele>2784.5</ele>
    <time>2026-06-19T18:12:19Z</time>
   </trkpt>
   <trkpt lat="39.8120490" lon="-105.5062910">
    <ele>2784.6</ele>
    <time>2026-06-19T18:12:20Z</time>
   </trkpt>
   <trkpt lat="39.8120330" lon="-105.5062880">
    <ele>2784.7</ele>
    <time>2026-06-19T18:12:21Z</time>
   </trkpt>
   <trkpt lat="39.8120180" lon="-105.5062820">
    <ele>2784.8</ele>
    <time>2026-06-19T18:12:22Z</time>
   </trkpt>
   <trkpt lat="39.8120050" lon="-105.5062670">
    <ele>2784.9</ele>
    <time>2026-06-19T18:12:23Z</time>
   </trkpt>
   <trkpt lat="39.8119930" lon="-105.5062530">
    <ele>2785.0</ele>
    <time>2026-06-19T18:12:24Z</time>
   </trkpt>
   <trkpt lat="39.8119770" lon="-105.5062180">
    <ele>2785.1</ele>
    <time>2026-06-19T18:12:25Z</time>
   </trkpt>
   <trkpt lat="39.8119720" lon="-105.5062100">
    <ele>2785.2</ele>
    <time>2026-06-19T18:12:26Z</time>
   </trkpt>
   <trkpt lat="39.8119600" lon="-105.5061950">
    <ele>2785.3</ele>
    <time>2026-06-19T18:12:27Z</time>
   </trkpt>
   <trkpt lat="39.8119490" lon="-105.5061800">
    <ele>2785.3</ele>
    <time>2026-06-19T18:12:28Z</time>
   </trkpt>
   <trkpt lat="39.8119280" lon="-105.5061470">
    <ele>2785.5</ele>
    <time>2026-06-19T18:12:29Z</time>
   </trkpt>
   <trkpt lat="39.8119210" lon="-105.5061320">
    <ele>2785.5</ele>
    <time>2026-06-19T18:12:30Z</time>
   </trkpt>
   <trkpt lat="39.8119020" lon="-105.5061000">
    <ele>2785.7</ele>
    <time>2026-06-19T18:12:31Z</time>
   </trkpt>
   <trkpt lat="39.8118980" lon="-105.5060850">
    <ele>2785.7</ele>
    <time>2026-06-19T18:12:32Z</time>
   </trkpt>
   <trkpt lat="39.8118900" lon="-105.5060500">
    <ele>2785.8</ele>
    <time>2026-06-19T18:12:33Z</time>
   </trkpt>
   <trkpt lat="39.8118830" lon="-105.5060030">
    <ele>2786.0</ele>
    <time>2026-06-19T18:12:34Z</time>
   </trkpt>
   <trkpt lat="39.8118810" lon="-105.5059830">
    <ele>2786.0</ele>
    <time>2026-06-19T18:12:35Z</time>
   </trkpt>
   <trkpt lat="39.8118870" lon="-105.5059300">
    <ele>2786.2</ele>
    <time>2026-06-19T18:12:36Z</time>
   </trkpt>
   <trkpt lat="39.8118920" lon="-105.5059110">
    <ele>2786.3</ele>
    <time>2026-06-19T18:12:37Z</time>
   </trkpt>
   <trkpt lat="39.8118910" lon="-105.5058840">
    <ele>2786.4</ele>
    <time>2026-06-19T18:12:38Z</time>
   </trkpt>
   <trkpt lat="39.8118930" lon="-105.5058670">
    <ele>2786.5</ele>
    <time>2026-06-19T18:12:39Z</time>
   </trkpt>
   <trkpt lat="39.8118930" lon="-105.5058240">
    <ele>2786.7</ele>
    <time>2026-06-19T18:12:40Z</time>
   </trkpt>
   <trkpt lat="39.8118920" lon="-105.5058080">
    <ele>2786.7</ele>
    <time>2026-06-19T18:12:41Z</time>
   </trkpt>
   <trkpt lat="39.8118920" lon="-105.5057510">
    <ele>2787.0</ele>
    <time>2026-06-19T18:12:42Z</time>
   </trkpt>
   <trkpt lat="39.8118940" lon="-105.5057280">
    <ele>2787.1</ele>
    <time>2026-06-19T18:12:43Z</time>
   </trkpt>
   <trkpt lat="39.8119000" lon="-105.5056890">
    <ele>2787.4</ele>
    <time>2026-06-19T18:12:44Z</time>
   </trkpt>
   <trkpt lat="39.8119010" lon="-105.5056760">
    <ele>2787.4</ele>
    <time>2026-06-19T18:12:45Z</time>
   </trkpt>
   <trkpt lat="39.8119060" lon="-105.5056610">
    <ele>2787.5</ele>
    <time>2026-06-19T18:12:46Z</time>
   </trkpt>
   <trkpt lat="39.8119080" lon="-105.5056480">
    <ele>2787.6</ele>
    <time>2026-06-19T18:12:47Z</time>
   </trkpt>
   <trkpt lat="39.8118960" lon="-105.5056350">
    <ele>2787.7</ele>
    <time>2026-06-19T18:12:48Z</time>
   </trkpt>
   <trkpt lat="39.8118810" lon="-105.5055520">
    <ele>2788.3</ele>
    <time>2026-06-19T18:12:49Z</time>
   </trkpt>
   <trkpt lat="39.8118750" lon="-105.5055240">
    <ele>2788.5</ele>
    <time>2026-06-19T18:12:50Z</time>
   </trkpt>
   <trkpt lat="39.8118930" lon="-105.5055080">
    <ele>2788.8</ele>
    <time>2026-06-19T18:12:51Z</time>
   </trkpt>
   <trkpt lat="39.8119080" lon="-105.5054880">
    <ele>2789.0</ele>
    <time>2026-06-19T18:12:52Z</time>
   </trkpt>
   <trkpt lat="39.8119110" lon="-105.5054720">
    <ele>2789.1</ele>
    <time>2026-06-19T18:12:53Z</time>
   </trkpt>
   <trkpt lat="39.8119230" lon="-105.5054560">
    <ele>2789.3</ele>
    <time>2026-06-19T18:12:54Z</time>
   </trkpt>
   <trkpt lat="39.8119380" lon="-105.5054410">
    <ele>2789.5</ele>
    <time>2026-06-19T18:12:55Z</time>
   </trkpt>
   <trkpt lat="39.8119550" lon="-105.5054030">
    <ele>2789.9</ele>
    <time>2026-06-19T18:12:56Z</time>
   </trkpt>
   <trkpt lat="39.8119600" lon="-105.5053930">
    <ele>2790.0</ele>
    <time>2026-06-19T18:12:57Z</time>
   </trkpt>
   <trkpt lat="39.8119680" lon="-105.5053850">
    <ele>2790.0</ele>
    <time>2026-06-19T18:12:58Z</time>
   </trkpt>
   <trkpt lat="39.8119860" lon="-105.5053960">
    <ele>2790.1</ele>
    <time>2026-06-19T18:12:59Z</time>
   </trkpt>
   <trkpt lat="39.8119860" lon="-105.5054080">
    <ele>2790.1</ele>
    <time>2026-06-19T18:13:00Z</time>
   </trkpt>
   <trkpt lat="39.8120050" lon="-105.5054100">
    <ele>2790.2</ele>
    <time>2026-06-19T18:13:01Z</time>
   </trkpt>
   <trkpt lat="39.8119850" lon="-105.5054160">
    <ele>2790.3</ele>
    <time>2026-06-19T18:13:02Z</time>
   </trkpt>
   <trkpt lat="39.8119820" lon="-105.5054070">
    <ele>2790.3</ele>
    <time>2026-06-19T18:13:03Z</time>
   </trkpt>
   <trkpt lat="39.8119810" lon="-105.5054100">
    <ele>2790.3</ele>
    <time>2026-06-19T18:13:04Z</time>
   </trkpt>
   <trkpt lat="39.8119870" lon="-105.5054170">
    <ele>2790.3</ele>
    <time>2026-06-19T18:13:05Z</time>
   </trkpt>
   <trkpt lat="39.8119900" lon="-105.5054190">
    <ele>2790.3</ele>
    <time>2026-06-19T18:13:06Z</time>
   </trkpt>
   <trkpt lat="39.8119970" lon="-105.5054180">
    <ele>2790.4</ele>
    <time>2026-06-19T18:13:07Z</time>
   </trkpt>
   <trkpt lat="39.8120040" lon="-105.5054150">
    <ele>2790.4</ele>
    <time>2026-06-19T18:13:08Z</time>
   </trkpt>
   <trkpt lat="39.8120020" lon="-105.5054260">
    <ele>2790.4</ele>
    <time>2026-06-19T18:13:09Z</time>
   </trkpt>
   <trkpt lat="39.8119970" lon="-105.5054230">
    <ele>2790.5</ele>
    <time>2026-06-19T18:13:10Z</time>
   </trkpt>
   <trkpt lat="39.8119990" lon="-105.5054200">
    <ele>2790.5</ele>
    <time>2026-06-19T18:13:11Z</time>
   </trkpt>
   <trkpt lat="39.8120000" lon="-105.5054220">
    <ele>2790.5</ele>
    <time>2026-06-19T18:13:12Z</time>
   </trkpt>
   <trkpt lat="39.8119870" lon="-105.5053680">
    <ele>2790.7</ele>
    <time>2026-06-19T18:14:37Z</time>
   </trkpt>
   <trkpt lat="39.8119780" lon="-105.5053780">
    <ele>2790.7</ele>
    <time>2026-06-19T18:14:38Z</time>
   </trkpt>
   <trkpt lat="39.8119800" lon="-105.5053880">
    <ele>2790.8</ele>
    <time>2026-06-19T18:14:39Z</time>
   </trkpt>
   <trkpt lat="39.8119800" lon="-105.5053910">
    <ele>2790.8</ele>
    <time>2026-06-19T18:14:40Z</time>
   </trkpt>
   <trkpt lat="39.8119770" lon="-105.5053910">
    <ele>2790.8</ele>
    <time>2026-06-19T18:14:41Z</time>
   </trkpt>
   <trkpt lat="39.8119710" lon="-105.5053970">
    <ele>2790.8</ele>
    <time>2026-06-19T18:14:42Z</time>
   </trkpt>
   <trkpt lat="39.8119670" lon="-105.5053810">
    <ele>2790.9</ele>
    <time>2026-06-19T18:14:43Z</time>
   </trkpt>
   <trkpt lat="39.8119700" lon="-105.5053640">
    <ele>2790.9</ele>
    <time>2026-06-19T18:14:44Z</time>
   </trkpt>
   <trkpt lat="39.8119620" lon="-105.5053570">
    <ele>2791.0</ele>
    <time>2026-06-19T18:14:45Z</time>
   </trkpt>
   <trkpt lat="39.8119530" lon="-105.5053400">
    <ele>2791.0</ele>
    <time>2026-06-19T18:14:46Z</time>
   </trkpt>
   <trkpt lat="39.8119460" lon="-105.5053380">
    <ele>2791.1</ele>
    <time>2026-06-19T18:14:47Z</time>
   </trkpt>
   <trkpt lat="39.8119420" lon="-105.5053280">
    <ele>2791.1</ele>
    <time>2026-06-19T18:14:48Z</time>
   </trkpt>
   <trkpt lat="39.8119260" lon="-105.5053110">
    <ele>2791.2</ele>
    <time>2026-06-19T18:14:49Z</time>
   </trkpt>
   <trkpt lat="39.8119170" lon="-105.5053100">
    <ele>2791.2</ele>
    <time>2026-06-19T18:14:50Z</time>
   </trkpt>
   <trkpt lat="39.8119090" lon="-105.5053090">
    <ele>2791.3</ele>
    <time>2026-06-19T18:14:51Z</time>
   </trkpt>
   <trkpt lat="39.8119110" lon="-105.5053010">
    <ele>2791.3</ele>
    <time>2026-06-19T18:14:52Z</time>
   </trkpt>
   <trkpt lat="39.8119210" lon="-105.5052980">
    <ele>2791.3</ele>
    <time>2026-06-19T18:14:53Z</time>
   </trkpt>
   <trkpt lat="39.8119340" lon="-105.5052800">
    <ele>2791.4</ele>
    <time>2026-06-19T18:14:54Z</time>
   </trkpt>
   <trkpt lat="39.8119460" lon="-105.5052640">
    <ele>2791.5</ele>
    <time>2026-06-19T18:14:55Z</time>
   </trkpt>
   <trkpt lat="39.8119380" lon="-105.5052640">
    <ele>2791.5</ele>
    <time>2026-06-19T18:14:56Z</time>
   </trkpt>
   <trkpt lat="39.8119370" lon="-105.5052660">
    <ele>2791.5</ele>
    <time>2026-06-19T18:14:57Z</time>
   </trkpt>
   <trkpt lat="39.8119340" lon="-105.5052430">
    <ele>2791.6</ele>
    <time>2026-06-19T18:14:58Z</time>
   </trkpt>
   <trkpt lat="39.8119160" lon="-105.5052610">
    <ele>2791.7</ele>
    <time>2026-06-19T18:14:59Z</time>
   </trkpt>
   <trkpt lat="39.8118980" lon="-105.5052420">
    <ele>2791.8</ele>
    <time>2026-06-19T18:15:00Z</time>
   </trkpt>
   <trkpt lat="39.8119150" lon="-105.5052650">
    <ele>2791.9</ele>
    <time>2026-06-19T18:15:01Z</time>
   </trkpt>
   <trkpt lat="39.8119200" lon="-105.5052710">
    <ele>2791.9</ele>
    <time>2026-06-19T18:15:02Z</time>
   </trkpt>
   <trkpt lat="39.8119260" lon="-105.5052950">
    <ele>2792.0</ele>
    <time>2026-06-19T18:15:03Z</time>
   </trkpt>
   <trkpt lat="39.8119270" lon="-105.5052970">
    <ele>2792.0</ele>
    <time>2026-06-19T18:15:04Z</time>
   </trkpt>
   <trkpt lat="39.8119290" lon="-105.5052990">
    <ele>2792.0</ele>
    <time>2026-06-19T18:15:05Z</time>
   </trkpt>
   <trkpt lat="39.8119310" lon="-105.5053010">
    <ele>2792.0</ele>
    <time>2026-06-19T18:15:06Z</time>
   </trkpt>
   <trkpt lat="39.8119320" lon="-105.5053030">
    <ele>2792.1</ele>
    <time>2026-06-19T18:15:07Z</time>
   </trkpt>
   <trkpt lat="39.8119340" lon="-105.5053060">
    <ele>2792.1</ele>
    <time>2026-06-19T18:15:08Z</time>
   </trkpt>
   <trkpt lat="39.8119350" lon="-105.5053080">
    <ele>2792.1</ele>
    <time>2026-06-19T18:15:09Z</time>
   </trkpt>
   <trkpt lat="39.8119370" lon="-105.5053100">
    <ele>2792.1</ele>
    <time>2026-06-19T18:15:10Z</time>
   </trkpt>
   <trkpt lat="39.8119390" lon="-105.5053120">
    <ele>2792.1</ele>
    <time>2026-06-19T18:15:11Z</time>
   </trkpt>
   <trkpt lat="39.8119400" lon="-105.5053140">
    <ele>2792.1</ele>
    <time>2026-06-19T18:15:12Z</time>
   </trkpt>
   <trkpt lat="39.8119420" lon="-105.5053160">
    <ele>2792.1</ele>
    <time>2026-06-19T18:15:13Z</time>
   </trkpt>
   <trkpt lat="39.8119360" lon="-105.5053430">
    <ele>2792.2</ele>
    <time>2026-06-19T18:15:14Z</time>
   </trkpt>
   <trkpt lat="39.8119260" lon="-105.5053200">
    <ele>2792.3</ele>
    <time>2026-06-19T18:15:15Z</time>
   </trkpt>
   <trkpt lat="39.8119290" lon="-105.5053100">
    <ele>2792.3</ele>
    <time>2026-06-19T18:15:16Z</time>
   </trkpt>
   <trkpt lat="39.8119330" lon="-105.5053080">
    <ele>2792.3</ele>
    <time>2026-06-19T18:15:17Z</time>
   </trkpt>
   <trkpt lat="39.8119330" lon="-105.5053120">
    <ele>2792.3</ele>
    <time>2026-06-19T18:15:18Z</time>
   </trkpt>
   <trkpt lat="39.8119300" lon="-105.5052960">
    <ele>2792.3</ele>
    <time>2026-06-19T18:15:19Z</time>
   </trkpt>
   <trkpt lat="39.8119130" lon="-105.5053020">
    <ele>2792.4</ele>
    <time>2026-06-19T18:15:20Z</time>
   </trkpt>
   <trkpt lat="39.8119150" lon="-105.5052990">
    <ele>2792.4</ele>
    <time>2026-06-19T18:15:21Z</time>
   </trkpt>
   <trkpt lat="39.8119260" lon="-105.5053070">
    <ele>2792.5</ele>
    <time>2026-06-19T18:15:22Z</time>
   </trkpt>
   <trkpt lat="39.8119320" lon="-105.5053090">
    <ele>2792.5</ele>
    <time>2026-06-19T18:15:23Z</time>
   </trkpt>
   <trkpt lat="39.8119330" lon="-105.5053120">
    <ele>2792.5</ele>
    <time>2026-06-19T18:15:24Z</time>
   </trkpt>
   <trkpt lat="39.8119580" lon="-105.5053410">
    <ele>2792.6</ele>
    <time>2026-06-19T18:15:26Z</time>
   </trkpt>
   <trkpt lat="39.8119630" lon="-105.5053500">
    <ele>2792.6</ele>
    <time>2026-06-19T18:15:27Z</time>
   </trkpt>
   <trkpt lat="39.8119680" lon="-105.5053560">
    <ele>2792.6</ele>
    <time>2026-06-19T18:15:28Z</time>
   </trkpt>
   <trkpt lat="39.8119650" lon="-105.5053600">
    <ele>2792.6</ele>
    <time>2026-06-19T18:15:29Z</time>
   </trkpt>
   <trkpt lat="39.8119700" lon="-105.5053720">
    <ele>2792.6</ele>
    <time>2026-06-19T18:15:30Z</time>
   </trkpt>
   <trkpt lat="39.8119760" lon="-105.5053880">
    <ele>2792.7</ele>
    <time>2026-06-19T18:15:31Z</time>
   </trkpt>
   <trkpt lat="39.8119810" lon="-105.5053940">
    <ele>2792.7</ele>
    <time>2026-06-19T18:15:32Z</time>
   </trkpt>
   <trkpt lat="39.8119850" lon="-105.5053880">
    <ele>2792.7</ele>
    <time>2026-06-19T18:15:33Z</time>
   </trkpt>
   <trkpt lat="39.8119890" lon="-105.5053890">
    <ele>2792.7</ele>
    <time>2026-06-19T18:15:34Z</time>
   </trkpt>
   <trkpt lat="39.8119880" lon="-105.5053860">
    <ele>2792.7</ele>
    <time>2026-06-19T18:15:35Z</time>
   </trkpt>
   <trkpt lat="39.8119860" lon="-105.5053850">
    <ele>2792.7</ele>
    <time>2026-06-19T18:15:36Z</time>
   </trkpt>
   <trkpt lat="39.8119840" lon="-105.5053860">
    <ele>2792.7</ele>
    <time>2026-06-19T18:15:37Z</time>
   </trkpt>
   <trkpt lat="39.8119850" lon="-105.5053850">
    <ele>2792.7</ele>
    <time>2026-06-19T18:15:38Z</time>
   </trkpt>
   <trkpt lat="39.8119860" lon="-105.5053840">
    <ele>2792.7</ele>
    <time>2026-06-19T18:15:39Z</time>
   </trkpt>
   <trkpt lat="39.8119930" lon="-105.5053880">
    <ele>2792.7</ele>
    <time>2026-06-19T18:15:40Z</time>
   </trkpt>
   <trkpt lat="39.8120030" lon="-105.5053980">
    <ele>2792.8</ele>
    <time>2026-06-19T18:15:41Z</time>
   </trkpt>
   <trkpt lat="39.8120160" lon="-105.5054030">
    <ele>2792.8</ele>
    <time>2026-06-19T18:15:42Z</time>
   </trkpt>
   <trkpt lat="39.8120290" lon="-105.5054040">
    <ele>2792.8</ele>
    <time>2026-06-19T18:15:43Z</time>
   </trkpt>
   <trkpt lat="39.8120360" lon="-105.5054050">
    <ele>2792.8</ele>
    <time>2026-06-19T18:15:44Z</time>
   </trkpt>
   <trkpt lat="39.8120450" lon="-105.5054100">
    <ele>2792.8</ele>
    <time>2026-06-19T18:15:45Z</time>
   </trkpt>
   <trkpt lat="39.8120470" lon="-105.5054160">
    <ele>2792.8</ele>
    <time>2026-06-19T18:15:46Z</time>
   </trkpt>
   <trkpt lat="39.8120480" lon="-105.5054210">
    <ele>2792.8</ele>
    <time>2026-06-19T18:15:47Z</time>
   </trkpt>
   <trkpt lat="39.8120500" lon="-105.5054270">
    <ele>2792.8</ele>
    <time>2026-06-19T18:15:48Z</time>
   </trkpt>
   <trkpt lat="39.8120520" lon="-105.5054320">
    <ele>2792.8</ele>
    <time>2026-06-19T18:15:49Z</time>
   </trkpt>
   <trkpt lat="39.8120540" lon="-105.5054380">
    <ele>2792.8</ele>
    <time>2026-06-19T18:15:50Z</time>
   </trkpt>
   <trkpt lat="39.8120550" lon="-105.5054430">
    <ele>2792.8</ele>
    <time>2026-06-19T18:15:51Z</time>
   </trkpt>
   <trkpt lat="39.8120570" lon="-105.5054490">
    <ele>2792.8</ele>
    <time>2026-06-19T18:15:52Z</time>
   </trkpt>
   <trkpt lat="39.8120540" lon="-105.5054580">
    <ele>2792.8</ele>
    <time>2026-06-19T18:15:53Z</time>
   </trkpt>
   <trkpt lat="39.8120530" lon="-105.5054580">
    <ele>2792.8</ele>
    <time>2026-06-19T18:15:54Z</time>
   </trkpt>
   <trkpt lat="39.8120580" lon="-105.5054680">
    <ele>2792.8</ele>
    <time>2026-06-19T18:15:55Z</time>
   </trkpt>
   <trkpt lat="39.8120640" lon="-105.5054800">
    <ele>2792.9</ele>
    <time>2026-06-19T18:15:56Z</time>
   </trkpt>
   <trkpt lat="39.8120570" lon="-105.5054840">
    <ele>2792.9</ele>
    <time>2026-06-19T18:15:57Z</time>
   </trkpt>
   <trkpt lat="39.8120690" lon="-105.5054800">
    <ele>2792.9</ele>
    <time>2026-06-19T18:15:58Z</time>
   </trkpt>
   <trkpt lat="39.8120630" lon="-105.5054910">
    <ele>2792.9</ele>
    <time>2026-06-19T18:15:59Z</time>
   </trkpt>
   <trkpt lat="39.8120790" lon="-105.5055040">
    <ele>2792.9</ele>
    <time>2026-06-19T18:16:00Z</time>
   </trkpt>
   <trkpt lat="39.8120840" lon="-105.5055060">
    <ele>2792.9</ele>
    <time>2026-06-19T18:16:01Z</time>
   </trkpt>
   <trkpt lat="39.8120830" lon="-105.5055040">
    <ele>2792.9</ele>
    <time>2026-06-19T18:16:02Z</time>
   </trkpt>
   <trkpt lat="39.8120800" lon="-105.5055030">
    <ele>2792.9</ele>
    <time>2026-06-19T18:16:03Z</time>
   </trkpt>
   <trkpt lat="39.8120760" lon="-105.5055020">
    <ele>2792.9</ele>
    <time>2026-06-19T18:16:04Z</time>
   </trkpt>
   <trkpt lat="39.8120910" lon="-105.5055090">
    <ele>2792.9</ele>
    <time>2026-06-19T18:16:05Z</time>
   </trkpt>
   <trkpt lat="39.8121010" lon="-105.5055220">
    <ele>2792.9</ele>
    <time>2026-06-19T18:16:06Z</time>
   </trkpt>
   <trkpt lat="39.8121060" lon="-105.5055310">
    <ele>2792.9</ele>
    <time>2026-06-19T18:16:07Z</time>
   </trkpt>
   <trkpt lat="39.8121100" lon="-105.5055400">
    <ele>2792.9</ele>
    <time>2026-06-19T18:16:08Z</time>
   </trkpt>
   <trkpt lat="39.8121150" lon="-105.5055490">
    <ele>2792.9</ele>
    <time>2026-06-19T18:16:09Z</time>
   </trkpt>
   <trkpt lat="39.8121350" lon="-105.5056030">
    <ele>2792.9</ele>
    <time>2026-06-19T18:16:10Z</time>
   </trkpt>
   <trkpt lat="39.8121470" lon="-105.5056260">
    <ele>2792.8</ele>
    <time>2026-06-19T18:16:11Z</time>
   </trkpt>
   <trkpt lat="39.8121100" lon="-105.5056250">
    <ele>2792.8</ele>
    <time>2026-06-19T18:16:12Z</time>
   </trkpt>
   <trkpt lat="39.8121110" lon="-105.5056530">
    <ele>2792.8</ele>
    <time>2026-06-19T18:16:13Z</time>
   </trkpt>
   <trkpt lat="39.8121100" lon="-105.5056700">
    <ele>2792.8</ele>
    <time>2026-06-19T18:16:14Z</time>
   </trkpt>
   <trkpt lat="39.8121150" lon="-105.5057050">
    <ele>2792.7</ele>
    <time>2026-06-19T18:16:15Z</time>
   </trkpt>
   <trkpt lat="39.8121170" lon="-105.5057170">
    <ele>2792.7</ele>
    <time>2026-06-19T18:16:16Z</time>
   </trkpt>
   <trkpt lat="39.8121390" lon="-105.5057400">
    <ele>2792.7</ele>
    <time>2026-06-19T18:16:17Z</time>
   </trkpt>
   <trkpt lat="39.8121490" lon="-105.5057830">
    <ele>2792.6</ele>
    <time>2026-06-19T18:16:18Z</time>
   </trkpt>
   <trkpt lat="39.8121540" lon="-105.5058040">
    <ele>2792.6</ele>
    <time>2026-06-19T18:16:19Z</time>
   </trkpt>
   <trkpt lat="39.8121670" lon="-105.5058660">
    <ele>2792.6</ele>
    <time>2026-06-19T18:16:20Z</time>
   </trkpt>
   <trkpt lat="39.8121780" lon="-105.5058660">
    <ele>2792.5</ele>
    <time>2026-06-19T18:16:21Z</time>
   </trkpt>
   <trkpt lat="39.8121930" lon="-105.5058960">
    <ele>2792.3</ele>
    <time>2026-06-19T18:16:22Z</time>
   </trkpt>
   <trkpt lat="39.8121830" lon="-105.5058890">
    <ele>2792.3</ele>
    <time>2026-06-19T18:16:23Z</time>
   </trkpt>
   <trkpt lat="39.8121910" lon="-105.5059090">
    <ele>2792.2</ele>
    <time>2026-06-19T18:16:24Z</time>
   </trkpt>
   <trkpt lat="39.8122090" lon="-105.5059280">
    <ele>2792.0</ele>
    <time>2026-06-19T18:16:25Z</time>
   </trkpt>
   <trkpt lat="39.8122290" lon="-105.5059630">
    <ele>2791.8</ele>
    <time>2026-06-19T18:16:26Z</time>
   </trkpt>
   <trkpt lat="39.8122340" lon="-105.5059760">
    <ele>2791.7</ele>
    <time>2026-06-19T18:16:27Z</time>
   </trkpt>
   <trkpt lat="39.8122420" lon="-105.5060150">
    <ele>2791.6</ele>
    <time>2026-06-19T18:16:28Z</time>
   </trkpt>
   <trkpt lat="39.8122440" lon="-105.5060710">
    <ele>2791.3</ele>
    <time>2026-06-19T18:16:29Z</time>
   </trkpt>
   <trkpt lat="39.8122590" lon="-105.5061090">
    <ele>2791.1</ele>
    <time>2026-06-19T18:16:30Z</time>
   </trkpt>
   <trkpt lat="39.8122700" lon="-105.5061530">
    <ele>2790.9</ele>
    <time>2026-06-19T18:16:31Z</time>
   </trkpt>
   <trkpt lat="39.8122860" lon="-105.5061970">
    <ele>2790.7</ele>
    <time>2026-06-19T18:16:32Z</time>
   </trkpt>
   <trkpt lat="39.8123170" lon="-105.5062380">
    <ele>2790.6</ele>
    <time>2026-06-19T18:16:33Z</time>
   </trkpt>
   <trkpt lat="39.8123820" lon="-105.5063370">
    <ele>2790.6</ele>
    <time>2026-06-19T18:16:34Z</time>
   </trkpt>
   <trkpt lat="39.8124060" lon="-105.5063620">
    <ele>2790.8</ele>
    <time>2026-06-19T18:16:35Z</time>
   </trkpt>
   <trkpt lat="39.8124200" lon="-105.5064050">
    <ele>2791.1</ele>
    <time>2026-06-19T18:16:36Z</time>
   </trkpt>
   <trkpt lat="39.8124160" lon="-105.5063910">
    <ele>2791.2</ele>
    <time>2026-06-19T18:16:37Z</time>
   </trkpt>
   <trkpt lat="39.8124070" lon="-105.5063690">
    <ele>2791.4</ele>
    <time>2026-06-19T18:16:38Z</time>
   </trkpt>
   <trkpt lat="39.8124020" lon="-105.5063740">
    <ele>2791.5</ele>
    <time>2026-06-19T18:16:39Z</time>
   </trkpt>
   <trkpt lat="39.8123980" lon="-105.5063780">
    <ele>2791.5</ele>
    <time>2026-06-19T18:16:40Z</time>
   </trkpt>
   <trkpt lat="39.8124000" lon="-105.5063900">
    <ele>2791.6</ele>
    <time>2026-06-19T18:16:41Z</time>
   </trkpt>
   <trkpt lat="39.8123960" lon="-105.5063830">
    <ele>2791.7</ele>
    <time>2026-06-19T18:16:42Z</time>
   </trkpt>
   <trkpt lat="39.8124040" lon="-105.5063850">
    <ele>2791.8</ele>
    <time>2026-06-19T18:16:43Z</time>
   </trkpt>
   <trkpt lat="39.8124020" lon="-105.5063840">
    <ele>2791.8</ele>
    <time>2026-06-19T18:16:44Z</time>
   </trkpt>
   <trkpt lat="39.8124010" lon="-105.5063820">
    <ele>2791.9</ele>
    <time>2026-06-19T18:16:45Z</time>
   </trkpt>
   <trkpt lat="39.8124160" lon="-105.5063840">
    <ele>2792.1</ele>
    <time>2026-06-19T18:16:46Z</time>
   </trkpt>
   <trkpt lat="39.8124310" lon="-105.5063830">
    <ele>2792.2</ele>
    <time>2026-06-19T18:16:47Z</time>
   </trkpt>
   <trkpt lat="39.8124340" lon="-105.5063920">
    <ele>2792.3</ele>
    <time>2026-06-19T18:16:48Z</time>
   </trkpt>
   <trkpt lat="39.8124340" lon="-105.5064100">
    <ele>2792.5</ele>
    <time>2026-06-19T18:16:49Z</time>
   </trkpt>
   <trkpt lat="39.8124410" lon="-105.5064300">
    <ele>2792.7</ele>
    <time>2026-06-19T18:16:50Z</time>
   </trkpt>
   <trkpt lat="39.8124480" lon="-105.5064350">
    <ele>2792.8</ele>
    <time>2026-06-19T18:16:51Z</time>
   </trkpt>
   <trkpt lat="39.8124520" lon="-105.5064490">
    <ele>2792.9</ele>
    <time>2026-06-19T18:16:52Z</time>
   </trkpt>
   <trkpt lat="39.8124510" lon="-105.5064560">
    <ele>2793.0</ele>
    <time>2026-06-19T18:16:53Z</time>
   </trkpt>
   <trkpt lat="39.8124600" lon="-105.5064620">
    <ele>2793.1</ele>
    <time>2026-06-19T18:16:54Z</time>
   </trkpt>
   <trkpt lat="39.8124610" lon="-105.5064590">
    <ele>2793.1</ele>
    <time>2026-06-19T18:16:55Z</time>
   </trkpt>
   <trkpt lat="39.8124650" lon="-105.5064580">
    <ele>2793.1</ele>
    <time>2026-06-19T18:16:56Z</time>
   </trkpt>
   <trkpt lat="39.8124700" lon="-105.5064600">
    <ele>2793.2</ele>
    <time>2026-06-19T18:16:57Z</time>
   </trkpt>
   <trkpt lat="39.8124730" lon="-105.5064610">
    <ele>2793.2</ele>
    <time>2026-06-19T18:16:58Z</time>
   </trkpt>
   <trkpt lat="39.8124690" lon="-105.5064600">
    <ele>2793.2</ele>
    <time>2026-06-19T18:16:59Z</time>
   </trkpt>
   <trkpt lat="39.8124760" lon="-105.5064620">
    <ele>2793.3</ele>
    <time>2026-06-19T18:17:00Z</time>
   </trkpt>
   <trkpt lat="39.8124940" lon="-105.5064570">
    <ele>2793.4</ele>
    <time>2026-06-19T18:17:01Z</time>
   </trkpt>
   <trkpt lat="39.8125170" lon="-105.5064510">
    <ele>2793.6</ele>
    <time>2026-06-19T18:17:02Z</time>
   </trkpt>
   <trkpt lat="39.8125240" lon="-105.5064510">
    <ele>2793.6</ele>
    <time>2026-06-19T18:17:03Z</time>
   </trkpt>
   <trkpt lat="39.8125320" lon="-105.5064510">
    <ele>2793.7</ele>
    <time>2026-06-19T18:17:04Z</time>
   </trkpt>
   <trkpt lat="39.8125650" lon="-105.5064530">
    <ele>2793.9</ele>
    <time>2026-06-19T18:17:05Z</time>
   </trkpt>
   <trkpt lat="39.8125820" lon="-105.5064560">
    <ele>2793.9</ele>
    <time>2026-06-19T18:17:06Z</time>
   </trkpt>
   <trkpt lat="39.8126220" lon="-105.5064520">
    <ele>2794.1</ele>
    <time>2026-06-19T18:17:07Z</time>
   </trkpt>
   <trkpt lat="39.8126480" lon="-105.5064570">
    <ele>2794.2</ele>
    <time>2026-06-19T18:17:08Z</time>
   </trkpt>
   <trkpt lat="39.8126580" lon="-105.5064570">
    <ele>2794.2</ele>
    <time>2026-06-19T18:17:09Z</time>
   </trkpt>
   <trkpt lat="39.8126670" lon="-105.5064570">
    <ele>2794.3</ele>
    <time>2026-06-19T18:17:10Z</time>
   </trkpt>
   <trkpt lat="39.8126980" lon="-105.5064510">
    <ele>2794.3</ele>
    <time>2026-06-19T18:17:11Z</time>
   </trkpt>
   <trkpt lat="39.8127250" lon="-105.5064430">
    <ele>2794.4</ele>
    <time>2026-06-19T18:17:12Z</time>
   </trkpt>
   <trkpt lat="39.8127360" lon="-105.5064380">
    <ele>2794.4</ele>
    <time>2026-06-19T18:17:13Z</time>
   </trkpt>
   <trkpt lat="39.8127360" lon="-105.5064280">
    <ele>2794.4</ele>
    <time>2026-06-19T18:17:14Z</time>
   </trkpt>
   <trkpt lat="39.8127570" lon="-105.5064150">
    <ele>2794.5</ele>
    <time>2026-06-19T18:17:15Z</time>
   </trkpt>
   <trkpt lat="39.8127700" lon="-105.5064110">
    <ele>2794.5</ele>
    <time>2026-06-19T18:17:16Z</time>
   </trkpt>
   <trkpt lat="39.8127900" lon="-105.5063990">
    <ele>2794.5</ele>
    <time>2026-06-19T18:17:17Z</time>
   </trkpt>
   <trkpt lat="39.8128010" lon="-105.5063940">
    <ele>2794.4</ele>
    <time>2026-06-19T18:17:18Z</time>
   </trkpt>
   <trkpt lat="39.8128160" lon="-105.5063770">
    <ele>2794.4</ele>
    <time>2026-06-19T18:17:19Z</time>
   </trkpt>
   <trkpt lat="39.8128320" lon="-105.5063660">
    <ele>2794.3</ele>
    <time>2026-06-19T18:17:20Z</time>
   </trkpt>
   <trkpt lat="39.8128420" lon="-105.5063540">
    <ele>2794.3</ele>
    <time>2026-06-19T18:17:21Z</time>
   </trkpt>
   <trkpt lat="39.8128760" lon="-105.5063450">
    <ele>2794.2</ele>
    <time>2026-06-19T18:17:22Z</time>
   </trkpt>
   <trkpt lat="39.8128870" lon="-105.5063500">
    <ele>2794.1</ele>
    <time>2026-06-19T18:17:23Z</time>
   </trkpt>
   <trkpt lat="39.8128870" lon="-105.5063520">
    <ele>2794.1</ele>
    <time>2026-06-19T18:17:24Z</time>
   </trkpt>
   <trkpt lat="39.8128820" lon="-105.5063530">
    <ele>2794.1</ele>
    <time>2026-06-19T18:17:25Z</time>
   </trkpt>
   <trkpt lat="39.8128830" lon="-105.5063550">
    <ele>2794.1</ele>
    <time>2026-06-19T18:17:26Z</time>
   </trkpt>
   <trkpt lat="39.8128960" lon="-105.5063650">
    <ele>2793.9</ele>
    <time>2026-06-19T18:17:27Z</time>
   </trkpt>
   <trkpt lat="39.8128990" lon="-105.5063650">
    <ele>2793.9</ele>
    <time>2026-06-19T18:17:28Z</time>
   </trkpt>
   <trkpt lat="39.8129040" lon="-105.5063680">
    <ele>2793.9</ele>
    <time>2026-06-19T18:17:29Z</time>
   </trkpt>
   <trkpt lat="39.8129050" lon="-105.5063670">
    <ele>2793.8</ele>
    <time>2026-06-19T18:17:30Z</time>
   </trkpt>
   <trkpt lat="39.8129030" lon="-105.5063720">
    <ele>2793.8</ele>
    <time>2026-06-19T18:17:31Z</time>
   </trkpt>
   <trkpt lat="39.8129120" lon="-105.5063770">
    <ele>2793.7</ele>
    <time>2026-06-19T18:17:32Z</time>
   </trkpt>
   <trkpt lat="39.8129120" lon="-105.5063720">
    <ele>2793.7</ele>
    <time>2026-06-19T18:17:33Z</time>
   </trkpt>
   <trkpt lat="39.8129180" lon="-105.5063820">
    <ele>2793.6</ele>
    <time>2026-06-19T18:17:34Z</time>
   </trkpt>
   <trkpt lat="39.8129250" lon="-105.5063870">
    <ele>2793.6</ele>
    <time>2026-06-19T18:19:15Z</time>
   </trkpt>
   <trkpt lat="39.8129430" lon="-105.5063850">
    <ele>2793.5</ele>
    <time>2026-06-19T18:19:16Z</time>
   </trkpt>
   <trkpt lat="39.8129420" lon="-105.5063750">
    <ele>2793.4</ele>
    <time>2026-06-19T18:19:17Z</time>
   </trkpt>
   <trkpt lat="39.8129320" lon="-105.5063740">
    <ele>2793.3</ele>
    <time>2026-06-19T18:19:18Z</time>
   </trkpt>
   <trkpt lat="39.8129160" lon="-105.5063980">
    <ele>2793.2</ele>
    <time>2026-06-19T18:19:19Z</time>
   </trkpt>
   <trkpt lat="39.8129150" lon="-105.5064060">
    <ele>2793.2</ele>
    <time>2026-06-19T18:19:20Z</time>
   </trkpt>
   <trkpt lat="39.8129270" lon="-105.5064060">
    <ele>2793.1</ele>
    <time>2026-06-19T18:19:21Z</time>
   </trkpt>
   <trkpt lat="39.8129250" lon="-105.5064030">
    <ele>2793.1</ele>
    <time>2026-06-19T18:19:22Z</time>
   </trkpt>
   <trkpt lat="39.8129260" lon="-105.5064120">
    <ele>2793.1</ele>
    <time>2026-06-19T18:19:23Z</time>
   </trkpt>
   <trkpt lat="39.8129300" lon="-105.5064070">
    <ele>2793.1</ele>
    <time>2026-06-19T18:19:24Z</time>
   </trkpt>
   <trkpt lat="39.8129360" lon="-105.5064240">
    <ele>2793.0</ele>
    <time>2026-06-19T18:19:26Z</time>
   </trkpt>
   <trkpt lat="39.8129440" lon="-105.5064370">
    <ele>2793.0</ele>
    <time>2026-06-19T18:19:27Z</time>
   </trkpt>
   <trkpt lat="39.8129430" lon="-105.5064460">
    <ele>2792.9</ele>
    <time>2026-06-19T18:19:28Z</time>
   </trkpt>
   <trkpt lat="39.8129410" lon="-105.5064540">
    <ele>2792.9</ele>
    <time>2026-06-19T18:19:29Z</time>
   </trkpt>
   <trkpt lat="39.8129390" lon="-105.5064630">
    <ele>2792.9</ele>
    <time>2026-06-19T18:19:30Z</time>
   </trkpt>
   <trkpt lat="39.8129380" lon="-105.5064710">
    <ele>2792.9</ele>
    <time>2026-06-19T18:19:31Z</time>
   </trkpt>
   <trkpt lat="39.8129360" lon="-105.5064800">
    <ele>2792.9</ele>
    <time>2026-06-19T18:19:32Z</time>
   </trkpt>
   <trkpt lat="39.8129350" lon="-105.5064880">
    <ele>2792.9</ele>
    <time>2026-06-19T18:19:33Z</time>
   </trkpt>
   <trkpt lat="39.8129330" lon="-105.5064970">
    <ele>2792.8</ele>
    <time>2026-06-19T18:19:34Z</time>
   </trkpt>
   <trkpt lat="39.8129310" lon="-105.5065050">
    <ele>2792.8</ele>
    <time>2026-06-19T18:19:35Z</time>
   </trkpt>
   <trkpt lat="39.8129300" lon="-105.5065140">
    <ele>2792.8</ele>
    <time>2026-06-19T18:20:54Z</time>
   </trkpt>
   <trkpt lat="39.8129280" lon="-105.5065220">
    <ele>2792.8</ele>
    <time>2026-06-19T18:20:55Z</time>
   </trkpt>
   <trkpt lat="39.8129360" lon="-105.5065600">
    <ele>2792.7</ele>
    <time>2026-06-19T18:20:56Z</time>
   </trkpt>
   <trkpt lat="39.8129510" lon="-105.5066090">
    <ele>2792.6</ele>
    <time>2026-06-19T18:20:57Z</time>
   </trkpt>
   <trkpt lat="39.8129710" lon="-105.5066550">
    <ele>2792.4</ele>
    <time>2026-06-19T18:20:58Z</time>
   </trkpt>
   <trkpt lat="39.8129990" lon="-105.5066430">
    <ele>2792.3</ele>
    <time>2026-06-19T18:20:59Z</time>
   </trkpt>
   <trkpt lat="39.8130180" lon="-105.5066700">
    <ele>2792.1</ele>
    <time>2026-06-19T18:21:00Z</time>
   </trkpt>
   <trkpt lat="39.8130240" lon="-105.5066680">
    <ele>2792.0</ele>
    <time>2026-06-19T18:21:01Z</time>
   </trkpt>
   <trkpt lat="39.8130340" lon="-105.5066720">
    <ele>2792.0</ele>
    <time>2026-06-19T18:21:02Z</time>
   </trkpt>
   <trkpt lat="39.8130460" lon="-105.5066890">
    <ele>2791.8</ele>
    <time>2026-06-19T18:21:03Z</time>
   </trkpt>
   <trkpt lat="39.8130580" lon="-105.5067040">
    <ele>2791.7</ele>
    <time>2026-06-19T18:21:04Z</time>
   </trkpt>
   <trkpt lat="39.8130770" lon="-105.5067100">
    <ele>2791.6</ele>
    <time>2026-06-19T18:21:05Z</time>
   </trkpt>
   <trkpt lat="39.8131160" lon="-105.5067090">
    <ele>2791.2</ele>
    <time>2026-06-19T18:21:06Z</time>
   </trkpt>
   <trkpt lat="39.8131530" lon="-105.5067180">
    <ele>2790.9</ele>
    <time>2026-06-19T18:21:07Z</time>
   </trkpt>
   <trkpt lat="39.8131820" lon="-105.5067410">
    <ele>2790.6</ele>
    <time>2026-06-19T18:21:08Z</time>
   </trkpt>
   <trkpt lat="39.8132070" lon="-105.5067520">
    <ele>2790.3</ele>
    <time>2026-06-19T18:21:09Z</time>
   </trkpt>
   <trkpt lat="39.8132420" lon="-105.5067710">
    <ele>2789.9</ele>
    <time>2026-06-19T18:21:10Z</time>
   </trkpt>
   <trkpt lat="39.8132610" lon="-105.5067800">
    <ele>2789.6</ele>
    <time>2026-06-19T18:21:11Z</time>
   </trkpt>
   <trkpt lat="39.8132980" lon="-105.5068090">
    <ele>2789.0</ele>
    <time>2026-06-19T18:21:12Z</time>
   </trkpt>
   <trkpt lat="39.8133280" lon="-105.5068260">
    <ele>2788.6</ele>
    <time>2026-06-19T18:21:13Z</time>
   </trkpt>
   <trkpt lat="39.8133360" lon="-105.5068260">
    <ele>2788.5</ele>
    <time>2026-06-19T18:21:14Z</time>
   </trkpt>
   <trkpt lat="39.8133470" lon="-105.5068390">
    <ele>2788.3</ele>
    <time>2026-06-19T18:21:15Z</time>
   </trkpt>
   <trkpt lat="39.8133550" lon="-105.5068530">
    <ele>2788.1</ele>
    <time>2026-06-19T18:21:16Z</time>
   </trkpt>
   <trkpt lat="39.8133640" lon="-105.5068680">
    <ele>2787.9</ele>
    <time>2026-06-19T18:21:17Z</time>
   </trkpt>
   <trkpt lat="39.8133240" lon="-105.5068970">
    <ele>2787.3</ele>
    <time>2026-06-19T18:21:18Z</time>
   </trkpt>
   <trkpt lat="39.8133020" lon="-105.5069030">
    <ele>2787.0</ele>
    <time>2026-06-19T18:21:19Z</time>
   </trkpt>
   <trkpt lat="39.8132510" lon="-105.5069050">
    <ele>2786.4</ele>
    <time>2026-06-19T18:21:20Z</time>
   </trkpt>
   <trkpt lat="39.8132240" lon="-105.5069110">
    <ele>2786.0</ele>
    <time>2026-06-19T18:21:21Z</time>
   </trkpt>
   <trkpt lat="39.8131860" lon="-105.5069000">
    <ele>2785.5</ele>
    <time>2026-06-19T18:21:22Z</time>
   </trkpt>
   <trkpt lat="39.8131550" lon="-105.5069110">
    <ele>2785.0</ele>
    <time>2026-06-19T18:21:23Z</time>
   </trkpt>
   <trkpt lat="39.8131350" lon="-105.5069390">
    <ele>2784.6</ele>
    <time>2026-06-19T18:21:24Z</time>
   </trkpt>
   <trkpt lat="39.8131340" lon="-105.5069470">
    <ele>2784.5</ele>
    <time>2026-06-19T18:21:25Z</time>
   </trkpt>
   <trkpt lat="39.8131220" lon="-105.5069440">
    <ele>2784.3</ele>
    <time>2026-06-19T18:21:26Z</time>
   </trkpt>
   <trkpt lat="39.8131070" lon="-105.5069600">
    <ele>2784.0</ele>
    <time>2026-06-19T18:21:27Z</time>
   </trkpt>
   <trkpt lat="39.8130910" lon="-105.5069830">
    <ele>2783.7</ele>
    <time>2026-06-19T18:21:28Z</time>
   </trkpt>
   <trkpt lat="39.8131040" lon="-105.5069790">
    <ele>2783.5</ele>
    <time>2026-06-19T18:21:29Z</time>
   </trkpt>
   <trkpt lat="39.8130990" lon="-105.5069740">
    <ele>2783.4</ele>
    <time>2026-06-19T18:21:30Z</time>
   </trkpt>
   <trkpt lat="39.8130900" lon="-105.5069740">
    <ele>2783.3</ele>
    <time>2026-06-19T18:21:31Z</time>
   </trkpt>
   <trkpt lat="39.8130930" lon="-105.5069700">
    <ele>2783.2</ele>
    <time>2026-06-19T18:21:32Z</time>
   </trkpt>
   <trkpt lat="39.8130920" lon="-105.5069760">
    <ele>2783.1</ele>
    <time>2026-06-19T18:21:33Z</time>
   </trkpt>
   <trkpt lat="39.8130920" lon="-105.5069820">
    <ele>2783.1</ele>
    <time>2026-06-19T18:21:34Z</time>
   </trkpt>
   <trkpt lat="39.8130840" lon="-105.5069860">
    <ele>2783.0</ele>
    <time>2026-06-19T18:21:35Z</time>
   </trkpt>
   <trkpt lat="39.8130660" lon="-105.5069980">
    <ele>2782.7</ele>
    <time>2026-06-19T18:21:36Z</time>
   </trkpt>
   <trkpt lat="39.8130550" lon="-105.5070020">
    <ele>2782.5</ele>
    <time>2026-06-19T18:21:37Z</time>
   </trkpt>
   <trkpt lat="39.8130450" lon="-105.5070060">
    <ele>2782.4</ele>
    <time>2026-06-19T18:21:38Z</time>
   </trkpt>
   <trkpt lat="39.8130330" lon="-105.5070050">
    <ele>2782.2</ele>
    <time>2026-06-19T18:21:39Z</time>
   </trkpt>
   <trkpt lat="39.8130160" lon="-105.5070040">
    <ele>2782.0</ele>
    <time>2026-06-19T18:21:40Z</time>
   </trkpt>
   <trkpt lat="39.8129870" lon="-105.5069890">
    <ele>2781.6</ele>
    <time>2026-06-19T18:21:41Z</time>
   </trkpt>
   <trkpt lat="39.8129580" lon="-105.5069850">
    <ele>2781.3</ele>
    <time>2026-06-19T18:21:42Z</time>
   </trkpt>
   <trkpt lat="39.8129310" lon="-105.5069910">
    <ele>2781.0</ele>
    <time>2026-06-19T18:21:43Z</time>
   </trkpt>
   <trkpt lat="39.8129170" lon="-105.5069940">
    <ele>2780.9</ele>
    <time>2026-06-19T18:21:44Z</time>
   </trkpt>
   <trkpt lat="39.8128970" lon="-105.5070090">
    <ele>2780.6</ele>
    <time>2026-06-19T18:21:45Z</time>
   </trkpt>
   <trkpt lat="39.8128780" lon="-105.5069990">
    <ele>2780.4</ele>
    <time>2026-06-19T18:21:46Z</time>
   </trkpt>
   <trkpt lat="39.8128580" lon="-105.5069890">
    <ele>2780.2</ele>
    <time>2026-06-19T18:21:47Z</time>
   </trkpt>
   <trkpt lat="39.8128020" lon="-105.5069990">
    <ele>2779.7</ele>
    <time>2026-06-19T18:21:48Z</time>
   </trkpt>
   <trkpt lat="39.8127820" lon="-105.5070020">
    <ele>2779.5</ele>
    <time>2026-06-19T18:21:49Z</time>
   </trkpt>
   <trkpt lat="39.8127610" lon="-105.5070050">
    <ele>2779.3</ele>
    <time>2026-06-19T18:21:50Z</time>
   </trkpt>
   <trkpt lat="39.8127150" lon="-105.5070190">
    <ele>2778.8</ele>
    <time>2026-06-19T18:21:51Z</time>
   </trkpt>
   <trkpt lat="39.8126300" lon="-105.5069910">
    <ele>2777.9</ele>
    <time>2026-06-19T18:21:52Z</time>
   </trkpt>
   <trkpt lat="39.8125760" lon="-105.5069870">
    <ele>2777.3</ele>
    <time>2026-06-19T18:21:53Z</time>
   </trkpt>
   <trkpt lat="39.8125170" lon="-105.5070010">
    <ele>2776.7</ele>
    <time>2026-06-19T18:21:54Z</time>
   </trkpt>
   <trkpt lat="39.8124780" lon="-105.5069900">
    <ele>2776.3</ele>
    <time>2026-06-19T18:21:55Z</time>
   </trkpt>
   <trkpt lat="39.8124190" lon="-105.5070260">
    <ele>2775.8</ele>
    <time>2026-06-19T18:21:56Z</time>
   </trkpt>
   <trkpt lat="39.8124130" lon="-105.5070000">
    <ele>2775.7</ele>
    <time>2026-06-19T18:21:57Z</time>
   </trkpt>
   <trkpt lat="39.8123940" lon="-105.5070020">
    <ele>2775.6</ele>
    <time>2026-06-19T18:21:58Z</time>
   </trkpt>
   <trkpt lat="39.8123750" lon="-105.5070040">
    <ele>2775.4</ele>
    <time>2026-06-19T18:21:59Z</time>
   </trkpt>
   <trkpt lat="39.8123500" lon="-105.5069790">
    <ele>2775.2</ele>
    <time>2026-06-19T18:22:00Z</time>
   </trkpt>
   <trkpt lat="39.8123000" lon="-105.5069500">
    <ele>2774.9</ele>
    <time>2026-06-19T18:22:01Z</time>
   </trkpt>
   <trkpt lat="39.8122720" lon="-105.5069420">
    <ele>2774.7</ele>
    <time>2026-06-19T18:22:02Z</time>
   </trkpt>
   <trkpt lat="39.8122200" lon="-105.5069430">
    <ele>2774.3</ele>
    <time>2026-06-19T18:22:03Z</time>
   </trkpt>
   <trkpt lat="39.8121880" lon="-105.5069510">
    <ele>2774.0</ele>
    <time>2026-06-19T18:22:04Z</time>
   </trkpt>
   <trkpt lat="39.8121810" lon="-105.5069530">
    <ele>2773.9</ele>
    <time>2026-06-19T18:22:05Z</time>
   </trkpt>
   <trkpt lat="39.8121840" lon="-105.5069880">
    <ele>2773.7</ele>
    <time>2026-06-19T18:22:06Z</time>
   </trkpt>
   <trkpt lat="39.8121860" lon="-105.5070120">
    <ele>2773.5</ele>
    <time>2026-06-19T18:22:07Z</time>
   </trkpt>
   <trkpt lat="39.8122160" lon="-105.5070500">
    <ele>2773.0</ele>
    <time>2026-06-19T18:22:08Z</time>
   </trkpt>
   <trkpt lat="39.8122310" lon="-105.5070710">
    <ele>2772.7</ele>
    <time>2026-06-19T18:22:09Z</time>
   </trkpt>
   <trkpt lat="39.8122460" lon="-105.5070910">
    <ele>2772.4</ele>
    <time>2026-06-19T18:22:10Z</time>
   </trkpt>
   <trkpt lat="39.8122480" lon="-105.5071320">
    <ele>2772.0</ele>
    <time>2026-06-19T18:22:11Z</time>
   </trkpt>
   <trkpt lat="39.8122410" lon="-105.5071390">
    <ele>2771.9</ele>
    <time>2026-06-19T18:22:12Z</time>
   </trkpt>
   <trkpt lat="39.8122360" lon="-105.5071920">
    <ele>2771.3</ele>
    <time>2026-06-19T18:22:13Z</time>
   </trkpt>
   <trkpt lat="39.8122670" lon="-105.5072110">
    <ele>2770.8</ele>
    <time>2026-06-19T18:22:14Z</time>
   </trkpt>
   <trkpt lat="39.8122780" lon="-105.5072140">
    <ele>2770.6</ele>
    <time>2026-06-19T18:22:15Z</time>
   </trkpt>
   <trkpt lat="39.8123080" lon="-105.5072370">
    <ele>2770.0</ele>
    <time>2026-06-19T18:22:16Z</time>
   </trkpt>
   <trkpt lat="39.8123260" lon="-105.5072430">
    <ele>2769.8</ele>
    <time>2026-06-19T18:22:17Z</time>
   </trkpt>
   <trkpt lat="39.8123530" lon="-105.5072570">
    <ele>2769.3</ele>
    <time>2026-06-19T18:22:18Z</time>
   </trkpt>
   <trkpt lat="39.8123630" lon="-105.5072640">
    <ele>2769.1</ele>
    <time>2026-06-19T18:22:19Z</time>
   </trkpt>
   <trkpt lat="39.8123920" lon="-105.5072510">
    <ele>2768.7</ele>
    <time>2026-06-19T18:22:20Z</time>
   </trkpt>
   <trkpt lat="39.8124080" lon="-105.5072400">
    <ele>2768.4</ele>
    <time>2026-06-19T18:22:21Z</time>
   </trkpt>
   <trkpt lat="39.8124340" lon="-105.5072770">
    <ele>2767.8</ele>
    <time>2026-06-19T18:22:22Z</time>
   </trkpt>
   <trkpt lat="39.8124480" lon="-105.5072920">
    <ele>2767.5</ele>
    <time>2026-06-19T18:22:23Z</time>
   </trkpt>
   <trkpt lat="39.8124750" lon="-105.5073200">
    <ele>2767.1</ele>
    <time>2026-06-19T18:22:24Z</time>
   </trkpt>
   <trkpt lat="39.8125130" lon="-105.5073560">
    <ele>2766.5</ele>
    <time>2026-06-19T18:22:25Z</time>
   </trkpt>
   <trkpt lat="39.8125260" lon="-105.5073780">
    <ele>2766.2</ele>
    <time>2026-06-19T18:22:26Z</time>
   </trkpt>
   <trkpt lat="39.8125490" lon="-105.5074040">
    <ele>2765.8</ele>
    <time>2026-06-19T18:22:27Z</time>
   </trkpt>
   <trkpt lat="39.8125840" lon="-105.5074010">
    <ele>2765.4</ele>
    <time>2026-06-19T18:22:28Z</time>
   </trkpt>
   <trkpt lat="39.8126120" lon="-105.5073810">
    <ele>2765.0</ele>
    <time>2026-06-19T18:22:29Z</time>
   </trkpt>
   <trkpt lat="39.8126390" lon="-105.5074160">
    <ele>2764.6</ele>
    <time>2026-06-19T18:22:30Z</time>
   </trkpt>
   <trkpt lat="39.8126620" lon="-105.5074370">
    <ele>2764.3</ele>
    <time>2026-06-19T18:22:31Z</time>
   </trkpt>
   <trkpt lat="39.8126820" lon="-105.5074630">
    <ele>2764.0</ele>
    <time>2026-06-19T18:22:32Z</time>
   </trkpt>
   <trkpt lat="39.8127120" lon="-105.5074810">
    <ele>2763.6</ele>
    <time>2026-06-19T18:22:33Z</time>
   </trkpt>
   <trkpt lat="39.8127740" lon="-105.5075100">
    <ele>2762.9</ele>
    <time>2026-06-19T18:22:34Z</time>
   </trkpt>
   <trkpt lat="39.8128200" lon="-105.5075670">
    <ele>2762.2</ele>
    <time>2026-06-19T18:22:35Z</time>
   </trkpt>
   <trkpt lat="39.8128800" lon="-105.5075960">
    <ele>2761.6</ele>
    <time>2026-06-19T18:22:36Z</time>
   </trkpt>
   <trkpt lat="39.8129310" lon="-105.5076170">
    <ele>2761.1</ele>
    <time>2026-06-19T18:22:37Z</time>
   </trkpt>
   <trkpt lat="39.8129880" lon="-105.5076330">
    <ele>2760.6</ele>
    <time>2026-06-19T18:22:38Z</time>
   </trkpt>
   <trkpt lat="39.8130500" lon="-105.5076290">
    <ele>2760.0</ele>
    <time>2026-06-19T18:22:39Z</time>
   </trkpt>
   <trkpt lat="39.8131210" lon="-105.5076850">
    <ele>2759.3</ele>
    <time>2026-06-19T18:22:40Z</time>
   </trkpt>
   <trkpt lat="39.8131510" lon="-105.5077160">
    <ele>2758.9</ele>
    <time>2026-06-19T18:22:41Z</time>
   </trkpt>
   <trkpt lat="39.8132030" lon="-105.5077110">
    <ele>2758.4</ele>
    <time>2026-06-19T18:22:42Z</time>
   </trkpt>
   <trkpt lat="39.8132450" lon="-105.5076930">
    <ele>2758.1</ele>
    <time>2026-06-19T18:22:43Z</time>
   </trkpt>
   <trkpt lat="39.8132810" lon="-105.5076850">
    <ele>2757.8</ele>
    <time>2026-06-19T18:22:44Z</time>
   </trkpt>
   <trkpt lat="39.8133230" lon="-105.5077020">
    <ele>2757.5</ele>
    <time>2026-06-19T18:22:46Z</time>
   </trkpt>
   <trkpt lat="39.8133640" lon="-105.5077170">
    <ele>2757.1</ele>
    <time>2026-06-19T18:22:47Z</time>
   </trkpt>
   <trkpt lat="39.8134080" lon="-105.5077170">
    <ele>2756.8</ele>
    <time>2026-06-19T18:22:48Z</time>
   </trkpt>
   <trkpt lat="39.8134410" lon="-105.5077040">
    <ele>2756.5</ele>
    <time>2026-06-19T18:22:49Z</time>
   </trkpt>
   <trkpt lat="39.8134870" lon="-105.5077260">
    <ele>2756.2</ele>
    <time>2026-06-19T18:22:50Z</time>
   </trkpt>
   <trkpt lat="39.8135220" lon="-105.5077480">
    <ele>2755.9</ele>
    <time>2026-06-19T18:22:51Z</time>
   </trkpt>
   <trkpt lat="39.8135550" lon="-105.5077640">
    <ele>2755.6</ele>
    <time>2026-06-19T18:22:52Z</time>
   </trkpt>
   <trkpt lat="39.8136020" lon="-105.5077900">
    <ele>2755.2</ele>
    <time>2026-06-19T18:22:53Z</time>
   </trkpt>
   <trkpt lat="39.8136490" lon="-105.5077900">
    <ele>2754.8</ele>
    <time>2026-06-19T18:22:54Z</time>
   </trkpt>
   <trkpt lat="39.8136930" lon="-105.5078100">
    <ele>2754.3</ele>
    <time>2026-06-19T18:22:55Z</time>
   </trkpt>
   <trkpt lat="39.8137210" lon="-105.5078150">
    <ele>2754.1</ele>
    <time>2026-06-19T18:22:56Z</time>
   </trkpt>
   <trkpt lat="39.8137510" lon="-105.5078130">
    <ele>2753.8</ele>
    <time>2026-06-19T18:22:57Z</time>
   </trkpt>
   <trkpt lat="39.8138170" lon="-105.5078310">
    <ele>2753.1</ele>
    <time>2026-06-19T18:22:58Z</time>
   </trkpt>
   <trkpt lat="39.8138500" lon="-105.5078110">
    <ele>2752.7</ele>
    <time>2026-06-19T18:22:59Z</time>
   </trkpt>
   <trkpt lat="39.8139100" lon="-105.5078190">
    <ele>2752.1</ele>
    <time>2026-06-19T18:23:00Z</time>
   </trkpt>
   <trkpt lat="39.8139640" lon="-105.5078120">
    <ele>2751.5</ele>
    <time>2026-06-19T18:23:01Z</time>
   </trkpt>
   <trkpt lat="39.8139520" lon="-105.5077690">
    <ele>2751.1</ele>
    <time>2026-06-19T18:23:02Z</time>
   </trkpt>
   <trkpt lat="39.8139750" lon="-105.5077610">
    <ele>2750.9</ele>
    <time>2026-06-19T18:23:03Z</time>
   </trkpt>
   <trkpt lat="39.8139900" lon="-105.5077680">
    <ele>2750.7</ele>
    <time>2026-06-19T18:23:04Z</time>
   </trkpt>
   <trkpt lat="39.8140050" lon="-105.5077740">
    <ele>2750.6</ele>
    <time>2026-06-19T18:23:05Z</time>
   </trkpt>
   <trkpt lat="39.8140870" lon="-105.5077560">
    <ele>2749.8</ele>
    <time>2026-06-19T18:23:06Z</time>
   </trkpt>
   <trkpt lat="39.8141550" lon="-105.5077490">
    <ele>2749.3</ele>
    <time>2026-06-19T18:23:07Z</time>
   </trkpt>
   <trkpt lat="39.8142260" lon="-105.5077450">
    <ele>2748.7</ele>
    <time>2026-06-19T18:23:08Z</time>
   </trkpt>
   <trkpt lat="39.8142860" lon="-105.5077350">
    <ele>2748.2</ele>
    <time>2026-06-19T18:23:09Z</time>
   </trkpt>
   <trkpt lat="39.8143630" lon="-105.5077050">
    <ele>2747.5</ele>
    <time>2026-06-19T18:23:10Z</time>
   </trkpt>
   <trkpt lat="39.8144210" lon="-105.5076840">
    <ele>2747.1</ele>
    <time>2026-06-19T18:23:11Z</time>
   </trkpt>
   <trkpt lat="39.8144660" lon="-105.5076350">
    <ele>2746.7</ele>
    <time>2026-06-19T18:23:12Z</time>
   </trkpt>
   <trkpt lat="39.8145200" lon="-105.5076150">
    <ele>2746.4</ele>
    <time>2026-06-19T18:23:13Z</time>
   </trkpt>
   <trkpt lat="39.8145340" lon="-105.5075790">
    <ele>2746.3</ele>
    <time>2026-06-19T18:23:14Z</time>
   </trkpt>
   <trkpt lat="39.8145370" lon="-105.5076360">
    <ele>2746.1</ele>
    <time>2026-06-19T18:23:15Z</time>
   </trkpt>
   <trkpt lat="39.8145420" lon="-105.5076760">
    <ele>2746.0</ele>
    <time>2026-06-19T18:23:16Z</time>
   </trkpt>
   <trkpt lat="39.8145420" lon="-105.5077180">
    <ele>2745.9</ele>
    <time>2026-06-19T18:23:17Z</time>
   </trkpt>
   <trkpt lat="39.8145400" lon="-105.5077370">
    <ele>2745.8</ele>
    <time>2026-06-19T18:23:18Z</time>
   </trkpt>
   <trkpt lat="39.8145100" lon="-105.5077750">
    <ele>2745.6</ele>
    <time>2026-06-19T18:23:19Z</time>
   </trkpt>
   <trkpt lat="39.8144910" lon="-105.5077860">
    <ele>2745.4</ele>
    <time>2026-06-19T18:23:20Z</time>
   </trkpt>
   <trkpt lat="39.8144460" lon="-105.5078280">
    <ele>2745.0</ele>
    <time>2026-06-19T18:23:21Z</time>
   </trkpt>
   <trkpt lat="39.8144130" lon="-105.5078020">
    <ele>2744.7</ele>
    <time>2026-06-19T18:23:22Z</time>
   </trkpt>
   <trkpt lat="39.8144020" lon="-105.5078350">
    <ele>2744.4</ele>
    <time>2026-06-19T18:23:23Z</time>
   </trkpt>
   <trkpt lat="39.8144120" lon="-105.5078800">
    <ele>2744.1</ele>
    <time>2026-06-19T18:23:24Z</time>
   </trkpt>
   <trkpt lat="39.8144140" lon="-105.5079000">
    <ele>2744.0</ele>
    <time>2026-06-19T18:23:25Z</time>
   </trkpt>
   <trkpt lat="39.8144570" lon="-105.5079090">
    <ele>2743.5</ele>
    <time>2026-06-19T18:23:26Z</time>
   </trkpt>
   <trkpt lat="39.8144930" lon="-105.5079140">
    <ele>2743.2</ele>
    <time>2026-06-19T18:23:27Z</time>
   </trkpt>
   <trkpt lat="39.8145670" lon="-105.5079000">
    <ele>2742.4</ele>
    <time>2026-06-19T18:23:28Z</time>
   </trkpt>
   <trkpt lat="39.8146050" lon="-105.5078670">
    <ele>2742.0</ele>
    <time>2026-06-19T18:23:29Z</time>
   </trkpt>
   <trkpt lat="39.8146360" lon="-105.5078400">
    <ele>2741.6</ele>
    <time>2026-06-19T18:23:30Z</time>
   </trkpt>
   <trkpt lat="39.8146480" lon="-105.5078320">
    <ele>2741.5</ele>
    <time>2026-06-19T18:23:31Z</time>
   </trkpt>
   <trkpt lat="39.8146760" lon="-105.5078670">
    <ele>2741.2</ele>
    <time>2026-06-19T18:23:32Z</time>
   </trkpt>
   <trkpt lat="39.8146930" lon="-105.5078880">
    <ele>2741.0</ele>
    <time>2026-06-19T18:23:33Z</time>
   </trkpt>
   <trkpt lat="39.8147150" lon="-105.5079530">
    <ele>2740.6</ele>
    <time>2026-06-19T18:23:34Z</time>
   </trkpt>
   <trkpt lat="39.8147190" lon="-105.5079970">
    <ele>2740.4</ele>
    <time>2026-06-19T18:23:35Z</time>
   </trkpt>
   <trkpt lat="39.8147100" lon="-105.5080410">
    <ele>2740.1</ele>
    <time>2026-06-19T18:23:36Z</time>
   </trkpt>
   <trkpt lat="39.8146900" lon="-105.5080570">
    <ele>2739.9</ele>
    <time>2026-06-19T18:23:37Z</time>
   </trkpt>
   <trkpt lat="39.8147190" lon="-105.5080680">
    <ele>2739.7</ele>
    <time>2026-06-19T18:23:38Z</time>
   </trkpt>
   <trkpt lat="39.8147190" lon="-105.5080790">
    <ele>2739.6</ele>
    <time>2026-06-19T18:23:39Z</time>
   </trkpt>
   <trkpt lat="39.8147000" lon="-105.5080750">
    <ele>2739.4</ele>
    <time>2026-06-19T18:23:40Z</time>
   </trkpt>
   <trkpt lat="39.8146990" lon="-105.5080850">
    <ele>2739.3</ele>
    <time>2026-06-19T18:23:41Z</time>
   </trkpt>
   <trkpt lat="39.8146960" lon="-105.5080990">
    <ele>2739.2</ele>
    <time>2026-06-19T18:23:42Z</time>
   </trkpt>
   <trkpt lat="39.8146980" lon="-105.5080890">
    <ele>2739.2</ele>
    <time>2026-06-19T18:23:43Z</time>
   </trkpt>
   <trkpt lat="39.8146820" lon="-105.5080840">
    <ele>2739.0</ele>
    <time>2026-06-19T18:23:44Z</time>
   </trkpt>
   <trkpt lat="39.8146880" lon="-105.5080700">
    <ele>2738.9</ele>
    <time>2026-06-19T18:23:45Z</time>
   </trkpt>
   <trkpt lat="39.8146860" lon="-105.5080720">
    <ele>2738.8</ele>
    <time>2026-06-19T18:23:46Z</time>
   </trkpt>
   <trkpt lat="39.8146880" lon="-105.5080810">
    <ele>2738.7</ele>
    <time>2026-06-19T18:23:47Z</time>
   </trkpt>
   <trkpt lat="39.8146920" lon="-105.5080790">
    <ele>2738.7</ele>
    <time>2026-06-19T18:23:48Z</time>
   </trkpt>
   <trkpt lat="39.8146920" lon="-105.5080810">
    <ele>2738.7</ele>
    <time>2026-06-19T18:23:49Z</time>
   </trkpt>
   <trkpt lat="39.8146810" lon="-105.5080880">
    <ele>2738.5</ele>
    <time>2026-06-19T18:23:50Z</time>
   </trkpt>
   <trkpt lat="39.8146850" lon="-105.5080880">
    <ele>2738.5</ele>
    <time>2026-06-19T18:23:51Z</time>
   </trkpt>
   <trkpt lat="39.8147010" lon="-105.5081050">
    <ele>2738.4</ele>
    <time>2026-06-19T18:24:29Z</time>
   </trkpt>
   <trkpt lat="39.8146950" lon="-105.5081000">
    <ele>2738.3</ele>
    <time>2026-06-19T18:24:30Z</time>
   </trkpt>
   <trkpt lat="39.8146910" lon="-105.5081020">
    <ele>2738.3</ele>
    <time>2026-06-19T18:24:31Z</time>
   </trkpt>
   <trkpt lat="39.8146910" lon="-105.5081020">
    <ele>2738.3</ele>
    <time>2026-06-19T18:24:32Z</time>
   </trkpt>
   <trkpt lat="39.8146960" lon="-105.5081000">
    <ele>2738.3</ele>
    <time>2026-06-19T18:24:33Z</time>
   </trkpt>
   <trkpt lat="39.8146960" lon="-105.5081000">
    <ele>2738.3</ele>
    <time>2026-06-19T18:24:34Z</time>
   </trkpt>
   <trkpt lat="39.8146960" lon="-105.5081000">
    <ele>2738.3</ele>
    <time>2026-06-19T18:24:35Z</time>
   </trkpt>
   <trkpt lat="39.8146960" lon="-105.5081000">
    <ele>2738.3</ele>
    <time>2026-06-19T18:24:36Z</time>
   </trkpt>
   <trkpt lat="39.8146960" lon="-105.5081000">
    <ele>2738.3</ele>
    <time>2026-06-19T18:24:37Z</time>
   </trkpt>
   <trkpt lat="39.8146760" lon="-105.5081100">
    <ele>2738.1</ele>
    <time>2026-06-19T18:24:38Z</time>
   </trkpt>
   <trkpt lat="39.8146760" lon="-105.5081100">
    <ele>2738.1</ele>
    <time>2026-06-19T18:24:39Z</time>
   </trkpt>
   <trkpt lat="39.8146460" lon="-105.5081380">
    <ele>2737.8</ele>
    <time>2026-06-19T18:25:19Z</time>
   </trkpt>
   <trkpt lat="39.8146170" lon="-105.5081480">
    <ele>2737.5</ele>
    <time>2026-06-19T18:25:20Z</time>
   </trkpt>
   <trkpt lat="39.8145810" lon="-105.5081570">
    <ele>2737.2</ele>
    <time>2026-06-19T18:25:21Z</time>
   </trkpt>
   <trkpt lat="39.8145670" lon="-105.5081610">
    <ele>2737.1</ele>
    <time>2026-06-19T18:25:22Z</time>
   </trkpt>
   <trkpt lat="39.8145220" lon="-105.5081550">
    <ele>2736.8</ele>
    <time>2026-06-19T18:25:23Z</time>
   </trkpt>
   <trkpt lat="39.8144870" lon="-105.5081700">
    <ele>2736.5</ele>
    <time>2026-06-19T18:25:24Z</time>
   </trkpt>
   <trkpt lat="39.8144580" lon="-105.5082040">
    <ele>2736.3</ele>
    <time>2026-06-19T18:25:25Z</time>
   </trkpt>
   <trkpt lat="39.8144060" lon="-105.5082310">
    <ele>2736.0</ele>
    <time>2026-06-19T18:25:26Z</time>
   </trkpt>
   <trkpt lat="39.8143610" lon="-105.5082600">
    <ele>2735.7</ele>
    <time>2026-06-19T18:25:27Z</time>
   </trkpt>
   <trkpt lat="39.8143090" lon="-105.5082710">
    <ele>2735.4</ele>
    <time>2026-06-19T18:25:28Z</time>
   </trkpt>
   <trkpt lat="39.8142600" lon="-105.5082530">
    <ele>2735.0</ele>
    <time>2026-06-19T18:25:29Z</time>
   </trkpt>
   <trkpt lat="39.8142320" lon="-105.5082820">
    <ele>2734.8</ele>
    <time>2026-06-19T18:25:30Z</time>
   </trkpt>
   <trkpt lat="39.8142240" lon="-105.5082910">
    <ele>2734.7</ele>
    <time>2026-06-19T18:25:31Z</time>
   </trkpt>
   <trkpt lat="39.8142530" lon="-105.5083410">
    <ele>2734.3</ele>
    <time>2026-06-19T18:25:32Z</time>
   </trkpt>
   <trkpt lat="39.8143180" lon="-105.5083450">
    <ele>2733.8</ele>
    <time>2026-06-19T18:25:33Z</time>
   </trkpt>
   <trkpt lat="39.8143760" lon="-105.5083440">
    <ele>2733.4</ele>
    <time>2026-06-19T18:25:34Z</time>
   </trkpt>
   <trkpt lat="39.8144300" lon="-105.5083320">
    <ele>2733.1</ele>
    <time>2026-06-19T18:25:35Z</time>
   </trkpt>
   <trkpt lat="39.8144320" lon="-105.5083090">
    <ele>2733.0</ele>
    <time>2026-06-19T18:25:36Z</time>
   </trkpt>
   <trkpt lat="39.8144490" lon="-105.5083110">
    <ele>2732.9</ele>
    <time>2026-06-19T18:25:37Z</time>
   </trkpt>
   <trkpt lat="39.8144670" lon="-105.5083130">
    <ele>2732.8</ele>
    <time>2026-06-19T18:25:38Z</time>
   </trkpt>
   <trkpt lat="39.8145000" lon="-105.5083120">
    <ele>2732.7</ele>
    <time>2026-06-19T18:25:39Z</time>
   </trkpt>
   <trkpt lat="39.8145420" lon="-105.5083350">
    <ele>2732.4</ele>
    <time>2026-06-19T18:25:40Z</time>
   </trkpt>
   <trkpt lat="39.8145630" lon="-105.5084180">
    <ele>2731.9</ele>
    <time>2026-06-19T18:25:41Z</time>
   </trkpt>
   <trkpt lat="39.8145400" lon="-105.5084880">
    <ele>2731.5</ele>
    <time>2026-06-19T18:25:42Z</time>
   </trkpt>
   <trkpt lat="39.8144870" lon="-105.5084990">
    <ele>2731.0</ele>
    <time>2026-06-19T18:25:43Z</time>
   </trkpt>
   <trkpt lat="39.8144300" lon="-105.5084990">
    <ele>2730.5</ele>
    <time>2026-06-19T18:25:44Z</time>
   </trkpt>
   <trkpt lat="39.8143810" lon="-105.5084970">
    <ele>2730.2</ele>
    <time>2026-06-19T18:25:45Z</time>
   </trkpt>
   <trkpt lat="39.8143290" lon="-105.5084920">
    <ele>2729.9</ele>
    <time>2026-06-19T18:25:46Z</time>
   </trkpt>
   <trkpt lat="39.8142760" lon="-105.5085040">
    <ele>2729.7</ele>
    <time>2026-06-19T18:25:47Z</time>
   </trkpt>
   <trkpt lat="39.8142510" lon="-105.5085250">
    <ele>2729.6</ele>
    <time>2026-06-19T18:25:48Z</time>
   </trkpt>
   <trkpt lat="39.8142200" lon="-105.5085060">
    <ele>2729.5</ele>
    <time>2026-06-19T18:25:49Z</time>
   </trkpt>
   <trkpt lat="39.8141880" lon="-105.5085120">
    <ele>2729.4</ele>
    <time>2026-06-19T18:25:50Z</time>
   </trkpt>
   <trkpt lat="39.8141510" lon="-105.5085260">
    <ele>2729.3</ele>
    <time>2026-06-19T18:25:51Z</time>
   </trkpt>
   <trkpt lat="39.8141080" lon="-105.5085360">
    <ele>2729.1</ele>
    <time>2026-06-19T18:25:52Z</time>
   </trkpt>
   <trkpt lat="39.8140650" lon="-105.5084940">
    <ele>2728.9</ele>
    <time>2026-06-19T18:25:53Z</time>
   </trkpt>
   <trkpt lat="39.8140290" lon="-105.5084830">
    <ele>2728.6</ele>
    <time>2026-06-19T18:25:54Z</time>
   </trkpt>
   <trkpt lat="39.8140090" lon="-105.5085110">
    <ele>2728.4</ele>
    <time>2026-06-19T18:25:55Z</time>
   </trkpt>
   <trkpt lat="39.8139970" lon="-105.5085260">
    <ele>2728.2</ele>
    <time>2026-06-19T18:25:56Z</time>
   </trkpt>
   <trkpt lat="39.8140020" lon="-105.5085930">
    <ele>2727.7</ele>
    <time>2026-06-19T18:25:57Z</time>
   </trkpt>
   <trkpt lat="39.8140010" lon="-105.5086380">
    <ele>2727.2</ele>
    <time>2026-06-19T18:25:58Z</time>
   </trkpt>
   <trkpt lat="39.8140810" lon="-105.5086260">
    <ele>2726.1</ele>
    <time>2026-06-19T18:25:59Z</time>
   </trkpt>
   <trkpt lat="39.8141220" lon="-105.5086560">
    <ele>2725.5</ele>
    <time>2026-06-19T18:26:00Z</time>
   </trkpt>
   <trkpt lat="39.8141650" lon="-105.5086760">
    <ele>2724.9</ele>
    <time>2026-06-19T18:26:01Z</time>
   </trkpt>
   <trkpt lat="39.8142040" lon="-105.5086850">
    <ele>2724.4</ele>
    <time>2026-06-19T18:26:02Z</time>
   </trkpt>
   <trkpt lat="39.8142380" lon="-105.5087420">
    <ele>2723.7</ele>
    <time>2026-06-19T18:26:03Z</time>
   </trkpt>
   <trkpt lat="39.8142460" lon="-105.5087280">
    <ele>2723.6</ele>
    <time>2026-06-19T18:26:04Z</time>
   </trkpt>
   <trkpt lat="39.8142690" lon="-105.5087580">
    <ele>2723.2</ele>
    <time>2026-06-19T18:26:05Z</time>
   </trkpt>
   <trkpt lat="39.8142970" lon="-105.5087890">
    <ele>2722.8</ele>
    <time>2026-06-19T18:26:06Z</time>
   </trkpt>
   <trkpt lat="39.8143080" lon="-105.5088270">
    <ele>2722.5</ele>
    <time>2026-06-19T18:26:07Z</time>
   </trkpt>
   <trkpt lat="39.8143240" lon="-105.5088850">
    <ele>2722.1</ele>
    <time>2026-06-19T18:26:08Z</time>
   </trkpt>
   <trkpt lat="39.8143210" lon="-105.5089470">
    <ele>2721.7</ele>
    <time>2026-06-19T18:26:09Z</time>
   </trkpt>
   <trkpt lat="39.8143530" lon="-105.5089940">
    <ele>2721.3</ele>
    <time>2026-06-19T18:26:10Z</time>
   </trkpt>
   <trkpt lat="39.8143570" lon="-105.5090450">
    <ele>2721.1</ele>
    <time>2026-06-19T18:26:11Z</time>
   </trkpt>
   <trkpt lat="39.8143630" lon="-105.5091240">
    <ele>2720.6</ele>
    <time>2026-06-19T18:26:12Z</time>
   </trkpt>
   <trkpt lat="39.8143680" lon="-105.5092100">
    <ele>2720.2</ele>
    <time>2026-06-19T18:26:13Z</time>
   </trkpt>
   <trkpt lat="39.8143770" lon="-105.5092780">
    <ele>2719.8</ele>
    <time>2026-06-19T18:26:14Z</time>
   </trkpt>
   <trkpt lat="39.8143860" lon="-105.5093550">
    <ele>2719.4</ele>
    <time>2026-06-19T18:26:15Z</time>
   </trkpt>
   <trkpt lat="39.8143700" lon="-105.5094330">
    <ele>2719.0</ele>
    <time>2026-06-19T18:26:16Z</time>
   </trkpt>
   <trkpt lat="39.8143490" lon="-105.5095030">
    <ele>2718.6</ele>
    <time>2026-06-19T18:26:17Z</time>
   </trkpt>
   <trkpt lat="39.8143430" lon="-105.5095790">
    <ele>2718.2</ele>
    <time>2026-06-19T18:26:18Z</time>
   </trkpt>
   <trkpt lat="39.8143450" lon="-105.5096690">
    <ele>2717.9</ele>
    <time>2026-06-19T18:26:19Z</time>
   </trkpt>
   <trkpt lat="39.8143420" lon="-105.5097570">
    <ele>2717.6</ele>
    <time>2026-06-19T18:26:20Z</time>
   </trkpt>
   <trkpt lat="39.8143490" lon="-105.5098280">
    <ele>2717.4</ele>
    <time>2026-06-19T18:26:21Z</time>
   </trkpt>
   <trkpt lat="39.8143490" lon="-105.5098780">
    <ele>2717.3</ele>
    <time>2026-06-19T18:26:22Z</time>
   </trkpt>
   <trkpt lat="39.8143410" lon="-105.5099310">
    <ele>2717.2</ele>
    <time>2026-06-19T18:26:23Z</time>
   </trkpt>
   <trkpt lat="39.8143350" lon="-105.5100150">
    <ele>2717.1</ele>
    <time>2026-06-19T18:26:24Z</time>
   </trkpt>
   <trkpt lat="39.8143590" lon="-105.5100970">
    <ele>2717.0</ele>
    <time>2026-06-19T18:26:25Z</time>
   </trkpt>
   <trkpt lat="39.8143580" lon="-105.5101620">
    <ele>2717.0</ele>
    <time>2026-06-19T18:26:26Z</time>
   </trkpt>
   <trkpt lat="39.8143600" lon="-105.5102140">
    <ele>2716.9</ele>
    <time>2026-06-19T18:26:27Z</time>
   </trkpt>
   <trkpt lat="39.8143430" lon="-105.5102660">
    <ele>2716.8</ele>
    <time>2026-06-19T18:26:28Z</time>
   </trkpt>
   <trkpt lat="39.8143300" lon="-105.5103280">
    <ele>2716.6</ele>
    <time>2026-06-19T18:26:29Z</time>
   </trkpt>
   <trkpt lat="39.8143300" lon="-105.5103540">
    <ele>2716.5</ele>
    <time>2026-06-19T18:26:30Z</time>
   </trkpt>
   <trkpt lat="39.8143350" lon="-105.5103780">
    <ele>2716.4</ele>
    <time>2026-06-19T18:26:31Z</time>
   </trkpt>
   <trkpt lat="39.8143390" lon="-105.5104020">
    <ele>2716.3</ele>
    <time>2026-06-19T18:26:32Z</time>
   </trkpt>
   <trkpt lat="39.8143140" lon="-105.5104590">
    <ele>2716.1</ele>
    <time>2026-06-19T18:26:33Z</time>
   </trkpt>
   <trkpt lat="39.8142910" lon="-105.5104830">
    <ele>2715.9</ele>
    <time>2026-06-19T18:26:34Z</time>
   </trkpt>
   <trkpt lat="39.8142690" lon="-105.5105240">
    <ele>2715.6</ele>
    <time>2026-06-19T18:26:35Z</time>
   </trkpt>
   <trkpt lat="39.8142950" lon="-105.5106030">
    <ele>2715.2</ele>
    <time>2026-06-19T18:26:36Z</time>
   </trkpt>
   <trkpt lat="39.8142740" lon="-105.5106610">
    <ele>2714.9</ele>
    <time>2026-06-19T18:26:37Z</time>
   </trkpt>
   <trkpt lat="39.8142480" lon="-105.5107820">
    <ele>2714.3</ele>
    <time>2026-06-19T18:26:38Z</time>
   </trkpt>
   <trkpt lat="39.8142480" lon="-105.5108470">
    <ele>2714.0</ele>
    <time>2026-06-19T18:26:39Z</time>
   </trkpt>
   <trkpt lat="39.8142750" lon="-105.5111300">
    <ele>2713.0</ele>
    <time>2026-06-19T18:26:40Z</time>
   </trkpt>
   <trkpt lat="39.8143010" lon="-105.5111610">
    <ele>2712.9</ele>
    <time>2026-06-19T18:26:41Z</time>
   </trkpt>
   <trkpt lat="39.8143140" lon="-105.5111990">
    <ele>2712.7</ele>
    <time>2026-06-19T18:26:42Z</time>
   </trkpt>
   <trkpt lat="39.8142960" lon="-105.5112790">
    <ele>2712.5</ele>
    <time>2026-06-19T18:26:43Z</time>
   </trkpt>
   <trkpt lat="39.8142780" lon="-105.5113360">
    <ele>2712.3</ele>
    <time>2026-06-19T18:26:44Z</time>
   </trkpt>
   <trkpt lat="39.8142910" lon="-105.5114000">
    <ele>2712.1</ele>
    <time>2026-06-19T18:26:45Z</time>
   </trkpt>
   <trkpt lat="39.8143180" lon="-105.5114650">
    <ele>2711.8</ele>
    <time>2026-06-19T18:26:46Z</time>
   </trkpt>
   <trkpt lat="39.8143170" lon="-105.5115410">
    <ele>2711.5</ele>
    <time>2026-06-19T18:26:47Z</time>
   </trkpt>
   <trkpt lat="39.8142940" lon="-105.5115980">
    <ele>2711.2</ele>
    <time>2026-06-19T18:26:48Z</time>
   </trkpt>
   <trkpt lat="39.8142660" lon="-105.5116480">
    <ele>2710.9</ele>
    <time>2026-06-19T18:26:49Z</time>
   </trkpt>
   <trkpt lat="39.8142700" lon="-105.5117220">
    <ele>2710.5</ele>
    <time>2026-06-19T18:26:50Z</time>
   </trkpt>
   <trkpt lat="39.8142260" lon="-105.5117690">
    <ele>2710.1</ele>
    <time>2026-06-19T18:26:51Z</time>
   </trkpt>
   <trkpt lat="39.8142450" lon="-105.5118770">
    <ele>2709.5</ele>
    <time>2026-06-19T18:26:52Z</time>
   </trkpt>
   <trkpt lat="39.8142500" lon="-105.5119340">
    <ele>2709.3</ele>
    <time>2026-06-19T18:26:53Z</time>
   </trkpt>
   <trkpt lat="39.8142290" lon="-105.5119830">
    <ele>2709.1</ele>
    <time>2026-06-19T18:26:54Z</time>
   </trkpt>
   <trkpt lat="39.8142270" lon="-105.5120420">
    <ele>2708.9</ele>
    <time>2026-06-19T18:26:55Z</time>
   </trkpt>
   <trkpt lat="39.8142560" lon="-105.5121010">
    <ele>2708.7</ele>
    <time>2026-06-19T18:26:56Z</time>
   </trkpt>
   <trkpt lat="39.8143000" lon="-105.5121240">
    <ele>2708.5</ele>
    <time>2026-06-19T18:26:58Z</time>
   </trkpt>
   <trkpt lat="39.8142450" lon="-105.5121820">
    <ele>2708.0</ele>
    <time>2026-06-19T18:26:59Z</time>
   </trkpt>
   <trkpt lat="39.8142130" lon="-105.5122180">
    <ele>2707.7</ele>
    <time>2026-06-19T18:27:00Z</time>
   </trkpt>
   <trkpt lat="39.8141690" lon="-105.5122390">
    <ele>2707.2</ele>
    <time>2026-06-19T18:27:01Z</time>
   </trkpt>
   <trkpt lat="39.8141110" lon="-105.5121330">
    <ele>2706.0</ele>
    <time>2026-06-19T18:27:02Z</time>
   </trkpt>
   <trkpt lat="39.8140810" lon="-105.5120340">
    <ele>2705.1</ele>
    <time>2026-06-19T18:27:03Z</time>
   </trkpt>
   <trkpt lat="39.8140620" lon="-105.5119490">
    <ele>2704.5</ele>
    <time>2026-06-19T18:27:04Z</time>
   </trkpt>
   <trkpt lat="39.8140460" lon="-105.5119030">
    <ele>2704.1</ele>
    <time>2026-06-19T18:27:05Z</time>
   </trkpt>
   <trkpt lat="39.8140160" lon="-105.5118430">
    <ele>2703.7</ele>
    <time>2026-06-19T18:27:06Z</time>
   </trkpt>
   <trkpt lat="39.8140110" lon="-105.5118260">
    <ele>2703.6</ele>
    <time>2026-06-19T18:27:07Z</time>
   </trkpt>
   <trkpt lat="39.8140000" lon="-105.5117950">
    <ele>2703.4</ele>
    <time>2026-06-19T18:27:08Z</time>
   </trkpt>
   <trkpt lat="39.8139750" lon="-105.5117760">
    <ele>2703.2</ele>
    <time>2026-06-19T18:27:09Z</time>
   </trkpt>
   <trkpt lat="39.8139530" lon="-105.5117450">
    <ele>2702.9</ele>
    <time>2026-06-19T18:27:10Z</time>
   </trkpt>
   <trkpt lat="39.8139470" lon="-105.5117080">
    <ele>2702.7</ele>
    <time>2026-06-19T18:27:11Z</time>
   </trkpt>
   <trkpt lat="39.8139630" lon="-105.5116170">
    <ele>2702.1</ele>
    <time>2026-06-19T18:27:12Z</time>
   </trkpt>
   <trkpt lat="39.8139140" lon="-105.5114160">
    <ele>2700.7</ele>
    <time>2026-06-19T18:27:13Z</time>
   </trkpt>
   <trkpt lat="39.8139170" lon="-105.5113500">
    <ele>2700.2</ele>
    <time>2026-06-19T18:27:14Z</time>
   </trkpt>
   <trkpt lat="39.8138470" lon="-105.5113510">
    <ele>2699.6</ele>
    <time>2026-06-19T18:27:15Z</time>
   </trkpt>
   <trkpt lat="39.8138350" lon="-105.5112950">
    <ele>2699.2</ele>
    <time>2026-06-19T18:27:16Z</time>
   </trkpt>
   <trkpt lat="39.8137760" lon="-105.5112500">
    <ele>2698.7</ele>
    <time>2026-06-19T18:27:17Z</time>
   </trkpt>
   <trkpt lat="39.8137900" lon="-105.5111290">
    <ele>2697.9</ele>
    <time>2026-06-19T18:27:18Z</time>
   </trkpt>
   <trkpt lat="39.8137520" lon="-105.5110900">
    <ele>2697.6</ele>
    <time>2026-06-19T18:27:19Z</time>
   </trkpt>
   <trkpt lat="39.8137200" lon="-105.5110140">
    <ele>2697.1</ele>
    <time>2026-06-19T18:27:20Z</time>
   </trkpt>
   <trkpt lat="39.8136890" lon="-105.5109650">
    <ele>2696.7</ele>
    <time>2026-06-19T18:27:21Z</time>
   </trkpt>
   <trkpt lat="39.8136830" lon="-105.5108610">
    <ele>2696.1</ele>
    <time>2026-06-19T18:27:22Z</time>
   </trkpt>
   <trkpt lat="39.8136690" lon="-105.5108040">
    <ele>2695.8</ele>
    <time>2026-06-19T18:27:23Z</time>
   </trkpt>
   <trkpt lat="39.8136300" lon="-105.5107670">
    <ele>2695.4</ele>
    <time>2026-06-19T18:27:24Z</time>
   </trkpt>
   <trkpt lat="39.8136010" lon="-105.5107520">
    <ele>2695.1</ele>
    <time>2026-06-19T18:27:25Z</time>
   </trkpt>
   <trkpt lat="39.8135800" lon="-105.5106770">
    <ele>2694.7</ele>
    <time>2026-06-19T18:27:26Z</time>
   </trkpt>
   <trkpt lat="39.8135640" lon="-105.5105880">
    <ele>2694.1</ele>
    <time>2026-06-19T18:27:27Z</time>
   </trkpt>
   <trkpt lat="39.8135350" lon="-105.5105330">
    <ele>2693.7</ele>
    <time>2026-06-19T18:27:28Z</time>
   </trkpt>
   <trkpt lat="39.8135100" lon="-105.5105000">
    <ele>2693.5</ele>
    <time>2026-06-19T18:27:29Z</time>
   </trkpt>
   <trkpt lat="39.8135230" lon="-105.5104340">
    <ele>2693.1</ele>
    <time>2026-06-19T18:27:30Z</time>
   </trkpt>
   <trkpt lat="39.8134780" lon="-105.5104270">
    <ele>2692.7</ele>
    <time>2026-06-19T18:27:31Z</time>
   </trkpt>
   <trkpt lat="39.8134430" lon="-105.5103740">
    <ele>2692.4</ele>
    <time>2026-06-19T18:27:32Z</time>
   </trkpt>
   <trkpt lat="39.8134260" lon="-105.5102610">
    <ele>2691.9</ele>
    <time>2026-06-19T18:27:33Z</time>
   </trkpt>
   <trkpt lat="39.8134450" lon="-105.5101590">
    <ele>2691.5</ele>
    <time>2026-06-19T18:27:34Z</time>
   </trkpt>
   <trkpt lat="39.8134730" lon="-105.5100940">
    <ele>2691.0</ele>
    <time>2026-06-19T18:27:35Z</time>
   </trkpt>
   <trkpt lat="39.8134680" lon="-105.5100470">
    <ele>2690.6</ele>
    <time>2026-06-19T18:27:36Z</time>
   </trkpt>
   <trkpt lat="39.8134410" lon="-105.5100150">
    <ele>2690.2</ele>
    <time>2026-06-19T18:27:37Z</time>
   </trkpt>
   <trkpt lat="39.8133920" lon="-105.5100070">
    <ele>2689.5</ele>
    <time>2026-06-19T18:27:38Z</time>
   </trkpt>
   <trkpt lat="39.8133500" lon="-105.5100590">
    <ele>2688.7</ele>
    <time>2026-06-19T18:27:39Z</time>
   </trkpt>
   <trkpt lat="39.8133370" lon="-105.5101130">
    <ele>2688.2</ele>
    <time>2026-06-19T18:27:40Z</time>
   </trkpt>
   <trkpt lat="39.8133310" lon="-105.5101790">
    <ele>2687.6</ele>
    <time>2026-06-19T18:27:41Z</time>
   </trkpt>
   <trkpt lat="39.8133430" lon="-105.5102870">
    <ele>2686.7</ele>
    <time>2026-06-19T18:27:42Z</time>
   </trkpt>
   <trkpt lat="39.8133190" lon="-105.5103590">
    <ele>2686.2</ele>
    <time>2026-06-19T18:27:43Z</time>
   </trkpt>
   <trkpt lat="39.8133030" lon="-105.5104450">
    <ele>2685.6</ele>
    <time>2026-06-19T18:27:44Z</time>
   </trkpt>
   <trkpt lat="39.8133170" lon="-105.5104980">
    <ele>2685.3</ele>
    <time>2026-06-19T18:27:45Z</time>
   </trkpt>
   <trkpt lat="39.8133010" lon="-105.5106500">
    <ele>2684.5</ele>
    <time>2026-06-19T18:27:46Z</time>
   </trkpt>
   <trkpt lat="39.8132870" lon="-105.5106940">
    <ele>2684.1</ele>
    <time>2026-06-19T18:27:47Z</time>
   </trkpt>
   <trkpt lat="39.8132660" lon="-105.5107480">
    <ele>2683.7</ele>
    <time>2026-06-19T18:27:48Z</time>
   </trkpt>
   <trkpt lat="39.8132480" lon="-105.5108280">
    <ele>2683.2</ele>
    <time>2026-06-19T18:27:49Z</time>
   </trkpt>
   <trkpt lat="39.8132830" lon="-105.5109040">
    <ele>2682.6</ele>
    <time>2026-06-19T18:27:50Z</time>
   </trkpt>
   <trkpt lat="39.8132770" lon="-105.5109780">
    <ele>2682.1</ele>
    <time>2026-06-19T18:27:51Z</time>
   </trkpt>
   <trkpt lat="39.8132740" lon="-105.5110560">
    <ele>2681.7</ele>
    <time>2026-06-19T18:27:52Z</time>
   </trkpt>
   <trkpt lat="39.8132700" lon="-105.5111400">
    <ele>2681.2</ele>
    <time>2026-06-19T18:27:53Z</time>
   </trkpt>
   <trkpt lat="39.8132550" lon="-105.5112280">
    <ele>2680.6</ele>
    <time>2026-06-19T18:27:54Z</time>
   </trkpt>
   <trkpt lat="39.8132400" lon="-105.5113090">
    <ele>2680.2</ele>
    <time>2026-06-19T18:27:55Z</time>
   </trkpt>
   <trkpt lat="39.8132440" lon="-105.5113980">
    <ele>2679.8</ele>
    <time>2026-06-19T18:27:56Z</time>
   </trkpt>
   <trkpt lat="39.8132470" lon="-105.5114810">
    <ele>2679.4</ele>
    <time>2026-06-19T18:27:57Z</time>
   </trkpt>
   <trkpt lat="39.8132120" lon="-105.5115700">
    <ele>2679.0</ele>
    <time>2026-06-19T18:27:58Z</time>
   </trkpt>
   <trkpt lat="39.8131970" lon="-105.5116460">
    <ele>2678.7</ele>
    <time>2026-06-19T18:27:59Z</time>
   </trkpt>
   <trkpt lat="39.8131760" lon="-105.5117180">
    <ele>2678.4</ele>
    <time>2026-06-19T18:28:00Z</time>
   </trkpt>
   <trkpt lat="39.8131970" lon="-105.5117950">
    <ele>2678.0</ele>
    <time>2026-06-19T18:28:01Z</time>
   </trkpt>
   <trkpt lat="39.8131920" lon="-105.5118650">
    <ele>2677.7</ele>
    <time>2026-06-19T18:28:02Z</time>
   </trkpt>
   <trkpt lat="39.8131590" lon="-105.5119270">
    <ele>2677.3</ele>
    <time>2026-06-19T18:28:03Z</time>
   </trkpt>
   <trkpt lat="39.8131450" lon="-105.5120150">
    <ele>2676.9</ele>
    <time>2026-06-19T18:28:04Z</time>
   </trkpt>
   <trkpt lat="39.8131490" lon="-105.5121100">
    <ele>2676.4</ele>
    <time>2026-06-19T18:28:05Z</time>
   </trkpt>
   <trkpt lat="39.8131450" lon="-105.5121760">
    <ele>2676.0</ele>
    <time>2026-06-19T18:28:06Z</time>
   </trkpt>
   <trkpt lat="39.8131190" lon="-105.5122030">
    <ele>2675.8</ele>
    <time>2026-06-19T18:28:07Z</time>
   </trkpt>
   <trkpt lat="39.8130710" lon="-105.5122150">
    <ele>2675.4</ele>
    <time>2026-06-19T18:28:08Z</time>
   </trkpt>
   <trkpt lat="39.8130280" lon="-105.5122460">
    <ele>2675.1</ele>
    <time>2026-06-19T18:28:09Z</time>
   </trkpt>
   <trkpt lat="39.8129900" lon="-105.5122930">
    <ele>2674.7</ele>
    <time>2026-06-19T18:28:10Z</time>
   </trkpt>
   <trkpt lat="39.8129980" lon="-105.5123500">
    <ele>2674.3</ele>
    <time>2026-06-19T18:28:11Z</time>
   </trkpt>
   <trkpt lat="39.8129890" lon="-105.5123850">
    <ele>2674.0</ele>
    <time>2026-06-19T18:28:12Z</time>
   </trkpt>
   <trkpt lat="39.8129550" lon="-105.5124120">
    <ele>2673.6</ele>
    <time>2026-06-19T18:28:13Z</time>
   </trkpt>
   <trkpt lat="39.8129250" lon="-105.5124370">
    <ele>2673.2</ele>
    <time>2026-06-19T18:28:14Z</time>
   </trkpt>
   <trkpt lat="39.8129310" lon="-105.5124810">
    <ele>2672.9</ele>
    <time>2026-06-19T18:28:15Z</time>
   </trkpt>
   <trkpt lat="39.8129360" lon="-105.5125260">
    <ele>2672.5</ele>
    <time>2026-06-19T18:28:16Z</time>
   </trkpt>
   <trkpt lat="39.8129150" lon="-105.5126610">
    <ele>2671.4</ele>
    <time>2026-06-19T18:28:17Z</time>
   </trkpt>
   <trkpt lat="39.8128930" lon="-105.5127250">
    <ele>2670.9</ele>
    <time>2026-06-19T18:28:18Z</time>
   </trkpt>
   <trkpt lat="39.8128510" lon="-105.5127900">
    <ele>2670.3</ele>
    <time>2026-06-19T18:28:19Z</time>
   </trkpt>
   <trkpt lat="39.8128160" lon="-105.5128590">
    <ele>2669.8</ele>
    <time>2026-06-19T18:28:20Z</time>
   </trkpt>
   <trkpt lat="39.8127940" lon="-105.5129280">
    <ele>2669.4</ele>
    <time>2026-06-19T18:28:21Z</time>
   </trkpt>
   <trkpt lat="39.8127800" lon="-105.5130120">
    <ele>2668.9</ele>
    <time>2026-06-19T18:28:22Z</time>
   </trkpt>
   <trkpt lat="39.8128210" lon="-105.5130830">
    <ele>2668.4</ele>
    <time>2026-06-19T18:28:23Z</time>
   </trkpt>
   <trkpt lat="39.8128140" lon="-105.5131330">
    <ele>2668.1</ele>
    <time>2026-06-19T18:28:24Z</time>
   </trkpt>
   <trkpt lat="39.8127850" lon="-105.5131980">
    <ele>2667.7</ele>
    <time>2026-06-19T18:28:25Z</time>
   </trkpt>
   <trkpt lat="39.8127840" lon="-105.5132750">
    <ele>2667.3</ele>
    <time>2026-06-19T18:28:26Z</time>
   </trkpt>
   <trkpt lat="39.8128050" lon="-105.5133170">
    <ele>2667.0</ele>
    <time>2026-06-19T18:28:27Z</time>
   </trkpt>
   <trkpt lat="39.8128170" lon="-105.5133360">
    <ele>2666.8</ele>
    <time>2026-06-19T18:28:28Z</time>
   </trkpt>
   <trkpt lat="39.8128210" lon="-105.5133240">
    <ele>2666.8</ele>
    <time>2026-06-19T18:28:29Z</time>
   </trkpt>
   <trkpt lat="39.8128090" lon="-105.5133180">
    <ele>2666.6</ele>
    <time>2026-06-19T18:28:30Z</time>
   </trkpt>
   <trkpt lat="39.8128040" lon="-105.5133080">
    <ele>2666.6</ele>
    <time>2026-06-19T18:28:31Z</time>
   </trkpt>
   <trkpt lat="39.8128000" lon="-105.5133100">
    <ele>2666.5</ele>
    <time>2026-06-19T18:28:32Z</time>
   </trkpt>
   <trkpt lat="39.8127990" lon="-105.5133070">
    <ele>2666.5</ele>
    <time>2026-06-19T18:28:33Z</time>
   </trkpt>
   <trkpt lat="39.8128050" lon="-105.5133080">
    <ele>2666.5</ele>
    <time>2026-06-19T18:28:34Z</time>
   </trkpt>
   <trkpt lat="39.8128070" lon="-105.5133110">
    <ele>2666.4</ele>
    <time>2026-06-19T18:28:35Z</time>
   </trkpt>
   <trkpt lat="39.8128130" lon="-105.5133100">
    <ele>2666.4</ele>
    <time>2026-06-19T18:28:36Z</time>
   </trkpt>
   <trkpt lat="39.8128130" lon="-105.5133100">
    <ele>2666.4</ele>
    <time>2026-06-19T18:28:37Z</time>
   </trkpt>
   <trkpt lat="39.8128130" lon="-105.5133100">
    <ele>2666.4</ele>
    <time>2026-06-19T18:28:38Z</time>
   </trkpt>
   <trkpt lat="39.8128290" lon="-105.5133080">
    <ele>2666.2</ele>
    <time>2026-06-19T18:28:39Z</time>
   </trkpt>
   <trkpt lat="39.8127810" lon="-105.5133430">
    <ele>2665.8</ele>
    <time>2026-06-19T18:30:43Z</time>
   </trkpt>
   <trkpt lat="39.8127740" lon="-105.5133440">
    <ele>2665.7</ele>
    <time>2026-06-19T18:30:44Z</time>
   </trkpt>
   <trkpt lat="39.8127620" lon="-105.5133520">
    <ele>2665.6</ele>
    <time>2026-06-19T18:30:45Z</time>
   </trkpt>
   <trkpt lat="39.8127490" lon="-105.5133990">
    <ele>2665.2</ele>
    <time>2026-06-19T18:30:46Z</time>
   </trkpt>
   <trkpt lat="39.8127520" lon="-105.5134210">
    <ele>2665.1</ele>
    <time>2026-06-19T18:30:47Z</time>
   </trkpt>
   <trkpt lat="39.8127790" lon="-105.5134800">
    <ele>2664.7</ele>
    <time>2026-06-19T18:30:48Z</time>
   </trkpt>
   <trkpt lat="39.8127920" lon="-105.5135340">
    <ele>2664.4</ele>
    <time>2026-06-19T18:30:49Z</time>
   </trkpt>
   <trkpt lat="39.8127950" lon="-105.5135770">
    <ele>2664.2</ele>
    <time>2026-06-19T18:30:50Z</time>
   </trkpt>
   <trkpt lat="39.8127970" lon="-105.5136400">
    <ele>2663.9</ele>
    <time>2026-06-19T18:30:51Z</time>
   </trkpt>
   <trkpt lat="39.8128100" lon="-105.5137040">
    <ele>2663.6</ele>
    <time>2026-06-19T18:30:52Z</time>
   </trkpt>
   <trkpt lat="39.8128480" lon="-105.5137430">
    <ele>2663.2</ele>
    <time>2026-06-19T18:30:53Z</time>
   </trkpt>
   <trkpt lat="39.8128540" lon="-105.5137900">
    <ele>2662.9</ele>
    <time>2026-06-19T18:30:54Z</time>
   </trkpt>
   <trkpt lat="39.8128490" lon="-105.5138290">
    <ele>2662.7</ele>
    <time>2026-06-19T18:30:55Z</time>
   </trkpt>
   <trkpt lat="39.8128040" lon="-105.5138640">
    <ele>2662.1</ele>
    <time>2026-06-19T18:30:56Z</time>
   </trkpt>
   <trkpt lat="39.8127480" lon="-105.5138640">
    <ele>2661.5</ele>
    <time>2026-06-19T18:30:57Z</time>
   </trkpt>
   <trkpt lat="39.8127430" lon="-105.5138130">
    <ele>2661.1</ele>
    <time>2026-06-19T18:30:58Z</time>
   </trkpt>
   <trkpt lat="39.8126820" lon="-105.5136970">
    <ele>2660.1</ele>
    <time>2026-06-19T18:30:59Z</time>
   </trkpt>
   <trkpt lat="39.8126610" lon="-105.5136640">
    <ele>2659.9</ele>
    <time>2026-06-19T18:31:00Z</time>
   </trkpt>
   <trkpt lat="39.8126360" lon="-105.5136300">
    <ele>2659.6</ele>
    <time>2026-06-19T18:31:01Z</time>
   </trkpt>
   <trkpt lat="39.8125930" lon="-105.5136100">
    <ele>2659.3</ele>
    <time>2026-06-19T18:31:02Z</time>
   </trkpt>
   <trkpt lat="39.8125740" lon="-105.5135510">
    <ele>2658.9</ele>
    <time>2026-06-19T18:31:03Z</time>
   </trkpt>
   <trkpt lat="39.8125600" lon="-105.5135080">
    <ele>2658.6</ele>
    <time>2026-06-19T18:31:04Z</time>
   </trkpt>
   <trkpt lat="39.8124800" lon="-105.5135760">
    <ele>2657.8</ele>
    <time>2026-06-19T18:31:05Z</time>
   </trkpt>
   <trkpt lat="39.8124960" lon="-105.5137000">
    <ele>2657.0</ele>
    <time>2026-06-19T18:31:06Z</time>
   </trkpt>
   <trkpt lat="39.8125590" lon="-105.5137230">
    <ele>2656.5</ele>
    <time>2026-06-19T18:31:07Z</time>
   </trkpt>
   <trkpt lat="39.8125770" lon="-105.5137680">
    <ele>2656.3</ele>
    <time>2026-06-19T18:31:08Z</time>
   </trkpt>
   <trkpt lat="39.8125950" lon="-105.5138130">
    <ele>2656.1</ele>
    <time>2026-06-19T18:31:09Z</time>
   </trkpt>
   <trkpt lat="39.8125940" lon="-105.5138720">
    <ele>2655.9</ele>
    <time>2026-06-19T18:31:10Z</time>
   </trkpt>
   <trkpt lat="39.8126060" lon="-105.5139280">
    <ele>2655.6</ele>
    <time>2026-06-19T18:31:11Z</time>
   </trkpt>
   <trkpt lat="39.8126390" lon="-105.5139770">
    <ele>2655.4</ele>
    <time>2026-06-19T18:31:12Z</time>
   </trkpt>
   <trkpt lat="39.8126700" lon="-105.5140190">
    <ele>2655.2</ele>
    <time>2026-06-19T18:31:13Z</time>
   </trkpt>
   <trkpt lat="39.8126770" lon="-105.5140810">
    <ele>2655.1</ele>
    <time>2026-06-19T18:31:14Z</time>
   </trkpt>
   <trkpt lat="39.8126760" lon="-105.5141420">
    <ele>2655.0</ele>
    <time>2026-06-19T18:31:15Z</time>
   </trkpt>
   <trkpt lat="39.8127090" lon="-105.5142030">
    <ele>2654.9</ele>
    <time>2026-06-19T18:31:16Z</time>
   </trkpt>
   <trkpt lat="39.8127610" lon="-105.5142420">
    <ele>2654.9</ele>
    <time>2026-06-19T18:31:17Z</time>
   </trkpt>
   <trkpt lat="39.8127840" lon="-105.5142900">
    <ele>2654.9</ele>
    <time>2026-06-19T18:31:18Z</time>
   </trkpt>
   <trkpt lat="39.8128030" lon="-105.5143280">
    <ele>2654.8</ele>
    <time>2026-06-19T18:31:19Z</time>
   </trkpt>
   <trkpt lat="39.8128300" lon="-105.5143840">
    <ele>2654.8</ele>
    <time>2026-06-19T18:31:20Z</time>
   </trkpt>
   <trkpt lat="39.8128420" lon="-105.5143850">
    <ele>2654.8</ele>
    <time>2026-06-19T18:31:21Z</time>
   </trkpt>
   <trkpt lat="39.8128500" lon="-105.5144000">
    <ele>2654.8</ele>
    <time>2026-06-19T18:31:22Z</time>
   </trkpt>
   <trkpt lat="39.8128570" lon="-105.5144160">
    <ele>2654.7</ele>
    <time>2026-06-19T18:31:23Z</time>
   </trkpt>
   <trkpt lat="39.8128770" lon="-105.5144520">
    <ele>2654.7</ele>
    <time>2026-06-19T18:31:24Z</time>
   </trkpt>
   <trkpt lat="39.8128870" lon="-105.5144570">
    <ele>2654.6</ele>
    <time>2026-06-19T18:31:25Z</time>
   </trkpt>
   <trkpt lat="39.8129210" lon="-105.5144690">
    <ele>2654.4</ele>
    <time>2026-06-19T18:31:26Z</time>
   </trkpt>
   <trkpt lat="39.8129290" lon="-105.5144780">
    <ele>2654.3</ele>
    <time>2026-06-19T18:31:27Z</time>
   </trkpt>
   <trkpt lat="39.8129470" lon="-105.5145290">
    <ele>2654.0</ele>
    <time>2026-06-19T18:31:28Z</time>
   </trkpt>
   <trkpt lat="39.8129500" lon="-105.5145530">
    <ele>2653.9</ele>
    <time>2026-06-19T18:31:29Z</time>
   </trkpt>
   <trkpt lat="39.8129180" lon="-105.5145780">
    <ele>2653.6</ele>
    <time>2026-06-19T18:31:30Z</time>
   </trkpt>
   <trkpt lat="39.8128890" lon="-105.5145760">
    <ele>2653.3</ele>
    <time>2026-06-19T18:31:31Z</time>
   </trkpt>
   <trkpt lat="39.8128600" lon="-105.5145640">
    <ele>2653.0</ele>
    <time>2026-06-19T18:31:32Z</time>
   </trkpt>
   <trkpt lat="39.8128320" lon="-105.5145560">
    <ele>2652.7</ele>
    <time>2026-06-19T18:31:33Z</time>
   </trkpt>
   <trkpt lat="39.8128210" lon="-105.5145660">
    <ele>2652.5</ele>
    <time>2026-06-19T18:31:34Z</time>
   </trkpt>
   <trkpt lat="39.8127890" lon="-105.5145340">
    <ele>2652.1</ele>
    <time>2026-06-19T18:31:35Z</time>
   </trkpt>
   <trkpt lat="39.8127570" lon="-105.5145330">
    <ele>2651.8</ele>
    <time>2026-06-19T18:31:36Z</time>
   </trkpt>
   <trkpt lat="39.8127290" lon="-105.5145320">
    <ele>2651.5</ele>
    <time>2026-06-19T18:31:37Z</time>
   </trkpt>
   <trkpt lat="39.8125590" lon="-105.5143650">
    <ele>2650.0</ele>
    <time>2026-06-19T18:31:38Z</time>
   </trkpt>
   <trkpt lat="39.8125580" lon="-105.5143190">
    <ele>2649.9</ele>
    <time>2026-06-19T18:31:39Z</time>
   </trkpt>
   <trkpt lat="39.8125250" lon="-105.5142830">
    <ele>2649.7</ele>
    <time>2026-06-19T18:31:40Z</time>
   </trkpt>
   <trkpt lat="39.8124640" lon="-105.5143090">
    <ele>2649.5</ele>
    <time>2026-06-19T18:31:41Z</time>
   </trkpt>
   <trkpt lat="39.8124350" lon="-105.5142550">
    <ele>2649.4</ele>
    <time>2026-06-19T18:31:42Z</time>
   </trkpt>
   <trkpt lat="39.8124440" lon="-105.5141840">
    <ele>2649.1</ele>
    <time>2026-06-19T18:31:43Z</time>
   </trkpt>
   <trkpt lat="39.8124230" lon="-105.5141610">
    <ele>2649.0</ele>
    <time>2026-06-19T18:31:44Z</time>
   </trkpt>
   <trkpt lat="39.8123850" lon="-105.5141680">
    <ele>2648.8</ele>
    <time>2026-06-19T18:31:45Z</time>
   </trkpt>
   <trkpt lat="39.8123340" lon="-105.5142240">
    <ele>2648.2</ele>
    <time>2026-06-19T18:31:46Z</time>
   </trkpt>
   <trkpt lat="39.8123450" lon="-105.5142810">
    <ele>2647.7</ele>
    <time>2026-06-19T18:31:47Z</time>
   </trkpt>
   <trkpt lat="39.8124270" lon="-105.5143360">
    <ele>2646.9</ele>
    <time>2026-06-19T18:31:48Z</time>
   </trkpt>
   <trkpt lat="39.8124580" lon="-105.5143940">
    <ele>2646.4</ele>
    <time>2026-06-19T18:31:49Z</time>
   </trkpt>
   <trkpt lat="39.8124540" lon="-105.5144660">
    <ele>2646.1</ele>
    <time>2026-06-19T18:31:50Z</time>
   </trkpt>
   <trkpt lat="39.8124610" lon="-105.5145550">
    <ele>2645.7</ele>
    <time>2026-06-19T18:31:51Z</time>
   </trkpt>
   <trkpt lat="39.8125210" lon="-105.5145860">
    <ele>2645.4</ele>
    <time>2026-06-19T18:31:52Z</time>
   </trkpt>
   <trkpt lat="39.8125210" lon="-105.5146390">
    <ele>2645.3</ele>
    <time>2026-06-19T18:31:53Z</time>
   </trkpt>
   <trkpt lat="39.8125550" lon="-105.5146710">
    <ele>2645.1</ele>
    <time>2026-06-19T18:31:54Z</time>
   </trkpt>
   <trkpt lat="39.8125860" lon="-105.5147040">
    <ele>2645.0</ele>
    <time>2026-06-19T18:31:55Z</time>
   </trkpt>
   <trkpt lat="39.8126070" lon="-105.5147540">
    <ele>2644.9</ele>
    <time>2026-06-19T18:31:56Z</time>
   </trkpt>
   <trkpt lat="39.8126330" lon="-105.5147810">
    <ele>2644.8</ele>
    <time>2026-06-19T18:31:57Z</time>
   </trkpt>
   <trkpt lat="39.8126630" lon="-105.5148170">
    <ele>2644.7</ele>
    <time>2026-06-19T18:31:58Z</time>
   </trkpt>
   <trkpt lat="39.8126770" lon="-105.5148650">
    <ele>2644.6</ele>
    <time>2026-06-19T18:31:59Z</time>
   </trkpt>
   <trkpt lat="39.8126870" lon="-105.5149160">
    <ele>2644.5</ele>
    <time>2026-06-19T18:32:00Z</time>
   </trkpt>
   <trkpt lat="39.8127320" lon="-105.5149400">
    <ele>2644.3</ele>
    <time>2026-06-19T18:32:01Z</time>
   </trkpt>
   <trkpt lat="39.8127750" lon="-105.5149460">
    <ele>2644.0</ele>
    <time>2026-06-19T18:32:02Z</time>
   </trkpt>
   <trkpt lat="39.8127920" lon="-105.5149560">
    <ele>2643.9</ele>
    <time>2026-06-19T18:32:03Z</time>
   </trkpt>
   <trkpt lat="39.8128100" lon="-105.5149740">
    <ele>2643.7</ele>
    <time>2026-06-19T18:32:04Z</time>
   </trkpt>
   <trkpt lat="39.8128190" lon="-105.5149780">
    <ele>2643.6</ele>
    <time>2026-06-19T18:32:05Z</time>
   </trkpt>
   <trkpt lat="39.8128220" lon="-105.5150280">
    <ele>2643.3</ele>
    <time>2026-06-19T18:32:06Z</time>
   </trkpt>
   <trkpt lat="39.8127710" lon="-105.5150630">
    <ele>2642.7</ele>
    <time>2026-06-19T18:32:07Z</time>
   </trkpt>
   <trkpt lat="39.8127240" lon="-105.5150440">
    <ele>2642.2</ele>
    <time>2026-06-19T18:32:08Z</time>
   </trkpt>
   <trkpt lat="39.8126850" lon="-105.5149870">
    <ele>2641.7</ele>
    <time>2026-06-19T18:32:09Z</time>
   </trkpt>
   <trkpt lat="39.8126510" lon="-105.5149450">
    <ele>2641.3</ele>
    <time>2026-06-19T18:32:10Z</time>
   </trkpt>
   <trkpt lat="39.8126190" lon="-105.5149120">
    <ele>2641.0</ele>
    <time>2026-06-19T18:32:11Z</time>
   </trkpt>
   <trkpt lat="39.8125900" lon="-105.5149130">
    <ele>2640.8</ele>
    <time>2026-06-19T18:32:12Z</time>
   </trkpt>
   <trkpt lat="39.8125700" lon="-105.5149070">
    <ele>2640.6</ele>
    <time>2026-06-19T18:32:13Z</time>
   </trkpt>
   <trkpt lat="39.8125350" lon="-105.5148910">
    <ele>2640.4</ele>
    <time>2026-06-19T18:32:14Z</time>
   </trkpt>
   <trkpt lat="39.8125160" lon="-105.5148900">
    <ele>2640.3</ele>
    <time>2026-06-19T18:32:15Z</time>
   </trkpt>
   <trkpt lat="39.8124800" lon="-105.5148770">
    <ele>2640.1</ele>
    <time>2026-06-19T18:32:16Z</time>
   </trkpt>
   <trkpt lat="39.8124620" lon="-105.5148450">
    <ele>2639.9</ele>
    <time>2026-06-19T18:32:17Z</time>
   </trkpt>
   <trkpt lat="39.8124050" lon="-105.5147900">
    <ele>2639.6</ele>
    <time>2026-06-19T18:32:18Z</time>
   </trkpt>
   <trkpt lat="39.8123550" lon="-105.5147600">
    <ele>2639.4</ele>
    <time>2026-06-19T18:32:19Z</time>
   </trkpt>
   <trkpt lat="39.8123030" lon="-105.5147430">
    <ele>2639.2</ele>
    <time>2026-06-19T18:32:20Z</time>
   </trkpt>
   <trkpt lat="39.8122610" lon="-105.5146820">
    <ele>2639.0</ele>
    <time>2026-06-19T18:32:21Z</time>
   </trkpt>
   <trkpt lat="39.8122330" lon="-105.5146380">
    <ele>2638.8</ele>
    <time>2026-06-19T18:32:22Z</time>
   </trkpt>
   <trkpt lat="39.8122210" lon="-105.5146480">
    <ele>2638.7</ele>
    <time>2026-06-19T18:32:23Z</time>
   </trkpt>
   <trkpt lat="39.8122020" lon="-105.5146370">
    <ele>2638.6</ele>
    <time>2026-06-19T18:32:24Z</time>
   </trkpt>
   <trkpt lat="39.8121820" lon="-105.5146270">
    <ele>2638.5</ele>
    <time>2026-06-19T18:32:25Z</time>
   </trkpt>
   <trkpt lat="39.8121000" lon="-105.5145150">
    <ele>2637.8</ele>
    <time>2026-06-19T18:32:26Z</time>
   </trkpt>
   <trkpt lat="39.8120590" lon="-105.5144290">
    <ele>2637.3</ele>
    <time>2026-06-19T18:32:27Z</time>
   </trkpt>
   <trkpt lat="39.8120110" lon="-105.5143770">
    <ele>2637.0</ele>
    <time>2026-06-19T18:32:28Z</time>
   </trkpt>
   <trkpt lat="39.8119780" lon="-105.5143060">
    <ele>2636.8</ele>
    <time>2026-06-19T18:32:29Z</time>
   </trkpt>
   <trkpt lat="39.8119300" lon="-105.5142550">
    <ele>2636.6</ele>
    <time>2026-06-19T18:32:30Z</time>
   </trkpt>
   <trkpt lat="39.8118890" lon="-105.5141810">
    <ele>2636.5</ele>
    <time>2026-06-19T18:32:31Z</time>
   </trkpt>
   <trkpt lat="39.8118500" lon="-105.5141260">
    <ele>2636.4</ele>
    <time>2026-06-19T18:32:32Z</time>
   </trkpt>
   <trkpt lat="39.8118230" lon="-105.5140810">
    <ele>2636.4</ele>
    <time>2026-06-19T18:32:33Z</time>
   </trkpt>
   <trkpt lat="39.8118200" lon="-105.5140120">
    <ele>2636.3</ele>
    <time>2026-06-19T18:32:34Z</time>
   </trkpt>
   <trkpt lat="39.8118290" lon="-105.5139510">
    <ele>2636.3</ele>
    <time>2026-06-19T18:32:35Z</time>
   </trkpt>
   <trkpt lat="39.8118280" lon="-105.5139000">
    <ele>2636.3</ele>
    <time>2026-06-19T18:32:36Z</time>
   </trkpt>
   <trkpt lat="39.8118260" lon="-105.5138520">
    <ele>2636.2</ele>
    <time>2026-06-19T18:32:37Z</time>
   </trkpt>
   <trkpt lat="39.8118420" lon="-105.5138010">
    <ele>2636.2</ele>
    <time>2026-06-19T18:32:38Z</time>
   </trkpt>
   <trkpt lat="39.8118460" lon="-105.5137550">
    <ele>2636.2</ele>
    <time>2026-06-19T18:32:39Z</time>
   </trkpt>
   <trkpt lat="39.8118400" lon="-105.5137150">
    <ele>2636.2</ele>
    <time>2026-06-19T18:32:40Z</time>
   </trkpt>
   <trkpt lat="39.8118350" lon="-105.5137010">
    <ele>2636.2</ele>
    <time>2026-06-19T18:32:41Z</time>
   </trkpt>
   <trkpt lat="39.8118250" lon="-105.5136730">
    <ele>2636.1</ele>
    <time>2026-06-19T18:32:42Z</time>
   </trkpt>
   <trkpt lat="39.8118530" lon="-105.5136440">
    <ele>2636.1</ele>
    <time>2026-06-19T18:32:43Z</time>
   </trkpt>
   <trkpt lat="39.8118330" lon="-105.5136080">
    <ele>2636.1</ele>
    <time>2026-06-19T18:32:44Z</time>
   </trkpt>
   <trkpt lat="39.8118350" lon="-105.5135690">
    <ele>2636.1</ele>
    <time>2026-06-19T18:32:45Z</time>
   </trkpt>
   <trkpt lat="39.8118190" lon="-105.5135300">
    <ele>2636.0</ele>
    <time>2026-06-19T18:32:46Z</time>
   </trkpt>
   <trkpt lat="39.8118330" lon="-105.5134860">
    <ele>2636.0</ele>
    <time>2026-06-19T18:32:47Z</time>
   </trkpt>
   <trkpt lat="39.8118330" lon="-105.5134340">
    <ele>2635.9</ele>
    <time>2026-06-19T18:32:48Z</time>
   </trkpt>
   <trkpt lat="39.8118380" lon="-105.5134140">
    <ele>2635.9</ele>
    <time>2026-06-19T18:32:49Z</time>
   </trkpt>
   <trkpt lat="39.8118450" lon="-105.5133660">
    <ele>2635.8</ele>
    <time>2026-06-19T18:32:50Z</time>
   </trkpt>
   <trkpt lat="39.8118480" lon="-105.5133480">
    <ele>2635.8</ele>
    <time>2026-06-19T18:32:51Z</time>
   </trkpt>
   <trkpt lat="39.8118100" lon="-105.5133240">
    <ele>2635.0</ele>
    <time>2026-06-19T18:32:52Z</time>
   </trkpt>
   <trkpt lat="39.8117790" lon="-105.5133320">
    <ele>2634.7</ele>
    <time>2026-06-19T18:32:53Z</time>
   </trkpt>
   <trkpt lat="39.8117680" lon="-105.5133410">
    <ele>2634.6</ele>
    <time>2026-06-19T18:32:54Z</time>
   </trkpt>
   <trkpt lat="39.8117610" lon="-105.5133730">
    <ele>2634.3</ele>
    <time>2026-06-19T18:32:55Z</time>
   </trkpt>
   <trkpt lat="39.8117540" lon="-105.5133790">
    <ele>2634.2</ele>
    <time>2026-06-19T18:32:56Z</time>
   </trkpt>
   <trkpt lat="39.8117210" lon="-105.5133870">
    <ele>2633.9</ele>
    <time>2026-06-19T18:32:57Z</time>
   </trkpt>
   <trkpt lat="39.8116960" lon="-105.5133950">
    <ele>2633.6</ele>
    <time>2026-06-19T18:32:58Z</time>
   </trkpt>
   <trkpt lat="39.8117050" lon="-105.5133970">
    <ele>2633.5</ele>
    <time>2026-06-19T18:32:59Z</time>
   </trkpt>
   <trkpt lat="39.8116870" lon="-105.5134090">
    <ele>2633.2</ele>
    <time>2026-06-19T18:33:00Z</time>
   </trkpt>
   <trkpt lat="39.8116800" lon="-105.5134340">
    <ele>2633.0</ele>
    <time>2026-06-19T18:33:01Z</time>
   </trkpt>
   <trkpt lat="39.8116710" lon="-105.5134660">
    <ele>2632.7</ele>
    <time>2026-06-19T18:33:02Z</time>
   </trkpt>
   <trkpt lat="39.8116640" lon="-105.5134770">
    <ele>2632.5</ele>
    <time>2026-06-19T18:33:03Z</time>
   </trkpt>
   <trkpt lat="39.8116400" lon="-105.5135010">
    <ele>2632.2</ele>
    <time>2026-06-19T18:33:04Z</time>
   </trkpt>
   <trkpt lat="39.8115660" lon="-105.5135590">
    <ele>2631.2</ele>
    <time>2026-06-19T18:33:05Z</time>
   </trkpt>
   <trkpt lat="39.8115250" lon="-105.5135890">
    <ele>2630.7</ele>
    <time>2026-06-19T18:33:06Z</time>
   </trkpt>
   <trkpt lat="39.8114980" lon="-105.5136340">
    <ele>2630.2</ele>
    <time>2026-06-19T18:33:07Z</time>
   </trkpt>
   <trkpt lat="39.8114770" lon="-105.5136890">
    <ele>2629.8</ele>
    <time>2026-06-19T18:33:08Z</time>
   </trkpt>
   <trkpt lat="39.8114450" lon="-105.5137090">
    <ele>2629.5</ele>
    <time>2026-06-19T18:33:09Z</time>
   </trkpt>
   <trkpt lat="39.8114300" lon="-105.5137230">
    <ele>2629.3</ele>
    <time>2026-06-19T18:33:10Z</time>
   </trkpt>
   <trkpt lat="39.8114060" lon="-105.5137500">
    <ele>2629.0</ele>
    <time>2026-06-19T18:33:11Z</time>
   </trkpt>
   <trkpt lat="39.8113630" lon="-105.5137630">
    <ele>2628.6</ele>
    <time>2026-06-19T18:33:12Z</time>
   </trkpt>
   <trkpt lat="39.8113330" lon="-105.5137820">
    <ele>2628.4</ele>
    <time>2026-06-19T18:33:13Z</time>
   </trkpt>
   <trkpt lat="39.8113270" lon="-105.5138190">
    <ele>2628.1</ele>
    <time>2026-06-19T18:33:14Z</time>
   </trkpt>
   <trkpt lat="39.8113240" lon="-105.5138300">
    <ele>2628.0</ele>
    <time>2026-06-19T18:33:15Z</time>
   </trkpt>
   <trkpt lat="39.8112910" lon="-105.5138430">
    <ele>2627.7</ele>
    <time>2026-06-19T18:33:17Z</time>
   </trkpt>
   <trkpt lat="39.8112760" lon="-105.5138740">
    <ele>2627.4</ele>
    <time>2026-06-19T18:33:18Z</time>
   </trkpt>
   <trkpt lat="39.8112610" lon="-105.5138860">
    <ele>2627.3</ele>
    <time>2026-06-19T18:33:19Z</time>
   </trkpt>
   <trkpt lat="39.8112430" lon="-105.5139150">
    <ele>2627.0</ele>
    <time>2026-06-19T18:33:20Z</time>
   </trkpt>
   <trkpt lat="39.8112320" lon="-105.5139320">
    <ele>2626.8</ele>
    <time>2026-06-19T18:33:21Z</time>
   </trkpt>
   <trkpt lat="39.8112050" lon="-105.5139550">
    <ele>2626.5</ele>
    <time>2026-06-19T18:33:22Z</time>
   </trkpt>
   <trkpt lat="39.8112160" lon="-105.5139910">
    <ele>2626.2</ele>
    <time>2026-06-19T18:33:23Z</time>
   </trkpt>
   <trkpt lat="39.8112250" lon="-105.5140150">
    <ele>2626.0</ele>
    <time>2026-06-19T18:33:24Z</time>
   </trkpt>
   <trkpt lat="39.8112030" lon="-105.5140600">
    <ele>2625.5</ele>
    <time>2026-06-19T18:33:25Z</time>
   </trkpt>
   <trkpt lat="39.8111900" lon="-105.5140770">
    <ele>2625.3</ele>
    <time>2026-06-19T18:33:26Z</time>
   </trkpt>
   <trkpt lat="39.8111570" lon="-105.5140890">
    <ele>2624.9</ele>
    <time>2026-06-19T18:33:27Z</time>
   </trkpt>
   <trkpt lat="39.8111110" lon="-105.5141100">
    <ele>2624.3</ele>
    <time>2026-06-19T18:33:28Z</time>
   </trkpt>
   <trkpt lat="39.8110850" lon="-105.5141380">
    <ele>2623.9</ele>
    <time>2026-06-19T18:33:29Z</time>
   </trkpt>
   <trkpt lat="39.8110430" lon="-105.5141700">
    <ele>2623.3</ele>
    <time>2026-06-19T18:33:30Z</time>
   </trkpt>
   <trkpt lat="39.8109900" lon="-105.5141970">
    <ele>2622.7</ele>
    <time>2026-06-19T18:33:31Z</time>
   </trkpt>
   <trkpt lat="39.8109400" lon="-105.5142100">
    <ele>2622.2</ele>
    <time>2026-06-19T18:33:32Z</time>
   </trkpt>
   <trkpt lat="39.8108780" lon="-105.5142190">
    <ele>2621.7</ele>
    <time>2026-06-19T18:33:33Z</time>
   </trkpt>
   <trkpt lat="39.8108160" lon="-105.5142190">
    <ele>2621.3</ele>
    <time>2026-06-19T18:33:34Z</time>
   </trkpt>
   <trkpt lat="39.8107700" lon="-105.5142180">
    <ele>2621.1</ele>
    <time>2026-06-19T18:33:35Z</time>
   </trkpt>
   <trkpt lat="39.8107360" lon="-105.5142100">
    <ele>2620.9</ele>
    <time>2026-06-19T18:33:36Z</time>
   </trkpt>
   <trkpt lat="39.8107230" lon="-105.5142530">
    <ele>2620.7</ele>
    <time>2026-06-19T18:33:37Z</time>
   </trkpt>
   <trkpt lat="39.8106590" lon="-105.5142050">
    <ele>2620.2</ele>
    <time>2026-06-19T18:33:38Z</time>
   </trkpt>
   <trkpt lat="39.8105710" lon="-105.5142060">
    <ele>2619.5</ele>
    <time>2026-06-19T18:33:39Z</time>
   </trkpt>
   <trkpt lat="39.8105230" lon="-105.5142040">
    <ele>2619.1</ele>
    <time>2026-06-19T18:33:40Z</time>
   </trkpt>
   <trkpt lat="39.8104680" lon="-105.5141930">
    <ele>2618.6</ele>
    <time>2026-06-19T18:33:41Z</time>
   </trkpt>
   <trkpt lat="39.8104190" lon="-105.5141790">
    <ele>2618.2</ele>
    <time>2026-06-19T18:33:42Z</time>
   </trkpt>
   <trkpt lat="39.8103800" lon="-105.5141720">
    <ele>2617.9</ele>
    <time>2026-06-19T18:33:43Z</time>
   </trkpt>
   <trkpt lat="39.8103270" lon="-105.5141370">
    <ele>2617.5</ele>
    <time>2026-06-19T18:33:44Z</time>
   </trkpt>
   <trkpt lat="39.8103000" lon="-105.5141380">
    <ele>2617.4</ele>
    <time>2026-06-19T18:33:45Z</time>
   </trkpt>
   <trkpt lat="39.8102830" lon="-105.5141450">
    <ele>2617.2</ele>
    <time>2026-06-19T18:33:46Z</time>
   </trkpt>
   <trkpt lat="39.8102150" lon="-105.5141230">
    <ele>2616.8</ele>
    <time>2026-06-19T18:33:47Z</time>
   </trkpt>
   <trkpt lat="39.8101720" lon="-105.5141090">
    <ele>2616.5</ele>
    <time>2026-06-19T18:33:48Z</time>
   </trkpt>
   <trkpt lat="39.8101330" lon="-105.5141110">
    <ele>2616.2</ele>
    <time>2026-06-19T18:33:49Z</time>
   </trkpt>
   <trkpt lat="39.8101130" lon="-105.5141130">
    <ele>2616.1</ele>
    <time>2026-06-19T18:33:50Z</time>
   </trkpt>
   <trkpt lat="39.8100710" lon="-105.5141330">
    <ele>2615.8</ele>
    <time>2026-06-19T18:33:51Z</time>
   </trkpt>
   <trkpt lat="39.8100360" lon="-105.5140970">
    <ele>2615.4</ele>
    <time>2026-06-19T18:33:52Z</time>
   </trkpt>
   <trkpt lat="39.8099550" lon="-105.5140590">
    <ele>2614.6</ele>
    <time>2026-06-19T18:33:53Z</time>
   </trkpt>
   <trkpt lat="39.8098880" lon="-105.5140030">
    <ele>2613.7</ele>
    <time>2026-06-19T18:33:54Z</time>
   </trkpt>
   <trkpt lat="39.8098430" lon="-105.5139730">
    <ele>2613.1</ele>
    <time>2026-06-19T18:33:55Z</time>
   </trkpt>
   <trkpt lat="39.8097900" lon="-105.5139350">
    <ele>2612.4</ele>
    <time>2026-06-19T18:33:56Z</time>
   </trkpt>
   <trkpt lat="39.8097490" lon="-105.5139260">
    <ele>2611.9</ele>
    <time>2026-06-19T18:33:57Z</time>
   </trkpt>
   <trkpt lat="39.8097080" lon="-105.5138860">
    <ele>2611.3</ele>
    <time>2026-06-19T18:33:58Z</time>
   </trkpt>
   <trkpt lat="39.8096670" lon="-105.5138550">
    <ele>2610.8</ele>
    <time>2026-06-19T18:33:59Z</time>
   </trkpt>
   <trkpt lat="39.8096240" lon="-105.5138460">
    <ele>2610.4</ele>
    <time>2026-06-19T18:34:00Z</time>
   </trkpt>
   <trkpt lat="39.8095630" lon="-105.5138420">
    <ele>2609.9</ele>
    <time>2026-06-19T18:34:01Z</time>
   </trkpt>
   <trkpt lat="39.8095050" lon="-105.5138210">
    <ele>2609.4</ele>
    <time>2026-06-19T18:34:02Z</time>
   </trkpt>
   <trkpt lat="39.8094630" lon="-105.5137860">
    <ele>2609.0</ele>
    <time>2026-06-19T18:34:03Z</time>
   </trkpt>
   <trkpt lat="39.8094160" lon="-105.5137970">
    <ele>2608.6</ele>
    <time>2026-06-19T18:34:04Z</time>
   </trkpt>
   <trkpt lat="39.8093670" lon="-105.5138020">
    <ele>2608.2</ele>
    <time>2026-06-19T18:34:05Z</time>
   </trkpt>
   <trkpt lat="39.8093320" lon="-105.5137860">
    <ele>2607.9</ele>
    <time>2026-06-19T18:34:06Z</time>
   </trkpt>
   <trkpt lat="39.8093120" lon="-105.5137600">
    <ele>2607.7</ele>
    <time>2026-06-19T18:34:07Z</time>
   </trkpt>
   <trkpt lat="39.8092870" lon="-105.5137460">
    <ele>2607.4</ele>
    <time>2026-06-19T18:34:08Z</time>
   </trkpt>
   <trkpt lat="39.8092520" lon="-105.5137470">
    <ele>2607.1</ele>
    <time>2026-06-19T18:34:09Z</time>
   </trkpt>
   <trkpt lat="39.8092300" lon="-105.5137690">
    <ele>2606.9</ele>
    <time>2026-06-19T18:34:10Z</time>
   </trkpt>
   <trkpt lat="39.8092210" lon="-105.5137950">
    <ele>2606.7</ele>
    <time>2026-06-19T18:34:11Z</time>
   </trkpt>
   <trkpt lat="39.8091630" lon="-105.5137890">
    <ele>2606.1</ele>
    <time>2026-06-19T18:34:12Z</time>
   </trkpt>
   <trkpt lat="39.8091030" lon="-105.5138220">
    <ele>2605.4</ele>
    <time>2026-06-19T18:34:13Z</time>
   </trkpt>
   <trkpt lat="39.8090500" lon="-105.5138530">
    <ele>2604.7</ele>
    <time>2026-06-19T18:34:14Z</time>
   </trkpt>
   <trkpt lat="39.8090190" lon="-105.5138790">
    <ele>2604.3</ele>
    <time>2026-06-19T18:34:15Z</time>
   </trkpt>
   <trkpt lat="39.8090050" lon="-105.5138860">
    <ele>2604.1</ele>
    <time>2026-06-19T18:34:16Z</time>
   </trkpt>
   <trkpt lat="39.8089460" lon="-105.5138850">
    <ele>2603.4</ele>
    <time>2026-06-19T18:34:17Z</time>
   </trkpt>
   <trkpt lat="39.8089110" lon="-105.5138710">
    <ele>2603.0</ele>
    <time>2026-06-19T18:34:18Z</time>
   </trkpt>
   <trkpt lat="39.8088800" lon="-105.5138610">
    <ele>2602.6</ele>
    <time>2026-06-19T18:34:19Z</time>
   </trkpt>
   <trkpt lat="39.8088320" lon="-105.5138450">
    <ele>2602.1</ele>
    <time>2026-06-19T18:34:20Z</time>
   </trkpt>
   <trkpt lat="39.8088400" lon="-105.5138450">
    <ele>2602.0</ele>
    <time>2026-06-19T18:34:21Z</time>
   </trkpt>
   <trkpt lat="39.8088360" lon="-105.5138500">
    <ele>2602.0</ele>
    <time>2026-06-19T18:34:22Z</time>
   </trkpt>
   <trkpt lat="39.8088320" lon="-105.5138540">
    <ele>2601.9</ele>
    <time>2026-06-19T18:34:23Z</time>
   </trkpt>
   <trkpt lat="39.8088280" lon="-105.5138590">
    <ele>2601.9</ele>
    <time>2026-06-19T18:34:24Z</time>
   </trkpt>
   <trkpt lat="39.8088240" lon="-105.5138640">
    <ele>2601.8</ele>
    <time>2026-06-19T18:34:25Z</time>
   </trkpt>
   <trkpt lat="39.8088200" lon="-105.5138690">
    <ele>2601.8</ele>
    <time>2026-06-19T18:34:26Z</time>
   </trkpt>
   <trkpt lat="39.8088160" lon="-105.5138740">
    <ele>2601.7</ele>
    <time>2026-06-19T18:34:27Z</time>
   </trkpt>
   <trkpt lat="39.8088120" lon="-105.5138790">
    <ele>2601.7</ele>
    <time>2026-06-19T18:34:28Z</time>
   </trkpt>
   <trkpt lat="39.8088080" lon="-105.5138830">
    <ele>2601.6</ele>
    <time>2026-06-19T18:34:29Z</time>
   </trkpt>
   <trkpt lat="39.8088040" lon="-105.5138880">
    <ele>2601.6</ele>
    <time>2026-06-19T18:34:30Z</time>
   </trkpt>
   <trkpt lat="39.8088000" lon="-105.5138930">
    <ele>2601.5</ele>
    <time>2026-06-19T18:34:31Z</time>
   </trkpt>
   <trkpt lat="39.8087810" lon="-105.5139270">
    <ele>2601.2</ele>
    <time>2026-06-19T18:34:32Z</time>
   </trkpt>
   <trkpt lat="39.8087630" lon="-105.5139380">
    <ele>2601.0</ele>
    <time>2026-06-19T18:34:33Z</time>
   </trkpt>
   <trkpt lat="39.8087590" lon="-105.5139410">
    <ele>2601.0</ele>
    <time>2026-06-19T18:34:34Z</time>
   </trkpt>
   <trkpt lat="39.8087540" lon="-105.5139400">
    <ele>2600.9</ele>
    <time>2026-06-19T18:34:35Z</time>
   </trkpt>
   <trkpt lat="39.8087680" lon="-105.5139350">
    <ele>2600.7</ele>
    <time>2026-06-19T18:34:36Z</time>
   </trkpt>
   <trkpt lat="39.8087660" lon="-105.5139310">
    <ele>2600.7</ele>
    <time>2026-06-19T18:34:37Z</time>
   </trkpt>
   <trkpt lat="39.8087850" lon="-105.5139560">
    <ele>2600.4</ele>
    <time>2026-06-19T18:34:38Z</time>
   </trkpt>
   <trkpt lat="39.8087720" lon="-105.5139470">
    <ele>2600.2</ele>
    <time>2026-06-19T18:34:39Z</time>
   </trkpt>
   <trkpt lat="39.8087630" lon="-105.5139410">
    <ele>2600.1</ele>
    <time>2026-06-19T18:34:40Z</time>
   </trkpt>
   <trkpt lat="39.8087540" lon="-105.5139340">
    <ele>2599.9</ele>
    <time>2026-06-19T18:34:41Z</time>
   </trkpt>
   <trkpt lat="39.8087440" lon="-105.5139280">
    <ele>2599.8</ele>
    <time>2026-06-19T18:34:42Z</time>
   </trkpt>
   <trkpt lat="39.8087350" lon="-105.5139220">
    <ele>2599.6</ele>
    <time>2026-06-19T18:34:43Z</time>
   </trkpt>
   <trkpt lat="39.8087260" lon="-105.5139160">
    <ele>2599.5</ele>
    <time>2026-06-19T18:34:44Z</time>
   </trkpt>
   <trkpt lat="39.8087170" lon="-105.5139100">
    <ele>2599.3</ele>
    <time>2026-06-19T18:34:45Z</time>
   </trkpt>
   <trkpt lat="39.8087080" lon="-105.5139040">
    <ele>2599.2</ele>
    <time>2026-06-19T18:34:46Z</time>
   </trkpt>
   <trkpt lat="39.8086990" lon="-105.5138970">
    <ele>2599.0</ele>
    <time>2026-06-19T18:34:47Z</time>
   </trkpt>
   <trkpt lat="39.8086890" lon="-105.5138910">
    <ele>2598.8</ele>
    <time>2026-06-19T18:34:48Z</time>
   </trkpt>
   <trkpt lat="39.8086800" lon="-105.5138850">
    <ele>2598.7</ele>
    <time>2026-06-19T18:35:39Z</time>
   </trkpt>
   <trkpt lat="39.8086710" lon="-105.5138790">
    <ele>2598.5</ele>
    <time>2026-06-19T18:35:40Z</time>
   </trkpt>
   <trkpt lat="39.8086320" lon="-105.5138760">
    <ele>2597.8</ele>
    <time>2026-06-19T18:35:41Z</time>
   </trkpt>
   <trkpt lat="39.8085930" lon="-105.5138940">
    <ele>2597.2</ele>
    <time>2026-06-19T18:35:42Z</time>
   </trkpt>
   <trkpt lat="39.8085770" lon="-105.5139080">
    <ele>2596.9</ele>
    <time>2026-06-19T18:35:43Z</time>
   </trkpt>
   <trkpt lat="39.8085440" lon="-105.5139410">
    <ele>2596.4</ele>
    <time>2026-06-19T18:35:44Z</time>
   </trkpt>
   <trkpt lat="39.8085240" lon="-105.5139790">
    <ele>2595.9</ele>
    <time>2026-06-19T18:35:45Z</time>
   </trkpt>
   <trkpt lat="39.8085160" lon="-105.5140160">
    <ele>2595.6</ele>
    <time>2026-06-19T18:35:46Z</time>
   </trkpt>
   <trkpt lat="39.8085260" lon="-105.5140550">
    <ele>2595.1</ele>
    <time>2026-06-19T18:35:47Z</time>
   </trkpt>
   <trkpt lat="39.8085350" lon="-105.5140590">
    <ele>2595.1</ele>
    <time>2026-06-19T18:35:48Z</time>
   </trkpt>
   <trkpt lat="39.8085460" lon="-105.5140550">
    <ele>2595.1</ele>
    <time>2026-06-19T18:35:49Z</time>
   </trkpt>
   <trkpt lat="39.8085580" lon="-105.5140510">
    <ele>2595.1</ele>
    <time>2026-06-19T18:35:50Z</time>
   </trkpt>
   <trkpt lat="39.8085700" lon="-105.5140470">
    <ele>2595.2</ele>
    <time>2026-06-19T18:35:51Z</time>
   </trkpt>
   <trkpt lat="39.8085820" lon="-105.5140430">
    <ele>2595.2</ele>
    <time>2026-06-19T18:35:52Z</time>
   </trkpt>
   <trkpt lat="39.8085930" lon="-105.5140390">
    <ele>2595.2</ele>
    <time>2026-06-19T18:35:53Z</time>
   </trkpt>
   <trkpt lat="39.8086050" lon="-105.5140350">
    <ele>2595.3</ele>
    <time>2026-06-19T18:35:54Z</time>
   </trkpt>
   <trkpt lat="39.8086170" lon="-105.5140310">
    <ele>2595.3</ele>
    <time>2026-06-19T18:35:55Z</time>
   </trkpt>
   <trkpt lat="39.8086290" lon="-105.5140270">
    <ele>2595.3</ele>
    <time>2026-06-19T18:35:56Z</time>
   </trkpt>
   <trkpt lat="39.8086400" lon="-105.5140230">
    <ele>2595.4</ele>
    <time>2026-06-19T18:35:57Z</time>
   </trkpt>
   <trkpt lat="39.8086520" lon="-105.5140190">
    <ele>2595.4</ele>
    <time>2026-06-19T18:35:58Z</time>
   </trkpt>
   <trkpt lat="39.8086640" lon="-105.5140150">
    <ele>2595.4</ele>
    <time>2026-06-19T18:35:59Z</time>
   </trkpt>
   <trkpt lat="39.8086760" lon="-105.5140110">
    <ele>2595.5</ele>
    <time>2026-06-19T18:36:58Z</time>
   </trkpt>
   <trkpt lat="39.8086870" lon="-105.5140070">
    <ele>2595.5</ele>
    <time>2026-06-19T18:36:59Z</time>
   </trkpt>
   <trkpt lat="39.8086990" lon="-105.5140030">
    <ele>2595.5</ele>
    <time>2026-06-19T18:37:00Z</time>
   </trkpt>
   <trkpt lat="39.8087350" lon="-105.5140060">
    <ele>2595.6</ele>
    <time>2026-06-19T18:37:01Z</time>
   </trkpt>
   <trkpt lat="39.8087770" lon="-105.5140250">
    <ele>2595.8</ele>
    <time>2026-06-19T18:37:02Z</time>
   </trkpt>
   <trkpt lat="39.8088050" lon="-105.5140250">
    <ele>2595.9</ele>
    <time>2026-06-19T18:37:03Z</time>
   </trkpt>
   <trkpt lat="39.8088340" lon="-105.5140140">
    <ele>2596.0</ele>
    <time>2026-06-19T18:37:04Z</time>
   </trkpt>
   <trkpt lat="39.8088650" lon="-105.5140090">
    <ele>2596.1</ele>
    <time>2026-06-19T18:37:05Z</time>
   </trkpt>
   <trkpt lat="39.8089020" lon="-105.5140090">
    <ele>2596.2</ele>
    <time>2026-06-19T18:37:06Z</time>
   </trkpt>
   <trkpt lat="39.8089420" lon="-105.5139880">
    <ele>2596.4</ele>
    <time>2026-06-19T18:37:07Z</time>
   </trkpt>
   <trkpt lat="39.8089640" lon="-105.5139710">
    <ele>2596.4</ele>
    <time>2026-06-19T18:37:08Z</time>
   </trkpt>
   <trkpt lat="39.8089910" lon="-105.5139660">
    <ele>2596.6</ele>
    <time>2026-06-19T18:37:09Z</time>
   </trkpt>
   <trkpt lat="39.8090160" lon="-105.5139820">
    <ele>2596.7</ele>
    <time>2026-06-19T18:37:10Z</time>
   </trkpt>
   <trkpt lat="39.8090540" lon="-105.5139790">
    <ele>2596.8</ele>
    <time>2026-06-19T18:37:11Z</time>
   </trkpt>
   <trkpt lat="39.8090680" lon="-105.5139770">
    <ele>2596.9</ele>
    <time>2026-06-19T18:37:12Z</time>
   </trkpt>
   <trkpt lat="39.8091030" lon="-105.5139800">
    <ele>2597.0</ele>
    <time>2026-06-19T18:37:13Z</time>
   </trkpt>
   <trkpt lat="39.8091340" lon="-105.5139850">
    <ele>2597.2</ele>
    <time>2026-06-19T18:37:14Z</time>
   </trkpt>
   <trkpt lat="39.8091580" lon="-105.5139880">
    <ele>2597.3</ele>
    <time>2026-06-19T18:37:15Z</time>
   </trkpt>
   <trkpt lat="39.8091670" lon="-105.5139910">
    <ele>2597.3</ele>
    <time>2026-06-19T18:37:16Z</time>
   </trkpt>
   <trkpt lat="39.8092000" lon="-105.5139880">
    <ele>2597.5</ele>
    <time>2026-06-19T18:37:17Z</time>
   </trkpt>
   <trkpt lat="39.8092090" lon="-105.5140000">
    <ele>2597.6</ele>
    <time>2026-06-19T18:37:18Z</time>
   </trkpt>
   <trkpt lat="39.8092410" lon="-105.5140070">
    <ele>2597.7</ele>
    <time>2026-06-19T18:37:19Z</time>
   </trkpt>
   <trkpt lat="39.8092500" lon="-105.5140050">
    <ele>2597.8</ele>
    <time>2026-06-19T18:37:20Z</time>
   </trkpt>
   <trkpt lat="39.8092840" lon="-105.5140060">
    <ele>2597.9</ele>
    <time>2026-06-19T18:37:21Z</time>
   </trkpt>
   <trkpt lat="39.8092930" lon="-105.5139960">
    <ele>2598.0</ele>
    <time>2026-06-19T18:37:22Z</time>
   </trkpt>
   <trkpt lat="39.8093270" lon="-105.5140040">
    <ele>2598.1</ele>
    <time>2026-06-19T18:37:23Z</time>
   </trkpt>
   <trkpt lat="39.8093370" lon="-105.5140120">
    <ele>2598.2</ele>
    <time>2026-06-19T18:37:24Z</time>
   </trkpt>
   <trkpt lat="39.8093680" lon="-105.5140140">
    <ele>2598.3</ele>
    <time>2026-06-19T18:37:25Z</time>
   </trkpt>
   <trkpt lat="39.8093780" lon="-105.5140160">
    <ele>2598.4</ele>
    <time>2026-06-19T18:37:26Z</time>
   </trkpt>
   <trkpt lat="39.8094120" lon="-105.5140360">
    <ele>2598.5</ele>
    <time>2026-06-19T18:37:27Z</time>
   </trkpt>
   <trkpt lat="39.8094220" lon="-105.5140380">
    <ele>2598.5</ele>
    <time>2026-06-19T18:37:28Z</time>
   </trkpt>
   <trkpt lat="39.8094520" lon="-105.5140460">
    <ele>2598.7</ele>
    <time>2026-06-19T18:37:29Z</time>
   </trkpt>
   <trkpt lat="39.8094630" lon="-105.5140510">
    <ele>2598.7</ele>
    <time>2026-06-19T18:37:30Z</time>
   </trkpt>
   <trkpt lat="39.8095000" lon="-105.5140570">
    <ele>2598.9</ele>
    <time>2026-06-19T18:37:31Z</time>
   </trkpt>
   <trkpt lat="39.8095110" lon="-105.5140590">
    <ele>2598.9</ele>
    <time>2026-06-19T18:37:32Z</time>
   </trkpt>
   <trkpt lat="39.8095450" lon="-105.5140790">
    <ele>2599.0</ele>
    <time>2026-06-19T18:37:33Z</time>
   </trkpt>
   <trkpt lat="39.8095560" lon="-105.5140890">
    <ele>2599.1</ele>
    <time>2026-06-19T18:37:34Z</time>
   </trkpt>
   <trkpt lat="39.8095890" lon="-105.5141120">
    <ele>2599.2</ele>
    <time>2026-06-19T18:37:35Z</time>
   </trkpt>
   <trkpt lat="39.8095990" lon="-105.5141190">
    <ele>2599.3</ele>
    <time>2026-06-19T18:37:36Z</time>
   </trkpt>
   <trkpt lat="39.8096290" lon="-105.5141410">
    <ele>2599.4</ele>
    <time>2026-06-19T18:37:37Z</time>
   </trkpt>
   <trkpt lat="39.8096380" lon="-105.5141470">
    <ele>2599.5</ele>
    <time>2026-06-19T18:37:38Z</time>
   </trkpt>
   <trkpt lat="39.8096660" lon="-105.5141730">
    <ele>2599.6</ele>
    <time>2026-06-19T18:37:39Z</time>
   </trkpt>
   <trkpt lat="39.8096770" lon="-105.5141780">
    <ele>2599.6</ele>
    <time>2026-06-19T18:37:40Z</time>
   </trkpt>
   <trkpt lat="39.8097110" lon="-105.5141940">
    <ele>2599.8</ele>
    <time>2026-06-19T18:37:41Z</time>
   </trkpt>
   <trkpt lat="39.8097260" lon="-105.5141950">
    <ele>2599.8</ele>
    <time>2026-06-19T18:37:42Z</time>
   </trkpt>
   <trkpt lat="39.8097600" lon="-105.5142190">
    <ele>2600.0</ele>
    <time>2026-06-19T18:37:43Z</time>
   </trkpt>
   <trkpt lat="39.8097700" lon="-105.5142310">
    <ele>2600.1</ele>
    <time>2026-06-19T18:37:44Z</time>
   </trkpt>
   <trkpt lat="39.8098050" lon="-105.5142470">
    <ele>2600.3</ele>
    <time>2026-06-19T18:37:45Z</time>
   </trkpt>
   <trkpt lat="39.8098150" lon="-105.5142540">
    <ele>2600.3</ele>
    <time>2026-06-19T18:37:46Z</time>
   </trkpt>
   <trkpt lat="39.8098480" lon="-105.5142780">
    <ele>2600.5</ele>
    <time>2026-06-19T18:37:47Z</time>
   </trkpt>
   <trkpt lat="39.8098590" lon="-105.5142870">
    <ele>2600.6</ele>
    <time>2026-06-19T18:37:48Z</time>
   </trkpt>
   <trkpt lat="39.8098960" lon="-105.5143050">
    <ele>2600.8</ele>
    <time>2026-06-19T18:37:49Z</time>
   </trkpt>
   <trkpt lat="39.8099060" lon="-105.5143110">
    <ele>2600.8</ele>
    <time>2026-06-19T18:37:50Z</time>
   </trkpt>
   <trkpt lat="39.8099180" lon="-105.5143450">
    <ele>2601.0</ele>
    <time>2026-06-19T18:37:51Z</time>
   </trkpt>
   <trkpt lat="39.8099530" lon="-105.5143520">
    <ele>2601.2</ele>
    <time>2026-06-19T18:37:52Z</time>
   </trkpt>
   <trkpt lat="39.8099680" lon="-105.5143420">
    <ele>2601.2</ele>
    <time>2026-06-19T18:37:53Z</time>
   </trkpt>
   <trkpt lat="39.8099990" lon="-105.5143730">
    <ele>2601.5</ele>
    <time>2026-06-19T18:37:54Z</time>
   </trkpt>
   <trkpt lat="39.8100090" lon="-105.5143940">
    <ele>2601.6</ele>
    <time>2026-06-19T18:37:55Z</time>
   </trkpt>
   <trkpt lat="39.8100390" lon="-105.5144080">
    <ele>2601.7</ele>
    <time>2026-06-19T18:37:56Z</time>
   </trkpt>
   <trkpt lat="39.8100520" lon="-105.5144080">
    <ele>2601.8</ele>
    <time>2026-06-19T18:37:57Z</time>
   </trkpt>
   <trkpt lat="39.8100870" lon="-105.5144260">
    <ele>2602.0</ele>
    <time>2026-06-19T18:37:58Z</time>
   </trkpt>
   <trkpt lat="39.8100980" lon="-105.5144300">
    <ele>2602.1</ele>
    <time>2026-06-19T18:37:59Z</time>
   </trkpt>
   <trkpt lat="39.8101340" lon="-105.5144470">
    <ele>2602.3</ele>
    <time>2026-06-19T18:38:00Z</time>
   </trkpt>
   <trkpt lat="39.8101460" lon="-105.5144520">
    <ele>2602.4</ele>
    <time>2026-06-19T18:38:01Z</time>
   </trkpt>
   <trkpt lat="39.8101740" lon="-105.5144780">
    <ele>2602.5</ele>
    <time>2026-06-19T18:38:02Z</time>
   </trkpt>
   <trkpt lat="39.8101820" lon="-105.5144920">
    <ele>2602.6</ele>
    <time>2026-06-19T18:38:03Z</time>
   </trkpt>
   <trkpt lat="39.8102080" lon="-105.5145040">
    <ele>2602.8</ele>
    <time>2026-06-19T18:38:04Z</time>
   </trkpt>
   <trkpt lat="39.8102330" lon="-105.5145250">
    <ele>2602.9</ele>
    <time>2026-06-19T18:38:05Z</time>
   </trkpt>
   <trkpt lat="39.8102410" lon="-105.5145300">
    <ele>2603.0</ele>
    <time>2026-06-19T18:38:06Z</time>
   </trkpt>
   <trkpt lat="39.8102720" lon="-105.5145430">
    <ele>2603.2</ele>
    <time>2026-06-19T18:38:07Z</time>
   </trkpt>
   <trkpt lat="39.8102820" lon="-105.5145450">
    <ele>2603.2</ele>
    <time>2026-06-19T18:38:08Z</time>
   </trkpt>
   <trkpt lat="39.8103080" lon="-105.5145690">
    <ele>2603.4</ele>
    <time>2026-06-19T18:38:09Z</time>
   </trkpt>
   <trkpt lat="39.8103160" lon="-105.5145800">
    <ele>2603.5</ele>
    <time>2026-06-19T18:38:10Z</time>
   </trkpt>
   <trkpt lat="39.8103500" lon="-105.5145880">
    <ele>2603.7</ele>
    <time>2026-06-19T18:38:11Z</time>
   </trkpt>
   <trkpt lat="39.8103610" lon="-105.5145910">
    <ele>2603.8</ele>
    <time>2026-06-19T18:38:12Z</time>
   </trkpt>
   <trkpt lat="39.8103960" lon="-105.5145950">
    <ele>2604.0</ele>
    <time>2026-06-19T18:38:13Z</time>
   </trkpt>
   <trkpt lat="39.8104050" lon="-105.5146070">
    <ele>2604.1</ele>
    <time>2026-06-19T18:38:14Z</time>
   </trkpt>
   <trkpt lat="39.8104340" lon="-105.5146070">
    <ele>2604.3</ele>
    <time>2026-06-19T18:38:15Z</time>
   </trkpt>
   <trkpt lat="39.8104550" lon="-105.5146340">
    <ele>2604.5</ele>
    <time>2026-06-19T18:38:16Z</time>
   </trkpt>
   <trkpt lat="39.8104770" lon="-105.5146620">
    <ele>2604.8</ele>
    <time>2026-06-19T18:38:17Z</time>
   </trkpt>
   <trkpt lat="39.8105140" lon="-105.5146760">
    <ele>2605.0</ele>
    <time>2026-06-19T18:38:18Z</time>
   </trkpt>
   <trkpt lat="39.8105250" lon="-105.5146840">
    <ele>2605.1</ele>
    <time>2026-06-19T18:38:19Z</time>
   </trkpt>
   <trkpt lat="39.8105580" lon="-105.5147100">
    <ele>2605.4</ele>
    <time>2026-06-19T18:38:20Z</time>
   </trkpt>
   <trkpt lat="39.8105690" lon="-105.5147200">
    <ele>2605.5</ele>
    <time>2026-06-19T18:38:21Z</time>
   </trkpt>
   <trkpt lat="39.8106000" lon="-105.5147210">
    <ele>2605.8</ele>
    <time>2026-06-19T18:38:22Z</time>
   </trkpt>
   <trkpt lat="39.8106280" lon="-105.5147270">
    <ele>2606.0</ele>
    <time>2026-06-19T18:38:23Z</time>
   </trkpt>
   <trkpt lat="39.8106650" lon="-105.5147410">
    <ele>2606.3</ele>
    <time>2026-06-19T18:38:24Z</time>
   </trkpt>
   <trkpt lat="39.8106770" lon="-105.5147480">
    <ele>2606.5</ele>
    <time>2026-06-19T18:38:25Z</time>
   </trkpt>
   <trkpt lat="39.8107120" lon="-105.5147610">
    <ele>2606.8</ele>
    <time>2026-06-19T18:38:26Z</time>
   </trkpt>
   <trkpt lat="39.8107230" lon="-105.5147640">
    <ele>2606.9</ele>
    <time>2026-06-19T18:38:27Z</time>
   </trkpt>
   <trkpt lat="39.8107500" lon="-105.5147700">
    <ele>2607.1</ele>
    <time>2026-06-19T18:38:28Z</time>
   </trkpt>
   <trkpt lat="39.8107750" lon="-105.5147860">
    <ele>2607.3</ele>
    <time>2026-06-19T18:38:29Z</time>
   </trkpt>
   <trkpt lat="39.8108100" lon="-105.5148220">
    <ele>2607.6</ele>
    <time>2026-06-19T18:38:30Z</time>
   </trkpt>
   <trkpt lat="39.8108500" lon="-105.5148430">
    <ele>2608.0</ele>
    <time>2026-06-19T18:38:31Z</time>
   </trkpt>
   <trkpt lat="39.8108860" lon="-105.5148660">
    <ele>2608.2</ele>
    <time>2026-06-19T18:38:32Z</time>
   </trkpt>
   <trkpt lat="39.8109090" lon="-105.5148860">
    <ele>2608.4</ele>
    <time>2026-06-19T18:38:33Z</time>
   </trkpt>
   <trkpt lat="39.8109400" lon="-105.5149150">
    <ele>2608.5</ele>
    <time>2026-06-19T18:38:34Z</time>
   </trkpt>
   <trkpt lat="39.8109490" lon="-105.5149270">
    <ele>2608.6</ele>
    <time>2026-06-19T18:38:35Z</time>
   </trkpt>
   <trkpt lat="39.8109720" lon="-105.5149450">
    <ele>2608.7</ele>
    <time>2026-06-19T18:38:36Z</time>
   </trkpt>
   <trkpt lat="39.8109970" lon="-105.5149630">
    <ele>2608.7</ele>
    <time>2026-06-19T18:38:37Z</time>
   </trkpt>
   <trkpt lat="39.8110190" lon="-105.5149840">
    <ele>2608.7</ele>
    <time>2026-06-19T18:38:38Z</time>
   </trkpt>
   <trkpt lat="39.8110450" lon="-105.5150070">
    <ele>2608.7</ele>
    <time>2026-06-19T18:38:39Z</time>
   </trkpt>
   <trkpt lat="39.8110740" lon="-105.5150300">
    <ele>2608.6</ele>
    <time>2026-06-19T18:38:40Z</time>
   </trkpt>
   <trkpt lat="39.8111060" lon="-105.5150600">
    <ele>2608.4</ele>
    <time>2026-06-19T18:38:41Z</time>
   </trkpt>
   <trkpt lat="39.8111370" lon="-105.5150870">
    <ele>2608.3</ele>
    <time>2026-06-19T18:38:42Z</time>
   </trkpt>
   <trkpt lat="39.8111660" lon="-105.5151250">
    <ele>2608.0</ele>
    <time>2026-06-19T18:38:43Z</time>
   </trkpt>
   <trkpt lat="39.8112000" lon="-105.5151490">
    <ele>2607.8</ele>
    <time>2026-06-19T18:38:44Z</time>
   </trkpt>
   <trkpt lat="39.8112420" lon="-105.5151680">
    <ele>2607.6</ele>
    <time>2026-06-19T18:38:45Z</time>
   </trkpt>
   <trkpt lat="39.8112870" lon="-105.5151890">
    <ele>2607.3</ele>
    <time>2026-06-19T18:38:46Z</time>
   </trkpt>
   <trkpt lat="39.8113250" lon="-105.5152080">
    <ele>2607.0</ele>
    <time>2026-06-19T18:38:47Z</time>
   </trkpt>
   <trkpt lat="39.8113610" lon="-105.5152170">
    <ele>2606.8</ele>
    <time>2026-06-19T18:38:48Z</time>
   </trkpt>
   <trkpt lat="39.8113870" lon="-105.5152420">
    <ele>2606.7</ele>
    <time>2026-06-19T18:38:49Z</time>
   </trkpt>
   <trkpt lat="39.8114090" lon="-105.5152660">
    <ele>2606.6</ele>
    <time>2026-06-19T18:38:50Z</time>
   </trkpt>
   <trkpt lat="39.8114300" lon="-105.5152930">
    <ele>2606.5</ele>
    <time>2026-06-19T18:38:51Z</time>
   </trkpt>
   <trkpt lat="39.8114550" lon="-105.5153140">
    <ele>2606.4</ele>
    <time>2026-06-19T18:38:52Z</time>
   </trkpt>
   <trkpt lat="39.8114780" lon="-105.5153380">
    <ele>2606.3</ele>
    <time>2026-06-19T18:38:53Z</time>
   </trkpt>
   <trkpt lat="39.8115050" lon="-105.5153500">
    <ele>2606.3</ele>
    <time>2026-06-19T18:38:54Z</time>
   </trkpt>
   <trkpt lat="39.8115230" lon="-105.5153820">
    <ele>2606.2</ele>
    <time>2026-06-19T18:38:55Z</time>
   </trkpt>
   <trkpt lat="39.8115250" lon="-105.5154400">
    <ele>2606.2</ele>
    <time>2026-06-19T18:38:56Z</time>
   </trkpt>
   <trkpt lat="39.8115260" lon="-105.5154660">
    <ele>2606.2</ele>
    <time>2026-06-19T18:38:57Z</time>
   </trkpt>
   <trkpt lat="39.8115500" lon="-105.5155480">
    <ele>2606.1</ele>
    <time>2026-06-19T18:38:58Z</time>
   </trkpt>
   <trkpt lat="39.8115940" lon="-105.5155860">
    <ele>2606.1</ele>
    <time>2026-06-19T18:38:59Z</time>
   </trkpt>
   <trkpt lat="39.8116510" lon="-105.5156230">
    <ele>2606.0</ele>
    <time>2026-06-19T18:39:00Z</time>
   </trkpt>
   <trkpt lat="39.8117030" lon="-105.5156550">
    <ele>2606.0</ele>
    <time>2026-06-19T18:39:01Z</time>
   </trkpt>
   <trkpt lat="39.8117660" lon="-105.5157020">
    <ele>2606.1</ele>
    <time>2026-06-19T18:39:02Z</time>
   </trkpt>
   <trkpt lat="39.8118160" lon="-105.5157490">
    <ele>2606.2</ele>
    <time>2026-06-19T18:39:03Z</time>
   </trkpt>
   <trkpt lat="39.8118560" lon="-105.5157920">
    <ele>2606.3</ele>
    <time>2026-06-19T18:39:04Z</time>
   </trkpt>
   <trkpt lat="39.8118930" lon="-105.5158400">
    <ele>2606.5</ele>
    <time>2026-06-19T18:39:05Z</time>
   </trkpt>
   <trkpt lat="39.8119320" lon="-105.5158850">
    <ele>2606.7</ele>
    <time>2026-06-19T18:39:06Z</time>
   </trkpt>
   <trkpt lat="39.8119680" lon="-105.5159280">
    <ele>2606.8</ele>
    <time>2026-06-19T18:39:07Z</time>
   </trkpt>
   <trkpt lat="39.8120090" lon="-105.5159670">
    <ele>2607.1</ele>
    <time>2026-06-19T18:39:08Z</time>
   </trkpt>
   <trkpt lat="39.8120370" lon="-105.5160050">
    <ele>2607.3</ele>
    <time>2026-06-19T18:39:09Z</time>
   </trkpt>
   <trkpt lat="39.8120670" lon="-105.5160440">
    <ele>2607.5</ele>
    <time>2026-06-19T18:39:10Z</time>
   </trkpt>
   <trkpt lat="39.8120970" lon="-105.5160800">
    <ele>2607.7</ele>
    <time>2026-06-19T18:39:11Z</time>
   </trkpt>
   <trkpt lat="39.8121260" lon="-105.5161170">
    <ele>2608.0</ele>
    <time>2026-06-19T18:39:12Z</time>
   </trkpt>
   <trkpt lat="39.8121460" lon="-105.5161530">
    <ele>2608.3</ele>
    <time>2026-06-19T18:39:13Z</time>
   </trkpt>
   <trkpt lat="39.8121540" lon="-105.5161640">
    <ele>2608.4</ele>
    <time>2026-06-19T18:39:14Z</time>
   </trkpt>
   <trkpt lat="39.8121770" lon="-105.5161750">
    <ele>2608.6</ele>
    <time>2026-06-19T18:39:15Z</time>
   </trkpt>
   <trkpt lat="39.8121970" lon="-105.5162000">
    <ele>2608.8</ele>
    <time>2026-06-19T18:39:16Z</time>
   </trkpt>
   <trkpt lat="39.8122250" lon="-105.5162170">
    <ele>2609.1</ele>
    <time>2026-06-19T18:39:17Z</time>
   </trkpt>
   <trkpt lat="39.8122540" lon="-105.5162340">
    <ele>2609.3</ele>
    <time>2026-06-19T18:39:18Z</time>
   </trkpt>
   <trkpt lat="39.8122650" lon="-105.5162440">
    <ele>2609.3</ele>
    <time>2026-06-19T18:39:19Z</time>
   </trkpt>
   <trkpt lat="39.8122970" lon="-105.5162600">
    <ele>2609.3</ele>
    <time>2026-06-19T18:39:20Z</time>
   </trkpt>
   <trkpt lat="39.8123100" lon="-105.5162680">
    <ele>2609.3</ele>
    <time>2026-06-19T18:39:21Z</time>
   </trkpt>
   <trkpt lat="39.8123220" lon="-105.5162680">
    <ele>2609.3</ele>
    <time>2026-06-19T18:39:22Z</time>
   </trkpt>
   <trkpt lat="39.8123390" lon="-105.5162690">
    <ele>2609.3</ele>
    <time>2026-06-19T18:39:23Z</time>
   </trkpt>
   <trkpt lat="39.8123510" lon="-105.5162730">
    <ele>2609.4</ele>
    <time>2026-06-19T18:39:24Z</time>
   </trkpt>
   <trkpt lat="39.8123490" lon="-105.5162800">
    <ele>2609.4</ele>
    <time>2026-06-19T18:39:25Z</time>
   </trkpt>
   <trkpt lat="39.8123470" lon="-105.5162820">
    <ele>2609.4</ele>
    <time>2026-06-19T18:39:26Z</time>
   </trkpt>
   <trkpt lat="39.8123500" lon="-105.5162890">
    <ele>2609.4</ele>
    <time>2026-06-19T18:39:27Z</time>
   </trkpt>
   <trkpt lat="39.8123550" lon="-105.5162940">
    <ele>2609.4</ele>
    <time>2026-06-19T18:39:28Z</time>
   </trkpt>
   <trkpt lat="39.8123620" lon="-105.5162990">
    <ele>2609.4</ele>
    <time>2026-06-19T18:39:29Z</time>
   </trkpt>
   <trkpt lat="39.8123510" lon="-105.5162920">
    <ele>2609.4</ele>
    <time>2026-06-19T18:39:30Z</time>
   </trkpt>
   <trkpt lat="39.8123300" lon="-105.5162840">
    <ele>2609.4</ele>
    <time>2026-06-19T18:39:31Z</time>
   </trkpt>
   <trkpt lat="39.8123100" lon="-105.5162770">
    <ele>2609.4</ele>
    <time>2026-06-19T18:39:32Z</time>
   </trkpt>
   <trkpt lat="39.8122900" lon="-105.5162690">
    <ele>2609.4</ele>
    <time>2026-06-19T18:39:33Z</time>
   </trkpt>
   <trkpt lat="39.8122700" lon="-105.5162620">
    <ele>2609.4</ele>
    <time>2026-06-19T18:39:34Z</time>
   </trkpt>
   <trkpt lat="39.8122490" lon="-105.5162540">
    <ele>2609.4</ele>
    <time>2026-06-19T18:40:44Z</time>
   </trkpt>
   <trkpt lat="39.8122290" lon="-105.5162470">
    <ele>2609.5</ele>
    <time>2026-06-19T18:40:45Z</time>
   </trkpt>
   <trkpt lat="39.8121840" lon="-105.5162150">
    <ele>2609.2</ele>
    <time>2026-06-19T18:40:46Z</time>
   </trkpt>
   <trkpt lat="39.8121420" lon="-105.5161680">
    <ele>2608.5</ele>
    <time>2026-06-19T18:40:47Z</time>
   </trkpt>
   <trkpt lat="39.8120960" lon="-105.5161250">
    <ele>2608.1</ele>
    <time>2026-06-19T18:40:48Z</time>
   </trkpt>
   <trkpt lat="39.8120540" lon="-105.5160700">
    <ele>2607.7</ele>
    <time>2026-06-19T18:40:49Z</time>
   </trkpt>
   <trkpt lat="39.8120120" lon="-105.5160170">
    <ele>2607.4</ele>
    <time>2026-06-19T18:40:50Z</time>
   </trkpt>
   <trkpt lat="39.8119660" lon="-105.5159610">
    <ele>2607.1</ele>
    <time>2026-06-19T18:40:51Z</time>
   </trkpt>
   <trkpt lat="39.8119220" lon="-105.5159070">
    <ele>2606.8</ele>
    <time>2026-06-19T18:40:52Z</time>
   </trkpt>
   <trkpt lat="39.8118760" lon="-105.5158560">
    <ele>2606.6</ele>
    <time>2026-06-19T18:40:53Z</time>
   </trkpt>
   <trkpt lat="39.8118600" lon="-105.5158050">
    <ele>2606.5</ele>
    <time>2026-06-19T18:40:54Z</time>
   </trkpt>
   <trkpt lat="39.8117870" lon="-105.5157850">
    <ele>2606.3</ele>
    <time>2026-06-19T18:40:55Z</time>
   </trkpt>
   <trkpt lat="39.8117400" lon="-105.5157310">
    <ele>2606.1</ele>
    <time>2026-06-19T18:40:56Z</time>
   </trkpt>
   <trkpt lat="39.8116990" lon="-105.5156870">
    <ele>2606.1</ele>
    <time>2026-06-19T18:40:57Z</time>
   </trkpt>
   <trkpt lat="39.8116610" lon="-105.5156470">
    <ele>2606.0</ele>
    <time>2026-06-19T18:40:58Z</time>
   </trkpt>
   <trkpt lat="39.8116140" lon="-105.5156140">
    <ele>2606.0</ele>
    <time>2026-06-19T18:40:59Z</time>
   </trkpt>
   <trkpt lat="39.8115740" lon="-105.5155890">
    <ele>2606.1</ele>
    <time>2026-06-19T18:41:00Z</time>
   </trkpt>
   <trkpt lat="39.8115390" lon="-105.5155630">
    <ele>2606.1</ele>
    <time>2026-06-19T18:41:01Z</time>
   </trkpt>
   <trkpt lat="39.8115060" lon="-105.5155340">
    <ele>2606.1</ele>
    <time>2026-06-19T18:41:02Z</time>
   </trkpt>
   <trkpt lat="39.8114660" lon="-105.5155260">
    <ele>2606.1</ele>
    <time>2026-06-19T18:41:03Z</time>
   </trkpt>
   <trkpt lat="39.8114320" lon="-105.5154870">
    <ele>2606.2</ele>
    <time>2026-06-19T18:41:04Z</time>
   </trkpt>
   <trkpt lat="39.8113960" lon="-105.5154550">
    <ele>2606.2</ele>
    <time>2026-06-19T18:41:05Z</time>
   </trkpt>
   <trkpt lat="39.8113700" lon="-105.5154100">
    <ele>2606.3</ele>
    <time>2026-06-19T18:41:06Z</time>
   </trkpt>
   <trkpt lat="39.8113310" lon="-105.5153850">
    <ele>2606.4</ele>
    <time>2026-06-19T18:41:07Z</time>
   </trkpt>
   <trkpt lat="39.8112970" lon="-105.5153560">
    <ele>2606.5</ele>
    <time>2026-06-19T18:41:08Z</time>
   </trkpt>
   <trkpt lat="39.8112740" lon="-105.5153200">
    <ele>2606.6</ele>
    <time>2026-06-19T18:41:09Z</time>
   </trkpt>
   <trkpt lat="39.8112630" lon="-105.5152500">
    <ele>2606.8</ele>
    <time>2026-06-19T18:41:10Z</time>
   </trkpt>
   <trkpt lat="39.8112320" lon="-105.5152230">
    <ele>2607.0</ele>
    <time>2026-06-19T18:41:11Z</time>
   </trkpt>
   <trkpt lat="39.8112060" lon="-105.5151880">
    <ele>2607.2</ele>
    <time>2026-06-19T18:41:12Z</time>
   </trkpt>
   <trkpt lat="39.8111810" lon="-105.5151450">
    <ele>2607.4</ele>
    <time>2026-06-19T18:41:13Z</time>
   </trkpt>
   <trkpt lat="39.8111720" lon="-105.5150740">
    <ele>2607.7</ele>
    <time>2026-06-19T18:41:14Z</time>
   </trkpt>
   <trkpt lat="39.8111420" lon="-105.5150680">
    <ele>2607.9</ele>
    <time>2026-06-19T18:41:15Z</time>
   </trkpt>
   <trkpt lat="39.8111140" lon="-105.5150650">
    <ele>2608.1</ele>
    <time>2026-06-19T18:41:16Z</time>
   </trkpt>
   <trkpt lat="39.8110840" lon="-105.5150490">
    <ele>2608.2</ele>
    <time>2026-06-19T18:41:17Z</time>
   </trkpt>
   <trkpt lat="39.8110410" lon="-105.5150460">
    <ele>2608.4</ele>
    <time>2026-06-19T18:41:18Z</time>
   </trkpt>
   <trkpt lat="39.8110280" lon="-105.5149860">
    <ele>2608.6</ele>
    <time>2026-06-19T18:41:19Z</time>
   </trkpt>
   <trkpt lat="39.8110080" lon="-105.5149530">
    <ele>2608.7</ele>
    <time>2026-06-19T18:41:20Z</time>
   </trkpt>
   <trkpt lat="39.8109990" lon="-105.5149550">
    <ele>2608.7</ele>
    <time>2026-06-19T18:41:21Z</time>
   </trkpt>
   <trkpt lat="39.8109880" lon="-105.5149380">
    <ele>2608.7</ele>
    <time>2026-06-19T18:41:22Z</time>
   </trkpt>
   <trkpt lat="39.8109780" lon="-105.5149200">
    <ele>2608.7</ele>
    <time>2026-06-19T18:41:23Z</time>
   </trkpt>
   <trkpt lat="39.8109390" lon="-105.5149490">
    <ele>2608.7</ele>
    <time>2026-06-19T18:41:24Z</time>
   </trkpt>
   <trkpt lat="39.8109180" lon="-105.5149630">
    <ele>2608.6</ele>
    <time>2026-06-19T18:41:25Z</time>
   </trkpt>
   <trkpt lat="39.8109100" lon="-105.5149210">
    <ele>2608.5</ele>
    <time>2026-06-19T18:41:26Z</time>
   </trkpt>
   <trkpt lat="39.8108660" lon="-105.5149030">
    <ele>2608.3</ele>
    <time>2026-06-19T18:41:27Z</time>
   </trkpt>
   <trkpt lat="39.8108400" lon="-105.5149340">
    <ele>2608.1</ele>
    <time>2026-06-19T18:41:28Z</time>
   </trkpt>
   <trkpt lat="39.8108110" lon="-105.5148970">
    <ele>2607.8</ele>
    <time>2026-06-19T18:41:29Z</time>
   </trkpt>
   <trkpt lat="39.8107760" lon="-105.5148750">
    <ele>2607.5</ele>
    <time>2026-06-19T18:41:30Z</time>
   </trkpt>
   <trkpt lat="39.8107490" lon="-105.5148840">
    <ele>2607.3</ele>
    <time>2026-06-19T18:41:31Z</time>
   </trkpt>
   <trkpt lat="39.8107100" lon="-105.5148590">
    <ele>2607.0</ele>
    <time>2026-06-19T18:41:32Z</time>
   </trkpt>
   <trkpt lat="39.8106910" lon="-105.5148320">
    <ele>2606.8</ele>
    <time>2026-06-19T18:41:33Z</time>
   </trkpt>
   <trkpt lat="39.8106490" lon="-105.5148150">
    <ele>2606.4</ele>
    <time>2026-06-19T18:41:34Z</time>
   </trkpt>
   <trkpt lat="39.8105970" lon="-105.5148160">
    <ele>2605.9</ele>
    <time>2026-06-19T18:41:35Z</time>
   </trkpt>
   <trkpt lat="39.8104990" lon="-105.5147570">
    <ele>2605.1</ele>
    <time>2026-06-19T18:41:36Z</time>
   </trkpt>
   <trkpt lat="39.8104090" lon="-105.5146570">
    <ele>2604.2</ele>
    <time>2026-06-19T18:41:37Z</time>
   </trkpt>
   <trkpt lat="39.8103190" lon="-105.5146110">
    <ele>2603.5</ele>
    <time>2026-06-19T18:41:38Z</time>
   </trkpt>
   <trkpt lat="39.8102430" lon="-105.5145450">
    <ele>2603.0</ele>
    <time>2026-06-19T18:41:39Z</time>
   </trkpt>
   <trkpt lat="39.8101530" lon="-105.5145060">
    <ele>2602.4</ele>
    <time>2026-06-19T18:41:40Z</time>
   </trkpt>
   <trkpt lat="39.8100760" lon="-105.5144610">
    <ele>2602.0</ele>
    <time>2026-06-19T18:41:41Z</time>
   </trkpt>
   <trkpt lat="39.8099980" lon="-105.5144040">
    <ele>2601.5</ele>
    <time>2026-06-19T18:41:42Z</time>
   </trkpt>
   <trkpt lat="39.8099180" lon="-105.5143490">
    <ele>2601.0</ele>
    <time>2026-06-19T18:41:43Z</time>
   </trkpt>
   <trkpt lat="39.8098450" lon="-105.5143080">
    <ele>2600.6</ele>
    <time>2026-06-19T18:41:44Z</time>
   </trkpt>
   <trkpt lat="39.8097780" lon="-105.5142640">
    <ele>2600.2</ele>
    <time>2026-06-19T18:41:45Z</time>
   </trkpt>
   <trkpt lat="39.8096860" lon="-105.5142280">
    <ele>2599.7</ele>
    <time>2026-06-19T18:41:46Z</time>
   </trkpt>
   <trkpt lat="39.8096150" lon="-105.5141820">
    <ele>2599.4</ele>
    <time>2026-06-19T18:41:47Z</time>
   </trkpt>
   <trkpt lat="39.8095230" lon="-105.5141220">
    <ele>2599.0</ele>
    <time>2026-06-19T18:41:48Z</time>
   </trkpt>
   <trkpt lat="39.8094190" lon="-105.5141350">
    <ele>2598.6</ele>
    <time>2026-06-19T18:41:49Z</time>
   </trkpt>
   <trkpt lat="39.8093710" lon="-105.5140840">
    <ele>2598.4</ele>
    <time>2026-06-19T18:41:50Z</time>
   </trkpt>
   <trkpt lat="39.8092810" lon="-105.5141180">
    <ele>2598.0</ele>
    <time>2026-06-19T18:41:51Z</time>
   </trkpt>
   <trkpt lat="39.8092090" lon="-105.5141050">
    <ele>2597.6</ele>
    <time>2026-06-19T18:41:52Z</time>
   </trkpt>
   <trkpt lat="39.8091220" lon="-105.5140930">
    <ele>2597.2</ele>
    <time>2026-06-19T18:41:53Z</time>
   </trkpt>
   <trkpt lat="39.8090440" lon="-105.5140940">
    <ele>2596.8</ele>
    <time>2026-06-19T18:41:54Z</time>
   </trkpt>
   <trkpt lat="39.8089720" lon="-105.5141080">
    <ele>2596.5</ele>
    <time>2026-06-19T18:41:55Z</time>
   </trkpt>
   <trkpt lat="39.8088970" lon="-105.5141180">
    <ele>2596.2</ele>
    <time>2026-06-19T18:41:56Z</time>
   </trkpt>
   <trkpt lat="39.8088160" lon="-105.5141170">
    <ele>2595.9</ele>
    <time>2026-06-19T18:41:57Z</time>
   </trkpt>
   <trkpt lat="39.8087350" lon="-105.5141090">
    <ele>2595.7</ele>
    <time>2026-06-19T18:41:58Z</time>
   </trkpt>
   <trkpt lat="39.8086760" lon="-105.5141140">
    <ele>2595.5</ele>
    <time>2026-06-19T18:41:59Z</time>
   </trkpt>
   <trkpt lat="39.8086090" lon="-105.5140900">
    <ele>2595.3</ele>
    <time>2026-06-19T18:42:00Z</time>
   </trkpt>
   <trkpt lat="39.8085380" lon="-105.5140820">
    <ele>2595.1</ele>
    <time>2026-06-19T18:42:01Z</time>
   </trkpt>
   <trkpt lat="39.8084680" lon="-105.5140570">
    <ele>2595.1</ele>
    <time>2026-06-19T18:42:02Z</time>
   </trkpt>
   <trkpt lat="39.8084060" lon="-105.5140390">
    <ele>2594.8</ele>
    <time>2026-06-19T18:42:03Z</time>
   </trkpt>
   <trkpt lat="39.8083400" lon="-105.5140170">
    <ele>2594.5</ele>
    <time>2026-06-19T18:42:04Z</time>
   </trkpt>
   <trkpt lat="39.8082740" lon="-105.5140300">
    <ele>2594.2</ele>
    <time>2026-06-19T18:42:05Z</time>
   </trkpt>
   <trkpt lat="39.8082040" lon="-105.5140660">
    <ele>2593.9</ele>
    <time>2026-06-19T18:42:06Z</time>
   </trkpt>
   <trkpt lat="39.8081460" lon="-105.5141060">
    <ele>2593.7</ele>
    <time>2026-06-19T18:42:07Z</time>
   </trkpt>
   <trkpt lat="39.8080840" lon="-105.5141560">
    <ele>2593.4</ele>
    <time>2026-06-19T18:42:08Z</time>
   </trkpt>
   <trkpt lat="39.8080320" lon="-105.5141880">
    <ele>2593.2</ele>
    <time>2026-06-19T18:42:09Z</time>
   </trkpt>
   <trkpt lat="39.8079870" lon="-105.5142400">
    <ele>2592.9</ele>
    <time>2026-06-19T18:42:10Z</time>
   </trkpt>
   <trkpt lat="39.8079310" lon="-105.5142950">
    <ele>2592.6</ele>
    <time>2026-06-19T18:42:11Z</time>
   </trkpt>
   <trkpt lat="39.8078830" lon="-105.5143460">
    <ele>2592.3</ele>
    <time>2026-06-19T18:42:12Z</time>
   </trkpt>
   <trkpt lat="39.8078350" lon="-105.5143800">
    <ele>2592.0</ele>
    <time>2026-06-19T18:42:13Z</time>
   </trkpt>
   <trkpt lat="39.8077900" lon="-105.5144340">
    <ele>2591.7</ele>
    <time>2026-06-19T18:42:14Z</time>
   </trkpt>
   <trkpt lat="39.8077340" lon="-105.5145020">
    <ele>2591.4</ele>
    <time>2026-06-19T18:42:15Z</time>
   </trkpt>
   <trkpt lat="39.8076800" lon="-105.5145600">
    <ele>2591.0</ele>
    <time>2026-06-19T18:42:16Z</time>
   </trkpt>
   <trkpt lat="39.8076340" lon="-105.5145940">
    <ele>2590.7</ele>
    <time>2026-06-19T18:42:17Z</time>
   </trkpt>
   <trkpt lat="39.8075870" lon="-105.5146710">
    <ele>2590.4</ele>
    <time>2026-06-19T18:42:18Z</time>
   </trkpt>
   <trkpt lat="39.8075090" lon="-105.5147170">
    <ele>2590.0</ele>
    <time>2026-06-19T18:42:19Z</time>
   </trkpt>
   <trkpt lat="39.8074490" lon="-105.5147520">
    <ele>2589.8</ele>
    <time>2026-06-19T18:42:20Z</time>
   </trkpt>
   <trkpt lat="39.8073940" lon="-105.5147870">
    <ele>2589.5</ele>
    <time>2026-06-19T18:42:21Z</time>
   </trkpt>
   <trkpt lat="39.8073260" lon="-105.5147830">
    <ele>2589.2</ele>
    <time>2026-06-19T18:42:22Z</time>
   </trkpt>
   <trkpt lat="39.8072770" lon="-105.5147560">
    <ele>2588.9</ele>
    <time>2026-06-19T18:42:23Z</time>
   </trkpt>
   <trkpt lat="39.8072690" lon="-105.5146660">
    <ele>2588.5</ele>
    <time>2026-06-19T18:42:24Z</time>
   </trkpt>
   <trkpt lat="39.8072600" lon="-105.5146210">
    <ele>2588.3</ele>
    <time>2026-06-19T18:42:25Z</time>
   </trkpt>
   <trkpt lat="39.8072210" lon="-105.5145520">
    <ele>2588.0</ele>
    <time>2026-06-19T18:42:26Z</time>
   </trkpt>
   <trkpt lat="39.8072170" lon="-105.5144920">
    <ele>2587.7</ele>
    <time>2026-06-19T18:42:27Z</time>
   </trkpt>
   <trkpt lat="39.8071940" lon="-105.5144380">
    <ele>2587.4</ele>
    <time>2026-06-19T18:42:28Z</time>
   </trkpt>
   <trkpt lat="39.8071650" lon="-105.5143950">
    <ele>2587.2</ele>
    <time>2026-06-19T18:42:29Z</time>
   </trkpt>
   <trkpt lat="39.8071510" lon="-105.5143490">
    <ele>2587.0</ele>
    <time>2026-06-19T18:42:30Z</time>
   </trkpt>
   <trkpt lat="39.8071500" lon="-105.5142630">
    <ele>2586.8</ele>
    <time>2026-06-19T18:42:31Z</time>
   </trkpt>
   <trkpt lat="39.8071440" lon="-105.5142040">
    <ele>2586.7</ele>
    <time>2026-06-19T18:42:32Z</time>
   </trkpt>
   <trkpt lat="39.8071470" lon="-105.5141390">
    <ele>2586.6</ele>
    <time>2026-06-19T18:42:33Z</time>
   </trkpt>
   <trkpt lat="39.8071540" lon="-105.5140760">
    <ele>2586.5</ele>
    <time>2026-06-19T18:42:34Z</time>
   </trkpt>
   <trkpt lat="39.8071510" lon="-105.5140120">
    <ele>2586.4</ele>
    <time>2026-06-19T18:42:35Z</time>
   </trkpt>
   <trkpt lat="39.8071380" lon="-105.5139480">
    <ele>2586.3</ele>
    <time>2026-06-19T18:42:36Z</time>
   </trkpt>
   <trkpt lat="39.8071330" lon="-105.5138990">
    <ele>2586.3</ele>
    <time>2026-06-19T18:42:37Z</time>
   </trkpt>
   <trkpt lat="39.8071300" lon="-105.5138480">
    <ele>2586.3</ele>
    <time>2026-06-19T18:42:38Z</time>
   </trkpt>
   <trkpt lat="39.8071440" lon="-105.5138020">
    <ele>2586.2</ele>
    <time>2026-06-19T18:42:39Z</time>
   </trkpt>
   <trkpt lat="39.8071510" lon="-105.5137670">
    <ele>2586.2</ele>
    <time>2026-06-19T18:42:40Z</time>
   </trkpt>
   <trkpt lat="39.8071620" lon="-105.5137220">
    <ele>2586.2</ele>
    <time>2026-06-19T18:42:41Z</time>
   </trkpt>
   <trkpt lat="39.8071670" lon="-105.5136690">
    <ele>2585.8</ele>
    <time>2026-06-19T18:42:42Z</time>
   </trkpt>
   <trkpt lat="39.8071690" lon="-105.5136490">
    <ele>2585.6</ele>
    <time>2026-06-19T18:42:43Z</time>
   </trkpt>
   <trkpt lat="39.8071840" lon="-105.5136050">
    <ele>2585.3</ele>
    <time>2026-06-19T18:42:44Z</time>
   </trkpt>
   <trkpt lat="39.8072050" lon="-105.5135490">
    <ele>2584.8</ele>
    <time>2026-06-19T18:42:45Z</time>
   </trkpt>
   <trkpt lat="39.8072310" lon="-105.5134990">
    <ele>2584.3</ele>
    <time>2026-06-19T18:42:46Z</time>
   </trkpt>
   <trkpt lat="39.8072500" lon="-105.5134320">
    <ele>2583.7</ele>
    <time>2026-06-19T18:42:47Z</time>
   </trkpt>
   <trkpt lat="39.8072750" lon="-105.5133710">
    <ele>2583.0</ele>
    <time>2026-06-19T18:42:48Z</time>
   </trkpt>
   <trkpt lat="39.8073120" lon="-105.5133020">
    <ele>2582.2</ele>
    <time>2026-06-19T18:42:49Z</time>
   </trkpt>
   <trkpt lat="39.8073480" lon="-105.5132380">
    <ele>2581.4</ele>
    <time>2026-06-19T18:42:50Z</time>
   </trkpt>
   <trkpt lat="39.8073900" lon="-105.5131620">
    <ele>2580.4</ele>
    <time>2026-06-19T18:42:51Z</time>
   </trkpt>
   <trkpt lat="39.8074250" lon="-105.5130830">
    <ele>2579.4</ele>
    <time>2026-06-19T18:42:52Z</time>
   </trkpt>
   <trkpt lat="39.8074690" lon="-105.5130090">
    <ele>2578.4</ele>
    <time>2026-06-19T18:42:53Z</time>
   </trkpt>
   <trkpt lat="39.8075280" lon="-105.5129200">
    <ele>2577.2</ele>
    <time>2026-06-19T18:42:54Z</time>
   </trkpt>
   <trkpt lat="39.8075710" lon="-105.5128540">
    <ele>2576.3</ele>
    <time>2026-06-19T18:42:55Z</time>
   </trkpt>
   <trkpt lat="39.8076130" lon="-105.5127780">
    <ele>2575.5</ele>
    <time>2026-06-19T18:42:56Z</time>
   </trkpt>
   <trkpt lat="39.8076520" lon="-105.5127020">
    <ele>2574.8</ele>
    <time>2026-06-19T18:42:57Z</time>
   </trkpt>
   <trkpt lat="39.8076880" lon="-105.5126390">
    <ele>2574.3</ele>
    <time>2026-06-19T18:42:58Z</time>
   </trkpt>
   <trkpt lat="39.8077360" lon="-105.5125320">
    <ele>2573.5</ele>
    <time>2026-06-19T18:42:59Z</time>
   </trkpt>
   <trkpt lat="39.8077500" lon="-105.5124390">
    <ele>2573.0</ele>
    <time>2026-06-19T18:43:00Z</time>
   </trkpt>
   <trkpt lat="39.8077820" lon="-105.5123510">
    <ele>2572.4</ele>
    <time>2026-06-19T18:43:01Z</time>
   </trkpt>
   <trkpt lat="39.8078100" lon="-105.5122580">
    <ele>2571.8</ele>
    <time>2026-06-19T18:43:02Z</time>
   </trkpt>
   <trkpt lat="39.8078270" lon="-105.5121630">
    <ele>2571.1</ele>
    <time>2026-06-19T18:43:03Z</time>
   </trkpt>
   <trkpt lat="39.8078520" lon="-105.5120830">
    <ele>2570.4</ele>
    <time>2026-06-19T18:43:04Z</time>
   </trkpt>
   <trkpt lat="39.8078900" lon="-105.5119840">
    <ele>2569.6</ele>
    <time>2026-06-19T18:43:05Z</time>
   </trkpt>
   <trkpt lat="39.8078920" lon="-105.5118870">
    <ele>2568.9</ele>
    <time>2026-06-19T18:43:06Z</time>
   </trkpt>
   <trkpt lat="39.8079000" lon="-105.5117950">
    <ele>2568.1</ele>
    <time>2026-06-19T18:43:07Z</time>
   </trkpt>
   <trkpt lat="39.8079100" lon="-105.5117010">
    <ele>2567.3</ele>
    <time>2026-06-19T18:43:08Z</time>
   </trkpt>
   <trkpt lat="39.8079160" lon="-105.5116110">
    <ele>2566.6</ele>
    <time>2026-06-19T18:43:09Z</time>
   </trkpt>
   <trkpt lat="39.8079230" lon="-105.5114960">
    <ele>2565.6</ele>
    <time>2026-06-19T18:43:10Z</time>
   </trkpt>
   <trkpt lat="39.8079560" lon="-105.5113870">
    <ele>2564.7</ele>
    <time>2026-06-19T18:43:11Z</time>
   </trkpt>
   <trkpt lat="39.8079640" lon="-105.5112730">
    <ele>2563.9</ele>
    <time>2026-06-19T18:43:12Z</time>
   </trkpt>
   <trkpt lat="39.8079850" lon="-105.5111700">
    <ele>2563.3</ele>
    <time>2026-06-19T18:43:13Z</time>
   </trkpt>
   <trkpt lat="39.8079950" lon="-105.5110610">
    <ele>2562.7</ele>
    <time>2026-06-19T18:43:14Z</time>
   </trkpt>
   <trkpt lat="39.8080100" lon="-105.5109530">
    <ele>2562.2</ele>
    <time>2026-06-19T18:43:15Z</time>
   </trkpt>
   <trkpt lat="39.8080080" lon="-105.5108410">
    <ele>2561.7</ele>
    <time>2026-06-19T18:43:16Z</time>
   </trkpt>
   <trkpt lat="39.8080150" lon="-105.5107420">
    <ele>2561.3</ele>
    <time>2026-06-19T18:43:17Z</time>
   </trkpt>
   <trkpt lat="39.8080050" lon="-105.5106380">
    <ele>2560.8</ele>
    <time>2026-06-19T18:43:18Z</time>
   </trkpt>
   <trkpt lat="39.8080070" lon="-105.5105080">
    <ele>2560.2</ele>
    <time>2026-06-19T18:43:19Z</time>
   </trkpt>
   <trkpt lat="39.8079890" lon="-105.5104050">
    <ele>2559.6</ele>
    <time>2026-06-19T18:43:20Z</time>
   </trkpt>
   <trkpt lat="39.8079950" lon="-105.5102880">
    <ele>2559.0</ele>
    <time>2026-06-19T18:43:21Z</time>
   </trkpt>
   <trkpt lat="39.8079980" lon="-105.5101760">
    <ele>2558.3</ele>
    <time>2026-06-19T18:43:22Z</time>
   </trkpt>
   <trkpt lat="39.8080090" lon="-105.5100660">
    <ele>2557.7</ele>
    <time>2026-06-19T18:43:23Z</time>
   </trkpt>
   <trkpt lat="39.8079860" lon="-105.5099630">
    <ele>2557.0</ele>
    <time>2026-06-19T18:43:24Z</time>
   </trkpt>
   <trkpt lat="39.8079570" lon="-105.5098820">
    <ele>2556.5</ele>
    <time>2026-06-19T18:43:25Z</time>
   </trkpt>
   <trkpt lat="39.8079500" lon="-105.5097860">
    <ele>2555.8</ele>
    <time>2026-06-19T18:43:26Z</time>
   </trkpt>
   <trkpt lat="39.8079420" lon="-105.5097070">
    <ele>2555.3</ele>
    <time>2026-06-19T18:43:27Z</time>
   </trkpt>
   <trkpt lat="39.8079640" lon="-105.5095920">
    <ele>2554.4</ele>
    <time>2026-06-19T18:43:28Z</time>
   </trkpt>
   <trkpt lat="39.8079460" lon="-105.5094800">
    <ele>2553.6</ele>
    <time>2026-06-19T18:43:29Z</time>
   </trkpt>
   <trkpt lat="39.8079780" lon="-105.5093350">
    <ele>2552.5</ele>
    <time>2026-06-19T18:43:30Z</time>
   </trkpt>
   <trkpt lat="39.8079700" lon="-105.5092200">
    <ele>2551.8</ele>
    <time>2026-06-19T18:43:31Z</time>
   </trkpt>
   <trkpt lat="39.8079170" lon="-105.5090950">
    <ele>2551.1</ele>
    <time>2026-06-19T18:43:32Z</time>
   </trkpt>
   <trkpt lat="39.8079170" lon="-105.5089960">
    <ele>2550.7</ele>
    <time>2026-06-19T18:43:33Z</time>
   </trkpt>
   <trkpt lat="39.8079150" lon="-105.5088720">
    <ele>2550.3</ele>
    <time>2026-06-19T18:43:34Z</time>
   </trkpt>
   <trkpt lat="39.8079260" lon="-105.5087630">
    <ele>2550.0</ele>
    <time>2026-06-19T18:43:35Z</time>
   </trkpt>
   <trkpt lat="39.8079130" lon="-105.5086550">
    <ele>2549.8</ele>
    <time>2026-06-19T18:43:36Z</time>
   </trkpt>
   <trkpt lat="39.8079110" lon="-105.5085080">
    <ele>2549.5</ele>
    <time>2026-06-19T18:43:37Z</time>
   </trkpt>
   <trkpt lat="39.8079190" lon="-105.5084420">
    <ele>2549.4</ele>
    <time>2026-06-19T18:43:38Z</time>
   </trkpt>
   <trkpt lat="39.8078840" lon="-105.5083390">
    <ele>2549.0</ele>
    <time>2026-06-19T18:43:39Z</time>
   </trkpt>
   <trkpt lat="39.8078490" lon="-105.5082630">
    <ele>2548.7</ele>
    <time>2026-06-19T18:43:40Z</time>
   </trkpt>
   <trkpt lat="39.8078030" lon="-105.5081960">
    <ele>2548.2</ele>
    <time>2026-06-19T18:43:41Z</time>
   </trkpt>
   <trkpt lat="39.8077170" lon="-105.5082080">
    <ele>2547.6</ele>
    <time>2026-06-19T18:43:42Z</time>
   </trkpt>
   <trkpt lat="39.8076300" lon="-105.5082080">
    <ele>2546.9</ele>
    <time>2026-06-19T18:43:43Z</time>
   </trkpt>
   <trkpt lat="39.8075780" lon="-105.5081350">
    <ele>2546.2</ele>
    <time>2026-06-19T18:43:44Z</time>
   </trkpt>
   <trkpt lat="39.8074800" lon="-105.5080980">
    <ele>2545.5</ele>
    <time>2026-06-19T18:43:45Z</time>
   </trkpt>
   <trkpt lat="39.8074110" lon="-105.5080100">
    <ele>2544.8</ele>
    <time>2026-06-19T18:43:47Z</time>
   </trkpt>
   <trkpt lat="39.8073410" lon="-105.5079700">
    <ele>2544.2</ele>
    <time>2026-06-19T18:43:48Z</time>
   </trkpt>
   <trkpt lat="39.8072690" lon="-105.5079430">
    <ele>2543.7</ele>
    <time>2026-06-19T18:43:49Z</time>
   </trkpt>
   <trkpt lat="39.8071880" lon="-105.5079370">
    <ele>2543.1</ele>
    <time>2026-06-19T18:43:50Z</time>
   </trkpt>
   <trkpt lat="39.8071180" lon="-105.5078980">
    <ele>2542.5</ele>
    <time>2026-06-19T18:43:51Z</time>
   </trkpt>
   <trkpt lat="39.8070640" lon="-105.5078520">
    <ele>2542.0</ele>
    <time>2026-06-19T18:43:52Z</time>
   </trkpt>
   <trkpt lat="39.8070260" lon="-105.5077960">
    <ele>2541.5</ele>
    <time>2026-06-19T18:43:53Z</time>
   </trkpt>
   <trkpt lat="39.8069800" lon="-105.5077000">
    <ele>2540.6</ele>
    <time>2026-06-19T18:43:54Z</time>
   </trkpt>
   <trkpt lat="39.8069230" lon="-105.5076600">
    <ele>2539.9</ele>
    <time>2026-06-19T18:43:55Z</time>
   </trkpt>
   <trkpt lat="39.8068700" lon="-105.5075860">
    <ele>2538.9</ele>
    <time>2026-06-19T18:43:56Z</time>
   </trkpt>
   <trkpt lat="39.8068410" lon="-105.5075140">
    <ele>2538.2</ele>
    <time>2026-06-19T18:43:57Z</time>
   </trkpt>
   <trkpt lat="39.8067980" lon="-105.5074480">
    <ele>2537.4</ele>
    <time>2026-06-19T18:43:58Z</time>
   </trkpt>
   <trkpt lat="39.8067700" lon="-105.5073610">
    <ele>2536.6</ele>
    <time>2026-06-19T18:43:59Z</time>
   </trkpt>
   <trkpt lat="39.8067230" lon="-105.5072600">
    <ele>2535.6</ele>
    <time>2026-06-19T18:44:00Z</time>
   </trkpt>
   <trkpt lat="39.8066750" lon="-105.5071530">
    <ele>2534.7</ele>
    <time>2026-06-19T18:44:01Z</time>
   </trkpt>
   <trkpt lat="39.8066480" lon="-105.5070610">
    <ele>2534.1</ele>
    <time>2026-06-19T18:44:02Z</time>
   </trkpt>
   <trkpt lat="39.8066020" lon="-105.5069690">
    <ele>2533.4</ele>
    <time>2026-06-19T18:44:03Z</time>
   </trkpt>
   <trkpt lat="39.8065110" lon="-105.5068000">
    <ele>2532.4</ele>
    <time>2026-06-19T18:44:04Z</time>
   </trkpt>
   <trkpt lat="39.8064540" lon="-105.5067170">
    <ele>2531.9</ele>
    <time>2026-06-19T18:44:05Z</time>
   </trkpt>
   <trkpt lat="39.8064090" lon="-105.5066260">
    <ele>2531.4</ele>
    <time>2026-06-19T18:44:06Z</time>
   </trkpt>
   <trkpt lat="39.8063700" lon="-105.5065430">
    <ele>2531.0</ele>
    <time>2026-06-19T18:44:07Z</time>
   </trkpt>
   <trkpt lat="39.8063310" lon="-105.5064260">
    <ele>2530.3</ele>
    <time>2026-06-19T18:44:08Z</time>
   </trkpt>
   <trkpt lat="39.8062820" lon="-105.5063820">
    <ele>2529.9</ele>
    <time>2026-06-19T18:44:09Z</time>
   </trkpt>
   <trkpt lat="39.8062300" lon="-105.5062990">
    <ele>2529.2</ele>
    <time>2026-06-19T18:44:10Z</time>
   </trkpt>
   <trkpt lat="39.8061710" lon="-105.5061860">
    <ele>2528.5</ele>
    <time>2026-06-19T18:44:11Z</time>
   </trkpt>
   <trkpt lat="39.8061150" lon="-105.5061030">
    <ele>2527.8</ele>
    <time>2026-06-19T18:44:12Z</time>
   </trkpt>
   <trkpt lat="39.8060730" lon="-105.5060140">
    <ele>2527.2</ele>
    <time>2026-06-19T18:44:13Z</time>
   </trkpt>
   <trkpt lat="39.8060360" lon="-105.5059180">
    <ele>2526.6</ele>
    <time>2026-06-19T18:44:14Z</time>
   </trkpt>
   <trkpt lat="39.8059880" lon="-105.5058260">
    <ele>2526.0</ele>
    <time>2026-06-19T18:44:15Z</time>
   </trkpt>
   <trkpt lat="39.8059410" lon="-105.5056840">
    <ele>2525.1</ele>
    <time>2026-06-19T18:44:16Z</time>
   </trkpt>
   <trkpt lat="39.8059060" lon="-105.5055920">
    <ele>2524.5</ele>
    <time>2026-06-19T18:44:17Z</time>
   </trkpt>
   <trkpt lat="39.8058560" lon="-105.5055020">
    <ele>2523.8</ele>
    <time>2026-06-19T18:44:18Z</time>
   </trkpt>
   <trkpt lat="39.8058020" lon="-105.5054150">
    <ele>2523.2</ele>
    <time>2026-06-19T18:44:19Z</time>
   </trkpt>
   <trkpt lat="39.8057630" lon="-105.5053250">
    <ele>2522.6</ele>
    <time>2026-06-19T18:44:20Z</time>
   </trkpt>
   <trkpt lat="39.8057570" lon="-105.5051880">
    <ele>2521.9</ele>
    <time>2026-06-19T18:44:21Z</time>
   </trkpt>
   <trkpt lat="39.8057290" lon="-105.5050900">
    <ele>2521.3</ele>
    <time>2026-06-19T18:44:22Z</time>
   </trkpt>
   <trkpt lat="39.8057120" lon="-105.5049770">
    <ele>2520.6</ele>
    <time>2026-06-19T18:44:23Z</time>
   </trkpt>
   <trkpt lat="39.8056950" lon="-105.5048710">
    <ele>2520.0</ele>
    <time>2026-06-19T18:44:24Z</time>
   </trkpt>
   <trkpt lat="39.8056650" lon="-105.5047920">
    <ele>2519.5</ele>
    <time>2026-06-19T18:44:25Z</time>
   </trkpt>
   <trkpt lat="39.8056090" lon="-105.5047210">
    <ele>2518.9</ele>
    <time>2026-06-19T18:44:26Z</time>
   </trkpt>
   <trkpt lat="39.8055760" lon="-105.5046480">
    <ele>2518.4</ele>
    <time>2026-06-19T18:44:27Z</time>
   </trkpt>
   <trkpt lat="39.8055060" lon="-105.5045890">
    <ele>2517.8</ele>
    <time>2026-06-19T18:44:28Z</time>
   </trkpt>
   <trkpt lat="39.8054400" lon="-105.5045150">
    <ele>2517.2</ele>
    <time>2026-06-19T18:44:29Z</time>
   </trkpt>
   <trkpt lat="39.8053780" lon="-105.5044590">
    <ele>2516.8</ele>
    <time>2026-06-19T18:44:30Z</time>
   </trkpt>
   <trkpt lat="39.8053370" lon="-105.5043920">
    <ele>2516.6</ele>
    <time>2026-06-19T18:44:31Z</time>
   </trkpt>
   <trkpt lat="39.8052960" lon="-105.5043300">
    <ele>2516.3</ele>
    <time>2026-06-19T18:44:32Z</time>
   </trkpt>
   <trkpt lat="39.8052820" lon="-105.5042830">
    <ele>2516.1</ele>
    <time>2026-06-19T18:44:33Z</time>
   </trkpt>
   <trkpt lat="39.8052440" lon="-105.5042200">
    <ele>2515.8</ele>
    <time>2026-06-19T18:44:34Z</time>
   </trkpt>
   <trkpt lat="39.8052170" lon="-105.5041710">
    <ele>2515.4</ele>
    <time>2026-06-19T18:44:35Z</time>
   </trkpt>
   <trkpt lat="39.8052460" lon="-105.5041860">
    <ele>2515.6</ele>
    <time>2026-06-19T18:44:36Z</time>
   </trkpt>
   <trkpt lat="39.8052530" lon="-105.5042110">
    <ele>2515.7</ele>
    <time>2026-06-19T18:44:37Z</time>
   </trkpt>
   <trkpt lat="39.8052520" lon="-105.5042210">
    <ele>2515.7</ele>
    <time>2026-06-19T18:44:38Z</time>
   </trkpt>
   <trkpt lat="39.8052510" lon="-105.5042210">
    <ele>2515.7</ele>
    <time>2026-06-19T18:44:39Z</time>
   </trkpt>
   <trkpt lat="39.8052610" lon="-105.5042350">
    <ele>2515.8</ele>
    <time>2026-06-19T18:44:40Z</time>
   </trkpt>
   <trkpt lat="39.8052620" lon="-105.5042360">
    <ele>2515.8</ele>
    <time>2026-06-19T18:44:41Z</time>
   </trkpt>
   <trkpt lat="39.8052620" lon="-105.5042360">
    <ele>2515.8</ele>
    <time>2026-06-19T18:44:42Z</time>
   </trkpt>
   <trkpt lat="39.8052280" lon="-105.5042340">
    <ele>2515.9</ele>
    <time>2026-06-19T18:44:43Z</time>
   </trkpt>
   <trkpt lat="39.8052270" lon="-105.5042310">
    <ele>2515.9</ele>
    <time>2026-06-19T18:44:44Z</time>
   </trkpt>
   <trkpt lat="39.8052270" lon="-105.5042310">
    <ele>2515.9</ele>
    <time>2026-06-19T18:44:45Z</time>
   </trkpt>
   <trkpt lat="39.8052260" lon="-105.5042400">
    <ele>2515.9</ele>
    <time>2026-06-19T18:44:46Z</time>
   </trkpt>
   <trkpt lat="39.8052260" lon="-105.5042400">
    <ele>2515.9</ele>
    <time>2026-06-19T18:44:47Z</time>
   </trkpt>
   <trkpt lat="39.8052160" lon="-105.5042120">
    <ele>2516.0</ele>
    <time>2026-06-19T18:44:58Z</time>
   </trkpt>
   <trkpt lat="39.8052120" lon="-105.5042170">
    <ele>2516.0</ele>
    <time>2026-06-19T18:44:59Z</time>
   </trkpt>
   <trkpt lat="39.8052120" lon="-105.5042190">
    <ele>2516.0</ele>
    <time>2026-06-19T18:45:00Z</time>
   </trkpt>
   <trkpt lat="39.8052120" lon="-105.5042200">
    <ele>2516.0</ele>
    <time>2026-06-19T18:45:01Z</time>
   </trkpt>
   <trkpt lat="39.8052110" lon="-105.5042200">
    <ele>2516.0</ele>
    <time>2026-06-19T18:45:02Z</time>
   </trkpt>
   <trkpt lat="39.8052110" lon="-105.5042210">
    <ele>2516.0</ele>
    <time>2026-06-19T18:45:03Z</time>
   </trkpt>
   <trkpt lat="39.8052100" lon="-105.5042210">
    <ele>2516.0</ele>
    <time>2026-06-19T18:45:04Z</time>
   </trkpt>
   <trkpt lat="39.8052090" lon="-105.5042210">
    <ele>2516.0</ele>
    <time>2026-06-19T18:45:05Z</time>
   </trkpt>
   <trkpt lat="39.8052090" lon="-105.5042220">
    <ele>2516.0</ele>
    <time>2026-06-19T18:45:06Z</time>
   </trkpt>
   <trkpt lat="39.8052080" lon="-105.5042220">
    <ele>2516.0</ele>
    <time>2026-06-19T18:45:07Z</time>
   </trkpt>
   <trkpt lat="39.8052070" lon="-105.5042220">
    <ele>2516.0</ele>
    <time>2026-06-19T18:45:15Z</time>
   </trkpt>
   <trkpt lat="39.8052070" lon="-105.5042230">
    <ele>2516.0</ele>
    <time>2026-06-19T18:45:16Z</time>
   </trkpt>
   <trkpt lat="39.8052060" lon="-105.5042230">
    <ele>2516.1</ele>
    <time>2026-06-19T18:45:17Z</time>
   </trkpt>
   <trkpt lat="39.8052190" lon="-105.5042110">
    <ele>2516.1</ele>
    <time>2026-06-19T18:45:18Z</time>
   </trkpt>
   <trkpt lat="39.8052370" lon="-105.5042190">
    <ele>2516.1</ele>
    <time>2026-06-19T18:45:19Z</time>
   </trkpt>
   <trkpt lat="39.8052460" lon="-105.5042340">
    <ele>2516.2</ele>
    <time>2026-06-19T18:45:20Z</time>
   </trkpt>
   <trkpt lat="39.8052610" lon="-105.5042500">
    <ele>2516.2</ele>
    <time>2026-06-19T18:45:21Z</time>
   </trkpt>
   <trkpt lat="39.8052770" lon="-105.5042950">
    <ele>2516.3</ele>
    <time>2026-06-19T18:45:22Z</time>
   </trkpt>
   <trkpt lat="39.8052850" lon="-105.5043100">
    <ele>2516.3</ele>
    <time>2026-06-19T18:45:23Z</time>
   </trkpt>
   <trkpt lat="39.8053190" lon="-105.5043240">
    <ele>2516.4</ele>
    <time>2026-06-19T18:45:24Z</time>
   </trkpt>
   <trkpt lat="39.8053330" lon="-105.5043270">
    <ele>2516.4</ele>
    <time>2026-06-19T18:45:25Z</time>
   </trkpt>
   <trkpt lat="39.8053600" lon="-105.5043420">
    <ele>2516.5</ele>
    <time>2026-06-19T18:45:26Z</time>
   </trkpt>
   <trkpt lat="39.8053620" lon="-105.5043950">
    <ele>2516.6</ele>
    <time>2026-06-19T18:45:27Z</time>
   </trkpt>
   <trkpt lat="39.8053900" lon="-105.5044290">
    <ele>2516.8</ele>
    <time>2026-06-19T18:45:28Z</time>
   </trkpt>
   <trkpt lat="39.8053990" lon="-105.5044440">
    <ele>2516.9</ele>
    <time>2026-06-19T18:45:29Z</time>
   </trkpt>
   <trkpt lat="39.8054230" lon="-105.5044610">
    <ele>2517.0</ele>
    <time>2026-06-19T18:45:30Z</time>
   </trkpt>
   <trkpt lat="39.8054360" lon="-105.5044920">
    <ele>2517.1</ele>
    <time>2026-06-19T18:45:31Z</time>
   </trkpt>
   <trkpt lat="39.8054640" lon="-105.5045120">
    <ele>2517.3</ele>
    <time>2026-06-19T18:45:32Z</time>
   </trkpt>
   <trkpt lat="39.8054710" lon="-105.5045170">
    <ele>2517.3</ele>
    <time>2026-06-19T18:45:33Z</time>
   </trkpt>
   <trkpt lat="39.8054770" lon="-105.5045230">
    <ele>2517.4</ele>
    <time>2026-06-19T18:45:34Z</time>
   </trkpt>
   <trkpt lat="39.8054940" lon="-105.5045480">
    <ele>2517.5</ele>
    <time>2026-06-19T18:45:35Z</time>
   </trkpt>
   <trkpt lat="39.8055020" lon="-105.5045610">
    <ele>2517.6</ele>
    <time>2026-06-19T18:45:36Z</time>
   </trkpt>
   <trkpt lat="39.8055260" lon="-105.5045780">
    <ele>2517.8</ele>
    <time>2026-06-19T18:45:37Z</time>
   </trkpt>
   <trkpt lat="39.8055340" lon="-105.5045860">
    <ele>2517.9</ele>
    <time>2026-06-19T18:45:38Z</time>
   </trkpt>
   <trkpt lat="39.8055500" lon="-105.5046020">
    <ele>2518.0</ele>
    <time>2026-06-19T18:45:39Z</time>
   </trkpt>
   <trkpt lat="39.8055480" lon="-105.5046230">
    <ele>2518.1</ele>
    <time>2026-06-19T18:45:40Z</time>
   </trkpt>
   <trkpt lat="39.8055730" lon="-105.5046500">
    <ele>2518.3</ele>
    <time>2026-06-19T18:45:41Z</time>
   </trkpt>
   <trkpt lat="39.8055920" lon="-105.5046840">
    <ele>2518.6</ele>
    <time>2026-06-19T18:45:42Z</time>
   </trkpt>
   <trkpt lat="39.8056000" lon="-105.5046980">
    <ele>2518.7</ele>
    <time>2026-06-19T18:45:43Z</time>
   </trkpt>
   <trkpt lat="39.8056190" lon="-105.5047250">
    <ele>2518.9</ele>
    <time>2026-06-19T18:45:44Z</time>
   </trkpt>
   <trkpt lat="39.8056210" lon="-105.5047370">
    <ele>2519.0</ele>
    <time>2026-06-19T18:45:45Z</time>
   </trkpt>
   <trkpt lat="39.8056470" lon="-105.5047760">
    <ele>2519.2</ele>
    <time>2026-06-19T18:45:46Z</time>
   </trkpt>
   <trkpt lat="39.8056510" lon="-105.5047950">
    <ele>2519.4</ele>
    <time>2026-06-19T18:45:47Z</time>
   </trkpt>
   <trkpt lat="39.8056650" lon="-105.5048290">
    <ele>2519.6</ele>
    <time>2026-06-19T18:45:48Z</time>
   </trkpt>
   <trkpt lat="39.8056710" lon="-105.5048380">
    <ele>2519.6</ele>
    <time>2026-06-19T18:45:49Z</time>
   </trkpt>
   <trkpt lat="39.8056790" lon="-105.5048590">
    <ele>2519.8</ele>
    <time>2026-06-19T18:45:50Z</time>
   </trkpt>
   <trkpt lat="39.8056960" lon="-105.5048930">
    <ele>2520.0</ele>
    <time>2026-06-19T18:45:52Z</time>
   </trkpt>
   <trkpt lat="39.8057060" lon="-105.5049400">
    <ele>2520.3</ele>
    <time>2026-06-19T18:45:53Z</time>
   </trkpt>
   <trkpt lat="39.8057100" lon="-105.5049640">
    <ele>2520.4</ele>
    <time>2026-06-19T18:45:54Z</time>
   </trkpt>
   <trkpt lat="39.8057170" lon="-105.5050060">
    <ele>2520.6</ele>
    <time>2026-06-19T18:45:55Z</time>
   </trkpt>
   <trkpt lat="39.8057180" lon="-105.5050210">
    <ele>2520.7</ele>
    <time>2026-06-19T18:45:56Z</time>
   </trkpt>
   <trkpt lat="39.8057280" lon="-105.5050680">
    <ele>2521.0</ele>
    <time>2026-06-19T18:45:57Z</time>
   </trkpt>
   <trkpt lat="39.8057290" lon="-105.5050860">
    <ele>2521.1</ele>
    <time>2026-06-19T18:45:58Z</time>
   </trkpt>
   <trkpt lat="39.8057460" lon="-105.5051180">
    <ele>2521.3</ele>
    <time>2026-06-19T18:45:59Z</time>
   </trkpt>
   <trkpt lat="39.8057490" lon="-105.5051300">
    <ele>2521.4</ele>
    <time>2026-06-19T18:46:00Z</time>
   </trkpt>
   <trkpt lat="39.8057610" lon="-105.5051650">
    <ele>2521.6</ele>
    <time>2026-06-19T18:46:01Z</time>
   </trkpt>
   <trkpt lat="39.8057640" lon="-105.5051790">
    <ele>2521.7</ele>
    <time>2026-06-19T18:46:02Z</time>
   </trkpt>
   <trkpt lat="39.8057750" lon="-105.5052140">
    <ele>2521.9</ele>
    <time>2026-06-19T18:46:03Z</time>
   </trkpt>
   <trkpt lat="39.8057790" lon="-105.5052290">
    <ele>2522.0</ele>
    <time>2026-06-19T18:46:04Z</time>
   </trkpt>
   <trkpt lat="39.8057930" lon="-105.5052650">
    <ele>2522.2</ele>
    <time>2026-06-19T18:46:05Z</time>
   </trkpt>
   <trkpt lat="39.8057960" lon="-105.5052760">
    <ele>2522.2</ele>
    <time>2026-06-19T18:46:06Z</time>
   </trkpt>
   <trkpt lat="39.8058140" lon="-105.5053070">
    <ele>2522.4</ele>
    <time>2026-06-19T18:46:07Z</time>
   </trkpt>
   <trkpt lat="39.8058200" lon="-105.5053170">
    <ele>2522.5</ele>
    <time>2026-06-19T18:46:08Z</time>
   </trkpt>
   <trkpt lat="39.8058330" lon="-105.5053470">
    <ele>2522.7</ele>
    <time>2026-06-19T18:46:09Z</time>
   </trkpt>
   <trkpt lat="39.8058380" lon="-105.5053590">
    <ele>2522.8</ele>
    <time>2026-06-19T18:46:10Z</time>
   </trkpt>
   <trkpt lat="39.8058490" lon="-105.5053720">
    <ele>2522.9</ele>
    <time>2026-06-19T18:46:11Z</time>
   </trkpt>
   <trkpt lat="39.8058550" lon="-105.5053960">
    <ele>2523.0</ele>
    <time>2026-06-19T18:46:12Z</time>
   </trkpt>
   <trkpt lat="39.8058640" lon="-105.5054170">
    <ele>2523.1</ele>
    <time>2026-06-19T18:46:13Z</time>
   </trkpt>
   <trkpt lat="39.8058730" lon="-105.5054310">
    <ele>2523.2</ele>
    <time>2026-06-19T18:46:14Z</time>
   </trkpt>
   <trkpt lat="39.8058870" lon="-105.5054530">
    <ele>2523.3</ele>
    <time>2026-06-19T18:46:15Z</time>
   </trkpt>
   <trkpt lat="39.8058960" lon="-105.5054570">
    <ele>2523.4</ele>
    <time>2026-06-19T18:46:16Z</time>
   </trkpt>
   <trkpt lat="39.8059120" lon="-105.5054890">
    <ele>2523.6</ele>
    <time>2026-06-19T18:46:17Z</time>
   </trkpt>
   <trkpt lat="39.8059190" lon="-105.5054950">
    <ele>2523.7</ele>
    <time>2026-06-19T18:46:18Z</time>
   </trkpt>
   <trkpt lat="39.8059290" lon="-105.5054990">
    <ele>2523.7</ele>
    <time>2026-06-19T18:46:19Z</time>
   </trkpt>
   <trkpt lat="39.8059340" lon="-105.5055270">
    <ele>2523.9</ele>
    <time>2026-06-19T18:46:20Z</time>
   </trkpt>
   <trkpt lat="39.8059360" lon="-105.5055330">
    <ele>2523.9</ele>
    <time>2026-06-19T18:46:21Z</time>
   </trkpt>
   <trkpt lat="39.8059530" lon="-105.5055630">
    <ele>2524.1</ele>
    <time>2026-06-19T18:46:22Z</time>
   </trkpt>
   <trkpt lat="39.8059630" lon="-105.5055990">
    <ele>2524.4</ele>
    <time>2026-06-19T18:46:23Z</time>
   </trkpt>
   <trkpt lat="39.8059670" lon="-105.5056120">
    <ele>2524.4</ele>
    <time>2026-06-19T18:46:24Z</time>
   </trkpt>
   <trkpt lat="39.8059790" lon="-105.5056290">
    <ele>2524.6</ele>
    <time>2026-06-19T18:46:25Z</time>
   </trkpt>
   <trkpt lat="39.8059910" lon="-105.5056450">
    <ele>2524.7</ele>
    <time>2026-06-19T18:46:26Z</time>
   </trkpt>
   <trkpt lat="39.8060000" lon="-105.5056800">
    <ele>2524.9</ele>
    <time>2026-06-19T18:46:27Z</time>
   </trkpt>
   <trkpt lat="39.8060070" lon="-105.5057110">
    <ele>2525.1</ele>
    <time>2026-06-19T18:46:28Z</time>
   </trkpt>
   <trkpt lat="39.8060090" lon="-105.5057290">
    <ele>2525.2</ele>
    <time>2026-06-19T18:46:29Z</time>
   </trkpt>
   <trkpt lat="39.8060070" lon="-105.5057470">
    <ele>2525.3</ele>
    <time>2026-06-19T18:46:30Z</time>
   </trkpt>
   <trkpt lat="39.8060170" lon="-105.5057720">
    <ele>2525.5</ele>
    <time>2026-06-19T18:46:31Z</time>
   </trkpt>
   <trkpt lat="39.8060420" lon="-105.5057970">
    <ele>2525.7</ele>
    <time>2026-06-19T18:46:32Z</time>
   </trkpt>
   <trkpt lat="39.8060470" lon="-105.5058090">
    <ele>2525.8</ele>
    <time>2026-06-19T18:46:33Z</time>
   </trkpt>
   <trkpt lat="39.8060620" lon="-105.5058400">
    <ele>2526.0</ele>
    <time>2026-06-19T18:46:34Z</time>
   </trkpt>
   <trkpt lat="39.8060660" lon="-105.5058500">
    <ele>2526.1</ele>
    <time>2026-06-19T18:46:35Z</time>
   </trkpt>
   <trkpt lat="39.8060780" lon="-105.5058830">
    <ele>2526.3</ele>
    <time>2026-06-19T18:46:36Z</time>
   </trkpt>
   <trkpt lat="39.8060820" lon="-105.5058930">
    <ele>2526.3</ele>
    <time>2026-06-19T18:46:37Z</time>
   </trkpt>
   <trkpt lat="39.8060890" lon="-105.5059130">
    <ele>2526.4</ele>
    <time>2026-06-19T18:46:38Z</time>
   </trkpt>
   <trkpt lat="39.8060900" lon="-105.5059350">
    <ele>2526.6</ele>
    <time>2026-06-19T18:46:39Z</time>
   </trkpt>
   <trkpt lat="39.8061040" lon="-105.5059540">
    <ele>2526.7</ele>
    <time>2026-06-19T18:46:40Z</time>
   </trkpt>
   <trkpt lat="39.8061120" lon="-105.5059730">
    <ele>2526.8</ele>
    <time>2026-06-19T18:46:41Z</time>
   </trkpt>
   <trkpt lat="39.8061240" lon="-105.5060030">
    <ele>2527.0</ele>
    <time>2026-06-19T18:46:42Z</time>
   </trkpt>
   <trkpt lat="39.8061280" lon="-105.5060150">
    <ele>2527.1</ele>
    <time>2026-06-19T18:46:43Z</time>
   </trkpt>
   <trkpt lat="39.8061430" lon="-105.5060470">
    <ele>2527.3</ele>
    <time>2026-06-19T18:46:44Z</time>
   </trkpt>
   <trkpt lat="39.8061480" lon="-105.5060570">
    <ele>2527.3</ele>
    <time>2026-06-19T18:46:45Z</time>
   </trkpt>
   <trkpt lat="39.8061560" lon="-105.5060760">
    <ele>2527.5</ele>
    <time>2026-06-19T18:46:46Z</time>
   </trkpt>
   <trkpt lat="39.8061640" lon="-105.5060970">
    <ele>2527.6</ele>
    <time>2026-06-19T18:46:47Z</time>
   </trkpt>
   <trkpt lat="39.8061740" lon="-105.5061130">
    <ele>2527.7</ele>
    <time>2026-06-19T18:46:48Z</time>
   </trkpt>
   <trkpt lat="39.8061830" lon="-105.5061280">
    <ele>2527.8</ele>
    <time>2026-06-19T18:46:49Z</time>
   </trkpt>
   <trkpt lat="39.8062040" lon="-105.5061370">
    <ele>2528.0</ele>
    <time>2026-06-19T18:46:50Z</time>
   </trkpt>
   <trkpt lat="39.8062130" lon="-105.5061520">
    <ele>2528.1</ele>
    <time>2026-06-19T18:46:51Z</time>
   </trkpt>
   <trkpt lat="39.8062200" lon="-105.5061720">
    <ele>2528.2</ele>
    <time>2026-06-19T18:46:52Z</time>
   </trkpt>
   <trkpt lat="39.8062290" lon="-105.5061910">
    <ele>2528.3</ele>
    <time>2026-06-19T18:46:53Z</time>
   </trkpt>
   <trkpt lat="39.8062430" lon="-105.5062050">
    <ele>2528.4</ele>
    <time>2026-06-19T18:46:54Z</time>
   </trkpt>
   <trkpt lat="39.8062510" lon="-105.5062250">
    <ele>2528.6</ele>
    <time>2026-06-19T18:46:55Z</time>
   </trkpt>
   <trkpt lat="39.8062590" lon="-105.5062450">
    <ele>2528.7</ele>
    <time>2026-06-19T18:46:56Z</time>
   </trkpt>
   <trkpt lat="39.8062760" lon="-105.5062550">
    <ele>2528.8</ele>
    <time>2026-06-19T18:46:57Z</time>
   </trkpt>
   <trkpt lat="39.8062930" lon="-105.5062860">
    <ele>2529.0</ele>
    <time>2026-06-19T18:46:58Z</time>
   </trkpt>
   <trkpt lat="39.8062990" lon="-105.5062950">
    <ele>2529.1</ele>
    <time>2026-06-19T18:46:59Z</time>
   </trkpt>
   <trkpt lat="39.8063090" lon="-105.5063100">
    <ele>2529.2</ele>
    <time>2026-06-19T18:47:00Z</time>
   </trkpt>
   <trkpt lat="39.8063240" lon="-105.5063250">
    <ele>2529.3</ele>
    <time>2026-06-19T18:47:01Z</time>
   </trkpt>
   <trkpt lat="39.8063460" lon="-105.5063490">
    <ele>2529.6</ele>
    <time>2026-06-19T18:47:02Z</time>
   </trkpt>
   <trkpt lat="39.8063530" lon="-105.5063600">
    <ele>2529.6</ele>
    <time>2026-06-19T18:47:03Z</time>
   </trkpt>
   <trkpt lat="39.8063660" lon="-105.5064030">
    <ele>2529.9</ele>
    <time>2026-06-19T18:47:04Z</time>
   </trkpt>
   <trkpt lat="39.8063720" lon="-105.5064160">
    <ele>2530.0</ele>
    <time>2026-06-19T18:47:05Z</time>
   </trkpt>
   <trkpt lat="39.8063830" lon="-105.5064500">
    <ele>2530.2</ele>
    <time>2026-06-19T18:47:06Z</time>
   </trkpt>
   <trkpt lat="39.8063910" lon="-105.5064630">
    <ele>2530.3</ele>
    <time>2026-06-19T18:47:07Z</time>
   </trkpt>
   <trkpt lat="39.8064010" lon="-105.5064820">
    <ele>2530.4</ele>
    <time>2026-06-19T18:47:08Z</time>
   </trkpt>
   <trkpt lat="39.8064130" lon="-105.5064980">
    <ele>2530.5</ele>
    <time>2026-06-19T18:47:09Z</time>
   </trkpt>
   <trkpt lat="39.8064360" lon="-105.5065270">
    <ele>2530.7</ele>
    <time>2026-06-19T18:47:10Z</time>
   </trkpt>
   <trkpt lat="39.8064440" lon="-105.5065390">
    <ele>2530.8</ele>
    <time>2026-06-19T18:47:11Z</time>
   </trkpt>
   <trkpt lat="39.8064590" lon="-105.5065550">
    <ele>2530.9</ele>
    <time>2026-06-19T18:47:12Z</time>
   </trkpt>
   <trkpt lat="39.8064700" lon="-105.5065690">
    <ele>2531.0</ele>
    <time>2026-06-19T18:47:13Z</time>
   </trkpt>
   <trkpt lat="39.8064960" lon="-105.5065910">
    <ele>2531.2</ele>
    <time>2026-06-19T18:47:14Z</time>
   </trkpt>
   <trkpt lat="39.8065080" lon="-105.5065990">
    <ele>2531.3</ele>
    <time>2026-06-19T18:47:15Z</time>
   </trkpt>
   <trkpt lat="39.8065260" lon="-105.5066270">
    <ele>2531.4</ele>
    <time>2026-06-19T18:47:16Z</time>
   </trkpt>
   <trkpt lat="39.8065530" lon="-105.5066870">
    <ele>2531.7</ele>
    <time>2026-06-19T18:47:17Z</time>
   </trkpt>
   <trkpt lat="39.8065380" lon="-105.5067280">
    <ele>2531.9</ele>
    <time>2026-06-19T18:47:18Z</time>
   </trkpt>
   <trkpt lat="39.8065370" lon="-105.5067460">
    <ele>2532.0</ele>
    <time>2026-06-19T18:47:19Z</time>
   </trkpt>
   <trkpt lat="39.8065530" lon="-105.5067530">
    <ele>2532.1</ele>
    <time>2026-06-19T18:47:20Z</time>
   </trkpt>
   <trkpt lat="39.8065600" lon="-105.5067720">
    <ele>2532.2</ele>
    <time>2026-06-19T18:47:21Z</time>
   </trkpt>
   <trkpt lat="39.8065670" lon="-105.5067850">
    <ele>2532.3</ele>
    <time>2026-06-19T18:47:22Z</time>
   </trkpt>
   <trkpt lat="39.8065690" lon="-105.5068150">
    <ele>2532.4</ele>
    <time>2026-06-19T18:47:23Z</time>
   </trkpt>
   <trkpt lat="39.8065940" lon="-105.5068440">
    <ele>2532.6</ele>
    <time>2026-06-19T18:47:24Z</time>
   </trkpt>
   <trkpt lat="39.8066040" lon="-105.5068550">
    <ele>2532.7</ele>
    <time>2026-06-19T18:47:25Z</time>
   </trkpt>
   <trkpt lat="39.8066160" lon="-105.5068820">
    <ele>2532.8</ele>
    <time>2026-06-19T18:47:26Z</time>
   </trkpt>
   <trkpt lat="39.8066240" lon="-105.5068920">
    <ele>2532.9</ele>
    <time>2026-06-19T18:47:27Z</time>
   </trkpt>
   <trkpt lat="39.8066310" lon="-105.5069010">
    <ele>2532.9</ele>
    <time>2026-06-19T18:47:28Z</time>
   </trkpt>
   <trkpt lat="39.8066440" lon="-105.5069320">
    <ele>2533.1</ele>
    <time>2026-06-19T18:47:29Z</time>
   </trkpt>
   <trkpt lat="39.8066500" lon="-105.5069430">
    <ele>2533.2</ele>
    <time>2026-06-19T18:47:30Z</time>
   </trkpt>
   <trkpt lat="39.8066640" lon="-105.5069800">
    <ele>2533.4</ele>
    <time>2026-06-19T18:47:31Z</time>
   </trkpt>
   <trkpt lat="39.8066720" lon="-105.5069940">
    <ele>2533.5</ele>
    <time>2026-06-19T18:47:32Z</time>
   </trkpt>
   <trkpt lat="39.8067010" lon="-105.5070100">
    <ele>2533.7</ele>
    <time>2026-06-19T18:47:33Z</time>
   </trkpt>
   <trkpt lat="39.8067140" lon="-105.5070100">
    <ele>2533.8</ele>
    <time>2026-06-19T18:47:34Z</time>
   </trkpt>
   <trkpt lat="39.8067180" lon="-105.5070450">
    <ele>2534.0</ele>
    <time>2026-06-19T18:47:35Z</time>
   </trkpt>
   <trkpt lat="39.8067360" lon="-105.5070860">
    <ele>2534.3</ele>
    <time>2026-06-19T18:47:36Z</time>
   </trkpt>
   <trkpt lat="39.8067430" lon="-105.5071040">
    <ele>2534.4</ele>
    <time>2026-06-19T18:47:37Z</time>
   </trkpt>
   <trkpt lat="39.8067590" lon="-105.5071140">
    <ele>2534.6</ele>
    <time>2026-06-19T18:47:38Z</time>
   </trkpt>
   <trkpt lat="39.8067570" lon="-105.5071150">
    <ele>2534.6</ele>
    <time>2026-06-19T18:47:39Z</time>
   </trkpt>
   <trkpt lat="39.8067710" lon="-105.5071310">
    <ele>2534.7</ele>
    <time>2026-06-19T18:47:40Z</time>
   </trkpt>
   <trkpt lat="39.8067890" lon="-105.5071780">
    <ele>2535.1</ele>
    <time>2026-06-19T18:47:41Z</time>
   </trkpt>
   <trkpt lat="39.8067980" lon="-105.5072010">
    <ele>2535.3</ele>
    <time>2026-06-19T18:47:42Z</time>
   </trkpt>
   <trkpt lat="39.8068100" lon="-105.5072180">
    <ele>2535.4</ele>
    <time>2026-06-19T18:47:43Z</time>
   </trkpt>
   <trkpt lat="39.8068310" lon="-105.5072420">
    <ele>2535.7</ele>
    <time>2026-06-19T18:47:44Z</time>
   </trkpt>
   <trkpt lat="39.8068350" lon="-105.5072540">
    <ele>2535.8</ele>
    <time>2026-06-19T18:47:45Z</time>
   </trkpt>
   <trkpt lat="39.8068500" lon="-105.5072760">
    <ele>2536.0</ele>
    <time>2026-06-19T18:47:46Z</time>
   </trkpt>
   <trkpt lat="39.8068620" lon="-105.5072820">
    <ele>2536.1</ele>
    <time>2026-06-19T18:47:47Z</time>
   </trkpt>
   <trkpt lat="39.8068660" lon="-105.5072990">
    <ele>2536.3</ele>
    <time>2026-06-19T18:47:48Z</time>
   </trkpt>
   <trkpt lat="39.8068790" lon="-105.5073230">
    <ele>2536.5</ele>
    <time>2026-06-19T18:47:49Z</time>
   </trkpt>
   <trkpt lat="39.8068850" lon="-105.5073490">
    <ele>2536.7</ele>
    <time>2026-06-19T18:47:50Z</time>
   </trkpt>
   <trkpt lat="39.8068960" lon="-105.5073590">
    <ele>2536.9</ele>
    <time>2026-06-19T18:47:51Z</time>
   </trkpt>
   <trkpt lat="39.8069110" lon="-105.5073650">
    <ele>2537.0</ele>
    <time>2026-06-19T18:47:52Z</time>
   </trkpt>
   <trkpt lat="39.8069240" lon="-105.5073800">
    <ele>2537.2</ele>
    <time>2026-06-19T18:47:53Z</time>
   </trkpt>
   <trkpt lat="39.8069320" lon="-105.5074180">
    <ele>2537.6</ele>
    <time>2026-06-19T18:47:54Z</time>
   </trkpt>
   <trkpt lat="39.8069310" lon="-105.5074320">
    <ele>2537.7</ele>
    <time>2026-06-19T18:47:55Z</time>
   </trkpt>
   <trkpt lat="39.8069380" lon="-105.5074710">
    <ele>2538.0</ele>
    <time>2026-06-19T18:47:56Z</time>
   </trkpt>
   <trkpt lat="39.8069450" lon="-105.5074860">
    <ele>2538.2</ele>
    <time>2026-06-19T18:47:58Z</time>
   </trkpt>
   <trkpt lat="39.8069510" lon="-105.5075020">
    <ele>2538.3</ele>
    <time>2026-06-19T18:47:59Z</time>
   </trkpt>
   <trkpt lat="39.8069580" lon="-105.5075170">
    <ele>2538.5</ele>
    <time>2026-06-19T18:48:00Z</time>
   </trkpt>
   <trkpt lat="39.8069680" lon="-105.5075530">
    <ele>2538.8</ele>
    <time>2026-06-19T18:48:01Z</time>
   </trkpt>
   <trkpt lat="39.8069710" lon="-105.5075620">
    <ele>2538.9</ele>
    <time>2026-06-19T18:48:02Z</time>
   </trkpt>
   <trkpt lat="39.8069930" lon="-105.5075860">
    <ele>2539.3</ele>
    <time>2026-06-19T18:48:03Z</time>
   </trkpt>
   <trkpt lat="39.8069980" lon="-105.5075860">
    <ele>2539.3</ele>
    <time>2026-06-19T18:48:04Z</time>
   </trkpt>
   <trkpt lat="39.8070000" lon="-105.5075920">
    <ele>2539.4</ele>
    <time>2026-06-19T18:48:05Z</time>
   </trkpt>
   <trkpt lat="39.8069910" lon="-105.5076010">
    <ele>2539.5</ele>
    <time>2026-06-19T18:48:06Z</time>
   </trkpt>
   <trkpt lat="39.8069890" lon="-105.5075950">
    <ele>2539.6</ele>
    <time>2026-06-19T18:48:07Z</time>
   </trkpt>
   <trkpt lat="39.8069890" lon="-105.5075950">
    <ele>2539.6</ele>
    <time>2026-06-19T18:48:08Z</time>
   </trkpt>
   <trkpt lat="39.8069980" lon="-105.5076000">
    <ele>2539.7</ele>
    <time>2026-06-19T18:48:09Z</time>
   </trkpt>
   <trkpt lat="39.8069960" lon="-105.5075960">
    <ele>2539.7</ele>
    <time>2026-06-19T18:48:10Z</time>
   </trkpt>
   <trkpt lat="39.8069940" lon="-105.5075990">
    <ele>2539.8</ele>
    <time>2026-06-19T18:48:11Z</time>
   </trkpt>
   <trkpt lat="39.8069920" lon="-105.5076020">
    <ele>2539.8</ele>
    <time>2026-06-19T18:48:12Z</time>
   </trkpt>
   <trkpt lat="39.8069900" lon="-105.5076010">
    <ele>2539.8</ele>
    <time>2026-06-19T18:48:13Z</time>
   </trkpt>
   <trkpt lat="39.8069850" lon="-105.5075970">
    <ele>2539.9</ele>
    <time>2026-06-19T18:48:14Z</time>
   </trkpt>
   <trkpt lat="39.8070040" lon="-105.5076300">
    <ele>2540.3</ele>
    <time>2026-06-19T18:48:16Z</time>
   </trkpt>
   <trkpt lat="39.8070180" lon="-105.5076610">
    <ele>2540.6</ele>
    <time>2026-06-19T18:48:17Z</time>
   </trkpt>
   <trkpt lat="39.8069930" lon="-105.5076210">
    <ele>2541.2</ele>
    <time>2026-06-19T18:48:18Z</time>
   </trkpt>
   <trkpt lat="39.8069950" lon="-105.5076140">
    <ele>2541.2</ele>
    <time>2026-06-19T18:48:19Z</time>
   </trkpt>
   <trkpt lat="39.8069970" lon="-105.5076080">
    <ele>2541.3</ele>
    <time>2026-06-19T18:48:20Z</time>
   </trkpt>
   <trkpt lat="39.8069990" lon="-105.5076030">
    <ele>2541.3</ele>
    <time>2026-06-19T18:48:21Z</time>
   </trkpt>
   <trkpt lat="39.8070010" lon="-105.5075980">
    <ele>2541.3</ele>
    <time>2026-06-19T18:48:22Z</time>
   </trkpt>
   <trkpt lat="39.8070030" lon="-105.5075930">
    <ele>2541.3</ele>
    <time>2026-06-19T18:48:23Z</time>
   </trkpt>
   <trkpt lat="39.8070040" lon="-105.5075870">
    <ele>2541.3</ele>
    <time>2026-06-19T18:48:24Z</time>
   </trkpt>
   <trkpt lat="39.8070060" lon="-105.5075820">
    <ele>2541.4</ele>
    <time>2026-06-19T18:48:25Z</time>
   </trkpt>
   <trkpt lat="39.8070080" lon="-105.5075770">
    <ele>2541.4</ele>
    <time>2026-06-19T18:48:26Z</time>
   </trkpt>
   <trkpt lat="39.8070100" lon="-105.5075720">
    <ele>2541.4</ele>
    <time>2026-06-19T18:49:13Z</time>
   </trkpt>
   <trkpt lat="39.8070120" lon="-105.5075660">
    <ele>2541.4</ele>
    <time>2026-06-19T18:49:14Z</time>
   </trkpt>
   <trkpt lat="39.8070140" lon="-105.5075610">
    <ele>2541.4</ele>
    <time>2026-06-19T18:49:15Z</time>
   </trkpt>
   <trkpt lat="39.8070220" lon="-105.5075400">
    <ele>2541.5</ele>
    <time>2026-06-19T18:49:16Z</time>
   </trkpt>
   <trkpt lat="39.8070250" lon="-105.5075500">
    <ele>2541.6</ele>
    <time>2026-06-19T18:49:17Z</time>
   </trkpt>
   <trkpt lat="39.8070370" lon="-105.5075550">
    <ele>2541.7</ele>
    <time>2026-06-19T18:49:18Z</time>
   </trkpt>
   <trkpt lat="39.8070420" lon="-105.5075530">
    <ele>2541.7</ele>
    <time>2026-06-19T18:49:19Z</time>
   </trkpt>
   <trkpt lat="39.8070430" lon="-105.5075350">
    <ele>2541.8</ele>
    <time>2026-06-19T18:49:20Z</time>
   </trkpt>
   <trkpt lat="39.8070360" lon="-105.5075150">
    <ele>2541.9</ele>
    <time>2026-06-19T18:49:21Z</time>
   </trkpt>
   <trkpt lat="39.8070370" lon="-105.5075000">
    <ele>2542.0</ele>
    <time>2026-06-19T18:49:22Z</time>
   </trkpt>
   <trkpt lat="39.8070310" lon="-105.5074730">
    <ele>2542.1</ele>
    <time>2026-06-19T18:49:23Z</time>
   </trkpt>
   <trkpt lat="39.8070310" lon="-105.5074500">
    <ele>2542.3</ele>
    <time>2026-06-19T18:49:24Z</time>
   </trkpt>
   <trkpt lat="39.8070280" lon="-105.5074410">
    <ele>2542.3</ele>
    <time>2026-06-19T18:49:25Z</time>
   </trkpt>
   <trkpt lat="39.8070260" lon="-105.5074320">
    <ele>2542.4</ele>
    <time>2026-06-19T18:49:26Z</time>
   </trkpt>
   <trkpt lat="39.8070230" lon="-105.5074230">
    <ele>2542.4</ele>
    <time>2026-06-19T18:49:27Z</time>
   </trkpt>
   <trkpt lat="39.8070230" lon="-105.5074070">
    <ele>2542.5</ele>
    <time>2026-06-19T18:49:28Z</time>
   </trkpt>
   <trkpt lat="39.8070170" lon="-105.5073940">
    <ele>2542.6</ele>
    <time>2026-06-19T18:49:29Z</time>
   </trkpt>
   <trkpt lat="39.8070160" lon="-105.5073850">
    <ele>2542.7</ele>
    <time>2026-06-19T18:49:30Z</time>
   </trkpt>
   <trkpt lat="39.8070080" lon="-105.5073680">
    <ele>2542.8</ele>
    <time>2026-06-19T18:49:31Z</time>
   </trkpt>
   <trkpt lat="39.8070020" lon="-105.5073520">
    <ele>2542.9</ele>
    <time>2026-06-19T18:49:32Z</time>
   </trkpt>
   <trkpt lat="39.8069980" lon="-105.5073350">
    <ele>2543.0</ele>
    <time>2026-06-19T18:49:33Z</time>
   </trkpt>
   <trkpt lat="39.8069990" lon="-105.5073250">
    <ele>2543.1</ele>
    <time>2026-06-19T18:49:34Z</time>
   </trkpt>
   <trkpt lat="39.8069990" lon="-105.5073140">
    <ele>2543.2</ele>
    <time>2026-06-19T18:49:35Z</time>
   </trkpt>
   <trkpt lat="39.8069990" lon="-105.5073040">
    <ele>2543.2</ele>
    <time>2026-06-19T18:49:36Z</time>
   </trkpt>
   <trkpt lat="39.8069980" lon="-105.5072880">
    <ele>2543.3</ele>
    <time>2026-06-19T18:49:37Z</time>
   </trkpt>
   <trkpt lat="39.8069970" lon="-105.5072700">
    <ele>2543.5</ele>
    <time>2026-06-19T18:49:38Z</time>
   </trkpt>
   <trkpt lat="39.8069910" lon="-105.5072600">
    <ele>2543.5</ele>
    <time>2026-06-19T18:49:39Z</time>
   </trkpt>
   <trkpt lat="39.8069830" lon="-105.5072380">
    <ele>2543.7</ele>
    <time>2026-06-19T18:49:40Z</time>
   </trkpt>
   <trkpt lat="39.8069800" lon="-105.5072290">
    <ele>2543.8</ele>
    <time>2026-06-19T18:49:41Z</time>
   </trkpt>
   <trkpt lat="39.8069760" lon="-105.5072200">
    <ele>2543.9</ele>
    <time>2026-06-19T18:49:42Z</time>
   </trkpt>
   <trkpt lat="39.8069720" lon="-105.5072110">
    <ele>2544.0</ele>
    <time>2026-06-19T18:49:43Z</time>
   </trkpt>
   <trkpt lat="39.8069740" lon="-105.5071770">
    <ele>2544.2</ele>
    <time>2026-06-19T18:49:44Z</time>
   </trkpt>
   <trkpt lat="39.8069740" lon="-105.5071670">
    <ele>2544.3</ele>
    <time>2026-06-19T18:49:45Z</time>
   </trkpt>
   <trkpt lat="39.8069750" lon="-105.5071580">
    <ele>2544.4</ele>
    <time>2026-06-19T18:49:46Z</time>
   </trkpt>
   <trkpt lat="39.8069730" lon="-105.5071430">
    <ele>2544.5</ele>
    <time>2026-06-19T18:49:47Z</time>
   </trkpt>
   <trkpt lat="39.8069780" lon="-105.5071370">
    <ele>2544.6</ele>
    <time>2026-06-19T18:49:48Z</time>
   </trkpt>
   <trkpt lat="39.8069820" lon="-105.5071350">
    <ele>2544.7</ele>
    <time>2026-06-19T18:49:49Z</time>
   </trkpt>
   <trkpt lat="39.8069790" lon="-105.5071210">
    <ele>2544.8</ele>
    <time>2026-06-19T18:49:50Z</time>
   </trkpt>
   <trkpt lat="39.8069780" lon="-105.5071090">
    <ele>2544.9</ele>
    <time>2026-06-19T18:49:51Z</time>
   </trkpt>
   <trkpt lat="39.8069750" lon="-105.5070880">
    <ele>2545.1</ele>
    <time>2026-06-19T18:49:52Z</time>
   </trkpt>
   <trkpt lat="39.8069720" lon="-105.5070830">
    <ele>2545.2</ele>
    <time>2026-06-19T18:49:53Z</time>
   </trkpt>
   <trkpt lat="39.8069690" lon="-105.5070650">
    <ele>2545.4</ele>
    <time>2026-06-19T18:49:54Z</time>
   </trkpt>
   <trkpt lat="39.8069700" lon="-105.5070570">
    <ele>2545.4</ele>
    <time>2026-06-19T18:49:55Z</time>
   </trkpt>
   <trkpt lat="39.8069710" lon="-105.5070440">
    <ele>2545.6</ele>
    <time>2026-06-19T18:49:56Z</time>
   </trkpt>
   <trkpt lat="39.8069720" lon="-105.5070210">
    <ele>2545.8</ele>
    <time>2026-06-19T18:49:57Z</time>
   </trkpt>
   <trkpt lat="39.8069760" lon="-105.5070130">
    <ele>2545.9</ele>
    <time>2026-06-19T18:49:58Z</time>
   </trkpt>
   <trkpt lat="39.8069740" lon="-105.5070020">
    <ele>2546.0</ele>
    <time>2026-06-19T18:49:59Z</time>
   </trkpt>
   <trkpt lat="39.8069710" lon="-105.5069650">
    <ele>2546.3</ele>
    <time>2026-06-19T18:50:00Z</time>
   </trkpt>
   <trkpt lat="39.8069670" lon="-105.5069530">
    <ele>2546.4</ele>
    <time>2026-06-19T18:50:01Z</time>
   </trkpt>
   <trkpt lat="39.8069670" lon="-105.5069420">
    <ele>2546.5</ele>
    <time>2026-06-19T18:50:02Z</time>
   </trkpt>
   <trkpt lat="39.8069680" lon="-105.5069250">
    <ele>2546.7</ele>
    <time>2026-06-19T18:50:03Z</time>
   </trkpt>
   <trkpt lat="39.8069670" lon="-105.5069090">
    <ele>2546.9</ele>
    <time>2026-06-19T18:50:04Z</time>
   </trkpt>
   <trkpt lat="39.8069670" lon="-105.5068960">
    <ele>2547.0</ele>
    <time>2026-06-19T18:50:05Z</time>
   </trkpt>
   <trkpt lat="39.8069760" lon="-105.5068850">
    <ele>2547.1</ele>
    <time>2026-06-19T18:50:06Z</time>
   </trkpt>
   <trkpt lat="39.8069760" lon="-105.5068670">
    <ele>2547.3</ele>
    <time>2026-06-19T18:50:07Z</time>
   </trkpt>
   <trkpt lat="39.8069770" lon="-105.5068500">
    <ele>2547.5</ele>
    <time>2026-06-19T18:50:08Z</time>
   </trkpt>
   <trkpt lat="39.8069780" lon="-105.5068380">
    <ele>2547.6</ele>
    <time>2026-06-19T18:50:09Z</time>
   </trkpt>
   <trkpt lat="39.8069770" lon="-105.5068180">
    <ele>2547.7</ele>
    <time>2026-06-19T18:50:10Z</time>
   </trkpt>
   <trkpt lat="39.8069800" lon="-105.5068050">
    <ele>2547.9</ele>
    <time>2026-06-19T18:50:11Z</time>
   </trkpt>
   <trkpt lat="39.8069760" lon="-105.5067890">
    <ele>2548.0</ele>
    <time>2026-06-19T18:50:12Z</time>
   </trkpt>
   <trkpt lat="39.8069740" lon="-105.5067710">
    <ele>2548.2</ele>
    <time>2026-06-19T18:50:13Z</time>
   </trkpt>
   <trkpt lat="39.8069810" lon="-105.5067470">
    <ele>2548.4</ele>
    <time>2026-06-19T18:50:14Z</time>
   </trkpt>
   <trkpt lat="39.8069720" lon="-105.5067420">
    <ele>2548.5</ele>
    <time>2026-06-19T18:50:15Z</time>
   </trkpt>
   <trkpt lat="39.8069740" lon="-105.5067280">
    <ele>2548.6</ele>
    <time>2026-06-19T18:50:16Z</time>
   </trkpt>
   <trkpt lat="39.8069760" lon="-105.5066930">
    <ele>2548.9</ele>
    <time>2026-06-19T18:50:17Z</time>
   </trkpt>
   <trkpt lat="39.8069770" lon="-105.5066770">
    <ele>2549.1</ele>
    <time>2026-06-19T18:50:18Z</time>
   </trkpt>
   <trkpt lat="39.8069780" lon="-105.5066600">
    <ele>2549.2</ele>
    <time>2026-06-19T18:50:19Z</time>
   </trkpt>
   <trkpt lat="39.8069810" lon="-105.5066630">
    <ele>2549.3</ele>
    <time>2026-06-19T18:50:20Z</time>
   </trkpt>
   <trkpt lat="39.8069680" lon="-105.5066500">
    <ele>2549.5</ele>
    <time>2026-06-19T18:50:21Z</time>
   </trkpt>
   <trkpt lat="39.8069740" lon="-105.5066330">
    <ele>2549.6</ele>
    <time>2026-06-19T18:50:22Z</time>
   </trkpt>
   <trkpt lat="39.8069720" lon="-105.5066220">
    <ele>2549.7</ele>
    <time>2026-06-19T18:50:23Z</time>
   </trkpt>
   <trkpt lat="39.8069650" lon="-105.5066040">
    <ele>2549.9</ele>
    <time>2026-06-19T18:50:24Z</time>
   </trkpt>
   <trkpt lat="39.8069670" lon="-105.5065930">
    <ele>2550.0</ele>
    <time>2026-06-19T18:50:25Z</time>
   </trkpt>
   <trkpt lat="39.8069680" lon="-105.5065810">
    <ele>2550.1</ele>
    <time>2026-06-19T18:50:26Z</time>
   </trkpt>
   <trkpt lat="39.8069700" lon="-105.5065700">
    <ele>2550.2</ele>
    <time>2026-06-19T18:50:27Z</time>
   </trkpt>
   <trkpt lat="39.8069670" lon="-105.5065640">
    <ele>2550.3</ele>
    <time>2026-06-19T18:50:28Z</time>
   </trkpt>
   <trkpt lat="39.8069640" lon="-105.5065540">
    <ele>2550.4</ele>
    <time>2026-06-19T18:50:29Z</time>
   </trkpt>
   <trkpt lat="39.8069610" lon="-105.5065450">
    <ele>2550.4</ele>
    <time>2026-06-19T18:50:30Z</time>
   </trkpt>
   <trkpt lat="39.8069590" lon="-105.5065290">
    <ele>2550.6</ele>
    <time>2026-06-19T18:50:31Z</time>
   </trkpt>
   <trkpt lat="39.8069580" lon="-105.5065090">
    <ele>2550.8</ele>
    <time>2026-06-19T18:50:32Z</time>
   </trkpt>
   <trkpt lat="39.8069560" lon="-105.5064930">
    <ele>2550.9</ele>
    <time>2026-06-19T18:50:33Z</time>
   </trkpt>
   <trkpt lat="39.8069580" lon="-105.5064690">
    <ele>2551.1</ele>
    <time>2026-06-19T18:50:34Z</time>
   </trkpt>
   <trkpt lat="39.8069570" lon="-105.5064550">
    <ele>2551.2</ele>
    <time>2026-06-19T18:50:35Z</time>
   </trkpt>
   <trkpt lat="39.8069550" lon="-105.5064420">
    <ele>2551.3</ele>
    <time>2026-06-19T18:50:36Z</time>
   </trkpt>
   <trkpt lat="39.8069540" lon="-105.5064290">
    <ele>2551.5</ele>
    <time>2026-06-19T18:50:37Z</time>
   </trkpt>
   <trkpt lat="39.8069580" lon="-105.5064130">
    <ele>2551.6</ele>
    <time>2026-06-19T18:50:38Z</time>
   </trkpt>
   <trkpt lat="39.8069570" lon="-105.5064020">
    <ele>2551.7</ele>
    <time>2026-06-19T18:50:39Z</time>
   </trkpt>
   <trkpt lat="39.8069550" lon="-105.5063910">
    <ele>2551.8</ele>
    <time>2026-06-19T18:50:40Z</time>
   </trkpt>
   <trkpt lat="39.8069530" lon="-105.5063800">
    <ele>2551.9</ele>
    <time>2026-06-19T18:50:41Z</time>
   </trkpt>
   <trkpt lat="39.8069530" lon="-105.5063590">
    <ele>2552.1</ele>
    <time>2026-06-19T18:50:42Z</time>
   </trkpt>
   <trkpt lat="39.8069500" lon="-105.5063450">
    <ele>2552.2</ele>
    <time>2026-06-19T18:50:43Z</time>
   </trkpt>
   <trkpt lat="39.8069510" lon="-105.5063380">
    <ele>2552.3</ele>
    <time>2026-06-19T18:50:44Z</time>
   </trkpt>
   <trkpt lat="39.8069510" lon="-105.5063250">
    <ele>2552.4</ele>
    <time>2026-06-19T18:50:45Z</time>
   </trkpt>
   <trkpt lat="39.8069530" lon="-105.5063140">
    <ele>2552.5</ele>
    <time>2026-06-19T18:50:46Z</time>
   </trkpt>
   <trkpt lat="39.8069510" lon="-105.5063110">
    <ele>2552.6</ele>
    <time>2026-06-19T18:50:47Z</time>
   </trkpt>
   <trkpt lat="39.8069480" lon="-105.5063030">
    <ele>2552.7</ele>
    <time>2026-06-19T18:50:48Z</time>
   </trkpt>
   <trkpt lat="39.8069540" lon="-105.5062730">
    <ele>2552.9</ele>
    <time>2026-06-19T18:50:49Z</time>
   </trkpt>
   <trkpt lat="39.8069510" lon="-105.5062600">
    <ele>2553.1</ele>
    <time>2026-06-19T18:50:50Z</time>
   </trkpt>
   <trkpt lat="39.8069460" lon="-105.5062390">
    <ele>2553.3</ele>
    <time>2026-06-19T18:50:51Z</time>
   </trkpt>
   <trkpt lat="39.8069450" lon="-105.5062350">
    <ele>2553.3</ele>
    <time>2026-06-19T18:50:52Z</time>
   </trkpt>
   <trkpt lat="39.8069440" lon="-105.5062310">
    <ele>2553.4</ele>
    <time>2026-06-19T18:50:53Z</time>
   </trkpt>
   <trkpt lat="39.8069440" lon="-105.5062260">
    <ele>2553.4</ele>
    <time>2026-06-19T18:50:54Z</time>
   </trkpt>
   <trkpt lat="39.8069430" lon="-105.5062220">
    <ele>2553.5</ele>
    <time>2026-06-19T18:50:55Z</time>
   </trkpt>
   <trkpt lat="39.8069420" lon="-105.5062180">
    <ele>2553.5</ele>
    <time>2026-06-19T18:50:56Z</time>
   </trkpt>
   <trkpt lat="39.8069410" lon="-105.5062140">
    <ele>2553.6</ele>
    <time>2026-06-19T18:50:57Z</time>
   </trkpt>
   <trkpt lat="39.8069390" lon="-105.5061940">
    <ele>2553.8</ele>
    <time>2026-06-19T18:50:58Z</time>
   </trkpt>
   <trkpt lat="39.8069340" lon="-105.5061980">
    <ele>2553.9</ele>
    <time>2026-06-19T18:50:59Z</time>
   </trkpt>
   <trkpt lat="39.8069260" lon="-105.5061720">
    <ele>2554.1</ele>
    <time>2026-06-19T18:51:00Z</time>
   </trkpt>
   <trkpt lat="39.8069370" lon="-105.5061540">
    <ele>2554.4</ele>
    <time>2026-06-19T18:51:01Z</time>
   </trkpt>
   <trkpt lat="39.8069350" lon="-105.5061450">
    <ele>2554.5</ele>
    <time>2026-06-19T18:51:02Z</time>
   </trkpt>
   <trkpt lat="39.8069270" lon="-105.5061250">
    <ele>2554.7</ele>
    <time>2026-06-19T18:51:03Z</time>
   </trkpt>
   <trkpt lat="39.8069300" lon="-105.5061160">
    <ele>2554.8</ele>
    <time>2026-06-19T18:51:04Z</time>
   </trkpt>
   <trkpt lat="39.8069420" lon="-105.5060950">
    <ele>2555.1</ele>
    <time>2026-06-19T18:51:05Z</time>
   </trkpt>
   <trkpt lat="39.8069330" lon="-105.5060750">
    <ele>2555.4</ele>
    <time>2026-06-19T18:51:06Z</time>
   </trkpt>
   <trkpt lat="39.8069280" lon="-105.5060690">
    <ele>2555.5</ele>
    <time>2026-06-19T18:51:07Z</time>
   </trkpt>
   <trkpt lat="39.8069240" lon="-105.5060620">
    <ele>2555.6</ele>
    <time>2026-06-19T18:51:08Z</time>
   </trkpt>
   <trkpt lat="39.8069190" lon="-105.5060560">
    <ele>2555.7</ele>
    <time>2026-06-19T18:51:09Z</time>
   </trkpt>
   <trkpt lat="39.8069140" lon="-105.5060420">
    <ele>2555.9</ele>
    <time>2026-06-19T18:51:10Z</time>
   </trkpt>
   <trkpt lat="39.8069080" lon="-105.5060370">
    <ele>2556.0</ele>
    <time>2026-06-19T18:51:11Z</time>
   </trkpt>
   <trkpt lat="39.8069050" lon="-105.5060350">
    <ele>2556.0</ele>
    <time>2026-06-19T18:51:12Z</time>
   </trkpt>
   <trkpt lat="39.8068970" lon="-105.5060220">
    <ele>2556.2</ele>
    <time>2026-06-19T18:51:13Z</time>
   </trkpt>
   <trkpt lat="39.8068840" lon="-105.5060180">
    <ele>2556.4</ele>
    <time>2026-06-19T18:51:14Z</time>
   </trkpt>
   <trkpt lat="39.8068800" lon="-105.5060100">
    <ele>2556.6</ele>
    <time>2026-06-19T18:51:15Z</time>
   </trkpt>
   <trkpt lat="39.8068760" lon="-105.5060010">
    <ele>2556.7</ele>
    <time>2026-06-19T18:51:16Z</time>
   </trkpt>
   <trkpt lat="39.8068720" lon="-105.5059930">
    <ele>2556.8</ele>
    <time>2026-06-19T18:51:17Z</time>
   </trkpt>
   <trkpt lat="39.8068680" lon="-105.5059850">
    <ele>2556.9</ele>
    <time>2026-06-19T18:51:18Z</time>
   </trkpt>
   <trkpt lat="39.8068690" lon="-105.5059740">
    <ele>2557.0</ele>
    <time>2026-06-19T18:51:19Z</time>
   </trkpt>
   <trkpt lat="39.8068650" lon="-105.5059630">
    <ele>2557.2</ele>
    <time>2026-06-19T18:51:20Z</time>
   </trkpt>
   <trkpt lat="39.8068600" lon="-105.5059530">
    <ele>2557.3</ele>
    <time>2026-06-19T18:51:21Z</time>
   </trkpt>
   <trkpt lat="39.8068560" lon="-105.5059420">
    <ele>2557.5</ele>
    <time>2026-06-19T18:51:22Z</time>
   </trkpt>
   <trkpt lat="39.8068510" lon="-105.5059320">
    <ele>2557.6</ele>
    <time>2026-06-19T18:51:23Z</time>
   </trkpt>
   <trkpt lat="39.8068510" lon="-105.5059300">
    <ele>2557.6</ele>
    <time>2026-06-19T18:51:24Z</time>
   </trkpt>
   <trkpt lat="39.8068470" lon="-105.5059240">
    <ele>2557.7</ele>
    <time>2026-06-19T18:51:25Z</time>
   </trkpt>
   <trkpt lat="39.8068440" lon="-105.5059170">
    <ele>2557.8</ele>
    <time>2026-06-19T18:51:26Z</time>
   </trkpt>
   <trkpt lat="39.8068380" lon="-105.5059070">
    <ele>2558.0</ele>
    <time>2026-06-19T18:51:27Z</time>
   </trkpt>
   <trkpt lat="39.8068350" lon="-105.5058940">
    <ele>2558.1</ele>
    <time>2026-06-19T18:51:28Z</time>
   </trkpt>
   <trkpt lat="39.8068290" lon="-105.5058710">
    <ele>2558.4</ele>
    <time>2026-06-19T18:51:29Z</time>
   </trkpt>
   <trkpt lat="39.8068270" lon="-105.5058580">
    <ele>2558.6</ele>
    <time>2026-06-19T18:51:30Z</time>
   </trkpt>
   <trkpt lat="39.8068240" lon="-105.5058440">
    <ele>2558.8</ele>
    <time>2026-06-19T18:51:31Z</time>
   </trkpt>
   <trkpt lat="39.8068220" lon="-105.5058310">
    <ele>2558.9</ele>
    <time>2026-06-19T18:51:32Z</time>
   </trkpt>
   <trkpt lat="39.8068130" lon="-105.5058510">
    <ele>2558.9</ele>
    <time>2026-06-19T18:51:33Z</time>
   </trkpt>
   <trkpt lat="39.8068010" lon="-105.5058370">
    <ele>2558.9</ele>
    <time>2026-06-19T18:51:34Z</time>
   </trkpt>
   <trkpt lat="39.8067900" lon="-105.5058220">
    <ele>2558.9</ele>
    <time>2026-06-19T18:51:35Z</time>
   </trkpt>
   <trkpt lat="39.8067760" lon="-105.5058230">
    <ele>2558.8</ele>
    <time>2026-06-19T18:51:36Z</time>
   </trkpt>
   <trkpt lat="39.8067610" lon="-105.5058170">
    <ele>2558.8</ele>
    <time>2026-06-19T18:51:37Z</time>
   </trkpt>
   <trkpt lat="39.8067280" lon="-105.5058030">
    <ele>2558.7</ele>
    <time>2026-06-19T18:51:38Z</time>
   </trkpt>
   <trkpt lat="39.8067110" lon="-105.5057950">
    <ele>2558.7</ele>
    <time>2026-06-19T18:51:39Z</time>
   </trkpt>
   <trkpt lat="39.8066960" lon="-105.5057740">
    <ele>2558.6</ele>
    <time>2026-06-19T18:51:40Z</time>
   </trkpt>
   <trkpt lat="39.8066820" lon="-105.5057600">
    <ele>2558.6</ele>
    <time>2026-06-19T18:51:41Z</time>
   </trkpt>
   <trkpt lat="39.8066480" lon="-105.5057380">
    <ele>2558.5</ele>
    <time>2026-06-19T18:51:42Z</time>
   </trkpt>
   <trkpt lat="39.8066380" lon="-105.5057290">
    <ele>2558.4</ele>
    <time>2026-06-19T18:51:43Z</time>
   </trkpt>
   <trkpt lat="39.8066210" lon="-105.5056790">
    <ele>2558.3</ele>
    <time>2026-06-19T18:51:44Z</time>
   </trkpt>
   <trkpt lat="39.8066070" lon="-105.5056260">
    <ele>2558.1</ele>
    <time>2026-06-19T18:51:45Z</time>
   </trkpt>
   <trkpt lat="39.8066010" lon="-105.5056070">
    <ele>2558.1</ele>
    <time>2026-06-19T18:51:46Z</time>
   </trkpt>
   <trkpt lat="39.8065830" lon="-105.5055490">
    <ele>2557.9</ele>
    <time>2026-06-19T18:51:47Z</time>
   </trkpt>
   <trkpt lat="39.8065580" lon="-105.5054800">
    <ele>2557.6</ele>
    <time>2026-06-19T18:51:48Z</time>
   </trkpt>
   <trkpt lat="39.8065770" lon="-105.5054410">
    <ele>2557.4</ele>
    <time>2026-06-19T18:51:49Z</time>
   </trkpt>
   <trkpt lat="39.8065930" lon="-105.5053900">
    <ele>2557.3</ele>
    <time>2026-06-19T18:51:50Z</time>
   </trkpt>
   <trkpt lat="39.8066090" lon="-105.5053310">
    <ele>2557.0</ele>
    <time>2026-06-19T18:51:51Z</time>
   </trkpt>
   <trkpt lat="39.8066240" lon="-105.5052730">
    <ele>2556.8</ele>
    <time>2026-06-19T18:51:52Z</time>
   </trkpt>
   <trkpt lat="39.8066470" lon="-105.5051950">
    <ele>2556.6</ele>
    <time>2026-06-19T18:51:53Z</time>
   </trkpt>
   <trkpt lat="39.8066550" lon="-105.5051490">
    <ele>2556.4</ele>
    <time>2026-06-19T18:51:54Z</time>
   </trkpt>
   <trkpt lat="39.8066590" lon="-105.5050880">
    <ele>2556.3</ele>
    <time>2026-06-19T18:51:55Z</time>
   </trkpt>
   <trkpt lat="39.8066710" lon="-105.5050300">
    <ele>2556.1</ele>
    <time>2026-06-19T18:51:56Z</time>
   </trkpt>
   <trkpt lat="39.8066950" lon="-105.5049770">
    <ele>2555.9</ele>
    <time>2026-06-19T18:51:57Z</time>
   </trkpt>
   <trkpt lat="39.8067190" lon="-105.5049220">
    <ele>2555.7</ele>
    <time>2026-06-19T18:51:58Z</time>
   </trkpt>
   <trkpt lat="39.8067430" lon="-105.5048650">
    <ele>2555.6</ele>
    <time>2026-06-19T18:51:59Z</time>
   </trkpt>
   <trkpt lat="39.8067660" lon="-105.5048160">
    <ele>2555.4</ele>
    <time>2026-06-19T18:52:00Z</time>
   </trkpt>
   <trkpt lat="39.8067820" lon="-105.5047500">
    <ele>2555.2</ele>
    <time>2026-06-19T18:52:01Z</time>
   </trkpt>
   <trkpt lat="39.8068150" lon="-105.5046980">
    <ele>2555.0</ele>
    <time>2026-06-19T18:52:02Z</time>
   </trkpt>
   <trkpt lat="39.8068250" lon="-105.5046480">
    <ele>2554.8</ele>
    <time>2026-06-19T18:52:03Z</time>
   </trkpt>
   <trkpt lat="39.8068390" lon="-105.5045990">
    <ele>2554.7</ele>
    <time>2026-06-19T18:52:04Z</time>
   </trkpt>
   <trkpt lat="39.8068840" lon="-105.5045350">
    <ele>2554.4</ele>
    <time>2026-06-19T18:52:05Z</time>
   </trkpt>
   <trkpt lat="39.8069370" lon="-105.5044890">
    <ele>2554.2</ele>
    <time>2026-06-19T18:52:06Z</time>
   </trkpt>
   <trkpt lat="39.8069860" lon="-105.5044440">
    <ele>2553.9</ele>
    <time>2026-06-19T18:52:07Z</time>
   </trkpt>
   <trkpt lat="39.8070260" lon="-105.5043880">
    <ele>2553.7</ele>
    <time>2026-06-19T18:52:08Z</time>
   </trkpt>
   <trkpt lat="39.8070620" lon="-105.5043280">
    <ele>2553.5</ele>
    <time>2026-06-19T18:52:10Z</time>
   </trkpt>
   <trkpt lat="39.8070880" lon="-105.5042600">
    <ele>2553.2</ele>
    <time>2026-06-19T18:52:11Z</time>
   </trkpt>
   <trkpt lat="39.8070980" lon="-105.5041950">
    <ele>2553.0</ele>
    <time>2026-06-19T18:52:12Z</time>
   </trkpt>
   <trkpt lat="39.8070990" lon="-105.5041150">
    <ele>2552.9</ele>
    <time>2026-06-19T18:52:13Z</time>
   </trkpt>
   <trkpt lat="39.8070810" lon="-105.5040300">
    <ele>2552.8</ele>
    <time>2026-06-19T18:52:14Z</time>
   </trkpt>
   <trkpt lat="39.8070500" lon="-105.5039650">
    <ele>2552.6</ele>
    <time>2026-06-19T18:52:15Z</time>
   </trkpt>
   <trkpt lat="39.8070240" lon="-105.5039160">
    <ele>2552.5</ele>
    <time>2026-06-19T18:52:16Z</time>
   </trkpt>
   <trkpt lat="39.8069830" lon="-105.5038770">
    <ele>2552.3</ele>
    <time>2026-06-19T18:52:17Z</time>
   </trkpt>
   <trkpt lat="39.8069460" lon="-105.5038440">
    <ele>2552.1</ele>
    <time>2026-06-19T18:52:18Z</time>
   </trkpt>
   <trkpt lat="39.8069000" lon="-105.5038120">
    <ele>2551.9</ele>
    <time>2026-06-19T18:52:19Z</time>
   </trkpt>
   <trkpt lat="39.8068600" lon="-105.5037820">
    <ele>2551.7</ele>
    <time>2026-06-19T18:52:20Z</time>
   </trkpt>
   <trkpt lat="39.8068200" lon="-105.5037540">
    <ele>2551.5</ele>
    <time>2026-06-19T18:52:21Z</time>
   </trkpt>
   <trkpt lat="39.8067800" lon="-105.5037160">
    <ele>2551.3</ele>
    <time>2026-06-19T18:52:22Z</time>
   </trkpt>
   <trkpt lat="39.8067420" lon="-105.5036690">
    <ele>2551.0</ele>
    <time>2026-06-19T18:52:23Z</time>
   </trkpt>
   <trkpt lat="39.8067010" lon="-105.5036270">
    <ele>2550.8</ele>
    <time>2026-06-19T18:52:24Z</time>
   </trkpt>
   <trkpt lat="39.8066530" lon="-105.5035830">
    <ele>2550.6</ele>
    <time>2026-06-19T18:52:25Z</time>
   </trkpt>
   <trkpt lat="39.8066000" lon="-105.5035510">
    <ele>2550.3</ele>
    <time>2026-06-19T18:52:26Z</time>
   </trkpt>
   <trkpt lat="39.8065390" lon="-105.5035410">
    <ele>2550.1</ele>
    <time>2026-06-19T18:52:27Z</time>
   </trkpt>
   <trkpt lat="39.8064760" lon="-105.5035460">
    <ele>2549.8</ele>
    <time>2026-06-19T18:52:28Z</time>
   </trkpt>
   <trkpt lat="39.8064200" lon="-105.5035670">
    <ele>2549.6</ele>
    <time>2026-06-19T18:52:29Z</time>
   </trkpt>
   <trkpt lat="39.8063600" lon="-105.5036010">
    <ele>2549.4</ele>
    <time>2026-06-19T18:52:30Z</time>
   </trkpt>
   <trkpt lat="39.8063030" lon="-105.5036370">
    <ele>2549.1</ele>
    <time>2026-06-19T18:52:31Z</time>
   </trkpt>
   <trkpt lat="39.8062550" lon="-105.5036670">
    <ele>2548.9</ele>
    <time>2026-06-19T18:52:32Z</time>
   </trkpt>
   <trkpt lat="39.8062050" lon="-105.5037030">
    <ele>2548.7</ele>
    <time>2026-06-19T18:52:33Z</time>
   </trkpt>
   <trkpt lat="39.8061490" lon="-105.5037280">
    <ele>2548.4</ele>
    <time>2026-06-19T18:52:34Z</time>
   </trkpt>
   <trkpt lat="39.8060940" lon="-105.5037240">
    <ele>2548.1</ele>
    <time>2026-06-19T18:52:35Z</time>
   </trkpt>
   <trkpt lat="39.8060320" lon="-105.5037180">
    <ele>2547.8</ele>
    <time>2026-06-19T18:52:36Z</time>
   </trkpt>
   <trkpt lat="39.8059770" lon="-105.5037040">
    <ele>2547.6</ele>
    <time>2026-06-19T18:52:37Z</time>
   </trkpt>
   <trkpt lat="39.8059100" lon="-105.5036680">
    <ele>2547.3</ele>
    <time>2026-06-19T18:52:38Z</time>
   </trkpt>
   <trkpt lat="39.8058500" lon="-105.5036400">
    <ele>2547.1</ele>
    <time>2026-06-19T18:52:39Z</time>
   </trkpt>
   <trkpt lat="39.8057960" lon="-105.5036130">
    <ele>2546.9</ele>
    <time>2026-06-19T18:52:40Z</time>
   </trkpt>
   <trkpt lat="39.8057420" lon="-105.5035810">
    <ele>2546.6</ele>
    <time>2026-06-19T18:52:41Z</time>
   </trkpt>
   <trkpt lat="39.8056820" lon="-105.5035570">
    <ele>2546.4</ele>
    <time>2026-06-19T18:52:42Z</time>
   </trkpt>
   <trkpt lat="39.8056230" lon="-105.5035460">
    <ele>2546.2</ele>
    <time>2026-06-19T18:52:43Z</time>
   </trkpt>
   <trkpt lat="39.8055660" lon="-105.5035350">
    <ele>2545.9</ele>
    <time>2026-06-19T18:52:44Z</time>
   </trkpt>
   <trkpt lat="39.8055130" lon="-105.5034910">
    <ele>2545.7</ele>
    <time>2026-06-19T18:52:45Z</time>
   </trkpt>
   <trkpt lat="39.8054550" lon="-105.5034530">
    <ele>2545.4</ele>
    <time>2026-06-19T18:52:46Z</time>
   </trkpt>
   <trkpt lat="39.8053910" lon="-105.5034520">
    <ele>2545.1</ele>
    <time>2026-06-19T18:52:47Z</time>
   </trkpt>
   <trkpt lat="39.8053370" lon="-105.5034170">
    <ele>2544.9</ele>
    <time>2026-06-19T18:52:48Z</time>
   </trkpt>
   <trkpt lat="39.8052820" lon="-105.5033760">
    <ele>2544.6</ele>
    <time>2026-06-19T18:52:49Z</time>
   </trkpt>
   <trkpt lat="39.8052290" lon="-105.5033340">
    <ele>2544.4</ele>
    <time>2026-06-19T18:52:50Z</time>
   </trkpt>
   <trkpt lat="39.8051770" lon="-105.5032910">
    <ele>2544.2</ele>
    <time>2026-06-19T18:52:51Z</time>
   </trkpt>
   <trkpt lat="39.8050910" lon="-105.5031820">
    <ele>2543.6</ele>
    <time>2026-06-19T18:52:52Z</time>
   </trkpt>
   <trkpt lat="39.8050610" lon="-105.5031170">
    <ele>2543.4</ele>
    <time>2026-06-19T18:52:53Z</time>
   </trkpt>
   <trkpt lat="39.8050330" lon="-105.5030510">
    <ele>2543.1</ele>
    <time>2026-06-19T18:52:54Z</time>
   </trkpt>
   <trkpt lat="39.8050080" lon="-105.5029580">
    <ele>2542.8</ele>
    <time>2026-06-19T18:52:55Z</time>
   </trkpt>
   <trkpt lat="39.8049720" lon="-105.5029320">
    <ele>2542.7</ele>
    <time>2026-06-19T18:52:56Z</time>
   </trkpt>
   <trkpt lat="39.8049240" lon="-105.5028870">
    <ele>2542.5</ele>
    <time>2026-06-19T18:52:57Z</time>
   </trkpt>
   <trkpt lat="39.8048730" lon="-105.5028560">
    <ele>2542.2</ele>
    <time>2026-06-19T18:52:58Z</time>
   </trkpt>
   <trkpt lat="39.8048270" lon="-105.5028180">
    <ele>2542.0</ele>
    <time>2026-06-19T18:52:59Z</time>
   </trkpt>
   <trkpt lat="39.8047830" lon="-105.5027740">
    <ele>2541.8</ele>
    <time>2026-06-19T18:53:00Z</time>
   </trkpt>
   <trkpt lat="39.8047410" lon="-105.5027200">
    <ele>2541.6</ele>
    <time>2026-06-19T18:53:01Z</time>
   </trkpt>
   <trkpt lat="39.8047030" lon="-105.5026710">
    <ele>2541.4</ele>
    <time>2026-06-19T18:53:02Z</time>
   </trkpt>
   <trkpt lat="39.8046700" lon="-105.5026130">
    <ele>2541.3</ele>
    <time>2026-06-19T18:53:03Z</time>
   </trkpt>
   <trkpt lat="39.8046310" lon="-105.5025540">
    <ele>2541.1</ele>
    <time>2026-06-19T18:53:04Z</time>
   </trkpt>
   <trkpt lat="39.8045890" lon="-105.5025000">
    <ele>2541.0</ele>
    <time>2026-06-19T18:53:05Z</time>
   </trkpt>
   <trkpt lat="39.8045570" lon="-105.5024490">
    <ele>2540.8</ele>
    <time>2026-06-19T18:53:06Z</time>
   </trkpt>
   <trkpt lat="39.8045410" lon="-105.5023870">
    <ele>2540.6</ele>
    <time>2026-06-19T18:53:07Z</time>
   </trkpt>
   <trkpt lat="39.8045280" lon="-105.5023190">
    <ele>2540.4</ele>
    <time>2026-06-19T18:53:08Z</time>
   </trkpt>
   <trkpt lat="39.8045170" lon="-105.5022510">
    <ele>2540.1</ele>
    <time>2026-06-19T18:53:09Z</time>
   </trkpt>
   <trkpt lat="39.8045070" lon="-105.5021760">
    <ele>2539.9</ele>
    <time>2026-06-19T18:53:10Z</time>
   </trkpt>
   <trkpt lat="39.8044950" lon="-105.5021040">
    <ele>2539.7</ele>
    <time>2026-06-19T18:53:11Z</time>
   </trkpt>
   <trkpt lat="39.8044790" lon="-105.5020320">
    <ele>2539.5</ele>
    <time>2026-06-19T18:53:12Z</time>
   </trkpt>
   <trkpt lat="39.8044630" lon="-105.5019600">
    <ele>2539.3</ele>
    <time>2026-06-19T18:53:13Z</time>
   </trkpt>
   <trkpt lat="39.8044460" lon="-105.5018880">
    <ele>2539.1</ele>
    <time>2026-06-19T18:53:14Z</time>
   </trkpt>
   <trkpt lat="39.8044320" lon="-105.5018190">
    <ele>2538.9</ele>
    <time>2026-06-19T18:53:15Z</time>
   </trkpt>
   <trkpt lat="39.8044130" lon="-105.5017570">
    <ele>2538.6</ele>
    <time>2026-06-19T18:53:16Z</time>
   </trkpt>
   <trkpt lat="39.8044040" lon="-105.5016890">
    <ele>2538.3</ele>
    <time>2026-06-19T18:53:17Z</time>
   </trkpt>
   <trkpt lat="39.8044110" lon="-105.5016240">
    <ele>2538.1</ele>
    <time>2026-06-19T18:53:18Z</time>
   </trkpt>
   <trkpt lat="39.8044170" lon="-105.5015480">
    <ele>2537.8</ele>
    <time>2026-06-19T18:53:19Z</time>
   </trkpt>
   <trkpt lat="39.8044210" lon="-105.5014690">
    <ele>2537.5</ele>
    <time>2026-06-19T18:53:20Z</time>
   </trkpt>
   <trkpt lat="39.8044210" lon="-105.5013960">
    <ele>2537.3</ele>
    <time>2026-06-19T18:53:21Z</time>
   </trkpt>
   <trkpt lat="39.8044240" lon="-105.5013260">
    <ele>2537.1</ele>
    <time>2026-06-19T18:53:22Z</time>
   </trkpt>
   <trkpt lat="39.8044260" lon="-105.5012540">
    <ele>2537.0</ele>
    <time>2026-06-19T18:53:23Z</time>
   </trkpt>
   <trkpt lat="39.8044230" lon="-105.5011800">
    <ele>2536.8</ele>
    <time>2026-06-19T18:53:24Z</time>
   </trkpt>
   <trkpt lat="39.8044230" lon="-105.5011050">
    <ele>2536.7</ele>
    <time>2026-06-19T18:53:25Z</time>
   </trkpt>
   <trkpt lat="39.8044170" lon="-105.5010320">
    <ele>2536.5</ele>
    <time>2026-06-19T18:53:26Z</time>
   </trkpt>
   <trkpt lat="39.8044370" lon="-105.5009730">
    <ele>2536.2</ele>
    <time>2026-06-19T18:53:27Z</time>
   </trkpt>
   <trkpt lat="39.8044490" lon="-105.5009080">
    <ele>2536.0</ele>
    <time>2026-06-19T18:53:28Z</time>
   </trkpt>
   <trkpt lat="39.8044670" lon="-105.5008390">
    <ele>2535.7</ele>
    <time>2026-06-19T18:53:29Z</time>
   </trkpt>
   <trkpt lat="39.8044850" lon="-105.5007700">
    <ele>2535.5</ele>
    <time>2026-06-19T18:53:30Z</time>
   </trkpt>
   <trkpt lat="39.8044980" lon="-105.5006970">
    <ele>2535.2</ele>
    <time>2026-06-19T18:53:31Z</time>
   </trkpt>
   <trkpt lat="39.8045070" lon="-105.5006200">
    <ele>2534.9</ele>
    <time>2026-06-19T18:53:32Z</time>
   </trkpt>
   <trkpt lat="39.8045140" lon="-105.5005510">
    <ele>2534.7</ele>
    <time>2026-06-19T18:53:33Z</time>
   </trkpt>
   <trkpt lat="39.8045310" lon="-105.5004670">
    <ele>2534.4</ele>
    <time>2026-06-19T18:53:34Z</time>
   </trkpt>
   <trkpt lat="39.8045370" lon="-105.5003890">
    <ele>2534.1</ele>
    <time>2026-06-19T18:53:35Z</time>
   </trkpt>
   <trkpt lat="39.8045500" lon="-105.5003100">
    <ele>2533.9</ele>
    <time>2026-06-19T18:53:36Z</time>
   </trkpt>
   <trkpt lat="39.8045500" lon="-105.5002340">
    <ele>2533.8</ele>
    <time>2026-06-19T18:53:37Z</time>
   </trkpt>
   <trkpt lat="39.8045530" lon="-105.5001560">
    <ele>2533.7</ele>
    <time>2026-06-19T18:53:38Z</time>
   </trkpt>
   <trkpt lat="39.8045570" lon="-105.5000840">
    <ele>2533.6</ele>
    <time>2026-06-19T18:53:39Z</time>
   </trkpt>
   <trkpt lat="39.8045580" lon="-105.5000100">
    <ele>2533.6</ele>
    <time>2026-06-19T18:53:40Z</time>
   </trkpt>
   <trkpt lat="39.8045590" lon="-105.4999390">
    <ele>2533.6</ele>
    <time>2026-06-19T18:53:41Z</time>
   </trkpt>
   <trkpt lat="39.8045730" lon="-105.4998750">
    <ele>2533.6</ele>
    <time>2026-06-19T18:53:42Z</time>
   </trkpt>
   <trkpt lat="39.8046040" lon="-105.4998250">
    <ele>2533.6</ele>
    <time>2026-06-19T18:53:43Z</time>
   </trkpt>
   <trkpt lat="39.8046360" lon="-105.4997880">
    <ele>2533.6</ele>
    <time>2026-06-19T18:53:44Z</time>
   </trkpt>
   <trkpt lat="39.8046780" lon="-105.4997680">
    <ele>2533.6</ele>
    <time>2026-06-19T18:53:45Z</time>
   </trkpt>
   <trkpt lat="39.8047210" lon="-105.4997540">
    <ele>2533.5</ele>
    <time>2026-06-19T18:53:46Z</time>
   </trkpt>
   <trkpt lat="39.8047640" lon="-105.4997570">
    <ele>2533.4</ele>
    <time>2026-06-19T18:53:47Z</time>
   </trkpt>
   <trkpt lat="39.8048060" lon="-105.4997690">
    <ele>2533.3</ele>
    <time>2026-06-19T18:53:48Z</time>
   </trkpt>
   <trkpt lat="39.8048450" lon="-105.4997790">
    <ele>2533.2</ele>
    <time>2026-06-19T18:53:49Z</time>
   </trkpt>
   <trkpt lat="39.8048810" lon="-105.4997930">
    <ele>2533.0</ele>
    <time>2026-06-19T18:53:50Z</time>
   </trkpt>
   <trkpt lat="39.8049070" lon="-105.4998190">
    <ele>2532.9</ele>
    <time>2026-06-19T18:53:51Z</time>
   </trkpt>
   <trkpt lat="39.8049600" lon="-105.4998220">
    <ele>2532.7</ele>
    <time>2026-06-19T18:53:52Z</time>
   </trkpt>
   <trkpt lat="39.8050050" lon="-105.4998270">
    <ele>2532.5</ele>
    <time>2026-06-19T18:53:53Z</time>
   </trkpt>
   <trkpt lat="39.8050520" lon="-105.4998330">
    <ele>2532.3</ele>
    <time>2026-06-19T18:53:54Z</time>
   </trkpt>
   <trkpt lat="39.8050930" lon="-105.4998290">
    <ele>2532.2</ele>
    <time>2026-06-19T18:53:55Z</time>
   </trkpt>
   <trkpt lat="39.8051360" lon="-105.4998500">
    <ele>2532.0</ele>
    <time>2026-06-19T18:53:56Z</time>
   </trkpt>
   <trkpt lat="39.8051840" lon="-105.4998680">
    <ele>2531.8</ele>
    <time>2026-06-19T18:53:57Z</time>
   </trkpt>
   <trkpt lat="39.8052340" lon="-105.4999010">
    <ele>2531.6</ele>
    <time>2026-06-19T18:53:58Z</time>
   </trkpt>
   <trkpt lat="39.8052820" lon="-105.4999150">
    <ele>2531.4</ele>
    <time>2026-06-19T18:53:59Z</time>
   </trkpt>
   <trkpt lat="39.8053180" lon="-105.4999250">
    <ele>2531.3</ele>
    <time>2026-06-19T18:54:00Z</time>
   </trkpt>
   <trkpt lat="39.8053890" lon="-105.4999210">
    <ele>2531.1</ele>
    <time>2026-06-19T18:54:01Z</time>
   </trkpt>
   <trkpt lat="39.8054480" lon="-105.4999400">
    <ele>2530.9</ele>
    <time>2026-06-19T18:54:02Z</time>
   </trkpt>
   <trkpt lat="39.8055010" lon="-105.4999630">
    <ele>2530.8</ele>
    <time>2026-06-19T18:54:03Z</time>
   </trkpt>
   <trkpt lat="39.8055480" lon="-105.4999600">
    <ele>2530.7</ele>
    <time>2026-06-19T18:54:04Z</time>
   </trkpt>
   <trkpt lat="39.8056040" lon="-105.4999320">
    <ele>2530.6</ele>
    <time>2026-06-19T18:54:05Z</time>
   </trkpt>
   <trkpt lat="39.8056300" lon="-105.4998820">
    <ele>2530.5</ele>
    <time>2026-06-19T18:54:06Z</time>
   </trkpt>
   <trkpt lat="39.8056930" lon="-105.4998850">
    <ele>2530.2</ele>
    <time>2026-06-19T18:54:07Z</time>
   </trkpt>
   <trkpt lat="39.8057340" lon="-105.4998370">
    <ele>2530.0</ele>
    <time>2026-06-19T18:54:08Z</time>
   </trkpt>
   <trkpt lat="39.8057760" lon="-105.4997980">
    <ele>2529.8</ele>
    <time>2026-06-19T18:54:09Z</time>
   </trkpt>
   <trkpt lat="39.8058210" lon="-105.4997580">
    <ele>2529.6</ele>
    <time>2026-06-19T18:54:10Z</time>
   </trkpt>
   <trkpt lat="39.8058620" lon="-105.4997060">
    <ele>2529.3</ele>
    <time>2026-06-19T18:54:11Z</time>
   </trkpt>
   <trkpt lat="39.8058990" lon="-105.4996410">
    <ele>2529.0</ele>
    <time>2026-06-19T18:54:12Z</time>
   </trkpt>
   <trkpt lat="39.8059280" lon="-105.4995810">
    <ele>2528.8</ele>
    <time>2026-06-19T18:54:13Z</time>
   </trkpt>
   <trkpt lat="39.8059520" lon="-105.4995060">
    <ele>2528.5</ele>
    <time>2026-06-19T18:54:14Z</time>
   </trkpt>
   <trkpt lat="39.8059600" lon="-105.4994270">
    <ele>2528.3</ele>
    <time>2026-06-19T18:54:16Z</time>
   </trkpt>
   <trkpt lat="39.8059800" lon="-105.4993570">
    <ele>2528.1</ele>
    <time>2026-06-19T18:54:17Z</time>
   </trkpt>
   <trkpt lat="39.8060200" lon="-105.4992930">
    <ele>2527.8</ele>
    <time>2026-06-19T18:54:18Z</time>
   </trkpt>
   <trkpt lat="39.8060680" lon="-105.4992370">
    <ele>2527.6</ele>
    <time>2026-06-19T18:54:19Z</time>
   </trkpt>
   <trkpt lat="39.8061210" lon="-105.4991900">
    <ele>2527.3</ele>
    <time>2026-06-19T18:54:20Z</time>
   </trkpt>
   <trkpt lat="39.8061690" lon="-105.4991390">
    <ele>2527.1</ele>
    <time>2026-06-19T18:54:21Z</time>
   </trkpt>
   <trkpt lat="39.8062180" lon="-105.4990860">
    <ele>2526.8</ele>
    <time>2026-06-19T18:54:22Z</time>
   </trkpt>
   <trkpt lat="39.8062670" lon="-105.4990370">
    <ele>2526.6</ele>
    <time>2026-06-19T18:54:23Z</time>
   </trkpt>
   <trkpt lat="39.8063210" lon="-105.4989850">
    <ele>2526.4</ele>
    <time>2026-06-19T18:54:24Z</time>
   </trkpt>
   <trkpt lat="39.8063850" lon="-105.4989420">
    <ele>2526.2</ele>
    <time>2026-06-19T18:54:25Z</time>
   </trkpt>
   <trkpt lat="39.8064430" lon="-105.4988930">
    <ele>2526.0</ele>
    <time>2026-06-19T18:54:26Z</time>
   </trkpt>
   <trkpt lat="39.8064890" lon="-105.4988330">
    <ele>2525.9</ele>
    <time>2026-06-19T18:54:27Z</time>
   </trkpt>
   <trkpt lat="39.8065500" lon="-105.4987940">
    <ele>2525.7</ele>
    <time>2026-06-19T18:54:28Z</time>
   </trkpt>
   <trkpt lat="39.8066060" lon="-105.4987450">
    <ele>2525.5</ele>
    <time>2026-06-19T18:54:29Z</time>
   </trkpt>
   <trkpt lat="39.8066630" lon="-105.4987110">
    <ele>2525.3</ele>
    <time>2026-06-19T18:54:30Z</time>
   </trkpt>
   <trkpt lat="39.8067280" lon="-105.4986960">
    <ele>2525.0</ele>
    <time>2026-06-19T18:54:31Z</time>
   </trkpt>
   <trkpt lat="39.8068000" lon="-105.4986930">
    <ele>2524.7</ele>
    <time>2026-06-19T18:54:32Z</time>
   </trkpt>
   <trkpt lat="39.8068700" lon="-105.4986940">
    <ele>2524.4</ele>
    <time>2026-06-19T18:54:33Z</time>
   </trkpt>
   <trkpt lat="39.8069350" lon="-105.4986990">
    <ele>2524.2</ele>
    <time>2026-06-19T18:54:34Z</time>
   </trkpt>
   <trkpt lat="39.8069910" lon="-105.4986790">
    <ele>2524.0</ele>
    <time>2026-06-19T18:54:35Z</time>
   </trkpt>
   <trkpt lat="39.8070410" lon="-105.4986490">
    <ele>2523.8</ele>
    <time>2026-06-19T18:54:36Z</time>
   </trkpt>
   <trkpt lat="39.8070810" lon="-105.4986250">
    <ele>2523.6</ele>
    <time>2026-06-19T18:54:37Z</time>
   </trkpt>
   <trkpt lat="39.8071260" lon="-105.4985620">
    <ele>2523.4</ele>
    <time>2026-06-19T18:54:38Z</time>
   </trkpt>
   <trkpt lat="39.8071650" lon="-105.4985320">
    <ele>2523.2</ele>
    <time>2026-06-19T18:54:39Z</time>
   </trkpt>
   <trkpt lat="39.8072230" lon="-105.4984920">
    <ele>2523.0</ele>
    <time>2026-06-19T18:54:40Z</time>
   </trkpt>
   <trkpt lat="39.8072860" lon="-105.4984520">
    <ele>2522.7</ele>
    <time>2026-06-19T18:54:41Z</time>
   </trkpt>
   <trkpt lat="39.8073140" lon="-105.4983920">
    <ele>2522.5</ele>
    <time>2026-06-19T18:54:42Z</time>
   </trkpt>
   <trkpt lat="39.8073660" lon="-105.4983440">
    <ele>2522.3</ele>
    <time>2026-06-19T18:54:43Z</time>
   </trkpt>
   <trkpt lat="39.8074280" lon="-105.4983230">
    <ele>2522.1</ele>
    <time>2026-06-19T18:54:44Z</time>
   </trkpt>
   <trkpt lat="39.8074910" lon="-105.4983080">
    <ele>2521.9</ele>
    <time>2026-06-19T18:54:45Z</time>
   </trkpt>
   <trkpt lat="39.8075520" lon="-105.4982990">
    <ele>2521.7</ele>
    <time>2026-06-19T18:54:46Z</time>
   </trkpt>
   <trkpt lat="39.8076070" lon="-105.4982920">
    <ele>2521.5</ele>
    <time>2026-06-19T18:54:47Z</time>
   </trkpt>
   <trkpt lat="39.8076700" lon="-105.4982790">
    <ele>2521.3</ele>
    <time>2026-06-19T18:54:48Z</time>
   </trkpt>
   <trkpt lat="39.8077380" lon="-105.4982850">
    <ele>2521.0</ele>
    <time>2026-06-19T18:54:49Z</time>
   </trkpt>
   <trkpt lat="39.8078020" lon="-105.4982980">
    <ele>2520.8</ele>
    <time>2026-06-19T18:54:50Z</time>
   </trkpt>
   <trkpt lat="39.8078640" lon="-105.4983010">
    <ele>2520.6</ele>
    <time>2026-06-19T18:54:51Z</time>
   </trkpt>
   <trkpt lat="39.8079280" lon="-105.4983100">
    <ele>2520.3</ele>
    <time>2026-06-19T18:54:52Z</time>
   </trkpt>
   <trkpt lat="39.8079830" lon="-105.4982940">
    <ele>2520.2</ele>
    <time>2026-06-19T18:54:53Z</time>
   </trkpt>
   <trkpt lat="39.8080340" lon="-105.4982900">
    <ele>2520.0</ele>
    <time>2026-06-19T18:54:54Z</time>
   </trkpt>
   <trkpt lat="39.8080790" lon="-105.4982740">
    <ele>2519.8</ele>
    <time>2026-06-19T18:54:55Z</time>
   </trkpt>
   <trkpt lat="39.8081540" lon="-105.4982870">
    <ele>2519.6</ele>
    <time>2026-06-19T18:54:56Z</time>
   </trkpt>
   <trkpt lat="39.8082040" lon="-105.4982710">
    <ele>2519.4</ele>
    <time>2026-06-19T18:54:57Z</time>
   </trkpt>
   <trkpt lat="39.8082550" lon="-105.4982880">
    <ele>2519.2</ele>
    <time>2026-06-19T18:54:58Z</time>
   </trkpt>
   <trkpt lat="39.8082970" lon="-105.4983140">
    <ele>2519.1</ele>
    <time>2026-06-19T18:54:59Z</time>
   </trkpt>
   <trkpt lat="39.8083570" lon="-105.4983590">
    <ele>2518.8</ele>
    <time>2026-06-19T18:55:00Z</time>
   </trkpt>
   <trkpt lat="39.8084100" lon="-105.4983660">
    <ele>2518.6</ele>
    <time>2026-06-19T18:55:01Z</time>
   </trkpt>
   <trkpt lat="39.8084670" lon="-105.4984040">
    <ele>2518.4</ele>
    <time>2026-06-19T18:55:02Z</time>
   </trkpt>
   <trkpt lat="39.8085320" lon="-105.4984780">
    <ele>2518.1</ele>
    <time>2026-06-19T18:55:03Z</time>
   </trkpt>
   <trkpt lat="39.8085780" lon="-105.4985180">
    <ele>2517.9</ele>
    <time>2026-06-19T18:55:04Z</time>
   </trkpt>
   <trkpt lat="39.8086370" lon="-105.4985670">
    <ele>2517.7</ele>
    <time>2026-06-19T18:55:05Z</time>
   </trkpt>
   <trkpt lat="39.8086870" lon="-105.4986180">
    <ele>2517.5</ele>
    <time>2026-06-19T18:55:06Z</time>
   </trkpt>
   <trkpt lat="39.8087410" lon="-105.4986580">
    <ele>2517.3</ele>
    <time>2026-06-19T18:55:07Z</time>
   </trkpt>
   <trkpt lat="39.8087940" lon="-105.4986870">
    <ele>2517.1</ele>
    <time>2026-06-19T18:55:08Z</time>
   </trkpt>
   <trkpt lat="39.8088600" lon="-105.4987200">
    <ele>2516.9</ele>
    <time>2026-06-19T18:55:09Z</time>
   </trkpt>
   <trkpt lat="39.8089210" lon="-105.4987470">
    <ele>2516.6</ele>
    <time>2026-06-19T18:55:10Z</time>
   </trkpt>
   <trkpt lat="39.8089770" lon="-105.4987710">
    <ele>2516.4</ele>
    <time>2026-06-19T18:55:11Z</time>
   </trkpt>
   <trkpt lat="39.8090390" lon="-105.4987780">
    <ele>2516.1</ele>
    <time>2026-06-19T18:55:12Z</time>
   </trkpt>
   <trkpt lat="39.8091050" lon="-105.4988010">
    <ele>2515.8</ele>
    <time>2026-06-19T18:55:13Z</time>
   </trkpt>
   <trkpt lat="39.8091790" lon="-105.4988190">
    <ele>2515.6</ele>
    <time>2026-06-19T18:55:14Z</time>
   </trkpt>
   <trkpt lat="39.8092440" lon="-105.4988090">
    <ele>2515.3</ele>
    <time>2026-06-19T18:55:15Z</time>
   </trkpt>
   <trkpt lat="39.8093670" lon="-105.4987750">
    <ele>2514.8</ele>
    <time>2026-06-19T18:55:16Z</time>
   </trkpt>
   <trkpt lat="39.8094390" lon="-105.4987790">
    <ele>2514.6</ele>
    <time>2026-06-19T18:55:17Z</time>
   </trkpt>
   <trkpt lat="39.8095000" lon="-105.4987570">
    <ele>2514.3</ele>
    <time>2026-06-19T18:55:18Z</time>
   </trkpt>
   <trkpt lat="39.8095400" lon="-105.4987400">
    <ele>2514.2</ele>
    <time>2026-06-19T18:55:19Z</time>
   </trkpt>
   <trkpt lat="39.8096000" lon="-105.4986950">
    <ele>2513.9</ele>
    <time>2026-06-19T18:55:20Z</time>
   </trkpt>
   <trkpt lat="39.8096590" lon="-105.4986570">
    <ele>2513.7</ele>
    <time>2026-06-19T18:55:21Z</time>
   </trkpt>
   <trkpt lat="39.8097110" lon="-105.4986440">
    <ele>2513.5</ele>
    <time>2026-06-19T18:55:22Z</time>
   </trkpt>
   <trkpt lat="39.8097550" lon="-105.4986290">
    <ele>2513.3</ele>
    <time>2026-06-19T18:55:23Z</time>
   </trkpt>
   <trkpt lat="39.8098200" lon="-105.4986210">
    <ele>2513.1</ele>
    <time>2026-06-19T18:55:24Z</time>
   </trkpt>
   <trkpt lat="39.8098760" lon="-105.4986100">
    <ele>2512.9</ele>
    <time>2026-06-19T18:55:25Z</time>
   </trkpt>
   <trkpt lat="39.8099430" lon="-105.4986290">
    <ele>2512.6</ele>
    <time>2026-06-19T18:55:26Z</time>
   </trkpt>
   <trkpt lat="39.8100190" lon="-105.4986320">
    <ele>2512.3</ele>
    <time>2026-06-19T18:55:27Z</time>
   </trkpt>
   <trkpt lat="39.8100810" lon="-105.4986320">
    <ele>2512.2</ele>
    <time>2026-06-19T18:55:28Z</time>
   </trkpt>
   <trkpt lat="39.8101510" lon="-105.4986100">
    <ele>2512.0</ele>
    <time>2026-06-19T18:55:29Z</time>
   </trkpt>
   <trkpt lat="39.8102140" lon="-105.4985830">
    <ele>2512.0</ele>
    <time>2026-06-19T18:55:30Z</time>
   </trkpt>
   <trkpt lat="39.8102790" lon="-105.4985560">
    <ele>2511.9</ele>
    <time>2026-06-19T18:55:31Z</time>
   </trkpt>
   <trkpt lat="39.8103310" lon="-105.4985160">
    <ele>2511.6</ele>
    <time>2026-06-19T18:55:32Z</time>
   </trkpt>
   <trkpt lat="39.8103710" lon="-105.4984710">
    <ele>2511.4</ele>
    <time>2026-06-19T18:55:33Z</time>
   </trkpt>
   <trkpt lat="39.8104180" lon="-105.4984220">
    <ele>2511.1</ele>
    <time>2026-06-19T18:55:34Z</time>
   </trkpt>
   <trkpt lat="39.8104590" lon="-105.4983820">
    <ele>2510.8</ele>
    <time>2026-06-19T18:55:35Z</time>
   </trkpt>
   <trkpt lat="39.8105060" lon="-105.4983390">
    <ele>2510.6</ele>
    <time>2026-06-19T18:55:36Z</time>
   </trkpt>
   <trkpt lat="39.8105420" lon="-105.4983040">
    <ele>2510.4</ele>
    <time>2026-06-19T18:55:37Z</time>
   </trkpt>
   <trkpt lat="39.8105780" lon="-105.4982780">
    <ele>2510.2</ele>
    <time>2026-06-19T18:55:38Z</time>
   </trkpt>
   <trkpt lat="39.8106140" lon="-105.4982460">
    <ele>2510.1</ele>
    <time>2026-06-19T18:55:39Z</time>
   </trkpt>
   <trkpt lat="39.8106320" lon="-105.4982360">
    <ele>2510.0</ele>
    <time>2026-06-19T18:55:40Z</time>
   </trkpt>
   <trkpt lat="39.8106640" lon="-105.4982200">
    <ele>2509.9</ele>
    <time>2026-06-19T18:55:41Z</time>
   </trkpt>
   <trkpt lat="39.8106900" lon="-105.4982040">
    <ele>2509.8</ele>
    <time>2026-06-19T18:55:42Z</time>
   </trkpt>
   <trkpt lat="39.8107110" lon="-105.4981810">
    <ele>2509.7</ele>
    <time>2026-06-19T18:55:43Z</time>
   </trkpt>
   <trkpt lat="39.8107390" lon="-105.4981570">
    <ele>2509.6</ele>
    <time>2026-06-19T18:55:44Z</time>
   </trkpt>
   <trkpt lat="39.8107720" lon="-105.4981380">
    <ele>2509.5</ele>
    <time>2026-06-19T18:55:45Z</time>
   </trkpt>
   <trkpt lat="39.8107940" lon="-105.4981050">
    <ele>2509.4</ele>
    <time>2026-06-19T18:55:46Z</time>
   </trkpt>
   <trkpt lat="39.8108310" lon="-105.4980940">
    <ele>2509.2</ele>
    <time>2026-06-19T18:55:47Z</time>
   </trkpt>
   <trkpt lat="39.8108690" lon="-105.4980680">
    <ele>2509.1</ele>
    <time>2026-06-19T18:55:48Z</time>
   </trkpt>
   <trkpt lat="39.8109000" lon="-105.4980310">
    <ele>2508.9</ele>
    <time>2026-06-19T18:55:49Z</time>
   </trkpt>
   <trkpt lat="39.8109320" lon="-105.4980020">
    <ele>2508.7</ele>
    <time>2026-06-19T18:55:50Z</time>
   </trkpt>
   <trkpt lat="39.8109660" lon="-105.4979510">
    <ele>2508.5</ele>
    <time>2026-06-19T18:55:51Z</time>
   </trkpt>
   <trkpt lat="39.8109950" lon="-105.4979020">
    <ele>2508.4</ele>
    <time>2026-06-19T18:55:52Z</time>
   </trkpt>
   <trkpt lat="39.8110210" lon="-105.4978450">
    <ele>2508.2</ele>
    <time>2026-06-19T18:55:53Z</time>
   </trkpt>
   <trkpt lat="39.8110490" lon="-105.4977960">
    <ele>2508.0</ele>
    <time>2026-06-19T18:55:54Z</time>
   </trkpt>
   <trkpt lat="39.8110760" lon="-105.4977270">
    <ele>2507.8</ele>
    <time>2026-06-19T18:55:55Z</time>
   </trkpt>
   <trkpt lat="39.8110980" lon="-105.4976620">
    <ele>2507.7</ele>
    <time>2026-06-19T18:55:56Z</time>
   </trkpt>
   <trkpt lat="39.8111350" lon="-105.4976050">
    <ele>2507.6</ele>
    <time>2026-06-19T18:55:57Z</time>
   </trkpt>
   <trkpt lat="39.8111740" lon="-105.4975390">
    <ele>2507.6</ele>
    <time>2026-06-19T18:55:58Z</time>
   </trkpt>
   <trkpt lat="39.8112150" lon="-105.4974810">
    <ele>2507.6</ele>
    <time>2026-06-19T18:55:59Z</time>
   </trkpt>
   <trkpt lat="39.8112550" lon="-105.4974530">
    <ele>2507.7</ele>
    <time>2026-06-19T18:56:00Z</time>
   </trkpt>
   <trkpt lat="39.8112920" lon="-105.4974050">
    <ele>2507.8</ele>
    <time>2026-06-19T18:56:01Z</time>
   </trkpt>
   <trkpt lat="39.8113190" lon="-105.4973640">
    <ele>2507.9</ele>
    <time>2026-06-19T18:56:02Z</time>
   </trkpt>
   <trkpt lat="39.8113210" lon="-105.4973150">
    <ele>2507.9</ele>
    <time>2026-06-19T18:56:03Z</time>
   </trkpt>
   <trkpt lat="39.8113160" lon="-105.4972750">
    <ele>2507.9</ele>
    <time>2026-06-19T18:56:04Z</time>
   </trkpt>
   <trkpt lat="39.8113190" lon="-105.4972350">
    <ele>2507.9</ele>
    <time>2026-06-19T18:56:05Z</time>
   </trkpt>
   <trkpt lat="39.8113340" lon="-105.4972040">
    <ele>2507.9</ele>
    <time>2026-06-19T18:56:06Z</time>
   </trkpt>
   <trkpt lat="39.8113310" lon="-105.4971690">
    <ele>2507.9</ele>
    <time>2026-06-19T18:56:07Z</time>
   </trkpt>
   <trkpt lat="39.8113260" lon="-105.4971310">
    <ele>2507.9</ele>
    <time>2026-06-19T18:56:08Z</time>
   </trkpt>
   <trkpt lat="39.8113220" lon="-105.4970920">
    <ele>2507.9</ele>
    <time>2026-06-19T18:56:09Z</time>
   </trkpt>
   <trkpt lat="39.8113230" lon="-105.4970520">
    <ele>2507.9</ele>
    <time>2026-06-19T18:56:10Z</time>
   </trkpt>
   <trkpt lat="39.8113210" lon="-105.4970120">
    <ele>2507.9</ele>
    <time>2026-06-19T18:56:11Z</time>
   </trkpt>
   <trkpt lat="39.8113140" lon="-105.4969740">
    <ele>2507.9</ele>
    <time>2026-06-19T18:56:12Z</time>
   </trkpt>
   <trkpt lat="39.8113110" lon="-105.4969220">
    <ele>2507.9</ele>
    <time>2026-06-19T18:56:13Z</time>
   </trkpt>
   <trkpt lat="39.8113100" lon="-105.4969030">
    <ele>2507.9</ele>
    <time>2026-06-19T18:56:14Z</time>
   </trkpt>
   <trkpt lat="39.8113080" lon="-105.4968360">
    <ele>2507.8</ele>
    <time>2026-06-19T18:56:15Z</time>
   </trkpt>
   <trkpt lat="39.8113030" lon="-105.4967940">
    <ele>2507.8</ele>
    <time>2026-06-19T18:56:16Z</time>
   </trkpt>
   <trkpt lat="39.8112950" lon="-105.4967520">
    <ele>2507.8</ele>
    <time>2026-06-19T18:56:17Z</time>
   </trkpt>
   <trkpt lat="39.8112750" lon="-105.4967210">
    <ele>2507.8</ele>
    <time>2026-06-19T18:56:18Z</time>
   </trkpt>
   <trkpt lat="39.8112460" lon="-105.4966970">
    <ele>2507.7</ele>
    <time>2026-06-19T18:56:19Z</time>
   </trkpt>
   <trkpt lat="39.8112150" lon="-105.4966740">
    <ele>2507.7</ele>
    <time>2026-06-19T18:56:20Z</time>
   </trkpt>
   <trkpt lat="39.8111860" lon="-105.4966340">
    <ele>2507.6</ele>
    <time>2026-06-19T18:56:22Z</time>
   </trkpt>
   <trkpt lat="39.8111610" lon="-105.4965220">
    <ele>2507.4</ele>
    <time>2026-06-19T18:56:23Z</time>
   </trkpt>
   <trkpt lat="39.8111820" lon="-105.4964580">
    <ele>2507.2</ele>
    <time>2026-06-19T18:56:25Z</time>
   </trkpt>
   <trkpt lat="39.8112250" lon="-105.4964130">
    <ele>2507.1</ele>
    <time>2026-06-19T18:56:26Z</time>
   </trkpt>
   <trkpt lat="39.8112830" lon="-105.4964030">
    <ele>2506.9</ele>
    <time>2026-06-19T18:56:27Z</time>
   </trkpt>
   <trkpt lat="39.8113330" lon="-105.4964360">
    <ele>2506.8</ele>
    <time>2026-06-19T18:56:28Z</time>
   </trkpt>
   <trkpt lat="39.8113720" lon="-105.4964830">
    <ele>2506.7</ele>
    <time>2026-06-19T18:56:29Z</time>
   </trkpt>
   <trkpt lat="39.8114100" lon="-105.4965120">
    <ele>2506.7</ele>
    <time>2026-06-19T18:56:30Z</time>
   </trkpt>
   <trkpt lat="39.8114330" lon="-105.4965480">
    <ele>2506.6</ele>
    <time>2026-06-19T18:56:31Z</time>
   </trkpt>
   <trkpt lat="39.8114510" lon="-105.4965780">
    <ele>2506.6</ele>
    <time>2026-06-19T18:56:32Z</time>
   </trkpt>
   <trkpt lat="39.8114810" lon="-105.4966230">
    <ele>2506.6</ele>
    <time>2026-06-19T18:56:33Z</time>
   </trkpt>
   <trkpt lat="39.8114680" lon="-105.4966620">
    <ele>2506.5</ele>
    <time>2026-06-19T18:56:34Z</time>
   </trkpt>
   <trkpt lat="39.8114320" lon="-105.4966670">
    <ele>2506.5</ele>
    <time>2026-06-19T18:56:35Z</time>
   </trkpt>
   <trkpt lat="39.8114060" lon="-105.4966430">
    <ele>2506.5</ele>
    <time>2026-06-19T18:56:36Z</time>
   </trkpt>
   <trkpt lat="39.8113970" lon="-105.4966070">
    <ele>2506.5</ele>
    <time>2026-06-19T18:56:37Z</time>
   </trkpt>
   <trkpt lat="39.8113960" lon="-105.4965950">
    <ele>2506.5</ele>
    <time>2026-06-19T18:56:38Z</time>
   </trkpt>
   <trkpt lat="39.8113850" lon="-105.4965900">
    <ele>2506.5</ele>
    <time>2026-06-19T18:56:39Z</time>
   </trkpt>
   <trkpt lat="39.8113820" lon="-105.4965880">
    <ele>2506.5</ele>
    <time>2026-06-19T18:56:40Z</time>
   </trkpt>
   <trkpt lat="39.8113800" lon="-105.4965860">
    <ele>2506.5</ele>
    <time>2026-06-19T18:56:41Z</time>
   </trkpt>
   <trkpt lat="39.8113770" lon="-105.4965840">
    <ele>2506.5</ele>
    <time>2026-06-19T18:56:42Z</time>
   </trkpt>
   <trkpt lat="39.8113750" lon="-105.4965820">
    <ele>2506.5</ele>
    <time>2026-06-19T18:56:43Z</time>
   </trkpt>
   <trkpt lat="39.8113720" lon="-105.4965800">
    <ele>2506.5</ele>
    <time>2026-06-19T18:56:44Z</time>
   </trkpt>
   <trkpt lat="39.8113700" lon="-105.4965780">
    <ele>2506.5</ele>
    <time>2026-06-19T18:56:45Z</time>
   </trkpt>
   <trkpt lat="39.8113670" lon="-105.4965750">
    <ele>2506.5</ele>
    <time>2026-06-19T18:56:46Z</time>
   </trkpt>
   <trkpt lat="39.8113650" lon="-105.4965730">
    <ele>2506.5</ele>
    <time>2026-06-19T18:56:47Z</time>
   </trkpt>
   <trkpt lat="39.8113620" lon="-105.4965710">
    <ele>2506.5</ele>
    <time>2026-06-19T18:56:48Z</time>
   </trkpt>
   <trkpt lat="39.8113600" lon="-105.4965690">
    <ele>2506.5</ele>
    <time>2026-06-19T18:56:49Z</time>
   </trkpt>
   <trkpt lat="39.8113570" lon="-105.4965670">
    <ele>2506.5</ele>
    <time>2026-06-19T18:56:50Z</time>
   </trkpt>
   <trkpt lat="39.8113550" lon="-105.4965650">
    <ele>2506.5</ele>
    <time>2026-06-19T18:57:38Z</time>
   </trkpt>
   <trkpt lat="39.8113520" lon="-105.4965630">
    <ele>2506.5</ele>
    <time>2026-06-19T18:57:39Z</time>
   </trkpt>
   <trkpt lat="39.8113500" lon="-105.4965610">
    <ele>2506.5</ele>
    <time>2026-06-19T18:57:40Z</time>
   </trkpt>
   <trkpt lat="39.8113870" lon="-105.4965860">
    <ele>2506.4</ele>
    <time>2026-06-19T18:57:41Z</time>
   </trkpt>
   <trkpt lat="39.8113890" lon="-105.4966250">
    <ele>2506.4</ele>
    <time>2026-06-19T18:57:42Z</time>
   </trkpt>
   <trkpt lat="39.8114190" lon="-105.4966410">
    <ele>2506.4</ele>
    <time>2026-06-19T18:57:43Z</time>
   </trkpt>
   <trkpt lat="39.8114250" lon="-105.4966450">
    <ele>2506.4</ele>
    <time>2026-06-19T18:57:44Z</time>
   </trkpt>
   <trkpt lat="39.8114550" lon="-105.4966540">
    <ele>2506.4</ele>
    <time>2026-06-19T18:57:45Z</time>
   </trkpt>
   <trkpt lat="39.8114620" lon="-105.4966580">
    <ele>2506.4</ele>
    <time>2026-06-19T18:57:46Z</time>
   </trkpt>
   <trkpt lat="39.8114800" lon="-105.4966800">
    <ele>2506.4</ele>
    <time>2026-06-19T18:57:47Z</time>
   </trkpt>
   <trkpt lat="39.8114900" lon="-105.4966880">
    <ele>2506.4</ele>
    <time>2026-06-19T18:57:48Z</time>
   </trkpt>
   <trkpt lat="39.8115010" lon="-105.4966960">
    <ele>2506.4</ele>
    <time>2026-06-19T18:57:49Z</time>
   </trkpt>
   <trkpt lat="39.8115100" lon="-105.4967010">
    <ele>2506.4</ele>
    <time>2026-06-19T18:57:50Z</time>
   </trkpt>
   <trkpt lat="39.8115150" lon="-105.4967110">
    <ele>2506.4</ele>
    <time>2026-06-19T18:57:51Z</time>
   </trkpt>
   <trkpt lat="39.8115330" lon="-105.4967060">
    <ele>2506.4</ele>
    <time>2026-06-19T18:57:52Z</time>
   </trkpt>
   <trkpt lat="39.8115340" lon="-105.4967110">
    <ele>2506.4</ele>
    <time>2026-06-19T18:57:53Z</time>
   </trkpt>
   <trkpt lat="39.8115320" lon="-105.4967160">
    <ele>2506.4</ele>
    <time>2026-06-19T18:57:54Z</time>
   </trkpt>
   <trkpt lat="39.8115300" lon="-105.4967200">
    <ele>2506.4</ele>
    <time>2026-06-19T18:57:55Z</time>
   </trkpt>
   <trkpt lat="39.8115280" lon="-105.4967250">
    <ele>2506.4</ele>
    <time>2026-06-19T18:57:56Z</time>
   </trkpt>
   <trkpt lat="39.8115260" lon="-105.4967300">
    <ele>2506.4</ele>
    <time>2026-06-19T18:57:57Z</time>
   </trkpt>
   <trkpt lat="39.8115250" lon="-105.4967350">
    <ele>2506.3</ele>
    <time>2026-06-19T18:57:58Z</time>
   </trkpt>
   <trkpt lat="39.8115230" lon="-105.4967400">
    <ele>2506.3</ele>
    <time>2026-06-19T18:57:59Z</time>
   </trkpt>
   <trkpt lat="39.8115210" lon="-105.4967450">
    <ele>2506.3</ele>
    <time>2026-06-19T18:58:00Z</time>
   </trkpt>
   <trkpt lat="39.8115190" lon="-105.4967490">
    <ele>2506.3</ele>
    <time>2026-06-19T18:58:01Z</time>
   </trkpt>
   <trkpt lat="39.8115170" lon="-105.4967540">
    <ele>2506.3</ele>
    <time>2026-06-19T18:58:02Z</time>
   </trkpt>
   <trkpt lat="39.8115150" lon="-105.4967590">
    <ele>2506.3</ele>
    <time>2026-06-19T18:58:03Z</time>
   </trkpt>
   <trkpt lat="39.8115190" lon="-105.4967510">
    <ele>2506.3</ele>
    <time>2026-06-19T18:58:04Z</time>
   </trkpt>
   <trkpt lat="39.8115210" lon="-105.4967500">
    <ele>2506.3</ele>
    <time>2026-06-19T18:58:05Z</time>
   </trkpt>
   <trkpt lat="39.8115130" lon="-105.4967420">
    <ele>2506.3</ele>
    <time>2026-06-19T18:58:06Z</time>
   </trkpt>
   <trkpt lat="39.8115150" lon="-105.4967370">
    <ele>2506.3</ele>
    <time>2026-06-19T18:58:07Z</time>
   </trkpt>
   <trkpt lat="39.8115160" lon="-105.4967450">
    <ele>2506.3</ele>
    <time>2026-06-19T18:58:08Z</time>
   </trkpt>
   <trkpt lat="39.8115180" lon="-105.4967480">
    <ele>2506.3</ele>
    <time>2026-06-19T18:58:09Z</time>
   </trkpt>
   <trkpt lat="39.8115150" lon="-105.4967440">
    <ele>2506.3</ele>
    <time>2026-06-19T18:58:10Z</time>
   </trkpt>
   <trkpt lat="39.8115160" lon="-105.4967440">
    <ele>2506.3</ele>
    <time>2026-06-19T18:58:11Z</time>
   </trkpt>
   <trkpt lat="39.8115150" lon="-105.4967470">
    <ele>2506.3</ele>
    <time>2026-06-19T18:58:12Z</time>
   </trkpt>
   <trkpt lat="39.8115130" lon="-105.4967430">
    <ele>2506.3</ele>
    <time>2026-06-19T18:58:13Z</time>
   </trkpt>
   <trkpt lat="39.8114970" lon="-105.4967840">
    <ele>2506.3</ele>
    <time>2026-06-19T18:59:13Z</time>
   </trkpt>
   <trkpt lat="39.8115000" lon="-105.4967910">
    <ele>2506.3</ele>
    <time>2026-06-19T18:59:14Z</time>
   </trkpt>
   <trkpt lat="39.8114960" lon="-105.4967780">
    <ele>2506.3</ele>
    <time>2026-06-19T18:59:15Z</time>
   </trkpt>
   <trkpt lat="39.8115030" lon="-105.4967620">
    <ele>2506.3</ele>
    <time>2026-06-19T18:59:16Z</time>
   </trkpt>
   <trkpt lat="39.8115030" lon="-105.4967620">
    <ele>2506.3</ele>
    <time>2026-06-19T18:59:17Z</time>
   </trkpt>
   <trkpt lat="39.8115030" lon="-105.4967620">
    <ele>2506.3</ele>
    <time>2026-06-19T18:59:18Z</time>
   </trkpt>
   <trkpt lat="39.8115030" lon="-105.4967620">
    <ele>2506.3</ele>
    <time>2026-06-19T18:59:19Z</time>
   </trkpt>
   <trkpt lat="39.8115030" lon="-105.4967620">
    <ele>2506.3</ele>
    <time>2026-06-19T18:59:20Z</time>
   </trkpt>
   <trkpt lat="39.8115030" lon="-105.4967620">
    <ele>2506.3</ele>
    <time>2026-06-19T18:59:21Z</time>
   </trkpt>
   <trkpt lat="39.8115030" lon="-105.4967620">
    <ele>2506.3</ele>
    <time>2026-06-19T18:59:22Z</time>
   </trkpt>
   <trkpt lat="39.8115030" lon="-105.4967620">
    <ele>2506.3</ele>
    <time>2026-06-19T18:59:23Z</time>
   </trkpt>
   <trkpt lat="39.8115030" lon="-105.4967620">
    <ele>2506.3</ele>
    <time>2026-06-19T18:59:24Z</time>
   </trkpt>
   <trkpt lat="39.8114960" lon="-105.4967470">
    <ele>2506.3</ele>
    <time>2026-06-19T19:00:07Z</time>
   </trkpt>
   <trkpt lat="39.8114720" lon="-105.4967490">
    <ele>2506.3</ele>
    <time>2026-06-19T19:00:08Z</time>
   </trkpt>
   <trkpt lat="39.8114650" lon="-105.4967350">
    <ele>2506.3</ele>
    <time>2026-06-19T19:00:09Z</time>
   </trkpt>
   <trkpt lat="39.8114820" lon="-105.4967370">
    <ele>2506.3</ele>
    <time>2026-06-19T19:00:10Z</time>
   </trkpt>
   <trkpt lat="39.8114870" lon="-105.4967440">
    <ele>2506.3</ele>
    <time>2026-06-19T19:00:11Z</time>
   </trkpt>
   <trkpt lat="39.8114890" lon="-105.4967440">
    <ele>2506.3</ele>
    <time>2026-06-19T19:00:12Z</time>
   </trkpt>
   <trkpt lat="39.8114910" lon="-105.4967420">
    <ele>2506.3</ele>
    <time>2026-06-19T19:00:13Z</time>
   </trkpt>
   <trkpt lat="39.8114920" lon="-105.4967420">
    <ele>2506.3</ele>
    <time>2026-06-19T19:00:14Z</time>
   </trkpt>
   <trkpt lat="39.8114960" lon="-105.4967450">
    <ele>2506.3</ele>
    <time>2026-06-19T19:00:15Z</time>
   </trkpt>
   <trkpt lat="39.8114960" lon="-105.4967480">
    <ele>2506.3</ele>
    <time>2026-06-19T19:00:16Z</time>
   </trkpt>
   <trkpt lat="39.8114970" lon="-105.4967490">
    <ele>2506.3</ele>
    <time>2026-06-19T19:00:17Z</time>
   </trkpt>
   <trkpt lat="39.8114920" lon="-105.4967430">
    <ele>2506.3</ele>
    <time>2026-06-19T19:00:18Z</time>
   </trkpt>
   <trkpt lat="39.8114970" lon="-105.4967500">
    <ele>2506.3</ele>
    <time>2026-06-19T19:00:19Z</time>
   </trkpt>
  </trkseg>
 </trk>
</gpx>
