<?xml version="1.0" encoding="UTF-8"?>
<gpx creator="StravaGPX" version="1.1" xmlns="http://www.topografix.com/GPX/1/1" xmlns:xsi="http://www.w3.org/2001/XMLSchema-instance" xsi:schemaLocation="http://www.topografix.com/GPX/1/1 http://www.topografix.com/GPX/1/1/gpx.xsd">
 <metadata>
  <time>2026-07-15T20:51:55Z</time>
 </metadata>
 <trk>
  <name>(super chill not hot at all) Afternoon Bike Ride</name>
  <type>mountain_biking</type>
  <trkseg>
   <trkpt lat="39.6958550" lon="-105.1881790">
    <ele>1864.4</ele>
    <time>2026-07-15T20:51:55Z</time>
   </trkpt>
   <trkpt lat="39.6958550" lon="-105.1881790">
    <ele>1864.4</ele>
    <time>2026-07-15T20:51:57Z</time>
   </trkpt>
   <trkpt lat="39.6958240" lon="-105.1881730">
    <ele>1864.6</ele>
    <time>2026-07-15T20:51:58Z</time>
   </trkpt>
   <trkpt lat="39.6958010" lon="-105.1881540">
    <ele>1864.7</ele>
    <time>2026-07-15T20:51:59Z</time>
   </trkpt>
   <trkpt lat="39.6957820" lon="-105.1881310">
    <ele>1864.8</ele>
    <time>2026-07-15T20:52:00Z</time>
   </trkpt>
   <trkpt lat="39.6957720" lon="-105.1880960">
    <ele>1865.0</ele>
    <time>2026-07-15T20:52:01Z</time>
   </trkpt>
   <trkpt lat="39.6957700" lon="-105.1880560">
    <ele>1865.1</ele>
    <time>2026-07-15T20:52:02Z</time>
   </trkpt>
   <trkpt lat="39.6957740" lon="-105.1880200">
    <ele>1865.4</ele>
    <time>2026-07-15T20:52:03Z</time>
   </trkpt>
   <trkpt lat="39.6957830" lon="-105.1879850">
    <ele>1865.8</ele>
    <time>2026-07-15T20:52:04Z</time>
   </trkpt>
   <trkpt lat="39.6957950" lon="-105.1879530">
    <ele>1866.1</ele>
    <time>2026-07-15T20:52:05Z</time>
   </trkpt>
   <trkpt lat="39.6958080" lon="-105.1879310">
    <ele>1866.3</ele>
    <time>2026-07-15T20:52:06Z</time>
   </trkpt>
   <trkpt lat="39.6958220" lon="-105.1879130">
    <ele>1866.4</ele>
    <time>2026-07-15T20:52:07Z</time>
   </trkpt>
   <trkpt lat="39.6958410" lon="-105.1879000">
    <ele>1866.5</ele>
    <time>2026-07-15T20:52:08Z</time>
   </trkpt>
   <trkpt lat="39.6958580" lon="-105.1878820">
    <ele>1866.6</ele>
    <time>2026-07-15T20:52:09Z</time>
   </trkpt>
   <trkpt lat="39.6958830" lon="-105.1878770">
    <ele>1866.7</ele>
    <time>2026-07-15T20:52:10Z</time>
   </trkpt>
   <trkpt lat="39.6959060" lon="-105.1878770">
    <ele>1866.9</ele>
    <time>2026-07-15T20:52:11Z</time>
   </trkpt>
   <trkpt lat="39.6959290" lon="-105.1878630">
    <ele>1867.1</ele>
    <time>2026-07-15T20:52:12Z</time>
   </trkpt>
   <trkpt lat="39.6959510" lon="-105.1878390">
    <ele>1867.4</ele>
    <time>2026-07-15T20:52:13Z</time>
   </trkpt>
   <trkpt lat="39.6959540" lon="-105.1878090">
    <ele>1867.6</ele>
    <time>2026-07-15T20:52:14Z</time>
   </trkpt>
   <trkpt lat="39.6959460" lon="-105.1877770">
    <ele>1867.8</ele>
    <time>2026-07-15T20:52:15Z</time>
   </trkpt>
   <trkpt lat="39.6959330" lon="-105.1877410">
    <ele>1868.1</ele>
    <time>2026-07-15T20:52:16Z</time>
   </trkpt>
   <trkpt lat="39.6959230" lon="-105.1877190">
    <ele>1868.3</ele>
    <time>2026-07-15T20:52:17Z</time>
   </trkpt>
   <trkpt lat="39.6959120" lon="-105.1876900">
    <ele>1868.5</ele>
    <time>2026-07-15T20:52:18Z</time>
   </trkpt>
   <trkpt lat="39.6958950" lon="-105.1876600">
    <ele>1868.8</ele>
    <time>2026-07-15T20:52:19Z</time>
   </trkpt>
   <trkpt lat="39.6958680" lon="-105.1876060">
    <ele>1869.3</ele>
    <time>2026-07-15T20:52:20Z</time>
   </trkpt>
   <trkpt lat="39.6958390" lon="-105.1875580">
    <ele>1869.7</ele>
    <time>2026-07-15T20:52:21Z</time>
   </trkpt>
   <trkpt lat="39.6958220" lon="-105.1875040">
    <ele>1870.2</ele>
    <time>2026-07-15T20:52:22Z</time>
   </trkpt>
   <trkpt lat="39.6958330" lon="-105.1874570">
    <ele>1870.5</ele>
    <time>2026-07-15T20:52:23Z</time>
   </trkpt>
   <trkpt lat="39.6958620" lon="-105.1874400">
    <ele>1870.8</ele>
    <time>2026-07-15T20:52:24Z</time>
   </trkpt>
   <trkpt lat="39.6958830" lon="-105.1874200">
    <ele>1871.1</ele>
    <time>2026-07-15T20:52:25Z</time>
   </trkpt>
   <trkpt lat="39.6958930" lon="-105.1873930">
    <ele>1871.3</ele>
    <time>2026-07-15T20:52:26Z</time>
   </trkpt>
   <trkpt lat="39.6958970" lon="-105.1873700">
    <ele>1871.5</ele>
    <time>2026-07-15T20:52:27Z</time>
   </trkpt>
   <trkpt lat="39.6959000" lon="-105.1873480">
    <ele>1871.6</ele>
    <time>2026-07-15T20:52:28Z</time>
   </trkpt>
   <trkpt lat="39.6959010" lon="-105.1873910">
    <ele>1871.9</ele>
    <time>2026-07-15T20:52:29Z</time>
   </trkpt>
   <trkpt lat="39.6959020" lon="-105.1873310">
    <ele>1872.4</ele>
    <time>2026-07-15T20:52:30Z</time>
   </trkpt>
   <trkpt lat="39.6959030" lon="-105.1873280">
    <ele>1872.4</ele>
    <time>2026-07-15T20:52:31Z</time>
   </trkpt>
   <trkpt lat="39.6959040" lon="-105.1872830">
    <ele>1872.7</ele>
    <time>2026-07-15T20:52:32Z</time>
   </trkpt>
   <trkpt lat="39.6958880" lon="-105.1872670">
    <ele>1872.9</ele>
    <time>2026-07-15T20:52:33Z</time>
   </trkpt>
   <trkpt lat="39.6958890" lon="-105.1872460">
    <ele>1873.1</ele>
    <time>2026-07-15T20:52:34Z</time>
   </trkpt>
   <trkpt lat="39.6959010" lon="-105.1872220">
    <ele>1873.3</ele>
    <time>2026-07-15T20:52:35Z</time>
   </trkpt>
   <trkpt lat="39.6958950" lon="-105.1871950">
    <ele>1873.5</ele>
    <time>2026-07-15T20:52:36Z</time>
   </trkpt>
   <trkpt lat="39.6958910" lon="-105.1871810">
    <ele>1873.6</ele>
    <time>2026-07-15T20:52:37Z</time>
   </trkpt>
   <trkpt lat="39.6958800" lon="-105.1871490">
    <ele>1873.8</ele>
    <time>2026-07-15T20:52:38Z</time>
   </trkpt>
   <trkpt lat="39.6958690" lon="-105.1871320">
    <ele>1874.0</ele>
    <time>2026-07-15T20:52:39Z</time>
   </trkpt>
   <trkpt lat="39.6958590" lon="-105.1871090">
    <ele>1874.2</ele>
    <time>2026-07-15T20:52:40Z</time>
   </trkpt>
   <trkpt lat="39.6958470" lon="-105.1870940">
    <ele>1874.3</ele>
    <time>2026-07-15T20:52:41Z</time>
   </trkpt>
   <trkpt lat="39.6958340" lon="-105.1870730">
    <ele>1874.5</ele>
    <time>2026-07-15T20:52:42Z</time>
   </trkpt>
   <trkpt lat="39.6958220" lon="-105.1870600">
    <ele>1874.7</ele>
    <time>2026-07-15T20:52:43Z</time>
   </trkpt>
   <trkpt lat="39.6958140" lon="-105.1870330">
    <ele>1874.9</ele>
    <time>2026-07-15T20:52:44Z</time>
   </trkpt>
   <trkpt lat="39.6958090" lon="-105.1870150">
    <ele>1875.0</ele>
    <time>2026-07-15T20:52:45Z</time>
   </trkpt>
   <trkpt lat="39.6957950" lon="-105.1870010">
    <ele>1875.2</ele>
    <time>2026-07-15T20:52:46Z</time>
   </trkpt>
   <trkpt lat="39.6957800" lon="-105.1869890">
    <ele>1875.4</ele>
    <time>2026-07-15T20:52:47Z</time>
   </trkpt>
   <trkpt lat="39.6957650" lon="-105.1869780">
    <ele>1875.6</ele>
    <time>2026-07-15T20:52:48Z</time>
   </trkpt>
   <trkpt lat="39.6957570" lon="-105.1869600">
    <ele>1875.7</ele>
    <time>2026-07-15T20:52:49Z</time>
   </trkpt>
   <trkpt lat="39.6957410" lon="-105.1869490">
    <ele>1875.9</ele>
    <time>2026-07-15T20:52:50Z</time>
   </trkpt>
   <trkpt lat="39.6957300" lon="-105.1869360">
    <ele>1876.1</ele>
    <time>2026-07-15T20:52:51Z</time>
   </trkpt>
   <trkpt lat="39.6957200" lon="-105.1869230">
    <ele>1876.2</ele>
    <time>2026-07-15T20:52:52Z</time>
   </trkpt>
   <trkpt lat="39.6956980" lon="-105.1869020">
    <ele>1876.5</ele>
    <time>2026-07-15T20:52:53Z</time>
   </trkpt>
   <trkpt lat="39.6956900" lon="-105.1868880">
    <ele>1876.6</ele>
    <time>2026-07-15T20:52:54Z</time>
   </trkpt>
   <trkpt lat="39.6956850" lon="-105.1868690">
    <ele>1876.8</ele>
    <time>2026-07-15T20:52:55Z</time>
   </trkpt>
   <trkpt lat="39.6956790" lon="-105.1868650">
    <ele>1876.9</ele>
    <time>2026-07-15T20:52:56Z</time>
   </trkpt>
   <trkpt lat="39.6956640" lon="-105.1868550">
    <ele>1877.0</ele>
    <time>2026-07-15T20:52:57Z</time>
   </trkpt>
   <trkpt lat="39.6956510" lon="-105.1868170">
    <ele>1877.3</ele>
    <time>2026-07-15T20:52:58Z</time>
   </trkpt>
   <trkpt lat="39.6956480" lon="-105.1867870">
    <ele>1877.5</ele>
    <time>2026-07-15T20:52:59Z</time>
   </trkpt>
   <trkpt lat="39.6956500" lon="-105.1867550">
    <ele>1877.7</ele>
    <time>2026-07-15T20:53:00Z</time>
   </trkpt>
   <trkpt lat="39.6956490" lon="-105.1867300">
    <ele>1877.9</ele>
    <time>2026-07-15T20:53:01Z</time>
   </trkpt>
   <trkpt lat="39.6956650" lon="-105.1867070">
    <ele>1878.1</ele>
    <time>2026-07-15T20:53:02Z</time>
   </trkpt>
   <trkpt lat="39.6956730" lon="-105.1866800">
    <ele>1878.2</ele>
    <time>2026-07-15T20:53:03Z</time>
   </trkpt>
   <trkpt lat="39.6956890" lon="-105.1866650">
    <ele>1878.4</ele>
    <time>2026-07-15T20:53:04Z</time>
   </trkpt>
   <trkpt lat="39.6957030" lon="-105.1866490">
    <ele>1878.5</ele>
    <time>2026-07-15T20:53:05Z</time>
   </trkpt>
   <trkpt lat="39.6957190" lon="-105.1866290">
    <ele>1878.6</ele>
    <time>2026-07-15T20:53:06Z</time>
   </trkpt>
   <trkpt lat="39.6957340" lon="-105.1866070">
    <ele>1878.7</ele>
    <time>2026-07-15T20:53:07Z</time>
   </trkpt>
   <trkpt lat="39.6957490" lon="-105.1865880">
    <ele>1878.9</ele>
    <time>2026-07-15T20:53:08Z</time>
   </trkpt>
   <trkpt lat="39.6957520" lon="-105.1865560">
    <ele>1879.0</ele>
    <time>2026-07-15T20:53:09Z</time>
   </trkpt>
   <trkpt lat="39.6957520" lon="-105.1865280">
    <ele>1879.1</ele>
    <time>2026-07-15T20:53:10Z</time>
   </trkpt>
   <trkpt lat="39.6957550" lon="-105.1865080">
    <ele>1879.1</ele>
    <time>2026-07-15T20:53:11Z</time>
   </trkpt>
   <trkpt lat="39.6957610" lon="-105.1864850">
    <ele>1879.2</ele>
    <time>2026-07-15T20:53:12Z</time>
   </trkpt>
   <trkpt lat="39.6957590" lon="-105.1864560">
    <ele>1879.3</ele>
    <time>2026-07-15T20:53:13Z</time>
   </trkpt>
   <trkpt lat="39.6957450" lon="-105.1864250">
    <ele>1879.5</ele>
    <time>2026-07-15T20:53:14Z</time>
   </trkpt>
   <trkpt lat="39.6957410" lon="-105.1863940">
    <ele>1879.6</ele>
    <time>2026-07-15T20:53:15Z</time>
   </trkpt>
   <trkpt lat="39.6957510" lon="-105.1863550">
    <ele>1879.8</ele>
    <time>2026-07-15T20:53:16Z</time>
   </trkpt>
   <trkpt lat="39.6957650" lon="-105.1863220">
    <ele>1879.9</ele>
    <time>2026-07-15T20:53:17Z</time>
   </trkpt>
   <trkpt lat="39.6957840" lon="-105.1862910">
    <ele>1880.2</ele>
    <time>2026-07-15T20:53:18Z</time>
   </trkpt>
   <trkpt lat="39.6957950" lon="-105.1862540">
    <ele>1880.4</ele>
    <time>2026-07-15T20:53:19Z</time>
   </trkpt>
   <trkpt lat="39.6958180" lon="-105.1862280">
    <ele>1880.7</ele>
    <time>2026-07-15T20:53:20Z</time>
   </trkpt>
   <trkpt lat="39.6958270" lon="-105.1862080">
    <ele>1880.8</ele>
    <time>2026-07-15T20:53:21Z</time>
   </trkpt>
   <trkpt lat="39.6958440" lon="-105.1861750">
    <ele>1881.1</ele>
    <time>2026-07-15T20:53:22Z</time>
   </trkpt>
   <trkpt lat="39.6958460" lon="-105.1861550">
    <ele>1881.3</ele>
    <time>2026-07-15T20:53:23Z</time>
   </trkpt>
   <trkpt lat="39.6958630" lon="-105.1861110">
    <ele>1881.7</ele>
    <time>2026-07-15T20:53:24Z</time>
   </trkpt>
   <trkpt lat="39.6958720" lon="-105.1860870">
    <ele>1881.9</ele>
    <time>2026-07-15T20:53:25Z</time>
   </trkpt>
   <trkpt lat="39.6958800" lon="-105.1860630">
    <ele>1882.1</ele>
    <time>2026-07-15T20:53:26Z</time>
   </trkpt>
   <trkpt lat="39.6958790" lon="-105.1860450">
    <ele>1882.2</ele>
    <time>2026-07-15T20:53:27Z</time>
   </trkpt>
   <trkpt lat="39.6958950" lon="-105.1860240">
    <ele>1882.5</ele>
    <time>2026-07-15T20:53:28Z</time>
   </trkpt>
   <trkpt lat="39.6959000" lon="-105.1860050">
    <ele>1882.7</ele>
    <time>2026-07-15T20:53:29Z</time>
   </trkpt>
   <trkpt lat="39.6959100" lon="-105.1859620">
    <ele>1883.1</ele>
    <time>2026-07-15T20:53:30Z</time>
   </trkpt>
   <trkpt lat="39.6959100" lon="-105.1859310">
    <ele>1883.3</ele>
    <time>2026-07-15T20:53:31Z</time>
   </trkpt>
   <trkpt lat="39.6959150" lon="-105.1859080">
    <ele>1883.5</ele>
    <time>2026-07-15T20:53:32Z</time>
   </trkpt>
   <trkpt lat="39.6959220" lon="-105.1858760">
    <ele>1883.8</ele>
    <time>2026-07-15T20:53:33Z</time>
   </trkpt>
   <trkpt lat="39.6959290" lon="-105.1858530">
    <ele>1884.1</ele>
    <time>2026-07-15T20:53:34Z</time>
   </trkpt>
   <trkpt lat="39.6959340" lon="-105.1858180">
    <ele>1884.4</ele>
    <time>2026-07-15T20:53:35Z</time>
   </trkpt>
   <trkpt lat="39.6959370" lon="-105.1858010">
    <ele>1884.5</ele>
    <time>2026-07-15T20:53:36Z</time>
   </trkpt>
   <trkpt lat="39.6959520" lon="-105.1857580">
    <ele>1885.0</ele>
    <time>2026-07-15T20:53:37Z</time>
   </trkpt>
   <trkpt lat="39.6959610" lon="-105.1857550">
    <ele>1885.1</ele>
    <time>2026-07-15T20:53:38Z</time>
   </trkpt>
   <trkpt lat="39.6959740" lon="-105.1857140">
    <ele>1885.5</ele>
    <time>2026-07-15T20:53:39Z</time>
   </trkpt>
   <trkpt lat="39.6959790" lon="-105.1857110">
    <ele>1885.6</ele>
    <time>2026-07-15T20:53:40Z</time>
   </trkpt>
   <trkpt lat="39.6959860" lon="-105.1856800">
    <ele>1885.9</ele>
    <time>2026-07-15T20:53:41Z</time>
   </trkpt>
   <trkpt lat="39.6959920" lon="-105.1856600">
    <ele>1886.1</ele>
    <time>2026-07-15T20:53:42Z</time>
   </trkpt>
   <trkpt lat="39.6960090" lon="-105.1856180">
    <ele>1886.5</ele>
    <time>2026-07-15T20:53:43Z</time>
   </trkpt>
   <trkpt lat="39.6960190" lon="-105.1856010">
    <ele>1886.7</ele>
    <time>2026-07-15T20:53:44Z</time>
   </trkpt>
   <trkpt lat="39.6960270" lon="-105.1855740">
    <ele>1887.0</ele>
    <time>2026-07-15T20:53:45Z</time>
   </trkpt>
   <trkpt lat="39.6960340" lon="-105.1855470">
    <ele>1887.2</ele>
    <time>2026-07-15T20:53:46Z</time>
   </trkpt>
   <trkpt lat="39.6960450" lon="-105.1855010">
    <ele>1887.7</ele>
    <time>2026-07-15T20:53:47Z</time>
   </trkpt>
   <trkpt lat="39.6960470" lon="-105.1854670">
    <ele>1888.0</ele>
    <time>2026-07-15T20:53:48Z</time>
   </trkpt>
   <trkpt lat="39.6960520" lon="-105.1854400">
    <ele>1888.3</ele>
    <time>2026-07-15T20:53:49Z</time>
   </trkpt>
   <trkpt lat="39.6960550" lon="-105.1854170">
    <ele>1888.5</ele>
    <time>2026-07-15T20:53:50Z</time>
   </trkpt>
   <trkpt lat="39.6960570" lon="-105.1853830">
    <ele>1888.8</ele>
    <time>2026-07-15T20:53:51Z</time>
   </trkpt>
   <trkpt lat="39.6960500" lon="-105.1853610">
    <ele>1889.0</ele>
    <time>2026-07-15T20:53:52Z</time>
   </trkpt>
   <trkpt lat="39.6960530" lon="-105.1853320">
    <ele>1889.3</ele>
    <time>2026-07-15T20:53:53Z</time>
   </trkpt>
   <trkpt lat="39.6960520" lon="-105.1853130">
    <ele>1889.5</ele>
    <time>2026-07-15T20:53:54Z</time>
   </trkpt>
   <trkpt lat="39.6960520" lon="-105.1852980">
    <ele>1889.6</ele>
    <time>2026-07-15T20:53:55Z</time>
   </trkpt>
   <trkpt lat="39.6960410" lon="-105.1852700">
    <ele>1889.9</ele>
    <time>2026-07-15T20:53:56Z</time>
   </trkpt>
   <trkpt lat="39.6960380" lon="-105.1852540">
    <ele>1890.1</ele>
    <time>2026-07-15T20:53:57Z</time>
   </trkpt>
   <trkpt lat="39.6960290" lon="-105.1852190">
    <ele>1890.4</ele>
    <time>2026-07-15T20:53:58Z</time>
   </trkpt>
   <trkpt lat="39.6960250" lon="-105.1851900">
    <ele>1890.6</ele>
    <time>2026-07-15T20:53:59Z</time>
   </trkpt>
   <trkpt lat="39.6960240" lon="-105.1851630">
    <ele>1890.9</ele>
    <time>2026-07-15T20:54:00Z</time>
   </trkpt>
   <trkpt lat="39.6960150" lon="-105.1851360">
    <ele>1891.1</ele>
    <time>2026-07-15T20:54:01Z</time>
   </trkpt>
   <trkpt lat="39.6960040" lon="-105.1851130">
    <ele>1891.3</ele>
    <time>2026-07-15T20:54:02Z</time>
   </trkpt>
   <trkpt lat="39.6959950" lon="-105.1850900">
    <ele>1891.5</ele>
    <time>2026-07-15T20:54:03Z</time>
   </trkpt>
   <trkpt lat="39.6959810" lon="-105.1850690">
    <ele>1891.8</ele>
    <time>2026-07-15T20:54:04Z</time>
   </trkpt>
   <trkpt lat="39.6959720" lon="-105.1850420">
    <ele>1892.0</ele>
    <time>2026-07-15T20:54:05Z</time>
   </trkpt>
   <trkpt lat="39.6959690" lon="-105.1850150">
    <ele>1892.2</ele>
    <time>2026-07-15T20:54:06Z</time>
   </trkpt>
   <trkpt lat="39.6959590" lon="-105.1849900">
    <ele>1892.4</ele>
    <time>2026-07-15T20:54:07Z</time>
   </trkpt>
   <trkpt lat="39.6959450" lon="-105.1849670">
    <ele>1892.6</ele>
    <time>2026-07-15T20:54:08Z</time>
   </trkpt>
   <trkpt lat="39.6959420" lon="-105.1849320">
    <ele>1892.8</ele>
    <time>2026-07-15T20:54:09Z</time>
   </trkpt>
   <trkpt lat="39.6959260" lon="-105.1849160">
    <ele>1892.9</ele>
    <time>2026-07-15T20:54:10Z</time>
   </trkpt>
   <trkpt lat="39.6959070" lon="-105.1849040">
    <ele>1893.1</ele>
    <time>2026-07-15T20:54:11Z</time>
   </trkpt>
   <trkpt lat="39.6958820" lon="-105.1849030">
    <ele>1893.3</ele>
    <time>2026-07-15T20:54:12Z</time>
   </trkpt>
   <trkpt lat="39.6958860" lon="-105.1848790">
    <ele>1893.4</ele>
    <time>2026-07-15T20:54:13Z</time>
   </trkpt>
   <trkpt lat="39.6958780" lon="-105.1848450">
    <ele>1893.6</ele>
    <time>2026-07-15T20:54:14Z</time>
   </trkpt>
   <trkpt lat="39.6958800" lon="-105.1848090">
    <ele>1893.8</ele>
    <time>2026-07-15T20:54:15Z</time>
   </trkpt>
   <trkpt lat="39.6958740" lon="-105.1847720">
    <ele>1893.9</ele>
    <time>2026-07-15T20:54:16Z</time>
   </trkpt>
   <trkpt lat="39.6958620" lon="-105.1847430">
    <ele>1894.1</ele>
    <time>2026-07-15T20:54:17Z</time>
   </trkpt>
   <trkpt lat="39.6958610" lon="-105.1847140">
    <ele>1894.2</ele>
    <time>2026-07-15T20:54:18Z</time>
   </trkpt>
   <trkpt lat="39.6958460" lon="-105.1846710">
    <ele>1894.4</ele>
    <time>2026-07-15T20:54:19Z</time>
   </trkpt>
   <trkpt lat="39.6958450" lon="-105.1846600">
    <ele>1894.5</ele>
    <time>2026-07-15T20:54:20Z</time>
   </trkpt>
   <trkpt lat="39.6958390" lon="-105.1846320">
    <ele>1894.6</ele>
    <time>2026-07-15T20:54:21Z</time>
   </trkpt>
   <trkpt lat="39.6958320" lon="-105.1846090">
    <ele>1894.6</ele>
    <time>2026-07-15T20:54:22Z</time>
   </trkpt>
   <trkpt lat="39.6958280" lon="-105.1845710">
    <ele>1894.8</ele>
    <time>2026-07-15T20:54:23Z</time>
   </trkpt>
   <trkpt lat="39.6958240" lon="-105.1845390">
    <ele>1894.9</ele>
    <time>2026-07-15T20:54:24Z</time>
   </trkpt>
   <trkpt lat="39.6958120" lon="-105.1845210">
    <ele>1895.0</ele>
    <time>2026-07-15T20:54:25Z</time>
   </trkpt>
   <trkpt lat="39.6958020" lon="-105.1844930">
    <ele>1895.1</ele>
    <time>2026-07-15T20:54:26Z</time>
   </trkpt>
   <trkpt lat="39.6957910" lon="-105.1844750">
    <ele>1895.1</ele>
    <time>2026-07-15T20:54:27Z</time>
   </trkpt>
   <trkpt lat="39.6957940" lon="-105.1844090">
    <ele>1895.3</ele>
    <time>2026-07-15T20:54:28Z</time>
   </trkpt>
   <trkpt lat="39.6957680" lon="-105.1843340">
    <ele>1895.5</ele>
    <time>2026-07-15T20:54:29Z</time>
   </trkpt>
   <trkpt lat="39.6957600" lon="-105.1842720">
    <ele>1895.6</ele>
    <time>2026-07-15T20:54:30Z</time>
   </trkpt>
   <trkpt lat="39.6957570" lon="-105.1842510">
    <ele>1895.7</ele>
    <time>2026-07-15T20:54:31Z</time>
   </trkpt>
   <trkpt lat="39.6957460" lon="-105.1842180">
    <ele>1895.8</ele>
    <time>2026-07-15T20:54:32Z</time>
   </trkpt>
   <trkpt lat="39.6957330" lon="-105.1841730">
    <ele>1895.9</ele>
    <time>2026-07-15T20:54:33Z</time>
   </trkpt>
   <trkpt lat="39.6957300" lon="-105.1841460">
    <ele>1895.9</ele>
    <time>2026-07-15T20:54:34Z</time>
   </trkpt>
   <trkpt lat="39.6957190" lon="-105.1840940">
    <ele>1896.0</ele>
    <time>2026-07-15T20:54:35Z</time>
   </trkpt>
   <trkpt lat="39.6957130" lon="-105.1840520">
    <ele>1896.1</ele>
    <time>2026-07-15T20:54:36Z</time>
   </trkpt>
   <trkpt lat="39.6957100" lon="-105.1840130">
    <ele>1896.2</ele>
    <time>2026-07-15T20:54:37Z</time>
   </trkpt>
   <trkpt lat="39.6957110" lon="-105.1839650">
    <ele>1896.3</ele>
    <time>2026-07-15T20:54:38Z</time>
   </trkpt>
   <trkpt lat="39.6957150" lon="-105.1839450">
    <ele>1896.3</ele>
    <time>2026-07-15T20:54:39Z</time>
   </trkpt>
   <trkpt lat="39.6956980" lon="-105.1838960">
    <ele>1896.5</ele>
    <time>2026-07-15T20:54:40Z</time>
   </trkpt>
   <trkpt lat="39.6956970" lon="-105.1838770">
    <ele>1896.5</ele>
    <time>2026-07-15T20:54:41Z</time>
   </trkpt>
   <trkpt lat="39.6956900" lon="-105.1838310">
    <ele>1896.6</ele>
    <time>2026-07-15T20:54:42Z</time>
   </trkpt>
   <trkpt lat="39.6956910" lon="-105.1837980">
    <ele>1896.7</ele>
    <time>2026-07-15T20:54:43Z</time>
   </trkpt>
   <trkpt lat="39.6956820" lon="-105.1837550">
    <ele>1896.8</ele>
    <time>2026-07-15T20:54:44Z</time>
   </trkpt>
   <trkpt lat="39.6956750" lon="-105.1837230">
    <ele>1896.9</ele>
    <time>2026-07-15T20:54:45Z</time>
   </trkpt>
   <trkpt lat="39.6956680" lon="-105.1836910">
    <ele>1897.0</ele>
    <time>2026-07-15T20:54:46Z</time>
   </trkpt>
   <trkpt lat="39.6956580" lon="-105.1836300">
    <ele>1897.2</ele>
    <time>2026-07-15T20:54:47Z</time>
   </trkpt>
   <trkpt lat="39.6956540" lon="-105.1836050">
    <ele>1897.2</ele>
    <time>2026-07-15T20:54:48Z</time>
   </trkpt>
   <trkpt lat="39.6956440" lon="-105.1835680">
    <ele>1897.3</ele>
    <time>2026-07-15T20:54:49Z</time>
   </trkpt>
   <trkpt lat="39.6956540" lon="-105.1834960">
    <ele>1897.5</ele>
    <time>2026-07-15T20:54:50Z</time>
   </trkpt>
   <trkpt lat="39.6956670" lon="-105.1834700">
    <ele>1897.6</ele>
    <time>2026-07-15T20:54:51Z</time>
   </trkpt>
   <trkpt lat="39.6956760" lon="-105.1834270">
    <ele>1897.7</ele>
    <time>2026-07-15T20:54:52Z</time>
   </trkpt>
   <trkpt lat="39.6956790" lon="-105.1833790">
    <ele>1897.8</ele>
    <time>2026-07-15T20:54:53Z</time>
   </trkpt>
   <trkpt lat="39.6956720" lon="-105.1833620">
    <ele>1897.9</ele>
    <time>2026-07-15T20:54:54Z</time>
   </trkpt>
   <trkpt lat="39.6956500" lon="-105.1833280">
    <ele>1898.0</ele>
    <time>2026-07-15T20:54:55Z</time>
   </trkpt>
   <trkpt lat="39.6956560" lon="-105.1832780">
    <ele>1898.1</ele>
    <time>2026-07-15T20:54:56Z</time>
   </trkpt>
   <trkpt lat="39.6956310" lon="-105.1832760">
    <ele>1898.1</ele>
    <time>2026-07-15T20:54:57Z</time>
   </trkpt>
   <trkpt lat="39.6956740" lon="-105.1831910">
    <ele>1898.2</ele>
    <time>2026-07-15T20:54:58Z</time>
   </trkpt>
   <trkpt lat="39.6957020" lon="-105.1831830">
    <ele>1898.3</ele>
    <time>2026-07-15T20:54:59Z</time>
   </trkpt>
   <trkpt lat="39.6957150" lon="-105.1831650">
    <ele>1898.3</ele>
    <time>2026-07-15T20:55:00Z</time>
   </trkpt>
   <trkpt lat="39.6956980" lon="-105.1830850">
    <ele>1898.2</ele>
    <time>2026-07-15T20:55:01Z</time>
   </trkpt>
   <trkpt lat="39.6956560" lon="-105.1830780">
    <ele>1898.1</ele>
    <time>2026-07-15T20:55:02Z</time>
   </trkpt>
   <trkpt lat="39.6956370" lon="-105.1830760">
    <ele>1898.1</ele>
    <time>2026-07-15T20:55:03Z</time>
   </trkpt>
   <trkpt lat="39.6956180" lon="-105.1830720">
    <ele>1898.0</ele>
    <time>2026-07-15T20:55:04Z</time>
   </trkpt>
   <trkpt lat="39.6956150" lon="-105.1831060">
    <ele>1898.0</ele>
    <time>2026-07-15T20:55:05Z</time>
   </trkpt>
   <trkpt lat="39.6955340" lon="-105.1829900">
    <ele>1897.5</ele>
    <time>2026-07-15T20:55:06Z</time>
   </trkpt>
   <trkpt lat="39.6955430" lon="-105.1829390">
    <ele>1897.4</ele>
    <time>2026-07-15T20:55:07Z</time>
   </trkpt>
   <trkpt lat="39.6955140" lon="-105.1829150">
    <ele>1897.3</ele>
    <time>2026-07-15T20:55:08Z</time>
   </trkpt>
   <trkpt lat="39.6954870" lon="-105.1828940">
    <ele>1897.3</ele>
    <time>2026-07-15T20:55:09Z</time>
   </trkpt>
   <trkpt lat="39.6954660" lon="-105.1828800">
    <ele>1897.2</ele>
    <time>2026-07-15T20:55:10Z</time>
   </trkpt>
   <trkpt lat="39.6954440" lon="-105.1828400">
    <ele>1897.2</ele>
    <time>2026-07-15T20:55:11Z</time>
   </trkpt>
   <trkpt lat="39.6953810" lon="-105.1827570">
    <ele>1897.0</ele>
    <time>2026-07-15T20:55:12Z</time>
   </trkpt>
   <trkpt lat="39.6953480" lon="-105.1826970">
    <ele>1896.9</ele>
    <time>2026-07-15T20:55:13Z</time>
   </trkpt>
   <trkpt lat="39.6953350" lon="-105.1826670">
    <ele>1896.8</ele>
    <time>2026-07-15T20:55:14Z</time>
   </trkpt>
   <trkpt lat="39.6953210" lon="-105.1826370">
    <ele>1896.8</ele>
    <time>2026-07-15T20:55:15Z</time>
   </trkpt>
   <trkpt lat="39.6952630" lon="-105.1825060">
    <ele>1896.6</ele>
    <time>2026-07-15T20:55:16Z</time>
   </trkpt>
   <trkpt lat="39.6952210" lon="-105.1824590">
    <ele>1896.5</ele>
    <time>2026-07-15T20:55:17Z</time>
   </trkpt>
   <trkpt lat="39.6951810" lon="-105.1824140">
    <ele>1896.5</ele>
    <time>2026-07-15T20:55:18Z</time>
   </trkpt>
   <trkpt lat="39.6951430" lon="-105.1823680">
    <ele>1896.4</ele>
    <time>2026-07-15T20:55:19Z</time>
   </trkpt>
   <trkpt lat="39.6951110" lon="-105.1823240">
    <ele>1896.3</ele>
    <time>2026-07-15T20:55:20Z</time>
   </trkpt>
   <trkpt lat="39.6950800" lon="-105.1822920">
    <ele>1896.2</ele>
    <time>2026-07-15T20:55:21Z</time>
   </trkpt>
   <trkpt lat="39.6950480" lon="-105.1822640">
    <ele>1896.1</ele>
    <time>2026-07-15T20:55:22Z</time>
   </trkpt>
   <trkpt lat="39.6950080" lon="-105.1822420">
    <ele>1896.0</ele>
    <time>2026-07-15T20:55:23Z</time>
   </trkpt>
   <trkpt lat="39.6949570" lon="-105.1822250">
    <ele>1895.7</ele>
    <time>2026-07-15T20:55:24Z</time>
   </trkpt>
   <trkpt lat="39.6949080" lon="-105.1822180">
    <ele>1895.5</ele>
    <time>2026-07-15T20:55:25Z</time>
   </trkpt>
   <trkpt lat="39.6948800" lon="-105.1822170">
    <ele>1895.4</ele>
    <time>2026-07-15T20:55:26Z</time>
   </trkpt>
   <trkpt lat="39.6948540" lon="-105.1822160">
    <ele>1895.3</ele>
    <time>2026-07-15T20:55:27Z</time>
   </trkpt>
   <trkpt lat="39.6948400" lon="-105.1822150">
    <ele>1895.2</ele>
    <time>2026-07-15T20:55:28Z</time>
   </trkpt>
   <trkpt lat="39.6948090" lon="-105.1821930">
    <ele>1895.1</ele>
    <time>2026-07-15T20:55:29Z</time>
   </trkpt>
   <trkpt lat="39.6947570" lon="-105.1821530">
    <ele>1894.9</ele>
    <time>2026-07-15T20:55:30Z</time>
   </trkpt>
   <trkpt lat="39.6947270" lon="-105.1821220">
    <ele>1894.7</ele>
    <time>2026-07-15T20:55:31Z</time>
   </trkpt>
   <trkpt lat="39.6946880" lon="-105.1820930">
    <ele>1894.5</ele>
    <time>2026-07-15T20:55:32Z</time>
   </trkpt>
   <trkpt lat="39.6946470" lon="-105.1820700">
    <ele>1894.3</ele>
    <time>2026-07-15T20:55:33Z</time>
   </trkpt>
   <trkpt lat="39.6946020" lon="-105.1820550">
    <ele>1894.0</ele>
    <time>2026-07-15T20:55:34Z</time>
   </trkpt>
   <trkpt lat="39.6945430" lon="-105.1820360">
    <ele>1893.6</ele>
    <time>2026-07-15T20:55:35Z</time>
   </trkpt>
   <trkpt lat="39.6944990" lon="-105.1819880">
    <ele>1893.2</ele>
    <time>2026-07-15T20:55:36Z</time>
   </trkpt>
   <trkpt lat="39.6944690" lon="-105.1819320">
    <ele>1892.9</ele>
    <time>2026-07-15T20:55:37Z</time>
   </trkpt>
   <trkpt lat="39.6944390" lon="-105.1818710">
    <ele>1892.9</ele>
    <time>2026-07-15T20:55:38Z</time>
   </trkpt>
   <trkpt lat="39.6944030" lon="-105.1818100">
    <ele>1892.9</ele>
    <time>2026-07-15T20:55:39Z</time>
   </trkpt>
   <trkpt lat="39.6943710" lon="-105.1817550">
    <ele>1893.0</ele>
    <time>2026-07-15T20:55:40Z</time>
   </trkpt>
   <trkpt lat="39.6943210" lon="-105.1817110">
    <ele>1893.0</ele>
    <time>2026-07-15T20:55:41Z</time>
   </trkpt>
   <trkpt lat="39.6942790" lon="-105.1816840">
    <ele>1893.0</ele>
    <time>2026-07-15T20:55:42Z</time>
   </trkpt>
   <trkpt lat="39.6942320" lon="-105.1816540">
    <ele>1893.0</ele>
    <time>2026-07-15T20:55:43Z</time>
   </trkpt>
   <trkpt lat="39.6941970" lon="-105.1816350">
    <ele>1892.9</ele>
    <time>2026-07-15T20:55:44Z</time>
   </trkpt>
   <trkpt lat="39.6942030" lon="-105.1816680">
    <ele>1892.9</ele>
    <time>2026-07-15T20:55:45Z</time>
   </trkpt>
   <trkpt lat="39.6941800" lon="-105.1816600">
    <ele>1892.8</ele>
    <time>2026-07-15T20:55:46Z</time>
   </trkpt>
   <trkpt lat="39.6941400" lon="-105.1816300">
    <ele>1892.6</ele>
    <time>2026-07-15T20:55:47Z</time>
   </trkpt>
   <trkpt lat="39.6940140" lon="-105.1815040">
    <ele>1891.7</ele>
    <time>2026-07-15T20:55:48Z</time>
   </trkpt>
   <trkpt lat="39.6939490" lon="-105.1815080">
    <ele>1891.3</ele>
    <time>2026-07-15T20:55:49Z</time>
   </trkpt>
   <trkpt lat="39.6938800" lon="-105.1815180">
    <ele>1890.8</ele>
    <time>2026-07-15T20:55:50Z</time>
   </trkpt>
   <trkpt lat="39.6938190" lon="-105.1815240">
    <ele>1890.2</ele>
    <time>2026-07-15T20:55:51Z</time>
   </trkpt>
   <trkpt lat="39.6937600" lon="-105.1815190">
    <ele>1889.7</ele>
    <time>2026-07-15T20:55:52Z</time>
   </trkpt>
   <trkpt lat="39.6937060" lon="-105.1815060">
    <ele>1889.3</ele>
    <time>2026-07-15T20:55:53Z</time>
   </trkpt>
   <trkpt lat="39.6936390" lon="-105.1815010">
    <ele>1888.8</ele>
    <time>2026-07-15T20:55:54Z</time>
   </trkpt>
   <trkpt lat="39.6935680" lon="-105.1814420">
    <ele>1888.4</ele>
    <time>2026-07-15T20:55:55Z</time>
   </trkpt>
   <trkpt lat="39.6935080" lon="-105.1813980">
    <ele>1888.1</ele>
    <time>2026-07-15T20:55:56Z</time>
   </trkpt>
   <trkpt lat="39.6934480" lon="-105.1813450">
    <ele>1887.8</ele>
    <time>2026-07-15T20:55:57Z</time>
   </trkpt>
   <trkpt lat="39.6933850" lon="-105.1813040">
    <ele>1887.5</ele>
    <time>2026-07-15T20:55:58Z</time>
   </trkpt>
   <trkpt lat="39.6933200" lon="-105.1812630">
    <ele>1887.1</ele>
    <time>2026-07-15T20:55:59Z</time>
   </trkpt>
   <trkpt lat="39.6932560" lon="-105.1812270">
    <ele>1886.8</ele>
    <time>2026-07-15T20:56:00Z</time>
   </trkpt>
   <trkpt lat="39.6931990" lon="-105.1811580">
    <ele>1886.3</ele>
    <time>2026-07-15T20:56:01Z</time>
   </trkpt>
   <trkpt lat="39.6931380" lon="-105.1811190">
    <ele>1885.8</ele>
    <time>2026-07-15T20:56:02Z</time>
   </trkpt>
   <trkpt lat="39.6930950" lon="-105.1810610">
    <ele>1885.3</ele>
    <time>2026-07-15T20:56:03Z</time>
   </trkpt>
   <trkpt lat="39.6930320" lon="-105.1810120">
    <ele>1884.7</ele>
    <time>2026-07-15T20:56:04Z</time>
   </trkpt>
   <trkpt lat="39.6929940" lon="-105.1809730">
    <ele>1884.3</ele>
    <time>2026-07-15T20:56:05Z</time>
   </trkpt>
   <trkpt lat="39.6929200" lon="-105.1809450">
    <ele>1883.7</ele>
    <time>2026-07-15T20:56:06Z</time>
   </trkpt>
   <trkpt lat="39.6929140" lon="-105.1809150">
    <ele>1883.5</ele>
    <time>2026-07-15T20:56:07Z</time>
   </trkpt>
   <trkpt lat="39.6928460" lon="-105.1808620">
    <ele>1882.9</ele>
    <time>2026-07-15T20:56:08Z</time>
   </trkpt>
   <trkpt lat="39.6927990" lon="-105.1808090">
    <ele>1882.4</ele>
    <time>2026-07-15T20:56:09Z</time>
   </trkpt>
   <trkpt lat="39.6927360" lon="-105.1808070">
    <ele>1882.0</ele>
    <time>2026-07-15T20:56:10Z</time>
   </trkpt>
   <trkpt lat="39.6926680" lon="-105.1807790">
    <ele>1881.7</ele>
    <time>2026-07-15T20:56:11Z</time>
   </trkpt>
   <trkpt lat="39.6926130" lon="-105.1806990">
    <ele>1881.4</ele>
    <time>2026-07-15T20:56:12Z</time>
   </trkpt>
   <trkpt lat="39.6925430" lon="-105.1806420">
    <ele>1881.3</ele>
    <time>2026-07-15T20:56:14Z</time>
   </trkpt>
   <trkpt lat="39.6924030" lon="-105.1805380">
    <ele>1881.2</ele>
    <time>2026-07-15T20:56:15Z</time>
   </trkpt>
   <trkpt lat="39.6923880" lon="-105.1805340">
    <ele>1881.2</ele>
    <time>2026-07-15T20:56:16Z</time>
   </trkpt>
   <trkpt lat="39.6923530" lon="-105.1805000">
    <ele>1881.1</ele>
    <time>2026-07-15T20:56:17Z</time>
   </trkpt>
   <trkpt lat="39.6923110" lon="-105.1804680">
    <ele>1881.1</ele>
    <time>2026-07-15T20:56:18Z</time>
   </trkpt>
   <trkpt lat="39.6922700" lon="-105.1804280">
    <ele>1881.1</ele>
    <time>2026-07-15T20:56:19Z</time>
   </trkpt>
   <trkpt lat="39.6922350" lon="-105.1803930">
    <ele>1881.0</ele>
    <time>2026-07-15T20:56:20Z</time>
   </trkpt>
   <trkpt lat="39.6921930" lon="-105.1803470">
    <ele>1880.9</ele>
    <time>2026-07-15T20:56:21Z</time>
   </trkpt>
   <trkpt lat="39.6921570" lon="-105.1803020">
    <ele>1880.8</ele>
    <time>2026-07-15T20:56:22Z</time>
   </trkpt>
   <trkpt lat="39.6921230" lon="-105.1802580">
    <ele>1880.7</ele>
    <time>2026-07-15T20:56:23Z</time>
   </trkpt>
   <trkpt lat="39.6920870" lon="-105.1802290">
    <ele>1880.6</ele>
    <time>2026-07-15T20:56:24Z</time>
   </trkpt>
   <trkpt lat="39.6920470" lon="-105.1801990">
    <ele>1880.4</ele>
    <time>2026-07-15T20:56:25Z</time>
   </trkpt>
   <trkpt lat="39.6920090" lon="-105.1801470">
    <ele>1880.2</ele>
    <time>2026-07-15T20:56:26Z</time>
   </trkpt>
   <trkpt lat="39.6919840" lon="-105.1800930">
    <ele>1880.0</ele>
    <time>2026-07-15T20:56:27Z</time>
   </trkpt>
   <trkpt lat="39.6919490" lon="-105.1800520">
    <ele>1879.8</ele>
    <time>2026-07-15T20:56:28Z</time>
   </trkpt>
   <trkpt lat="39.6919160" lon="-105.1799890">
    <ele>1879.5</ele>
    <time>2026-07-15T20:56:29Z</time>
   </trkpt>
   <trkpt lat="39.6919130" lon="-105.1799900">
    <ele>1879.5</ele>
    <time>2026-07-15T20:56:30Z</time>
   </trkpt>
   <trkpt lat="39.6918780" lon="-105.1799780">
    <ele>1879.3</ele>
    <time>2026-07-15T20:56:31Z</time>
   </trkpt>
   <trkpt lat="39.6918530" lon="-105.1799700">
    <ele>1879.1</ele>
    <time>2026-07-15T20:56:32Z</time>
   </trkpt>
   <trkpt lat="39.6918380" lon="-105.1799850">
    <ele>1879.0</ele>
    <time>2026-07-15T20:56:33Z</time>
   </trkpt>
   <trkpt lat="39.6916260" lon="-105.1796710">
    <ele>1877.1</ele>
    <time>2026-07-15T20:56:34Z</time>
   </trkpt>
   <trkpt lat="39.6915740" lon="-105.1796110">
    <ele>1876.8</ele>
    <time>2026-07-15T20:56:35Z</time>
   </trkpt>
   <trkpt lat="39.6915310" lon="-105.1795570">
    <ele>1876.6</ele>
    <time>2026-07-15T20:56:36Z</time>
   </trkpt>
   <trkpt lat="39.6914890" lon="-105.1794920">
    <ele>1876.4</ele>
    <time>2026-07-15T20:56:37Z</time>
   </trkpt>
   <trkpt lat="39.6914160" lon="-105.1794470">
    <ele>1876.2</ele>
    <time>2026-07-15T20:56:38Z</time>
   </trkpt>
   <trkpt lat="39.6913500" lon="-105.1793930">
    <ele>1876.1</ele>
    <time>2026-07-15T20:56:39Z</time>
   </trkpt>
   <trkpt lat="39.6912980" lon="-105.1793390">
    <ele>1876.1</ele>
    <time>2026-07-15T20:56:40Z</time>
   </trkpt>
   <trkpt lat="39.6912390" lon="-105.1793000">
    <ele>1876.0</ele>
    <time>2026-07-15T20:56:41Z</time>
   </trkpt>
   <trkpt lat="39.6911850" lon="-105.1792470">
    <ele>1876.0</ele>
    <time>2026-07-15T20:56:42Z</time>
   </trkpt>
   <trkpt lat="39.6911370" lon="-105.1792030">
    <ele>1876.0</ele>
    <time>2026-07-15T20:56:43Z</time>
   </trkpt>
   <trkpt lat="39.6910790" lon="-105.1791840">
    <ele>1876.1</ele>
    <time>2026-07-15T20:56:44Z</time>
   </trkpt>
   <trkpt lat="39.6910360" lon="-105.1791110">
    <ele>1876.2</ele>
    <time>2026-07-15T20:56:45Z</time>
   </trkpt>
   <trkpt lat="39.6910060" lon="-105.1790460">
    <ele>1876.4</ele>
    <time>2026-07-15T20:56:46Z</time>
   </trkpt>
   <trkpt lat="39.6909700" lon="-105.1789730">
    <ele>1876.6</ele>
    <time>2026-07-15T20:56:47Z</time>
   </trkpt>
   <trkpt lat="39.6909680" lon="-105.1789060">
    <ele>1876.8</ele>
    <time>2026-07-15T20:56:48Z</time>
   </trkpt>
   <trkpt lat="39.6909430" lon="-105.1788990">
    <ele>1876.9</ele>
    <time>2026-07-15T20:56:49Z</time>
   </trkpt>
   <trkpt lat="39.6909180" lon="-105.1788510">
    <ele>1877.1</ele>
    <time>2026-07-15T20:56:50Z</time>
   </trkpt>
   <trkpt lat="39.6909050" lon="-105.1787960">
    <ele>1877.3</ele>
    <time>2026-07-15T20:56:51Z</time>
   </trkpt>
   <trkpt lat="39.6908310" lon="-105.1787050">
    <ele>1877.7</ele>
    <time>2026-07-15T20:56:52Z</time>
   </trkpt>
   <trkpt lat="39.6907990" lon="-105.1786710">
    <ele>1877.8</ele>
    <time>2026-07-15T20:56:53Z</time>
   </trkpt>
   <trkpt lat="39.6907960" lon="-105.1786250">
    <ele>1878.0</ele>
    <time>2026-07-15T20:56:54Z</time>
   </trkpt>
   <trkpt lat="39.6907910" lon="-105.1785490">
    <ele>1878.1</ele>
    <time>2026-07-15T20:56:55Z</time>
   </trkpt>
   <trkpt lat="39.6907380" lon="-105.1786420">
    <ele>1878.4</ele>
    <time>2026-07-15T20:56:56Z</time>
   </trkpt>
   <trkpt lat="39.6907270" lon="-105.1786280">
    <ele>1878.5</ele>
    <time>2026-07-15T20:56:57Z</time>
   </trkpt>
   <trkpt lat="39.6906910" lon="-105.1786060">
    <ele>1878.6</ele>
    <time>2026-07-15T20:56:58Z</time>
   </trkpt>
   <trkpt lat="39.6906690" lon="-105.1785710">
    <ele>1878.7</ele>
    <time>2026-07-15T20:56:59Z</time>
   </trkpt>
   <trkpt lat="39.6906460" lon="-105.1785540">
    <ele>1878.7</ele>
    <time>2026-07-15T20:57:00Z</time>
   </trkpt>
   <trkpt lat="39.6906290" lon="-105.1785210">
    <ele>1878.8</ele>
    <time>2026-07-15T20:57:01Z</time>
   </trkpt>
   <trkpt lat="39.6906120" lon="-105.1784870">
    <ele>1878.9</ele>
    <time>2026-07-15T20:57:02Z</time>
   </trkpt>
   <trkpt lat="39.6906130" lon="-105.1784240">
    <ele>1879.1</ele>
    <time>2026-07-15T20:57:03Z</time>
   </trkpt>
   <trkpt lat="39.6906140" lon="-105.1783860">
    <ele>1879.2</ele>
    <time>2026-07-15T20:57:04Z</time>
   </trkpt>
   <trkpt lat="39.6906200" lon="-105.1783420">
    <ele>1879.4</ele>
    <time>2026-07-15T20:57:05Z</time>
   </trkpt>
   <trkpt lat="39.6906230" lon="-105.1783010">
    <ele>1879.5</ele>
    <time>2026-07-15T20:57:06Z</time>
   </trkpt>
   <trkpt lat="39.6906200" lon="-105.1782630">
    <ele>1879.6</ele>
    <time>2026-07-15T20:57:07Z</time>
   </trkpt>
   <trkpt lat="39.6906190" lon="-105.1782230">
    <ele>1879.7</ele>
    <time>2026-07-15T20:57:08Z</time>
   </trkpt>
   <trkpt lat="39.6906080" lon="-105.1781960">
    <ele>1879.8</ele>
    <time>2026-07-15T20:57:09Z</time>
   </trkpt>
   <trkpt lat="39.6905870" lon="-105.1781770">
    <ele>1879.9</ele>
    <time>2026-07-15T20:57:10Z</time>
   </trkpt>
   <trkpt lat="39.6905970" lon="-105.1781330">
    <ele>1880.0</ele>
    <time>2026-07-15T20:57:11Z</time>
   </trkpt>
   <trkpt lat="39.6905970" lon="-105.1780930">
    <ele>1880.0</ele>
    <time>2026-07-15T20:57:12Z</time>
   </trkpt>
   <trkpt lat="39.6905970" lon="-105.1780540">
    <ele>1880.1</ele>
    <time>2026-07-15T20:57:13Z</time>
   </trkpt>
   <trkpt lat="39.6906000" lon="-105.1779330">
    <ele>1879.9</ele>
    <time>2026-07-15T20:57:14Z</time>
   </trkpt>
   <trkpt lat="39.6906030" lon="-105.1778120">
    <ele>1879.6</ele>
    <time>2026-07-15T20:57:15Z</time>
   </trkpt>
   <trkpt lat="39.6906120" lon="-105.1777900">
    <ele>1879.5</ele>
    <time>2026-07-15T20:57:16Z</time>
   </trkpt>
   <trkpt lat="39.6906110" lon="-105.1777350">
    <ele>1879.4</ele>
    <time>2026-07-15T20:57:17Z</time>
   </trkpt>
   <trkpt lat="39.6905760" lon="-105.1776760">
    <ele>1879.2</ele>
    <time>2026-07-15T20:57:18Z</time>
   </trkpt>
   <trkpt lat="39.6905200" lon="-105.1776210">
    <ele>1879.1</ele>
    <time>2026-07-15T20:57:19Z</time>
   </trkpt>
   <trkpt lat="39.6904700" lon="-105.1776150">
    <ele>1879.1</ele>
    <time>2026-07-15T20:57:20Z</time>
   </trkpt>
   <trkpt lat="39.6904400" lon="-105.1776440">
    <ele>1879.0</ele>
    <time>2026-07-15T20:57:21Z</time>
   </trkpt>
   <trkpt lat="39.6903980" lon="-105.1776860">
    <ele>1878.9</ele>
    <time>2026-07-15T20:57:22Z</time>
   </trkpt>
   <trkpt lat="39.6903550" lon="-105.1777180">
    <ele>1878.9</ele>
    <time>2026-07-15T20:57:23Z</time>
   </trkpt>
   <trkpt lat="39.6903120" lon="-105.1777480">
    <ele>1878.8</ele>
    <time>2026-07-15T20:57:24Z</time>
   </trkpt>
   <trkpt lat="39.6902690" lon="-105.1777760">
    <ele>1878.7</ele>
    <time>2026-07-15T20:57:25Z</time>
   </trkpt>
   <trkpt lat="39.6902300" lon="-105.1778060">
    <ele>1878.6</ele>
    <time>2026-07-15T20:57:26Z</time>
   </trkpt>
   <trkpt lat="39.6901870" lon="-105.1778330">
    <ele>1878.4</ele>
    <time>2026-07-15T20:57:27Z</time>
   </trkpt>
   <trkpt lat="39.6901450" lon="-105.1778690">
    <ele>1878.3</ele>
    <time>2026-07-15T20:57:28Z</time>
   </trkpt>
   <trkpt lat="39.6901070" lon="-105.1779130">
    <ele>1878.1</ele>
    <time>2026-07-15T20:57:29Z</time>
   </trkpt>
   <trkpt lat="39.6900700" lon="-105.1779570">
    <ele>1877.9</ele>
    <time>2026-07-15T20:57:30Z</time>
   </trkpt>
   <trkpt lat="39.6900330" lon="-105.1779980">
    <ele>1877.6</ele>
    <time>2026-07-15T20:57:31Z</time>
   </trkpt>
   <trkpt lat="39.6899910" lon="-105.1780320">
    <ele>1877.4</ele>
    <time>2026-07-15T20:57:32Z</time>
   </trkpt>
   <trkpt lat="39.6899550" lon="-105.1780740">
    <ele>1877.1</ele>
    <time>2026-07-15T20:57:33Z</time>
   </trkpt>
   <trkpt lat="39.6898950" lon="-105.1781740">
    <ele>1876.6</ele>
    <time>2026-07-15T20:57:34Z</time>
   </trkpt>
   <trkpt lat="39.6898650" lon="-105.1782270">
    <ele>1876.4</ele>
    <time>2026-07-15T20:57:35Z</time>
   </trkpt>
   <trkpt lat="39.6898250" lon="-105.1782900">
    <ele>1876.2</ele>
    <time>2026-07-15T20:57:36Z</time>
   </trkpt>
   <trkpt lat="39.6897880" lon="-105.1783830">
    <ele>1876.0</ele>
    <time>2026-07-15T20:57:37Z</time>
   </trkpt>
   <trkpt lat="39.6897570" lon="-105.1784610">
    <ele>1875.8</ele>
    <time>2026-07-15T20:57:38Z</time>
   </trkpt>
   <trkpt lat="39.6897080" lon="-105.1785290">
    <ele>1875.6</ele>
    <time>2026-07-15T20:57:39Z</time>
   </trkpt>
   <trkpt lat="39.6896440" lon="-105.1785770">
    <ele>1875.5</ele>
    <time>2026-07-15T20:57:40Z</time>
   </trkpt>
   <trkpt lat="39.6895840" lon="-105.1786210">
    <ele>1875.5</ele>
    <time>2026-07-15T20:57:41Z</time>
   </trkpt>
   <trkpt lat="39.6895300" lon="-105.1786760">
    <ele>1875.5</ele>
    <time>2026-07-15T20:57:42Z</time>
   </trkpt>
   <trkpt lat="39.6894720" lon="-105.1787280">
    <ele>1875.5</ele>
    <time>2026-07-15T20:57:43Z</time>
   </trkpt>
   <trkpt lat="39.6894210" lon="-105.1787790">
    <ele>1875.6</ele>
    <time>2026-07-15T20:57:44Z</time>
   </trkpt>
   <trkpt lat="39.6893690" lon="-105.1788100">
    <ele>1875.7</ele>
    <time>2026-07-15T20:57:45Z</time>
   </trkpt>
   <trkpt lat="39.6893090" lon="-105.1788430">
    <ele>1875.9</ele>
    <time>2026-07-15T20:57:46Z</time>
   </trkpt>
   <trkpt lat="39.6892530" lon="-105.1788610">
    <ele>1876.1</ele>
    <time>2026-07-15T20:57:47Z</time>
   </trkpt>
   <trkpt lat="39.6891990" lon="-105.1788490">
    <ele>1876.3</ele>
    <time>2026-07-15T20:57:48Z</time>
   </trkpt>
   <trkpt lat="39.6891630" lon="-105.1787970">
    <ele>1876.5</ele>
    <time>2026-07-15T20:57:49Z</time>
   </trkpt>
   <trkpt lat="39.6891340" lon="-105.1787480">
    <ele>1876.7</ele>
    <time>2026-07-15T20:57:50Z</time>
   </trkpt>
   <trkpt lat="39.6891020" lon="-105.1787120">
    <ele>1876.9</ele>
    <time>2026-07-15T20:57:51Z</time>
   </trkpt>
   <trkpt lat="39.6890680" lon="-105.1786890">
    <ele>1877.1</ele>
    <time>2026-07-15T20:57:52Z</time>
   </trkpt>
   <trkpt lat="39.6890270" lon="-105.1786690">
    <ele>1877.4</ele>
    <time>2026-07-15T20:57:53Z</time>
   </trkpt>
   <trkpt lat="39.6889860" lon="-105.1786670">
    <ele>1877.6</ele>
    <time>2026-07-15T20:57:54Z</time>
   </trkpt>
   <trkpt lat="39.6889520" lon="-105.1786550">
    <ele>1877.9</ele>
    <time>2026-07-15T20:57:55Z</time>
   </trkpt>
   <trkpt lat="39.6889170" lon="-105.1786590">
    <ele>1878.1</ele>
    <time>2026-07-15T20:57:56Z</time>
   </trkpt>
   <trkpt lat="39.6888750" lon="-105.1786370">
    <ele>1878.5</ele>
    <time>2026-07-15T20:57:57Z</time>
   </trkpt>
   <trkpt lat="39.6888560" lon="-105.1785960">
    <ele>1878.7</ele>
    <time>2026-07-15T20:57:58Z</time>
   </trkpt>
   <trkpt lat="39.6888320" lon="-105.1785760">
    <ele>1878.9</ele>
    <time>2026-07-15T20:57:59Z</time>
   </trkpt>
   <trkpt lat="39.6888060" lon="-105.1785820">
    <ele>1879.1</ele>
    <time>2026-07-15T20:58:00Z</time>
   </trkpt>
   <trkpt lat="39.6887990" lon="-105.1785990">
    <ele>1879.2</ele>
    <time>2026-07-15T20:58:01Z</time>
   </trkpt>
   <trkpt lat="39.6887780" lon="-105.1786400">
    <ele>1879.4</ele>
    <time>2026-07-15T20:58:02Z</time>
   </trkpt>
   <trkpt lat="39.6887700" lon="-105.1786540">
    <ele>1879.5</ele>
    <time>2026-07-15T20:58:03Z</time>
   </trkpt>
   <trkpt lat="39.6887490" lon="-105.1786560">
    <ele>1879.6</ele>
    <time>2026-07-15T20:58:04Z</time>
   </trkpt>
   <trkpt lat="39.6887080" lon="-105.1786620">
    <ele>1879.8</ele>
    <time>2026-07-15T20:58:05Z</time>
   </trkpt>
   <trkpt lat="39.6886910" lon="-105.1786680">
    <ele>1879.9</ele>
    <time>2026-07-15T20:58:06Z</time>
   </trkpt>
   <trkpt lat="39.6886760" lon="-105.1786900">
    <ele>1880.0</ele>
    <time>2026-07-15T20:58:07Z</time>
   </trkpt>
   <trkpt lat="39.6886250" lon="-105.1786880">
    <ele>1880.2</ele>
    <time>2026-07-15T20:58:08Z</time>
   </trkpt>
   <trkpt lat="39.6886030" lon="-105.1786940">
    <ele>1880.3</ele>
    <time>2026-07-15T20:58:09Z</time>
   </trkpt>
   <trkpt lat="39.6885730" lon="-105.1787070">
    <ele>1880.4</ele>
    <time>2026-07-15T20:58:10Z</time>
   </trkpt>
   <trkpt lat="39.6885490" lon="-105.1787060">
    <ele>1880.5</ele>
    <time>2026-07-15T20:58:11Z</time>
   </trkpt>
   <trkpt lat="39.6885310" lon="-105.1787100">
    <ele>1880.6</ele>
    <time>2026-07-15T20:58:12Z</time>
   </trkpt>
   <trkpt lat="39.6885160" lon="-105.1786970">
    <ele>1880.7</ele>
    <time>2026-07-15T20:58:13Z</time>
   </trkpt>
   <trkpt lat="39.6884200" lon="-105.1786700">
    <ele>1881.4</ele>
    <time>2026-07-15T20:58:14Z</time>
   </trkpt>
   <trkpt lat="39.6884120" lon="-105.1786690">
    <ele>1881.5</ele>
    <time>2026-07-15T20:58:15Z</time>
   </trkpt>
   <trkpt lat="39.6883800" lon="-105.1786470">
    <ele>1881.8</ele>
    <time>2026-07-15T20:58:16Z</time>
   </trkpt>
   <trkpt lat="39.6883470" lon="-105.1786430">
    <ele>1882.0</ele>
    <time>2026-07-15T20:58:17Z</time>
   </trkpt>
   <trkpt lat="39.6883180" lon="-105.1786500">
    <ele>1882.2</ele>
    <time>2026-07-15T20:58:18Z</time>
   </trkpt>
   <trkpt lat="39.6882910" lon="-105.1786670">
    <ele>1882.4</ele>
    <time>2026-07-15T20:58:20Z</time>
   </trkpt>
   <trkpt lat="39.6882720" lon="-105.1787030">
    <ele>1882.6</ele>
    <time>2026-07-15T20:58:21Z</time>
   </trkpt>
   <trkpt lat="39.6882590" lon="-105.1787270">
    <ele>1882.8</ele>
    <time>2026-07-15T20:58:22Z</time>
   </trkpt>
   <trkpt lat="39.6882280" lon="-105.1787390">
    <ele>1882.9</ele>
    <time>2026-07-15T20:58:23Z</time>
   </trkpt>
   <trkpt lat="39.6882020" lon="-105.1787650">
    <ele>1883.0</ele>
    <time>2026-07-15T20:58:24Z</time>
   </trkpt>
   <trkpt lat="39.6881710" lon="-105.1787690">
    <ele>1883.1</ele>
    <time>2026-07-15T20:58:25Z</time>
   </trkpt>
   <trkpt lat="39.6881420" lon="-105.1787860">
    <ele>1883.1</ele>
    <time>2026-07-15T20:58:26Z</time>
   </trkpt>
   <trkpt lat="39.6881090" lon="-105.1787990">
    <ele>1883.0</ele>
    <time>2026-07-15T20:58:27Z</time>
   </trkpt>
   <trkpt lat="39.6880420" lon="-105.1788250">
    <ele>1882.8</ele>
    <time>2026-07-15T20:58:28Z</time>
   </trkpt>
   <trkpt lat="39.6879960" lon="-105.1788330">
    <ele>1882.5</ele>
    <time>2026-07-15T20:58:29Z</time>
   </trkpt>
   <trkpt lat="39.6879870" lon="-105.1788360">
    <ele>1882.4</ele>
    <time>2026-07-15T20:58:30Z</time>
   </trkpt>
   <trkpt lat="39.6879550" lon="-105.1788320">
    <ele>1882.2</ele>
    <time>2026-07-15T20:58:31Z</time>
   </trkpt>
   <trkpt lat="39.6879250" lon="-105.1788320">
    <ele>1882.0</ele>
    <time>2026-07-15T20:58:32Z</time>
   </trkpt>
   <trkpt lat="39.6878960" lon="-105.1788280">
    <ele>1881.8</ele>
    <time>2026-07-15T20:58:33Z</time>
   </trkpt>
   <trkpt lat="39.6878650" lon="-105.1788390">
    <ele>1881.5</ele>
    <time>2026-07-15T20:58:34Z</time>
   </trkpt>
   <trkpt lat="39.6878300" lon="-105.1788310">
    <ele>1881.3</ele>
    <time>2026-07-15T20:58:35Z</time>
   </trkpt>
   <trkpt lat="39.6877670" lon="-105.1787860">
    <ele>1880.7</ele>
    <time>2026-07-15T20:58:36Z</time>
   </trkpt>
   <trkpt lat="39.6876610" lon="-105.1787560">
    <ele>1880.0</ele>
    <time>2026-07-15T20:58:37Z</time>
   </trkpt>
   <trkpt lat="39.6876050" lon="-105.1787000">
    <ele>1879.5</ele>
    <time>2026-07-15T20:58:38Z</time>
   </trkpt>
   <trkpt lat="39.6875350" lon="-105.1786430">
    <ele>1878.8</ele>
    <time>2026-07-15T20:58:39Z</time>
   </trkpt>
   <trkpt lat="39.6874640" lon="-105.1785860">
    <ele>1878.1</ele>
    <time>2026-07-15T20:58:40Z</time>
   </trkpt>
   <trkpt lat="39.6873910" lon="-105.1785390">
    <ele>1877.2</ele>
    <time>2026-07-15T20:58:41Z</time>
   </trkpt>
   <trkpt lat="39.6873150" lon="-105.1784860">
    <ele>1876.3</ele>
    <time>2026-07-15T20:58:42Z</time>
   </trkpt>
   <trkpt lat="39.6872300" lon="-105.1784350">
    <ele>1875.3</ele>
    <time>2026-07-15T20:58:43Z</time>
   </trkpt>
   <trkpt lat="39.6871440" lon="-105.1783680">
    <ele>1874.3</ele>
    <time>2026-07-15T20:58:44Z</time>
   </trkpt>
   <trkpt lat="39.6870590" lon="-105.1782970">
    <ele>1873.3</ele>
    <time>2026-07-15T20:58:45Z</time>
   </trkpt>
   <trkpt lat="39.6869710" lon="-105.1782280">
    <ele>1872.3</ele>
    <time>2026-07-15T20:58:46Z</time>
   </trkpt>
   <trkpt lat="39.6868810" lon="-105.1781570">
    <ele>1871.4</ele>
    <time>2026-07-15T20:58:47Z</time>
   </trkpt>
   <trkpt lat="39.6867980" lon="-105.1780690">
    <ele>1870.7</ele>
    <time>2026-07-15T20:58:48Z</time>
   </trkpt>
   <trkpt lat="39.6867160" lon="-105.1779810">
    <ele>1870.0</ele>
    <time>2026-07-15T20:58:49Z</time>
   </trkpt>
   <trkpt lat="39.6866340" lon="-105.1778920">
    <ele>1869.3</ele>
    <time>2026-07-15T20:58:50Z</time>
   </trkpt>
   <trkpt lat="39.6865470" lon="-105.1778320">
    <ele>1868.5</ele>
    <time>2026-07-15T20:58:51Z</time>
   </trkpt>
   <trkpt lat="39.6864600" lon="-105.1777640">
    <ele>1867.6</ele>
    <time>2026-07-15T20:58:52Z</time>
   </trkpt>
   <trkpt lat="39.6863810" lon="-105.1776820">
    <ele>1866.8</ele>
    <time>2026-07-15T20:58:53Z</time>
   </trkpt>
   <trkpt lat="39.6862980" lon="-105.1775780">
    <ele>1866.0</ele>
    <time>2026-07-15T20:58:54Z</time>
   </trkpt>
   <trkpt lat="39.6862230" lon="-105.1774660">
    <ele>1865.4</ele>
    <time>2026-07-15T20:58:55Z</time>
   </trkpt>
   <trkpt lat="39.6861510" lon="-105.1773560">
    <ele>1865.0</ele>
    <time>2026-07-15T20:58:56Z</time>
   </trkpt>
   <trkpt lat="39.6860790" lon="-105.1772410">
    <ele>1864.7</ele>
    <time>2026-07-15T20:58:57Z</time>
   </trkpt>
   <trkpt lat="39.6860060" lon="-105.1771430">
    <ele>1864.7</ele>
    <time>2026-07-15T20:58:58Z</time>
   </trkpt>
   <trkpt lat="39.6859330" lon="-105.1770530">
    <ele>1864.8</ele>
    <time>2026-07-15T20:58:59Z</time>
   </trkpt>
   <trkpt lat="39.6858680" lon="-105.1769710">
    <ele>1865.1</ele>
    <time>2026-07-15T20:59:00Z</time>
   </trkpt>
   <trkpt lat="39.6858050" lon="-105.1769000">
    <ele>1865.4</ele>
    <time>2026-07-15T20:59:01Z</time>
   </trkpt>
   <trkpt lat="39.6857360" lon="-105.1768520">
    <ele>1865.7</ele>
    <time>2026-07-15T20:59:02Z</time>
   </trkpt>
   <trkpt lat="39.6856660" lon="-105.1768250">
    <ele>1866.0</ele>
    <time>2026-07-15T20:59:03Z</time>
   </trkpt>
   <trkpt lat="39.6856040" lon="-105.1767930">
    <ele>1866.2</ele>
    <time>2026-07-15T20:59:04Z</time>
   </trkpt>
   <trkpt lat="39.6855510" lon="-105.1767420">
    <ele>1866.3</ele>
    <time>2026-07-15T20:59:05Z</time>
   </trkpt>
   <trkpt lat="39.6854930" lon="-105.1766930">
    <ele>1866.5</ele>
    <time>2026-07-15T20:59:06Z</time>
   </trkpt>
   <trkpt lat="39.6854360" lon="-105.1766450">
    <ele>1866.6</ele>
    <time>2026-07-15T20:59:07Z</time>
   </trkpt>
   <trkpt lat="39.6853840" lon="-105.1765960">
    <ele>1866.6</ele>
    <time>2026-07-15T20:59:08Z</time>
   </trkpt>
   <trkpt lat="39.6853310" lon="-105.1765480">
    <ele>1866.7</ele>
    <time>2026-07-15T20:59:09Z</time>
   </trkpt>
   <trkpt lat="39.6852810" lon="-105.1765020">
    <ele>1866.7</ele>
    <time>2026-07-15T20:59:10Z</time>
   </trkpt>
   <trkpt lat="39.6851760" lon="-105.1764080">
    <ele>1866.5</ele>
    <time>2026-07-15T20:59:11Z</time>
   </trkpt>
   <trkpt lat="39.6851190" lon="-105.1763630">
    <ele>1866.4</ele>
    <time>2026-07-15T20:59:12Z</time>
   </trkpt>
   <trkpt lat="39.6850690" lon="-105.1763320">
    <ele>1866.4</ele>
    <time>2026-07-15T20:59:13Z</time>
   </trkpt>
   <trkpt lat="39.6850180" lon="-105.1762780">
    <ele>1866.3</ele>
    <time>2026-07-15T20:59:14Z</time>
   </trkpt>
   <trkpt lat="39.6849700" lon="-105.1762320">
    <ele>1866.2</ele>
    <time>2026-07-15T20:59:15Z</time>
   </trkpt>
   <trkpt lat="39.6849240" lon="-105.1761820">
    <ele>1866.1</ele>
    <time>2026-07-15T20:59:16Z</time>
   </trkpt>
   <trkpt lat="39.6848780" lon="-105.1761250">
    <ele>1866.0</ele>
    <time>2026-07-15T20:59:17Z</time>
   </trkpt>
   <trkpt lat="39.6848310" lon="-105.1760740">
    <ele>1865.9</ele>
    <time>2026-07-15T20:59:18Z</time>
   </trkpt>
   <trkpt lat="39.6847860" lon="-105.1760180">
    <ele>1865.8</ele>
    <time>2026-07-15T20:59:19Z</time>
   </trkpt>
   <trkpt lat="39.6847440" lon="-105.1759520">
    <ele>1865.8</ele>
    <time>2026-07-15T20:59:20Z</time>
   </trkpt>
   <trkpt lat="39.6847020" lon="-105.1758820">
    <ele>1865.8</ele>
    <time>2026-07-15T20:59:21Z</time>
   </trkpt>
   <trkpt lat="39.6846730" lon="-105.1758180">
    <ele>1865.8</ele>
    <time>2026-07-15T20:59:22Z</time>
   </trkpt>
   <trkpt lat="39.6846410" lon="-105.1757480">
    <ele>1865.8</ele>
    <time>2026-07-15T20:59:23Z</time>
   </trkpt>
   <trkpt lat="39.6846100" lon="-105.1756930">
    <ele>1865.8</ele>
    <time>2026-07-15T20:59:24Z</time>
   </trkpt>
   <trkpt lat="39.6845640" lon="-105.1756370">
    <ele>1865.7</ele>
    <time>2026-07-15T20:59:25Z</time>
   </trkpt>
   <trkpt lat="39.6845250" lon="-105.1755790">
    <ele>1865.7</ele>
    <time>2026-07-15T20:59:26Z</time>
   </trkpt>
   <trkpt lat="39.6844750" lon="-105.1755150">
    <ele>1865.6</ele>
    <time>2026-07-15T20:59:27Z</time>
   </trkpt>
   <trkpt lat="39.6844330" lon="-105.1754660">
    <ele>1865.5</ele>
    <time>2026-07-15T20:59:28Z</time>
   </trkpt>
   <trkpt lat="39.6843960" lon="-105.1754050">
    <ele>1865.4</ele>
    <time>2026-07-15T20:59:29Z</time>
   </trkpt>
   <trkpt lat="39.6843590" lon="-105.1753410">
    <ele>1865.2</ele>
    <time>2026-07-15T20:59:30Z</time>
   </trkpt>
   <trkpt lat="39.6843250" lon="-105.1752760">
    <ele>1865.2</ele>
    <time>2026-07-15T20:59:31Z</time>
   </trkpt>
   <trkpt lat="39.6842920" lon="-105.1752100">
    <ele>1865.1</ele>
    <time>2026-07-15T20:59:32Z</time>
   </trkpt>
   <trkpt lat="39.6842600" lon="-105.1751410">
    <ele>1865.0</ele>
    <time>2026-07-15T20:59:33Z</time>
   </trkpt>
   <trkpt lat="39.6842290" lon="-105.1750820">
    <ele>1865.0</ele>
    <time>2026-07-15T20:59:34Z</time>
   </trkpt>
   <trkpt lat="39.6842110" lon="-105.1750290">
    <ele>1865.1</ele>
    <time>2026-07-15T20:59:35Z</time>
   </trkpt>
   <trkpt lat="39.6841850" lon="-105.1749720">
    <ele>1865.1</ele>
    <time>2026-07-15T20:59:36Z</time>
   </trkpt>
   <trkpt lat="39.6841740" lon="-105.1749260">
    <ele>1865.2</ele>
    <time>2026-07-15T20:59:37Z</time>
   </trkpt>
   <trkpt lat="39.6841550" lon="-105.1748550">
    <ele>1865.2</ele>
    <time>2026-07-15T20:59:38Z</time>
   </trkpt>
   <trkpt lat="39.6841700" lon="-105.1748630">
    <ele>1865.2</ele>
    <time>2026-07-15T20:59:39Z</time>
   </trkpt>
   <trkpt lat="39.6841580" lon="-105.1748300">
    <ele>1865.2</ele>
    <time>2026-07-15T20:59:40Z</time>
   </trkpt>
   <trkpt lat="39.6841490" lon="-105.1748160">
    <ele>1865.2</ele>
    <time>2026-07-15T20:59:41Z</time>
   </trkpt>
   <trkpt lat="39.6841310" lon="-105.1748010">
    <ele>1865.2</ele>
    <time>2026-07-15T20:59:42Z</time>
   </trkpt>
   <trkpt lat="39.6841350" lon="-105.1747400">
    <ele>1865.0</ele>
    <time>2026-07-15T20:59:43Z</time>
   </trkpt>
   <trkpt lat="39.6841020" lon="-105.1746460">
    <ele>1864.7</ele>
    <time>2026-07-15T20:59:44Z</time>
   </trkpt>
   <trkpt lat="39.6840710" lon="-105.1745050">
    <ele>1864.2</ele>
    <time>2026-07-15T20:59:45Z</time>
   </trkpt>
   <trkpt lat="39.6840530" lon="-105.1744130">
    <ele>1864.0</ele>
    <time>2026-07-15T20:59:46Z</time>
   </trkpt>
   <trkpt lat="39.6840390" lon="-105.1743270">
    <ele>1863.9</ele>
    <time>2026-07-15T20:59:47Z</time>
   </trkpt>
   <trkpt lat="39.6840120" lon="-105.1742520">
    <ele>1863.8</ele>
    <time>2026-07-15T20:59:48Z</time>
   </trkpt>
   <trkpt lat="39.6839680" lon="-105.1742040">
    <ele>1863.7</ele>
    <time>2026-07-15T20:59:49Z</time>
   </trkpt>
   <trkpt lat="39.6839160" lon="-105.1741660">
    <ele>1863.6</ele>
    <time>2026-07-15T20:59:50Z</time>
   </trkpt>
   <trkpt lat="39.6838610" lon="-105.1741420">
    <ele>1863.5</ele>
    <time>2026-07-15T20:59:51Z</time>
   </trkpt>
   <trkpt lat="39.6838250" lon="-105.1741320">
    <ele>1863.5</ele>
    <time>2026-07-15T20:59:52Z</time>
   </trkpt>
   <trkpt lat="39.6837910" lon="-105.1741170">
    <ele>1863.4</ele>
    <time>2026-07-15T20:59:53Z</time>
   </trkpt>
   <trkpt lat="39.6837760" lon="-105.1740990">
    <ele>1863.3</ele>
    <time>2026-07-15T20:59:54Z</time>
   </trkpt>
   <trkpt lat="39.6837550" lon="-105.1740630">
    <ele>1863.3</ele>
    <time>2026-07-15T20:59:55Z</time>
   </trkpt>
   <trkpt lat="39.6837270" lon="-105.1740150">
    <ele>1863.2</ele>
    <time>2026-07-15T20:59:56Z</time>
   </trkpt>
   <trkpt lat="39.6836920" lon="-105.1739700">
    <ele>1863.1</ele>
    <time>2026-07-15T20:59:57Z</time>
   </trkpt>
   <trkpt lat="39.6836550" lon="-105.1739300">
    <ele>1863.0</ele>
    <time>2026-07-15T20:59:58Z</time>
   </trkpt>
   <trkpt lat="39.6836220" lon="-105.1738890">
    <ele>1863.0</ele>
    <time>2026-07-15T20:59:59Z</time>
   </trkpt>
   <trkpt lat="39.6835850" lon="-105.1738510">
    <ele>1863.1</ele>
    <time>2026-07-15T21:00:00Z</time>
   </trkpt>
   <trkpt lat="39.6835410" lon="-105.1738240">
    <ele>1863.2</ele>
    <time>2026-07-15T21:00:01Z</time>
   </trkpt>
   <trkpt lat="39.6834820" lon="-105.1738270">
    <ele>1863.3</ele>
    <time>2026-07-15T21:00:02Z</time>
   </trkpt>
   <trkpt lat="39.6834180" lon="-105.1739240">
    <ele>1863.7</ele>
    <time>2026-07-15T21:00:03Z</time>
   </trkpt>
   <trkpt lat="39.6833710" lon="-105.1739320">
    <ele>1863.9</ele>
    <time>2026-07-15T21:00:04Z</time>
   </trkpt>
   <trkpt lat="39.6833320" lon="-105.1738810">
    <ele>1864.2</ele>
    <time>2026-07-15T21:00:05Z</time>
   </trkpt>
   <trkpt lat="39.6832900" lon="-105.1738810">
    <ele>1864.4</ele>
    <time>2026-07-15T21:00:06Z</time>
   </trkpt>
   <trkpt lat="39.6832510" lon="-105.1738990">
    <ele>1864.5</ele>
    <time>2026-07-15T21:00:07Z</time>
   </trkpt>
   <trkpt lat="39.6832270" lon="-105.1738720">
    <ele>1864.6</ele>
    <time>2026-07-15T21:00:08Z</time>
   </trkpt>
   <trkpt lat="39.6832030" lon="-105.1738440">
    <ele>1864.7</ele>
    <time>2026-07-15T21:00:09Z</time>
   </trkpt>
   <trkpt lat="39.6831750" lon="-105.1738750">
    <ele>1864.8</ele>
    <time>2026-07-15T21:00:10Z</time>
   </trkpt>
   <trkpt lat="39.6831400" lon="-105.1738570">
    <ele>1864.9</ele>
    <time>2026-07-15T21:00:11Z</time>
   </trkpt>
   <trkpt lat="39.6831130" lon="-105.1738550">
    <ele>1865.0</ele>
    <time>2026-07-15T21:00:12Z</time>
   </trkpt>
   <trkpt lat="39.6830860" lon="-105.1738110">
    <ele>1865.2</ele>
    <time>2026-07-15T21:00:13Z</time>
   </trkpt>
   <trkpt lat="39.6830570" lon="-105.1737900">
    <ele>1865.3</ele>
    <time>2026-07-15T21:00:14Z</time>
   </trkpt>
   <trkpt lat="39.6830280" lon="-105.1737640">
    <ele>1865.5</ele>
    <time>2026-07-15T21:00:15Z</time>
   </trkpt>
   <trkpt lat="39.6830000" lon="-105.1737310">
    <ele>1865.7</ele>
    <time>2026-07-15T21:00:16Z</time>
   </trkpt>
   <trkpt lat="39.6829720" lon="-105.1737070">
    <ele>1865.9</ele>
    <time>2026-07-15T21:00:17Z</time>
   </trkpt>
   <trkpt lat="39.6829480" lon="-105.1736800">
    <ele>1866.1</ele>
    <time>2026-07-15T21:00:18Z</time>
   </trkpt>
   <trkpt lat="39.6829190" lon="-105.1736610">
    <ele>1866.3</ele>
    <time>2026-07-15T21:00:19Z</time>
   </trkpt>
   <trkpt lat="39.6828940" lon="-105.1736280">
    <ele>1866.6</ele>
    <time>2026-07-15T21:00:20Z</time>
   </trkpt>
   <trkpt lat="39.6828630" lon="-105.1736140">
    <ele>1866.8</ele>
    <time>2026-07-15T21:00:21Z</time>
   </trkpt>
   <trkpt lat="39.6828350" lon="-105.1735950">
    <ele>1867.1</ele>
    <time>2026-07-15T21:00:22Z</time>
   </trkpt>
   <trkpt lat="39.6828100" lon="-105.1735740">
    <ele>1867.3</ele>
    <time>2026-07-15T21:00:23Z</time>
   </trkpt>
   <trkpt lat="39.6827870" lon="-105.1735650">
    <ele>1867.5</ele>
    <time>2026-07-15T21:00:24Z</time>
   </trkpt>
   <trkpt lat="39.6827650" lon="-105.1735450">
    <ele>1867.7</ele>
    <time>2026-07-15T21:00:26Z</time>
   </trkpt>
   <trkpt lat="39.6827410" lon="-105.1735080">
    <ele>1868.0</ele>
    <time>2026-07-15T21:00:27Z</time>
   </trkpt>
   <trkpt lat="39.6827150" lon="-105.1734760">
    <ele>1868.3</ele>
    <time>2026-07-15T21:00:28Z</time>
   </trkpt>
   <trkpt lat="39.6826870" lon="-105.1734500">
    <ele>1868.5</ele>
    <time>2026-07-15T21:00:29Z</time>
   </trkpt>
   <trkpt lat="39.6826570" lon="-105.1734290">
    <ele>1868.8</ele>
    <time>2026-07-15T21:00:30Z</time>
   </trkpt>
   <trkpt lat="39.6826330" lon="-105.1733840">
    <ele>1869.0</ele>
    <time>2026-07-15T21:00:31Z</time>
   </trkpt>
   <trkpt lat="39.6826060" lon="-105.1733630">
    <ele>1869.2</ele>
    <time>2026-07-15T21:00:32Z</time>
   </trkpt>
   <trkpt lat="39.6825790" lon="-105.1733230">
    <ele>1869.4</ele>
    <time>2026-07-15T21:00:33Z</time>
   </trkpt>
   <trkpt lat="39.6825530" lon="-105.1732870">
    <ele>1869.6</ele>
    <time>2026-07-15T21:00:34Z</time>
   </trkpt>
   <trkpt lat="39.6825370" lon="-105.1732440">
    <ele>1869.7</ele>
    <time>2026-07-15T21:00:35Z</time>
   </trkpt>
   <trkpt lat="39.6825190" lon="-105.1732150">
    <ele>1869.8</ele>
    <time>2026-07-15T21:00:36Z</time>
   </trkpt>
   <trkpt lat="39.6825040" lon="-105.1731650">
    <ele>1869.9</ele>
    <time>2026-07-15T21:00:37Z</time>
   </trkpt>
   <trkpt lat="39.6824910" lon="-105.1731220">
    <ele>1869.9</ele>
    <time>2026-07-15T21:00:38Z</time>
   </trkpt>
   <trkpt lat="39.6824680" lon="-105.1730550">
    <ele>1870.0</ele>
    <time>2026-07-15T21:00:39Z</time>
   </trkpt>
   <trkpt lat="39.6824530" lon="-105.1729860">
    <ele>1870.0</ele>
    <time>2026-07-15T21:00:40Z</time>
   </trkpt>
   <trkpt lat="39.6824440" lon="-105.1729380">
    <ele>1870.0</ele>
    <time>2026-07-15T21:00:41Z</time>
   </trkpt>
   <trkpt lat="39.6824260" lon="-105.1728910">
    <ele>1870.0</ele>
    <time>2026-07-15T21:00:42Z</time>
   </trkpt>
   <trkpt lat="39.6824100" lon="-105.1728330">
    <ele>1869.9</ele>
    <time>2026-07-15T21:00:43Z</time>
   </trkpt>
   <trkpt lat="39.6823970" lon="-105.1727710">
    <ele>1869.9</ele>
    <time>2026-07-15T21:00:44Z</time>
   </trkpt>
   <trkpt lat="39.6823800" lon="-105.1727210">
    <ele>1869.8</ele>
    <time>2026-07-15T21:00:45Z</time>
   </trkpt>
   <trkpt lat="39.6823590" lon="-105.1726800">
    <ele>1869.8</ele>
    <time>2026-07-15T21:00:46Z</time>
   </trkpt>
   <trkpt lat="39.6823540" lon="-105.1726180">
    <ele>1869.8</ele>
    <time>2026-07-15T21:00:47Z</time>
   </trkpt>
   <trkpt lat="39.6823410" lon="-105.1725730">
    <ele>1869.8</ele>
    <time>2026-07-15T21:00:48Z</time>
   </trkpt>
   <trkpt lat="39.6823240" lon="-105.1725230">
    <ele>1869.8</ele>
    <time>2026-07-15T21:00:49Z</time>
   </trkpt>
   <trkpt lat="39.6823090" lon="-105.1724890">
    <ele>1869.9</ele>
    <time>2026-07-15T21:00:50Z</time>
   </trkpt>
   <trkpt lat="39.6823000" lon="-105.1724450">
    <ele>1870.0</ele>
    <time>2026-07-15T21:00:51Z</time>
   </trkpt>
   <trkpt lat="39.6822880" lon="-105.1723960">
    <ele>1870.1</ele>
    <time>2026-07-15T21:00:52Z</time>
   </trkpt>
   <trkpt lat="39.6822730" lon="-105.1723520">
    <ele>1870.2</ele>
    <time>2026-07-15T21:00:53Z</time>
   </trkpt>
   <trkpt lat="39.6822620" lon="-105.1723140">
    <ele>1870.3</ele>
    <time>2026-07-15T21:00:54Z</time>
   </trkpt>
   <trkpt lat="39.6822550" lon="-105.1722820">
    <ele>1870.4</ele>
    <time>2026-07-15T21:00:55Z</time>
   </trkpt>
   <trkpt lat="39.6822420" lon="-105.1722360">
    <ele>1870.5</ele>
    <time>2026-07-15T21:00:56Z</time>
   </trkpt>
   <trkpt lat="39.6822410" lon="-105.1722150">
    <ele>1870.6</ele>
    <time>2026-07-15T21:00:57Z</time>
   </trkpt>
   <trkpt lat="39.6822350" lon="-105.1721800">
    <ele>1870.6</ele>
    <time>2026-07-15T21:00:58Z</time>
   </trkpt>
   <trkpt lat="39.6822110" lon="-105.1721290">
    <ele>1870.7</ele>
    <time>2026-07-15T21:00:59Z</time>
   </trkpt>
   <trkpt lat="39.6821930" lon="-105.1720900">
    <ele>1870.8</ele>
    <time>2026-07-15T21:01:00Z</time>
   </trkpt>
   <trkpt lat="39.6821740" lon="-105.1720520">
    <ele>1870.8</ele>
    <time>2026-07-15T21:01:01Z</time>
   </trkpt>
   <trkpt lat="39.6821540" lon="-105.1720210">
    <ele>1870.8</ele>
    <time>2026-07-15T21:01:02Z</time>
   </trkpt>
   <trkpt lat="39.6821390" lon="-105.1720080">
    <ele>1870.8</ele>
    <time>2026-07-15T21:01:03Z</time>
   </trkpt>
   <trkpt lat="39.6821260" lon="-105.1719860">
    <ele>1870.8</ele>
    <time>2026-07-15T21:01:04Z</time>
   </trkpt>
   <trkpt lat="39.6821160" lon="-105.1719590">
    <ele>1870.8</ele>
    <time>2026-07-15T21:01:05Z</time>
   </trkpt>
   <trkpt lat="39.6820980" lon="-105.1719270">
    <ele>1870.7</ele>
    <time>2026-07-15T21:01:06Z</time>
   </trkpt>
   <trkpt lat="39.6820900" lon="-105.1718750">
    <ele>1870.6</ele>
    <time>2026-07-15T21:01:07Z</time>
   </trkpt>
   <trkpt lat="39.6820790" lon="-105.1718240">
    <ele>1870.5</ele>
    <time>2026-07-15T21:01:08Z</time>
   </trkpt>
   <trkpt lat="39.6820610" lon="-105.1717810">
    <ele>1870.4</ele>
    <time>2026-07-15T21:01:09Z</time>
   </trkpt>
   <trkpt lat="39.6820350" lon="-105.1715420">
    <ele>1869.9</ele>
    <time>2026-07-15T21:01:10Z</time>
   </trkpt>
   <trkpt lat="39.6820270" lon="-105.1714720">
    <ele>1869.7</ele>
    <time>2026-07-15T21:01:11Z</time>
   </trkpt>
   <trkpt lat="39.6820220" lon="-105.1714040">
    <ele>1869.4</ele>
    <time>2026-07-15T21:01:12Z</time>
   </trkpt>
   <trkpt lat="39.6820250" lon="-105.1713340">
    <ele>1869.2</ele>
    <time>2026-07-15T21:01:13Z</time>
   </trkpt>
   <trkpt lat="39.6820340" lon="-105.1712610">
    <ele>1868.8</ele>
    <time>2026-07-15T21:01:14Z</time>
   </trkpt>
   <trkpt lat="39.6820490" lon="-105.1711860">
    <ele>1868.4</ele>
    <time>2026-07-15T21:01:15Z</time>
   </trkpt>
   <trkpt lat="39.6820630" lon="-105.1711260">
    <ele>1868.1</ele>
    <time>2026-07-15T21:01:16Z</time>
   </trkpt>
   <trkpt lat="39.6820810" lon="-105.1710660">
    <ele>1867.8</ele>
    <time>2026-07-15T21:01:17Z</time>
   </trkpt>
   <trkpt lat="39.6821150" lon="-105.1709940">
    <ele>1867.4</ele>
    <time>2026-07-15T21:01:18Z</time>
   </trkpt>
   <trkpt lat="39.6821660" lon="-105.1708940">
    <ele>1867.0</ele>
    <time>2026-07-15T21:01:19Z</time>
   </trkpt>
   <trkpt lat="39.6822120" lon="-105.1708000">
    <ele>1866.7</ele>
    <time>2026-07-15T21:01:20Z</time>
   </trkpt>
   <trkpt lat="39.6822040" lon="-105.1707150">
    <ele>1866.5</ele>
    <time>2026-07-15T21:01:21Z</time>
   </trkpt>
   <trkpt lat="39.6821290" lon="-105.1706670">
    <ele>1866.2</ele>
    <time>2026-07-15T21:01:22Z</time>
   </trkpt>
   <trkpt lat="39.6820520" lon="-105.1706940">
    <ele>1865.8</ele>
    <time>2026-07-15T21:01:23Z</time>
   </trkpt>
   <trkpt lat="39.6819960" lon="-105.1707280">
    <ele>1865.5</ele>
    <time>2026-07-15T21:01:24Z</time>
   </trkpt>
   <trkpt lat="39.6819510" lon="-105.1707300">
    <ele>1865.4</ele>
    <time>2026-07-15T21:01:25Z</time>
   </trkpt>
   <trkpt lat="39.6818950" lon="-105.1706220">
    <ele>1865.2</ele>
    <time>2026-07-15T21:01:26Z</time>
   </trkpt>
   <trkpt lat="39.6818620" lon="-105.1705360">
    <ele>1865.2</ele>
    <time>2026-07-15T21:01:27Z</time>
   </trkpt>
   <trkpt lat="39.6818260" lon="-105.1704820">
    <ele>1865.2</ele>
    <time>2026-07-15T21:01:28Z</time>
   </trkpt>
   <trkpt lat="39.6817760" lon="-105.1704800">
    <ele>1865.3</ele>
    <time>2026-07-15T21:01:29Z</time>
   </trkpt>
   <trkpt lat="39.6817210" lon="-105.1704820">
    <ele>1865.4</ele>
    <time>2026-07-15T21:01:30Z</time>
   </trkpt>
   <trkpt lat="39.6816670" lon="-105.1704810">
    <ele>1865.5</ele>
    <time>2026-07-15T21:01:31Z</time>
   </trkpt>
   <trkpt lat="39.6816320" lon="-105.1704550">
    <ele>1865.6</ele>
    <time>2026-07-15T21:01:32Z</time>
   </trkpt>
   <trkpt lat="39.6816360" lon="-105.1704680">
    <ele>1865.6</ele>
    <time>2026-07-15T21:01:33Z</time>
   </trkpt>
   <trkpt lat="39.6816090" lon="-105.1704620">
    <ele>1865.6</ele>
    <time>2026-07-15T21:01:34Z</time>
   </trkpt>
   <trkpt lat="39.6814970" lon="-105.1703310">
    <ele>1865.6</ele>
    <time>2026-07-15T21:01:35Z</time>
   </trkpt>
   <trkpt lat="39.6814970" lon="-105.1703310">
    <ele>1865.6</ele>
    <time>2026-07-15T21:01:36Z</time>
   </trkpt>
   <trkpt lat="39.6814670" lon="-105.1702870">
    <ele>1865.7</ele>
    <time>2026-07-15T21:01:37Z</time>
   </trkpt>
   <trkpt lat="39.6814440" lon="-105.1702330">
    <ele>1865.7</ele>
    <time>2026-07-15T21:01:38Z</time>
   </trkpt>
   <trkpt lat="39.6814270" lon="-105.1701710">
    <ele>1865.7</ele>
    <time>2026-07-15T21:01:39Z</time>
   </trkpt>
   <trkpt lat="39.6814140" lon="-105.1701150">
    <ele>1865.7</ele>
    <time>2026-07-15T21:01:40Z</time>
   </trkpt>
   <trkpt lat="39.6814000" lon="-105.1700550">
    <ele>1865.8</ele>
    <time>2026-07-15T21:01:41Z</time>
   </trkpt>
   <trkpt lat="39.6813870" lon="-105.1699960">
    <ele>1865.8</ele>
    <time>2026-07-15T21:01:42Z</time>
   </trkpt>
   <trkpt lat="39.6813790" lon="-105.1699430">
    <ele>1865.9</ele>
    <time>2026-07-15T21:01:43Z</time>
   </trkpt>
   <trkpt lat="39.6813710" lon="-105.1698900">
    <ele>1865.9</ele>
    <time>2026-07-15T21:01:44Z</time>
   </trkpt>
   <trkpt lat="39.6813670" lon="-105.1698360">
    <ele>1865.9</ele>
    <time>2026-07-15T21:01:45Z</time>
   </trkpt>
   <trkpt lat="39.6813660" lon="-105.1697860">
    <ele>1866.0</ele>
    <time>2026-07-15T21:01:46Z</time>
   </trkpt>
   <trkpt lat="39.6813660" lon="-105.1697350">
    <ele>1866.0</ele>
    <time>2026-07-15T21:01:47Z</time>
   </trkpt>
   <trkpt lat="39.6813670" lon="-105.1696800">
    <ele>1866.0</ele>
    <time>2026-07-15T21:01:48Z</time>
   </trkpt>
   <trkpt lat="39.6813720" lon="-105.1696250">
    <ele>1866.1</ele>
    <time>2026-07-15T21:01:49Z</time>
   </trkpt>
   <trkpt lat="39.6813800" lon="-105.1695750">
    <ele>1866.1</ele>
    <time>2026-07-15T21:01:50Z</time>
   </trkpt>
   <trkpt lat="39.6813890" lon="-105.1695330">
    <ele>1866.1</ele>
    <time>2026-07-15T21:01:51Z</time>
   </trkpt>
   <trkpt lat="39.6814070" lon="-105.1695060">
    <ele>1866.1</ele>
    <time>2026-07-15T21:01:52Z</time>
   </trkpt>
   <trkpt lat="39.6814030" lon="-105.1694960">
    <ele>1866.2</ele>
    <time>2026-07-15T21:01:53Z</time>
   </trkpt>
   <trkpt lat="39.6814010" lon="-105.1694660">
    <ele>1866.2</ele>
    <time>2026-07-15T21:01:54Z</time>
   </trkpt>
   <trkpt lat="39.6814030" lon="-105.1694340">
    <ele>1866.2</ele>
    <time>2026-07-15T21:01:55Z</time>
   </trkpt>
   <trkpt lat="39.6814000" lon="-105.1693990">
    <ele>1866.3</ele>
    <time>2026-07-15T21:01:56Z</time>
   </trkpt>
   <trkpt lat="39.6814020" lon="-105.1693580">
    <ele>1866.3</ele>
    <time>2026-07-15T21:01:57Z</time>
   </trkpt>
   <trkpt lat="39.6814000" lon="-105.1693220">
    <ele>1866.4</ele>
    <time>2026-07-15T21:01:58Z</time>
   </trkpt>
   <trkpt lat="39.6814090" lon="-105.1692830">
    <ele>1866.5</ele>
    <time>2026-07-15T21:01:59Z</time>
   </trkpt>
   <trkpt lat="39.6814240" lon="-105.1692310">
    <ele>1866.5</ele>
    <time>2026-07-15T21:02:00Z</time>
   </trkpt>
   <trkpt lat="39.6814250" lon="-105.1691930">
    <ele>1866.6</ele>
    <time>2026-07-15T21:02:01Z</time>
   </trkpt>
   <trkpt lat="39.6814390" lon="-105.1691560">
    <ele>1866.7</ele>
    <time>2026-07-15T21:02:02Z</time>
   </trkpt>
   <trkpt lat="39.6814520" lon="-105.1691200">
    <ele>1866.7</ele>
    <time>2026-07-15T21:02:03Z</time>
   </trkpt>
   <trkpt lat="39.6814540" lon="-105.1690740">
    <ele>1866.7</ele>
    <time>2026-07-15T21:02:04Z</time>
   </trkpt>
   <trkpt lat="39.6814600" lon="-105.1690470">
    <ele>1866.7</ele>
    <time>2026-07-15T21:02:05Z</time>
   </trkpt>
   <trkpt lat="39.6814640" lon="-105.1690120">
    <ele>1866.6</ele>
    <time>2026-07-15T21:02:06Z</time>
   </trkpt>
   <trkpt lat="39.6815000" lon="-105.1689840">
    <ele>1866.5</ele>
    <time>2026-07-15T21:02:07Z</time>
   </trkpt>
   <trkpt lat="39.6814900" lon="-105.1689340">
    <ele>1866.3</ele>
    <time>2026-07-15T21:02:08Z</time>
   </trkpt>
   <trkpt lat="39.6814590" lon="-105.1688620">
    <ele>1865.8</ele>
    <time>2026-07-15T21:02:09Z</time>
   </trkpt>
   <trkpt lat="39.6814210" lon="-105.1688330">
    <ele>1865.4</ele>
    <time>2026-07-15T21:02:10Z</time>
   </trkpt>
   <trkpt lat="39.6813900" lon="-105.1687570">
    <ele>1864.7</ele>
    <time>2026-07-15T21:02:11Z</time>
   </trkpt>
   <trkpt lat="39.6813340" lon="-105.1686950">
    <ele>1863.9</ele>
    <time>2026-07-15T21:02:12Z</time>
   </trkpt>
   <trkpt lat="39.6812740" lon="-105.1686270">
    <ele>1863.0</ele>
    <time>2026-07-15T21:02:13Z</time>
   </trkpt>
   <trkpt lat="39.6812090" lon="-105.1685320">
    <ele>1861.9</ele>
    <time>2026-07-15T21:02:14Z</time>
   </trkpt>
   <trkpt lat="39.6811910" lon="-105.1684210">
    <ele>1860.9</ele>
    <time>2026-07-15T21:02:15Z</time>
   </trkpt>
   <trkpt lat="39.6811710" lon="-105.1683200">
    <ele>1859.8</ele>
    <time>2026-07-15T21:02:16Z</time>
   </trkpt>
   <trkpt lat="39.6811410" lon="-105.1682170">
    <ele>1858.8</ele>
    <time>2026-07-15T21:02:17Z</time>
   </trkpt>
   <trkpt lat="39.6811070" lon="-105.1681020">
    <ele>1857.8</ele>
    <time>2026-07-15T21:02:18Z</time>
   </trkpt>
   <trkpt lat="39.6810720" lon="-105.1680160">
    <ele>1857.1</ele>
    <time>2026-07-15T21:02:19Z</time>
   </trkpt>
   <trkpt lat="39.6810390" lon="-105.1679270">
    <ele>1856.5</ele>
    <time>2026-07-15T21:02:20Z</time>
   </trkpt>
   <trkpt lat="39.6810120" lon="-105.1678570">
    <ele>1856.1</ele>
    <time>2026-07-15T21:02:21Z</time>
   </trkpt>
   <trkpt lat="39.6809880" lon="-105.1677960">
    <ele>1855.7</ele>
    <time>2026-07-15T21:02:22Z</time>
   </trkpt>
   <trkpt lat="39.6809800" lon="-105.1677200">
    <ele>1855.4</ele>
    <time>2026-07-15T21:02:23Z</time>
   </trkpt>
   <trkpt lat="39.6809930" lon="-105.1676300">
    <ele>1855.2</ele>
    <time>2026-07-15T21:02:24Z</time>
   </trkpt>
   <trkpt lat="39.6810290" lon="-105.1675550">
    <ele>1855.0</ele>
    <time>2026-07-15T21:02:25Z</time>
   </trkpt>
   <trkpt lat="39.6810760" lon="-105.1674900">
    <ele>1855.0</ele>
    <time>2026-07-15T21:02:26Z</time>
   </trkpt>
   <trkpt lat="39.6811150" lon="-105.1674300">
    <ele>1855.1</ele>
    <time>2026-07-15T21:02:27Z</time>
   </trkpt>
   <trkpt lat="39.6811540" lon="-105.1673680">
    <ele>1855.3</ele>
    <time>2026-07-15T21:02:28Z</time>
   </trkpt>
   <trkpt lat="39.6811760" lon="-105.1673170">
    <ele>1855.5</ele>
    <time>2026-07-15T21:02:29Z</time>
   </trkpt>
   <trkpt lat="39.6811960" lon="-105.1672570">
    <ele>1855.8</ele>
    <time>2026-07-15T21:02:30Z</time>
   </trkpt>
   <trkpt lat="39.6812360" lon="-105.1672160">
    <ele>1856.1</ele>
    <time>2026-07-15T21:02:31Z</time>
   </trkpt>
   <trkpt lat="39.6812720" lon="-105.1671770">
    <ele>1856.4</ele>
    <time>2026-07-15T21:02:32Z</time>
   </trkpt>
   <trkpt lat="39.6812970" lon="-105.1671520">
    <ele>1856.7</ele>
    <time>2026-07-15T21:02:33Z</time>
   </trkpt>
   <trkpt lat="39.6813410" lon="-105.1671310">
    <ele>1857.0</ele>
    <time>2026-07-15T21:02:34Z</time>
   </trkpt>
   <trkpt lat="39.6813650" lon="-105.1671190">
    <ele>1857.2</ele>
    <time>2026-07-15T21:02:35Z</time>
   </trkpt>
   <trkpt lat="39.6813900" lon="-105.1671090">
    <ele>1857.5</ele>
    <time>2026-07-15T21:02:36Z</time>
   </trkpt>
   <trkpt lat="39.6814190" lon="-105.1671040">
    <ele>1857.7</ele>
    <time>2026-07-15T21:02:37Z</time>
   </trkpt>
   <trkpt lat="39.6814380" lon="-105.1671100">
    <ele>1857.9</ele>
    <time>2026-07-15T21:02:38Z</time>
   </trkpt>
   <trkpt lat="39.6814620" lon="-105.1671240">
    <ele>1858.2</ele>
    <time>2026-07-15T21:02:39Z</time>
   </trkpt>
   <trkpt lat="39.6814840" lon="-105.1671210">
    <ele>1858.4</ele>
    <time>2026-07-15T21:02:40Z</time>
   </trkpt>
   <trkpt lat="39.6815050" lon="-105.1671230">
    <ele>1858.6</ele>
    <time>2026-07-15T21:02:41Z</time>
   </trkpt>
   <trkpt lat="39.6815120" lon="-105.1671230">
    <ele>1858.7</ele>
    <time>2026-07-15T21:02:42Z</time>
   </trkpt>
   <trkpt lat="39.6815360" lon="-105.1671470">
    <ele>1859.0</ele>
    <time>2026-07-15T21:02:43Z</time>
   </trkpt>
   <trkpt lat="39.6815520" lon="-105.1671620">
    <ele>1859.2</ele>
    <time>2026-07-15T21:02:44Z</time>
   </trkpt>
   <trkpt lat="39.6815740" lon="-105.1671720">
    <ele>1859.4</ele>
    <time>2026-07-15T21:02:45Z</time>
   </trkpt>
   <trkpt lat="39.6815950" lon="-105.1671720">
    <ele>1859.6</ele>
    <time>2026-07-15T21:02:46Z</time>
   </trkpt>
   <trkpt lat="39.6816180" lon="-105.1671860">
    <ele>1859.9</ele>
    <time>2026-07-15T21:02:47Z</time>
   </trkpt>
   <trkpt lat="39.6816340" lon="-105.1671920">
    <ele>1860.1</ele>
    <time>2026-07-15T21:02:48Z</time>
   </trkpt>
   <trkpt lat="39.6816500" lon="-105.1671970">
    <ele>1860.2</ele>
    <time>2026-07-15T21:02:49Z</time>
   </trkpt>
   <trkpt lat="39.6816700" lon="-105.1671910">
    <ele>1860.5</ele>
    <time>2026-07-15T21:02:50Z</time>
   </trkpt>
   <trkpt lat="39.6816840" lon="-105.1671900">
    <ele>1860.6</ele>
    <time>2026-07-15T21:02:51Z</time>
   </trkpt>
   <trkpt lat="39.6817000" lon="-105.1671960">
    <ele>1860.8</ele>
    <time>2026-07-15T21:02:52Z</time>
   </trkpt>
   <trkpt lat="39.6817150" lon="-105.1672000">
    <ele>1861.0</ele>
    <time>2026-07-15T21:02:53Z</time>
   </trkpt>
   <trkpt lat="39.6817310" lon="-105.1672160">
    <ele>1861.2</ele>
    <time>2026-07-15T21:02:54Z</time>
   </trkpt>
   <trkpt lat="39.6817450" lon="-105.1672340">
    <ele>1861.5</ele>
    <time>2026-07-15T21:02:55Z</time>
   </trkpt>
   <trkpt lat="39.6817630" lon="-105.1672420">
    <ele>1861.7</ele>
    <time>2026-07-15T21:02:56Z</time>
   </trkpt>
   <trkpt lat="39.6817800" lon="-105.1672440">
    <ele>1861.9</ele>
    <time>2026-07-15T21:02:57Z</time>
   </trkpt>
   <trkpt lat="39.6817970" lon="-105.1672500">
    <ele>1862.1</ele>
    <time>2026-07-15T21:02:58Z</time>
   </trkpt>
   <trkpt lat="39.6818100" lon="-105.1672490">
    <ele>1862.3</ele>
    <time>2026-07-15T21:02:59Z</time>
   </trkpt>
   <trkpt lat="39.6818240" lon="-105.1672520">
    <ele>1862.5</ele>
    <time>2026-07-15T21:03:00Z</time>
   </trkpt>
   <trkpt lat="39.6818500" lon="-105.1672630">
    <ele>1862.9</ele>
    <time>2026-07-15T21:03:01Z</time>
   </trkpt>
   <trkpt lat="39.6818620" lon="-105.1672720">
    <ele>1863.1</ele>
    <time>2026-07-15T21:03:02Z</time>
   </trkpt>
   <trkpt lat="39.6818910" lon="-105.1672820">
    <ele>1863.5</ele>
    <time>2026-07-15T21:03:03Z</time>
   </trkpt>
   <trkpt lat="39.6818960" lon="-105.1672720">
    <ele>1863.7</ele>
    <time>2026-07-15T21:03:04Z</time>
   </trkpt>
   <trkpt lat="39.6819080" lon="-105.1672600">
    <ele>1863.9</ele>
    <time>2026-07-15T21:03:05Z</time>
   </trkpt>
   <trkpt lat="39.6819170" lon="-105.1672490">
    <ele>1864.1</ele>
    <time>2026-07-15T21:03:06Z</time>
   </trkpt>
   <trkpt lat="39.6819390" lon="-105.1672390">
    <ele>1864.4</ele>
    <time>2026-07-15T21:03:07Z</time>
   </trkpt>
   <trkpt lat="39.6819550" lon="-105.1672260">
    <ele>1864.7</ele>
    <time>2026-07-15T21:03:08Z</time>
   </trkpt>
   <trkpt lat="39.6819700" lon="-105.1672020">
    <ele>1865.1</ele>
    <time>2026-07-15T21:03:09Z</time>
   </trkpt>
   <trkpt lat="39.6819750" lon="-105.1671900">
    <ele>1865.3</ele>
    <time>2026-07-15T21:03:10Z</time>
   </trkpt>
   <trkpt lat="39.6819920" lon="-105.1671770">
    <ele>1865.6</ele>
    <time>2026-07-15T21:03:11Z</time>
   </trkpt>
   <trkpt lat="39.6819970" lon="-105.1671650">
    <ele>1865.7</ele>
    <time>2026-07-15T21:03:12Z</time>
   </trkpt>
   <trkpt lat="39.6819930" lon="-105.1671210">
    <ele>1866.3</ele>
    <time>2026-07-15T21:03:13Z</time>
   </trkpt>
   <trkpt lat="39.6819750" lon="-105.1671170">
    <ele>1866.6</ele>
    <time>2026-07-15T21:03:14Z</time>
   </trkpt>
   <trkpt lat="39.6819670" lon="-105.1670990">
    <ele>1866.8</ele>
    <time>2026-07-15T21:03:15Z</time>
   </trkpt>
   <trkpt lat="39.6819590" lon="-105.1670780">
    <ele>1867.1</ele>
    <time>2026-07-15T21:03:16Z</time>
   </trkpt>
   <trkpt lat="39.6819440" lon="-105.1670500">
    <ele>1867.5</ele>
    <time>2026-07-15T21:03:17Z</time>
   </trkpt>
   <trkpt lat="39.6819420" lon="-105.1670260">
    <ele>1867.7</ele>
    <time>2026-07-15T21:03:18Z</time>
   </trkpt>
   <trkpt lat="39.6819360" lon="-105.1669980">
    <ele>1868.0</ele>
    <time>2026-07-15T21:03:19Z</time>
   </trkpt>
   <trkpt lat="39.6819310" lon="-105.1669700">
    <ele>1868.3</ele>
    <time>2026-07-15T21:03:20Z</time>
   </trkpt>
   <trkpt lat="39.6819320" lon="-105.1669420">
    <ele>1868.5</ele>
    <time>2026-07-15T21:03:21Z</time>
   </trkpt>
   <trkpt lat="39.6819280" lon="-105.1669060">
    <ele>1868.8</ele>
    <time>2026-07-15T21:03:22Z</time>
   </trkpt>
   <trkpt lat="39.6819230" lon="-105.1668960">
    <ele>1868.8</ele>
    <time>2026-07-15T21:03:23Z</time>
   </trkpt>
   <trkpt lat="39.6819250" lon="-105.1668560">
    <ele>1869.1</ele>
    <time>2026-07-15T21:03:24Z</time>
   </trkpt>
   <trkpt lat="39.6819220" lon="-105.1668340">
    <ele>1869.2</ele>
    <time>2026-07-15T21:03:25Z</time>
   </trkpt>
   <trkpt lat="39.6819210" lon="-105.1668010">
    <ele>1869.3</ele>
    <time>2026-07-15T21:03:26Z</time>
   </trkpt>
   <trkpt lat="39.6819210" lon="-105.1667650">
    <ele>1869.4</ele>
    <time>2026-07-15T21:03:27Z</time>
   </trkpt>
   <trkpt lat="39.6819210" lon="-105.1667410">
    <ele>1869.4</ele>
    <time>2026-07-15T21:03:28Z</time>
   </trkpt>
   <trkpt lat="39.6819220" lon="-105.1667000">
    <ele>1869.4</ele>
    <time>2026-07-15T21:03:29Z</time>
   </trkpt>
   <trkpt lat="39.6819190" lon="-105.1666820">
    <ele>1869.5</ele>
    <time>2026-07-15T21:03:30Z</time>
   </trkpt>
   <trkpt lat="39.6819220" lon="-105.1666520">
    <ele>1869.5</ele>
    <time>2026-07-15T21:03:31Z</time>
   </trkpt>
   <trkpt lat="39.6819180" lon="-105.1666210">
    <ele>1869.4</ele>
    <time>2026-07-15T21:03:32Z</time>
   </trkpt>
   <trkpt lat="39.6819150" lon="-105.1666010">
    <ele>1869.4</ele>
    <time>2026-07-15T21:03:33Z</time>
   </trkpt>
   <trkpt lat="39.6819110" lon="-105.1665590">
    <ele>1869.4</ele>
    <time>2026-07-15T21:03:34Z</time>
   </trkpt>
   <trkpt lat="39.6819130" lon="-105.1665450">
    <ele>1869.4</ele>
    <time>2026-07-15T21:03:35Z</time>
   </trkpt>
   <trkpt lat="39.6819090" lon="-105.1665120">
    <ele>1869.4</ele>
    <time>2026-07-15T21:03:36Z</time>
   </trkpt>
   <trkpt lat="39.6819000" lon="-105.1664970">
    <ele>1869.4</ele>
    <time>2026-07-15T21:03:37Z</time>
   </trkpt>
   <trkpt lat="39.6818940" lon="-105.1664750">
    <ele>1869.4</ele>
    <time>2026-07-15T21:03:38Z</time>
   </trkpt>
   <trkpt lat="39.6818880" lon="-105.1664530">
    <ele>1869.5</ele>
    <time>2026-07-15T21:03:39Z</time>
   </trkpt>
   <trkpt lat="39.6818840" lon="-105.1664310">
    <ele>1869.5</ele>
    <time>2026-07-15T21:03:40Z</time>
   </trkpt>
   <trkpt lat="39.6818840" lon="-105.1664060">
    <ele>1869.5</ele>
    <time>2026-07-15T21:03:41Z</time>
   </trkpt>
   <trkpt lat="39.6818970" lon="-105.1663660">
    <ele>1869.6</ele>
    <time>2026-07-15T21:03:42Z</time>
   </trkpt>
   <trkpt lat="39.6819060" lon="-105.1663440">
    <ele>1869.7</ele>
    <time>2026-07-15T21:03:43Z</time>
   </trkpt>
   <trkpt lat="39.6819260" lon="-105.1663220">
    <ele>1869.8</ele>
    <time>2026-07-15T21:03:44Z</time>
   </trkpt>
   <trkpt lat="39.6819450" lon="-105.1662880">
    <ele>1869.9</ele>
    <time>2026-07-15T21:03:45Z</time>
   </trkpt>
   <trkpt lat="39.6819620" lon="-105.1662680">
    <ele>1870.1</ele>
    <time>2026-07-15T21:03:46Z</time>
   </trkpt>
   <trkpt lat="39.6819710" lon="-105.1661960">
    <ele>1870.4</ele>
    <time>2026-07-15T21:03:47Z</time>
   </trkpt>
   <trkpt lat="39.6819680" lon="-105.1661900">
    <ele>1870.5</ele>
    <time>2026-07-15T21:03:48Z</time>
   </trkpt>
   <trkpt lat="39.6819620" lon="-105.1661450">
    <ele>1870.8</ele>
    <time>2026-07-15T21:03:49Z</time>
   </trkpt>
   <trkpt lat="39.6819800" lon="-105.1661010">
    <ele>1871.1</ele>
    <time>2026-07-15T21:03:50Z</time>
   </trkpt>
   <trkpt lat="39.6819770" lon="-105.1660650">
    <ele>1871.4</ele>
    <time>2026-07-15T21:03:51Z</time>
   </trkpt>
   <trkpt lat="39.6819840" lon="-105.1660250">
    <ele>1871.7</ele>
    <time>2026-07-15T21:03:52Z</time>
   </trkpt>
   <trkpt lat="39.6819910" lon="-105.1660050">
    <ele>1871.9</ele>
    <time>2026-07-15T21:03:53Z</time>
   </trkpt>
   <trkpt lat="39.6819900" lon="-105.1659760">
    <ele>1872.2</ele>
    <time>2026-07-15T21:03:54Z</time>
   </trkpt>
   <trkpt lat="39.6819940" lon="-105.1659520">
    <ele>1872.4</ele>
    <time>2026-07-15T21:03:55Z</time>
   </trkpt>
   <trkpt lat="39.6820020" lon="-105.1659100">
    <ele>1872.8</ele>
    <time>2026-07-15T21:03:56Z</time>
   </trkpt>
   <trkpt lat="39.6820070" lon="-105.1658900">
    <ele>1872.9</ele>
    <time>2026-07-15T21:03:57Z</time>
   </trkpt>
   <trkpt lat="39.6820020" lon="-105.1658580">
    <ele>1873.2</ele>
    <time>2026-07-15T21:03:58Z</time>
   </trkpt>
   <trkpt lat="39.6820040" lon="-105.1658380">
    <ele>1873.4</ele>
    <time>2026-07-15T21:03:59Z</time>
   </trkpt>
   <trkpt lat="39.6820050" lon="-105.1657940">
    <ele>1873.7</ele>
    <time>2026-07-15T21:04:00Z</time>
   </trkpt>
   <trkpt lat="39.6820070" lon="-105.1657790">
    <ele>1873.8</ele>
    <time>2026-07-15T21:04:01Z</time>
   </trkpt>
   <trkpt lat="39.6820130" lon="-105.1657360">
    <ele>1874.1</ele>
    <time>2026-07-15T21:04:02Z</time>
   </trkpt>
   <trkpt lat="39.6820180" lon="-105.1657250">
    <ele>1874.2</ele>
    <time>2026-07-15T21:04:03Z</time>
   </trkpt>
   <trkpt lat="39.6820220" lon="-105.1657010">
    <ele>1874.3</ele>
    <time>2026-07-15T21:04:04Z</time>
   </trkpt>
   <trkpt lat="39.6820210" lon="-105.1656750">
    <ele>1874.4</ele>
    <time>2026-07-15T21:04:05Z</time>
   </trkpt>
   <trkpt lat="39.6820250" lon="-105.1656480">
    <ele>1874.4</ele>
    <time>2026-07-15T21:04:06Z</time>
   </trkpt>
   <trkpt lat="39.6820280" lon="-105.1656130">
    <ele>1874.5</ele>
    <time>2026-07-15T21:04:07Z</time>
   </trkpt>
   <trkpt lat="39.6820240" lon="-105.1655900">
    <ele>1874.5</ele>
    <time>2026-07-15T21:04:08Z</time>
   </trkpt>
   <trkpt lat="39.6820170" lon="-105.1655520">
    <ele>1874.4</ele>
    <time>2026-07-15T21:04:09Z</time>
   </trkpt>
   <trkpt lat="39.6820190" lon="-105.1655160">
    <ele>1874.3</ele>
    <time>2026-07-15T21:04:10Z</time>
   </trkpt>
   <trkpt lat="39.6820180" lon="-105.1654850">
    <ele>1874.2</ele>
    <time>2026-07-15T21:04:11Z</time>
   </trkpt>
   <trkpt lat="39.6820210" lon="-105.1654530">
    <ele>1874.0</ele>
    <time>2026-07-15T21:04:12Z</time>
   </trkpt>
   <trkpt lat="39.6820230" lon="-105.1654120">
    <ele>1873.8</ele>
    <time>2026-07-15T21:04:13Z</time>
   </trkpt>
   <trkpt lat="39.6820250" lon="-105.1653850">
    <ele>1873.6</ele>
    <time>2026-07-15T21:04:14Z</time>
   </trkpt>
   <trkpt lat="39.6820330" lon="-105.1653610">
    <ele>1873.5</ele>
    <time>2026-07-15T21:04:15Z</time>
   </trkpt>
   <trkpt lat="39.6820320" lon="-105.1653350">
    <ele>1873.3</ele>
    <time>2026-07-15T21:04:16Z</time>
   </trkpt>
   <trkpt lat="39.6820240" lon="-105.1653200">
    <ele>1873.2</ele>
    <time>2026-07-15T21:04:17Z</time>
   </trkpt>
   <trkpt lat="39.6820200" lon="-105.1653040">
    <ele>1873.0</ele>
    <time>2026-07-15T21:04:18Z</time>
   </trkpt>
   <trkpt lat="39.6820080" lon="-105.1652630">
    <ele>1872.7</ele>
    <time>2026-07-15T21:04:19Z</time>
   </trkpt>
   <trkpt lat="39.6820100" lon="-105.1652850">
    <ele>1872.6</ele>
    <time>2026-07-15T21:04:20Z</time>
   </trkpt>
   <trkpt lat="39.6820170" lon="-105.1653010">
    <ele>1872.5</ele>
    <time>2026-07-15T21:04:21Z</time>
   </trkpt>
   <trkpt lat="39.6820210" lon="-105.1652970">
    <ele>1872.4</ele>
    <time>2026-07-15T21:04:22Z</time>
   </trkpt>
   <trkpt lat="39.6820270" lon="-105.1652820">
    <ele>1872.3</ele>
    <time>2026-07-15T21:04:23Z</time>
   </trkpt>
   <trkpt lat="39.6820390" lon="-105.1652870">
    <ele>1872.2</ele>
    <time>2026-07-15T21:04:24Z</time>
   </trkpt>
   <trkpt lat="39.6820520" lon="-105.1652780">
    <ele>1872.1</ele>
    <time>2026-07-15T21:04:25Z</time>
   </trkpt>
   <trkpt lat="39.6820670" lon="-105.1652650">
    <ele>1871.9</ele>
    <time>2026-07-15T21:04:26Z</time>
   </trkpt>
   <trkpt lat="39.6820970" lon="-105.1652560">
    <ele>1871.7</ele>
    <time>2026-07-15T21:04:27Z</time>
   </trkpt>
   <trkpt lat="39.6821290" lon="-105.1652340">
    <ele>1871.4</ele>
    <time>2026-07-15T21:04:28Z</time>
   </trkpt>
   <trkpt lat="39.6821630" lon="-105.1651920">
    <ele>1871.2</ele>
    <time>2026-07-15T21:04:29Z</time>
   </trkpt>
   <trkpt lat="39.6822040" lon="-105.1651400">
    <ele>1870.9</ele>
    <time>2026-07-15T21:04:30Z</time>
   </trkpt>
   <trkpt lat="39.6822590" lon="-105.1650950">
    <ele>1870.7</ele>
    <time>2026-07-15T21:04:31Z</time>
   </trkpt>
   <trkpt lat="39.6823280" lon="-105.1650430">
    <ele>1870.5</ele>
    <time>2026-07-15T21:04:32Z</time>
   </trkpt>
   <trkpt lat="39.6823670" lon="-105.1649810">
    <ele>1870.4</ele>
    <time>2026-07-15T21:04:33Z</time>
   </trkpt>
   <trkpt lat="39.6824320" lon="-105.1649270">
    <ele>1870.3</ele>
    <time>2026-07-15T21:04:34Z</time>
   </trkpt>
   <trkpt lat="39.6824870" lon="-105.1648650">
    <ele>1870.3</ele>
    <time>2026-07-15T21:04:35Z</time>
   </trkpt>
   <trkpt lat="39.6825340" lon="-105.1647980">
    <ele>1870.2</ele>
    <time>2026-07-15T21:04:36Z</time>
   </trkpt>
   <trkpt lat="39.6825460" lon="-105.1647270">
    <ele>1870.3</ele>
    <time>2026-07-15T21:04:37Z</time>
   </trkpt>
   <trkpt lat="39.6825620" lon="-105.1646260">
    <ele>1870.4</ele>
    <time>2026-07-15T21:04:38Z</time>
   </trkpt>
   <trkpt lat="39.6825640" lon="-105.1645260">
    <ele>1870.6</ele>
    <time>2026-07-15T21:04:39Z</time>
   </trkpt>
   <trkpt lat="39.6825570" lon="-105.1644460">
    <ele>1870.9</ele>
    <time>2026-07-15T21:04:40Z</time>
   </trkpt>
   <trkpt lat="39.6825390" lon="-105.1643600">
    <ele>1871.3</ele>
    <time>2026-07-15T21:04:41Z</time>
   </trkpt>
   <trkpt lat="39.6825120" lon="-105.1642830">
    <ele>1871.6</ele>
    <time>2026-07-15T21:04:42Z</time>
   </trkpt>
   <trkpt lat="39.6825020" lon="-105.1642000">
    <ele>1872.0</ele>
    <time>2026-07-15T21:04:43Z</time>
   </trkpt>
   <trkpt lat="39.6825120" lon="-105.1641300">
    <ele>1872.2</ele>
    <time>2026-07-15T21:04:44Z</time>
   </trkpt>
   <trkpt lat="39.6825190" lon="-105.1640720">
    <ele>1872.4</ele>
    <time>2026-07-15T21:04:45Z</time>
   </trkpt>
   <trkpt lat="39.6825290" lon="-105.1640060">
    <ele>1872.5</ele>
    <time>2026-07-15T21:04:46Z</time>
   </trkpt>
   <trkpt lat="39.6825360" lon="-105.1639710">
    <ele>1872.6</ele>
    <time>2026-07-15T21:04:47Z</time>
   </trkpt>
   <trkpt lat="39.6825600" lon="-105.1639320">
    <ele>1872.7</ele>
    <time>2026-07-15T21:04:48Z</time>
   </trkpt>
   <trkpt lat="39.6825680" lon="-105.1638920">
    <ele>1872.7</ele>
    <time>2026-07-15T21:04:49Z</time>
   </trkpt>
   <trkpt lat="39.6825710" lon="-105.1638900">
    <ele>1872.7</ele>
    <time>2026-07-15T21:04:50Z</time>
   </trkpt>
   <trkpt lat="39.6825820" lon="-105.1638580">
    <ele>1872.8</ele>
    <time>2026-07-15T21:04:51Z</time>
   </trkpt>
   <trkpt lat="39.6826030" lon="-105.1638350">
    <ele>1872.8</ele>
    <time>2026-07-15T21:04:52Z</time>
   </trkpt>
   <trkpt lat="39.6826120" lon="-105.1638190">
    <ele>1872.8</ele>
    <time>2026-07-15T21:04:53Z</time>
   </trkpt>
   <trkpt lat="39.6826320" lon="-105.1637680">
    <ele>1872.9</ele>
    <time>2026-07-15T21:04:54Z</time>
   </trkpt>
   <trkpt lat="39.6826540" lon="-105.1637490">
    <ele>1872.9</ele>
    <time>2026-07-15T21:04:55Z</time>
   </trkpt>
   <trkpt lat="39.6826680" lon="-105.1637190">
    <ele>1872.9</ele>
    <time>2026-07-15T21:04:56Z</time>
   </trkpt>
   <trkpt lat="39.6826930" lon="-105.1636700">
    <ele>1872.9</ele>
    <time>2026-07-15T21:04:57Z</time>
   </trkpt>
   <trkpt lat="39.6827220" lon="-105.1636480">
    <ele>1872.9</ele>
    <time>2026-07-15T21:04:58Z</time>
   </trkpt>
   <trkpt lat="39.6827420" lon="-105.1636140">
    <ele>1872.9</ele>
    <time>2026-07-15T21:04:59Z</time>
   </trkpt>
   <trkpt lat="39.6827540" lon="-105.1635960">
    <ele>1872.9</ele>
    <time>2026-07-15T21:05:00Z</time>
   </trkpt>
   <trkpt lat="39.6827960" lon="-105.1635520">
    <ele>1872.9</ele>
    <time>2026-07-15T21:05:01Z</time>
   </trkpt>
   <trkpt lat="39.6828220" lon="-105.1635190">
    <ele>1872.9</ele>
    <time>2026-07-15T21:05:02Z</time>
   </trkpt>
   <trkpt lat="39.6828480" lon="-105.1634920">
    <ele>1873.0</ele>
    <time>2026-07-15T21:05:03Z</time>
   </trkpt>
   <trkpt lat="39.6828830" lon="-105.1634490">
    <ele>1873.0</ele>
    <time>2026-07-15T21:05:04Z</time>
   </trkpt>
   <trkpt lat="39.6829030" lon="-105.1634270">
    <ele>1873.1</ele>
    <time>2026-07-15T21:05:05Z</time>
   </trkpt>
   <trkpt lat="39.6829190" lon="-105.1633980">
    <ele>1873.1</ele>
    <time>2026-07-15T21:05:06Z</time>
   </trkpt>
   <trkpt lat="39.6829430" lon="-105.1633650">
    <ele>1873.2</ele>
    <time>2026-07-15T21:05:07Z</time>
   </trkpt>
   <trkpt lat="39.6829720" lon="-105.1633320">
    <ele>1873.2</ele>
    <time>2026-07-15T21:05:08Z</time>
   </trkpt>
   <trkpt lat="39.6829870" lon="-105.1633040">
    <ele>1873.3</ele>
    <time>2026-07-15T21:05:09Z</time>
   </trkpt>
   <trkpt lat="39.6830120" lon="-105.1632520">
    <ele>1873.3</ele>
    <time>2026-07-15T21:05:10Z</time>
   </trkpt>
   <trkpt lat="39.6830350" lon="-105.1632270">
    <ele>1873.3</ele>
    <time>2026-07-15T21:05:11Z</time>
   </trkpt>
   <trkpt lat="39.6830580" lon="-105.1632020">
    <ele>1873.4</ele>
    <time>2026-07-15T21:05:12Z</time>
   </trkpt>
   <trkpt lat="39.6830730" lon="-105.1631870">
    <ele>1873.4</ele>
    <time>2026-07-15T21:05:13Z</time>
   </trkpt>
   <trkpt lat="39.6831070" lon="-105.1631500">
    <ele>1873.4</ele>
    <time>2026-07-15T21:05:14Z</time>
   </trkpt>
   <trkpt lat="39.6831390" lon="-105.1631000">
    <ele>1873.4</ele>
    <time>2026-07-15T21:05:15Z</time>
   </trkpt>
   <trkpt lat="39.6831610" lon="-105.1630680">
    <ele>1873.4</ele>
    <time>2026-07-15T21:05:16Z</time>
   </trkpt>
   <trkpt lat="39.6833830" lon="-105.1628880">
    <ele>1873.2</ele>
    <time>2026-07-15T21:05:17Z</time>
   </trkpt>
   <trkpt lat="39.6834080" lon="-105.1628440">
    <ele>1873.2</ele>
    <time>2026-07-15T21:05:18Z</time>
   </trkpt>
   <trkpt lat="39.6834330" lon="-105.1627990">
    <ele>1873.1</ele>
    <time>2026-07-15T21:05:19Z</time>
   </trkpt>
   <trkpt lat="39.6834630" lon="-105.1627510">
    <ele>1873.0</ele>
    <time>2026-07-15T21:05:20Z</time>
   </trkpt>
   <trkpt lat="39.6834960" lon="-105.1627120">
    <ele>1872.9</ele>
    <time>2026-07-15T21:05:21Z</time>
   </trkpt>
   <trkpt lat="39.6835330" lon="-105.1626770">
    <ele>1872.8</ele>
    <time>2026-07-15T21:05:22Z</time>
   </trkpt>
   <trkpt lat="39.6835780" lon="-105.1626570">
    <ele>1872.7</ele>
    <time>2026-07-15T21:05:23Z</time>
   </trkpt>
   <trkpt lat="39.6836330" lon="-105.1626460">
    <ele>1872.5</ele>
    <time>2026-07-15T21:05:24Z</time>
   </trkpt>
   <trkpt lat="39.6836940" lon="-105.1626440">
    <ele>1872.4</ele>
    <time>2026-07-15T21:05:25Z</time>
   </trkpt>
   <trkpt lat="39.6837520" lon="-105.1626540">
    <ele>1872.2</ele>
    <time>2026-07-15T21:05:26Z</time>
   </trkpt>
   <trkpt lat="39.6838090" lon="-105.1626680">
    <ele>1872.1</ele>
    <time>2026-07-15T21:05:27Z</time>
   </trkpt>
   <trkpt lat="39.6838650" lon="-105.1626890">
    <ele>1871.9</ele>
    <time>2026-07-15T21:05:28Z</time>
   </trkpt>
   <trkpt lat="39.6839210" lon="-105.1627060">
    <ele>1871.8</ele>
    <time>2026-07-15T21:05:29Z</time>
   </trkpt>
   <trkpt lat="39.6839750" lon="-105.1627250">
    <ele>1871.7</ele>
    <time>2026-07-15T21:05:30Z</time>
   </trkpt>
   <trkpt lat="39.6840200" lon="-105.1627880">
    <ele>1871.6</ele>
    <time>2026-07-15T21:05:31Z</time>
   </trkpt>
   <trkpt lat="39.6840650" lon="-105.1628210">
    <ele>1871.5</ele>
    <time>2026-07-15T21:05:32Z</time>
   </trkpt>
   <trkpt lat="39.6841210" lon="-105.1628030">
    <ele>1871.5</ele>
    <time>2026-07-15T21:05:33Z</time>
   </trkpt>
   <trkpt lat="39.6841680" lon="-105.1627570">
    <ele>1871.4</ele>
    <time>2026-07-15T21:05:34Z</time>
   </trkpt>
   <trkpt lat="39.6841570" lon="-105.1626590">
    <ele>1871.4</ele>
    <time>2026-07-15T21:05:35Z</time>
   </trkpt>
   <trkpt lat="39.6841320" lon="-105.1625710">
    <ele>1871.3</ele>
    <time>2026-07-15T21:05:36Z</time>
   </trkpt>
   <trkpt lat="39.6841650" lon="-105.1624940">
    <ele>1871.4</ele>
    <time>2026-07-15T21:05:37Z</time>
   </trkpt>
   <trkpt lat="39.6841960" lon="-105.1624360">
    <ele>1871.5</ele>
    <time>2026-07-15T21:05:38Z</time>
   </trkpt>
   <trkpt lat="39.6842230" lon="-105.1623650">
    <ele>1871.6</ele>
    <time>2026-07-15T21:05:39Z</time>
   </trkpt>
   <trkpt lat="39.6842320" lon="-105.1622910">
    <ele>1871.8</ele>
    <time>2026-07-15T21:05:40Z</time>
   </trkpt>
   <trkpt lat="39.6842460" lon="-105.1622290">
    <ele>1872.1</ele>
    <time>2026-07-15T21:05:41Z</time>
   </trkpt>
   <trkpt lat="39.6842740" lon="-105.1621810">
    <ele>1872.3</ele>
    <time>2026-07-15T21:05:42Z</time>
   </trkpt>
   <trkpt lat="39.6842830" lon="-105.1621100">
    <ele>1872.6</ele>
    <time>2026-07-15T21:05:43Z</time>
   </trkpt>
   <trkpt lat="39.6842930" lon="-105.1620700">
    <ele>1872.7</ele>
    <time>2026-07-15T21:05:44Z</time>
   </trkpt>
   <trkpt lat="39.6842980" lon="-105.1620580">
    <ele>1872.8</ele>
    <time>2026-07-15T21:05:45Z</time>
   </trkpt>
   <trkpt lat="39.6843040" lon="-105.1620550">
    <ele>1872.8</ele>
    <time>2026-07-15T21:05:46Z</time>
   </trkpt>
   <trkpt lat="39.6843090" lon="-105.1620490">
    <ele>1872.8</ele>
    <time>2026-07-15T21:05:47Z</time>
   </trkpt>
   <trkpt lat="39.6843100" lon="-105.1620280">
    <ele>1872.7</ele>
    <time>2026-07-15T21:05:48Z</time>
   </trkpt>
   <trkpt lat="39.6843110" lon="-105.1620020">
    <ele>1872.7</ele>
    <time>2026-07-15T21:05:49Z</time>
   </trkpt>
   <trkpt lat="39.6843310" lon="-105.1619800">
    <ele>1872.6</ele>
    <time>2026-07-15T21:05:50Z</time>
   </trkpt>
   <trkpt lat="39.6843530" lon="-105.1619550">
    <ele>1872.4</ele>
    <time>2026-07-15T21:05:51Z</time>
   </trkpt>
   <trkpt lat="39.6843750" lon="-105.1619310">
    <ele>1872.3</ele>
    <time>2026-07-15T21:05:52Z</time>
   </trkpt>
   <trkpt lat="39.6844240" lon="-105.1618940">
    <ele>1872.1</ele>
    <time>2026-07-15T21:05:53Z</time>
   </trkpt>
   <trkpt lat="39.6844670" lon="-105.1618670">
    <ele>1871.9</ele>
    <time>2026-07-15T21:05:54Z</time>
   </trkpt>
   <trkpt lat="39.6844950" lon="-105.1618320">
    <ele>1871.8</ele>
    <time>2026-07-15T21:05:55Z</time>
   </trkpt>
   <trkpt lat="39.6845100" lon="-105.1618020">
    <ele>1871.7</ele>
    <time>2026-07-15T21:05:56Z</time>
   </trkpt>
   <trkpt lat="39.6845150" lon="-105.1617830">
    <ele>1871.7</ele>
    <time>2026-07-15T21:05:57Z</time>
   </trkpt>
   <trkpt lat="39.6845530" lon="-105.1617470">
    <ele>1871.6</ele>
    <time>2026-07-15T21:05:58Z</time>
   </trkpt>
   <trkpt lat="39.6845420" lon="-105.1617250">
    <ele>1871.6</ele>
    <time>2026-07-15T21:05:59Z</time>
   </trkpt>
   <trkpt lat="39.6845950" lon="-105.1616150">
    <ele>1871.7</ele>
    <time>2026-07-15T21:06:00Z</time>
   </trkpt>
   <trkpt lat="39.6846190" lon="-105.1616090">
    <ele>1871.7</ele>
    <time>2026-07-15T21:06:01Z</time>
   </trkpt>
   <trkpt lat="39.6846320" lon="-105.1615900">
    <ele>1871.7</ele>
    <time>2026-07-15T21:06:02Z</time>
   </trkpt>
   <trkpt lat="39.6846590" lon="-105.1615590">
    <ele>1871.8</ele>
    <time>2026-07-15T21:06:03Z</time>
   </trkpt>
   <trkpt lat="39.6846880" lon="-105.1615480">
    <ele>1871.8</ele>
    <time>2026-07-15T21:06:04Z</time>
   </trkpt>
   <trkpt lat="39.6847220" lon="-105.1615400">
    <ele>1871.9</ele>
    <time>2026-07-15T21:06:05Z</time>
   </trkpt>
   <trkpt lat="39.6847400" lon="-105.1615270">
    <ele>1871.9</ele>
    <time>2026-07-15T21:06:06Z</time>
   </trkpt>
   <trkpt lat="39.6847770" lon="-105.1615110">
    <ele>1871.9</ele>
    <time>2026-07-15T21:06:07Z</time>
   </trkpt>
   <trkpt lat="39.6847950" lon="-105.1614920">
    <ele>1871.9</ele>
    <time>2026-07-15T21:06:08Z</time>
   </trkpt>
   <trkpt lat="39.6848210" lon="-105.1614760">
    <ele>1871.9</ele>
    <time>2026-07-15T21:06:09Z</time>
   </trkpt>
   <trkpt lat="39.6848520" lon="-105.1614630">
    <ele>1871.8</ele>
    <time>2026-07-15T21:06:10Z</time>
   </trkpt>
   <trkpt lat="39.6848970" lon="-105.1614900">
    <ele>1871.7</ele>
    <time>2026-07-15T21:06:11Z</time>
   </trkpt>
   <trkpt lat="39.6850170" lon="-105.1614610">
    <ele>1871.2</ele>
    <time>2026-07-15T21:06:12Z</time>
   </trkpt>
   <trkpt lat="39.6851370" lon="-105.1614310">
    <ele>1870.7</ele>
    <time>2026-07-15T21:06:13Z</time>
   </trkpt>
   <trkpt lat="39.6851910" lon="-105.1614480">
    <ele>1870.6</ele>
    <time>2026-07-15T21:06:14Z</time>
   </trkpt>
   <trkpt lat="39.6852450" lon="-105.1614580">
    <ele>1870.4</ele>
    <time>2026-07-15T21:06:15Z</time>
   </trkpt>
   <trkpt lat="39.6852990" lon="-105.1614650">
    <ele>1870.4</ele>
    <time>2026-07-15T21:06:16Z</time>
   </trkpt>
   <trkpt lat="39.6853500" lon="-105.1614740">
    <ele>1870.4</ele>
    <time>2026-07-15T21:06:17Z</time>
   </trkpt>
   <trkpt lat="39.6853960" lon="-105.1614890">
    <ele>1870.4</ele>
    <time>2026-07-15T21:06:18Z</time>
   </trkpt>
   <trkpt lat="39.6854310" lon="-105.1615160">
    <ele>1870.4</ele>
    <time>2026-07-15T21:06:19Z</time>
   </trkpt>
   <trkpt lat="39.6854650" lon="-105.1615540">
    <ele>1870.5</ele>
    <time>2026-07-15T21:06:20Z</time>
   </trkpt>
   <trkpt lat="39.6854880" lon="-105.1615740">
    <ele>1870.5</ele>
    <time>2026-07-15T21:06:21Z</time>
   </trkpt>
   <trkpt lat="39.6855160" lon="-105.1615750">
    <ele>1870.5</ele>
    <time>2026-07-15T21:06:22Z</time>
   </trkpt>
   <trkpt lat="39.6855570" lon="-105.1615590">
    <ele>1870.6</ele>
    <time>2026-07-15T21:06:23Z</time>
   </trkpt>
   <trkpt lat="39.6856120" lon="-105.1615430">
    <ele>1870.6</ele>
    <time>2026-07-15T21:06:24Z</time>
   </trkpt>
   <trkpt lat="39.6856540" lon="-105.1615480">
    <ele>1870.7</ele>
    <time>2026-07-15T21:06:25Z</time>
   </trkpt>
   <trkpt lat="39.6856900" lon="-105.1615750">
    <ele>1870.9</ele>
    <time>2026-07-15T21:06:26Z</time>
   </trkpt>
   <trkpt lat="39.6857240" lon="-105.1616120">
    <ele>1871.1</ele>
    <time>2026-07-15T21:06:27Z</time>
   </trkpt>
   <trkpt lat="39.6857580" lon="-105.1616470">
    <ele>1871.4</ele>
    <time>2026-07-15T21:06:28Z</time>
   </trkpt>
   <trkpt lat="39.6857900" lon="-105.1616730">
    <ele>1871.7</ele>
    <time>2026-07-15T21:06:29Z</time>
   </trkpt>
   <trkpt lat="39.6858170" lon="-105.1616930">
    <ele>1872.0</ele>
    <time>2026-07-15T21:06:30Z</time>
   </trkpt>
   <trkpt lat="39.6857800" lon="-105.1617410">
    <ele>1872.6</ele>
    <time>2026-07-15T21:06:31Z</time>
   </trkpt>
   <trkpt lat="39.6857900" lon="-105.1617440">
    <ele>1872.7</ele>
    <time>2026-07-15T21:06:32Z</time>
   </trkpt>
   <trkpt lat="39.6858000" lon="-105.1617740">
    <ele>1873.0</ele>
    <time>2026-07-15T21:06:33Z</time>
   </trkpt>
   <trkpt lat="39.6857970" lon="-105.1617900">
    <ele>1873.1</ele>
    <time>2026-07-15T21:06:34Z</time>
   </trkpt>
   <trkpt lat="39.6858100" lon="-105.1618220">
    <ele>1873.5</ele>
    <time>2026-07-15T21:06:35Z</time>
   </trkpt>
   <trkpt lat="39.6858100" lon="-105.1618150">
    <ele>1873.5</ele>
    <time>2026-07-15T21:06:36Z</time>
   </trkpt>
   <trkpt lat="39.6858260" lon="-105.1618540">
    <ele>1873.9</ele>
    <time>2026-07-15T21:06:37Z</time>
   </trkpt>
   <trkpt lat="39.6858320" lon="-105.1618650">
    <ele>1874.1</ele>
    <time>2026-07-15T21:06:38Z</time>
   </trkpt>
   <trkpt lat="39.6858530" lon="-105.1619070">
    <ele>1874.5</ele>
    <time>2026-07-15T21:06:39Z</time>
   </trkpt>
   <trkpt lat="39.6858620" lon="-105.1619110">
    <ele>1874.6</ele>
    <time>2026-07-15T21:06:40Z</time>
   </trkpt>
   <trkpt lat="39.6858790" lon="-105.1619310">
    <ele>1874.9</ele>
    <time>2026-07-15T21:06:41Z</time>
   </trkpt>
   <trkpt lat="39.6858940" lon="-105.1619360">
    <ele>1875.0</ele>
    <time>2026-07-15T21:06:42Z</time>
   </trkpt>
   <trkpt lat="39.6859130" lon="-105.1619510">
    <ele>1875.3</ele>
    <time>2026-07-15T21:06:43Z</time>
   </trkpt>
   <trkpt lat="39.6859160" lon="-105.1619660">
    <ele>1875.4</ele>
    <time>2026-07-15T21:06:44Z</time>
   </trkpt>
   <trkpt lat="39.6859270" lon="-105.1620040">
    <ele>1875.8</ele>
    <time>2026-07-15T21:06:45Z</time>
   </trkpt>
   <trkpt lat="39.6859250" lon="-105.1620160">
    <ele>1875.9</ele>
    <time>2026-07-15T21:06:46Z</time>
   </trkpt>
   <trkpt lat="39.6859390" lon="-105.1620400">
    <ele>1876.2</ele>
    <time>2026-07-15T21:06:47Z</time>
   </trkpt>
   <trkpt lat="39.6859470" lon="-105.1620590">
    <ele>1876.4</ele>
    <time>2026-07-15T21:06:48Z</time>
   </trkpt>
   <trkpt lat="39.6859660" lon="-105.1620640">
    <ele>1876.6</ele>
    <time>2026-07-15T21:06:49Z</time>
   </trkpt>
   <trkpt lat="39.6859810" lon="-105.1620790">
    <ele>1876.8</ele>
    <time>2026-07-15T21:06:50Z</time>
   </trkpt>
   <trkpt lat="39.6860080" lon="-105.1620950">
    <ele>1877.2</ele>
    <time>2026-07-15T21:06:51Z</time>
   </trkpt>
   <trkpt lat="39.6860140" lon="-105.1621070">
    <ele>1877.4</ele>
    <time>2026-07-15T21:06:52Z</time>
   </trkpt>
   <trkpt lat="39.6860300" lon="-105.1621310">
    <ele>1877.7</ele>
    <time>2026-07-15T21:06:53Z</time>
   </trkpt>
   <trkpt lat="39.6860390" lon="-105.1621390">
    <ele>1877.8</ele>
    <time>2026-07-15T21:06:54Z</time>
   </trkpt>
   <trkpt lat="39.6860620" lon="-105.1621550">
    <ele>1878.2</ele>
    <time>2026-07-15T21:06:55Z</time>
   </trkpt>
   <trkpt lat="39.6860640" lon="-105.1621680">
    <ele>1878.3</ele>
    <time>2026-07-15T21:06:56Z</time>
   </trkpt>
   <trkpt lat="39.6860780" lon="-105.1621990">
    <ele>1878.7</ele>
    <time>2026-07-15T21:06:57Z</time>
   </trkpt>
   <trkpt lat="39.6860910" lon="-105.1622090">
    <ele>1878.9</ele>
    <time>2026-07-15T21:06:58Z</time>
   </trkpt>
   <trkpt lat="39.6861100" lon="-105.1622260">
    <ele>1879.2</ele>
    <time>2026-07-15T21:06:59Z</time>
   </trkpt>
   <trkpt lat="39.6861250" lon="-105.1622380">
    <ele>1879.5</ele>
    <time>2026-07-15T21:07:00Z</time>
   </trkpt>
   <trkpt lat="39.6861490" lon="-105.1622700">
    <ele>1880.0</ele>
    <time>2026-07-15T21:07:01Z</time>
   </trkpt>
   <trkpt lat="39.6861510" lon="-105.1622850">
    <ele>1880.1</ele>
    <time>2026-07-15T21:07:02Z</time>
   </trkpt>
   <trkpt lat="39.6861640" lon="-105.1623110">
    <ele>1880.5</ele>
    <time>2026-07-15T21:07:03Z</time>
   </trkpt>
   <trkpt lat="39.6861800" lon="-105.1623320">
    <ele>1880.8</ele>
    <time>2026-07-15T21:07:04Z</time>
   </trkpt>
   <trkpt lat="39.6861870" lon="-105.1623480">
    <ele>1881.0</ele>
    <time>2026-07-15T21:07:05Z</time>
   </trkpt>
   <trkpt lat="39.6862000" lon="-105.1623740">
    <ele>1881.4</ele>
    <time>2026-07-15T21:07:06Z</time>
   </trkpt>
   <trkpt lat="39.6862140" lon="-105.1623750">
    <ele>1881.6</ele>
    <time>2026-07-15T21:07:07Z</time>
   </trkpt>
   <trkpt lat="39.6862360" lon="-105.1623680">
    <ele>1881.9</ele>
    <time>2026-07-15T21:07:08Z</time>
   </trkpt>
   <trkpt lat="39.6862410" lon="-105.1623480">
    <ele>1882.1</ele>
    <time>2026-07-15T21:07:09Z</time>
   </trkpt>
   <trkpt lat="39.6862390" lon="-105.1623290">
    <ele>1882.3</ele>
    <time>2026-07-15T21:07:10Z</time>
   </trkpt>
   <trkpt lat="39.6862340" lon="-105.1623000">
    <ele>1882.6</ele>
    <time>2026-07-15T21:07:11Z</time>
   </trkpt>
   <trkpt lat="39.6862340" lon="-105.1622870">
    <ele>1882.7</ele>
    <time>2026-07-15T21:07:12Z</time>
   </trkpt>
   <trkpt lat="39.6862350" lon="-105.1622610">
    <ele>1883.0</ele>
    <time>2026-07-15T21:07:13Z</time>
   </trkpt>
   <trkpt lat="39.6862280" lon="-105.1622460">
    <ele>1883.1</ele>
    <time>2026-07-15T21:07:14Z</time>
   </trkpt>
   <trkpt lat="39.6862320" lon="-105.1622250">
    <ele>1883.3</ele>
    <time>2026-07-15T21:07:15Z</time>
   </trkpt>
   <trkpt lat="39.6862440" lon="-105.1622050">
    <ele>1883.5</ele>
    <time>2026-07-15T21:07:16Z</time>
   </trkpt>
   <trkpt lat="39.6862510" lon="-105.1621740">
    <ele>1883.8</ele>
    <time>2026-07-15T21:07:17Z</time>
   </trkpt>
   <trkpt lat="39.6862570" lon="-105.1621670">
    <ele>1883.9</ele>
    <time>2026-07-15T21:07:18Z</time>
   </trkpt>
   <trkpt lat="39.6862610" lon="-105.1621550">
    <ele>1884.0</ele>
    <time>2026-07-15T21:07:19Z</time>
   </trkpt>
   <trkpt lat="39.6862720" lon="-105.1621170">
    <ele>1884.3</ele>
    <time>2026-07-15T21:07:20Z</time>
   </trkpt>
   <trkpt lat="39.6862710" lon="-105.1621090">
    <ele>1884.4</ele>
    <time>2026-07-15T21:07:21Z</time>
   </trkpt>
   <trkpt lat="39.6862760" lon="-105.1620810">
    <ele>1884.6</ele>
    <time>2026-07-15T21:07:22Z</time>
   </trkpt>
   <trkpt lat="39.6862910" lon="-105.1620690">
    <ele>1884.8</ele>
    <time>2026-07-15T21:07:23Z</time>
   </trkpt>
   <trkpt lat="39.6863080" lon="-105.1620480">
    <ele>1885.1</ele>
    <time>2026-07-15T21:07:24Z</time>
   </trkpt>
   <trkpt lat="39.6863070" lon="-105.1620280">
    <ele>1885.2</ele>
    <time>2026-07-15T21:07:25Z</time>
   </trkpt>
   <trkpt lat="39.6863090" lon="-105.1619910">
    <ele>1885.5</ele>
    <time>2026-07-15T21:07:26Z</time>
   </trkpt>
   <trkpt lat="39.6863250" lon="-105.1619870">
    <ele>1885.7</ele>
    <time>2026-07-15T21:07:27Z</time>
   </trkpt>
   <trkpt lat="39.6863380" lon="-105.1619590">
    <ele>1886.0</ele>
    <time>2026-07-15T21:07:28Z</time>
   </trkpt>
   <trkpt lat="39.6863420" lon="-105.1619430">
    <ele>1886.2</ele>
    <time>2026-07-15T21:07:29Z</time>
   </trkpt>
   <trkpt lat="39.6863540" lon="-105.1619190">
    <ele>1886.5</ele>
    <time>2026-07-15T21:07:30Z</time>
   </trkpt>
   <trkpt lat="39.6863640" lon="-105.1619090">
    <ele>1886.6</ele>
    <time>2026-07-15T21:07:31Z</time>
   </trkpt>
   <trkpt lat="39.6863830" lon="-105.1618870">
    <ele>1887.0</ele>
    <time>2026-07-15T21:07:32Z</time>
   </trkpt>
   <trkpt lat="39.6863920" lon="-105.1618730">
    <ele>1887.2</ele>
    <time>2026-07-15T21:07:33Z</time>
   </trkpt>
   <trkpt lat="39.6864010" lon="-105.1618500">
    <ele>1887.5</ele>
    <time>2026-07-15T21:07:34Z</time>
   </trkpt>
   <trkpt lat="39.6864040" lon="-105.1618280">
    <ele>1887.7</ele>
    <time>2026-07-15T21:07:35Z</time>
   </trkpt>
   <trkpt lat="39.6864110" lon="-105.1618120">
    <ele>1887.9</ele>
    <time>2026-07-15T21:07:36Z</time>
   </trkpt>
   <trkpt lat="39.6864160" lon="-105.1617970">
    <ele>1888.0</ele>
    <time>2026-07-15T21:07:37Z</time>
   </trkpt>
   <trkpt lat="39.6864250" lon="-105.1617830">
    <ele>1888.2</ele>
    <time>2026-07-15T21:07:38Z</time>
   </trkpt>
   <trkpt lat="39.6864290" lon="-105.1617690">
    <ele>1888.4</ele>
    <time>2026-07-15T21:07:39Z</time>
   </trkpt>
   <trkpt lat="39.6864270" lon="-105.1617530">
    <ele>1888.6</ele>
    <time>2026-07-15T21:07:40Z</time>
   </trkpt>
   <trkpt lat="39.6864150" lon="-105.1617460">
    <ele>1888.7</ele>
    <time>2026-07-15T21:07:41Z</time>
   </trkpt>
   <trkpt lat="39.6864270" lon="-105.1617560">
    <ele>1888.9</ele>
    <time>2026-07-15T21:07:42Z</time>
   </trkpt>
   <trkpt lat="39.6864330" lon="-105.1617600">
    <ele>1889.0</ele>
    <time>2026-07-15T21:07:43Z</time>
   </trkpt>
   <trkpt lat="39.6864290" lon="-105.1617480">
    <ele>1889.1</ele>
    <time>2026-07-15T21:07:44Z</time>
   </trkpt>
   <trkpt lat="39.6864280" lon="-105.1617370">
    <ele>1889.2</ele>
    <time>2026-07-15T21:07:45Z</time>
   </trkpt>
   <trkpt lat="39.6864290" lon="-105.1617280">
    <ele>1889.2</ele>
    <time>2026-07-15T21:07:46Z</time>
   </trkpt>
   <trkpt lat="39.6864250" lon="-105.1617240">
    <ele>1889.3</ele>
    <time>2026-07-15T21:07:47Z</time>
   </trkpt>
   <trkpt lat="39.6864180" lon="-105.1617200">
    <ele>1889.4</ele>
    <time>2026-07-15T21:07:48Z</time>
   </trkpt>
   <trkpt lat="39.6864200" lon="-105.1617080">
    <ele>1889.5</ele>
    <time>2026-07-15T21:07:49Z</time>
   </trkpt>
   <trkpt lat="39.6864210" lon="-105.1617080">
    <ele>1889.5</ele>
    <time>2026-07-15T21:07:50Z</time>
   </trkpt>
   <trkpt lat="39.6864240" lon="-105.1617100">
    <ele>1889.5</ele>
    <time>2026-07-15T21:07:51Z</time>
   </trkpt>
   <trkpt lat="39.6864710" lon="-105.1616960">
    <ele>1889.9</ele>
    <time>2026-07-15T21:08:38Z</time>
   </trkpt>
   <trkpt lat="39.6864670" lon="-105.1616970">
    <ele>1889.9</ele>
    <time>2026-07-15T21:08:39Z</time>
   </trkpt>
   <trkpt lat="39.6864670" lon="-105.1616970">
    <ele>1889.9</ele>
    <time>2026-07-15T21:08:40Z</time>
   </trkpt>
   <trkpt lat="39.6864670" lon="-105.1616970">
    <ele>1889.9</ele>
    <time>2026-07-15T21:08:41Z</time>
   </trkpt>
   <trkpt lat="39.6864380" lon="-105.1616950">
    <ele>1890.0</ele>
    <time>2026-07-15T21:08:42Z</time>
   </trkpt>
   <trkpt lat="39.6864340" lon="-105.1616910">
    <ele>1890.1</ele>
    <time>2026-07-15T21:08:43Z</time>
   </trkpt>
   <trkpt lat="39.6864300" lon="-105.1616970">
    <ele>1890.1</ele>
    <time>2026-07-15T21:08:44Z</time>
   </trkpt>
   <trkpt lat="39.6864300" lon="-105.1617000">
    <ele>1890.1</ele>
    <time>2026-07-15T21:08:45Z</time>
   </trkpt>
   <trkpt lat="39.6864310" lon="-105.1617080">
    <ele>1890.1</ele>
    <time>2026-07-15T21:08:46Z</time>
   </trkpt>
   <trkpt lat="39.6864270" lon="-105.1617080">
    <ele>1890.1</ele>
    <time>2026-07-15T21:08:47Z</time>
   </trkpt>
   <trkpt lat="39.6864220" lon="-105.1617130">
    <ele>1890.2</ele>
    <time>2026-07-15T21:08:48Z</time>
   </trkpt>
   <trkpt lat="39.6865010" lon="-105.1616450">
    <ele>1890.4</ele>
    <time>2026-07-15T21:09:00Z</time>
   </trkpt>
   <trkpt lat="39.6864850" lon="-105.1616320">
    <ele>1890.4</ele>
    <time>2026-07-15T21:09:01Z</time>
   </trkpt>
   <trkpt lat="39.6864920" lon="-105.1616160">
    <ele>1890.4</ele>
    <time>2026-07-15T21:09:02Z</time>
   </trkpt>
   <trkpt lat="39.6865060" lon="-105.1616010">
    <ele>1890.4</ele>
    <time>2026-07-15T21:09:03Z</time>
   </trkpt>
   <trkpt lat="39.6865190" lon="-105.1615810">
    <ele>1890.5</ele>
    <time>2026-07-15T21:09:04Z</time>
   </trkpt>
   <trkpt lat="39.6865310" lon="-105.1615630">
    <ele>1890.5</ele>
    <time>2026-07-15T21:09:05Z</time>
   </trkpt>
   <trkpt lat="39.6865440" lon="-105.1615410">
    <ele>1890.6</ele>
    <time>2026-07-15T21:09:06Z</time>
   </trkpt>
   <trkpt lat="39.6865540" lon="-105.1615150">
    <ele>1890.6</ele>
    <time>2026-07-15T21:09:07Z</time>
   </trkpt>
   <trkpt lat="39.6865610" lon="-105.1614910">
    <ele>1890.7</ele>
    <time>2026-07-15T21:09:08Z</time>
   </trkpt>
   <trkpt lat="39.6865730" lon="-105.1614620">
    <ele>1890.7</ele>
    <time>2026-07-15T21:09:09Z</time>
   </trkpt>
   <trkpt lat="39.6865840" lon="-105.1614330">
    <ele>1890.8</ele>
    <time>2026-07-15T21:09:10Z</time>
   </trkpt>
   <trkpt lat="39.6865860" lon="-105.1614110">
    <ele>1890.9</ele>
    <time>2026-07-15T21:09:11Z</time>
   </trkpt>
   <trkpt lat="39.6865830" lon="-105.1613820">
    <ele>1890.9</ele>
    <time>2026-07-15T21:09:12Z</time>
   </trkpt>
   <trkpt lat="39.6865920" lon="-105.1613410">
    <ele>1891.0</ele>
    <time>2026-07-15T21:09:13Z</time>
   </trkpt>
   <trkpt lat="39.6866030" lon="-105.1613090">
    <ele>1891.1</ele>
    <time>2026-07-15T21:09:14Z</time>
   </trkpt>
   <trkpt lat="39.6866120" lon="-105.1612830">
    <ele>1891.2</ele>
    <time>2026-07-15T21:09:15Z</time>
   </trkpt>
   <trkpt lat="39.6866270" lon="-105.1612570">
    <ele>1891.3</ele>
    <time>2026-07-15T21:09:16Z</time>
   </trkpt>
   <trkpt lat="39.6866410" lon="-105.1612260">
    <ele>1891.3</ele>
    <time>2026-07-15T21:09:17Z</time>
   </trkpt>
   <trkpt lat="39.6866560" lon="-105.1612050">
    <ele>1891.4</ele>
    <time>2026-07-15T21:09:18Z</time>
   </trkpt>
   <trkpt lat="39.6866780" lon="-105.1611870">
    <ele>1891.4</ele>
    <time>2026-07-15T21:09:19Z</time>
   </trkpt>
   <trkpt lat="39.6866780" lon="-105.1611650">
    <ele>1891.4</ele>
    <time>2026-07-15T21:09:20Z</time>
   </trkpt>
   <trkpt lat="39.6866980" lon="-105.1611460">
    <ele>1891.4</ele>
    <time>2026-07-15T21:09:21Z</time>
   </trkpt>
   <trkpt lat="39.6867000" lon="-105.1611190">
    <ele>1891.5</ele>
    <time>2026-07-15T21:09:22Z</time>
   </trkpt>
   <trkpt lat="39.6866750" lon="-105.1610950">
    <ele>1891.5</ele>
    <time>2026-07-15T21:09:23Z</time>
   </trkpt>
   <trkpt lat="39.6866550" lon="-105.1610850">
    <ele>1891.5</ele>
    <time>2026-07-15T21:09:25Z</time>
   </trkpt>
   <trkpt lat="39.6866300" lon="-105.1610880">
    <ele>1891.5</ele>
    <time>2026-07-15T21:09:26Z</time>
   </trkpt>
   <trkpt lat="39.6866080" lon="-105.1610970">
    <ele>1891.5</ele>
    <time>2026-07-15T21:09:27Z</time>
   </trkpt>
   <trkpt lat="39.6865840" lon="-105.1611090">
    <ele>1891.5</ele>
    <time>2026-07-15T21:09:28Z</time>
   </trkpt>
   <trkpt lat="39.6865610" lon="-105.1611080">
    <ele>1891.5</ele>
    <time>2026-07-15T21:09:29Z</time>
   </trkpt>
   <trkpt lat="39.6865380" lon="-105.1611180">
    <ele>1891.4</ele>
    <time>2026-07-15T21:09:30Z</time>
   </trkpt>
   <trkpt lat="39.6865090" lon="-105.1611180">
    <ele>1891.4</ele>
    <time>2026-07-15T21:09:31Z</time>
   </trkpt>
   <trkpt lat="39.6864910" lon="-105.1611070">
    <ele>1891.4</ele>
    <time>2026-07-15T21:09:32Z</time>
   </trkpt>
   <trkpt lat="39.6864680" lon="-105.1610990">
    <ele>1891.4</ele>
    <time>2026-07-15T21:09:33Z</time>
   </trkpt>
   <trkpt lat="39.6864400" lon="-105.1610960">
    <ele>1891.4</ele>
    <time>2026-07-15T21:09:34Z</time>
   </trkpt>
   <trkpt lat="39.6864170" lon="-105.1610820">
    <ele>1891.4</ele>
    <time>2026-07-15T21:09:35Z</time>
   </trkpt>
   <trkpt lat="39.6863850" lon="-105.1610540">
    <ele>1891.4</ele>
    <time>2026-07-15T21:09:36Z</time>
   </trkpt>
   <trkpt lat="39.6863670" lon="-105.1610390">
    <ele>1891.4</ele>
    <time>2026-07-15T21:09:37Z</time>
   </trkpt>
   <trkpt lat="39.6863500" lon="-105.1610230">
    <ele>1891.4</ele>
    <time>2026-07-15T21:09:38Z</time>
   </trkpt>
   <trkpt lat="39.6863300" lon="-105.1609960">
    <ele>1891.5</ele>
    <time>2026-07-15T21:09:39Z</time>
   </trkpt>
   <trkpt lat="39.6863050" lon="-105.1609710">
    <ele>1891.5</ele>
    <time>2026-07-15T21:09:40Z</time>
   </trkpt>
   <trkpt lat="39.6862770" lon="-105.1609560">
    <ele>1891.5</ele>
    <time>2026-07-15T21:09:41Z</time>
   </trkpt>
   <trkpt lat="39.6862520" lon="-105.1608810">
    <ele>1891.7</ele>
    <time>2026-07-15T21:09:42Z</time>
   </trkpt>
   <trkpt lat="39.6862430" lon="-105.1608600">
    <ele>1891.7</ele>
    <time>2026-07-15T21:09:43Z</time>
   </trkpt>
   <trkpt lat="39.6862180" lon="-105.1608210">
    <ele>1891.8</ele>
    <time>2026-07-15T21:09:44Z</time>
   </trkpt>
   <trkpt lat="39.6861950" lon="-105.1607940">
    <ele>1891.9</ele>
    <time>2026-07-15T21:09:45Z</time>
   </trkpt>
   <trkpt lat="39.6861800" lon="-105.1607800">
    <ele>1891.9</ele>
    <time>2026-07-15T21:09:46Z</time>
   </trkpt>
   <trkpt lat="39.6861620" lon="-105.1607680">
    <ele>1891.9</ele>
    <time>2026-07-15T21:09:47Z</time>
   </trkpt>
   <trkpt lat="39.6861550" lon="-105.1607430">
    <ele>1892.0</ele>
    <time>2026-07-15T21:09:48Z</time>
   </trkpt>
   <trkpt lat="39.6861130" lon="-105.1606740">
    <ele>1892.1</ele>
    <time>2026-07-15T21:09:49Z</time>
   </trkpt>
   <trkpt lat="39.6861040" lon="-105.1606590">
    <ele>1892.1</ele>
    <time>2026-07-15T21:09:50Z</time>
   </trkpt>
   <trkpt lat="39.6860780" lon="-105.1606200">
    <ele>1892.1</ele>
    <time>2026-07-15T21:09:51Z</time>
   </trkpt>
   <trkpt lat="39.6860550" lon="-105.1605850">
    <ele>1892.1</ele>
    <time>2026-07-15T21:09:52Z</time>
   </trkpt>
   <trkpt lat="39.6860360" lon="-105.1605600">
    <ele>1892.1</ele>
    <time>2026-07-15T21:09:53Z</time>
   </trkpt>
   <trkpt lat="39.6860260" lon="-105.1605190">
    <ele>1892.2</ele>
    <time>2026-07-15T21:09:54Z</time>
   </trkpt>
   <trkpt lat="39.6860290" lon="-105.1604890">
    <ele>1892.2</ele>
    <time>2026-07-15T21:09:55Z</time>
   </trkpt>
   <trkpt lat="39.6859980" lon="-105.1604270">
    <ele>1892.3</ele>
    <time>2026-07-15T21:09:56Z</time>
   </trkpt>
   <trkpt lat="39.6859990" lon="-105.1603730">
    <ele>1892.4</ele>
    <time>2026-07-15T21:09:57Z</time>
   </trkpt>
   <trkpt lat="39.6859830" lon="-105.1603200">
    <ele>1892.5</ele>
    <time>2026-07-15T21:09:58Z</time>
   </trkpt>
   <trkpt lat="39.6859660" lon="-105.1602880">
    <ele>1892.6</ele>
    <time>2026-07-15T21:09:59Z</time>
   </trkpt>
   <trkpt lat="39.6859480" lon="-105.1602570">
    <ele>1892.7</ele>
    <time>2026-07-15T21:10:00Z</time>
   </trkpt>
   <trkpt lat="39.6859290" lon="-105.1602180">
    <ele>1892.8</ele>
    <time>2026-07-15T21:10:01Z</time>
   </trkpt>
   <trkpt lat="39.6859030" lon="-105.1601540">
    <ele>1893.0</ele>
    <time>2026-07-15T21:10:02Z</time>
   </trkpt>
   <trkpt lat="39.6858970" lon="-105.1601440">
    <ele>1893.0</ele>
    <time>2026-07-15T21:10:03Z</time>
   </trkpt>
   <trkpt lat="39.6858790" lon="-105.1601160">
    <ele>1893.1</ele>
    <time>2026-07-15T21:10:04Z</time>
   </trkpt>
   <trkpt lat="39.6858840" lon="-105.1600480">
    <ele>1893.2</ele>
    <time>2026-07-15T21:10:05Z</time>
   </trkpt>
   <trkpt lat="39.6859040" lon="-105.1599870">
    <ele>1893.2</ele>
    <time>2026-07-15T21:10:06Z</time>
   </trkpt>
   <trkpt lat="39.6859290" lon="-105.1599550">
    <ele>1893.0</ele>
    <time>2026-07-15T21:10:07Z</time>
   </trkpt>
   <trkpt lat="39.6859420" lon="-105.1599180">
    <ele>1892.9</ele>
    <time>2026-07-15T21:10:08Z</time>
   </trkpt>
   <trkpt lat="39.6859810" lon="-105.1598000">
    <ele>1892.3</ele>
    <time>2026-07-15T21:10:09Z</time>
   </trkpt>
   <trkpt lat="39.6860160" lon="-105.1597430">
    <ele>1891.9</ele>
    <time>2026-07-15T21:10:10Z</time>
   </trkpt>
   <trkpt lat="39.6860420" lon="-105.1596830">
    <ele>1891.6</ele>
    <time>2026-07-15T21:10:11Z</time>
   </trkpt>
   <trkpt lat="39.6860620" lon="-105.1596200">
    <ele>1891.3</ele>
    <time>2026-07-15T21:10:12Z</time>
   </trkpt>
   <trkpt lat="39.6860900" lon="-105.1595330">
    <ele>1891.0</ele>
    <time>2026-07-15T21:10:13Z</time>
   </trkpt>
   <trkpt lat="39.6861130" lon="-105.1594480">
    <ele>1890.8</ele>
    <time>2026-07-15T21:10:14Z</time>
   </trkpt>
   <trkpt lat="39.6861260" lon="-105.1593670">
    <ele>1890.6</ele>
    <time>2026-07-15T21:10:15Z</time>
   </trkpt>
   <trkpt lat="39.6861330" lon="-105.1592910">
    <ele>1890.5</ele>
    <time>2026-07-15T21:10:16Z</time>
   </trkpt>
   <trkpt lat="39.6861450" lon="-105.1592260">
    <ele>1890.4</ele>
    <time>2026-07-15T21:10:17Z</time>
   </trkpt>
   <trkpt lat="39.6861680" lon="-105.1591630">
    <ele>1890.2</ele>
    <time>2026-07-15T21:10:18Z</time>
   </trkpt>
   <trkpt lat="39.6861990" lon="-105.1591080">
    <ele>1890.0</ele>
    <time>2026-07-15T21:10:19Z</time>
   </trkpt>
   <trkpt lat="39.6862340" lon="-105.1590510">
    <ele>1889.8</ele>
    <time>2026-07-15T21:10:20Z</time>
   </trkpt>
   <trkpt lat="39.6862770" lon="-105.1589900">
    <ele>1889.5</ele>
    <time>2026-07-15T21:10:21Z</time>
   </trkpt>
   <trkpt lat="39.6863180" lon="-105.1589340">
    <ele>1889.1</ele>
    <time>2026-07-15T21:10:22Z</time>
   </trkpt>
   <trkpt lat="39.6863550" lon="-105.1588720">
    <ele>1888.8</ele>
    <time>2026-07-15T21:10:23Z</time>
   </trkpt>
   <trkpt lat="39.6863810" lon="-105.1587970">
    <ele>1888.5</ele>
    <time>2026-07-15T21:10:24Z</time>
   </trkpt>
   <trkpt lat="39.6863960" lon="-105.1587210">
    <ele>1888.2</ele>
    <time>2026-07-15T21:10:25Z</time>
   </trkpt>
   <trkpt lat="39.6864080" lon="-105.1586490">
    <ele>1888.0</ele>
    <time>2026-07-15T21:10:26Z</time>
   </trkpt>
   <trkpt lat="39.6864240" lon="-105.1585980">
    <ele>1887.8</ele>
    <time>2026-07-15T21:10:27Z</time>
   </trkpt>
   <trkpt lat="39.6864620" lon="-105.1585820">
    <ele>1887.7</ele>
    <time>2026-07-15T21:10:28Z</time>
   </trkpt>
   <trkpt lat="39.6865000" lon="-105.1585480">
    <ele>1887.5</ele>
    <time>2026-07-15T21:10:29Z</time>
   </trkpt>
   <trkpt lat="39.6865370" lon="-105.1585150">
    <ele>1887.4</ele>
    <time>2026-07-15T21:10:30Z</time>
   </trkpt>
   <trkpt lat="39.6865690" lon="-105.1584720">
    <ele>1887.3</ele>
    <time>2026-07-15T21:10:31Z</time>
   </trkpt>
   <trkpt lat="39.6866110" lon="-105.1584340">
    <ele>1887.1</ele>
    <time>2026-07-15T21:10:32Z</time>
   </trkpt>
   <trkpt lat="39.6866510" lon="-105.1583990">
    <ele>1887.0</ele>
    <time>2026-07-15T21:10:33Z</time>
   </trkpt>
   <trkpt lat="39.6866800" lon="-105.1583710">
    <ele>1886.9</ele>
    <time>2026-07-15T21:10:34Z</time>
   </trkpt>
   <trkpt lat="39.6867310" lon="-105.1583420">
    <ele>1886.8</ele>
    <time>2026-07-15T21:10:35Z</time>
   </trkpt>
   <trkpt lat="39.6867670" lon="-105.1582990">
    <ele>1886.7</ele>
    <time>2026-07-15T21:10:36Z</time>
   </trkpt>
   <trkpt lat="39.6868230" lon="-105.1582570">
    <ele>1886.5</ele>
    <time>2026-07-15T21:10:37Z</time>
   </trkpt>
   <trkpt lat="39.6868630" lon="-105.1582150">
    <ele>1886.4</ele>
    <time>2026-07-15T21:10:38Z</time>
   </trkpt>
   <trkpt lat="39.6869100" lon="-105.1581780">
    <ele>1886.3</ele>
    <time>2026-07-15T21:10:39Z</time>
   </trkpt>
   <trkpt lat="39.6869640" lon="-105.1581540">
    <ele>1886.3</ele>
    <time>2026-07-15T21:10:40Z</time>
   </trkpt>
   <trkpt lat="39.6870190" lon="-105.1581550">
    <ele>1886.2</ele>
    <time>2026-07-15T21:10:41Z</time>
   </trkpt>
   <trkpt lat="39.6870720" lon="-105.1581680">
    <ele>1886.2</ele>
    <time>2026-07-15T21:10:42Z</time>
   </trkpt>
   <trkpt lat="39.6871170" lon="-105.1581890">
    <ele>1886.2</ele>
    <time>2026-07-15T21:10:43Z</time>
   </trkpt>
   <trkpt lat="39.6871460" lon="-105.1581790">
    <ele>1886.2</ele>
    <time>2026-07-15T21:10:44Z</time>
   </trkpt>
   <trkpt lat="39.6871750" lon="-105.1581700">
    <ele>1886.1</ele>
    <time>2026-07-15T21:10:45Z</time>
   </trkpt>
   <trkpt lat="39.6872630" lon="-105.1581640">
    <ele>1886.0</ele>
    <time>2026-07-15T21:10:46Z</time>
   </trkpt>
   <trkpt lat="39.6873180" lon="-105.1581710">
    <ele>1885.9</ele>
    <time>2026-07-15T21:10:47Z</time>
   </trkpt>
   <trkpt lat="39.6873770" lon="-105.1581830">
    <ele>1885.9</ele>
    <time>2026-07-15T21:10:48Z</time>
   </trkpt>
   <trkpt lat="39.6874450" lon="-105.1581870">
    <ele>1885.8</ele>
    <time>2026-07-15T21:10:49Z</time>
   </trkpt>
   <trkpt lat="39.6875020" lon="-105.1581700">
    <ele>1885.8</ele>
    <time>2026-07-15T21:10:50Z</time>
   </trkpt>
   <trkpt lat="39.6875440" lon="-105.1581310">
    <ele>1885.8</ele>
    <time>2026-07-15T21:10:51Z</time>
   </trkpt>
   <trkpt lat="39.6875790" lon="-105.1580910">
    <ele>1885.8</ele>
    <time>2026-07-15T21:10:52Z</time>
   </trkpt>
   <trkpt lat="39.6876220" lon="-105.1580550">
    <ele>1885.8</ele>
    <time>2026-07-15T21:10:53Z</time>
   </trkpt>
   <trkpt lat="39.6876670" lon="-105.1580250">
    <ele>1885.7</ele>
    <time>2026-07-15T21:10:54Z</time>
   </trkpt>
   <trkpt lat="39.6877100" lon="-105.1579890">
    <ele>1885.6</ele>
    <time>2026-07-15T21:10:55Z</time>
   </trkpt>
   <trkpt lat="39.6877480" lon="-105.1579400">
    <ele>1885.5</ele>
    <time>2026-07-15T21:10:56Z</time>
   </trkpt>
   <trkpt lat="39.6877800" lon="-105.1578850">
    <ele>1885.3</ele>
    <time>2026-07-15T21:10:57Z</time>
   </trkpt>
   <trkpt lat="39.6878030" lon="-105.1578220">
    <ele>1885.2</ele>
    <time>2026-07-15T21:10:58Z</time>
   </trkpt>
   <trkpt lat="39.6878240" lon="-105.1577620">
    <ele>1885.0</ele>
    <time>2026-07-15T21:10:59Z</time>
   </trkpt>
   <trkpt lat="39.6878450" lon="-105.1577020">
    <ele>1884.8</ele>
    <time>2026-07-15T21:11:00Z</time>
   </trkpt>
   <trkpt lat="39.6878720" lon="-105.1576390">
    <ele>1884.6</ele>
    <time>2026-07-15T21:11:01Z</time>
   </trkpt>
   <trkpt lat="39.6878990" lon="-105.1575780">
    <ele>1884.4</ele>
    <time>2026-07-15T21:11:02Z</time>
   </trkpt>
   <trkpt lat="39.6879240" lon="-105.1575180">
    <ele>1884.2</ele>
    <time>2026-07-15T21:11:03Z</time>
   </trkpt>
   <trkpt lat="39.6879500" lon="-105.1574640">
    <ele>1884.1</ele>
    <time>2026-07-15T21:11:04Z</time>
   </trkpt>
   <trkpt lat="39.6879560" lon="-105.1574130">
    <ele>1884.0</ele>
    <time>2026-07-15T21:11:05Z</time>
   </trkpt>
   <trkpt lat="39.6879810" lon="-105.1573570">
    <ele>1883.9</ele>
    <time>2026-07-15T21:11:06Z</time>
   </trkpt>
   <trkpt lat="39.6879670" lon="-105.1573490">
    <ele>1883.9</ele>
    <time>2026-07-15T21:11:07Z</time>
   </trkpt>
   <trkpt lat="39.6879830" lon="-105.1572930">
    <ele>1883.9</ele>
    <time>2026-07-15T21:11:08Z</time>
   </trkpt>
   <trkpt lat="39.6879910" lon="-105.1572720">
    <ele>1883.9</ele>
    <time>2026-07-15T21:11:09Z</time>
   </trkpt>
   <trkpt lat="39.6880140" lon="-105.1571950">
    <ele>1883.8</ele>
    <time>2026-07-15T21:11:10Z</time>
   </trkpt>
   <trkpt lat="39.6880290" lon="-105.1571430">
    <ele>1883.8</ele>
    <time>2026-07-15T21:11:11Z</time>
   </trkpt>
   <trkpt lat="39.6880340" lon="-105.1570920">
    <ele>1883.8</ele>
    <time>2026-07-15T21:11:12Z</time>
   </trkpt>
   <trkpt lat="39.6880360" lon="-105.1570460">
    <ele>1883.8</ele>
    <time>2026-07-15T21:11:13Z</time>
   </trkpt>
   <trkpt lat="39.6880550" lon="-105.1570320">
    <ele>1883.8</ele>
    <time>2026-07-15T21:11:14Z</time>
   </trkpt>
   <trkpt lat="39.6880730" lon="-105.1570190">
    <ele>1883.7</ele>
    <time>2026-07-15T21:11:15Z</time>
   </trkpt>
   <trkpt lat="39.6880990" lon="-105.1570190">
    <ele>1883.7</ele>
    <time>2026-07-15T21:11:16Z</time>
   </trkpt>
   <trkpt lat="39.6881080" lon="-105.1570210">
    <ele>1883.7</ele>
    <time>2026-07-15T21:11:17Z</time>
   </trkpt>
   <trkpt lat="39.6881150" lon="-105.1570260">
    <ele>1883.7</ele>
    <time>2026-07-15T21:11:18Z</time>
   </trkpt>
   <trkpt lat="39.6881210" lon="-105.1570200">
    <ele>1883.7</ele>
    <time>2026-07-15T21:11:19Z</time>
   </trkpt>
   <trkpt lat="39.6881250" lon="-105.1569930">
    <ele>1883.7</ele>
    <time>2026-07-15T21:11:20Z</time>
   </trkpt>
   <trkpt lat="39.6881410" lon="-105.1570100">
    <ele>1883.7</ele>
    <time>2026-07-15T21:11:21Z</time>
   </trkpt>
   <trkpt lat="39.6881500" lon="-105.1570170">
    <ele>1883.7</ele>
    <time>2026-07-15T21:11:22Z</time>
   </trkpt>
   <trkpt lat="39.6881760" lon="-105.1570250">
    <ele>1883.9</ele>
    <time>2026-07-15T21:11:23Z</time>
   </trkpt>
   <trkpt lat="39.6882110" lon="-105.1570240">
    <ele>1884.0</ele>
    <time>2026-07-15T21:11:24Z</time>
   </trkpt>
   <trkpt lat="39.6882330" lon="-105.1570230">
    <ele>1884.1</ele>
    <time>2026-07-15T21:11:25Z</time>
   </trkpt>
   <trkpt lat="39.6882460" lon="-105.1570300">
    <ele>1884.2</ele>
    <time>2026-07-15T21:11:26Z</time>
   </trkpt>
   <trkpt lat="39.6882540" lon="-105.1570290">
    <ele>1884.2</ele>
    <time>2026-07-15T21:11:27Z</time>
   </trkpt>
   <trkpt lat="39.6882690" lon="-105.1570490">
    <ele>1884.3</ele>
    <time>2026-07-15T21:11:28Z</time>
   </trkpt>
   <trkpt lat="39.6882890" lon="-105.1570620">
    <ele>1884.4</ele>
    <time>2026-07-15T21:11:29Z</time>
   </trkpt>
   <trkpt lat="39.6883080" lon="-105.1570630">
    <ele>1884.5</ele>
    <time>2026-07-15T21:11:30Z</time>
   </trkpt>
   <trkpt lat="39.6883350" lon="-105.1570900">
    <ele>1884.7</ele>
    <time>2026-07-15T21:11:31Z</time>
   </trkpt>
   <trkpt lat="39.6883520" lon="-105.1570750">
    <ele>1884.7</ele>
    <time>2026-07-15T21:11:32Z</time>
   </trkpt>
   <trkpt lat="39.6883810" lon="-105.1570800">
    <ele>1884.8</ele>
    <time>2026-07-15T21:11:33Z</time>
   </trkpt>
   <trkpt lat="39.6883970" lon="-105.1570570">
    <ele>1884.9</ele>
    <time>2026-07-15T21:11:34Z</time>
   </trkpt>
   <trkpt lat="39.6884220" lon="-105.1570400">
    <ele>1885.0</ele>
    <time>2026-07-15T21:11:35Z</time>
   </trkpt>
   <trkpt lat="39.6884550" lon="-105.1570510">
    <ele>1885.1</ele>
    <time>2026-07-15T21:11:36Z</time>
   </trkpt>
   <trkpt lat="39.6884830" lon="-105.1570440">
    <ele>1885.1</ele>
    <time>2026-07-15T21:11:37Z</time>
   </trkpt>
   <trkpt lat="39.6885020" lon="-105.1570380">
    <ele>1885.2</ele>
    <time>2026-07-15T21:11:38Z</time>
   </trkpt>
   <trkpt lat="39.6885320" lon="-105.1570340">
    <ele>1885.2</ele>
    <time>2026-07-15T21:11:39Z</time>
   </trkpt>
   <trkpt lat="39.6885380" lon="-105.1570280">
    <ele>1885.2</ele>
    <time>2026-07-15T21:11:40Z</time>
   </trkpt>
   <trkpt lat="39.6885550" lon="-105.1570080">
    <ele>1885.3</ele>
    <time>2026-07-15T21:11:41Z</time>
   </trkpt>
   <trkpt lat="39.6885650" lon="-105.1569940">
    <ele>1885.3</ele>
    <time>2026-07-15T21:11:42Z</time>
   </trkpt>
   <trkpt lat="39.6885910" lon="-105.1569990">
    <ele>1885.4</ele>
    <time>2026-07-15T21:11:43Z</time>
   </trkpt>
   <trkpt lat="39.6886360" lon="-105.1569220">
    <ele>1885.6</ele>
    <time>2026-07-15T21:11:44Z</time>
   </trkpt>
   <trkpt lat="39.6886380" lon="-105.1569210">
    <ele>1885.6</ele>
    <time>2026-07-15T21:11:45Z</time>
   </trkpt>
   <trkpt lat="39.6886550" lon="-105.1569000">
    <ele>1885.7</ele>
    <time>2026-07-15T21:11:46Z</time>
   </trkpt>
   <trkpt lat="39.6886710" lon="-105.1568800">
    <ele>1885.8</ele>
    <time>2026-07-15T21:11:47Z</time>
   </trkpt>
   <trkpt lat="39.6886920" lon="-105.1568410">
    <ele>1885.9</ele>
    <time>2026-07-15T21:11:48Z</time>
   </trkpt>
   <trkpt lat="39.6887170" lon="-105.1568150">
    <ele>1886.2</ele>
    <time>2026-07-15T21:11:49Z</time>
   </trkpt>
   <trkpt lat="39.6887450" lon="-105.1567980">
    <ele>1886.5</ele>
    <time>2026-07-15T21:11:50Z</time>
   </trkpt>
   <trkpt lat="39.6887610" lon="-105.1567730">
    <ele>1886.8</ele>
    <time>2026-07-15T21:11:51Z</time>
   </trkpt>
   <trkpt lat="39.6887870" lon="-105.1567580">
    <ele>1887.1</ele>
    <time>2026-07-15T21:11:52Z</time>
   </trkpt>
   <trkpt lat="39.6888130" lon="-105.1567490">
    <ele>1887.4</ele>
    <time>2026-07-15T21:11:53Z</time>
   </trkpt>
   <trkpt lat="39.6888380" lon="-105.1567500">
    <ele>1887.7</ele>
    <time>2026-07-15T21:11:54Z</time>
   </trkpt>
   <trkpt lat="39.6888580" lon="-105.1567510">
    <ele>1888.0</ele>
    <time>2026-07-15T21:11:55Z</time>
   </trkpt>
   <trkpt lat="39.6888740" lon="-105.1567580">
    <ele>1888.2</ele>
    <time>2026-07-15T21:11:56Z</time>
   </trkpt>
   <trkpt lat="39.6888890" lon="-105.1567790">
    <ele>1888.5</ele>
    <time>2026-07-15T21:11:57Z</time>
   </trkpt>
   <trkpt lat="39.6889050" lon="-105.1567910">
    <ele>1888.8</ele>
    <time>2026-07-15T21:11:58Z</time>
   </trkpt>
   <trkpt lat="39.6889270" lon="-105.1568040">
    <ele>1889.1</ele>
    <time>2026-07-15T21:11:59Z</time>
   </trkpt>
   <trkpt lat="39.6889450" lon="-105.1568160">
    <ele>1889.4</ele>
    <time>2026-07-15T21:12:00Z</time>
   </trkpt>
   <trkpt lat="39.6889620" lon="-105.1568340">
    <ele>1889.7</ele>
    <time>2026-07-15T21:12:01Z</time>
   </trkpt>
   <trkpt lat="39.6889740" lon="-105.1568400">
    <ele>1890.0</ele>
    <time>2026-07-15T21:12:02Z</time>
   </trkpt>
   <trkpt lat="39.6889880" lon="-105.1568570">
    <ele>1890.3</ele>
    <time>2026-07-15T21:12:03Z</time>
   </trkpt>
   <trkpt lat="39.6889950" lon="-105.1568850">
    <ele>1890.6</ele>
    <time>2026-07-15T21:12:04Z</time>
   </trkpt>
   <trkpt lat="39.6890180" lon="-105.1568920">
    <ele>1891.0</ele>
    <time>2026-07-15T21:12:05Z</time>
   </trkpt>
   <trkpt lat="39.6890290" lon="-105.1568980">
    <ele>1891.2</ele>
    <time>2026-07-15T21:12:06Z</time>
   </trkpt>
   <trkpt lat="39.6890450" lon="-105.1569080">
    <ele>1891.5</ele>
    <time>2026-07-15T21:12:07Z</time>
   </trkpt>
   <trkpt lat="39.6890600" lon="-105.1569230">
    <ele>1891.8</ele>
    <time>2026-07-15T21:12:08Z</time>
   </trkpt>
   <trkpt lat="39.6890750" lon="-105.1569410">
    <ele>1892.2</ele>
    <time>2026-07-15T21:12:09Z</time>
   </trkpt>
   <trkpt lat="39.6890890" lon="-105.1569520">
    <ele>1892.5</ele>
    <time>2026-07-15T21:12:10Z</time>
   </trkpt>
   <trkpt lat="39.6890990" lon="-105.1569660">
    <ele>1892.7</ele>
    <time>2026-07-15T21:12:11Z</time>
   </trkpt>
   <trkpt lat="39.6891130" lon="-105.1569760">
    <ele>1893.0</ele>
    <time>2026-07-15T21:12:12Z</time>
   </trkpt>
   <trkpt lat="39.6891270" lon="-105.1569880">
    <ele>1893.3</ele>
    <time>2026-07-15T21:12:13Z</time>
   </trkpt>
   <trkpt lat="39.6891440" lon="-105.1570030">
    <ele>1893.7</ele>
    <time>2026-07-15T21:12:14Z</time>
   </trkpt>
   <trkpt lat="39.6891570" lon="-105.1570080">
    <ele>1893.9</ele>
    <time>2026-07-15T21:12:15Z</time>
   </trkpt>
   <trkpt lat="39.6891750" lon="-105.1570230">
    <ele>1894.3</ele>
    <time>2026-07-15T21:12:16Z</time>
   </trkpt>
   <trkpt lat="39.6891860" lon="-105.1570300">
    <ele>1894.5</ele>
    <time>2026-07-15T21:12:17Z</time>
   </trkpt>
   <trkpt lat="39.6891990" lon="-105.1570440">
    <ele>1894.8</ele>
    <time>2026-07-15T21:12:18Z</time>
   </trkpt>
   <trkpt lat="39.6892180" lon="-105.1570440">
    <ele>1895.1</ele>
    <time>2026-07-15T21:12:19Z</time>
   </trkpt>
   <trkpt lat="39.6892330" lon="-105.1570400">
    <ele>1895.4</ele>
    <time>2026-07-15T21:12:20Z</time>
   </trkpt>
   <trkpt lat="39.6892510" lon="-105.1570540">
    <ele>1895.8</ele>
    <time>2026-07-15T21:12:21Z</time>
   </trkpt>
   <trkpt lat="39.6892650" lon="-105.1570630">
    <ele>1896.0</ele>
    <time>2026-07-15T21:12:22Z</time>
   </trkpt>
   <trkpt lat="39.6892820" lon="-105.1570760">
    <ele>1896.4</ele>
    <time>2026-07-15T21:12:23Z</time>
   </trkpt>
   <trkpt lat="39.6892870" lon="-105.1570950">
    <ele>1896.6</ele>
    <time>2026-07-15T21:12:24Z</time>
   </trkpt>
   <trkpt lat="39.6892910" lon="-105.1571170">
    <ele>1896.9</ele>
    <time>2026-07-15T21:12:25Z</time>
   </trkpt>
   <trkpt lat="39.6893030" lon="-105.1571420">
    <ele>1897.3</ele>
    <time>2026-07-15T21:12:26Z</time>
   </trkpt>
   <trkpt lat="39.6893030" lon="-105.1571420">
    <ele>1897.3</ele>
    <time>2026-07-15T21:12:27Z</time>
   </trkpt>
   <trkpt lat="39.6893030" lon="-105.1571420">
    <ele>1897.3</ele>
    <time>2026-07-15T21:12:28Z</time>
   </trkpt>
   <trkpt lat="39.6893260" lon="-105.1571700">
    <ele>1897.8</ele>
    <time>2026-07-15T21:12:29Z</time>
   </trkpt>
   <trkpt lat="39.6893450" lon="-105.1571950">
    <ele>1898.2</ele>
    <time>2026-07-15T21:12:30Z</time>
   </trkpt>
   <trkpt lat="39.6893650" lon="-105.1572190">
    <ele>1898.6</ele>
    <time>2026-07-15T21:12:31Z</time>
   </trkpt>
   <trkpt lat="39.6893840" lon="-105.1572440">
    <ele>1899.0</ele>
    <time>2026-07-15T21:12:32Z</time>
   </trkpt>
   <trkpt lat="39.6893670" lon="-105.1572110">
    <ele>1899.4</ele>
    <time>2026-07-15T21:12:33Z</time>
   </trkpt>
   <trkpt lat="39.6893610" lon="-105.1572380">
    <ele>1899.7</ele>
    <time>2026-07-15T21:12:34Z</time>
   </trkpt>
   <trkpt lat="39.6893520" lon="-105.1572710">
    <ele>1900.0</ele>
    <time>2026-07-15T21:12:35Z</time>
   </trkpt>
   <trkpt lat="39.6893410" lon="-105.1572750">
    <ele>1900.1</ele>
    <time>2026-07-15T21:12:36Z</time>
   </trkpt>
   <trkpt lat="39.6893400" lon="-105.1572790">
    <ele>1900.1</ele>
    <time>2026-07-15T21:12:37Z</time>
   </trkpt>
   <trkpt lat="39.6893390" lon="-105.1572760">
    <ele>1900.2</ele>
    <time>2026-07-15T21:12:38Z</time>
   </trkpt>
   <trkpt lat="39.6893360" lon="-105.1572660">
    <ele>1900.2</ele>
    <time>2026-07-15T21:12:39Z</time>
   </trkpt>
   <trkpt lat="39.6893290" lon="-105.1572520">
    <ele>1900.4</ele>
    <time>2026-07-15T21:12:40Z</time>
   </trkpt>
   <trkpt lat="39.6893200" lon="-105.1572420">
    <ele>1900.5</ele>
    <time>2026-07-15T21:12:41Z</time>
   </trkpt>
   <trkpt lat="39.6893060" lon="-105.1572430">
    <ele>1900.6</ele>
    <time>2026-07-15T21:12:42Z</time>
   </trkpt>
   <trkpt lat="39.6892910" lon="-105.1572350">
    <ele>1900.8</ele>
    <time>2026-07-15T21:12:43Z</time>
   </trkpt>
   <trkpt lat="39.6892710" lon="-105.1572290">
    <ele>1901.0</ele>
    <time>2026-07-15T21:12:44Z</time>
   </trkpt>
   <trkpt lat="39.6892650" lon="-105.1572230">
    <ele>1901.1</ele>
    <time>2026-07-15T21:12:45Z</time>
   </trkpt>
   <trkpt lat="39.6892570" lon="-105.1572130">
    <ele>1901.2</ele>
    <time>2026-07-15T21:12:46Z</time>
   </trkpt>
   <trkpt lat="39.6892510" lon="-105.1572310">
    <ele>1901.3</ele>
    <time>2026-07-15T21:12:47Z</time>
   </trkpt>
   <trkpt lat="39.6892490" lon="-105.1572350">
    <ele>1901.3</ele>
    <time>2026-07-15T21:12:48Z</time>
   </trkpt>
   <trkpt lat="39.6892190" lon="-105.1572340">
    <ele>1901.6</ele>
    <time>2026-07-15T21:12:49Z</time>
   </trkpt>
   <trkpt lat="39.6892080" lon="-105.1572250">
    <ele>1901.7</ele>
    <time>2026-07-15T21:12:50Z</time>
   </trkpt>
   <trkpt lat="39.6891870" lon="-105.1572240">
    <ele>1901.9</ele>
    <time>2026-07-15T21:12:51Z</time>
   </trkpt>
   <trkpt lat="39.6891700" lon="-105.1572220">
    <ele>1902.0</ele>
    <time>2026-07-15T21:12:52Z</time>
   </trkpt>
   <trkpt lat="39.6891550" lon="-105.1572200">
    <ele>1902.1</ele>
    <time>2026-07-15T21:12:53Z</time>
   </trkpt>
   <trkpt lat="39.6891370" lon="-105.1572150">
    <ele>1902.3</ele>
    <time>2026-07-15T21:12:54Z</time>
   </trkpt>
   <trkpt lat="39.6891170" lon="-105.1572060">
    <ele>1902.5</ele>
    <time>2026-07-15T21:12:55Z</time>
   </trkpt>
   <trkpt lat="39.6891050" lon="-105.1572160">
    <ele>1902.6</ele>
    <time>2026-07-15T21:12:56Z</time>
   </trkpt>
   <trkpt lat="39.6890870" lon="-105.1572210">
    <ele>1902.7</ele>
    <time>2026-07-15T21:12:57Z</time>
   </trkpt>
   <trkpt lat="39.6890690" lon="-105.1572240">
    <ele>1902.9</ele>
    <time>2026-07-15T21:12:58Z</time>
   </trkpt>
   <trkpt lat="39.6890450" lon="-105.1572320">
    <ele>1903.1</ele>
    <time>2026-07-15T21:12:59Z</time>
   </trkpt>
   <trkpt lat="39.6890180" lon="-105.1572270">
    <ele>1903.3</ele>
    <time>2026-07-15T21:13:00Z</time>
   </trkpt>
   <trkpt lat="39.6890050" lon="-105.1572610">
    <ele>1903.6</ele>
    <time>2026-07-15T21:13:01Z</time>
   </trkpt>
   <trkpt lat="39.6889990" lon="-105.1572790">
    <ele>1903.7</ele>
    <time>2026-07-15T21:13:02Z</time>
   </trkpt>
   <trkpt lat="39.6889980" lon="-105.1572990">
    <ele>1903.9</ele>
    <time>2026-07-15T21:13:03Z</time>
   </trkpt>
   <trkpt lat="39.6889910" lon="-105.1573180">
    <ele>1904.0</ele>
    <time>2026-07-15T21:13:04Z</time>
   </trkpt>
   <trkpt lat="39.6889870" lon="-105.1573310">
    <ele>1904.1</ele>
    <time>2026-07-15T21:13:05Z</time>
   </trkpt>
   <trkpt lat="39.6889850" lon="-105.1573420">
    <ele>1904.2</ele>
    <time>2026-07-15T21:13:06Z</time>
   </trkpt>
   <trkpt lat="39.6889880" lon="-105.1573580">
    <ele>1904.3</ele>
    <time>2026-07-15T21:13:07Z</time>
   </trkpt>
   <trkpt lat="39.6889910" lon="-105.1573520">
    <ele>1904.3</ele>
    <time>2026-07-15T21:13:08Z</time>
   </trkpt>
   <trkpt lat="39.6889910" lon="-105.1573490">
    <ele>1904.4</ele>
    <time>2026-07-15T21:13:09Z</time>
   </trkpt>
   <trkpt lat="39.6889920" lon="-105.1573460">
    <ele>1904.4</ele>
    <time>2026-07-15T21:13:10Z</time>
   </trkpt>
   <trkpt lat="39.6889950" lon="-105.1573480">
    <ele>1904.4</ele>
    <time>2026-07-15T21:13:11Z</time>
   </trkpt>
   <trkpt lat="39.6890010" lon="-105.1573460">
    <ele>1904.5</ele>
    <time>2026-07-15T21:13:12Z</time>
   </trkpt>
   <trkpt lat="39.6889970" lon="-105.1573450">
    <ele>1904.5</ele>
    <time>2026-07-15T21:13:13Z</time>
   </trkpt>
   <trkpt lat="39.6890000" lon="-105.1573480">
    <ele>1904.5</ele>
    <time>2026-07-15T21:13:14Z</time>
   </trkpt>
   <trkpt lat="39.6889970" lon="-105.1573450">
    <ele>1904.6</ele>
    <time>2026-07-15T21:13:15Z</time>
   </trkpt>
   <trkpt lat="39.6889960" lon="-105.1573440">
    <ele>1904.6</ele>
    <time>2026-07-15T21:13:16Z</time>
   </trkpt>
   <trkpt lat="39.6889870" lon="-105.1574040">
    <ele>1905.0</ele>
    <time>2026-07-15T21:14:44Z</time>
   </trkpt>
   <trkpt lat="39.6889880" lon="-105.1574350">
    <ele>1905.3</ele>
    <time>2026-07-15T21:14:45Z</time>
   </trkpt>
   <trkpt lat="39.6889900" lon="-105.1574750">
    <ele>1905.6</ele>
    <time>2026-07-15T21:14:46Z</time>
   </trkpt>
   <trkpt lat="39.6889960" lon="-105.1574900">
    <ele>1905.7</ele>
    <time>2026-07-15T21:14:47Z</time>
   </trkpt>
   <trkpt lat="39.6889890" lon="-105.1575200">
    <ele>1906.0</ele>
    <time>2026-07-15T21:14:48Z</time>
   </trkpt>
   <trkpt lat="39.6889910" lon="-105.1575290">
    <ele>1906.0</ele>
    <time>2026-07-15T21:14:49Z</time>
   </trkpt>
   <trkpt lat="39.6889900" lon="-105.1575320">
    <ele>1906.1</ele>
    <time>2026-07-15T21:14:50Z</time>
   </trkpt>
   <trkpt lat="39.6889890" lon="-105.1575370">
    <ele>1906.1</ele>
    <time>2026-07-15T21:14:51Z</time>
   </trkpt>
   <trkpt lat="39.6889820" lon="-105.1575490">
    <ele>1906.2</ele>
    <time>2026-07-15T21:14:52Z</time>
   </trkpt>
   <trkpt lat="39.6889780" lon="-105.1575780">
    <ele>1906.5</ele>
    <time>2026-07-15T21:14:53Z</time>
   </trkpt>
   <trkpt lat="39.6889730" lon="-105.1575990">
    <ele>1906.6</ele>
    <time>2026-07-15T21:14:54Z</time>
   </trkpt>
   <trkpt lat="39.6889750" lon="-105.1576240">
    <ele>1906.8</ele>
    <time>2026-07-15T21:14:55Z</time>
   </trkpt>
   <trkpt lat="39.6889730" lon="-105.1576300">
    <ele>1906.9</ele>
    <time>2026-07-15T21:14:56Z</time>
   </trkpt>
   <trkpt lat="39.6889710" lon="-105.1576470">
    <ele>1907.0</ele>
    <time>2026-07-15T21:14:57Z</time>
   </trkpt>
   <trkpt lat="39.6889650" lon="-105.1576630">
    <ele>1907.1</ele>
    <time>2026-07-15T21:14:58Z</time>
   </trkpt>
   <trkpt lat="39.6889490" lon="-105.1576590">
    <ele>1907.3</ele>
    <time>2026-07-15T21:14:59Z</time>
   </trkpt>
   <trkpt lat="39.6889350" lon="-105.1576940">
    <ele>1907.5</ele>
    <time>2026-07-15T21:15:00Z</time>
   </trkpt>
   <trkpt lat="39.6889230" lon="-105.1577290">
    <ele>1907.7</ele>
    <time>2026-07-15T21:15:01Z</time>
   </trkpt>
   <trkpt lat="39.6889190" lon="-105.1577370">
    <ele>1907.8</ele>
    <time>2026-07-15T21:15:02Z</time>
   </trkpt>
   <trkpt lat="39.6889060" lon="-105.1577620">
    <ele>1908.0</ele>
    <time>2026-07-15T21:15:03Z</time>
   </trkpt>
   <trkpt lat="39.6889070" lon="-105.1577770">
    <ele>1908.0</ele>
    <time>2026-07-15T21:15:04Z</time>
   </trkpt>
   <trkpt lat="39.6889000" lon="-105.1577960">
    <ele>1908.1</ele>
    <time>2026-07-15T21:15:05Z</time>
   </trkpt>
   <trkpt lat="39.6888910" lon="-105.1578260">
    <ele>1908.3</ele>
    <time>2026-07-15T21:15:06Z</time>
   </trkpt>
   <trkpt lat="39.6888780" lon="-105.1578200">
    <ele>1908.3</ele>
    <time>2026-07-15T21:15:07Z</time>
   </trkpt>
   <trkpt lat="39.6888510" lon="-105.1578270">
    <ele>1908.5</ele>
    <time>2026-07-15T21:15:08Z</time>
   </trkpt>
   <trkpt lat="39.6888380" lon="-105.1578410">
    <ele>1908.6</ele>
    <time>2026-07-15T21:15:09Z</time>
   </trkpt>
   <trkpt lat="39.6888170" lon="-105.1578640">
    <ele>1908.7</ele>
    <time>2026-07-15T21:15:10Z</time>
   </trkpt>
   <trkpt lat="39.6887980" lon="-105.1578730">
    <ele>1908.8</ele>
    <time>2026-07-15T21:15:11Z</time>
   </trkpt>
   <trkpt lat="39.6887740" lon="-105.1578910">
    <ele>1909.0</ele>
    <time>2026-07-15T21:15:12Z</time>
   </trkpt>
   <trkpt lat="39.6887610" lon="-105.1579060">
    <ele>1909.1</ele>
    <time>2026-07-15T21:15:13Z</time>
   </trkpt>
   <trkpt lat="39.6887430" lon="-105.1579300">
    <ele>1909.2</ele>
    <time>2026-07-15T21:15:14Z</time>
   </trkpt>
   <trkpt lat="39.6887390" lon="-105.1579450">
    <ele>1909.3</ele>
    <time>2026-07-15T21:15:15Z</time>
   </trkpt>
   <trkpt lat="39.6887300" lon="-105.1579650">
    <ele>1909.4</ele>
    <time>2026-07-15T21:15:16Z</time>
   </trkpt>
   <trkpt lat="39.6887330" lon="-105.1579730">
    <ele>1909.5</ele>
    <time>2026-07-15T21:15:17Z</time>
   </trkpt>
   <trkpt lat="39.6887280" lon="-105.1579980">
    <ele>1909.6</ele>
    <time>2026-07-15T21:15:18Z</time>
   </trkpt>
   <trkpt lat="39.6887130" lon="-105.1580210">
    <ele>1909.8</ele>
    <time>2026-07-15T21:15:19Z</time>
   </trkpt>
   <trkpt lat="39.6887060" lon="-105.1580410">
    <ele>1909.9</ele>
    <time>2026-07-15T21:15:20Z</time>
   </trkpt>
   <trkpt lat="39.6887000" lon="-105.1580610">
    <ele>1910.0</ele>
    <time>2026-07-15T21:15:21Z</time>
   </trkpt>
   <trkpt lat="39.6886920" lon="-105.1580850">
    <ele>1910.2</ele>
    <time>2026-07-15T21:15:22Z</time>
   </trkpt>
   <trkpt lat="39.6886770" lon="-105.1581130">
    <ele>1910.4</ele>
    <time>2026-07-15T21:15:23Z</time>
   </trkpt>
   <trkpt lat="39.6886630" lon="-105.1581270">
    <ele>1910.6</ele>
    <time>2026-07-15T21:15:24Z</time>
   </trkpt>
   <trkpt lat="39.6886470" lon="-105.1581510">
    <ele>1910.8</ele>
    <time>2026-07-15T21:15:25Z</time>
   </trkpt>
   <trkpt lat="39.6886380" lon="-105.1581710">
    <ele>1911.0</ele>
    <time>2026-07-15T21:15:26Z</time>
   </trkpt>
   <trkpt lat="39.6886270" lon="-105.1581870">
    <ele>1911.1</ele>
    <time>2026-07-15T21:15:27Z</time>
   </trkpt>
   <trkpt lat="39.6886180" lon="-105.1582040">
    <ele>1911.3</ele>
    <time>2026-07-15T21:15:28Z</time>
   </trkpt>
   <trkpt lat="39.6886080" lon="-105.1582220">
    <ele>1911.5</ele>
    <time>2026-07-15T21:15:29Z</time>
   </trkpt>
   <trkpt lat="39.6886000" lon="-105.1582410">
    <ele>1911.7</ele>
    <time>2026-07-15T21:15:30Z</time>
   </trkpt>
   <trkpt lat="39.6885890" lon="-105.1582560">
    <ele>1911.9</ele>
    <time>2026-07-15T21:15:31Z</time>
   </trkpt>
   <trkpt lat="39.6885780" lon="-105.1582770">
    <ele>1912.1</ele>
    <time>2026-07-15T21:15:32Z</time>
   </trkpt>
   <trkpt lat="39.6885720" lon="-105.1582990">
    <ele>1912.3</ele>
    <time>2026-07-15T21:15:33Z</time>
   </trkpt>
   <trkpt lat="39.6885620" lon="-105.1583150">
    <ele>1912.5</ele>
    <time>2026-07-15T21:15:34Z</time>
   </trkpt>
   <trkpt lat="39.6885560" lon="-105.1583330">
    <ele>1912.7</ele>
    <time>2026-07-15T21:15:35Z</time>
   </trkpt>
   <trkpt lat="39.6885440" lon="-105.1583440">
    <ele>1912.9</ele>
    <time>2026-07-15T21:15:36Z</time>
   </trkpt>
   <trkpt lat="39.6885420" lon="-105.1583700">
    <ele>1913.1</ele>
    <time>2026-07-15T21:15:37Z</time>
   </trkpt>
   <trkpt lat="39.6885370" lon="-105.1583920">
    <ele>1913.3</ele>
    <time>2026-07-15T21:15:38Z</time>
   </trkpt>
   <trkpt lat="39.6885310" lon="-105.1584140">
    <ele>1913.6</ele>
    <time>2026-07-15T21:15:39Z</time>
   </trkpt>
   <trkpt lat="39.6885280" lon="-105.1584370">
    <ele>1913.8</ele>
    <time>2026-07-15T21:15:40Z</time>
   </trkpt>
   <trkpt lat="39.6885260" lon="-105.1584580">
    <ele>1914.0</ele>
    <time>2026-07-15T21:15:41Z</time>
   </trkpt>
   <trkpt lat="39.6885250" lon="-105.1584770">
    <ele>1914.2</ele>
    <time>2026-07-15T21:15:42Z</time>
   </trkpt>
   <trkpt lat="39.6885210" lon="-105.1584970">
    <ele>1914.4</ele>
    <time>2026-07-15T21:15:43Z</time>
   </trkpt>
   <trkpt lat="39.6885170" lon="-105.1585190">
    <ele>1914.6</ele>
    <time>2026-07-15T21:15:44Z</time>
   </trkpt>
   <trkpt lat="39.6885100" lon="-105.1585410">
    <ele>1914.9</ele>
    <time>2026-07-15T21:15:45Z</time>
   </trkpt>
   <trkpt lat="39.6885020" lon="-105.1585590">
    <ele>1915.1</ele>
    <time>2026-07-15T21:15:46Z</time>
   </trkpt>
   <trkpt lat="39.6885020" lon="-105.1585810">
    <ele>1915.3</ele>
    <time>2026-07-15T21:15:47Z</time>
   </trkpt>
   <trkpt lat="39.6885020" lon="-105.1586000">
    <ele>1915.5</ele>
    <time>2026-07-15T21:15:48Z</time>
   </trkpt>
   <trkpt lat="39.6884990" lon="-105.1586210">
    <ele>1915.8</ele>
    <time>2026-07-15T21:15:49Z</time>
   </trkpt>
   <trkpt lat="39.6885010" lon="-105.1586410">
    <ele>1916.0</ele>
    <time>2026-07-15T21:15:50Z</time>
   </trkpt>
   <trkpt lat="39.6884980" lon="-105.1586600">
    <ele>1916.2</ele>
    <time>2026-07-15T21:15:51Z</time>
   </trkpt>
   <trkpt lat="39.6884870" lon="-105.1586780">
    <ele>1916.5</ele>
    <time>2026-07-15T21:15:52Z</time>
   </trkpt>
   <trkpt lat="39.6884800" lon="-105.1586960">
    <ele>1916.7</ele>
    <time>2026-07-15T21:15:53Z</time>
   </trkpt>
   <trkpt lat="39.6884750" lon="-105.1587210">
    <ele>1917.0</ele>
    <time>2026-07-15T21:15:54Z</time>
   </trkpt>
   <trkpt lat="39.6884760" lon="-105.1587390">
    <ele>1917.2</ele>
    <time>2026-07-15T21:15:55Z</time>
   </trkpt>
   <trkpt lat="39.6884970" lon="-105.1587450">
    <ele>1917.5</ele>
    <time>2026-07-15T21:15:56Z</time>
   </trkpt>
   <trkpt lat="39.6884870" lon="-105.1588010">
    <ele>1918.2</ele>
    <time>2026-07-15T21:15:57Z</time>
   </trkpt>
   <trkpt lat="39.6885100" lon="-105.1587700">
    <ele>1918.6</ele>
    <time>2026-07-15T21:15:58Z</time>
   </trkpt>
   <trkpt lat="39.6885140" lon="-105.1587190">
    <ele>1919.1</ele>
    <time>2026-07-15T21:15:59Z</time>
   </trkpt>
   <trkpt lat="39.6885150" lon="-105.1586920">
    <ele>1919.4</ele>
    <time>2026-07-15T21:16:00Z</time>
   </trkpt>
   <trkpt lat="39.6885280" lon="-105.1586710">
    <ele>1919.6</ele>
    <time>2026-07-15T21:16:01Z</time>
   </trkpt>
   <trkpt lat="39.6885400" lon="-105.1586580">
    <ele>1919.8</ele>
    <time>2026-07-15T21:16:02Z</time>
   </trkpt>
   <trkpt lat="39.6885470" lon="-105.1586420">
    <ele>1920.0</ele>
    <time>2026-07-15T21:16:03Z</time>
   </trkpt>
   <trkpt lat="39.6885560" lon="-105.1586320">
    <ele>1920.1</ele>
    <time>2026-07-15T21:16:04Z</time>
   </trkpt>
   <trkpt lat="39.6885750" lon="-105.1586210">
    <ele>1920.4</ele>
    <time>2026-07-15T21:16:05Z</time>
   </trkpt>
   <trkpt lat="39.6886010" lon="-105.1585980">
    <ele>1920.8</ele>
    <time>2026-07-15T21:16:06Z</time>
   </trkpt>
   <trkpt lat="39.6886110" lon="-105.1585830">
    <ele>1920.9</ele>
    <time>2026-07-15T21:16:07Z</time>
   </trkpt>
   <trkpt lat="39.6886240" lon="-105.1585680">
    <ele>1921.1</ele>
    <time>2026-07-15T21:16:08Z</time>
   </trkpt>
   <trkpt lat="39.6886380" lon="-105.1585630">
    <ele>1921.3</ele>
    <time>2026-07-15T21:16:09Z</time>
   </trkpt>
   <trkpt lat="39.6886590" lon="-105.1585580">
    <ele>1921.6</ele>
    <time>2026-07-15T21:16:10Z</time>
   </trkpt>
   <trkpt lat="39.6886690" lon="-105.1585480">
    <ele>1921.7</ele>
    <time>2026-07-15T21:16:11Z</time>
   </trkpt>
   <trkpt lat="39.6886780" lon="-105.1585330">
    <ele>1921.9</ele>
    <time>2026-07-15T21:16:12Z</time>
   </trkpt>
   <trkpt lat="39.6886920" lon="-105.1585310">
    <ele>1922.1</ele>
    <time>2026-07-15T21:16:13Z</time>
   </trkpt>
   <trkpt lat="39.6887040" lon="-105.1585240">
    <ele>1922.3</ele>
    <time>2026-07-15T21:16:14Z</time>
   </trkpt>
   <trkpt lat="39.6887180" lon="-105.1585090">
    <ele>1922.5</ele>
    <time>2026-07-15T21:16:15Z</time>
   </trkpt>
   <trkpt lat="39.6887270" lon="-105.1584980">
    <ele>1922.7</ele>
    <time>2026-07-15T21:16:16Z</time>
   </trkpt>
   <trkpt lat="39.6887450" lon="-105.1584850">
    <ele>1923.0</ele>
    <time>2026-07-15T21:16:17Z</time>
   </trkpt>
   <trkpt lat="39.6887540" lon="-105.1584880">
    <ele>1923.1</ele>
    <time>2026-07-15T21:16:18Z</time>
   </trkpt>
   <trkpt lat="39.6887660" lon="-105.1584800">
    <ele>1923.3</ele>
    <time>2026-07-15T21:16:19Z</time>
   </trkpt>
   <trkpt lat="39.6887830" lon="-105.1584770">
    <ele>1923.5</ele>
    <time>2026-07-15T21:16:20Z</time>
   </trkpt>
   <trkpt lat="39.6887980" lon="-105.1584710">
    <ele>1923.7</ele>
    <time>2026-07-15T21:16:21Z</time>
   </trkpt>
   <trkpt lat="39.6888100" lon="-105.1584630">
    <ele>1923.9</ele>
    <time>2026-07-15T21:16:22Z</time>
   </trkpt>
   <trkpt lat="39.6888270" lon="-105.1584640">
    <ele>1924.2</ele>
    <time>2026-07-15T21:16:23Z</time>
   </trkpt>
   <trkpt lat="39.6888400" lon="-105.1584560">
    <ele>1924.4</ele>
    <time>2026-07-15T21:16:24Z</time>
   </trkpt>
   <trkpt lat="39.6888510" lon="-105.1584480">
    <ele>1924.6</ele>
    <time>2026-07-15T21:16:25Z</time>
   </trkpt>
   <trkpt lat="39.6888660" lon="-105.1584450">
    <ele>1924.8</ele>
    <time>2026-07-15T21:16:26Z</time>
   </trkpt>
   <trkpt lat="39.6888760" lon="-105.1584350">
    <ele>1925.0</ele>
    <time>2026-07-15T21:16:27Z</time>
   </trkpt>
   <trkpt lat="39.6888890" lon="-105.1584310">
    <ele>1925.2</ele>
    <time>2026-07-15T21:16:28Z</time>
   </trkpt>
   <trkpt lat="39.6889040" lon="-105.1584310">
    <ele>1925.4</ele>
    <time>2026-07-15T21:16:29Z</time>
   </trkpt>
   <trkpt lat="39.6889160" lon="-105.1584270">
    <ele>1925.6</ele>
    <time>2026-07-15T21:16:30Z</time>
   </trkpt>
   <trkpt lat="39.6889270" lon="-105.1584230">
    <ele>1925.8</ele>
    <time>2026-07-15T21:16:31Z</time>
   </trkpt>
   <trkpt lat="39.6889430" lon="-105.1584220">
    <ele>1926.0</ele>
    <time>2026-07-15T21:16:32Z</time>
   </trkpt>
   <trkpt lat="39.6889550" lon="-105.1584150">
    <ele>1926.2</ele>
    <time>2026-07-15T21:16:33Z</time>
   </trkpt>
   <trkpt lat="39.6889690" lon="-105.1584120">
    <ele>1926.4</ele>
    <time>2026-07-15T21:16:34Z</time>
   </trkpt>
   <trkpt lat="39.6889840" lon="-105.1584060">
    <ele>1926.7</ele>
    <time>2026-07-15T21:16:35Z</time>
   </trkpt>
   <trkpt lat="39.6890000" lon="-105.1584050">
    <ele>1926.9</ele>
    <time>2026-07-15T21:16:36Z</time>
   </trkpt>
   <trkpt lat="39.6890140" lon="-105.1584010">
    <ele>1927.1</ele>
    <time>2026-07-15T21:16:37Z</time>
   </trkpt>
   <trkpt lat="39.6890330" lon="-105.1584040">
    <ele>1927.4</ele>
    <time>2026-07-15T21:16:38Z</time>
   </trkpt>
   <trkpt lat="39.6890460" lon="-105.1584010">
    <ele>1927.6</ele>
    <time>2026-07-15T21:16:39Z</time>
   </trkpt>
   <trkpt lat="39.6890590" lon="-105.1583970">
    <ele>1927.8</ele>
    <time>2026-07-15T21:16:40Z</time>
   </trkpt>
   <trkpt lat="39.6890710" lon="-105.1583980">
    <ele>1928.0</ele>
    <time>2026-07-15T21:16:41Z</time>
   </trkpt>
   <trkpt lat="39.6890840" lon="-105.1584050">
    <ele>1928.2</ele>
    <time>2026-07-15T21:16:42Z</time>
   </trkpt>
   <trkpt lat="39.6890970" lon="-105.1584080">
    <ele>1928.4</ele>
    <time>2026-07-15T21:16:43Z</time>
   </trkpt>
   <trkpt lat="39.6891080" lon="-105.1584110">
    <ele>1928.5</ele>
    <time>2026-07-15T21:16:44Z</time>
   </trkpt>
   <trkpt lat="39.6891230" lon="-105.1584270">
    <ele>1928.8</ele>
    <time>2026-07-15T21:16:45Z</time>
   </trkpt>
   <trkpt lat="39.6891300" lon="-105.1584420">
    <ele>1929.0</ele>
    <time>2026-07-15T21:16:46Z</time>
   </trkpt>
   <trkpt lat="39.6891340" lon="-105.1584560">
    <ele>1929.2</ele>
    <time>2026-07-15T21:16:47Z</time>
   </trkpt>
   <trkpt lat="39.6891330" lon="-105.1584640">
    <ele>1929.3</ele>
    <time>2026-07-15T21:16:48Z</time>
   </trkpt>
   <trkpt lat="39.6891290" lon="-105.1584630">
    <ele>1929.3</ele>
    <time>2026-07-15T21:16:49Z</time>
   </trkpt>
   <trkpt lat="39.6891270" lon="-105.1584630">
    <ele>1929.4</ele>
    <time>2026-07-15T21:16:50Z</time>
   </trkpt>
   <trkpt lat="39.6891180" lon="-105.1584810">
    <ele>1929.6</ele>
    <time>2026-07-15T21:16:51Z</time>
   </trkpt>
   <trkpt lat="39.6891240" lon="-105.1584600">
    <ele>1929.9</ele>
    <time>2026-07-15T21:16:52Z</time>
   </trkpt>
   <trkpt lat="39.6891260" lon="-105.1584590">
    <ele>1929.9</ele>
    <time>2026-07-15T21:16:53Z</time>
   </trkpt>
   <trkpt lat="39.6891220" lon="-105.1584700">
    <ele>1930.0</ele>
    <time>2026-07-15T21:16:54Z</time>
   </trkpt>
   <trkpt lat="39.6891180" lon="-105.1584730">
    <ele>1930.1</ele>
    <time>2026-07-15T21:16:55Z</time>
   </trkpt>
   <trkpt lat="39.6891230" lon="-105.1584640">
    <ele>1930.2</ele>
    <time>2026-07-15T21:16:56Z</time>
   </trkpt>
   <trkpt lat="39.6891230" lon="-105.1584640">
    <ele>1930.2</ele>
    <time>2026-07-15T21:16:57Z</time>
   </trkpt>
   <trkpt lat="39.6891230" lon="-105.1584640">
    <ele>1930.2</ele>
    <time>2026-07-15T21:16:58Z</time>
   </trkpt>
   <trkpt lat="39.6891170" lon="-105.1584610">
    <ele>1930.3</ele>
    <time>2026-07-15T21:16:59Z</time>
   </trkpt>
   <trkpt lat="39.6891170" lon="-105.1584610">
    <ele>1930.3</ele>
    <time>2026-07-15T21:17:00Z</time>
   </trkpt>
   <trkpt lat="39.6891650" lon="-105.1585340">
    <ele>1931.4</ele>
    <time>2026-07-15T21:18:45Z</time>
   </trkpt>
   <trkpt lat="39.6891680" lon="-105.1585530">
    <ele>1931.7</ele>
    <time>2026-07-15T21:18:46Z</time>
   </trkpt>
   <trkpt lat="39.6891710" lon="-105.1585730">
    <ele>1931.9</ele>
    <time>2026-07-15T21:18:47Z</time>
   </trkpt>
   <trkpt lat="39.6891730" lon="-105.1585940">
    <ele>1932.2</ele>
    <time>2026-07-15T21:18:48Z</time>
   </trkpt>
   <trkpt lat="39.6891810" lon="-105.1586130">
    <ele>1932.4</ele>
    <time>2026-07-15T21:18:49Z</time>
   </trkpt>
   <trkpt lat="39.6891820" lon="-105.1586370">
    <ele>1932.7</ele>
    <time>2026-07-15T21:18:50Z</time>
   </trkpt>
   <trkpt lat="39.6891880" lon="-105.1586610">
    <ele>1933.1</ele>
    <time>2026-07-15T21:18:51Z</time>
   </trkpt>
   <trkpt lat="39.6891890" lon="-105.1586840">
    <ele>1933.3</ele>
    <time>2026-07-15T21:18:52Z</time>
   </trkpt>
   <trkpt lat="39.6891890" lon="-105.1586990">
    <ele>1933.5</ele>
    <time>2026-07-15T21:18:53Z</time>
   </trkpt>
   <trkpt lat="39.6891970" lon="-105.1587200">
    <ele>1933.8</ele>
    <time>2026-07-15T21:18:54Z</time>
   </trkpt>
   <trkpt lat="39.6892190" lon="-105.1587650">
    <ele>1934.5</ele>
    <time>2026-07-15T21:18:55Z</time>
   </trkpt>
   <trkpt lat="39.6892240" lon="-105.1587740">
    <ele>1934.6</ele>
    <time>2026-07-15T21:18:56Z</time>
   </trkpt>
   <trkpt lat="39.6892260" lon="-105.1587940">
    <ele>1934.9</ele>
    <time>2026-07-15T21:18:57Z</time>
   </trkpt>
   <trkpt lat="39.6892180" lon="-105.1588170">
    <ele>1935.2</ele>
    <time>2026-07-15T21:18:58Z</time>
   </trkpt>
   <trkpt lat="39.6892100" lon="-105.1588360">
    <ele>1935.5</ele>
    <time>2026-07-15T21:18:59Z</time>
   </trkpt>
   <trkpt lat="39.6892120" lon="-105.1588610">
    <ele>1935.8</ele>
    <time>2026-07-15T21:19:00Z</time>
   </trkpt>
   <trkpt lat="39.6892210" lon="-105.1588830">
    <ele>1936.0</ele>
    <time>2026-07-15T21:19:01Z</time>
   </trkpt>
   <trkpt lat="39.6892230" lon="-105.1588990">
    <ele>1936.2</ele>
    <time>2026-07-15T21:19:02Z</time>
   </trkpt>
   <trkpt lat="39.6892250" lon="-105.1589120">
    <ele>1936.4</ele>
    <time>2026-07-15T21:19:03Z</time>
   </trkpt>
   <trkpt lat="39.6892280" lon="-105.1589230">
    <ele>1936.5</ele>
    <time>2026-07-15T21:19:04Z</time>
   </trkpt>
   <trkpt lat="39.6892390" lon="-105.1589420">
    <ele>1936.8</ele>
    <time>2026-07-15T21:19:05Z</time>
   </trkpt>
   <trkpt lat="39.6892480" lon="-105.1589350">
    <ele>1937.0</ele>
    <time>2026-07-15T21:19:06Z</time>
   </trkpt>
   <trkpt lat="39.6892410" lon="-105.1589440">
    <ele>1937.1</ele>
    <time>2026-07-15T21:19:07Z</time>
   </trkpt>
   <trkpt lat="39.6892440" lon="-105.1589180">
    <ele>1937.4</ele>
    <time>2026-07-15T21:19:08Z</time>
   </trkpt>
   <trkpt lat="39.6892450" lon="-105.1589110">
    <ele>1937.5</ele>
    <time>2026-07-15T21:19:09Z</time>
   </trkpt>
   <trkpt lat="39.6892310" lon="-105.1589090">
    <ele>1937.6</ele>
    <time>2026-07-15T21:19:10Z</time>
   </trkpt>
   <trkpt lat="39.6892310" lon="-105.1589020">
    <ele>1937.7</ele>
    <time>2026-07-15T21:19:11Z</time>
   </trkpt>
   <trkpt lat="39.6892320" lon="-105.1589030">
    <ele>1937.7</ele>
    <time>2026-07-15T21:19:12Z</time>
   </trkpt>
   <trkpt lat="39.6892320" lon="-105.1589000">
    <ele>1937.8</ele>
    <time>2026-07-15T21:19:13Z</time>
   </trkpt>
   <trkpt lat="39.6892380" lon="-105.1588980">
    <ele>1937.8</ele>
    <time>2026-07-15T21:19:14Z</time>
   </trkpt>
   <trkpt lat="39.6892380" lon="-105.1588960">
    <ele>1937.9</ele>
    <time>2026-07-15T21:19:15Z</time>
   </trkpt>
   <trkpt lat="39.6892360" lon="-105.1588950">
    <ele>1937.9</ele>
    <time>2026-07-15T21:19:16Z</time>
   </trkpt>
   <trkpt lat="39.6892340" lon="-105.1588910">
    <ele>1937.9</ele>
    <time>2026-07-15T21:19:17Z</time>
   </trkpt>
   <trkpt lat="39.6892570" lon="-105.1591700">
    <ele>1940.5</ele>
    <time>2026-07-15T21:19:50Z</time>
   </trkpt>
   <trkpt lat="39.6892600" lon="-105.1591920">
    <ele>1940.7</ele>
    <time>2026-07-15T21:19:51Z</time>
   </trkpt>
   <trkpt lat="39.6892550" lon="-105.1592140">
    <ele>1940.8</ele>
    <time>2026-07-15T21:19:52Z</time>
   </trkpt>
   <trkpt lat="39.6892620" lon="-105.1592370">
    <ele>1941.0</ele>
    <time>2026-07-15T21:19:53Z</time>
   </trkpt>
   <trkpt lat="39.6892680" lon="-105.1592460">
    <ele>1941.1</ele>
    <time>2026-07-15T21:19:54Z</time>
   </trkpt>
   <trkpt lat="39.6892720" lon="-105.1592720">
    <ele>1941.3</ele>
    <time>2026-07-15T21:19:55Z</time>
   </trkpt>
   <trkpt lat="39.6892740" lon="-105.1592910">
    <ele>1941.4</ele>
    <time>2026-07-15T21:19:56Z</time>
   </trkpt>
   <trkpt lat="39.6892740" lon="-105.1593070">
    <ele>1941.6</ele>
    <time>2026-07-15T21:19:57Z</time>
   </trkpt>
   <trkpt lat="39.6892750" lon="-105.1593290">
    <ele>1941.7</ele>
    <time>2026-07-15T21:19:58Z</time>
   </trkpt>
   <trkpt lat="39.6892770" lon="-105.1593460">
    <ele>1941.8</ele>
    <time>2026-07-15T21:19:59Z</time>
   </trkpt>
   <trkpt lat="39.6892780" lon="-105.1593690">
    <ele>1942.0</ele>
    <time>2026-07-15T21:20:00Z</time>
   </trkpt>
   <trkpt lat="39.6892760" lon="-105.1593910">
    <ele>1942.2</ele>
    <time>2026-07-15T21:20:01Z</time>
   </trkpt>
   <trkpt lat="39.6892840" lon="-105.1594120">
    <ele>1942.3</ele>
    <time>2026-07-15T21:20:02Z</time>
   </trkpt>
   <trkpt lat="39.6892900" lon="-105.1594300">
    <ele>1942.5</ele>
    <time>2026-07-15T21:20:03Z</time>
   </trkpt>
   <trkpt lat="39.6892920" lon="-105.1594590">
    <ele>1942.7</ele>
    <time>2026-07-15T21:20:04Z</time>
   </trkpt>
   <trkpt lat="39.6892940" lon="-105.1594840">
    <ele>1942.8</ele>
    <time>2026-07-15T21:20:05Z</time>
   </trkpt>
   <trkpt lat="39.6892940" lon="-105.1595030">
    <ele>1943.0</ele>
    <time>2026-07-15T21:20:06Z</time>
   </trkpt>
   <trkpt lat="39.6892940" lon="-105.1595220">
    <ele>1943.1</ele>
    <time>2026-07-15T21:20:07Z</time>
   </trkpt>
   <trkpt lat="39.6892920" lon="-105.1595440">
    <ele>1943.2</ele>
    <time>2026-07-15T21:20:08Z</time>
   </trkpt>
   <trkpt lat="39.6892950" lon="-105.1595660">
    <ele>1943.4</ele>
    <time>2026-07-15T21:20:09Z</time>
   </trkpt>
   <trkpt lat="39.6893020" lon="-105.1595870">
    <ele>1943.6</ele>
    <time>2026-07-15T21:20:10Z</time>
   </trkpt>
   <trkpt lat="39.6893100" lon="-105.1596080">
    <ele>1943.7</ele>
    <time>2026-07-15T21:20:11Z</time>
   </trkpt>
   <trkpt lat="39.6893160" lon="-105.1596260">
    <ele>1943.8</ele>
    <time>2026-07-15T21:20:12Z</time>
   </trkpt>
   <trkpt lat="39.6893240" lon="-105.1596480">
    <ele>1944.0</ele>
    <time>2026-07-15T21:20:13Z</time>
   </trkpt>
   <trkpt lat="39.6893320" lon="-105.1596690">
    <ele>1944.1</ele>
    <time>2026-07-15T21:20:14Z</time>
   </trkpt>
   <trkpt lat="39.6893400" lon="-105.1596950">
    <ele>1944.3</ele>
    <time>2026-07-15T21:20:15Z</time>
   </trkpt>
   <trkpt lat="39.6893490" lon="-105.1597090">
    <ele>1944.4</ele>
    <time>2026-07-15T21:20:16Z</time>
   </trkpt>
   <trkpt lat="39.6893450" lon="-105.1597110">
    <ele>1944.5</ele>
    <time>2026-07-15T21:20:17Z</time>
   </trkpt>
   <trkpt lat="39.6893730" lon="-105.1597310">
    <ele>1944.7</ele>
    <time>2026-07-15T21:20:18Z</time>
   </trkpt>
   <trkpt lat="39.6893820" lon="-105.1597550">
    <ele>1944.9</ele>
    <time>2026-07-15T21:20:19Z</time>
   </trkpt>
   <trkpt lat="39.6893850" lon="-105.1597760">
    <ele>1945.0</ele>
    <time>2026-07-15T21:20:20Z</time>
   </trkpt>
   <trkpt lat="39.6893900" lon="-105.1597980">
    <ele>1945.2</ele>
    <time>2026-07-15T21:20:21Z</time>
   </trkpt>
   <trkpt lat="39.6893990" lon="-105.1598160">
    <ele>1945.3</ele>
    <time>2026-07-15T21:20:22Z</time>
   </trkpt>
   <trkpt lat="39.6894050" lon="-105.1598360">
    <ele>1945.4</ele>
    <time>2026-07-15T21:20:23Z</time>
   </trkpt>
   <trkpt lat="39.6894190" lon="-105.1598460">
    <ele>1945.5</ele>
    <time>2026-07-15T21:20:24Z</time>
   </trkpt>
   <trkpt lat="39.6894280" lon="-105.1598520">
    <ele>1945.6</ele>
    <time>2026-07-15T21:20:25Z</time>
   </trkpt>
   <trkpt lat="39.6894390" lon="-105.1598600">
    <ele>1945.7</ele>
    <time>2026-07-15T21:20:26Z</time>
   </trkpt>
   <trkpt lat="39.6894510" lon="-105.1598670">
    <ele>1945.8</ele>
    <time>2026-07-15T21:20:27Z</time>
   </trkpt>
   <trkpt lat="39.6894580" lon="-105.1598830">
    <ele>1945.9</ele>
    <time>2026-07-15T21:20:28Z</time>
   </trkpt>
   <trkpt lat="39.6894740" lon="-105.1598820">
    <ele>1946.0</ele>
    <time>2026-07-15T21:20:29Z</time>
   </trkpt>
   <trkpt lat="39.6894890" lon="-105.1598810">
    <ele>1946.1</ele>
    <time>2026-07-15T21:20:30Z</time>
   </trkpt>
   <trkpt lat="39.6895050" lon="-105.1598810">
    <ele>1946.2</ele>
    <time>2026-07-15T21:20:31Z</time>
   </trkpt>
   <trkpt lat="39.6895170" lon="-105.1598930">
    <ele>1946.4</ele>
    <time>2026-07-15T21:20:32Z</time>
   </trkpt>
   <trkpt lat="39.6895310" lon="-105.1598930">
    <ele>1946.5</ele>
    <time>2026-07-15T21:20:33Z</time>
   </trkpt>
   <trkpt lat="39.6895480" lon="-105.1598770">
    <ele>1946.6</ele>
    <time>2026-07-15T21:20:34Z</time>
   </trkpt>
   <trkpt lat="39.6895600" lon="-105.1598680">
    <ele>1946.7</ele>
    <time>2026-07-15T21:20:35Z</time>
   </trkpt>
   <trkpt lat="39.6895740" lon="-105.1598650">
    <ele>1946.8</ele>
    <time>2026-07-15T21:20:36Z</time>
   </trkpt>
   <trkpt lat="39.6895880" lon="-105.1598650">
    <ele>1946.9</ele>
    <time>2026-07-15T21:20:37Z</time>
   </trkpt>
   <trkpt lat="39.6896050" lon="-105.1598580">
    <ele>1947.1</ele>
    <time>2026-07-15T21:20:38Z</time>
   </trkpt>
   <trkpt lat="39.6896260" lon="-105.1598580">
    <ele>1947.3</ele>
    <time>2026-07-15T21:20:39Z</time>
   </trkpt>
   <trkpt lat="39.6896390" lon="-105.1598480">
    <ele>1947.4</ele>
    <time>2026-07-15T21:20:40Z</time>
   </trkpt>
   <trkpt lat="39.6896570" lon="-105.1598460">
    <ele>1947.5</ele>
    <time>2026-07-15T21:20:41Z</time>
   </trkpt>
   <trkpt lat="39.6896710" lon="-105.1598410">
    <ele>1947.7</ele>
    <time>2026-07-15T21:20:42Z</time>
   </trkpt>
   <trkpt lat="39.6896860" lon="-105.1598370">
    <ele>1947.8</ele>
    <time>2026-07-15T21:20:43Z</time>
   </trkpt>
   <trkpt lat="39.6897010" lon="-105.1598340">
    <ele>1947.9</ele>
    <time>2026-07-15T21:20:44Z</time>
   </trkpt>
   <trkpt lat="39.6897170" lon="-105.1598300">
    <ele>1948.1</ele>
    <time>2026-07-15T21:20:45Z</time>
   </trkpt>
   <trkpt lat="39.6897350" lon="-105.1598380">
    <ele>1948.3</ele>
    <time>2026-07-15T21:20:46Z</time>
   </trkpt>
   <trkpt lat="39.6897490" lon="-105.1598280">
    <ele>1948.4</ele>
    <time>2026-07-15T21:20:47Z</time>
   </trkpt>
   <trkpt lat="39.6897640" lon="-105.1598260">
    <ele>1948.6</ele>
    <time>2026-07-15T21:20:48Z</time>
   </trkpt>
   <trkpt lat="39.6897790" lon="-105.1598140">
    <ele>1948.7</ele>
    <time>2026-07-15T21:20:49Z</time>
   </trkpt>
   <trkpt lat="39.6897940" lon="-105.1598040">
    <ele>1948.9</ele>
    <time>2026-07-15T21:20:50Z</time>
   </trkpt>
   <trkpt lat="39.6898170" lon="-105.1597920">
    <ele>1949.2</ele>
    <time>2026-07-15T21:20:51Z</time>
   </trkpt>
   <trkpt lat="39.6898320" lon="-105.1597820">
    <ele>1949.3</ele>
    <time>2026-07-15T21:20:52Z</time>
   </trkpt>
   <trkpt lat="39.6898470" lon="-105.1597810">
    <ele>1949.5</ele>
    <time>2026-07-15T21:20:53Z</time>
   </trkpt>
   <trkpt lat="39.6898580" lon="-105.1597620">
    <ele>1949.7</ele>
    <time>2026-07-15T21:20:54Z</time>
   </trkpt>
   <trkpt lat="39.6898730" lon="-105.1597490">
    <ele>1949.9</ele>
    <time>2026-07-15T21:20:55Z</time>
   </trkpt>
   <trkpt lat="39.6898900" lon="-105.1597390">
    <ele>1950.1</ele>
    <time>2026-07-15T21:20:56Z</time>
   </trkpt>
   <trkpt lat="39.6899000" lon="-105.1597350">
    <ele>1950.2</ele>
    <time>2026-07-15T21:20:57Z</time>
   </trkpt>
   <trkpt lat="39.6899100" lon="-105.1597350">
    <ele>1950.3</ele>
    <time>2026-07-15T21:20:58Z</time>
   </trkpt>
   <trkpt lat="39.6899160" lon="-105.1597270">
    <ele>1950.4</ele>
    <time>2026-07-15T21:20:59Z</time>
   </trkpt>
   <trkpt lat="39.6899200" lon="-105.1597190">
    <ele>1950.5</ele>
    <time>2026-07-15T21:21:00Z</time>
   </trkpt>
   <trkpt lat="39.6899490" lon="-105.1596830">
    <ele>1950.9</ele>
    <time>2026-07-15T21:21:01Z</time>
   </trkpt>
   <trkpt lat="39.6899550" lon="-105.1597010">
    <ele>1951.1</ele>
    <time>2026-07-15T21:21:02Z</time>
   </trkpt>
   <trkpt lat="39.6899640" lon="-105.1596850">
    <ele>1951.3</ele>
    <time>2026-07-15T21:21:03Z</time>
   </trkpt>
   <trkpt lat="39.6899740" lon="-105.1596720">
    <ele>1951.4</ele>
    <time>2026-07-15T21:21:04Z</time>
   </trkpt>
   <trkpt lat="39.6899850" lon="-105.1596570">
    <ele>1951.6</ele>
    <time>2026-07-15T21:21:05Z</time>
   </trkpt>
   <trkpt lat="39.6899980" lon="-105.1596520">
    <ele>1951.8</ele>
    <time>2026-07-15T21:21:06Z</time>
   </trkpt>
   <trkpt lat="39.6900090" lon="-105.1596440">
    <ele>1951.9</ele>
    <time>2026-07-15T21:21:07Z</time>
   </trkpt>
   <trkpt lat="39.6900240" lon="-105.1596400">
    <ele>1952.1</ele>
    <time>2026-07-15T21:21:08Z</time>
   </trkpt>
   <trkpt lat="39.6900360" lon="-105.1596320">
    <ele>1952.2</ele>
    <time>2026-07-15T21:21:09Z</time>
   </trkpt>
   <trkpt lat="39.6900490" lon="-105.1596220">
    <ele>1952.4</ele>
    <time>2026-07-15T21:21:10Z</time>
   </trkpt>
   <trkpt lat="39.6900610" lon="-105.1596170">
    <ele>1952.5</ele>
    <time>2026-07-15T21:21:11Z</time>
   </trkpt>
   <trkpt lat="39.6900750" lon="-105.1596060">
    <ele>1952.7</ele>
    <time>2026-07-15T21:21:12Z</time>
   </trkpt>
   <trkpt lat="39.6900850" lon="-105.1595940">
    <ele>1952.8</ele>
    <time>2026-07-15T21:21:13Z</time>
   </trkpt>
   <trkpt lat="39.6901020" lon="-105.1595940">
    <ele>1953.0</ele>
    <time>2026-07-15T21:21:14Z</time>
   </trkpt>
   <trkpt lat="39.6901160" lon="-105.1595710">
    <ele>1953.2</ele>
    <time>2026-07-15T21:21:15Z</time>
   </trkpt>
   <trkpt lat="39.6901290" lon="-105.1595600">
    <ele>1953.4</ele>
    <time>2026-07-15T21:21:16Z</time>
   </trkpt>
   <trkpt lat="39.6901310" lon="-105.1595400">
    <ele>1953.5</ele>
    <time>2026-07-15T21:21:17Z</time>
   </trkpt>
   <trkpt lat="39.6901420" lon="-105.1595330">
    <ele>1953.6</ele>
    <time>2026-07-15T21:21:18Z</time>
   </trkpt>
   <trkpt lat="39.6901650" lon="-105.1595240">
    <ele>1953.8</ele>
    <time>2026-07-15T21:21:19Z</time>
   </trkpt>
   <trkpt lat="39.6901810" lon="-105.1595280">
    <ele>1954.0</ele>
    <time>2026-07-15T21:21:20Z</time>
   </trkpt>
   <trkpt lat="39.6901980" lon="-105.1595200">
    <ele>1954.1</ele>
    <time>2026-07-15T21:21:21Z</time>
   </trkpt>
   <trkpt lat="39.6902160" lon="-105.1595170">
    <ele>1954.3</ele>
    <time>2026-07-15T21:21:22Z</time>
   </trkpt>
   <trkpt lat="39.6902270" lon="-105.1595300">
    <ele>1954.4</ele>
    <time>2026-07-15T21:21:23Z</time>
   </trkpt>
   <trkpt lat="39.6902430" lon="-105.1595450">
    <ele>1954.6</ele>
    <time>2026-07-15T21:21:24Z</time>
   </trkpt>
   <trkpt lat="39.6902560" lon="-105.1595600">
    <ele>1954.7</ele>
    <time>2026-07-15T21:21:25Z</time>
   </trkpt>
   <trkpt lat="39.6902670" lon="-105.1595770">
    <ele>1954.9</ele>
    <time>2026-07-15T21:21:26Z</time>
   </trkpt>
   <trkpt lat="39.6902720" lon="-105.1595950">
    <ele>1955.0</ele>
    <time>2026-07-15T21:21:27Z</time>
   </trkpt>
   <trkpt lat="39.6902780" lon="-105.1596060">
    <ele>1955.0</ele>
    <time>2026-07-15T21:21:28Z</time>
   </trkpt>
   <trkpt lat="39.6902820" lon="-105.1596220">
    <ele>1955.1</ele>
    <time>2026-07-15T21:21:29Z</time>
   </trkpt>
   <trkpt lat="39.6902840" lon="-105.1596390">
    <ele>1955.2</ele>
    <time>2026-07-15T21:21:30Z</time>
   </trkpt>
   <trkpt lat="39.6902900" lon="-105.1596530">
    <ele>1955.3</ele>
    <time>2026-07-15T21:21:31Z</time>
   </trkpt>
   <trkpt lat="39.6903040" lon="-105.1596570">
    <ele>1955.4</ele>
    <time>2026-07-15T21:21:32Z</time>
   </trkpt>
   <trkpt lat="39.6903130" lon="-105.1596570">
    <ele>1955.5</ele>
    <time>2026-07-15T21:21:33Z</time>
   </trkpt>
   <trkpt lat="39.6903170" lon="-105.1596650">
    <ele>1955.6</ele>
    <time>2026-07-15T21:21:34Z</time>
   </trkpt>
   <trkpt lat="39.6903320" lon="-105.1596700">
    <ele>1955.7</ele>
    <time>2026-07-15T21:21:35Z</time>
   </trkpt>
   <trkpt lat="39.6903340" lon="-105.1596780">
    <ele>1955.7</ele>
    <time>2026-07-15T21:21:36Z</time>
   </trkpt>
   <trkpt lat="39.6903430" lon="-105.1597040">
    <ele>1955.9</ele>
    <time>2026-07-15T21:21:37Z</time>
   </trkpt>
   <trkpt lat="39.6903470" lon="-105.1597190">
    <ele>1956.0</ele>
    <time>2026-07-15T21:21:38Z</time>
   </trkpt>
   <trkpt lat="39.6903500" lon="-105.1597440">
    <ele>1956.1</ele>
    <time>2026-07-15T21:21:39Z</time>
   </trkpt>
   <trkpt lat="39.6903510" lon="-105.1597570">
    <ele>1956.2</ele>
    <time>2026-07-15T21:21:40Z</time>
   </trkpt>
   <trkpt lat="39.6903580" lon="-105.1597710">
    <ele>1956.3</ele>
    <time>2026-07-15T21:21:41Z</time>
   </trkpt>
   <trkpt lat="39.6903600" lon="-105.1597850">
    <ele>1956.4</ele>
    <time>2026-07-15T21:21:42Z</time>
   </trkpt>
   <trkpt lat="39.6903700" lon="-105.1598210">
    <ele>1956.6</ele>
    <time>2026-07-15T21:21:43Z</time>
   </trkpt>
   <trkpt lat="39.6903740" lon="-105.1598380">
    <ele>1956.7</ele>
    <time>2026-07-15T21:21:44Z</time>
   </trkpt>
   <trkpt lat="39.6903810" lon="-105.1598650">
    <ele>1956.9</ele>
    <time>2026-07-15T21:21:45Z</time>
   </trkpt>
   <trkpt lat="39.6903820" lon="-105.1598780">
    <ele>1956.9</ele>
    <time>2026-07-15T21:21:46Z</time>
   </trkpt>
   <trkpt lat="39.6903900" lon="-105.1598990">
    <ele>1957.1</ele>
    <time>2026-07-15T21:21:47Z</time>
   </trkpt>
   <trkpt lat="39.6903960" lon="-105.1599140">
    <ele>1957.1</ele>
    <time>2026-07-15T21:21:48Z</time>
   </trkpt>
   <trkpt lat="39.6904090" lon="-105.1599280">
    <ele>1957.3</ele>
    <time>2026-07-15T21:21:49Z</time>
   </trkpt>
   <trkpt lat="39.6904190" lon="-105.1599350">
    <ele>1957.3</ele>
    <time>2026-07-15T21:21:50Z</time>
   </trkpt>
   <trkpt lat="39.6904330" lon="-105.1599570">
    <ele>1957.5</ele>
    <time>2026-07-15T21:21:51Z</time>
   </trkpt>
   <trkpt lat="39.6904400" lon="-105.1599670">
    <ele>1957.5</ele>
    <time>2026-07-15T21:21:52Z</time>
   </trkpt>
   <trkpt lat="39.6904460" lon="-105.1599820">
    <ele>1957.6</ele>
    <time>2026-07-15T21:21:53Z</time>
   </trkpt>
   <trkpt lat="39.6904500" lon="-105.1599990">
    <ele>1957.7</ele>
    <time>2026-07-15T21:21:54Z</time>
   </trkpt>
   <trkpt lat="39.6904610" lon="-105.1600180">
    <ele>1957.8</ele>
    <time>2026-07-15T21:21:55Z</time>
   </trkpt>
   <trkpt lat="39.6904700" lon="-105.1600450">
    <ele>1958.0</ele>
    <time>2026-07-15T21:21:56Z</time>
   </trkpt>
   <trkpt lat="39.6904750" lon="-105.1600600">
    <ele>1958.0</ele>
    <time>2026-07-15T21:21:57Z</time>
   </trkpt>
   <trkpt lat="39.6904830" lon="-105.1600760">
    <ele>1958.1</ele>
    <time>2026-07-15T21:21:58Z</time>
   </trkpt>
   <trkpt lat="39.6904960" lon="-105.1600860">
    <ele>1958.2</ele>
    <time>2026-07-15T21:21:59Z</time>
   </trkpt>
   <trkpt lat="39.6905100" lon="-105.1600980">
    <ele>1958.3</ele>
    <time>2026-07-15T21:22:00Z</time>
   </trkpt>
   <trkpt lat="39.6905200" lon="-105.1601100">
    <ele>1958.4</ele>
    <time>2026-07-15T21:22:01Z</time>
   </trkpt>
   <trkpt lat="39.6905320" lon="-105.1601300">
    <ele>1958.5</ele>
    <time>2026-07-15T21:22:02Z</time>
   </trkpt>
   <trkpt lat="39.6905470" lon="-105.1601480">
    <ele>1958.7</ele>
    <time>2026-07-15T21:22:03Z</time>
   </trkpt>
   <trkpt lat="39.6905620" lon="-105.1601650">
    <ele>1958.8</ele>
    <time>2026-07-15T21:22:04Z</time>
   </trkpt>
   <trkpt lat="39.6905730" lon="-105.1601850">
    <ele>1958.9</ele>
    <time>2026-07-15T21:22:05Z</time>
   </trkpt>
   <trkpt lat="39.6905840" lon="-105.1602030">
    <ele>1959.1</ele>
    <time>2026-07-15T21:22:06Z</time>
   </trkpt>
   <trkpt lat="39.6905940" lon="-105.1602260">
    <ele>1959.2</ele>
    <time>2026-07-15T21:22:07Z</time>
   </trkpt>
   <trkpt lat="39.6905990" lon="-105.1602470">
    <ele>1959.3</ele>
    <time>2026-07-15T21:22:08Z</time>
   </trkpt>
   <trkpt lat="39.6906120" lon="-105.1602880">
    <ele>1959.6</ele>
    <time>2026-07-15T21:22:09Z</time>
   </trkpt>
   <trkpt lat="39.6906190" lon="-105.1603040">
    <ele>1959.7</ele>
    <time>2026-07-15T21:22:10Z</time>
   </trkpt>
   <trkpt lat="39.6906260" lon="-105.1603260">
    <ele>1959.8</ele>
    <time>2026-07-15T21:22:11Z</time>
   </trkpt>
   <trkpt lat="39.6906380" lon="-105.1603440">
    <ele>1959.9</ele>
    <time>2026-07-15T21:22:12Z</time>
   </trkpt>
   <trkpt lat="39.6906520" lon="-105.1603620">
    <ele>1960.1</ele>
    <time>2026-07-15T21:22:13Z</time>
   </trkpt>
   <trkpt lat="39.6906630" lon="-105.1603810">
    <ele>1960.2</ele>
    <time>2026-07-15T21:22:14Z</time>
   </trkpt>
   <trkpt lat="39.6906710" lon="-105.1604010">
    <ele>1960.4</ele>
    <time>2026-07-15T21:22:15Z</time>
   </trkpt>
   <trkpt lat="39.6906820" lon="-105.1604230">
    <ele>1960.5</ele>
    <time>2026-07-15T21:22:16Z</time>
   </trkpt>
   <trkpt lat="39.6906970" lon="-105.1604380">
    <ele>1960.7</ele>
    <time>2026-07-15T21:22:17Z</time>
   </trkpt>
   <trkpt lat="39.6907060" lon="-105.1604560">
    <ele>1960.8</ele>
    <time>2026-07-15T21:22:18Z</time>
   </trkpt>
   <trkpt lat="39.6907190" lon="-105.1604820">
    <ele>1961.0</ele>
    <time>2026-07-15T21:22:19Z</time>
   </trkpt>
   <trkpt lat="39.6907370" lon="-105.1604870">
    <ele>1961.2</ele>
    <time>2026-07-15T21:22:20Z</time>
   </trkpt>
   <trkpt lat="39.6907490" lon="-105.1605120">
    <ele>1961.4</ele>
    <time>2026-07-15T21:22:21Z</time>
   </trkpt>
   <trkpt lat="39.6907570" lon="-105.1605260">
    <ele>1961.6</ele>
    <time>2026-07-15T21:22:22Z</time>
   </trkpt>
   <trkpt lat="39.6907660" lon="-105.1605460">
    <ele>1961.7</ele>
    <time>2026-07-15T21:22:23Z</time>
   </trkpt>
   <trkpt lat="39.6907720" lon="-105.1605650">
    <ele>1961.9</ele>
    <time>2026-07-15T21:22:24Z</time>
   </trkpt>
   <trkpt lat="39.6907830" lon="-105.1605810">
    <ele>1962.0</ele>
    <time>2026-07-15T21:22:25Z</time>
   </trkpt>
   <trkpt lat="39.6907920" lon="-105.1605960">
    <ele>1962.2</ele>
    <time>2026-07-15T21:22:26Z</time>
   </trkpt>
   <trkpt lat="39.6908020" lon="-105.1606090">
    <ele>1962.3</ele>
    <time>2026-07-15T21:22:27Z</time>
   </trkpt>
   <trkpt lat="39.6908150" lon="-105.1606190">
    <ele>1962.5</ele>
    <time>2026-07-15T21:22:28Z</time>
   </trkpt>
   <trkpt lat="39.6908310" lon="-105.1606270">
    <ele>1962.7</ele>
    <time>2026-07-15T21:22:29Z</time>
   </trkpt>
   <trkpt lat="39.6908450" lon="-105.1606350">
    <ele>1962.9</ele>
    <time>2026-07-15T21:22:30Z</time>
   </trkpt>
   <trkpt lat="39.6908600" lon="-105.1606460">
    <ele>1963.0</ele>
    <time>2026-07-15T21:22:31Z</time>
   </trkpt>
   <trkpt lat="39.6908760" lon="-105.1606570">
    <ele>1963.2</ele>
    <time>2026-07-15T21:22:32Z</time>
   </trkpt>
   <trkpt lat="39.6908950" lon="-105.1606690">
    <ele>1963.5</ele>
    <time>2026-07-15T21:22:33Z</time>
   </trkpt>
   <trkpt lat="39.6909090" lon="-105.1606710">
    <ele>1963.6</ele>
    <time>2026-07-15T21:22:34Z</time>
   </trkpt>
   <trkpt lat="39.6909270" lon="-105.1606770">
    <ele>1963.8</ele>
    <time>2026-07-15T21:22:35Z</time>
   </trkpt>
   <trkpt lat="39.6909440" lon="-105.1606830">
    <ele>1964.0</ele>
    <time>2026-07-15T21:22:36Z</time>
   </trkpt>
   <trkpt lat="39.6909610" lon="-105.1606900">
    <ele>1964.2</ele>
    <time>2026-07-15T21:22:37Z</time>
   </trkpt>
   <trkpt lat="39.6909780" lon="-105.1606900">
    <ele>1964.4</ele>
    <time>2026-07-15T21:22:38Z</time>
   </trkpt>
   <trkpt lat="39.6909940" lon="-105.1607040">
    <ele>1964.6</ele>
    <time>2026-07-15T21:22:39Z</time>
   </trkpt>
   <trkpt lat="39.6910020" lon="-105.1607100">
    <ele>1964.7</ele>
    <time>2026-07-15T21:22:40Z</time>
   </trkpt>
   <trkpt lat="39.6910160" lon="-105.1607280">
    <ele>1964.9</ele>
    <time>2026-07-15T21:22:41Z</time>
   </trkpt>
   <trkpt lat="39.6910400" lon="-105.1607290">
    <ele>1965.2</ele>
    <time>2026-07-15T21:22:42Z</time>
   </trkpt>
   <trkpt lat="39.6910610" lon="-105.1607280">
    <ele>1965.4</ele>
    <time>2026-07-15T21:22:43Z</time>
   </trkpt>
   <trkpt lat="39.6910750" lon="-105.1607350">
    <ele>1965.6</ele>
    <time>2026-07-15T21:22:44Z</time>
   </trkpt>
   <trkpt lat="39.6910840" lon="-105.1607340">
    <ele>1965.7</ele>
    <time>2026-07-15T21:22:45Z</time>
   </trkpt>
   <trkpt lat="39.6911180" lon="-105.1607360">
    <ele>1966.1</ele>
    <time>2026-07-15T21:22:46Z</time>
   </trkpt>
   <trkpt lat="39.6911370" lon="-105.1607360">
    <ele>1966.3</ele>
    <time>2026-07-15T21:22:47Z</time>
   </trkpt>
   <trkpt lat="39.6911450" lon="-105.1607350">
    <ele>1966.4</ele>
    <time>2026-07-15T21:22:48Z</time>
   </trkpt>
   <trkpt lat="39.6911590" lon="-105.1607350">
    <ele>1966.5</ele>
    <time>2026-07-15T21:22:49Z</time>
   </trkpt>
   <trkpt lat="39.6911710" lon="-105.1607460">
    <ele>1966.7</ele>
    <time>2026-07-15T21:22:50Z</time>
   </trkpt>
   <trkpt lat="39.6911880" lon="-105.1607530">
    <ele>1966.9</ele>
    <time>2026-07-15T21:22:51Z</time>
   </trkpt>
   <trkpt lat="39.6912020" lon="-105.1607610">
    <ele>1967.1</ele>
    <time>2026-07-15T21:22:52Z</time>
   </trkpt>
   <trkpt lat="39.6912150" lon="-105.1607500">
    <ele>1967.2</ele>
    <time>2026-07-15T21:22:53Z</time>
   </trkpt>
   <trkpt lat="39.6912310" lon="-105.1607450">
    <ele>1967.4</ele>
    <time>2026-07-15T21:22:54Z</time>
   </trkpt>
   <trkpt lat="39.6912450" lon="-105.1607390">
    <ele>1967.6</ele>
    <time>2026-07-15T21:22:55Z</time>
   </trkpt>
   <trkpt lat="39.6912540" lon="-105.1607320">
    <ele>1967.7</ele>
    <time>2026-07-15T21:22:56Z</time>
   </trkpt>
   <trkpt lat="39.6912710" lon="-105.1607300">
    <ele>1967.9</ele>
    <time>2026-07-15T21:22:57Z</time>
   </trkpt>
   <trkpt lat="39.6912880" lon="-105.1607060">
    <ele>1968.1</ele>
    <time>2026-07-15T21:22:58Z</time>
   </trkpt>
   <trkpt lat="39.6913010" lon="-105.1606930">
    <ele>1968.3</ele>
    <time>2026-07-15T21:22:59Z</time>
   </trkpt>
   <trkpt lat="39.6913130" lon="-105.1606870">
    <ele>1968.5</ele>
    <time>2026-07-15T21:23:00Z</time>
   </trkpt>
   <trkpt lat="39.6913230" lon="-105.1606760">
    <ele>1968.6</ele>
    <time>2026-07-15T21:23:01Z</time>
   </trkpt>
   <trkpt lat="39.6913400" lon="-105.1606710">
    <ele>1968.8</ele>
    <time>2026-07-15T21:23:02Z</time>
   </trkpt>
   <trkpt lat="39.6913550" lon="-105.1606590">
    <ele>1969.0</ele>
    <time>2026-07-15T21:23:03Z</time>
   </trkpt>
   <trkpt lat="39.6913670" lon="-105.1606540">
    <ele>1969.1</ele>
    <time>2026-07-15T21:23:04Z</time>
   </trkpt>
   <trkpt lat="39.6913810" lon="-105.1606440">
    <ele>1969.3</ele>
    <time>2026-07-15T21:23:05Z</time>
   </trkpt>
   <trkpt lat="39.6913880" lon="-105.1606270">
    <ele>1969.4</ele>
    <time>2026-07-15T21:23:06Z</time>
   </trkpt>
   <trkpt lat="39.6913980" lon="-105.1606100">
    <ele>1969.6</ele>
    <time>2026-07-15T21:23:07Z</time>
   </trkpt>
   <trkpt lat="39.6914070" lon="-105.1605930">
    <ele>1969.8</ele>
    <time>2026-07-15T21:23:08Z</time>
   </trkpt>
   <trkpt lat="39.6914150" lon="-105.1605740">
    <ele>1970.0</ele>
    <time>2026-07-15T21:23:09Z</time>
   </trkpt>
   <trkpt lat="39.6914250" lon="-105.1605550">
    <ele>1970.2</ele>
    <time>2026-07-15T21:23:10Z</time>
   </trkpt>
   <trkpt lat="39.6914350" lon="-105.1605410">
    <ele>1970.3</ele>
    <time>2026-07-15T21:23:11Z</time>
   </trkpt>
   <trkpt lat="39.6914480" lon="-105.1605220">
    <ele>1970.6</ele>
    <time>2026-07-15T21:23:12Z</time>
   </trkpt>
   <trkpt lat="39.6914530" lon="-105.1605120">
    <ele>1970.7</ele>
    <time>2026-07-15T21:23:13Z</time>
   </trkpt>
   <trkpt lat="39.6914670" lon="-105.1605060">
    <ele>1970.8</ele>
    <time>2026-07-15T21:23:14Z</time>
   </trkpt>
   <trkpt lat="39.6914740" lon="-105.1605020">
    <ele>1970.9</ele>
    <time>2026-07-15T21:23:15Z</time>
   </trkpt>
   <trkpt lat="39.6914820" lon="-105.1604940">
    <ele>1971.0</ele>
    <time>2026-07-15T21:23:16Z</time>
   </trkpt>
   <trkpt lat="39.6914830" lon="-105.1604970">
    <ele>1971.1</ele>
    <time>2026-07-15T21:23:17Z</time>
   </trkpt>
   <trkpt lat="39.6914800" lon="-105.1605020">
    <ele>1971.1</ele>
    <time>2026-07-15T21:23:18Z</time>
   </trkpt>
   <trkpt lat="39.6914810" lon="-105.1604990">
    <ele>1971.2</ele>
    <time>2026-07-15T21:23:19Z</time>
   </trkpt>
   <trkpt lat="39.6914830" lon="-105.1604980">
    <ele>1971.2</ele>
    <time>2026-07-15T21:23:20Z</time>
   </trkpt>
   <trkpt lat="39.6914840" lon="-105.1604930">
    <ele>1971.2</ele>
    <time>2026-07-15T21:23:21Z</time>
   </trkpt>
   <trkpt lat="39.6914820" lon="-105.1604880">
    <ele>1971.3</ele>
    <time>2026-07-15T21:23:22Z</time>
   </trkpt>
   <trkpt lat="39.6914910" lon="-105.1604620">
    <ele>1971.5</ele>
    <time>2026-07-15T21:23:23Z</time>
   </trkpt>
   <trkpt lat="39.6915010" lon="-105.1604850">
    <ele>1971.7</ele>
    <time>2026-07-15T21:23:24Z</time>
   </trkpt>
   <trkpt lat="39.6914970" lon="-105.1604870">
    <ele>1971.8</ele>
    <time>2026-07-15T21:23:25Z</time>
   </trkpt>
   <trkpt lat="39.6914860" lon="-105.1604860">
    <ele>1971.9</ele>
    <time>2026-07-15T21:23:26Z</time>
   </trkpt>
   <trkpt lat="39.6914900" lon="-105.1604880">
    <ele>1971.9</ele>
    <time>2026-07-15T21:23:27Z</time>
   </trkpt>
   <trkpt lat="39.6915000" lon="-105.1604880">
    <ele>1972.0</ele>
    <time>2026-07-15T21:23:28Z</time>
   </trkpt>
   <trkpt lat="39.6914970" lon="-105.1604890">
    <ele>1972.0</ele>
    <time>2026-07-15T21:23:29Z</time>
   </trkpt>
   <trkpt lat="39.6914980" lon="-105.1604890">
    <ele>1972.0</ele>
    <time>2026-07-15T21:23:30Z</time>
   </trkpt>
   <trkpt lat="39.6914970" lon="-105.1604900">
    <ele>1972.0</ele>
    <time>2026-07-15T21:23:31Z</time>
   </trkpt>
   <trkpt lat="39.6914970" lon="-105.1604900">
    <ele>1972.0</ele>
    <time>2026-07-15T21:23:32Z</time>
   </trkpt>
   <trkpt lat="39.6914970" lon="-105.1604900">
    <ele>1972.0</ele>
    <time>2026-07-15T21:23:33Z</time>
   </trkpt>
   <trkpt lat="39.6914970" lon="-105.1604900">
    <ele>1972.0</ele>
    <time>2026-07-15T21:23:34Z</time>
   </trkpt>
   <trkpt lat="39.6915090" lon="-105.1605820">
    <ele>1972.6</ele>
    <time>2026-07-15T21:24:18Z</time>
   </trkpt>
   <trkpt lat="39.6915150" lon="-105.1606060">
    <ele>1972.8</ele>
    <time>2026-07-15T21:24:19Z</time>
   </trkpt>
   <trkpt lat="39.6915140" lon="-105.1606310">
    <ele>1973.0</ele>
    <time>2026-07-15T21:24:21Z</time>
   </trkpt>
   <trkpt lat="39.6915080" lon="-105.1606470">
    <ele>1973.1</ele>
    <time>2026-07-15T21:24:22Z</time>
   </trkpt>
   <trkpt lat="39.6914980" lon="-105.1606660">
    <ele>1973.2</ele>
    <time>2026-07-15T21:24:23Z</time>
   </trkpt>
   <trkpt lat="39.6914890" lon="-105.1606830">
    <ele>1973.3</ele>
    <time>2026-07-15T21:24:24Z</time>
   </trkpt>
   <trkpt lat="39.6914840" lon="-105.1607000">
    <ele>1973.4</ele>
    <time>2026-07-15T21:24:25Z</time>
   </trkpt>
   <trkpt lat="39.6914680" lon="-105.1607090">
    <ele>1973.6</ele>
    <time>2026-07-15T21:24:26Z</time>
   </trkpt>
   <trkpt lat="39.6914600" lon="-105.1607260">
    <ele>1973.7</ele>
    <time>2026-07-15T21:24:27Z</time>
   </trkpt>
   <trkpt lat="39.6914460" lon="-105.1607410">
    <ele>1973.8</ele>
    <time>2026-07-15T21:24:28Z</time>
   </trkpt>
   <trkpt lat="39.6914330" lon="-105.1607610">
    <ele>1974.0</ele>
    <time>2026-07-15T21:24:29Z</time>
   </trkpt>
   <trkpt lat="39.6914240" lon="-105.1607770">
    <ele>1974.1</ele>
    <time>2026-07-15T21:24:30Z</time>
   </trkpt>
   <trkpt lat="39.6914150" lon="-105.1607950">
    <ele>1974.2</ele>
    <time>2026-07-15T21:24:31Z</time>
   </trkpt>
   <trkpt lat="39.6914090" lon="-105.1608140">
    <ele>1974.3</ele>
    <time>2026-07-15T21:24:32Z</time>
   </trkpt>
   <trkpt lat="39.6914050" lon="-105.1608310">
    <ele>1974.4</ele>
    <time>2026-07-15T21:24:33Z</time>
   </trkpt>
   <trkpt lat="39.6913920" lon="-105.1608450">
    <ele>1974.5</ele>
    <time>2026-07-15T21:24:34Z</time>
   </trkpt>
   <trkpt lat="39.6913780" lon="-105.1608610">
    <ele>1974.6</ele>
    <time>2026-07-15T21:24:35Z</time>
   </trkpt>
   <trkpt lat="39.6913670" lon="-105.1608790">
    <ele>1974.7</ele>
    <time>2026-07-15T21:24:36Z</time>
   </trkpt>
   <trkpt lat="39.6913610" lon="-105.1608990">
    <ele>1974.8</ele>
    <time>2026-07-15T21:24:37Z</time>
   </trkpt>
   <trkpt lat="39.6913540" lon="-105.1609170">
    <ele>1974.9</ele>
    <time>2026-07-15T21:24:38Z</time>
   </trkpt>
   <trkpt lat="39.6913480" lon="-105.1609330">
    <ele>1975.0</ele>
    <time>2026-07-15T21:24:39Z</time>
   </trkpt>
   <trkpt lat="39.6913410" lon="-105.1609460">
    <ele>1975.1</ele>
    <time>2026-07-15T21:24:40Z</time>
   </trkpt>
   <trkpt lat="39.6913310" lon="-105.1609590">
    <ele>1975.2</ele>
    <time>2026-07-15T21:24:41Z</time>
   </trkpt>
   <trkpt lat="39.6913190" lon="-105.1609800">
    <ele>1975.3</ele>
    <time>2026-07-15T21:24:42Z</time>
   </trkpt>
   <trkpt lat="39.6913050" lon="-105.1609970">
    <ele>1975.4</ele>
    <time>2026-07-15T21:24:43Z</time>
   </trkpt>
   <trkpt lat="39.6912920" lon="-105.1610100">
    <ele>1975.5</ele>
    <time>2026-07-15T21:24:44Z</time>
   </trkpt>
   <trkpt lat="39.6912770" lon="-105.1610270">
    <ele>1975.7</ele>
    <time>2026-07-15T21:24:45Z</time>
   </trkpt>
   <trkpt lat="39.6912700" lon="-105.1610430">
    <ele>1975.7</ele>
    <time>2026-07-15T21:24:46Z</time>
   </trkpt>
   <trkpt lat="39.6912560" lon="-105.1610510">
    <ele>1975.8</ele>
    <time>2026-07-15T21:24:47Z</time>
   </trkpt>
   <trkpt lat="39.6912400" lon="-105.1610630">
    <ele>1976.0</ele>
    <time>2026-07-15T21:24:48Z</time>
   </trkpt>
   <trkpt lat="39.6912230" lon="-105.1610760">
    <ele>1976.1</ele>
    <time>2026-07-15T21:24:49Z</time>
   </trkpt>
   <trkpt lat="39.6912090" lon="-105.1610920">
    <ele>1976.2</ele>
    <time>2026-07-15T21:24:50Z</time>
   </trkpt>
   <trkpt lat="39.6911960" lon="-105.1611080">
    <ele>1976.4</ele>
    <time>2026-07-15T21:24:51Z</time>
   </trkpt>
   <trkpt lat="39.6911850" lon="-105.1611250">
    <ele>1976.5</ele>
    <time>2026-07-15T21:24:52Z</time>
   </trkpt>
   <trkpt lat="39.6911740" lon="-105.1611390">
    <ele>1976.6</ele>
    <time>2026-07-15T21:24:53Z</time>
   </trkpt>
   <trkpt lat="39.6911630" lon="-105.1611520">
    <ele>1976.7</ele>
    <time>2026-07-15T21:24:54Z</time>
   </trkpt>
   <trkpt lat="39.6911530" lon="-105.1611710">
    <ele>1976.8</ele>
    <time>2026-07-15T21:24:55Z</time>
   </trkpt>
   <trkpt lat="39.6911440" lon="-105.1611910">
    <ele>1977.0</ele>
    <time>2026-07-15T21:24:56Z</time>
   </trkpt>
   <trkpt lat="39.6911380" lon="-105.1612110">
    <ele>1977.1</ele>
    <time>2026-07-15T21:24:57Z</time>
   </trkpt>
   <trkpt lat="39.6911320" lon="-105.1612290">
    <ele>1977.2</ele>
    <time>2026-07-15T21:24:58Z</time>
   </trkpt>
   <trkpt lat="39.6911220" lon="-105.1612540">
    <ele>1977.3</ele>
    <time>2026-07-15T21:24:59Z</time>
   </trkpt>
   <trkpt lat="39.6911050" lon="-105.1612750">
    <ele>1977.5</ele>
    <time>2026-07-15T21:25:00Z</time>
   </trkpt>
   <trkpt lat="39.6910900" lon="-105.1613020">
    <ele>1977.7</ele>
    <time>2026-07-15T21:25:01Z</time>
   </trkpt>
   <trkpt lat="39.6910820" lon="-105.1613240">
    <ele>1977.8</ele>
    <time>2026-07-15T21:25:02Z</time>
   </trkpt>
   <trkpt lat="39.6910750" lon="-105.1613480">
    <ele>1977.9</ele>
    <time>2026-07-15T21:25:03Z</time>
   </trkpt>
   <trkpt lat="39.6910560" lon="-105.1613680">
    <ele>1978.0</ele>
    <time>2026-07-15T21:25:04Z</time>
   </trkpt>
   <trkpt lat="39.6910460" lon="-105.1613910">
    <ele>1978.1</ele>
    <time>2026-07-15T21:25:05Z</time>
   </trkpt>
   <trkpt lat="39.6910400" lon="-105.1614190">
    <ele>1978.2</ele>
    <time>2026-07-15T21:25:06Z</time>
   </trkpt>
   <trkpt lat="39.6910370" lon="-105.1614460">
    <ele>1978.3</ele>
    <time>2026-07-15T21:25:07Z</time>
   </trkpt>
   <trkpt lat="39.6910370" lon="-105.1614730">
    <ele>1978.3</ele>
    <time>2026-07-15T21:25:08Z</time>
   </trkpt>
   <trkpt lat="39.6910410" lon="-105.1614810">
    <ele>1978.3</ele>
    <time>2026-07-15T21:25:09Z</time>
   </trkpt>
   <trkpt lat="39.6910550" lon="-105.1615100">
    <ele>1978.4</ele>
    <time>2026-07-15T21:25:10Z</time>
   </trkpt>
   <trkpt lat="39.6910660" lon="-105.1615200">
    <ele>1978.4</ele>
    <time>2026-07-15T21:25:11Z</time>
   </trkpt>
   <trkpt lat="39.6910730" lon="-105.1615390">
    <ele>1978.4</ele>
    <time>2026-07-15T21:25:12Z</time>
   </trkpt>
   <trkpt lat="39.6910810" lon="-105.1615640">
    <ele>1978.5</ele>
    <time>2026-07-15T21:25:13Z</time>
   </trkpt>
   <trkpt lat="39.6910850" lon="-105.1615790">
    <ele>1978.5</ele>
    <time>2026-07-15T21:25:14Z</time>
   </trkpt>
   <trkpt lat="39.6910930" lon="-105.1616010">
    <ele>1978.5</ele>
    <time>2026-07-15T21:25:15Z</time>
   </trkpt>
   <trkpt lat="39.6910980" lon="-105.1616130">
    <ele>1978.5</ele>
    <time>2026-07-15T21:25:16Z</time>
   </trkpt>
   <trkpt lat="39.6911110" lon="-105.1616450">
    <ele>1978.5</ele>
    <time>2026-07-15T21:25:17Z</time>
   </trkpt>
   <trkpt lat="39.6911120" lon="-105.1616640">
    <ele>1978.5</ele>
    <time>2026-07-15T21:25:18Z</time>
   </trkpt>
   <trkpt lat="39.6911230" lon="-105.1617160">
    <ele>1978.4</ele>
    <time>2026-07-15T21:25:19Z</time>
   </trkpt>
   <trkpt lat="39.6911280" lon="-105.1617220">
    <ele>1978.4</ele>
    <time>2026-07-15T21:25:20Z</time>
   </trkpt>
   <trkpt lat="39.6911310" lon="-105.1617540">
    <ele>1978.4</ele>
    <time>2026-07-15T21:25:21Z</time>
   </trkpt>
   <trkpt lat="39.6911320" lon="-105.1617890">
    <ele>1978.4</ele>
    <time>2026-07-15T21:25:22Z</time>
   </trkpt>
   <trkpt lat="39.6911370" lon="-105.1618120">
    <ele>1978.4</ele>
    <time>2026-07-15T21:25:23Z</time>
   </trkpt>
   <trkpt lat="39.6911510" lon="-105.1618480">
    <ele>1978.3</ele>
    <time>2026-07-15T21:25:24Z</time>
   </trkpt>
   <trkpt lat="39.6911600" lon="-105.1618820">
    <ele>1978.3</ele>
    <time>2026-07-15T21:25:25Z</time>
   </trkpt>
   <trkpt lat="39.6911680" lon="-105.1619150">
    <ele>1978.2</ele>
    <time>2026-07-15T21:25:26Z</time>
   </trkpt>
   <trkpt lat="39.6911730" lon="-105.1619220">
    <ele>1978.2</ele>
    <time>2026-07-15T21:25:27Z</time>
   </trkpt>
   <trkpt lat="39.6911860" lon="-105.1619440">
    <ele>1978.2</ele>
    <time>2026-07-15T21:25:28Z</time>
   </trkpt>
   <trkpt lat="39.6912060" lon="-105.1619780">
    <ele>1978.1</ele>
    <time>2026-07-15T21:25:29Z</time>
   </trkpt>
   <trkpt lat="39.6912200" lon="-105.1620000">
    <ele>1978.0</ele>
    <time>2026-07-15T21:25:30Z</time>
   </trkpt>
   <trkpt lat="39.6912260" lon="-105.1620320">
    <ele>1978.0</ele>
    <time>2026-07-15T21:25:31Z</time>
   </trkpt>
   <trkpt lat="39.6912470" lon="-105.1620610">
    <ele>1977.9</ele>
    <time>2026-07-15T21:25:32Z</time>
   </trkpt>
   <trkpt lat="39.6912590" lon="-105.1620910">
    <ele>1977.9</ele>
    <time>2026-07-15T21:25:33Z</time>
   </trkpt>
   <trkpt lat="39.6912780" lon="-105.1621210">
    <ele>1977.9</ele>
    <time>2026-07-15T21:25:34Z</time>
   </trkpt>
   <trkpt lat="39.6913160" lon="-105.1621750">
    <ele>1977.8</ele>
    <time>2026-07-15T21:25:35Z</time>
   </trkpt>
   <trkpt lat="39.6913470" lon="-105.1622050">
    <ele>1977.9</ele>
    <time>2026-07-15T21:25:36Z</time>
   </trkpt>
   <trkpt lat="39.6913690" lon="-105.1622340">
    <ele>1977.9</ele>
    <time>2026-07-15T21:25:37Z</time>
   </trkpt>
   <trkpt lat="39.6913930" lon="-105.1622630">
    <ele>1978.0</ele>
    <time>2026-07-15T21:25:38Z</time>
   </trkpt>
   <trkpt lat="39.6914170" lon="-105.1622950">
    <ele>1978.0</ele>
    <time>2026-07-15T21:25:39Z</time>
   </trkpt>
   <trkpt lat="39.6914390" lon="-105.1623300">
    <ele>1978.1</ele>
    <time>2026-07-15T21:25:40Z</time>
   </trkpt>
   <trkpt lat="39.6914610" lon="-105.1623440">
    <ele>1978.1</ele>
    <time>2026-07-15T21:25:41Z</time>
   </trkpt>
   <trkpt lat="39.6914850" lon="-105.1623620">
    <ele>1978.2</ele>
    <time>2026-07-15T21:25:42Z</time>
   </trkpt>
   <trkpt lat="39.6915170" lon="-105.1623840">
    <ele>1978.2</ele>
    <time>2026-07-15T21:25:43Z</time>
   </trkpt>
   <trkpt lat="39.6915320" lon="-105.1623950">
    <ele>1978.2</ele>
    <time>2026-07-15T21:25:44Z</time>
   </trkpt>
   <trkpt lat="39.6915400" lon="-105.1624060">
    <ele>1978.2</ele>
    <time>2026-07-15T21:25:45Z</time>
   </trkpt>
   <trkpt lat="39.6915620" lon="-105.1624170">
    <ele>1978.1</ele>
    <time>2026-07-15T21:25:46Z</time>
   </trkpt>
   <trkpt lat="39.6915810" lon="-105.1624170">
    <ele>1978.1</ele>
    <time>2026-07-15T21:25:47Z</time>
   </trkpt>
   <trkpt lat="39.6916050" lon="-105.1624250">
    <ele>1978.0</ele>
    <time>2026-07-15T21:25:48Z</time>
   </trkpt>
   <trkpt lat="39.6916220" lon="-105.1624440">
    <ele>1977.9</ele>
    <time>2026-07-15T21:25:49Z</time>
   </trkpt>
   <trkpt lat="39.6916390" lon="-105.1624800">
    <ele>1977.7</ele>
    <time>2026-07-15T21:25:50Z</time>
   </trkpt>
   <trkpt lat="39.6916520" lon="-105.1625060">
    <ele>1977.6</ele>
    <time>2026-07-15T21:25:51Z</time>
   </trkpt>
   <trkpt lat="39.6916800" lon="-105.1625350">
    <ele>1977.4</ele>
    <time>2026-07-15T21:25:52Z</time>
   </trkpt>
   <trkpt lat="39.6917010" lon="-105.1625680">
    <ele>1977.2</ele>
    <time>2026-07-15T21:25:53Z</time>
   </trkpt>
   <trkpt lat="39.6917690" lon="-105.1626760">
    <ele>1976.5</ele>
    <time>2026-07-15T21:25:54Z</time>
   </trkpt>
   <trkpt lat="39.6918540" lon="-105.1627820">
    <ele>1976.1</ele>
    <time>2026-07-15T21:25:55Z</time>
   </trkpt>
   <trkpt lat="39.6918950" lon="-105.1628380">
    <ele>1976.0</ele>
    <time>2026-07-15T21:25:56Z</time>
   </trkpt>
   <trkpt lat="39.6919390" lon="-105.1628880">
    <ele>1975.9</ele>
    <time>2026-07-15T21:25:57Z</time>
   </trkpt>
   <trkpt lat="39.6919830" lon="-105.1629240">
    <ele>1975.9</ele>
    <time>2026-07-15T21:25:58Z</time>
   </trkpt>
   <trkpt lat="39.6920140" lon="-105.1629430">
    <ele>1975.9</ele>
    <time>2026-07-15T21:25:59Z</time>
   </trkpt>
   <trkpt lat="39.6920490" lon="-105.1629640">
    <ele>1975.9</ele>
    <time>2026-07-15T21:26:00Z</time>
   </trkpt>
   <trkpt lat="39.6920720" lon="-105.1629730">
    <ele>1975.9</ele>
    <time>2026-07-15T21:26:01Z</time>
   </trkpt>
   <trkpt lat="39.6920850" lon="-105.1629720">
    <ele>1975.9</ele>
    <time>2026-07-15T21:26:02Z</time>
   </trkpt>
   <trkpt lat="39.6920870" lon="-105.1629720">
    <ele>1975.9</ele>
    <time>2026-07-15T21:26:03Z</time>
   </trkpt>
   <trkpt lat="39.6920890" lon="-105.1629710">
    <ele>1975.9</ele>
    <time>2026-07-15T21:26:04Z</time>
   </trkpt>
   <trkpt lat="39.6920900" lon="-105.1629710">
    <ele>1975.9</ele>
    <time>2026-07-15T21:26:05Z</time>
   </trkpt>
   <trkpt lat="39.6920920" lon="-105.1629710">
    <ele>1975.9</ele>
    <time>2026-07-15T21:26:06Z</time>
   </trkpt>
   <trkpt lat="39.6920940" lon="-105.1629710">
    <ele>1975.9</ele>
    <time>2026-07-15T21:26:07Z</time>
   </trkpt>
   <trkpt lat="39.6920960" lon="-105.1629710">
    <ele>1975.9</ele>
    <time>2026-07-15T21:26:08Z</time>
   </trkpt>
   <trkpt lat="39.6920980" lon="-105.1629710">
    <ele>1975.9</ele>
    <time>2026-07-15T21:26:09Z</time>
   </trkpt>
   <trkpt lat="39.6921000" lon="-105.1629700">
    <ele>1975.9</ele>
    <time>2026-07-15T21:26:10Z</time>
   </trkpt>
   <trkpt lat="39.6921020" lon="-105.1629700">
    <ele>1975.9</ele>
    <time>2026-07-15T21:26:11Z</time>
   </trkpt>
   <trkpt lat="39.6921040" lon="-105.1629700">
    <ele>1975.9</ele>
    <time>2026-07-15T21:26:12Z</time>
   </trkpt>
   <trkpt lat="39.6921230" lon="-105.1629680">
    <ele>1975.9</ele>
    <time>2026-07-15T21:26:22Z</time>
   </trkpt>
   <trkpt lat="39.6921250" lon="-105.1629680">
    <ele>1975.9</ele>
    <time>2026-07-15T21:26:23Z</time>
   </trkpt>
   <trkpt lat="39.6921560" lon="-105.1629830">
    <ele>1975.9</ele>
    <time>2026-07-15T21:26:24Z</time>
   </trkpt>
   <trkpt lat="39.6921920" lon="-105.1629850">
    <ele>1976.0</ele>
    <time>2026-07-15T21:26:25Z</time>
   </trkpt>
   <trkpt lat="39.6922180" lon="-105.1630060">
    <ele>1976.0</ele>
    <time>2026-07-15T21:26:26Z</time>
   </trkpt>
   <trkpt lat="39.6922520" lon="-105.1630210">
    <ele>1976.1</ele>
    <time>2026-07-15T21:26:27Z</time>
   </trkpt>
   <trkpt lat="39.6922850" lon="-105.1630390">
    <ele>1976.1</ele>
    <time>2026-07-15T21:26:28Z</time>
   </trkpt>
   <trkpt lat="39.6923160" lon="-105.1630540">
    <ele>1976.1</ele>
    <time>2026-07-15T21:26:29Z</time>
   </trkpt>
   <trkpt lat="39.6923420" lon="-105.1630540">
    <ele>1976.2</ele>
    <time>2026-07-15T21:26:30Z</time>
   </trkpt>
   <trkpt lat="39.6923680" lon="-105.1630720">
    <ele>1976.2</ele>
    <time>2026-07-15T21:26:31Z</time>
   </trkpt>
   <trkpt lat="39.6923860" lon="-105.1630960">
    <ele>1976.2</ele>
    <time>2026-07-15T21:26:32Z</time>
   </trkpt>
   <trkpt lat="39.6923680" lon="-105.1631400">
    <ele>1976.2</ele>
    <time>2026-07-15T21:26:33Z</time>
   </trkpt>
   <trkpt lat="39.6923430" lon="-105.1631660">
    <ele>1976.2</ele>
    <time>2026-07-15T21:26:34Z</time>
   </trkpt>
   <trkpt lat="39.6923190" lon="-105.1631790">
    <ele>1976.2</ele>
    <time>2026-07-15T21:26:35Z</time>
   </trkpt>
   <trkpt lat="39.6922880" lon="-105.1632130">
    <ele>1976.3</ele>
    <time>2026-07-15T21:26:36Z</time>
   </trkpt>
   <trkpt lat="39.6922530" lon="-105.1632400">
    <ele>1976.3</ele>
    <time>2026-07-15T21:26:37Z</time>
   </trkpt>
   <trkpt lat="39.6922240" lon="-105.1632790">
    <ele>1976.4</ele>
    <time>2026-07-15T21:26:38Z</time>
   </trkpt>
   <trkpt lat="39.6922040" lon="-105.1633190">
    <ele>1976.6</ele>
    <time>2026-07-15T21:26:39Z</time>
   </trkpt>
   <trkpt lat="39.6922030" lon="-105.1633580">
    <ele>1976.7</ele>
    <time>2026-07-15T21:26:40Z</time>
   </trkpt>
   <trkpt lat="39.6922140" lon="-105.1633670">
    <ele>1976.7</ele>
    <time>2026-07-15T21:26:41Z</time>
   </trkpt>
   <trkpt lat="39.6922340" lon="-105.1633920">
    <ele>1976.9</ele>
    <time>2026-07-15T21:26:42Z</time>
   </trkpt>
   <trkpt lat="39.6922400" lon="-105.1634120">
    <ele>1977.0</ele>
    <time>2026-07-15T21:26:43Z</time>
   </trkpt>
   <trkpt lat="39.6922550" lon="-105.1634450">
    <ele>1977.2</ele>
    <time>2026-07-15T21:26:44Z</time>
   </trkpt>
   <trkpt lat="39.6922670" lon="-105.1634610">
    <ele>1977.3</ele>
    <time>2026-07-15T21:26:45Z</time>
   </trkpt>
   <trkpt lat="39.6922800" lon="-105.1634950">
    <ele>1977.5</ele>
    <time>2026-07-15T21:26:46Z</time>
   </trkpt>
   <trkpt lat="39.6922940" lon="-105.1635270">
    <ele>1977.7</ele>
    <time>2026-07-15T21:26:47Z</time>
   </trkpt>
   <trkpt lat="39.6923060" lon="-105.1635560">
    <ele>1977.9</ele>
    <time>2026-07-15T21:26:48Z</time>
   </trkpt>
   <trkpt lat="39.6923240" lon="-105.1635780">
    <ele>1978.1</ele>
    <time>2026-07-15T21:26:49Z</time>
   </trkpt>
   <trkpt lat="39.6923520" lon="-105.1636400">
    <ele>1978.6</ele>
    <time>2026-07-15T21:26:50Z</time>
   </trkpt>
   <trkpt lat="39.6923550" lon="-105.1636600">
    <ele>1978.7</ele>
    <time>2026-07-15T21:26:51Z</time>
   </trkpt>
   <trkpt lat="39.6923660" lon="-105.1636970">
    <ele>1979.0</ele>
    <time>2026-07-15T21:26:52Z</time>
   </trkpt>
   <trkpt lat="39.6923830" lon="-105.1637330">
    <ele>1979.2</ele>
    <time>2026-07-15T21:26:53Z</time>
   </trkpt>
   <trkpt lat="39.6924000" lon="-105.1637410">
    <ele>1979.3</ele>
    <time>2026-07-15T21:26:54Z</time>
   </trkpt>
   <trkpt lat="39.6924150" lon="-105.1637830">
    <ele>1979.6</ele>
    <time>2026-07-15T21:26:55Z</time>
   </trkpt>
   <trkpt lat="39.6924150" lon="-105.1637870">
    <ele>1979.6</ele>
    <time>2026-07-15T21:26:56Z</time>
   </trkpt>
   <trkpt lat="39.6924280" lon="-105.1638330">
    <ele>1979.8</ele>
    <time>2026-07-15T21:26:57Z</time>
   </trkpt>
   <trkpt lat="39.6924350" lon="-105.1638420">
    <ele>1979.8</ele>
    <time>2026-07-15T21:26:58Z</time>
   </trkpt>
   <trkpt lat="39.6924430" lon="-105.1638670">
    <ele>1979.9</ele>
    <time>2026-07-15T21:26:59Z</time>
   </trkpt>
   <trkpt lat="39.6924400" lon="-105.1638920">
    <ele>1980.0</ele>
    <time>2026-07-15T21:27:00Z</time>
   </trkpt>
   <trkpt lat="39.6924300" lon="-105.1639160">
    <ele>1980.1</ele>
    <time>2026-07-15T21:27:01Z</time>
   </trkpt>
   <trkpt lat="39.6924120" lon="-105.1639290">
    <ele>1980.2</ele>
    <time>2026-07-15T21:27:02Z</time>
   </trkpt>
   <trkpt lat="39.6924030" lon="-105.1639140">
    <ele>1980.3</ele>
    <time>2026-07-15T21:27:03Z</time>
   </trkpt>
   <trkpt lat="39.6923590" lon="-105.1639160">
    <ele>1980.4</ele>
    <time>2026-07-15T21:27:04Z</time>
   </trkpt>
   <trkpt lat="39.6923300" lon="-105.1639340">
    <ele>1980.5</ele>
    <time>2026-07-15T21:27:05Z</time>
   </trkpt>
   <trkpt lat="39.6922970" lon="-105.1639440">
    <ele>1980.6</ele>
    <time>2026-07-15T21:27:06Z</time>
   </trkpt>
   <trkpt lat="39.6922740" lon="-105.1639600">
    <ele>1980.7</ele>
    <time>2026-07-15T21:27:07Z</time>
   </trkpt>
   <trkpt lat="39.6922540" lon="-105.1639650">
    <ele>1980.8</ele>
    <time>2026-07-15T21:27:08Z</time>
   </trkpt>
   <trkpt lat="39.6922230" lon="-105.1639660">
    <ele>1980.9</ele>
    <time>2026-07-15T21:27:09Z</time>
   </trkpt>
   <trkpt lat="39.6921960" lon="-105.1639650">
    <ele>1981.0</ele>
    <time>2026-07-15T21:27:10Z</time>
   </trkpt>
   <trkpt lat="39.6921690" lon="-105.1639620">
    <ele>1981.1</ele>
    <time>2026-07-15T21:27:11Z</time>
   </trkpt>
   <trkpt lat="39.6921540" lon="-105.1639740">
    <ele>1981.2</ele>
    <time>2026-07-15T21:27:12Z</time>
   </trkpt>
   <trkpt lat="39.6921300" lon="-105.1639750">
    <ele>1981.3</ele>
    <time>2026-07-15T21:27:13Z</time>
   </trkpt>
   <trkpt lat="39.6921160" lon="-105.1639670">
    <ele>1981.3</ele>
    <time>2026-07-15T21:27:14Z</time>
   </trkpt>
   <trkpt lat="39.6921050" lon="-105.1639670">
    <ele>1981.4</ele>
    <time>2026-07-15T21:27:15Z</time>
   </trkpt>
   <trkpt lat="39.6920800" lon="-105.1639580">
    <ele>1981.5</ele>
    <time>2026-07-15T21:27:16Z</time>
   </trkpt>
   <trkpt lat="39.6920570" lon="-105.1639600">
    <ele>1981.6</ele>
    <time>2026-07-15T21:27:17Z</time>
   </trkpt>
   <trkpt lat="39.6920340" lon="-105.1639630">
    <ele>1981.7</ele>
    <time>2026-07-15T21:27:18Z</time>
   </trkpt>
   <trkpt lat="39.6920120" lon="-105.1639560">
    <ele>1981.8</ele>
    <time>2026-07-15T21:27:19Z</time>
   </trkpt>
   <trkpt lat="39.6919700" lon="-105.1639770">
    <ele>1982.0</ele>
    <time>2026-07-15T21:27:20Z</time>
   </trkpt>
   <trkpt lat="39.6919220" lon="-105.1639590">
    <ele>1982.3</ele>
    <time>2026-07-15T21:27:21Z</time>
   </trkpt>
   <trkpt lat="39.6919200" lon="-105.1639550">
    <ele>1982.3</ele>
    <time>2026-07-15T21:27:22Z</time>
   </trkpt>
   <trkpt lat="39.6919080" lon="-105.1639380">
    <ele>1982.5</ele>
    <time>2026-07-15T21:27:23Z</time>
   </trkpt>
   <trkpt lat="39.6918900" lon="-105.1639330">
    <ele>1982.6</ele>
    <time>2026-07-15T21:27:24Z</time>
   </trkpt>
   <trkpt lat="39.6918740" lon="-105.1639150">
    <ele>1982.7</ele>
    <time>2026-07-15T21:27:25Z</time>
   </trkpt>
   <trkpt lat="39.6918530" lon="-105.1639100">
    <ele>1982.9</ele>
    <time>2026-07-15T21:27:26Z</time>
   </trkpt>
   <trkpt lat="39.6918340" lon="-105.1639050">
    <ele>1983.0</ele>
    <time>2026-07-15T21:27:27Z</time>
   </trkpt>
   <trkpt lat="39.6918050" lon="-105.1638930">
    <ele>1983.2</ele>
    <time>2026-07-15T21:27:28Z</time>
   </trkpt>
   <trkpt lat="39.6917860" lon="-105.1638980">
    <ele>1983.4</ele>
    <time>2026-07-15T21:27:29Z</time>
   </trkpt>
   <trkpt lat="39.6917660" lon="-105.1638960">
    <ele>1983.5</ele>
    <time>2026-07-15T21:27:30Z</time>
   </trkpt>
   <trkpt lat="39.6917460" lon="-105.1638900">
    <ele>1983.7</ele>
    <time>2026-07-15T21:27:31Z</time>
   </trkpt>
   <trkpt lat="39.6917290" lon="-105.1638880">
    <ele>1983.8</ele>
    <time>2026-07-15T21:27:32Z</time>
   </trkpt>
   <trkpt lat="39.6917160" lon="-105.1638820">
    <ele>1983.9</ele>
    <time>2026-07-15T21:27:33Z</time>
   </trkpt>
   <trkpt lat="39.6917050" lon="-105.1638820">
    <ele>1984.0</ele>
    <time>2026-07-15T21:27:34Z</time>
   </trkpt>
   <trkpt lat="39.6916790" lon="-105.1638800">
    <ele>1984.2</ele>
    <time>2026-07-15T21:27:35Z</time>
   </trkpt>
   <trkpt lat="39.6916600" lon="-105.1638890">
    <ele>1984.3</ele>
    <time>2026-07-15T21:27:36Z</time>
   </trkpt>
   <trkpt lat="39.6916380" lon="-105.1638880">
    <ele>1984.5</ele>
    <time>2026-07-15T21:27:37Z</time>
   </trkpt>
   <trkpt lat="39.6916150" lon="-105.1638930">
    <ele>1984.6</ele>
    <time>2026-07-15T21:27:38Z</time>
   </trkpt>
   <trkpt lat="39.6915960" lon="-105.1639030">
    <ele>1984.8</ele>
    <time>2026-07-15T21:27:39Z</time>
   </trkpt>
   <trkpt lat="39.6915830" lon="-105.1639160">
    <ele>1984.9</ele>
    <time>2026-07-15T21:27:40Z</time>
   </trkpt>
   <trkpt lat="39.6915630" lon="-105.1639160">
    <ele>1985.0</ele>
    <time>2026-07-15T21:27:41Z</time>
   </trkpt>
   <trkpt lat="39.6915420" lon="-105.1639260">
    <ele>1985.1</ele>
    <time>2026-07-15T21:27:42Z</time>
   </trkpt>
   <trkpt lat="39.6915240" lon="-105.1639300">
    <ele>1985.3</ele>
    <time>2026-07-15T21:27:43Z</time>
   </trkpt>
   <trkpt lat="39.6915030" lon="-105.1639400">
    <ele>1985.4</ele>
    <time>2026-07-15T21:27:44Z</time>
   </trkpt>
   <trkpt lat="39.6914860" lon="-105.1639550">
    <ele>1985.6</ele>
    <time>2026-07-15T21:27:45Z</time>
   </trkpt>
   <trkpt lat="39.6914770" lon="-105.1639680">
    <ele>1985.7</ele>
    <time>2026-07-15T21:27:46Z</time>
   </trkpt>
   <trkpt lat="39.6914610" lon="-105.1639920">
    <ele>1985.8</ele>
    <time>2026-07-15T21:27:47Z</time>
   </trkpt>
   <trkpt lat="39.6914540" lon="-105.1640010">
    <ele>1985.9</ele>
    <time>2026-07-15T21:27:48Z</time>
   </trkpt>
   <trkpt lat="39.6914360" lon="-105.1640280">
    <ele>1986.1</ele>
    <time>2026-07-15T21:27:49Z</time>
   </trkpt>
   <trkpt lat="39.6914230" lon="-105.1640430">
    <ele>1986.3</ele>
    <time>2026-07-15T21:27:50Z</time>
   </trkpt>
   <trkpt lat="39.6914150" lon="-105.1640620">
    <ele>1986.4</ele>
    <time>2026-07-15T21:27:51Z</time>
   </trkpt>
   <trkpt lat="39.6914070" lon="-105.1640800">
    <ele>1986.5</ele>
    <time>2026-07-15T21:27:52Z</time>
   </trkpt>
   <trkpt lat="39.6914000" lon="-105.1640980">
    <ele>1986.7</ele>
    <time>2026-07-15T21:27:53Z</time>
   </trkpt>
   <trkpt lat="39.6913870" lon="-105.1641270">
    <ele>1986.9</ele>
    <time>2026-07-15T21:27:54Z</time>
   </trkpt>
   <trkpt lat="39.6913760" lon="-105.1641430">
    <ele>1987.1</ele>
    <time>2026-07-15T21:27:55Z</time>
   </trkpt>
   <trkpt lat="39.6913660" lon="-105.1641640">
    <ele>1987.3</ele>
    <time>2026-07-15T21:27:56Z</time>
   </trkpt>
   <trkpt lat="39.6913530" lon="-105.1641830">
    <ele>1987.4</ele>
    <time>2026-07-15T21:27:57Z</time>
   </trkpt>
   <trkpt lat="39.6913470" lon="-105.1642030">
    <ele>1987.6</ele>
    <time>2026-07-15T21:27:58Z</time>
   </trkpt>
   <trkpt lat="39.6913340" lon="-105.1642220">
    <ele>1987.8</ele>
    <time>2026-07-15T21:27:59Z</time>
   </trkpt>
   <trkpt lat="39.6913190" lon="-105.1642450">
    <ele>1988.0</ele>
    <time>2026-07-15T21:28:00Z</time>
   </trkpt>
   <trkpt lat="39.6913100" lon="-105.1642650">
    <ele>1988.2</ele>
    <time>2026-07-15T21:28:01Z</time>
   </trkpt>
   <trkpt lat="39.6913040" lon="-105.1642910">
    <ele>1988.4</ele>
    <time>2026-07-15T21:28:02Z</time>
   </trkpt>
   <trkpt lat="39.6912930" lon="-105.1643120">
    <ele>1988.7</ele>
    <time>2026-07-15T21:28:03Z</time>
   </trkpt>
   <trkpt lat="39.6912840" lon="-105.1643320">
    <ele>1988.9</ele>
    <time>2026-07-15T21:28:04Z</time>
   </trkpt>
   <trkpt lat="39.6912710" lon="-105.1643480">
    <ele>1989.1</ele>
    <time>2026-07-15T21:28:05Z</time>
   </trkpt>
   <trkpt lat="39.6912610" lon="-105.1643620">
    <ele>1989.3</ele>
    <time>2026-07-15T21:28:06Z</time>
   </trkpt>
   <trkpt lat="39.6912500" lon="-105.1643850">
    <ele>1989.5</ele>
    <time>2026-07-15T21:28:07Z</time>
   </trkpt>
   <trkpt lat="39.6912480" lon="-105.1644080">
    <ele>1989.8</ele>
    <time>2026-07-15T21:28:08Z</time>
   </trkpt>
   <trkpt lat="39.6912370" lon="-105.1644290">
    <ele>1990.0</ele>
    <time>2026-07-15T21:28:09Z</time>
   </trkpt>
   <trkpt lat="39.6912250" lon="-105.1644510">
    <ele>1990.3</ele>
    <time>2026-07-15T21:28:10Z</time>
   </trkpt>
   <trkpt lat="39.6912130" lon="-105.1644700">
    <ele>1990.6</ele>
    <time>2026-07-15T21:28:11Z</time>
   </trkpt>
   <trkpt lat="39.6912110" lon="-105.1644830">
    <ele>1990.7</ele>
    <time>2026-07-15T21:28:12Z</time>
   </trkpt>
   <trkpt lat="39.6912070" lon="-105.1645060">
    <ele>1990.9</ele>
    <time>2026-07-15T21:28:13Z</time>
   </trkpt>
   <trkpt lat="39.6911980" lon="-105.1645240">
    <ele>1991.2</ele>
    <time>2026-07-15T21:28:14Z</time>
   </trkpt>
   <trkpt lat="39.6911960" lon="-105.1645420">
    <ele>1991.4</ele>
    <time>2026-07-15T21:28:15Z</time>
   </trkpt>
   <trkpt lat="39.6911970" lon="-105.1645650">
    <ele>1991.6</ele>
    <time>2026-07-15T21:28:16Z</time>
   </trkpt>
   <trkpt lat="39.6911860" lon="-105.1645820">
    <ele>1991.8</ele>
    <time>2026-07-15T21:28:17Z</time>
   </trkpt>
   <trkpt lat="39.6911780" lon="-105.1646000">
    <ele>1992.1</ele>
    <time>2026-07-15T21:28:18Z</time>
   </trkpt>
   <trkpt lat="39.6911680" lon="-105.1646140">
    <ele>1992.3</ele>
    <time>2026-07-15T21:28:19Z</time>
   </trkpt>
   <trkpt lat="39.6911600" lon="-105.1646320">
    <ele>1992.5</ele>
    <time>2026-07-15T21:28:20Z</time>
   </trkpt>
   <trkpt lat="39.6911480" lon="-105.1646460">
    <ele>1992.7</ele>
    <time>2026-07-15T21:28:21Z</time>
   </trkpt>
   <trkpt lat="39.6911410" lon="-105.1646650">
    <ele>1993.0</ele>
    <time>2026-07-15T21:28:22Z</time>
   </trkpt>
   <trkpt lat="39.6911340" lon="-105.1646830">
    <ele>1993.2</ele>
    <time>2026-07-15T21:28:23Z</time>
   </trkpt>
   <trkpt lat="39.6911240" lon="-105.1647010">
    <ele>1993.4</ele>
    <time>2026-07-15T21:28:24Z</time>
   </trkpt>
   <trkpt lat="39.6911170" lon="-105.1647200">
    <ele>1993.6</ele>
    <time>2026-07-15T21:28:25Z</time>
   </trkpt>
   <trkpt lat="39.6911100" lon="-105.1647370">
    <ele>1993.8</ele>
    <time>2026-07-15T21:28:26Z</time>
   </trkpt>
   <trkpt lat="39.6911020" lon="-105.1647580">
    <ele>1994.1</ele>
    <time>2026-07-15T21:28:27Z</time>
   </trkpt>
   <trkpt lat="39.6910950" lon="-105.1647780">
    <ele>1994.3</ele>
    <time>2026-07-15T21:28:28Z</time>
   </trkpt>
   <trkpt lat="39.6910830" lon="-105.1647920">
    <ele>1994.5</ele>
    <time>2026-07-15T21:28:29Z</time>
   </trkpt>
   <trkpt lat="39.6910680" lon="-105.1648020">
    <ele>1994.7</ele>
    <time>2026-07-15T21:28:30Z</time>
   </trkpt>
   <trkpt lat="39.6910610" lon="-105.1648180">
    <ele>1994.9</ele>
    <time>2026-07-15T21:28:31Z</time>
   </trkpt>
   <trkpt lat="39.6910520" lon="-105.1648340">
    <ele>1995.1</ele>
    <time>2026-07-15T21:28:32Z</time>
   </trkpt>
   <trkpt lat="39.6910520" lon="-105.1648530">
    <ele>1995.2</ele>
    <time>2026-07-15T21:28:33Z</time>
   </trkpt>
   <trkpt lat="39.6910470" lon="-105.1648690">
    <ele>1995.4</ele>
    <time>2026-07-15T21:28:34Z</time>
   </trkpt>
   <trkpt lat="39.6910380" lon="-105.1648800">
    <ele>1995.6</ele>
    <time>2026-07-15T21:28:35Z</time>
   </trkpt>
   <trkpt lat="39.6910310" lon="-105.1648780">
    <ele>1995.6</ele>
    <time>2026-07-15T21:28:36Z</time>
   </trkpt>
   <trkpt lat="39.6910340" lon="-105.1648720">
    <ele>1995.7</ele>
    <time>2026-07-15T21:28:37Z</time>
   </trkpt>
   <trkpt lat="39.6910340" lon="-105.1648700">
    <ele>1995.7</ele>
    <time>2026-07-15T21:28:38Z</time>
   </trkpt>
   <trkpt lat="39.6910350" lon="-105.1648700">
    <ele>1995.7</ele>
    <time>2026-07-15T21:28:39Z</time>
   </trkpt>
   <trkpt lat="39.6910340" lon="-105.1648660">
    <ele>1995.8</ele>
    <time>2026-07-15T21:28:40Z</time>
   </trkpt>
   <trkpt lat="39.6910360" lon="-105.1648670">
    <ele>1995.8</ele>
    <time>2026-07-15T21:28:41Z</time>
   </trkpt>
   <trkpt lat="39.6910400" lon="-105.1648670">
    <ele>1995.8</ele>
    <time>2026-07-15T21:28:42Z</time>
   </trkpt>
   <trkpt lat="39.6910450" lon="-105.1648610">
    <ele>1995.9</ele>
    <time>2026-07-15T21:28:43Z</time>
   </trkpt>
   <trkpt lat="39.6910580" lon="-105.1648590">
    <ele>1996.1</ele>
    <time>2026-07-15T21:28:44Z</time>
   </trkpt>
   <trkpt lat="39.6910620" lon="-105.1648590">
    <ele>1996.1</ele>
    <time>2026-07-15T21:28:45Z</time>
   </trkpt>
   <trkpt lat="39.6911450" lon="-105.1649110">
    <ele>1997.1</ele>
    <time>2026-07-15T21:31:47Z</time>
   </trkpt>
   <trkpt lat="39.6911520" lon="-105.1649160">
    <ele>1997.2</ele>
    <time>2026-07-15T21:31:48Z</time>
   </trkpt>
   <trkpt lat="39.6911580" lon="-105.1649280">
    <ele>1997.3</ele>
    <time>2026-07-15T21:31:49Z</time>
   </trkpt>
   <trkpt lat="39.6911650" lon="-105.1649400">
    <ele>1997.4</ele>
    <time>2026-07-15T21:31:50Z</time>
   </trkpt>
   <trkpt lat="39.6911770" lon="-105.1649600">
    <ele>1997.6</ele>
    <time>2026-07-15T21:31:51Z</time>
   </trkpt>
   <trkpt lat="39.6911860" lon="-105.1649790">
    <ele>1997.7</ele>
    <time>2026-07-15T21:31:52Z</time>
   </trkpt>
   <trkpt lat="39.6911900" lon="-105.1649960">
    <ele>1997.8</ele>
    <time>2026-07-15T21:31:53Z</time>
   </trkpt>
   <trkpt lat="39.6912030" lon="-105.1650150">
    <ele>1998.0</ele>
    <time>2026-07-15T21:31:54Z</time>
   </trkpt>
   <trkpt lat="39.6912300" lon="-105.1650400">
    <ele>1998.3</ele>
    <time>2026-07-15T21:31:55Z</time>
   </trkpt>
   <trkpt lat="39.6912390" lon="-105.1650520">
    <ele>1998.4</ele>
    <time>2026-07-15T21:31:56Z</time>
   </trkpt>
   <trkpt lat="39.6912420" lon="-105.1650610">
    <ele>1998.5</ele>
    <time>2026-07-15T21:31:57Z</time>
   </trkpt>
   <trkpt lat="39.6912580" lon="-105.1650730">
    <ele>1998.6</ele>
    <time>2026-07-15T21:31:58Z</time>
   </trkpt>
   <trkpt lat="39.6912660" lon="-105.1650860">
    <ele>1998.7</ele>
    <time>2026-07-15T21:31:59Z</time>
   </trkpt>
   <trkpt lat="39.6912760" lon="-105.1651000">
    <ele>1998.8</ele>
    <time>2026-07-15T21:32:00Z</time>
   </trkpt>
   <trkpt lat="39.6912870" lon="-105.1651150">
    <ele>1999.0</ele>
    <time>2026-07-15T21:32:01Z</time>
   </trkpt>
   <trkpt lat="39.6912960" lon="-105.1651350">
    <ele>1999.1</ele>
    <time>2026-07-15T21:32:02Z</time>
   </trkpt>
   <trkpt lat="39.6913080" lon="-105.1651510">
    <ele>1999.3</ele>
    <time>2026-07-15T21:32:03Z</time>
   </trkpt>
   <trkpt lat="39.6913180" lon="-105.1651650">
    <ele>1999.4</ele>
    <time>2026-07-15T21:32:04Z</time>
   </trkpt>
   <trkpt lat="39.6913250" lon="-105.1651760">
    <ele>1999.5</ele>
    <time>2026-07-15T21:32:05Z</time>
   </trkpt>
   <trkpt lat="39.6913330" lon="-105.1651870">
    <ele>1999.5</ele>
    <time>2026-07-15T21:32:06Z</time>
   </trkpt>
   <trkpt lat="39.6913460" lon="-105.1651940">
    <ele>1999.7</ele>
    <time>2026-07-15T21:32:07Z</time>
   </trkpt>
   <trkpt lat="39.6913490" lon="-105.1652160">
    <ele>1999.8</ele>
    <time>2026-07-15T21:32:08Z</time>
   </trkpt>
   <trkpt lat="39.6913520" lon="-105.1652400">
    <ele>1999.9</ele>
    <time>2026-07-15T21:32:09Z</time>
   </trkpt>
   <trkpt lat="39.6913570" lon="-105.1652590">
    <ele>2000.1</ele>
    <time>2026-07-15T21:32:10Z</time>
   </trkpt>
   <trkpt lat="39.6913670" lon="-105.1652790">
    <ele>2000.2</ele>
    <time>2026-07-15T21:32:11Z</time>
   </trkpt>
   <trkpt lat="39.6913670" lon="-105.1653000">
    <ele>2000.3</ele>
    <time>2026-07-15T21:32:12Z</time>
   </trkpt>
   <trkpt lat="39.6913720" lon="-105.1653200">
    <ele>2000.4</ele>
    <time>2026-07-15T21:32:13Z</time>
   </trkpt>
   <trkpt lat="39.6913790" lon="-105.1653420">
    <ele>2000.6</ele>
    <time>2026-07-15T21:32:14Z</time>
   </trkpt>
   <trkpt lat="39.6913830" lon="-105.1653630">
    <ele>2000.7</ele>
    <time>2026-07-15T21:32:15Z</time>
   </trkpt>
   <trkpt lat="39.6913880" lon="-105.1653850">
    <ele>2000.9</ele>
    <time>2026-07-15T21:32:16Z</time>
   </trkpt>
   <trkpt lat="39.6913890" lon="-105.1654110">
    <ele>2001.0</ele>
    <time>2026-07-15T21:32:17Z</time>
   </trkpt>
   <trkpt lat="39.6913920" lon="-105.1654350">
    <ele>2001.1</ele>
    <time>2026-07-15T21:32:18Z</time>
   </trkpt>
   <trkpt lat="39.6913950" lon="-105.1654570">
    <ele>2001.3</ele>
    <time>2026-07-15T21:32:19Z</time>
   </trkpt>
   <trkpt lat="39.6914020" lon="-105.1654780">
    <ele>2001.4</ele>
    <time>2026-07-15T21:32:20Z</time>
   </trkpt>
   <trkpt lat="39.6914050" lon="-105.1654990">
    <ele>2001.5</ele>
    <time>2026-07-15T21:32:21Z</time>
   </trkpt>
   <trkpt lat="39.6914070" lon="-105.1655230">
    <ele>2001.7</ele>
    <time>2026-07-15T21:32:22Z</time>
   </trkpt>
   <trkpt lat="39.6914130" lon="-105.1655520">
    <ele>2001.9</ele>
    <time>2026-07-15T21:32:23Z</time>
   </trkpt>
   <trkpt lat="39.6914120" lon="-105.1655800">
    <ele>2002.0</ele>
    <time>2026-07-15T21:32:24Z</time>
   </trkpt>
   <trkpt lat="39.6914160" lon="-105.1656040">
    <ele>2002.2</ele>
    <time>2026-07-15T21:32:25Z</time>
   </trkpt>
   <trkpt lat="39.6914200" lon="-105.1656210">
    <ele>2002.3</ele>
    <time>2026-07-15T21:32:26Z</time>
   </trkpt>
   <trkpt lat="39.6914230" lon="-105.1656440">
    <ele>2002.4</ele>
    <time>2026-07-15T21:32:27Z</time>
   </trkpt>
   <trkpt lat="39.6914280" lon="-105.1656690">
    <ele>2002.6</ele>
    <time>2026-07-15T21:32:28Z</time>
   </trkpt>
   <trkpt lat="39.6914310" lon="-105.1656890">
    <ele>2002.7</ele>
    <time>2026-07-15T21:32:29Z</time>
   </trkpt>
   <trkpt lat="39.6914340" lon="-105.1657150">
    <ele>2002.9</ele>
    <time>2026-07-15T21:32:30Z</time>
   </trkpt>
   <trkpt lat="39.6914380" lon="-105.1657220">
    <ele>2002.9</ele>
    <time>2026-07-15T21:32:31Z</time>
   </trkpt>
   <trkpt lat="39.6914400" lon="-105.1657410">
    <ele>2003.1</ele>
    <time>2026-07-15T21:32:32Z</time>
   </trkpt>
   <trkpt lat="39.6914420" lon="-105.1657620">
    <ele>2003.2</ele>
    <time>2026-07-15T21:32:33Z</time>
   </trkpt>
   <trkpt lat="39.6914460" lon="-105.1657790">
    <ele>2003.3</ele>
    <time>2026-07-15T21:32:34Z</time>
   </trkpt>
   <trkpt lat="39.6914500" lon="-105.1657980">
    <ele>2003.4</ele>
    <time>2026-07-15T21:32:35Z</time>
   </trkpt>
   <trkpt lat="39.6914560" lon="-105.1658130">
    <ele>2003.5</ele>
    <time>2026-07-15T21:32:36Z</time>
   </trkpt>
   <trkpt lat="39.6914650" lon="-105.1658430">
    <ele>2003.7</ele>
    <time>2026-07-15T21:32:37Z</time>
   </trkpt>
   <trkpt lat="39.6914680" lon="-105.1658560">
    <ele>2003.8</ele>
    <time>2026-07-15T21:32:38Z</time>
   </trkpt>
   <trkpt lat="39.6914770" lon="-105.1658780">
    <ele>2004.0</ele>
    <time>2026-07-15T21:32:39Z</time>
   </trkpt>
   <trkpt lat="39.6914820" lon="-105.1658980">
    <ele>2004.1</ele>
    <time>2026-07-15T21:32:40Z</time>
   </trkpt>
   <trkpt lat="39.6914900" lon="-105.1659150">
    <ele>2004.2</ele>
    <time>2026-07-15T21:32:41Z</time>
   </trkpt>
   <trkpt lat="39.6915040" lon="-105.1659250">
    <ele>2004.3</ele>
    <time>2026-07-15T21:32:42Z</time>
   </trkpt>
   <trkpt lat="39.6915230" lon="-105.1659320">
    <ele>2004.5</ele>
    <time>2026-07-15T21:32:43Z</time>
   </trkpt>
   <trkpt lat="39.6915380" lon="-105.1659330">
    <ele>2004.6</ele>
    <time>2026-07-15T21:32:44Z</time>
   </trkpt>
   <trkpt lat="39.6915550" lon="-105.1659330">
    <ele>2004.7</ele>
    <time>2026-07-15T21:32:45Z</time>
   </trkpt>
   <trkpt lat="39.6915710" lon="-105.1659300">
    <ele>2004.8</ele>
    <time>2026-07-15T21:32:46Z</time>
   </trkpt>
   <trkpt lat="39.6915900" lon="-105.1659250">
    <ele>2005.0</ele>
    <time>2026-07-15T21:32:47Z</time>
   </trkpt>
   <trkpt lat="39.6916050" lon="-105.1659270">
    <ele>2005.1</ele>
    <time>2026-07-15T21:32:48Z</time>
   </trkpt>
   <trkpt lat="39.6916190" lon="-105.1659330">
    <ele>2005.2</ele>
    <time>2026-07-15T21:32:49Z</time>
   </trkpt>
   <trkpt lat="39.6916350" lon="-105.1659320">
    <ele>2005.3</ele>
    <time>2026-07-15T21:32:50Z</time>
   </trkpt>
   <trkpt lat="39.6916500" lon="-105.1659250">
    <ele>2005.4</ele>
    <time>2026-07-15T21:32:51Z</time>
   </trkpt>
   <trkpt lat="39.6916670" lon="-105.1659180">
    <ele>2005.5</ele>
    <time>2026-07-15T21:32:52Z</time>
   </trkpt>
   <trkpt lat="39.6916810" lon="-105.1659080">
    <ele>2005.6</ele>
    <time>2026-07-15T21:32:53Z</time>
   </trkpt>
   <trkpt lat="39.6916950" lon="-105.1658960">
    <ele>2005.7</ele>
    <time>2026-07-15T21:32:54Z</time>
   </trkpt>
   <trkpt lat="39.6917090" lon="-105.1658860">
    <ele>2005.8</ele>
    <time>2026-07-15T21:32:55Z</time>
   </trkpt>
   <trkpt lat="39.6917290" lon="-105.1658890">
    <ele>2005.9</ele>
    <time>2026-07-15T21:32:56Z</time>
   </trkpt>
   <trkpt lat="39.6917450" lon="-105.1658810">
    <ele>2006.0</ele>
    <time>2026-07-15T21:32:57Z</time>
   </trkpt>
   <trkpt lat="39.6917570" lon="-105.1658720">
    <ele>2006.1</ele>
    <time>2026-07-15T21:32:58Z</time>
   </trkpt>
   <trkpt lat="39.6917720" lon="-105.1658760">
    <ele>2006.2</ele>
    <time>2026-07-15T21:32:59Z</time>
   </trkpt>
   <trkpt lat="39.6917870" lon="-105.1658790">
    <ele>2006.3</ele>
    <time>2026-07-15T21:33:00Z</time>
   </trkpt>
   <trkpt lat="39.6918050" lon="-105.1658770">
    <ele>2006.4</ele>
    <time>2026-07-15T21:33:01Z</time>
   </trkpt>
   <trkpt lat="39.6918200" lon="-105.1658730">
    <ele>2006.5</ele>
    <time>2026-07-15T21:33:02Z</time>
   </trkpt>
   <trkpt lat="39.6918360" lon="-105.1658720">
    <ele>2006.6</ele>
    <time>2026-07-15T21:33:03Z</time>
   </trkpt>
   <trkpt lat="39.6918550" lon="-105.1658710">
    <ele>2006.8</ele>
    <time>2026-07-15T21:33:04Z</time>
   </trkpt>
   <trkpt lat="39.6918730" lon="-105.1658710">
    <ele>2006.9</ele>
    <time>2026-07-15T21:33:05Z</time>
   </trkpt>
   <trkpt lat="39.6918890" lon="-105.1658700">
    <ele>2007.0</ele>
    <time>2026-07-15T21:33:06Z</time>
   </trkpt>
   <trkpt lat="39.6919040" lon="-105.1658670">
    <ele>2007.1</ele>
    <time>2026-07-15T21:33:07Z</time>
   </trkpt>
   <trkpt lat="39.6919210" lon="-105.1658640">
    <ele>2007.2</ele>
    <time>2026-07-15T21:33:08Z</time>
   </trkpt>
   <trkpt lat="39.6919400" lon="-105.1658710">
    <ele>2007.4</ele>
    <time>2026-07-15T21:33:09Z</time>
   </trkpt>
   <trkpt lat="39.6919570" lon="-105.1658790">
    <ele>2007.5</ele>
    <time>2026-07-15T21:33:10Z</time>
   </trkpt>
   <trkpt lat="39.6919760" lon="-105.1658890">
    <ele>2007.7</ele>
    <time>2026-07-15T21:33:11Z</time>
   </trkpt>
   <trkpt lat="39.6919910" lon="-105.1658990">
    <ele>2007.8</ele>
    <time>2026-07-15T21:33:12Z</time>
   </trkpt>
   <trkpt lat="39.6920050" lon="-105.1659070">
    <ele>2007.9</ele>
    <time>2026-07-15T21:33:13Z</time>
   </trkpt>
   <trkpt lat="39.6920190" lon="-105.1659180">
    <ele>2008.0</ele>
    <time>2026-07-15T21:33:14Z</time>
   </trkpt>
   <trkpt lat="39.6920320" lon="-105.1659250">
    <ele>2008.1</ele>
    <time>2026-07-15T21:33:15Z</time>
   </trkpt>
   <trkpt lat="39.6920460" lon="-105.1659410">
    <ele>2008.3</ele>
    <time>2026-07-15T21:33:16Z</time>
   </trkpt>
   <trkpt lat="39.6920600" lon="-105.1659490">
    <ele>2008.4</ele>
    <time>2026-07-15T21:33:17Z</time>
   </trkpt>
   <trkpt lat="39.6920730" lon="-105.1659620">
    <ele>2008.5</ele>
    <time>2026-07-15T21:33:18Z</time>
   </trkpt>
   <trkpt lat="39.6920870" lon="-105.1659760">
    <ele>2008.7</ele>
    <time>2026-07-15T21:33:19Z</time>
   </trkpt>
   <trkpt lat="39.6920990" lon="-105.1659860">
    <ele>2008.8</ele>
    <time>2026-07-15T21:33:20Z</time>
   </trkpt>
   <trkpt lat="39.6921130" lon="-105.1660000">
    <ele>2008.9</ele>
    <time>2026-07-15T21:33:21Z</time>
   </trkpt>
   <trkpt lat="39.6921280" lon="-105.1660050">
    <ele>2009.1</ele>
    <time>2026-07-15T21:33:22Z</time>
   </trkpt>
   <trkpt lat="39.6921410" lon="-105.1660150">
    <ele>2009.2</ele>
    <time>2026-07-15T21:33:23Z</time>
   </trkpt>
   <trkpt lat="39.6921600" lon="-105.1660330">
    <ele>2009.4</ele>
    <time>2026-07-15T21:33:24Z</time>
   </trkpt>
   <trkpt lat="39.6921750" lon="-105.1660410">
    <ele>2009.6</ele>
    <time>2026-07-15T21:33:25Z</time>
   </trkpt>
   <trkpt lat="39.6921910" lon="-105.1660510">
    <ele>2009.7</ele>
    <time>2026-07-15T21:33:26Z</time>
   </trkpt>
   <trkpt lat="39.6922080" lon="-105.1660630">
    <ele>2009.9</ele>
    <time>2026-07-15T21:33:27Z</time>
   </trkpt>
   <trkpt lat="39.6922260" lon="-105.1660630">
    <ele>2010.0</ele>
    <time>2026-07-15T21:33:28Z</time>
   </trkpt>
   <trkpt lat="39.6922430" lon="-105.1660640">
    <ele>2010.2</ele>
    <time>2026-07-15T21:33:29Z</time>
   </trkpt>
   <trkpt lat="39.6922610" lon="-105.1660700">
    <ele>2010.4</ele>
    <time>2026-07-15T21:33:30Z</time>
   </trkpt>
   <trkpt lat="39.6922770" lon="-105.1660760">
    <ele>2010.5</ele>
    <time>2026-07-15T21:33:31Z</time>
   </trkpt>
   <trkpt lat="39.6922910" lon="-105.1660820">
    <ele>2010.7</ele>
    <time>2026-07-15T21:33:32Z</time>
   </trkpt>
   <trkpt lat="39.6923110" lon="-105.1660820">
    <ele>2010.8</ele>
    <time>2026-07-15T21:33:34Z</time>
   </trkpt>
   <trkpt lat="39.6923310" lon="-105.1660860">
    <ele>2011.0</ele>
    <time>2026-07-15T21:33:35Z</time>
   </trkpt>
   <trkpt lat="39.6923460" lon="-105.1660880">
    <ele>2011.2</ele>
    <time>2026-07-15T21:33:36Z</time>
   </trkpt>
   <trkpt lat="39.6923730" lon="-105.1660880">
    <ele>2011.4</ele>
    <time>2026-07-15T21:33:37Z</time>
   </trkpt>
   <trkpt lat="39.6923850" lon="-105.1660890">
    <ele>2011.5</ele>
    <time>2026-07-15T21:33:38Z</time>
   </trkpt>
   <trkpt lat="39.6924030" lon="-105.1660920">
    <ele>2011.7</ele>
    <time>2026-07-15T21:33:39Z</time>
   </trkpt>
   <trkpt lat="39.6924210" lon="-105.1660940">
    <ele>2011.9</ele>
    <time>2026-07-15T21:33:40Z</time>
   </trkpt>
   <trkpt lat="39.6924420" lon="-105.1661000">
    <ele>2012.1</ele>
    <time>2026-07-15T21:33:41Z</time>
   </trkpt>
   <trkpt lat="39.6924590" lon="-105.1660960">
    <ele>2012.2</ele>
    <time>2026-07-15T21:33:42Z</time>
   </trkpt>
   <trkpt lat="39.6924730" lon="-105.1660970">
    <ele>2012.4</ele>
    <time>2026-07-15T21:33:43Z</time>
   </trkpt>
   <trkpt lat="39.6924920" lon="-105.1660950">
    <ele>2012.6</ele>
    <time>2026-07-15T21:33:44Z</time>
   </trkpt>
   <trkpt lat="39.6925160" lon="-105.1660980">
    <ele>2012.8</ele>
    <time>2026-07-15T21:33:45Z</time>
   </trkpt>
   <trkpt lat="39.6925340" lon="-105.1660890">
    <ele>2013.0</ele>
    <time>2026-07-15T21:33:46Z</time>
   </trkpt>
   <trkpt lat="39.6925500" lon="-105.1660870">
    <ele>2013.2</ele>
    <time>2026-07-15T21:33:47Z</time>
   </trkpt>
   <trkpt lat="39.6925640" lon="-105.1660750">
    <ele>2013.3</ele>
    <time>2026-07-15T21:33:48Z</time>
   </trkpt>
   <trkpt lat="39.6925830" lon="-105.1660600">
    <ele>2013.5</ele>
    <time>2026-07-15T21:33:49Z</time>
   </trkpt>
   <trkpt lat="39.6926000" lon="-105.1660530">
    <ele>2013.7</ele>
    <time>2026-07-15T21:33:50Z</time>
   </trkpt>
   <trkpt lat="39.6926160" lon="-105.1660420">
    <ele>2013.9</ele>
    <time>2026-07-15T21:33:51Z</time>
   </trkpt>
   <trkpt lat="39.6926380" lon="-105.1660290">
    <ele>2014.1</ele>
    <time>2026-07-15T21:33:52Z</time>
   </trkpt>
   <trkpt lat="39.6926540" lon="-105.1660250">
    <ele>2014.3</ele>
    <time>2026-07-15T21:33:53Z</time>
   </trkpt>
   <trkpt lat="39.6926620" lon="-105.1660140">
    <ele>2014.4</ele>
    <time>2026-07-15T21:33:54Z</time>
   </trkpt>
   <trkpt lat="39.6926790" lon="-105.1660150">
    <ele>2014.6</ele>
    <time>2026-07-15T21:33:55Z</time>
   </trkpt>
   <trkpt lat="39.6926950" lon="-105.1660120">
    <ele>2014.7</ele>
    <time>2026-07-15T21:33:56Z</time>
   </trkpt>
   <trkpt lat="39.6927130" lon="-105.1660120">
    <ele>2014.9</ele>
    <time>2026-07-15T21:33:57Z</time>
   </trkpt>
   <trkpt lat="39.6927260" lon="-105.1660050">
    <ele>2015.0</ele>
    <time>2026-07-15T21:33:58Z</time>
   </trkpt>
   <trkpt lat="39.6927430" lon="-105.1660060">
    <ele>2015.2</ele>
    <time>2026-07-15T21:33:59Z</time>
   </trkpt>
   <trkpt lat="39.6927590" lon="-105.1660020">
    <ele>2015.3</ele>
    <time>2026-07-15T21:34:00Z</time>
   </trkpt>
   <trkpt lat="39.6927920" lon="-105.1659950">
    <ele>2015.7</ele>
    <time>2026-07-15T21:34:01Z</time>
   </trkpt>
   <trkpt lat="39.6928070" lon="-105.1659860">
    <ele>2015.8</ele>
    <time>2026-07-15T21:34:02Z</time>
   </trkpt>
   <trkpt lat="39.6928180" lon="-105.1659760">
    <ele>2015.9</ele>
    <time>2026-07-15T21:34:03Z</time>
   </trkpt>
   <trkpt lat="39.6928330" lon="-105.1659720">
    <ele>2016.1</ele>
    <time>2026-07-15T21:34:04Z</time>
   </trkpt>
   <trkpt lat="39.6928470" lon="-105.1659700">
    <ele>2016.2</ele>
    <time>2026-07-15T21:34:05Z</time>
   </trkpt>
   <trkpt lat="39.6928630" lon="-105.1659630">
    <ele>2016.4</ele>
    <time>2026-07-15T21:34:06Z</time>
   </trkpt>
   <trkpt lat="39.6928760" lon="-105.1659520">
    <ele>2016.5</ele>
    <time>2026-07-15T21:34:07Z</time>
   </trkpt>
   <trkpt lat="39.6928920" lon="-105.1659430">
    <ele>2016.7</ele>
    <time>2026-07-15T21:34:08Z</time>
   </trkpt>
   <trkpt lat="39.6929080" lon="-105.1659380">
    <ele>2016.9</ele>
    <time>2026-07-15T21:34:09Z</time>
   </trkpt>
   <trkpt lat="39.6929210" lon="-105.1659290">
    <ele>2017.0</ele>
    <time>2026-07-15T21:34:10Z</time>
   </trkpt>
   <trkpt lat="39.6929390" lon="-105.1659260">
    <ele>2017.2</ele>
    <time>2026-07-15T21:34:11Z</time>
   </trkpt>
   <trkpt lat="39.6929540" lon="-105.1659170">
    <ele>2017.3</ele>
    <time>2026-07-15T21:34:12Z</time>
   </trkpt>
   <trkpt lat="39.6929700" lon="-105.1659140">
    <ele>2017.5</ele>
    <time>2026-07-15T21:34:13Z</time>
   </trkpt>
   <trkpt lat="39.6929880" lon="-105.1659150">
    <ele>2017.7</ele>
    <time>2026-07-15T21:34:14Z</time>
   </trkpt>
   <trkpt lat="39.6930070" lon="-105.1659140">
    <ele>2017.9</ele>
    <time>2026-07-15T21:34:15Z</time>
   </trkpt>
   <trkpt lat="39.6930250" lon="-105.1659150">
    <ele>2018.0</ele>
    <time>2026-07-15T21:34:16Z</time>
   </trkpt>
   <trkpt lat="39.6930390" lon="-105.1659010">
    <ele>2018.2</ele>
    <time>2026-07-15T21:34:17Z</time>
   </trkpt>
   <trkpt lat="39.6930570" lon="-105.1658960">
    <ele>2018.4</ele>
    <time>2026-07-15T21:34:18Z</time>
   </trkpt>
   <trkpt lat="39.6930760" lon="-105.1658930">
    <ele>2018.6</ele>
    <time>2026-07-15T21:34:19Z</time>
   </trkpt>
   <trkpt lat="39.6930890" lon="-105.1658760">
    <ele>2018.8</ele>
    <time>2026-07-15T21:34:20Z</time>
   </trkpt>
   <trkpt lat="39.6931050" lon="-105.1658670">
    <ele>2019.0</ele>
    <time>2026-07-15T21:34:21Z</time>
   </trkpt>
   <trkpt lat="39.6931230" lon="-105.1658660">
    <ele>2019.2</ele>
    <time>2026-07-15T21:34:22Z</time>
   </trkpt>
   <trkpt lat="39.6931400" lon="-105.1658690">
    <ele>2019.3</ele>
    <time>2026-07-15T21:34:23Z</time>
   </trkpt>
   <trkpt lat="39.6931590" lon="-105.1658790">
    <ele>2019.6</ele>
    <time>2026-07-15T21:34:24Z</time>
   </trkpt>
   <trkpt lat="39.6931750" lon="-105.1658820">
    <ele>2019.8</ele>
    <time>2026-07-15T21:34:25Z</time>
   </trkpt>
   <trkpt lat="39.6931890" lon="-105.1658830">
    <ele>2019.9</ele>
    <time>2026-07-15T21:34:26Z</time>
   </trkpt>
   <trkpt lat="39.6932050" lon="-105.1658910">
    <ele>2020.1</ele>
    <time>2026-07-15T21:34:27Z</time>
   </trkpt>
   <trkpt lat="39.6932220" lon="-105.1658920">
    <ele>2020.3</ele>
    <time>2026-07-15T21:34:28Z</time>
   </trkpt>
   <trkpt lat="39.6932380" lon="-105.1658880">
    <ele>2020.5</ele>
    <time>2026-07-15T21:34:29Z</time>
   </trkpt>
   <trkpt lat="39.6932530" lon="-105.1658860">
    <ele>2020.7</ele>
    <time>2026-07-15T21:34:30Z</time>
   </trkpt>
   <trkpt lat="39.6932690" lon="-105.1658860">
    <ele>2020.9</ele>
    <time>2026-07-15T21:34:31Z</time>
   </trkpt>
   <trkpt lat="39.6932850" lon="-105.1658790">
    <ele>2021.1</ele>
    <time>2026-07-15T21:34:32Z</time>
   </trkpt>
   <trkpt lat="39.6933010" lon="-105.1658760">
    <ele>2021.3</ele>
    <time>2026-07-15T21:34:33Z</time>
   </trkpt>
   <trkpt lat="39.6933160" lon="-105.1658760">
    <ele>2021.5</ele>
    <time>2026-07-15T21:34:34Z</time>
   </trkpt>
   <trkpt lat="39.6933300" lon="-105.1658810">
    <ele>2021.6</ele>
    <time>2026-07-15T21:34:35Z</time>
   </trkpt>
   <trkpt lat="39.6933460" lon="-105.1658910">
    <ele>2021.8</ele>
    <time>2026-07-15T21:34:36Z</time>
   </trkpt>
   <trkpt lat="39.6933610" lon="-105.1658950">
    <ele>2022.0</ele>
    <time>2026-07-15T21:34:37Z</time>
   </trkpt>
   <trkpt lat="39.6933750" lon="-105.1659000">
    <ele>2022.1</ele>
    <time>2026-07-15T21:34:38Z</time>
   </trkpt>
   <trkpt lat="39.6933890" lon="-105.1659090">
    <ele>2022.3</ele>
    <time>2026-07-15T21:34:39Z</time>
   </trkpt>
   <trkpt lat="39.6933960" lon="-105.1659160">
    <ele>2022.4</ele>
    <time>2026-07-15T21:34:40Z</time>
   </trkpt>
   <trkpt lat="39.6934010" lon="-105.1659260">
    <ele>2022.5</ele>
    <time>2026-07-15T21:34:42Z</time>
   </trkpt>
   <trkpt lat="39.6934240" lon="-105.1659410">
    <ele>2022.8</ele>
    <time>2026-07-15T21:34:43Z</time>
   </trkpt>
   <trkpt lat="39.6934360" lon="-105.1659450">
    <ele>2022.9</ele>
    <time>2026-07-15T21:34:44Z</time>
   </trkpt>
   <trkpt lat="39.6934470" lon="-105.1659480">
    <ele>2023.0</ele>
    <time>2026-07-15T21:34:45Z</time>
   </trkpt>
   <trkpt lat="39.6934640" lon="-105.1659430">
    <ele>2023.2</ele>
    <time>2026-07-15T21:34:46Z</time>
   </trkpt>
   <trkpt lat="39.6934780" lon="-105.1659390">
    <ele>2023.3</ele>
    <time>2026-07-15T21:34:47Z</time>
   </trkpt>
   <trkpt lat="39.6934920" lon="-105.1659380">
    <ele>2023.5</ele>
    <time>2026-07-15T21:34:48Z</time>
   </trkpt>
   <trkpt lat="39.6935060" lon="-105.1659370">
    <ele>2023.6</ele>
    <time>2026-07-15T21:34:49Z</time>
   </trkpt>
   <trkpt lat="39.6935220" lon="-105.1659400">
    <ele>2023.7</ele>
    <time>2026-07-15T21:34:50Z</time>
   </trkpt>
   <trkpt lat="39.6935360" lon="-105.1659560">
    <ele>2023.9</ele>
    <time>2026-07-15T21:34:51Z</time>
   </trkpt>
   <trkpt lat="39.6935480" lon="-105.1659690">
    <ele>2024.1</ele>
    <time>2026-07-15T21:34:52Z</time>
   </trkpt>
   <trkpt lat="39.6935620" lon="-105.1659780">
    <ele>2024.2</ele>
    <time>2026-07-15T21:34:53Z</time>
   </trkpt>
   <trkpt lat="39.6935770" lon="-105.1659830">
    <ele>2024.4</ele>
    <time>2026-07-15T21:34:54Z</time>
   </trkpt>
   <trkpt lat="39.6935910" lon="-105.1659910">
    <ele>2024.5</ele>
    <time>2026-07-15T21:34:55Z</time>
   </trkpt>
   <trkpt lat="39.6936050" lon="-105.1659940">
    <ele>2024.6</ele>
    <time>2026-07-15T21:34:56Z</time>
   </trkpt>
   <trkpt lat="39.6936250" lon="-105.1659970">
    <ele>2024.8</ele>
    <time>2026-07-15T21:34:57Z</time>
   </trkpt>
   <trkpt lat="39.6936320" lon="-105.1660160">
    <ele>2025.0</ele>
    <time>2026-07-15T21:34:58Z</time>
   </trkpt>
   <trkpt lat="39.6936440" lon="-105.1660330">
    <ele>2025.1</ele>
    <time>2026-07-15T21:34:59Z</time>
   </trkpt>
   <trkpt lat="39.6936530" lon="-105.1660480">
    <ele>2025.3</ele>
    <time>2026-07-15T21:35:00Z</time>
   </trkpt>
   <trkpt lat="39.6936690" lon="-105.1660490">
    <ele>2025.4</ele>
    <time>2026-07-15T21:35:01Z</time>
   </trkpt>
   <trkpt lat="39.6936790" lon="-105.1660430">
    <ele>2025.6</ele>
    <time>2026-07-15T21:35:02Z</time>
   </trkpt>
   <trkpt lat="39.6936940" lon="-105.1660470">
    <ele>2025.7</ele>
    <time>2026-07-15T21:35:03Z</time>
   </trkpt>
   <trkpt lat="39.6937070" lon="-105.1660550">
    <ele>2025.8</ele>
    <time>2026-07-15T21:35:04Z</time>
   </trkpt>
   <trkpt lat="39.6937180" lon="-105.1660740">
    <ele>2026.0</ele>
    <time>2026-07-15T21:35:05Z</time>
   </trkpt>
   <trkpt lat="39.6937300" lon="-105.1660870">
    <ele>2026.2</ele>
    <time>2026-07-15T21:35:06Z</time>
   </trkpt>
   <trkpt lat="39.6937440" lon="-105.1660950">
    <ele>2026.3</ele>
    <time>2026-07-15T21:35:07Z</time>
   </trkpt>
   <trkpt lat="39.6937560" lon="-105.1661040">
    <ele>2026.5</ele>
    <time>2026-07-15T21:35:08Z</time>
   </trkpt>
   <trkpt lat="39.6937670" lon="-105.1661220">
    <ele>2026.6</ele>
    <time>2026-07-15T21:35:09Z</time>
   </trkpt>
   <trkpt lat="39.6937770" lon="-105.1661390">
    <ele>2026.8</ele>
    <time>2026-07-15T21:35:10Z</time>
   </trkpt>
   <trkpt lat="39.6937860" lon="-105.1661530">
    <ele>2026.9</ele>
    <time>2026-07-15T21:35:11Z</time>
   </trkpt>
   <trkpt lat="39.6937960" lon="-105.1661760">
    <ele>2027.1</ele>
    <time>2026-07-15T21:35:12Z</time>
   </trkpt>
   <trkpt lat="39.6938020" lon="-105.1661860">
    <ele>2027.2</ele>
    <time>2026-07-15T21:35:13Z</time>
   </trkpt>
   <trkpt lat="39.6938100" lon="-105.1662110">
    <ele>2027.3</ele>
    <time>2026-07-15T21:35:14Z</time>
   </trkpt>
   <trkpt lat="39.6938080" lon="-105.1662330">
    <ele>2027.5</ele>
    <time>2026-07-15T21:35:15Z</time>
   </trkpt>
   <trkpt lat="39.6938170" lon="-105.1662650">
    <ele>2027.7</ele>
    <time>2026-07-15T21:35:16Z</time>
   </trkpt>
   <trkpt lat="39.6938260" lon="-105.1662850">
    <ele>2027.8</ele>
    <time>2026-07-15T21:35:17Z</time>
   </trkpt>
   <trkpt lat="39.6938350" lon="-105.1662950">
    <ele>2027.9</ele>
    <time>2026-07-15T21:35:18Z</time>
   </trkpt>
   <trkpt lat="39.6938450" lon="-105.1663050">
    <ele>2028.0</ele>
    <time>2026-07-15T21:35:19Z</time>
   </trkpt>
   <trkpt lat="39.6938540" lon="-105.1663190">
    <ele>2028.2</ele>
    <time>2026-07-15T21:35:20Z</time>
   </trkpt>
   <trkpt lat="39.6938670" lon="-105.1663420">
    <ele>2028.4</ele>
    <time>2026-07-15T21:35:21Z</time>
   </trkpt>
   <trkpt lat="39.6938760" lon="-105.1663590">
    <ele>2028.5</ele>
    <time>2026-07-15T21:35:22Z</time>
   </trkpt>
   <trkpt lat="39.6938840" lon="-105.1663780">
    <ele>2028.6</ele>
    <time>2026-07-15T21:35:23Z</time>
   </trkpt>
   <trkpt lat="39.6938890" lon="-105.1664000">
    <ele>2028.8</ele>
    <time>2026-07-15T21:35:24Z</time>
   </trkpt>
   <trkpt lat="39.6938910" lon="-105.1664190">
    <ele>2028.9</ele>
    <time>2026-07-15T21:35:25Z</time>
   </trkpt>
   <trkpt lat="39.6938990" lon="-105.1664410">
    <ele>2029.1</ele>
    <time>2026-07-15T21:35:26Z</time>
   </trkpt>
   <trkpt lat="39.6938970" lon="-105.1664700">
    <ele>2029.2</ele>
    <time>2026-07-15T21:35:27Z</time>
   </trkpt>
   <trkpt lat="39.6938990" lon="-105.1664920">
    <ele>2029.4</ele>
    <time>2026-07-15T21:35:28Z</time>
   </trkpt>
   <trkpt lat="39.6939020" lon="-105.1665190">
    <ele>2029.6</ele>
    <time>2026-07-15T21:35:29Z</time>
   </trkpt>
   <trkpt lat="39.6939040" lon="-105.1665410">
    <ele>2029.7</ele>
    <time>2026-07-15T21:35:30Z</time>
   </trkpt>
   <trkpt lat="39.6939070" lon="-105.1665620">
    <ele>2029.9</ele>
    <time>2026-07-15T21:35:31Z</time>
   </trkpt>
   <trkpt lat="39.6939120" lon="-105.1665830">
    <ele>2030.0</ele>
    <time>2026-07-15T21:35:32Z</time>
   </trkpt>
   <trkpt lat="39.6939100" lon="-105.1666090">
    <ele>2030.2</ele>
    <time>2026-07-15T21:35:33Z</time>
   </trkpt>
   <trkpt lat="39.6939150" lon="-105.1666310">
    <ele>2030.4</ele>
    <time>2026-07-15T21:35:34Z</time>
   </trkpt>
   <trkpt lat="39.6939170" lon="-105.1666560">
    <ele>2030.6</ele>
    <time>2026-07-15T21:35:35Z</time>
   </trkpt>
   <trkpt lat="39.6939210" lon="-105.1666800">
    <ele>2030.8</ele>
    <time>2026-07-15T21:35:36Z</time>
   </trkpt>
   <trkpt lat="39.6939180" lon="-105.1667110">
    <ele>2031.0</ele>
    <time>2026-07-15T21:35:37Z</time>
   </trkpt>
   <trkpt lat="39.6939180" lon="-105.1667470">
    <ele>2031.3</ele>
    <time>2026-07-15T21:35:38Z</time>
   </trkpt>
   <trkpt lat="39.6939210" lon="-105.1667690">
    <ele>2031.5</ele>
    <time>2026-07-15T21:35:39Z</time>
   </trkpt>
   <trkpt lat="39.6939150" lon="-105.1667970">
    <ele>2031.7</ele>
    <time>2026-07-15T21:35:40Z</time>
   </trkpt>
   <trkpt lat="39.6939140" lon="-105.1668220">
    <ele>2031.9</ele>
    <time>2026-07-15T21:35:41Z</time>
   </trkpt>
   <trkpt lat="39.6939150" lon="-105.1668440">
    <ele>2032.1</ele>
    <time>2026-07-15T21:35:42Z</time>
   </trkpt>
   <trkpt lat="39.6939160" lon="-105.1668670">
    <ele>2032.3</ele>
    <time>2026-07-15T21:35:43Z</time>
   </trkpt>
   <trkpt lat="39.6939120" lon="-105.1668920">
    <ele>2032.5</ele>
    <time>2026-07-15T21:35:44Z</time>
   </trkpt>
   <trkpt lat="39.6939160" lon="-105.1669140">
    <ele>2032.7</ele>
    <time>2026-07-15T21:35:45Z</time>
   </trkpt>
   <trkpt lat="39.6939210" lon="-105.1669370">
    <ele>2032.9</ele>
    <time>2026-07-15T21:35:46Z</time>
   </trkpt>
   <trkpt lat="39.6939300" lon="-105.1669530">
    <ele>2033.0</ele>
    <time>2026-07-15T21:35:47Z</time>
   </trkpt>
   <trkpt lat="39.6939370" lon="-105.1669720">
    <ele>2033.2</ele>
    <time>2026-07-15T21:35:48Z</time>
   </trkpt>
   <trkpt lat="39.6939500" lon="-105.1669820">
    <ele>2033.3</ele>
    <time>2026-07-15T21:35:49Z</time>
   </trkpt>
   <trkpt lat="39.6939680" lon="-105.1669840">
    <ele>2033.5</ele>
    <time>2026-07-15T21:35:50Z</time>
   </trkpt>
   <trkpt lat="39.6939850" lon="-105.1669780">
    <ele>2033.6</ele>
    <time>2026-07-15T21:35:51Z</time>
   </trkpt>
   <trkpt lat="39.6940010" lon="-105.1669660">
    <ele>2033.7</ele>
    <time>2026-07-15T21:35:52Z</time>
   </trkpt>
   <trkpt lat="39.6940160" lon="-105.1669550">
    <ele>2033.8</ele>
    <time>2026-07-15T21:35:53Z</time>
   </trkpt>
   <trkpt lat="39.6940300" lon="-105.1669450">
    <ele>2033.9</ele>
    <time>2026-07-15T21:35:54Z</time>
   </trkpt>
   <trkpt lat="39.6940460" lon="-105.1669290">
    <ele>2034.0</ele>
    <time>2026-07-15T21:35:55Z</time>
   </trkpt>
   <trkpt lat="39.6940620" lon="-105.1669150">
    <ele>2034.1</ele>
    <time>2026-07-15T21:35:56Z</time>
   </trkpt>
   <trkpt lat="39.6940770" lon="-105.1669000">
    <ele>2034.2</ele>
    <time>2026-07-15T21:35:57Z</time>
   </trkpt>
   <trkpt lat="39.6940930" lon="-105.1668900">
    <ele>2034.2</ele>
    <time>2026-07-15T21:35:58Z</time>
   </trkpt>
   <trkpt lat="39.6941090" lon="-105.1668850">
    <ele>2034.2</ele>
    <time>2026-07-15T21:35:59Z</time>
   </trkpt>
   <trkpt lat="39.6941230" lon="-105.1668730">
    <ele>2034.3</ele>
    <time>2026-07-15T21:36:00Z</time>
   </trkpt>
   <trkpt lat="39.6941370" lon="-105.1668620">
    <ele>2034.3</ele>
    <time>2026-07-15T21:36:01Z</time>
   </trkpt>
   <trkpt lat="39.6941510" lon="-105.1668460">
    <ele>2034.3</ele>
    <time>2026-07-15T21:36:02Z</time>
   </trkpt>
   <trkpt lat="39.6941680" lon="-105.1668380">
    <ele>2034.3</ele>
    <time>2026-07-15T21:36:03Z</time>
   </trkpt>
   <trkpt lat="39.6941850" lon="-105.1668240">
    <ele>2034.3</ele>
    <time>2026-07-15T21:36:04Z</time>
   </trkpt>
   <trkpt lat="39.6942020" lon="-105.1668070">
    <ele>2034.3</ele>
    <time>2026-07-15T21:36:05Z</time>
   </trkpt>
   <trkpt lat="39.6942170" lon="-105.1667950">
    <ele>2034.3</ele>
    <time>2026-07-15T21:36:06Z</time>
   </trkpt>
   <trkpt lat="39.6942310" lon="-105.1667670">
    <ele>2034.3</ele>
    <time>2026-07-15T21:36:07Z</time>
   </trkpt>
   <trkpt lat="39.6942500" lon="-105.1667570">
    <ele>2034.3</ele>
    <time>2026-07-15T21:36:08Z</time>
   </trkpt>
   <trkpt lat="39.6942630" lon="-105.1667380">
    <ele>2034.3</ele>
    <time>2026-07-15T21:36:09Z</time>
   </trkpt>
   <trkpt lat="39.6942820" lon="-105.1667170">
    <ele>2034.3</ele>
    <time>2026-07-15T21:36:10Z</time>
   </trkpt>
   <trkpt lat="39.6943060" lon="-105.1666960">
    <ele>2034.3</ele>
    <time>2026-07-15T21:36:11Z</time>
   </trkpt>
   <trkpt lat="39.6943280" lon="-105.1666760">
    <ele>2034.4</ele>
    <time>2026-07-15T21:36:12Z</time>
   </trkpt>
   <trkpt lat="39.6943620" lon="-105.1666670">
    <ele>2034.4</ele>
    <time>2026-07-15T21:36:13Z</time>
   </trkpt>
   <trkpt lat="39.6943770" lon="-105.1666610">
    <ele>2034.4</ele>
    <time>2026-07-15T21:36:14Z</time>
   </trkpt>
   <trkpt lat="39.6943960" lon="-105.1666460">
    <ele>2034.4</ele>
    <time>2026-07-15T21:36:15Z</time>
   </trkpt>
   <trkpt lat="39.6944130" lon="-105.1666270">
    <ele>2034.4</ele>
    <time>2026-07-15T21:36:16Z</time>
   </trkpt>
   <trkpt lat="39.6944400" lon="-105.1666170">
    <ele>2034.5</ele>
    <time>2026-07-15T21:36:17Z</time>
   </trkpt>
   <trkpt lat="39.6944650" lon="-105.1666060">
    <ele>2034.5</ele>
    <time>2026-07-15T21:36:18Z</time>
   </trkpt>
   <trkpt lat="39.6944890" lon="-105.1665980">
    <ele>2034.5</ele>
    <time>2026-07-15T21:36:19Z</time>
   </trkpt>
   <trkpt lat="39.6945170" lon="-105.1665860">
    <ele>2034.6</ele>
    <time>2026-07-15T21:36:20Z</time>
   </trkpt>
   <trkpt lat="39.6945460" lon="-105.1665770">
    <ele>2034.6</ele>
    <time>2026-07-15T21:36:21Z</time>
   </trkpt>
   <trkpt lat="39.6945810" lon="-105.1665720">
    <ele>2034.6</ele>
    <time>2026-07-15T21:36:22Z</time>
   </trkpt>
   <trkpt lat="39.6946080" lon="-105.1665730">
    <ele>2034.7</ele>
    <time>2026-07-15T21:36:23Z</time>
   </trkpt>
   <trkpt lat="39.6946390" lon="-105.1665810">
    <ele>2034.7</ele>
    <time>2026-07-15T21:36:24Z</time>
   </trkpt>
   <trkpt lat="39.6946720" lon="-105.1665960">
    <ele>2034.8</ele>
    <time>2026-07-15T21:36:25Z</time>
   </trkpt>
   <trkpt lat="39.6947020" lon="-105.1666070">
    <ele>2034.8</ele>
    <time>2026-07-15T21:36:26Z</time>
   </trkpt>
   <trkpt lat="39.6947300" lon="-105.1666240">
    <ele>2034.8</ele>
    <time>2026-07-15T21:36:27Z</time>
   </trkpt>
   <trkpt lat="39.6947550" lon="-105.1666350">
    <ele>2034.9</ele>
    <time>2026-07-15T21:36:28Z</time>
   </trkpt>
   <trkpt lat="39.6947760" lon="-105.1666470">
    <ele>2034.9</ele>
    <time>2026-07-15T21:36:29Z</time>
   </trkpt>
   <trkpt lat="39.6947980" lon="-105.1666560">
    <ele>2035.0</ele>
    <time>2026-07-15T21:36:30Z</time>
   </trkpt>
   <trkpt lat="39.6948230" lon="-105.1666690">
    <ele>2035.0</ele>
    <time>2026-07-15T21:36:31Z</time>
   </trkpt>
   <trkpt lat="39.6948470" lon="-105.1666790">
    <ele>2035.0</ele>
    <time>2026-07-15T21:36:32Z</time>
   </trkpt>
   <trkpt lat="39.6948710" lon="-105.1666930">
    <ele>2035.1</ele>
    <time>2026-07-15T21:36:33Z</time>
   </trkpt>
   <trkpt lat="39.6948970" lon="-105.1667140">
    <ele>2035.1</ele>
    <time>2026-07-15T21:36:34Z</time>
   </trkpt>
   <trkpt lat="39.6949250" lon="-105.1667360">
    <ele>2035.2</ele>
    <time>2026-07-15T21:36:35Z</time>
   </trkpt>
   <trkpt lat="39.6949520" lon="-105.1667580">
    <ele>2035.3</ele>
    <time>2026-07-15T21:36:36Z</time>
   </trkpt>
   <trkpt lat="39.6949780" lon="-105.1667740">
    <ele>2035.4</ele>
    <time>2026-07-15T21:36:37Z</time>
   </trkpt>
   <trkpt lat="39.6950050" lon="-105.1667990">
    <ele>2035.5</ele>
    <time>2026-07-15T21:36:38Z</time>
   </trkpt>
   <trkpt lat="39.6950210" lon="-105.1668190">
    <ele>2035.5</ele>
    <time>2026-07-15T21:36:39Z</time>
   </trkpt>
   <trkpt lat="39.6950400" lon="-105.1668440">
    <ele>2035.6</ele>
    <time>2026-07-15T21:36:40Z</time>
   </trkpt>
   <trkpt lat="39.6950550" lon="-105.1668630">
    <ele>2035.7</ele>
    <time>2026-07-15T21:36:41Z</time>
   </trkpt>
   <trkpt lat="39.6950760" lon="-105.1668900">
    <ele>2035.8</ele>
    <time>2026-07-15T21:36:42Z</time>
   </trkpt>
   <trkpt lat="39.6950940" lon="-105.1669130">
    <ele>2035.9</ele>
    <time>2026-07-15T21:36:43Z</time>
   </trkpt>
   <trkpt lat="39.6951070" lon="-105.1669480">
    <ele>2036.0</ele>
    <time>2026-07-15T21:36:44Z</time>
   </trkpt>
   <trkpt lat="39.6951170" lon="-105.1669850">
    <ele>2036.1</ele>
    <time>2026-07-15T21:36:45Z</time>
   </trkpt>
   <trkpt lat="39.6951260" lon="-105.1670190">
    <ele>2036.3</ele>
    <time>2026-07-15T21:36:46Z</time>
   </trkpt>
   <trkpt lat="39.6951460" lon="-105.1670570">
    <ele>2036.4</ele>
    <time>2026-07-15T21:36:47Z</time>
   </trkpt>
   <trkpt lat="39.6951580" lon="-105.1670840">
    <ele>2036.5</ele>
    <time>2026-07-15T21:36:48Z</time>
   </trkpt>
   <trkpt lat="39.6951730" lon="-105.1671110">
    <ele>2036.6</ele>
    <time>2026-07-15T21:36:49Z</time>
   </trkpt>
   <trkpt lat="39.6951870" lon="-105.1671410">
    <ele>2036.7</ele>
    <time>2026-07-15T21:36:50Z</time>
   </trkpt>
   <trkpt lat="39.6952000" lon="-105.1671650">
    <ele>2036.8</ele>
    <time>2026-07-15T21:36:51Z</time>
   </trkpt>
   <trkpt lat="39.6952050" lon="-105.1671910">
    <ele>2036.9</ele>
    <time>2026-07-15T21:36:52Z</time>
   </trkpt>
   <trkpt lat="39.6952110" lon="-105.1672200">
    <ele>2037.0</ele>
    <time>2026-07-15T21:36:53Z</time>
   </trkpt>
   <trkpt lat="39.6952230" lon="-105.1672460">
    <ele>2037.1</ele>
    <time>2026-07-15T21:36:54Z</time>
   </trkpt>
   <trkpt lat="39.6952320" lon="-105.1672740">
    <ele>2037.2</ele>
    <time>2026-07-15T21:36:55Z</time>
   </trkpt>
   <trkpt lat="39.6952450" lon="-105.1672980">
    <ele>2037.3</ele>
    <time>2026-07-15T21:36:56Z</time>
   </trkpt>
   <trkpt lat="39.6952560" lon="-105.1673200">
    <ele>2037.3</ele>
    <time>2026-07-15T21:36:57Z</time>
   </trkpt>
   <trkpt lat="39.6952640" lon="-105.1673510">
    <ele>2037.4</ele>
    <time>2026-07-15T21:36:58Z</time>
   </trkpt>
   <trkpt lat="39.6952640" lon="-105.1673810">
    <ele>2037.5</ele>
    <time>2026-07-15T21:36:59Z</time>
   </trkpt>
   <trkpt lat="39.6952740" lon="-105.1674100">
    <ele>2037.6</ele>
    <time>2026-07-15T21:37:00Z</time>
   </trkpt>
   <trkpt lat="39.6952780" lon="-105.1674440">
    <ele>2037.8</ele>
    <time>2026-07-15T21:37:01Z</time>
   </trkpt>
   <trkpt lat="39.6952840" lon="-105.1674780">
    <ele>2037.9</ele>
    <time>2026-07-15T21:37:02Z</time>
   </trkpt>
   <trkpt lat="39.6952960" lon="-105.1675070">
    <ele>2038.0</ele>
    <time>2026-07-15T21:37:03Z</time>
   </trkpt>
   <trkpt lat="39.6953080" lon="-105.1675370">
    <ele>2038.1</ele>
    <time>2026-07-15T21:37:04Z</time>
   </trkpt>
   <trkpt lat="39.6953150" lon="-105.1675810">
    <ele>2038.3</ele>
    <time>2026-07-15T21:37:05Z</time>
   </trkpt>
   <trkpt lat="39.6953330" lon="-105.1676090">
    <ele>2038.4</ele>
    <time>2026-07-15T21:37:06Z</time>
   </trkpt>
   <trkpt lat="39.6953440" lon="-105.1676460">
    <ele>2038.6</ele>
    <time>2026-07-15T21:37:07Z</time>
   </trkpt>
   <trkpt lat="39.6953560" lon="-105.1676750">
    <ele>2038.7</ele>
    <time>2026-07-15T21:37:08Z</time>
   </trkpt>
   <trkpt lat="39.6953680" lon="-105.1677100">
    <ele>2038.8</ele>
    <time>2026-07-15T21:37:09Z</time>
   </trkpt>
   <trkpt lat="39.6953780" lon="-105.1677420">
    <ele>2039.0</ele>
    <time>2026-07-15T21:37:10Z</time>
   </trkpt>
   <trkpt lat="39.6953870" lon="-105.1677740">
    <ele>2039.1</ele>
    <time>2026-07-15T21:37:11Z</time>
   </trkpt>
   <trkpt lat="39.6954010" lon="-105.1677940">
    <ele>2039.2</ele>
    <time>2026-07-15T21:37:12Z</time>
   </trkpt>
   <trkpt lat="39.6954120" lon="-105.1678160">
    <ele>2039.2</ele>
    <time>2026-07-15T21:37:13Z</time>
   </trkpt>
   <trkpt lat="39.6954350" lon="-105.1678320">
    <ele>2039.4</ele>
    <time>2026-07-15T21:37:14Z</time>
   </trkpt>
   <trkpt lat="39.6954510" lon="-105.1678560">
    <ele>2039.5</ele>
    <time>2026-07-15T21:37:15Z</time>
   </trkpt>
   <trkpt lat="39.6954600" lon="-105.1678850">
    <ele>2039.6</ele>
    <time>2026-07-15T21:37:16Z</time>
   </trkpt>
   <trkpt lat="39.6954760" lon="-105.1679020">
    <ele>2039.6</ele>
    <time>2026-07-15T21:37:17Z</time>
   </trkpt>
   <trkpt lat="39.6954890" lon="-105.1679240">
    <ele>2039.7</ele>
    <time>2026-07-15T21:37:18Z</time>
   </trkpt>
   <trkpt lat="39.6955060" lon="-105.1679370">
    <ele>2039.8</ele>
    <time>2026-07-15T21:37:19Z</time>
   </trkpt>
   <trkpt lat="39.6955250" lon="-105.1679470">
    <ele>2039.9</ele>
    <time>2026-07-15T21:37:20Z</time>
   </trkpt>
   <trkpt lat="39.6955410" lon="-105.1679590">
    <ele>2040.0</ele>
    <time>2026-07-15T21:37:21Z</time>
   </trkpt>
   <trkpt lat="39.6955480" lon="-105.1679740">
    <ele>2040.0</ele>
    <time>2026-07-15T21:37:22Z</time>
   </trkpt>
   <trkpt lat="39.6955490" lon="-105.1679810">
    <ele>2040.1</ele>
    <time>2026-07-15T21:37:23Z</time>
   </trkpt>
   <trkpt lat="39.6955410" lon="-105.1679760">
    <ele>2040.1</ele>
    <time>2026-07-15T21:37:24Z</time>
   </trkpt>
   <trkpt lat="39.6955450" lon="-105.1679780">
    <ele>2040.1</ele>
    <time>2026-07-15T21:37:25Z</time>
   </trkpt>
   <trkpt lat="39.6955470" lon="-105.1679720">
    <ele>2040.1</ele>
    <time>2026-07-15T21:37:26Z</time>
   </trkpt>
   <trkpt lat="39.6955510" lon="-105.1679740">
    <ele>2040.2</ele>
    <time>2026-07-15T21:37:27Z</time>
   </trkpt>
   <trkpt lat="39.6955520" lon="-105.1679790">
    <ele>2040.2</ele>
    <time>2026-07-15T21:37:28Z</time>
   </trkpt>
   <trkpt lat="39.6955580" lon="-105.1679830">
    <ele>2040.2</ele>
    <time>2026-07-15T21:37:29Z</time>
   </trkpt>
   <trkpt lat="39.6955570" lon="-105.1679850">
    <ele>2040.2</ele>
    <time>2026-07-15T21:37:30Z</time>
   </trkpt>
   <trkpt lat="39.6955560" lon="-105.1679840">
    <ele>2040.2</ele>
    <time>2026-07-15T21:37:31Z</time>
   </trkpt>
   <trkpt lat="39.6955540" lon="-105.1679850">
    <ele>2040.2</ele>
    <time>2026-07-15T21:37:32Z</time>
   </trkpt>
   <trkpt lat="39.6956150" lon="-105.1680000">
    <ele>2040.5</ele>
    <time>2026-07-15T21:38:53Z</time>
   </trkpt>
   <trkpt lat="39.6956330" lon="-105.1679950">
    <ele>2040.6</ele>
    <time>2026-07-15T21:38:54Z</time>
   </trkpt>
   <trkpt lat="39.6956510" lon="-105.1679990">
    <ele>2040.6</ele>
    <time>2026-07-15T21:38:55Z</time>
   </trkpt>
   <trkpt lat="39.6956990" lon="-105.1679860">
    <ele>2040.8</ele>
    <time>2026-07-15T21:38:56Z</time>
   </trkpt>
   <trkpt lat="39.6957110" lon="-105.1679680">
    <ele>2040.9</ele>
    <time>2026-07-15T21:38:57Z</time>
   </trkpt>
   <trkpt lat="39.6957320" lon="-105.1679670">
    <ele>2040.9</ele>
    <time>2026-07-15T21:38:58Z</time>
   </trkpt>
   <trkpt lat="39.6957680" lon="-105.1679610">
    <ele>2041.0</ele>
    <time>2026-07-15T21:38:59Z</time>
   </trkpt>
   <trkpt lat="39.6957780" lon="-105.1679710">
    <ele>2041.0</ele>
    <time>2026-07-15T21:39:00Z</time>
   </trkpt>
   <trkpt lat="39.6957950" lon="-105.1679640">
    <ele>2041.0</ele>
    <time>2026-07-15T21:39:01Z</time>
   </trkpt>
   <trkpt lat="39.6958250" lon="-105.1679580">
    <ele>2041.1</ele>
    <time>2026-07-15T21:39:02Z</time>
   </trkpt>
   <trkpt lat="39.6958540" lon="-105.1679530">
    <ele>2041.1</ele>
    <time>2026-07-15T21:39:03Z</time>
   </trkpt>
   <trkpt lat="39.6958770" lon="-105.1679370">
    <ele>2041.2</ele>
    <time>2026-07-15T21:39:04Z</time>
   </trkpt>
   <trkpt lat="39.6959050" lon="-105.1679220">
    <ele>2041.2</ele>
    <time>2026-07-15T21:39:05Z</time>
   </trkpt>
   <trkpt lat="39.6959300" lon="-105.1679090">
    <ele>2041.3</ele>
    <time>2026-07-15T21:39:06Z</time>
   </trkpt>
   <trkpt lat="39.6959620" lon="-105.1678910">
    <ele>2041.3</ele>
    <time>2026-07-15T21:39:07Z</time>
   </trkpt>
   <trkpt lat="39.6959890" lon="-105.1678820">
    <ele>2041.4</ele>
    <time>2026-07-15T21:39:08Z</time>
   </trkpt>
   <trkpt lat="39.6960190" lon="-105.1678730">
    <ele>2041.4</ele>
    <time>2026-07-15T21:39:09Z</time>
   </trkpt>
   <trkpt lat="39.6960460" lon="-105.1678680">
    <ele>2041.5</ele>
    <time>2026-07-15T21:39:10Z</time>
   </trkpt>
   <trkpt lat="39.6960790" lon="-105.1678680">
    <ele>2041.5</ele>
    <time>2026-07-15T21:39:11Z</time>
   </trkpt>
   <trkpt lat="39.6961010" lon="-105.1678650">
    <ele>2041.6</ele>
    <time>2026-07-15T21:39:12Z</time>
   </trkpt>
   <trkpt lat="39.6961080" lon="-105.1678560">
    <ele>2041.6</ele>
    <time>2026-07-15T21:39:13Z</time>
   </trkpt>
   <trkpt lat="39.6961390" lon="-105.1678580">
    <ele>2041.7</ele>
    <time>2026-07-15T21:39:14Z</time>
   </trkpt>
   <trkpt lat="39.6961600" lon="-105.1678560">
    <ele>2041.7</ele>
    <time>2026-07-15T21:39:15Z</time>
   </trkpt>
   <trkpt lat="39.6961890" lon="-105.1678560">
    <ele>2041.7</ele>
    <time>2026-07-15T21:39:16Z</time>
   </trkpt>
   <trkpt lat="39.6962110" lon="-105.1678520">
    <ele>2041.8</ele>
    <time>2026-07-15T21:39:17Z</time>
   </trkpt>
   <trkpt lat="39.6962300" lon="-105.1678460">
    <ele>2041.8</ele>
    <time>2026-07-15T21:39:18Z</time>
   </trkpt>
   <trkpt lat="39.6962610" lon="-105.1678390">
    <ele>2041.9</ele>
    <time>2026-07-15T21:39:19Z</time>
   </trkpt>
   <trkpt lat="39.6962820" lon="-105.1678330">
    <ele>2041.9</ele>
    <time>2026-07-15T21:39:20Z</time>
   </trkpt>
   <trkpt lat="39.6962980" lon="-105.1678150">
    <ele>2041.9</ele>
    <time>2026-07-15T21:39:21Z</time>
   </trkpt>
   <trkpt lat="39.6963290" lon="-105.1678140">
    <ele>2042.0</ele>
    <time>2026-07-15T21:39:22Z</time>
   </trkpt>
   <trkpt lat="39.6963720" lon="-105.1678140">
    <ele>2042.1</ele>
    <time>2026-07-15T21:39:23Z</time>
   </trkpt>
   <trkpt lat="39.6963870" lon="-105.1678190">
    <ele>2042.1</ele>
    <time>2026-07-15T21:39:24Z</time>
   </trkpt>
   <trkpt lat="39.6964160" lon="-105.1678250">
    <ele>2042.2</ele>
    <time>2026-07-15T21:39:25Z</time>
   </trkpt>
   <trkpt lat="39.6964400" lon="-105.1678380">
    <ele>2042.2</ele>
    <time>2026-07-15T21:39:26Z</time>
   </trkpt>
   <trkpt lat="39.6964580" lon="-105.1678500">
    <ele>2042.2</ele>
    <time>2026-07-15T21:39:27Z</time>
   </trkpt>
   <trkpt lat="39.6964980" lon="-105.1678670">
    <ele>2042.3</ele>
    <time>2026-07-15T21:39:28Z</time>
   </trkpt>
   <trkpt lat="39.6965200" lon="-105.1679040">
    <ele>2042.3</ele>
    <time>2026-07-15T21:39:29Z</time>
   </trkpt>
   <trkpt lat="39.6965420" lon="-105.1679170">
    <ele>2042.3</ele>
    <time>2026-07-15T21:39:30Z</time>
   </trkpt>
   <trkpt lat="39.6965650" lon="-105.1679350">
    <ele>2042.3</ele>
    <time>2026-07-15T21:39:31Z</time>
   </trkpt>
   <trkpt lat="39.6966000" lon="-105.1679370">
    <ele>2042.3</ele>
    <time>2026-07-15T21:39:32Z</time>
   </trkpt>
   <trkpt lat="39.6966250" lon="-105.1679540">
    <ele>2042.3</ele>
    <time>2026-07-15T21:39:33Z</time>
   </trkpt>
   <trkpt lat="39.6966560" lon="-105.1679860">
    <ele>2042.3</ele>
    <time>2026-07-15T21:39:34Z</time>
   </trkpt>
   <trkpt lat="39.6966760" lon="-105.1680000">
    <ele>2042.3</ele>
    <time>2026-07-15T21:39:35Z</time>
   </trkpt>
   <trkpt lat="39.6967000" lon="-105.1680130">
    <ele>2042.4</ele>
    <time>2026-07-15T21:39:36Z</time>
   </trkpt>
   <trkpt lat="39.6967270" lon="-105.1680350">
    <ele>2042.4</ele>
    <time>2026-07-15T21:39:37Z</time>
   </trkpt>
   <trkpt lat="39.6967610" lon="-105.1680640">
    <ele>2042.4</ele>
    <time>2026-07-15T21:39:38Z</time>
   </trkpt>
   <trkpt lat="39.6967940" lon="-105.1680910">
    <ele>2042.5</ele>
    <time>2026-07-15T21:39:39Z</time>
   </trkpt>
   <trkpt lat="39.6968100" lon="-105.1681040">
    <ele>2042.5</ele>
    <time>2026-07-15T21:39:40Z</time>
   </trkpt>
   <trkpt lat="39.6968280" lon="-105.1681140">
    <ele>2042.6</ele>
    <time>2026-07-15T21:39:41Z</time>
   </trkpt>
   <trkpt lat="39.6968490" lon="-105.1681270">
    <ele>2042.6</ele>
    <time>2026-07-15T21:39:42Z</time>
   </trkpt>
   <trkpt lat="39.6968710" lon="-105.1681450">
    <ele>2042.6</ele>
    <time>2026-07-15T21:39:43Z</time>
   </trkpt>
   <trkpt lat="39.6968900" lon="-105.1681630">
    <ele>2042.7</ele>
    <time>2026-07-15T21:39:44Z</time>
   </trkpt>
   <trkpt lat="39.6969120" lon="-105.1681770">
    <ele>2042.8</ele>
    <time>2026-07-15T21:39:45Z</time>
   </trkpt>
   <trkpt lat="39.6969380" lon="-105.1682020">
    <ele>2042.8</ele>
    <time>2026-07-15T21:39:46Z</time>
   </trkpt>
   <trkpt lat="39.6969620" lon="-105.1682220">
    <ele>2042.9</ele>
    <time>2026-07-15T21:39:47Z</time>
   </trkpt>
   <trkpt lat="39.6969860" lon="-105.1682350">
    <ele>2043.0</ele>
    <time>2026-07-15T21:39:48Z</time>
   </trkpt>
   <trkpt lat="39.6970130" lon="-105.1682660">
    <ele>2043.1</ele>
    <time>2026-07-15T21:39:49Z</time>
   </trkpt>
   <trkpt lat="39.6970360" lon="-105.1682910">
    <ele>2043.2</ele>
    <time>2026-07-15T21:39:50Z</time>
   </trkpt>
   <trkpt lat="39.6970600" lon="-105.1683100">
    <ele>2043.3</ele>
    <time>2026-07-15T21:39:51Z</time>
   </trkpt>
   <trkpt lat="39.6970960" lon="-105.1683280">
    <ele>2043.4</ele>
    <time>2026-07-15T21:39:52Z</time>
   </trkpt>
   <trkpt lat="39.6971140" lon="-105.1683410">
    <ele>2043.5</ele>
    <time>2026-07-15T21:39:53Z</time>
   </trkpt>
   <trkpt lat="39.6971370" lon="-105.1683560">
    <ele>2043.6</ele>
    <time>2026-07-15T21:39:54Z</time>
   </trkpt>
   <trkpt lat="39.6971510" lon="-105.1683760">
    <ele>2043.7</ele>
    <time>2026-07-15T21:39:55Z</time>
   </trkpt>
   <trkpt lat="39.6971700" lon="-105.1683840">
    <ele>2043.7</ele>
    <time>2026-07-15T21:39:56Z</time>
   </trkpt>
   <trkpt lat="39.6971910" lon="-105.1683940">
    <ele>2043.8</ele>
    <time>2026-07-15T21:39:57Z</time>
   </trkpt>
   <trkpt lat="39.6972150" lon="-105.1684330">
    <ele>2044.0</ele>
    <time>2026-07-15T21:39:58Z</time>
   </trkpt>
   <trkpt lat="39.6972450" lon="-105.1684510">
    <ele>2044.1</ele>
    <time>2026-07-15T21:39:59Z</time>
   </trkpt>
   <trkpt lat="39.6972780" lon="-105.1684850">
    <ele>2044.3</ele>
    <time>2026-07-15T21:40:00Z</time>
   </trkpt>
   <trkpt lat="39.6972950" lon="-105.1685080">
    <ele>2044.5</ele>
    <time>2026-07-15T21:40:01Z</time>
   </trkpt>
   <trkpt lat="39.6973270" lon="-105.1685230">
    <ele>2044.6</ele>
    <time>2026-07-15T21:40:02Z</time>
   </trkpt>
   <trkpt lat="39.6973490" lon="-105.1685480">
    <ele>2044.8</ele>
    <time>2026-07-15T21:40:03Z</time>
   </trkpt>
   <trkpt lat="39.6973720" lon="-105.1685690">
    <ele>2044.9</ele>
    <time>2026-07-15T21:40:04Z</time>
   </trkpt>
   <trkpt lat="39.6974030" lon="-105.1685910">
    <ele>2045.1</ele>
    <time>2026-07-15T21:40:05Z</time>
   </trkpt>
   <trkpt lat="39.6974190" lon="-105.1686100">
    <ele>2045.3</ele>
    <time>2026-07-15T21:40:06Z</time>
   </trkpt>
   <trkpt lat="39.6974430" lon="-105.1686260">
    <ele>2045.5</ele>
    <time>2026-07-15T21:40:07Z</time>
   </trkpt>
   <trkpt lat="39.6974700" lon="-105.1686570">
    <ele>2045.7</ele>
    <time>2026-07-15T21:40:08Z</time>
   </trkpt>
   <trkpt lat="39.6974830" lon="-105.1686690">
    <ele>2045.8</ele>
    <time>2026-07-15T21:40:09Z</time>
   </trkpt>
   <trkpt lat="39.6975230" lon="-105.1687010">
    <ele>2046.1</ele>
    <time>2026-07-15T21:40:10Z</time>
   </trkpt>
   <trkpt lat="39.6975260" lon="-105.1687000">
    <ele>2046.2</ele>
    <time>2026-07-15T21:40:11Z</time>
   </trkpt>
   <trkpt lat="39.6975400" lon="-105.1687260">
    <ele>2046.3</ele>
    <time>2026-07-15T21:40:12Z</time>
   </trkpt>
   <trkpt lat="39.6975540" lon="-105.1687450">
    <ele>2046.5</ele>
    <time>2026-07-15T21:40:13Z</time>
   </trkpt>
   <trkpt lat="39.6975860" lon="-105.1687710">
    <ele>2046.7</ele>
    <time>2026-07-15T21:40:14Z</time>
   </trkpt>
   <trkpt lat="39.6975990" lon="-105.1687710">
    <ele>2046.8</ele>
    <time>2026-07-15T21:40:15Z</time>
   </trkpt>
   <trkpt lat="39.6976220" lon="-105.1687840">
    <ele>2047.0</ele>
    <time>2026-07-15T21:40:16Z</time>
   </trkpt>
   <trkpt lat="39.6976430" lon="-105.1687730">
    <ele>2047.2</ele>
    <time>2026-07-15T21:40:17Z</time>
   </trkpt>
   <trkpt lat="39.6976630" lon="-105.1687820">
    <ele>2047.3</ele>
    <time>2026-07-15T21:40:18Z</time>
   </trkpt>
   <trkpt lat="39.6976830" lon="-105.1687800">
    <ele>2047.5</ele>
    <time>2026-07-15T21:40:19Z</time>
   </trkpt>
   <trkpt lat="39.6976980" lon="-105.1687760">
    <ele>2047.6</ele>
    <time>2026-07-15T21:40:20Z</time>
   </trkpt>
   <trkpt lat="39.6977110" lon="-105.1687680">
    <ele>2047.7</ele>
    <time>2026-07-15T21:40:21Z</time>
   </trkpt>
   <trkpt lat="39.6977230" lon="-105.1687680">
    <ele>2047.8</ele>
    <time>2026-07-15T21:40:22Z</time>
   </trkpt>
   <trkpt lat="39.6977330" lon="-105.1687740">
    <ele>2047.8</ele>
    <time>2026-07-15T21:40:23Z</time>
   </trkpt>
   <trkpt lat="39.6977390" lon="-105.1687860">
    <ele>2047.9</ele>
    <time>2026-07-15T21:40:24Z</time>
   </trkpt>
   <trkpt lat="39.6977460" lon="-105.1688030">
    <ele>2047.9</ele>
    <time>2026-07-15T21:40:25Z</time>
   </trkpt>
   <trkpt lat="39.6977550" lon="-105.1688220">
    <ele>2048.0</ele>
    <time>2026-07-15T21:40:26Z</time>
   </trkpt>
   <trkpt lat="39.6977620" lon="-105.1688420">
    <ele>2048.1</ele>
    <time>2026-07-15T21:40:27Z</time>
   </trkpt>
   <trkpt lat="39.6977700" lon="-105.1688600">
    <ele>2048.1</ele>
    <time>2026-07-15T21:40:28Z</time>
   </trkpt>
   <trkpt lat="39.6977800" lon="-105.1688580">
    <ele>2048.1</ele>
    <time>2026-07-15T21:40:29Z</time>
   </trkpt>
   <trkpt lat="39.6977910" lon="-105.1688560">
    <ele>2048.2</ele>
    <time>2026-07-15T21:40:30Z</time>
   </trkpt>
   <trkpt lat="39.6978030" lon="-105.1688650">
    <ele>2048.2</ele>
    <time>2026-07-15T21:40:31Z</time>
   </trkpt>
   <trkpt lat="39.6978030" lon="-105.1688700">
    <ele>2048.3</ele>
    <time>2026-07-15T21:40:32Z</time>
   </trkpt>
   <trkpt lat="39.6977960" lon="-105.1688680">
    <ele>2048.3</ele>
    <time>2026-07-15T21:40:33Z</time>
   </trkpt>
   <trkpt lat="39.6977990" lon="-105.1688670">
    <ele>2048.3</ele>
    <time>2026-07-15T21:40:34Z</time>
   </trkpt>
   <trkpt lat="39.6978030" lon="-105.1688700">
    <ele>2048.3</ele>
    <time>2026-07-15T21:40:35Z</time>
   </trkpt>
   <trkpt lat="39.6978060" lon="-105.1688710">
    <ele>2048.3</ele>
    <time>2026-07-15T21:40:36Z</time>
   </trkpt>
   <trkpt lat="39.6978090" lon="-105.1688680">
    <ele>2048.3</ele>
    <time>2026-07-15T21:40:37Z</time>
   </trkpt>
   <trkpt lat="39.6978140" lon="-105.1688710">
    <ele>2048.3</ele>
    <time>2026-07-15T21:40:38Z</time>
   </trkpt>
   <trkpt lat="39.6978130" lon="-105.1688690">
    <ele>2048.4</ele>
    <time>2026-07-15T21:40:39Z</time>
   </trkpt>
   <trkpt lat="39.6978120" lon="-105.1688680">
    <ele>2048.4</ele>
    <time>2026-07-15T21:40:40Z</time>
   </trkpt>
   <trkpt lat="39.6978340" lon="-105.1688560">
    <ele>2048.4</ele>
    <time>2026-07-15T21:40:59Z</time>
   </trkpt>
   <trkpt lat="39.6978350" lon="-105.1688400">
    <ele>2048.5</ele>
    <time>2026-07-15T21:41:00Z</time>
   </trkpt>
   <trkpt lat="39.6978240" lon="-105.1688580">
    <ele>2048.5</ele>
    <time>2026-07-15T21:41:01Z</time>
   </trkpt>
   <trkpt lat="39.6978200" lon="-105.1688550">
    <ele>2048.6</ele>
    <time>2026-07-15T21:41:02Z</time>
   </trkpt>
   <trkpt lat="39.6978210" lon="-105.1688650">
    <ele>2048.6</ele>
    <time>2026-07-15T21:41:03Z</time>
   </trkpt>
   <trkpt lat="39.6977790" lon="-105.1688520">
    <ele>2048.7</ele>
    <time>2026-07-15T21:41:04Z</time>
   </trkpt>
   <trkpt lat="39.6977990" lon="-105.1688570">
    <ele>2048.8</ele>
    <time>2026-07-15T21:41:05Z</time>
   </trkpt>
   <trkpt lat="39.6978020" lon="-105.1688600">
    <ele>2048.8</ele>
    <time>2026-07-15T21:41:06Z</time>
   </trkpt>
   <trkpt lat="39.6978170" lon="-105.1688560">
    <ele>2048.9</ele>
    <time>2026-07-15T21:41:07Z</time>
   </trkpt>
   <trkpt lat="39.6978130" lon="-105.1688670">
    <ele>2048.9</ele>
    <time>2026-07-15T21:41:08Z</time>
   </trkpt>
   <trkpt lat="39.6978160" lon="-105.1688620">
    <ele>2048.9</ele>
    <time>2026-07-15T21:41:09Z</time>
   </trkpt>
   <trkpt lat="39.6978140" lon="-105.1688770">
    <ele>2049.0</ele>
    <time>2026-07-15T21:41:10Z</time>
   </trkpt>
   <trkpt lat="39.6978140" lon="-105.1688760">
    <ele>2049.0</ele>
    <time>2026-07-15T21:41:11Z</time>
   </trkpt>
   <trkpt lat="39.6978140" lon="-105.1688780">
    <ele>2049.0</ele>
    <time>2026-07-15T21:41:12Z</time>
   </trkpt>
   <trkpt lat="39.6978130" lon="-105.1688770">
    <ele>2049.0</ele>
    <time>2026-07-15T21:41:13Z</time>
   </trkpt>
   <trkpt lat="39.6978130" lon="-105.1688750">
    <ele>2049.0</ele>
    <time>2026-07-15T21:41:14Z</time>
   </trkpt>
   <trkpt lat="39.6978060" lon="-105.1688920">
    <ele>2049.1</ele>
    <time>2026-07-15T21:41:26Z</time>
   </trkpt>
   <trkpt lat="39.6978150" lon="-105.1688810">
    <ele>2049.1</ele>
    <time>2026-07-15T21:41:27Z</time>
   </trkpt>
   <trkpt lat="39.6978130" lon="-105.1688790">
    <ele>2049.1</ele>
    <time>2026-07-15T21:41:28Z</time>
   </trkpt>
   <trkpt lat="39.6978120" lon="-105.1688830">
    <ele>2049.1</ele>
    <time>2026-07-15T21:41:29Z</time>
   </trkpt>
   <trkpt lat="39.6978140" lon="-105.1688820">
    <ele>2049.1</ele>
    <time>2026-07-15T21:41:30Z</time>
   </trkpt>
   <trkpt lat="39.6978330" lon="-105.1689110">
    <ele>2049.3</ele>
    <time>2026-07-15T21:41:31Z</time>
   </trkpt>
   <trkpt lat="39.6978360" lon="-105.1689090">
    <ele>2049.3</ele>
    <time>2026-07-15T21:41:32Z</time>
   </trkpt>
   <trkpt lat="39.6978390" lon="-105.1689060">
    <ele>2049.3</ele>
    <time>2026-07-15T21:41:33Z</time>
   </trkpt>
   <trkpt lat="39.6978420" lon="-105.1689040">
    <ele>2049.3</ele>
    <time>2026-07-15T21:41:34Z</time>
   </trkpt>
   <trkpt lat="39.6978450" lon="-105.1689020">
    <ele>2049.3</ele>
    <time>2026-07-15T21:41:35Z</time>
   </trkpt>
   <trkpt lat="39.6978480" lon="-105.1689000">
    <ele>2049.3</ele>
    <time>2026-07-15T21:41:36Z</time>
   </trkpt>
   <trkpt lat="39.6978500" lon="-105.1688970">
    <ele>2049.3</ele>
    <time>2026-07-15T21:41:37Z</time>
   </trkpt>
   <trkpt lat="39.6978530" lon="-105.1688950">
    <ele>2049.4</ele>
    <time>2026-07-15T21:41:38Z</time>
   </trkpt>
   <trkpt lat="39.6978560" lon="-105.1688930">
    <ele>2049.4</ele>
    <time>2026-07-15T21:41:39Z</time>
   </trkpt>
   <trkpt lat="39.6978590" lon="-105.1688900">
    <ele>2049.4</ele>
    <time>2026-07-15T21:41:40Z</time>
   </trkpt>
   <trkpt lat="39.6978620" lon="-105.1688880">
    <ele>2049.4</ele>
    <time>2026-07-15T21:41:41Z</time>
   </trkpt>
   <trkpt lat="39.6978250" lon="-105.1688790">
    <ele>2049.6</ele>
    <time>2026-07-15T21:41:42Z</time>
   </trkpt>
   <trkpt lat="39.6978190" lon="-105.1688770">
    <ele>2049.6</ele>
    <time>2026-07-15T21:41:43Z</time>
   </trkpt>
   <trkpt lat="39.6978170" lon="-105.1688750">
    <ele>2049.6</ele>
    <time>2026-07-15T21:41:44Z</time>
   </trkpt>
   <trkpt lat="39.6978130" lon="-105.1688690">
    <ele>2049.6</ele>
    <time>2026-07-15T21:41:45Z</time>
   </trkpt>
   <trkpt lat="39.6978080" lon="-105.1688670">
    <ele>2049.7</ele>
    <time>2026-07-15T21:41:46Z</time>
   </trkpt>
   <trkpt lat="39.6978070" lon="-105.1688680">
    <ele>2049.7</ele>
    <time>2026-07-15T21:41:47Z</time>
   </trkpt>
   <trkpt lat="39.6978070" lon="-105.1688690">
    <ele>2049.7</ele>
    <time>2026-07-15T21:41:48Z</time>
   </trkpt>
   <trkpt lat="39.6978080" lon="-105.1688710">
    <ele>2049.7</ele>
    <time>2026-07-15T21:41:49Z</time>
   </trkpt>
   <trkpt lat="39.6978110" lon="-105.1688720">
    <ele>2049.7</ele>
    <time>2026-07-15T21:41:50Z</time>
   </trkpt>
   <trkpt lat="39.6978080" lon="-105.1689080">
    <ele>2049.8</ele>
    <time>2026-07-15T21:41:54Z</time>
   </trkpt>
   <trkpt lat="39.6978110" lon="-105.1688950">
    <ele>2049.9</ele>
    <time>2026-07-15T21:41:55Z</time>
   </trkpt>
   <trkpt lat="39.6978020" lon="-105.1688890">
    <ele>2050.0</ele>
    <time>2026-07-15T21:41:56Z</time>
   </trkpt>
   <trkpt lat="39.6978060" lon="-105.1688880">
    <ele>2050.0</ele>
    <time>2026-07-15T21:41:57Z</time>
   </trkpt>
   <trkpt lat="39.6978130" lon="-105.1688820">
    <ele>2050.0</ele>
    <time>2026-07-15T21:41:58Z</time>
   </trkpt>
   <trkpt lat="39.6978140" lon="-105.1688890">
    <ele>2050.0</ele>
    <time>2026-07-15T21:41:59Z</time>
   </trkpt>
   <trkpt lat="39.6978080" lon="-105.1689330">
    <ele>2050.2</ele>
    <time>2026-07-15T21:42:00Z</time>
   </trkpt>
   <trkpt lat="39.6978270" lon="-105.1689370">
    <ele>2050.3</ele>
    <time>2026-07-15T21:42:01Z</time>
   </trkpt>
   <trkpt lat="39.6978410" lon="-105.1689630">
    <ele>2050.5</ele>
    <time>2026-07-15T21:42:02Z</time>
   </trkpt>
   <trkpt lat="39.6978580" lon="-105.1689810">
    <ele>2050.6</ele>
    <time>2026-07-15T21:42:03Z</time>
   </trkpt>
   <trkpt lat="39.6978720" lon="-105.1690070">
    <ele>2050.7</ele>
    <time>2026-07-15T21:42:04Z</time>
   </trkpt>
   <trkpt lat="39.6978930" lon="-105.1690210">
    <ele>2050.9</ele>
    <time>2026-07-15T21:42:05Z</time>
   </trkpt>
   <trkpt lat="39.6979080" lon="-105.1690330">
    <ele>2051.0</ele>
    <time>2026-07-15T21:42:06Z</time>
   </trkpt>
   <trkpt lat="39.6979190" lon="-105.1690590">
    <ele>2051.1</ele>
    <time>2026-07-15T21:42:07Z</time>
   </trkpt>
   <trkpt lat="39.6979330" lon="-105.1690850">
    <ele>2051.2</ele>
    <time>2026-07-15T21:42:08Z</time>
   </trkpt>
   <trkpt lat="39.6979510" lon="-105.1691000">
    <ele>2051.4</ele>
    <time>2026-07-15T21:42:09Z</time>
   </trkpt>
   <trkpt lat="39.6979660" lon="-105.1691260">
    <ele>2051.5</ele>
    <time>2026-07-15T21:42:10Z</time>
   </trkpt>
   <trkpt lat="39.6979780" lon="-105.1691470">
    <ele>2051.6</ele>
    <time>2026-07-15T21:42:11Z</time>
   </trkpt>
   <trkpt lat="39.6979960" lon="-105.1691590">
    <ele>2051.7</ele>
    <time>2026-07-15T21:42:12Z</time>
   </trkpt>
   <trkpt lat="39.6980080" lon="-105.1691840">
    <ele>2051.8</ele>
    <time>2026-07-15T21:42:13Z</time>
   </trkpt>
   <trkpt lat="39.6980200" lon="-105.1692070">
    <ele>2051.9</ele>
    <time>2026-07-15T21:42:14Z</time>
   </trkpt>
   <trkpt lat="39.6980390" lon="-105.1692290">
    <ele>2052.1</ele>
    <time>2026-07-15T21:42:15Z</time>
   </trkpt>
   <trkpt lat="39.6980450" lon="-105.1692420">
    <ele>2052.1</ele>
    <time>2026-07-15T21:42:16Z</time>
   </trkpt>
   <trkpt lat="39.6980560" lon="-105.1692610">
    <ele>2052.2</ele>
    <time>2026-07-15T21:42:17Z</time>
   </trkpt>
   <trkpt lat="39.6980660" lon="-105.1692830">
    <ele>2052.3</ele>
    <time>2026-07-15T21:42:18Z</time>
   </trkpt>
   <trkpt lat="39.6980750" lon="-105.1693090">
    <ele>2052.5</ele>
    <time>2026-07-15T21:42:19Z</time>
   </trkpt>
   <trkpt lat="39.6980840" lon="-105.1693350">
    <ele>2052.6</ele>
    <time>2026-07-15T21:42:20Z</time>
   </trkpt>
   <trkpt lat="39.6980980" lon="-105.1693560">
    <ele>2052.7</ele>
    <time>2026-07-15T21:42:21Z</time>
   </trkpt>
   <trkpt lat="39.6981120" lon="-105.1693750">
    <ele>2052.8</ele>
    <time>2026-07-15T21:42:22Z</time>
   </trkpt>
   <trkpt lat="39.6981270" lon="-105.1693930">
    <ele>2052.9</ele>
    <time>2026-07-15T21:42:23Z</time>
   </trkpt>
   <trkpt lat="39.6981450" lon="-105.1694150">
    <ele>2053.0</ele>
    <time>2026-07-15T21:42:24Z</time>
   </trkpt>
   <trkpt lat="39.6981640" lon="-105.1694370">
    <ele>2053.1</ele>
    <time>2026-07-15T21:42:25Z</time>
   </trkpt>
   <trkpt lat="39.6981800" lon="-105.1694580">
    <ele>2053.2</ele>
    <time>2026-07-15T21:42:26Z</time>
   </trkpt>
   <trkpt lat="39.6981950" lon="-105.1694770">
    <ele>2053.3</ele>
    <time>2026-07-15T21:42:27Z</time>
   </trkpt>
   <trkpt lat="39.6982130" lon="-105.1694940">
    <ele>2053.4</ele>
    <time>2026-07-15T21:42:28Z</time>
   </trkpt>
   <trkpt lat="39.6982330" lon="-105.1695150">
    <ele>2053.5</ele>
    <time>2026-07-15T21:42:29Z</time>
   </trkpt>
   <trkpt lat="39.6982470" lon="-105.1695390">
    <ele>2053.6</ele>
    <time>2026-07-15T21:42:30Z</time>
   </trkpt>
   <trkpt lat="39.6982590" lon="-105.1695580">
    <ele>2053.7</ele>
    <time>2026-07-15T21:42:31Z</time>
   </trkpt>
   <trkpt lat="39.6982780" lon="-105.1695710">
    <ele>2053.7</ele>
    <time>2026-07-15T21:42:32Z</time>
   </trkpt>
   <trkpt lat="39.6983010" lon="-105.1695960">
    <ele>2053.9</ele>
    <time>2026-07-15T21:42:33Z</time>
   </trkpt>
   <trkpt lat="39.6983200" lon="-105.1696070">
    <ele>2053.9</ele>
    <time>2026-07-15T21:42:34Z</time>
   </trkpt>
   <trkpt lat="39.6983380" lon="-105.1696270">
    <ele>2054.0</ele>
    <time>2026-07-15T21:42:35Z</time>
   </trkpt>
   <trkpt lat="39.6983520" lon="-105.1696580">
    <ele>2054.2</ele>
    <time>2026-07-15T21:42:36Z</time>
   </trkpt>
   <trkpt lat="39.6983660" lon="-105.1696720">
    <ele>2054.2</ele>
    <time>2026-07-15T21:42:37Z</time>
   </trkpt>
   <trkpt lat="39.6983870" lon="-105.1696890">
    <ele>2054.3</ele>
    <time>2026-07-15T21:42:38Z</time>
   </trkpt>
   <trkpt lat="39.6984070" lon="-105.1697140">
    <ele>2054.4</ele>
    <time>2026-07-15T21:42:39Z</time>
   </trkpt>
   <trkpt lat="39.6984240" lon="-105.1697280">
    <ele>2054.5</ele>
    <time>2026-07-15T21:42:40Z</time>
   </trkpt>
   <trkpt lat="39.6984260" lon="-105.1697590">
    <ele>2054.6</ele>
    <time>2026-07-15T21:42:41Z</time>
   </trkpt>
   <trkpt lat="39.6984440" lon="-105.1697690">
    <ele>2054.6</ele>
    <time>2026-07-15T21:42:42Z</time>
   </trkpt>
   <trkpt lat="39.6984540" lon="-105.1697880">
    <ele>2054.7</ele>
    <time>2026-07-15T21:42:43Z</time>
   </trkpt>
   <trkpt lat="39.6984710" lon="-105.1698050">
    <ele>2054.8</ele>
    <time>2026-07-15T21:42:44Z</time>
   </trkpt>
   <trkpt lat="39.6984870" lon="-105.1698210">
    <ele>2054.8</ele>
    <time>2026-07-15T21:42:45Z</time>
   </trkpt>
   <trkpt lat="39.6985020" lon="-105.1698380">
    <ele>2054.9</ele>
    <time>2026-07-15T21:42:46Z</time>
   </trkpt>
   <trkpt lat="39.6985170" lon="-105.1698580">
    <ele>2055.0</ele>
    <time>2026-07-15T21:42:47Z</time>
   </trkpt>
   <trkpt lat="39.6985340" lon="-105.1698770">
    <ele>2055.0</ele>
    <time>2026-07-15T21:42:48Z</time>
   </trkpt>
   <trkpt lat="39.6985460" lon="-105.1699010">
    <ele>2055.1</ele>
    <time>2026-07-15T21:42:49Z</time>
   </trkpt>
   <trkpt lat="39.6985580" lon="-105.1699240">
    <ele>2055.2</ele>
    <time>2026-07-15T21:42:50Z</time>
   </trkpt>
   <trkpt lat="39.6985720" lon="-105.1699420">
    <ele>2055.2</ele>
    <time>2026-07-15T21:42:51Z</time>
   </trkpt>
   <trkpt lat="39.6985910" lon="-105.1699680">
    <ele>2055.3</ele>
    <time>2026-07-15T21:42:52Z</time>
   </trkpt>
   <trkpt lat="39.6986110" lon="-105.1699960">
    <ele>2055.4</ele>
    <time>2026-07-15T21:42:53Z</time>
   </trkpt>
   <trkpt lat="39.6986240" lon="-105.1700170">
    <ele>2055.5</ele>
    <time>2026-07-15T21:42:54Z</time>
   </trkpt>
   <trkpt lat="39.6986380" lon="-105.1700350">
    <ele>2055.6</ele>
    <time>2026-07-15T21:42:55Z</time>
   </trkpt>
   <trkpt lat="39.6986510" lon="-105.1700430">
    <ele>2055.6</ele>
    <time>2026-07-15T21:42:56Z</time>
   </trkpt>
   <trkpt lat="39.6986760" lon="-105.1700450">
    <ele>2055.7</ele>
    <time>2026-07-15T21:42:57Z</time>
   </trkpt>
   <trkpt lat="39.6986880" lon="-105.1700820">
    <ele>2055.8</ele>
    <time>2026-07-15T21:42:58Z</time>
   </trkpt>
   <trkpt lat="39.6987040" lon="-105.1701160">
    <ele>2055.9</ele>
    <time>2026-07-15T21:42:59Z</time>
   </trkpt>
   <trkpt lat="39.6987230" lon="-105.1701450">
    <ele>2056.0</ele>
    <time>2026-07-15T21:43:00Z</time>
   </trkpt>
   <trkpt lat="39.6987400" lon="-105.1701620">
    <ele>2056.1</ele>
    <time>2026-07-15T21:43:01Z</time>
   </trkpt>
   <trkpt lat="39.6987580" lon="-105.1701860">
    <ele>2056.2</ele>
    <time>2026-07-15T21:43:02Z</time>
   </trkpt>
   <trkpt lat="39.6987730" lon="-105.1702090">
    <ele>2056.2</ele>
    <time>2026-07-15T21:43:03Z</time>
   </trkpt>
   <trkpt lat="39.6987860" lon="-105.1702310">
    <ele>2056.3</ele>
    <time>2026-07-15T21:43:04Z</time>
   </trkpt>
   <trkpt lat="39.6988020" lon="-105.1702550">
    <ele>2056.4</ele>
    <time>2026-07-15T21:43:05Z</time>
   </trkpt>
   <trkpt lat="39.6988210" lon="-105.1702700">
    <ele>2056.5</ele>
    <time>2026-07-15T21:43:06Z</time>
   </trkpt>
   <trkpt lat="39.6988330" lon="-105.1702930">
    <ele>2056.6</ele>
    <time>2026-07-15T21:43:07Z</time>
   </trkpt>
   <trkpt lat="39.6988420" lon="-105.1703190">
    <ele>2056.6</ele>
    <time>2026-07-15T21:43:08Z</time>
   </trkpt>
   <trkpt lat="39.6988580" lon="-105.1703390">
    <ele>2056.7</ele>
    <time>2026-07-15T21:43:09Z</time>
   </trkpt>
   <trkpt lat="39.6988770" lon="-105.1703560">
    <ele>2056.8</ele>
    <time>2026-07-15T21:43:10Z</time>
   </trkpt>
   <trkpt lat="39.6988910" lon="-105.1703790">
    <ele>2056.9</ele>
    <time>2026-07-15T21:43:11Z</time>
   </trkpt>
   <trkpt lat="39.6988980" lon="-105.1704090">
    <ele>2057.0</ele>
    <time>2026-07-15T21:43:12Z</time>
   </trkpt>
   <trkpt lat="39.6989140" lon="-105.1704270">
    <ele>2057.0</ele>
    <time>2026-07-15T21:43:13Z</time>
   </trkpt>
   <trkpt lat="39.6989340" lon="-105.1704520">
    <ele>2057.1</ele>
    <time>2026-07-15T21:43:14Z</time>
   </trkpt>
   <trkpt lat="39.6989420" lon="-105.1704660">
    <ele>2057.2</ele>
    <time>2026-07-15T21:43:15Z</time>
   </trkpt>
   <trkpt lat="39.6989550" lon="-105.1704970">
    <ele>2057.3</ele>
    <time>2026-07-15T21:43:16Z</time>
   </trkpt>
   <trkpt lat="39.6989730" lon="-105.1705170">
    <ele>2057.4</ele>
    <time>2026-07-15T21:43:17Z</time>
   </trkpt>
   <trkpt lat="39.6989870" lon="-105.1705410">
    <ele>2057.5</ele>
    <time>2026-07-15T21:43:18Z</time>
   </trkpt>
   <trkpt lat="39.6989980" lon="-105.1705580">
    <ele>2057.5</ele>
    <time>2026-07-15T21:43:19Z</time>
   </trkpt>
   <trkpt lat="39.6990150" lon="-105.1705760">
    <ele>2057.6</ele>
    <time>2026-07-15T21:43:20Z</time>
   </trkpt>
   <trkpt lat="39.6990320" lon="-105.1706030">
    <ele>2057.7</ele>
    <time>2026-07-15T21:43:21Z</time>
   </trkpt>
   <trkpt lat="39.6990560" lon="-105.1706300">
    <ele>2057.8</ele>
    <time>2026-07-15T21:43:22Z</time>
   </trkpt>
   <trkpt lat="39.6990640" lon="-105.1706500">
    <ele>2057.9</ele>
    <time>2026-07-15T21:43:23Z</time>
   </trkpt>
   <trkpt lat="39.6990760" lon="-105.1706740">
    <ele>2058.0</ele>
    <time>2026-07-15T21:43:24Z</time>
   </trkpt>
   <trkpt lat="39.6990760" lon="-105.1707020">
    <ele>2058.1</ele>
    <time>2026-07-15T21:43:25Z</time>
   </trkpt>
   <trkpt lat="39.6990980" lon="-105.1707160">
    <ele>2058.2</ele>
    <time>2026-07-15T21:43:26Z</time>
   </trkpt>
   <trkpt lat="39.6991150" lon="-105.1707450">
    <ele>2058.4</ele>
    <time>2026-07-15T21:43:27Z</time>
   </trkpt>
   <trkpt lat="39.6991250" lon="-105.1707580">
    <ele>2058.4</ele>
    <time>2026-07-15T21:43:28Z</time>
   </trkpt>
   <trkpt lat="39.6991340" lon="-105.1707760">
    <ele>2058.5</ele>
    <time>2026-07-15T21:43:29Z</time>
   </trkpt>
   <trkpt lat="39.6991490" lon="-105.1707900">
    <ele>2058.6</ele>
    <time>2026-07-15T21:43:30Z</time>
   </trkpt>
   <trkpt lat="39.6991650" lon="-105.1708050">
    <ele>2058.7</ele>
    <time>2026-07-15T21:43:31Z</time>
   </trkpt>
   <trkpt lat="39.6991780" lon="-105.1708270">
    <ele>2058.8</ele>
    <time>2026-07-15T21:43:32Z</time>
   </trkpt>
   <trkpt lat="39.6991890" lon="-105.1708510">
    <ele>2059.0</ele>
    <time>2026-07-15T21:43:33Z</time>
   </trkpt>
   <trkpt lat="39.6992050" lon="-105.1708730">
    <ele>2059.1</ele>
    <time>2026-07-15T21:43:34Z</time>
   </trkpt>
   <trkpt lat="39.6992190" lon="-105.1708930">
    <ele>2059.2</ele>
    <time>2026-07-15T21:43:35Z</time>
   </trkpt>
   <trkpt lat="39.6992360" lon="-105.1709080">
    <ele>2059.3</ele>
    <time>2026-07-15T21:43:36Z</time>
   </trkpt>
   <trkpt lat="39.6992480" lon="-105.1709340">
    <ele>2059.4</ele>
    <time>2026-07-15T21:43:37Z</time>
   </trkpt>
   <trkpt lat="39.6992600" lon="-105.1709580">
    <ele>2059.5</ele>
    <time>2026-07-15T21:43:38Z</time>
   </trkpt>
   <trkpt lat="39.6992760" lon="-105.1709740">
    <ele>2059.6</ele>
    <time>2026-07-15T21:43:39Z</time>
   </trkpt>
   <trkpt lat="39.6992910" lon="-105.1709930">
    <ele>2059.8</ele>
    <time>2026-07-15T21:43:40Z</time>
   </trkpt>
   <trkpt lat="39.6993050" lon="-105.1710150">
    <ele>2059.9</ele>
    <time>2026-07-15T21:43:41Z</time>
   </trkpt>
   <trkpt lat="39.6993160" lon="-105.1710340">
    <ele>2059.9</ele>
    <time>2026-07-15T21:43:42Z</time>
   </trkpt>
   <trkpt lat="39.6993230" lon="-105.1710550">
    <ele>2060.0</ele>
    <time>2026-07-15T21:43:43Z</time>
   </trkpt>
   <trkpt lat="39.6993440" lon="-105.1710720">
    <ele>2060.1</ele>
    <time>2026-07-15T21:43:44Z</time>
   </trkpt>
   <trkpt lat="39.6993600" lon="-105.1711070">
    <ele>2060.3</ele>
    <time>2026-07-15T21:43:45Z</time>
   </trkpt>
   <trkpt lat="39.6993730" lon="-105.1711310">
    <ele>2060.4</ele>
    <time>2026-07-15T21:43:46Z</time>
   </trkpt>
   <trkpt lat="39.6993890" lon="-105.1711530">
    <ele>2060.4</ele>
    <time>2026-07-15T21:43:47Z</time>
   </trkpt>
   <trkpt lat="39.6994060" lon="-105.1711780">
    <ele>2060.5</ele>
    <time>2026-07-15T21:43:48Z</time>
   </trkpt>
   <trkpt lat="39.6994200" lon="-105.1712000">
    <ele>2060.6</ele>
    <time>2026-07-15T21:43:49Z</time>
   </trkpt>
   <trkpt lat="39.6994300" lon="-105.1712270">
    <ele>2060.7</ele>
    <time>2026-07-15T21:43:50Z</time>
   </trkpt>
   <trkpt lat="39.6994460" lon="-105.1712420">
    <ele>2060.7</ele>
    <time>2026-07-15T21:43:51Z</time>
   </trkpt>
   <trkpt lat="39.6994610" lon="-105.1712630">
    <ele>2060.8</ele>
    <time>2026-07-15T21:43:52Z</time>
   </trkpt>
   <trkpt lat="39.6994730" lon="-105.1712870">
    <ele>2060.8</ele>
    <time>2026-07-15T21:43:53Z</time>
   </trkpt>
   <trkpt lat="39.6994850" lon="-105.1713130">
    <ele>2060.9</ele>
    <time>2026-07-15T21:43:54Z</time>
   </trkpt>
   <trkpt lat="39.6995000" lon="-105.1713320">
    <ele>2060.9</ele>
    <time>2026-07-15T21:43:55Z</time>
   </trkpt>
   <trkpt lat="39.6995190" lon="-105.1713540">
    <ele>2060.9</ele>
    <time>2026-07-15T21:43:56Z</time>
   </trkpt>
   <trkpt lat="39.6995340" lon="-105.1713750">
    <ele>2061.0</ele>
    <time>2026-07-15T21:43:57Z</time>
   </trkpt>
   <trkpt lat="39.6995510" lon="-105.1713910">
    <ele>2061.0</ele>
    <time>2026-07-15T21:43:58Z</time>
   </trkpt>
   <trkpt lat="39.6995630" lon="-105.1714250">
    <ele>2061.0</ele>
    <time>2026-07-15T21:43:59Z</time>
   </trkpt>
   <trkpt lat="39.6995750" lon="-105.1714520">
    <ele>2061.0</ele>
    <time>2026-07-15T21:44:00Z</time>
   </trkpt>
   <trkpt lat="39.6995850" lon="-105.1714800">
    <ele>2061.0</ele>
    <time>2026-07-15T21:44:01Z</time>
   </trkpt>
   <trkpt lat="39.6996030" lon="-105.1715030">
    <ele>2061.0</ele>
    <time>2026-07-15T21:44:02Z</time>
   </trkpt>
   <trkpt lat="39.6996180" lon="-105.1715370">
    <ele>2061.0</ele>
    <time>2026-07-15T21:44:03Z</time>
   </trkpt>
   <trkpt lat="39.6996240" lon="-105.1715700">
    <ele>2061.0</ele>
    <time>2026-07-15T21:44:04Z</time>
   </trkpt>
   <trkpt lat="39.6996430" lon="-105.1716010">
    <ele>2061.0</ele>
    <time>2026-07-15T21:44:05Z</time>
   </trkpt>
   <trkpt lat="39.6996580" lon="-105.1716410">
    <ele>2060.9</ele>
    <time>2026-07-15T21:44:06Z</time>
   </trkpt>
   <trkpt lat="39.6996750" lon="-105.1716710">
    <ele>2060.9</ele>
    <time>2026-07-15T21:44:07Z</time>
   </trkpt>
   <trkpt lat="39.6996950" lon="-105.1717050">
    <ele>2060.8</ele>
    <time>2026-07-15T21:44:08Z</time>
   </trkpt>
   <trkpt lat="39.6997180" lon="-105.1717370">
    <ele>2060.7</ele>
    <time>2026-07-15T21:44:09Z</time>
   </trkpt>
   <trkpt lat="39.6997430" lon="-105.1717700">
    <ele>2060.5</ele>
    <time>2026-07-15T21:44:10Z</time>
   </trkpt>
   <trkpt lat="39.6997620" lon="-105.1718150">
    <ele>2060.4</ele>
    <time>2026-07-15T21:44:11Z</time>
   </trkpt>
   <trkpt lat="39.6997770" lon="-105.1718560">
    <ele>2060.2</ele>
    <time>2026-07-15T21:44:12Z</time>
   </trkpt>
   <trkpt lat="39.6997950" lon="-105.1719010">
    <ele>2060.0</ele>
    <time>2026-07-15T21:44:13Z</time>
   </trkpt>
   <trkpt lat="39.6998210" lon="-105.1719420">
    <ele>2059.7</ele>
    <time>2026-07-15T21:44:14Z</time>
   </trkpt>
   <trkpt lat="39.6998390" lon="-105.1720110">
    <ele>2059.3</ele>
    <time>2026-07-15T21:44:15Z</time>
   </trkpt>
   <trkpt lat="39.6998600" lon="-105.1720690">
    <ele>2059.0</ele>
    <time>2026-07-15T21:44:16Z</time>
   </trkpt>
   <trkpt lat="39.6998810" lon="-105.1721250">
    <ele>2058.5</ele>
    <time>2026-07-15T21:44:17Z</time>
   </trkpt>
   <trkpt lat="39.6999260" lon="-105.1721720">
    <ele>2058.0</ele>
    <time>2026-07-15T21:44:18Z</time>
   </trkpt>
   <trkpt lat="39.6999730" lon="-105.1722040">
    <ele>2057.5</ele>
    <time>2026-07-15T21:44:19Z</time>
   </trkpt>
   <trkpt lat="39.7000100" lon="-105.1722660">
    <ele>2057.0</ele>
    <time>2026-07-15T21:44:20Z</time>
   </trkpt>
   <trkpt lat="39.7000350" lon="-105.1723390">
    <ele>2056.4</ele>
    <time>2026-07-15T21:44:21Z</time>
   </trkpt>
   <trkpt lat="39.7000590" lon="-105.1724140">
    <ele>2055.9</ele>
    <time>2026-07-15T21:44:22Z</time>
   </trkpt>
   <trkpt lat="39.7000820" lon="-105.1724880">
    <ele>2055.4</ele>
    <time>2026-07-15T21:44:23Z</time>
   </trkpt>
   <trkpt lat="39.7001270" lon="-105.1725540">
    <ele>2054.9</ele>
    <time>2026-07-15T21:44:24Z</time>
   </trkpt>
   <trkpt lat="39.7001710" lon="-105.1726250">
    <ele>2054.4</ele>
    <time>2026-07-15T21:44:25Z</time>
   </trkpt>
   <trkpt lat="39.7002210" lon="-105.1726900">
    <ele>2054.0</ele>
    <time>2026-07-15T21:44:26Z</time>
   </trkpt>
   <trkpt lat="39.7002660" lon="-105.1727580">
    <ele>2053.6</ele>
    <time>2026-07-15T21:44:27Z</time>
   </trkpt>
   <trkpt lat="39.7003040" lon="-105.1728460">
    <ele>2053.3</ele>
    <time>2026-07-15T21:44:28Z</time>
   </trkpt>
   <trkpt lat="39.7003390" lon="-105.1729090">
    <ele>2053.1</ele>
    <time>2026-07-15T21:44:29Z</time>
   </trkpt>
   <trkpt lat="39.7003960" lon="-105.1729680">
    <ele>2052.9</ele>
    <time>2026-07-15T21:44:30Z</time>
   </trkpt>
   <trkpt lat="39.7004180" lon="-105.1730470">
    <ele>2052.8</ele>
    <time>2026-07-15T21:44:31Z</time>
   </trkpt>
   <trkpt lat="39.7004600" lon="-105.1731090">
    <ele>2052.7</ele>
    <time>2026-07-15T21:44:32Z</time>
   </trkpt>
   <trkpt lat="39.7004780" lon="-105.1731820">
    <ele>2052.6</ele>
    <time>2026-07-15T21:44:33Z</time>
   </trkpt>
   <trkpt lat="39.7004910" lon="-105.1732440">
    <ele>2052.7</ele>
    <time>2026-07-15T21:44:34Z</time>
   </trkpt>
   <trkpt lat="39.7005270" lon="-105.1733030">
    <ele>2052.7</ele>
    <time>2026-07-15T21:44:35Z</time>
   </trkpt>
   <trkpt lat="39.7005520" lon="-105.1733520">
    <ele>2052.8</ele>
    <time>2026-07-15T21:44:36Z</time>
   </trkpt>
   <trkpt lat="39.7005800" lon="-105.1734180">
    <ele>2052.9</ele>
    <time>2026-07-15T21:44:37Z</time>
   </trkpt>
   <trkpt lat="39.7005780" lon="-105.1734630">
    <ele>2053.0</ele>
    <time>2026-07-15T21:44:38Z</time>
   </trkpt>
   <trkpt lat="39.7006040" lon="-105.1734980">
    <ele>2053.0</ele>
    <time>2026-07-15T21:44:39Z</time>
   </trkpt>
   <trkpt lat="39.7006160" lon="-105.1735610">
    <ele>2053.2</ele>
    <time>2026-07-15T21:44:40Z</time>
   </trkpt>
   <trkpt lat="39.7006130" lon="-105.1736170">
    <ele>2053.3</ele>
    <time>2026-07-15T21:44:41Z</time>
   </trkpt>
   <trkpt lat="39.7006230" lon="-105.1736660">
    <ele>2053.4</ele>
    <time>2026-07-15T21:44:42Z</time>
   </trkpt>
   <trkpt lat="39.7006380" lon="-105.1737110">
    <ele>2053.5</ele>
    <time>2026-07-15T21:44:43Z</time>
   </trkpt>
   <trkpt lat="39.7006500" lon="-105.1737560">
    <ele>2053.7</ele>
    <time>2026-07-15T21:44:44Z</time>
   </trkpt>
   <trkpt lat="39.7006550" lon="-105.1737840">
    <ele>2053.7</ele>
    <time>2026-07-15T21:44:45Z</time>
   </trkpt>
   <trkpt lat="39.7006610" lon="-105.1738250">
    <ele>2053.9</ele>
    <time>2026-07-15T21:44:46Z</time>
   </trkpt>
   <trkpt lat="39.7006700" lon="-105.1738620">
    <ele>2054.0</ele>
    <time>2026-07-15T21:44:47Z</time>
   </trkpt>
   <trkpt lat="39.7006790" lon="-105.1738910">
    <ele>2054.2</ele>
    <time>2026-07-15T21:44:48Z</time>
   </trkpt>
   <trkpt lat="39.7006870" lon="-105.1739190">
    <ele>2054.3</ele>
    <time>2026-07-15T21:44:49Z</time>
   </trkpt>
   <trkpt lat="39.7006970" lon="-105.1739570">
    <ele>2054.5</ele>
    <time>2026-07-15T21:44:50Z</time>
   </trkpt>
   <trkpt lat="39.7007060" lon="-105.1739730">
    <ele>2054.6</ele>
    <time>2026-07-15T21:44:51Z</time>
   </trkpt>
   <trkpt lat="39.7007100" lon="-105.1739840">
    <ele>2054.6</ele>
    <time>2026-07-15T21:44:52Z</time>
   </trkpt>
   <trkpt lat="39.7007100" lon="-105.1740290">
    <ele>2054.8</ele>
    <time>2026-07-15T21:44:53Z</time>
   </trkpt>
   <trkpt lat="39.7007180" lon="-105.1740640">
    <ele>2055.0</ele>
    <time>2026-07-15T21:44:54Z</time>
   </trkpt>
   <trkpt lat="39.7007270" lon="-105.1740980">
    <ele>2055.2</ele>
    <time>2026-07-15T21:44:55Z</time>
   </trkpt>
   <trkpt lat="39.7007330" lon="-105.1741360">
    <ele>2055.5</ele>
    <time>2026-07-15T21:44:56Z</time>
   </trkpt>
   <trkpt lat="39.7007420" lon="-105.1741640">
    <ele>2055.6</ele>
    <time>2026-07-15T21:44:57Z</time>
   </trkpt>
   <trkpt lat="39.7007540" lon="-105.1741980">
    <ele>2055.9</ele>
    <time>2026-07-15T21:44:58Z</time>
   </trkpt>
   <trkpt lat="39.7007640" lon="-105.1742310">
    <ele>2056.1</ele>
    <time>2026-07-15T21:44:59Z</time>
   </trkpt>
   <trkpt lat="39.7007750" lon="-105.1742600">
    <ele>2056.3</ele>
    <time>2026-07-15T21:45:00Z</time>
   </trkpt>
   <trkpt lat="39.7007850" lon="-105.1742970">
    <ele>2056.6</ele>
    <time>2026-07-15T21:45:01Z</time>
   </trkpt>
   <trkpt lat="39.7007850" lon="-105.1743320">
    <ele>2056.8</ele>
    <time>2026-07-15T21:45:02Z</time>
   </trkpt>
   <trkpt lat="39.7007900" lon="-105.1743640">
    <ele>2057.1</ele>
    <time>2026-07-15T21:45:03Z</time>
   </trkpt>
   <trkpt lat="39.7007870" lon="-105.1744010">
    <ele>2057.3</ele>
    <time>2026-07-15T21:45:04Z</time>
   </trkpt>
   <trkpt lat="39.7007970" lon="-105.1744310">
    <ele>2057.6</ele>
    <time>2026-07-15T21:45:05Z</time>
   </trkpt>
   <trkpt lat="39.7008110" lon="-105.1744670">
    <ele>2057.9</ele>
    <time>2026-07-15T21:45:06Z</time>
   </trkpt>
   <trkpt lat="39.7008180" lon="-105.1744970">
    <ele>2058.1</ele>
    <time>2026-07-15T21:45:07Z</time>
   </trkpt>
   <trkpt lat="39.7008270" lon="-105.1745320">
    <ele>2058.4</ele>
    <time>2026-07-15T21:45:08Z</time>
   </trkpt>
   <trkpt lat="39.7008310" lon="-105.1745660">
    <ele>2058.6</ele>
    <time>2026-07-15T21:45:09Z</time>
   </trkpt>
   <trkpt lat="39.7008350" lon="-105.1745970">
    <ele>2058.9</ele>
    <time>2026-07-15T21:45:10Z</time>
   </trkpt>
   <trkpt lat="39.7008460" lon="-105.1746240">
    <ele>2059.1</ele>
    <time>2026-07-15T21:45:11Z</time>
   </trkpt>
   <trkpt lat="39.7008470" lon="-105.1746430">
    <ele>2059.3</ele>
    <time>2026-07-15T21:45:12Z</time>
   </trkpt>
   <trkpt lat="39.7008620" lon="-105.1746710">
    <ele>2059.5</ele>
    <time>2026-07-15T21:45:13Z</time>
   </trkpt>
   <trkpt lat="39.7008680" lon="-105.1746980">
    <ele>2059.8</ele>
    <time>2026-07-15T21:45:14Z</time>
   </trkpt>
   <trkpt lat="39.7008780" lon="-105.1747160">
    <ele>2059.9</ele>
    <time>2026-07-15T21:45:15Z</time>
   </trkpt>
   <trkpt lat="39.7008840" lon="-105.1747340">
    <ele>2060.1</ele>
    <time>2026-07-15T21:45:16Z</time>
   </trkpt>
   <trkpt lat="39.7008840" lon="-105.1747630">
    <ele>2060.3</ele>
    <time>2026-07-15T21:45:17Z</time>
   </trkpt>
   <trkpt lat="39.7008890" lon="-105.1747870">
    <ele>2060.5</ele>
    <time>2026-07-15T21:45:18Z</time>
   </trkpt>
   <trkpt lat="39.7008980" lon="-105.1748050">
    <ele>2060.7</ele>
    <time>2026-07-15T21:45:19Z</time>
   </trkpt>
   <trkpt lat="39.7009040" lon="-105.1748270">
    <ele>2060.9</ele>
    <time>2026-07-15T21:45:20Z</time>
   </trkpt>
   <trkpt lat="39.7009070" lon="-105.1748540">
    <ele>2061.1</ele>
    <time>2026-07-15T21:45:21Z</time>
   </trkpt>
   <trkpt lat="39.7009170" lon="-105.1748740">
    <ele>2061.3</ele>
    <time>2026-07-15T21:45:22Z</time>
   </trkpt>
   <trkpt lat="39.7009240" lon="-105.1748970">
    <ele>2061.5</ele>
    <time>2026-07-15T21:45:23Z</time>
   </trkpt>
   <trkpt lat="39.7009310" lon="-105.1749200">
    <ele>2061.7</ele>
    <time>2026-07-15T21:45:24Z</time>
   </trkpt>
   <trkpt lat="39.7009450" lon="-105.1749400">
    <ele>2062.0</ele>
    <time>2026-07-15T21:45:25Z</time>
   </trkpt>
   <trkpt lat="39.7009590" lon="-105.1749580">
    <ele>2062.2</ele>
    <time>2026-07-15T21:45:26Z</time>
   </trkpt>
   <trkpt lat="39.7009620" lon="-105.1749840">
    <ele>2062.4</ele>
    <time>2026-07-15T21:45:27Z</time>
   </trkpt>
   <trkpt lat="39.7009690" lon="-105.1750050">
    <ele>2062.6</ele>
    <time>2026-07-15T21:45:28Z</time>
   </trkpt>
   <trkpt lat="39.7009760" lon="-105.1750280">
    <ele>2062.8</ele>
    <time>2026-07-15T21:45:29Z</time>
   </trkpt>
   <trkpt lat="39.7009780" lon="-105.1750600">
    <ele>2063.0</ele>
    <time>2026-07-15T21:45:30Z</time>
   </trkpt>
   <trkpt lat="39.7009840" lon="-105.1750830">
    <ele>2063.2</ele>
    <time>2026-07-15T21:45:31Z</time>
   </trkpt>
   <trkpt lat="39.7009900" lon="-105.1751060">
    <ele>2063.4</ele>
    <time>2026-07-15T21:45:32Z</time>
   </trkpt>
   <trkpt lat="39.7010000" lon="-105.1751310">
    <ele>2063.6</ele>
    <time>2026-07-15T21:45:33Z</time>
   </trkpt>
   <trkpt lat="39.7010020" lon="-105.1751590">
    <ele>2063.8</ele>
    <time>2026-07-15T21:45:34Z</time>
   </trkpt>
   <trkpt lat="39.7010100" lon="-105.1751830">
    <ele>2063.9</ele>
    <time>2026-07-15T21:45:35Z</time>
   </trkpt>
   <trkpt lat="39.7010180" lon="-105.1752070">
    <ele>2064.1</ele>
    <time>2026-07-15T21:45:36Z</time>
   </trkpt>
   <trkpt lat="39.7010280" lon="-105.1752270">
    <ele>2064.3</ele>
    <time>2026-07-15T21:45:37Z</time>
   </trkpt>
   <trkpt lat="39.7010350" lon="-105.1752530">
    <ele>2064.4</ele>
    <time>2026-07-15T21:45:38Z</time>
   </trkpt>
   <trkpt lat="39.7010370" lon="-105.1752750">
    <ele>2064.6</ele>
    <time>2026-07-15T21:45:39Z</time>
   </trkpt>
   <trkpt lat="39.7010460" lon="-105.1752950">
    <ele>2064.7</ele>
    <time>2026-07-15T21:45:40Z</time>
   </trkpt>
   <trkpt lat="39.7010490" lon="-105.1753170">
    <ele>2064.8</ele>
    <time>2026-07-15T21:45:41Z</time>
   </trkpt>
   <trkpt lat="39.7010490" lon="-105.1753400">
    <ele>2065.0</ele>
    <time>2026-07-15T21:45:42Z</time>
   </trkpt>
   <trkpt lat="39.7010610" lon="-105.1753650">
    <ele>2065.1</ele>
    <time>2026-07-15T21:45:43Z</time>
   </trkpt>
   <trkpt lat="39.7010660" lon="-105.1753840">
    <ele>2065.2</ele>
    <time>2026-07-15T21:45:44Z</time>
   </trkpt>
   <trkpt lat="39.7010710" lon="-105.1754050">
    <ele>2065.3</ele>
    <time>2026-07-15T21:45:45Z</time>
   </trkpt>
   <trkpt lat="39.7010750" lon="-105.1754270">
    <ele>2065.5</ele>
    <time>2026-07-15T21:45:46Z</time>
   </trkpt>
   <trkpt lat="39.7010780" lon="-105.1754530">
    <ele>2065.6</ele>
    <time>2026-07-15T21:45:47Z</time>
   </trkpt>
   <trkpt lat="39.7010870" lon="-105.1754710">
    <ele>2065.7</ele>
    <time>2026-07-15T21:45:48Z</time>
   </trkpt>
   <trkpt lat="39.7010900" lon="-105.1754910">
    <ele>2065.9</ele>
    <time>2026-07-15T21:45:49Z</time>
   </trkpt>
   <trkpt lat="39.7010930" lon="-105.1755070">
    <ele>2065.9</ele>
    <time>2026-07-15T21:45:50Z</time>
   </trkpt>
   <trkpt lat="39.7010940" lon="-105.1755260">
    <ele>2066.1</ele>
    <time>2026-07-15T21:45:51Z</time>
   </trkpt>
   <trkpt lat="39.7010940" lon="-105.1755500">
    <ele>2066.2</ele>
    <time>2026-07-15T21:45:52Z</time>
   </trkpt>
   <trkpt lat="39.7011010" lon="-105.1755750">
    <ele>2066.4</ele>
    <time>2026-07-15T21:45:53Z</time>
   </trkpt>
   <trkpt lat="39.7011130" lon="-105.1755950">
    <ele>2066.5</ele>
    <time>2026-07-15T21:45:54Z</time>
   </trkpt>
   <trkpt lat="39.7011170" lon="-105.1756290">
    <ele>2066.8</ele>
    <time>2026-07-15T21:45:55Z</time>
   </trkpt>
   <trkpt lat="39.7011280" lon="-105.1756250">
    <ele>2066.9</ele>
    <time>2026-07-15T21:45:56Z</time>
   </trkpt>
   <trkpt lat="39.7011310" lon="-105.1756270">
    <ele>2066.9</ele>
    <time>2026-07-15T21:45:57Z</time>
   </trkpt>
   <trkpt lat="39.7011360" lon="-105.1756190">
    <ele>2067.0</ele>
    <time>2026-07-15T21:45:58Z</time>
   </trkpt>
   <trkpt lat="39.7011570" lon="-105.1756090">
    <ele>2067.2</ele>
    <time>2026-07-15T21:45:59Z</time>
   </trkpt>
   <trkpt lat="39.7011580" lon="-105.1756060">
    <ele>2067.2</ele>
    <time>2026-07-15T21:46:00Z</time>
   </trkpt>
   <trkpt lat="39.7011660" lon="-105.1756080">
    <ele>2067.3</ele>
    <time>2026-07-15T21:46:01Z</time>
   </trkpt>
   <trkpt lat="39.7011510" lon="-105.1756080">
    <ele>2067.4</ele>
    <time>2026-07-15T21:46:02Z</time>
   </trkpt>
   <trkpt lat="39.7011220" lon="-105.1756270">
    <ele>2067.7</ele>
    <time>2026-07-15T21:46:03Z</time>
   </trkpt>
   <trkpt lat="39.7011300" lon="-105.1756310">
    <ele>2067.8</ele>
    <time>2026-07-15T21:46:04Z</time>
   </trkpt>
   <trkpt lat="39.7011300" lon="-105.1756200">
    <ele>2067.9</ele>
    <time>2026-07-15T21:46:05Z</time>
   </trkpt>
   <trkpt lat="39.7011240" lon="-105.1756200">
    <ele>2068.0</ele>
    <time>2026-07-15T21:46:06Z</time>
   </trkpt>
   <trkpt lat="39.7011260" lon="-105.1756220">
    <ele>2068.0</ele>
    <time>2026-07-15T21:46:07Z</time>
   </trkpt>
   <trkpt lat="39.7011250" lon="-105.1756200">
    <ele>2068.0</ele>
    <time>2026-07-15T21:46:08Z</time>
   </trkpt>
   <trkpt lat="39.7011250" lon="-105.1756230">
    <ele>2068.0</ele>
    <time>2026-07-15T21:46:09Z</time>
   </trkpt>
   <trkpt lat="39.7011240" lon="-105.1756210">
    <ele>2068.1</ele>
    <time>2026-07-15T21:46:10Z</time>
   </trkpt>
   <trkpt lat="39.7011300" lon="-105.1756230">
    <ele>2068.1</ele>
    <time>2026-07-15T21:46:11Z</time>
   </trkpt>
   <trkpt lat="39.7011260" lon="-105.1756210">
    <ele>2068.2</ele>
    <time>2026-07-15T21:46:12Z</time>
   </trkpt>
   <trkpt lat="39.7011260" lon="-105.1756210">
    <ele>2068.2</ele>
    <time>2026-07-15T21:46:13Z</time>
   </trkpt>
   <trkpt lat="39.7010930" lon="-105.1755840">
    <ele>2068.2</ele>
    <time>2026-07-15T21:47:21Z</time>
   </trkpt>
   <trkpt lat="39.7011070" lon="-105.1755970">
    <ele>2068.4</ele>
    <time>2026-07-15T21:47:22Z</time>
   </trkpt>
   <trkpt lat="39.7011070" lon="-105.1755970">
    <ele>2068.4</ele>
    <time>2026-07-15T21:47:23Z</time>
   </trkpt>
   <trkpt lat="39.7011070" lon="-105.1755970">
    <ele>2068.4</ele>
    <time>2026-07-15T21:47:24Z</time>
   </trkpt>
   <trkpt lat="39.7011060" lon="-105.1756000">
    <ele>2068.4</ele>
    <time>2026-07-15T21:47:25Z</time>
   </trkpt>
   <trkpt lat="39.7011060" lon="-105.1756010">
    <ele>2068.4</ele>
    <time>2026-07-15T21:47:26Z</time>
   </trkpt>
   <trkpt lat="39.7011060" lon="-105.1756020">
    <ele>2068.4</ele>
    <time>2026-07-15T21:47:27Z</time>
   </trkpt>
   <trkpt lat="39.7011050" lon="-105.1756030">
    <ele>2068.4</ele>
    <time>2026-07-15T21:47:28Z</time>
   </trkpt>
   <trkpt lat="39.7011060" lon="-105.1756030">
    <ele>2068.5</ele>
    <time>2026-07-15T21:47:29Z</time>
   </trkpt>
   <trkpt lat="39.7011070" lon="-105.1756050">
    <ele>2068.5</ele>
    <time>2026-07-15T21:47:30Z</time>
   </trkpt>
   <trkpt lat="39.7011300" lon="-105.1756570">
    <ele>2069.1</ele>
    <time>2026-07-15T21:47:39Z</time>
   </trkpt>
   <trkpt lat="39.7011320" lon="-105.1756690">
    <ele>2069.2</ele>
    <time>2026-07-15T21:47:40Z</time>
   </trkpt>
   <trkpt lat="39.7011380" lon="-105.1756930">
    <ele>2069.4</ele>
    <time>2026-07-15T21:47:41Z</time>
   </trkpt>
   <trkpt lat="39.7011500" lon="-105.1757230">
    <ele>2069.7</ele>
    <time>2026-07-15T21:47:42Z</time>
   </trkpt>
   <trkpt lat="39.7011520" lon="-105.1757370">
    <ele>2069.9</ele>
    <time>2026-07-15T21:47:43Z</time>
   </trkpt>
   <trkpt lat="39.7011580" lon="-105.1757580">
    <ele>2070.1</ele>
    <time>2026-07-15T21:47:44Z</time>
   </trkpt>
   <trkpt lat="39.7011660" lon="-105.1757860">
    <ele>2070.4</ele>
    <time>2026-07-15T21:47:45Z</time>
   </trkpt>
   <trkpt lat="39.7011740" lon="-105.1758070">
    <ele>2070.6</ele>
    <time>2026-07-15T21:47:46Z</time>
   </trkpt>
   <trkpt lat="39.7011730" lon="-105.1758330">
    <ele>2070.8</ele>
    <time>2026-07-15T21:47:47Z</time>
   </trkpt>
   <trkpt lat="39.7011760" lon="-105.1758600">
    <ele>2071.0</ele>
    <time>2026-07-15T21:47:48Z</time>
   </trkpt>
   <trkpt lat="39.7011830" lon="-105.1758810">
    <ele>2071.2</ele>
    <time>2026-07-15T21:47:49Z</time>
   </trkpt>
   <trkpt lat="39.7011900" lon="-105.1759100">
    <ele>2071.5</ele>
    <time>2026-07-15T21:47:50Z</time>
   </trkpt>
   <trkpt lat="39.7011970" lon="-105.1759290">
    <ele>2071.7</ele>
    <time>2026-07-15T21:47:51Z</time>
   </trkpt>
   <trkpt lat="39.7012080" lon="-105.1759500">
    <ele>2071.9</ele>
    <time>2026-07-15T21:47:52Z</time>
   </trkpt>
   <trkpt lat="39.7012080" lon="-105.1759770">
    <ele>2072.1</ele>
    <time>2026-07-15T21:47:53Z</time>
   </trkpt>
   <trkpt lat="39.7012170" lon="-105.1759950">
    <ele>2072.2</ele>
    <time>2026-07-15T21:47:54Z</time>
   </trkpt>
   <trkpt lat="39.7012280" lon="-105.1760190">
    <ele>2072.4</ele>
    <time>2026-07-15T21:47:55Z</time>
   </trkpt>
   <trkpt lat="39.7012340" lon="-105.1760450">
    <ele>2072.6</ele>
    <time>2026-07-15T21:47:56Z</time>
   </trkpt>
   <trkpt lat="39.7012350" lon="-105.1760700">
    <ele>2072.8</ele>
    <time>2026-07-15T21:47:57Z</time>
   </trkpt>
   <trkpt lat="39.7012440" lon="-105.1760920">
    <ele>2073.0</ele>
    <time>2026-07-15T21:47:58Z</time>
   </trkpt>
   <trkpt lat="39.7012500" lon="-105.1761170">
    <ele>2073.2</ele>
    <time>2026-07-15T21:47:59Z</time>
   </trkpt>
   <trkpt lat="39.7012580" lon="-105.1761410">
    <ele>2073.4</ele>
    <time>2026-07-15T21:48:00Z</time>
   </trkpt>
   <trkpt lat="39.7012620" lon="-105.1761690">
    <ele>2073.6</ele>
    <time>2026-07-15T21:48:01Z</time>
   </trkpt>
   <trkpt lat="39.7012630" lon="-105.1761930">
    <ele>2073.7</ele>
    <time>2026-07-15T21:48:02Z</time>
   </trkpt>
   <trkpt lat="39.7012690" lon="-105.1762160">
    <ele>2073.9</ele>
    <time>2026-07-15T21:48:03Z</time>
   </trkpt>
   <trkpt lat="39.7012680" lon="-105.1762430">
    <ele>2074.1</ele>
    <time>2026-07-15T21:48:04Z</time>
   </trkpt>
   <trkpt lat="39.7012750" lon="-105.1762590">
    <ele>2074.3</ele>
    <time>2026-07-15T21:48:05Z</time>
   </trkpt>
   <trkpt lat="39.7012890" lon="-105.1762790">
    <ele>2074.5</ele>
    <time>2026-07-15T21:48:06Z</time>
   </trkpt>
   <trkpt lat="39.7012990" lon="-105.1763000">
    <ele>2074.7</ele>
    <time>2026-07-15T21:48:07Z</time>
   </trkpt>
   <trkpt lat="39.7013110" lon="-105.1763160">
    <ele>2075.0</ele>
    <time>2026-07-15T21:48:08Z</time>
   </trkpt>
   <trkpt lat="39.7013090" lon="-105.1763530">
    <ele>2075.3</ele>
    <time>2026-07-15T21:48:09Z</time>
   </trkpt>
   <trkpt lat="39.7013170" lon="-105.1763750">
    <ele>2075.6</ele>
    <time>2026-07-15T21:48:10Z</time>
   </trkpt>
   <trkpt lat="39.7013200" lon="-105.1764000">
    <ele>2075.8</ele>
    <time>2026-07-15T21:48:11Z</time>
   </trkpt>
   <trkpt lat="39.7013210" lon="-105.1764230">
    <ele>2076.1</ele>
    <time>2026-07-15T21:48:12Z</time>
   </trkpt>
   <trkpt lat="39.7013220" lon="-105.1764460">
    <ele>2076.4</ele>
    <time>2026-07-15T21:48:13Z</time>
   </trkpt>
   <trkpt lat="39.7013200" lon="-105.1764700">
    <ele>2076.6</ele>
    <time>2026-07-15T21:48:14Z</time>
   </trkpt>
   <trkpt lat="39.7013240" lon="-105.1764970">
    <ele>2077.0</ele>
    <time>2026-07-15T21:48:15Z</time>
   </trkpt>
   <trkpt lat="39.7013410" lon="-105.1765170">
    <ele>2077.4</ele>
    <time>2026-07-15T21:48:16Z</time>
   </trkpt>
   <trkpt lat="39.7013490" lon="-105.1765370">
    <ele>2077.6</ele>
    <time>2026-07-15T21:48:17Z</time>
   </trkpt>
   <trkpt lat="39.7013530" lon="-105.1765550">
    <ele>2077.9</ele>
    <time>2026-07-15T21:48:18Z</time>
   </trkpt>
   <trkpt lat="39.7013640" lon="-105.1765800">
    <ele>2078.3</ele>
    <time>2026-07-15T21:48:19Z</time>
   </trkpt>
   <trkpt lat="39.7013710" lon="-105.1766020">
    <ele>2078.6</ele>
    <time>2026-07-15T21:48:20Z</time>
   </trkpt>
   <trkpt lat="39.7013860" lon="-105.1766240">
    <ele>2079.0</ele>
    <time>2026-07-15T21:48:21Z</time>
   </trkpt>
   <trkpt lat="39.7013940" lon="-105.1766470">
    <ele>2079.3</ele>
    <time>2026-07-15T21:48:22Z</time>
   </trkpt>
   <trkpt lat="39.7014000" lon="-105.1766680">
    <ele>2079.6</ele>
    <time>2026-07-15T21:48:23Z</time>
   </trkpt>
   <trkpt lat="39.7014100" lon="-105.1766950">
    <ele>2079.9</ele>
    <time>2026-07-15T21:48:24Z</time>
   </trkpt>
   <trkpt lat="39.7014150" lon="-105.1767170">
    <ele>2080.2</ele>
    <time>2026-07-15T21:48:25Z</time>
   </trkpt>
   <trkpt lat="39.7014250" lon="-105.1767390">
    <ele>2080.5</ele>
    <time>2026-07-15T21:48:26Z</time>
   </trkpt>
   <trkpt lat="39.7014300" lon="-105.1767520">
    <ele>2080.6</ele>
    <time>2026-07-15T21:48:27Z</time>
   </trkpt>
   <trkpt lat="39.7014350" lon="-105.1767780">
    <ele>2080.9</ele>
    <time>2026-07-15T21:48:28Z</time>
   </trkpt>
   <trkpt lat="39.7014470" lon="-105.1768000">
    <ele>2081.1</ele>
    <time>2026-07-15T21:48:29Z</time>
   </trkpt>
   <trkpt lat="39.7014630" lon="-105.1768440">
    <ele>2081.5</ele>
    <time>2026-07-15T21:48:30Z</time>
   </trkpt>
   <trkpt lat="39.7014780" lon="-105.1768650">
    <ele>2081.8</ele>
    <time>2026-07-15T21:48:31Z</time>
   </trkpt>
   <trkpt lat="39.7014840" lon="-105.1768710">
    <ele>2081.8</ele>
    <time>2026-07-15T21:48:32Z</time>
   </trkpt>
   <trkpt lat="39.7014970" lon="-105.1768940">
    <ele>2082.0</ele>
    <time>2026-07-15T21:48:33Z</time>
   </trkpt>
   <trkpt lat="39.7015000" lon="-105.1769150">
    <ele>2082.2</ele>
    <time>2026-07-15T21:48:34Z</time>
   </trkpt>
   <trkpt lat="39.7015070" lon="-105.1769340">
    <ele>2082.3</ele>
    <time>2026-07-15T21:48:35Z</time>
   </trkpt>
   <trkpt lat="39.7015130" lon="-105.1769470">
    <ele>2082.4</ele>
    <time>2026-07-15T21:48:36Z</time>
   </trkpt>
   <trkpt lat="39.7015160" lon="-105.1769640">
    <ele>2082.5</ele>
    <time>2026-07-15T21:48:37Z</time>
   </trkpt>
   <trkpt lat="39.7015140" lon="-105.1769900">
    <ele>2082.7</ele>
    <time>2026-07-15T21:48:38Z</time>
   </trkpt>
   <trkpt lat="39.7015140" lon="-105.1770040">
    <ele>2082.8</ele>
    <time>2026-07-15T21:48:39Z</time>
   </trkpt>
   <trkpt lat="39.7015060" lon="-105.1770270">
    <ele>2083.0</ele>
    <time>2026-07-15T21:48:40Z</time>
   </trkpt>
   <trkpt lat="39.7015010" lon="-105.1770400">
    <ele>2083.0</ele>
    <time>2026-07-15T21:48:41Z</time>
   </trkpt>
   <trkpt lat="39.7014860" lon="-105.1770490">
    <ele>2083.0</ele>
    <time>2026-07-15T21:48:42Z</time>
   </trkpt>
   <trkpt lat="39.7014550" lon="-105.1770370">
    <ele>2083.1</ele>
    <time>2026-07-15T21:48:43Z</time>
   </trkpt>
   <trkpt lat="39.7014480" lon="-105.1770300">
    <ele>2083.2</ele>
    <time>2026-07-15T21:48:44Z</time>
   </trkpt>
   <trkpt lat="39.7014400" lon="-105.1770170">
    <ele>2083.2</ele>
    <time>2026-07-15T21:48:45Z</time>
   </trkpt>
   <trkpt lat="39.7014350" lon="-105.1770060">
    <ele>2083.2</ele>
    <time>2026-07-15T21:48:46Z</time>
   </trkpt>
   <trkpt lat="39.7014130" lon="-105.1769930">
    <ele>2083.3</ele>
    <time>2026-07-15T21:48:47Z</time>
   </trkpt>
   <trkpt lat="39.7014000" lon="-105.1769980">
    <ele>2083.3</ele>
    <time>2026-07-15T21:48:48Z</time>
   </trkpt>
   <trkpt lat="39.7013810" lon="-105.1769950">
    <ele>2083.3</ele>
    <time>2026-07-15T21:48:49Z</time>
   </trkpt>
   <trkpt lat="39.7013610" lon="-105.1770000">
    <ele>2083.4</ele>
    <time>2026-07-15T21:48:50Z</time>
   </trkpt>
   <trkpt lat="39.7013510" lon="-105.1770100">
    <ele>2083.4</ele>
    <time>2026-07-15T21:48:51Z</time>
   </trkpt>
   <trkpt lat="39.7013360" lon="-105.1770350">
    <ele>2083.4</ele>
    <time>2026-07-15T21:48:52Z</time>
   </trkpt>
   <trkpt lat="39.7013350" lon="-105.1770570">
    <ele>2083.4</ele>
    <time>2026-07-15T21:48:53Z</time>
   </trkpt>
   <trkpt lat="39.7013320" lon="-105.1770680">
    <ele>2083.4</ele>
    <time>2026-07-15T21:48:54Z</time>
   </trkpt>
   <trkpt lat="39.7013390" lon="-105.1770490">
    <ele>2083.4</ele>
    <time>2026-07-15T21:48:55Z</time>
   </trkpt>
   <trkpt lat="39.7013370" lon="-105.1770480">
    <ele>2083.4</ele>
    <time>2026-07-15T21:48:56Z</time>
   </trkpt>
   <trkpt lat="39.7013050" lon="-105.1770740">
    <ele>2083.5</ele>
    <time>2026-07-15T21:48:57Z</time>
   </trkpt>
   <trkpt lat="39.7012970" lon="-105.1770840">
    <ele>2083.5</ele>
    <time>2026-07-15T21:48:58Z</time>
   </trkpt>
   <trkpt lat="39.7013000" lon="-105.1770960">
    <ele>2083.5</ele>
    <time>2026-07-15T21:48:59Z</time>
   </trkpt>
   <trkpt lat="39.7012930" lon="-105.1771050">
    <ele>2083.5</ele>
    <time>2026-07-15T21:49:00Z</time>
   </trkpt>
   <trkpt lat="39.7012840" lon="-105.1771310">
    <ele>2083.5</ele>
    <time>2026-07-15T21:49:01Z</time>
   </trkpt>
   <trkpt lat="39.7012820" lon="-105.1771490">
    <ele>2083.5</ele>
    <time>2026-07-15T21:49:02Z</time>
   </trkpt>
   <trkpt lat="39.7012740" lon="-105.1771650">
    <ele>2083.6</ele>
    <time>2026-07-15T21:49:03Z</time>
   </trkpt>
   <trkpt lat="39.7012620" lon="-105.1771800">
    <ele>2083.6</ele>
    <time>2026-07-15T21:49:04Z</time>
   </trkpt>
   <trkpt lat="39.7012490" lon="-105.1771930">
    <ele>2083.6</ele>
    <time>2026-07-15T21:49:06Z</time>
   </trkpt>
   <trkpt lat="39.7012340" lon="-105.1772040">
    <ele>2083.6</ele>
    <time>2026-07-15T21:49:07Z</time>
   </trkpt>
   <trkpt lat="39.7012140" lon="-105.1772150">
    <ele>2083.6</ele>
    <time>2026-07-15T21:49:08Z</time>
   </trkpt>
   <trkpt lat="39.7011980" lon="-105.1772390">
    <ele>2083.6</ele>
    <time>2026-07-15T21:49:09Z</time>
   </trkpt>
   <trkpt lat="39.7011830" lon="-105.1772600">
    <ele>2083.7</ele>
    <time>2026-07-15T21:49:10Z</time>
   </trkpt>
   <trkpt lat="39.7011730" lon="-105.1772800">
    <ele>2083.7</ele>
    <time>2026-07-15T21:49:11Z</time>
   </trkpt>
   <trkpt lat="39.7011590" lon="-105.1772990">
    <ele>2083.7</ele>
    <time>2026-07-15T21:49:12Z</time>
   </trkpt>
   <trkpt lat="39.7011400" lon="-105.1773140">
    <ele>2083.7</ele>
    <time>2026-07-15T21:49:13Z</time>
   </trkpt>
   <trkpt lat="39.7011250" lon="-105.1773310">
    <ele>2083.7</ele>
    <time>2026-07-15T21:49:14Z</time>
   </trkpt>
   <trkpt lat="39.7011120" lon="-105.1773530">
    <ele>2083.7</ele>
    <time>2026-07-15T21:49:15Z</time>
   </trkpt>
   <trkpt lat="39.7011030" lon="-105.1773700">
    <ele>2083.8</ele>
    <time>2026-07-15T21:49:16Z</time>
   </trkpt>
   <trkpt lat="39.7010710" lon="-105.1773930">
    <ele>2083.8</ele>
    <time>2026-07-15T21:49:17Z</time>
   </trkpt>
   <trkpt lat="39.7010630" lon="-105.1774110">
    <ele>2083.8</ele>
    <time>2026-07-15T21:49:18Z</time>
   </trkpt>
   <trkpt lat="39.7010580" lon="-105.1774390">
    <ele>2083.9</ele>
    <time>2026-07-15T21:49:19Z</time>
   </trkpt>
   <trkpt lat="39.7010470" lon="-105.1774650">
    <ele>2083.9</ele>
    <time>2026-07-15T21:49:20Z</time>
   </trkpt>
   <trkpt lat="39.7010350" lon="-105.1774910">
    <ele>2084.0</ele>
    <time>2026-07-15T21:49:21Z</time>
   </trkpt>
   <trkpt lat="39.7010300" lon="-105.1775160">
    <ele>2084.0</ele>
    <time>2026-07-15T21:49:22Z</time>
   </trkpt>
   <trkpt lat="39.7010210" lon="-105.1775390">
    <ele>2084.1</ele>
    <time>2026-07-15T21:49:23Z</time>
   </trkpt>
   <trkpt lat="39.7010150" lon="-105.1775660">
    <ele>2084.2</ele>
    <time>2026-07-15T21:49:24Z</time>
   </trkpt>
   <trkpt lat="39.7010020" lon="-105.1775890">
    <ele>2084.3</ele>
    <time>2026-07-15T21:49:25Z</time>
   </trkpt>
   <trkpt lat="39.7009930" lon="-105.1776120">
    <ele>2084.4</ele>
    <time>2026-07-15T21:49:26Z</time>
   </trkpt>
   <trkpt lat="39.7009830" lon="-105.1776320">
    <ele>2084.5</ele>
    <time>2026-07-15T21:49:27Z</time>
   </trkpt>
   <trkpt lat="39.7009750" lon="-105.1776490">
    <ele>2084.5</ele>
    <time>2026-07-15T21:49:28Z</time>
   </trkpt>
   <trkpt lat="39.7009670" lon="-105.1776640">
    <ele>2084.6</ele>
    <time>2026-07-15T21:49:29Z</time>
   </trkpt>
   <trkpt lat="39.7009560" lon="-105.1776680">
    <ele>2084.7</ele>
    <time>2026-07-15T21:49:30Z</time>
   </trkpt>
   <trkpt lat="39.7009510" lon="-105.1776650">
    <ele>2084.7</ele>
    <time>2026-07-15T21:49:31Z</time>
   </trkpt>
   <trkpt lat="39.7009600" lon="-105.1776480">
    <ele>2084.8</ele>
    <time>2026-07-15T21:49:32Z</time>
   </trkpt>
   <trkpt lat="39.7009600" lon="-105.1776500">
    <ele>2084.8</ele>
    <time>2026-07-15T21:49:33Z</time>
   </trkpt>
   <trkpt lat="39.7009580" lon="-105.1776640">
    <ele>2084.8</ele>
    <time>2026-07-15T21:49:34Z</time>
   </trkpt>
   <trkpt lat="39.7009540" lon="-105.1776750">
    <ele>2084.9</ele>
    <time>2026-07-15T21:49:35Z</time>
   </trkpt>
   <trkpt lat="39.7009550" lon="-105.1776860">
    <ele>2084.9</ele>
    <time>2026-07-15T21:49:36Z</time>
   </trkpt>
   <trkpt lat="39.7009650" lon="-105.1777000">
    <ele>2085.0</ele>
    <time>2026-07-15T21:49:37Z</time>
   </trkpt>
   <trkpt lat="39.7009610" lon="-105.1777160">
    <ele>2085.1</ele>
    <time>2026-07-15T21:49:38Z</time>
   </trkpt>
   <trkpt lat="39.7009580" lon="-105.1777260">
    <ele>2085.1</ele>
    <time>2026-07-15T21:49:39Z</time>
   </trkpt>
   <trkpt lat="39.7009610" lon="-105.1777460">
    <ele>2085.2</ele>
    <time>2026-07-15T21:49:40Z</time>
   </trkpt>
   <trkpt lat="39.7009620" lon="-105.1777610">
    <ele>2085.3</ele>
    <time>2026-07-15T21:49:41Z</time>
   </trkpt>
   <trkpt lat="39.7009670" lon="-105.1777790">
    <ele>2085.3</ele>
    <time>2026-07-15T21:49:42Z</time>
   </trkpt>
   <trkpt lat="39.7009670" lon="-105.1777910">
    <ele>2085.4</ele>
    <time>2026-07-15T21:49:43Z</time>
   </trkpt>
   <trkpt lat="39.7009820" lon="-105.1778030">
    <ele>2085.5</ele>
    <time>2026-07-15T21:49:44Z</time>
   </trkpt>
   <trkpt lat="39.7009800" lon="-105.1778210">
    <ele>2085.5</ele>
    <time>2026-07-15T21:49:45Z</time>
   </trkpt>
   <trkpt lat="39.7009840" lon="-105.1778380">
    <ele>2085.6</ele>
    <time>2026-07-15T21:49:46Z</time>
   </trkpt>
   <trkpt lat="39.7009950" lon="-105.1778570">
    <ele>2085.7</ele>
    <time>2026-07-15T21:49:47Z</time>
   </trkpt>
   <trkpt lat="39.7010020" lon="-105.1778730">
    <ele>2085.7</ele>
    <time>2026-07-15T21:49:48Z</time>
   </trkpt>
   <trkpt lat="39.7010060" lon="-105.1778830">
    <ele>2085.8</ele>
    <time>2026-07-15T21:49:49Z</time>
   </trkpt>
   <trkpt lat="39.7010050" lon="-105.1778900">
    <ele>2085.8</ele>
    <time>2026-07-15T21:49:50Z</time>
   </trkpt>
   <trkpt lat="39.7010160" lon="-105.1779170">
    <ele>2085.9</ele>
    <time>2026-07-15T21:49:51Z</time>
   </trkpt>
   <trkpt lat="39.7010250" lon="-105.1779240">
    <ele>2085.9</ele>
    <time>2026-07-15T21:49:52Z</time>
   </trkpt>
   <trkpt lat="39.7010250" lon="-105.1779130">
    <ele>2085.9</ele>
    <time>2026-07-15T21:49:53Z</time>
   </trkpt>
   <trkpt lat="39.7010270" lon="-105.1779120">
    <ele>2085.9</ele>
    <time>2026-07-15T21:49:54Z</time>
   </trkpt>
   <trkpt lat="39.7010260" lon="-105.1779050">
    <ele>2085.9</ele>
    <time>2026-07-15T21:49:55Z</time>
   </trkpt>
   <trkpt lat="39.7010280" lon="-105.1778980">
    <ele>2085.9</ele>
    <time>2026-07-15T21:49:56Z</time>
   </trkpt>
   <trkpt lat="39.7010330" lon="-105.1778950">
    <ele>2085.9</ele>
    <time>2026-07-15T21:49:57Z</time>
   </trkpt>
   <trkpt lat="39.7010270" lon="-105.1778930">
    <ele>2085.9</ele>
    <time>2026-07-15T21:49:58Z</time>
   </trkpt>
   <trkpt lat="39.7010220" lon="-105.1778880">
    <ele>2085.9</ele>
    <time>2026-07-15T21:49:59Z</time>
   </trkpt>
   <trkpt lat="39.7010170" lon="-105.1778810">
    <ele>2085.9</ele>
    <time>2026-07-15T21:50:00Z</time>
   </trkpt>
   <trkpt lat="39.7010210" lon="-105.1778660">
    <ele>2086.0</ele>
    <time>2026-07-15T21:50:01Z</time>
   </trkpt>
   <trkpt lat="39.7010210" lon="-105.1779490">
    <ele>2085.9</ele>
    <time>2026-07-15T21:50:07Z</time>
   </trkpt>
   <trkpt lat="39.7010370" lon="-105.1779280">
    <ele>2085.8</ele>
    <time>2026-07-15T21:50:08Z</time>
   </trkpt>
   <trkpt lat="39.7010360" lon="-105.1779490">
    <ele>2085.7</ele>
    <time>2026-07-15T21:50:09Z</time>
   </trkpt>
   <trkpt lat="39.7010230" lon="-105.1779330">
    <ele>2085.6</ele>
    <time>2026-07-15T21:50:10Z</time>
   </trkpt>
   <trkpt lat="39.7010250" lon="-105.1779300">
    <ele>2085.6</ele>
    <time>2026-07-15T21:50:11Z</time>
   </trkpt>
   <trkpt lat="39.7010230" lon="-105.1779300">
    <ele>2085.6</ele>
    <time>2026-07-15T21:50:12Z</time>
   </trkpt>
   <trkpt lat="39.7010220" lon="-105.1779300">
    <ele>2085.6</ele>
    <time>2026-07-15T21:50:13Z</time>
   </trkpt>
   <trkpt lat="39.7010250" lon="-105.1779240">
    <ele>2085.6</ele>
    <time>2026-07-15T21:50:14Z</time>
   </trkpt>
   <trkpt lat="39.7010250" lon="-105.1779240">
    <ele>2085.6</ele>
    <time>2026-07-15T21:50:15Z</time>
   </trkpt>
   <trkpt lat="39.7010250" lon="-105.1779240">
    <ele>2085.6</ele>
    <time>2026-07-15T21:50:16Z</time>
   </trkpt>
   <trkpt lat="39.7010220" lon="-105.1779250">
    <ele>2085.6</ele>
    <time>2026-07-15T21:50:17Z</time>
   </trkpt>
   <trkpt lat="39.7010220" lon="-105.1779250">
    <ele>2085.6</ele>
    <time>2026-07-15T21:50:18Z</time>
   </trkpt>
   <trkpt lat="39.7009870" lon="-105.1779390">
    <ele>2085.3</ele>
    <time>2026-07-15T21:52:17Z</time>
   </trkpt>
   <trkpt lat="39.7009980" lon="-105.1779360">
    <ele>2085.2</ele>
    <time>2026-07-15T21:52:18Z</time>
   </trkpt>
   <trkpt lat="39.7009980" lon="-105.1779360">
    <ele>2085.2</ele>
    <time>2026-07-15T21:52:19Z</time>
   </trkpt>
   <trkpt lat="39.7009960" lon="-105.1779320">
    <ele>2085.2</ele>
    <time>2026-07-15T21:52:20Z</time>
   </trkpt>
   <trkpt lat="39.7009880" lon="-105.1779330">
    <ele>2085.1</ele>
    <time>2026-07-15T21:52:21Z</time>
   </trkpt>
   <trkpt lat="39.7009960" lon="-105.1779330">
    <ele>2085.0</ele>
    <time>2026-07-15T21:52:22Z</time>
   </trkpt>
   <trkpt lat="39.7009960" lon="-105.1779330">
    <ele>2085.0</ele>
    <time>2026-07-15T21:52:23Z</time>
   </trkpt>
   <trkpt lat="39.7009940" lon="-105.1779390">
    <ele>2085.0</ele>
    <time>2026-07-15T21:52:24Z</time>
   </trkpt>
   <trkpt lat="39.7009920" lon="-105.1779410">
    <ele>2084.9</ele>
    <time>2026-07-15T21:52:25Z</time>
   </trkpt>
   <trkpt lat="39.7009890" lon="-105.1779520">
    <ele>2084.9</ele>
    <time>2026-07-15T21:52:26Z</time>
   </trkpt>
   <trkpt lat="39.7009880" lon="-105.1779580">
    <ele>2084.8</ele>
    <time>2026-07-15T21:52:27Z</time>
   </trkpt>
   <trkpt lat="39.7009850" lon="-105.1779790">
    <ele>2084.6</ele>
    <time>2026-07-15T21:52:28Z</time>
   </trkpt>
   <trkpt lat="39.7009820" lon="-105.1779950">
    <ele>2084.5</ele>
    <time>2026-07-15T21:52:29Z</time>
   </trkpt>
   <trkpt lat="39.7009790" lon="-105.1780100">
    <ele>2084.3</ele>
    <time>2026-07-15T21:52:30Z</time>
   </trkpt>
   <trkpt lat="39.7009730" lon="-105.1780290">
    <ele>2084.2</ele>
    <time>2026-07-15T21:52:31Z</time>
   </trkpt>
   <trkpt lat="39.7009700" lon="-105.1780390">
    <ele>2084.0</ele>
    <time>2026-07-15T21:52:32Z</time>
   </trkpt>
   <trkpt lat="39.7009670" lon="-105.1780520">
    <ele>2083.9</ele>
    <time>2026-07-15T21:52:33Z</time>
   </trkpt>
   <trkpt lat="39.7009650" lon="-105.1780640">
    <ele>2083.8</ele>
    <time>2026-07-15T21:52:34Z</time>
   </trkpt>
   <trkpt lat="39.7009630" lon="-105.1780780">
    <ele>2083.6</ele>
    <time>2026-07-15T21:52:35Z</time>
   </trkpt>
   <trkpt lat="39.7009570" lon="-105.1780840">
    <ele>2083.5</ele>
    <time>2026-07-15T21:52:36Z</time>
   </trkpt>
   <trkpt lat="39.7009590" lon="-105.1780900">
    <ele>2083.4</ele>
    <time>2026-07-15T21:52:37Z</time>
   </trkpt>
   <trkpt lat="39.7009600" lon="-105.1780970">
    <ele>2083.4</ele>
    <time>2026-07-15T21:52:38Z</time>
   </trkpt>
   <trkpt lat="39.7009530" lon="-105.1781100">
    <ele>2083.2</ele>
    <time>2026-07-15T21:52:39Z</time>
   </trkpt>
   <trkpt lat="39.7009590" lon="-105.1781050">
    <ele>2083.1</ele>
    <time>2026-07-15T21:52:40Z</time>
   </trkpt>
   <trkpt lat="39.7009550" lon="-105.1781050">
    <ele>2083.0</ele>
    <time>2026-07-15T21:52:41Z</time>
   </trkpt>
   <trkpt lat="39.7009580" lon="-105.1781020">
    <ele>2083.0</ele>
    <time>2026-07-15T21:52:42Z</time>
   </trkpt>
   <trkpt lat="39.7009530" lon="-105.1781070">
    <ele>2082.9</ele>
    <time>2026-07-15T21:52:43Z</time>
   </trkpt>
   <trkpt lat="39.7009510" lon="-105.1781070">
    <ele>2082.8</ele>
    <time>2026-07-15T21:52:44Z</time>
   </trkpt>
   <trkpt lat="39.7009500" lon="-105.1781110">
    <ele>2082.8</ele>
    <time>2026-07-15T21:52:45Z</time>
   </trkpt>
   <trkpt lat="39.7009490" lon="-105.1781160">
    <ele>2082.7</ele>
    <time>2026-07-15T21:52:46Z</time>
   </trkpt>
   <trkpt lat="39.7009630" lon="-105.1781160">
    <ele>2082.5</ele>
    <time>2026-07-15T21:52:47Z</time>
   </trkpt>
   <trkpt lat="39.7009630" lon="-105.1781320">
    <ele>2082.3</ele>
    <time>2026-07-15T21:52:48Z</time>
   </trkpt>
   <trkpt lat="39.7009550" lon="-105.1781400">
    <ele>2082.1</ele>
    <time>2026-07-15T21:52:49Z</time>
   </trkpt>
   <trkpt lat="39.7009460" lon="-105.1781340">
    <ele>2082.0</ele>
    <time>2026-07-15T21:52:50Z</time>
   </trkpt>
   <trkpt lat="39.7009430" lon="-105.1781380">
    <ele>2081.9</ele>
    <time>2026-07-15T21:52:51Z</time>
   </trkpt>
   <trkpt lat="39.7009310" lon="-105.1781420">
    <ele>2081.7</ele>
    <time>2026-07-15T21:52:52Z</time>
   </trkpt>
   <trkpt lat="39.7009320" lon="-105.1781470">
    <ele>2081.7</ele>
    <time>2026-07-15T21:52:53Z</time>
   </trkpt>
   <trkpt lat="39.7009290" lon="-105.1781490">
    <ele>2081.6</ele>
    <time>2026-07-15T21:52:54Z</time>
   </trkpt>
   <trkpt lat="39.7009260" lon="-105.1781540">
    <ele>2081.5</ele>
    <time>2026-07-15T21:52:55Z</time>
   </trkpt>
   <trkpt lat="39.7009210" lon="-105.1781620">
    <ele>2081.4</ele>
    <time>2026-07-15T21:52:56Z</time>
   </trkpt>
   <trkpt lat="39.7009170" lon="-105.1781690">
    <ele>2081.3</ele>
    <time>2026-07-15T21:52:57Z</time>
   </trkpt>
   <trkpt lat="39.7009160" lon="-105.1781790">
    <ele>2081.2</ele>
    <time>2026-07-15T21:52:58Z</time>
   </trkpt>
   <trkpt lat="39.7009160" lon="-105.1781890">
    <ele>2081.0</ele>
    <time>2026-07-15T21:52:59Z</time>
   </trkpt>
   <trkpt lat="39.7009140" lon="-105.1782030">
    <ele>2080.9</ele>
    <time>2026-07-15T21:53:00Z</time>
   </trkpt>
   <trkpt lat="39.7008930" lon="-105.1782340">
    <ele>2080.3</ele>
    <time>2026-07-15T21:53:01Z</time>
   </trkpt>
   <trkpt lat="39.7009030" lon="-105.1782350">
    <ele>2080.2</ele>
    <time>2026-07-15T21:53:02Z</time>
   </trkpt>
   <trkpt lat="39.7008970" lon="-105.1782470">
    <ele>2080.0</ele>
    <time>2026-07-15T21:53:03Z</time>
   </trkpt>
   <trkpt lat="39.7008960" lon="-105.1782530">
    <ele>2079.9</ele>
    <time>2026-07-15T21:53:04Z</time>
   </trkpt>
   <trkpt lat="39.7008920" lon="-105.1782620">
    <ele>2079.8</ele>
    <time>2026-07-15T21:53:05Z</time>
   </trkpt>
   <trkpt lat="39.7008810" lon="-105.1782770">
    <ele>2079.6</ele>
    <time>2026-07-15T21:53:06Z</time>
   </trkpt>
   <trkpt lat="39.7008880" lon="-105.1782770">
    <ele>2079.4</ele>
    <time>2026-07-15T21:53:07Z</time>
   </trkpt>
   <trkpt lat="39.7008920" lon="-105.1783210">
    <ele>2078.9</ele>
    <time>2026-07-15T21:53:08Z</time>
   </trkpt>
   <trkpt lat="39.7008890" lon="-105.1783380">
    <ele>2078.7</ele>
    <time>2026-07-15T21:53:09Z</time>
   </trkpt>
   <trkpt lat="39.7008730" lon="-105.1783440">
    <ele>2078.5</ele>
    <time>2026-07-15T21:53:10Z</time>
   </trkpt>
   <trkpt lat="39.7008590" lon="-105.1783550">
    <ele>2078.2</ele>
    <time>2026-07-15T21:53:11Z</time>
   </trkpt>
   <trkpt lat="39.7008470" lon="-105.1783650">
    <ele>2078.0</ele>
    <time>2026-07-15T21:53:13Z</time>
   </trkpt>
   <trkpt lat="39.7008290" lon="-105.1783720">
    <ele>2077.7</ele>
    <time>2026-07-15T21:53:14Z</time>
   </trkpt>
   <trkpt lat="39.7008060" lon="-105.1783730">
    <ele>2077.4</ele>
    <time>2026-07-15T21:53:15Z</time>
   </trkpt>
   <trkpt lat="39.7007940" lon="-105.1783770">
    <ele>2077.2</ele>
    <time>2026-07-15T21:53:16Z</time>
   </trkpt>
   <trkpt lat="39.7007830" lon="-105.1783920">
    <ele>2077.0</ele>
    <time>2026-07-15T21:53:17Z</time>
   </trkpt>
   <trkpt lat="39.7007760" lon="-105.1784150">
    <ele>2076.7</ele>
    <time>2026-07-15T21:53:18Z</time>
   </trkpt>
   <trkpt lat="39.7007750" lon="-105.1784430">
    <ele>2076.4</ele>
    <time>2026-07-15T21:53:19Z</time>
   </trkpt>
   <trkpt lat="39.7007730" lon="-105.1784710">
    <ele>2076.1</ele>
    <time>2026-07-15T21:53:20Z</time>
   </trkpt>
   <trkpt lat="39.7007740" lon="-105.1785040">
    <ele>2075.7</ele>
    <time>2026-07-15T21:53:21Z</time>
   </trkpt>
   <trkpt lat="39.7007730" lon="-105.1785350">
    <ele>2075.4</ele>
    <time>2026-07-15T21:53:22Z</time>
   </trkpt>
   <trkpt lat="39.7007770" lon="-105.1785640">
    <ele>2075.1</ele>
    <time>2026-07-15T21:53:23Z</time>
   </trkpt>
   <trkpt lat="39.7007850" lon="-105.1785930">
    <ele>2074.8</ele>
    <time>2026-07-15T21:53:24Z</time>
   </trkpt>
   <trkpt lat="39.7007850" lon="-105.1786200">
    <ele>2074.5</ele>
    <time>2026-07-15T21:53:25Z</time>
   </trkpt>
   <trkpt lat="39.7007800" lon="-105.1786420">
    <ele>2074.3</ele>
    <time>2026-07-15T21:53:26Z</time>
   </trkpt>
   <trkpt lat="39.7007720" lon="-105.1786580">
    <ele>2074.1</ele>
    <time>2026-07-15T21:53:27Z</time>
   </trkpt>
   <trkpt lat="39.7007690" lon="-105.1786650">
    <ele>2074.0</ele>
    <time>2026-07-15T21:53:28Z</time>
   </trkpt>
   <trkpt lat="39.7007680" lon="-105.1786650">
    <ele>2074.0</ele>
    <time>2026-07-15T21:53:29Z</time>
   </trkpt>
   <trkpt lat="39.7007690" lon="-105.1786580">
    <ele>2073.9</ele>
    <time>2026-07-15T21:53:30Z</time>
   </trkpt>
   <trkpt lat="39.7007470" lon="-105.1786630">
    <ele>2073.7</ele>
    <time>2026-07-15T21:53:31Z</time>
   </trkpt>
   <trkpt lat="39.7007620" lon="-105.1786580">
    <ele>2073.5</ele>
    <time>2026-07-15T21:53:32Z</time>
   </trkpt>
   <trkpt lat="39.7007650" lon="-105.1786580">
    <ele>2073.5</ele>
    <time>2026-07-15T21:53:33Z</time>
   </trkpt>
   <trkpt lat="39.7007650" lon="-105.1786570">
    <ele>2073.5</ele>
    <time>2026-07-15T21:53:34Z</time>
   </trkpt>
   <trkpt lat="39.7007650" lon="-105.1786570">
    <ele>2073.5</ele>
    <time>2026-07-15T21:53:35Z</time>
   </trkpt>
   <trkpt lat="39.7007650" lon="-105.1786570">
    <ele>2073.5</ele>
    <time>2026-07-15T21:53:36Z</time>
   </trkpt>
   <trkpt lat="39.7007650" lon="-105.1786570">
    <ele>2073.5</ele>
    <time>2026-07-15T21:53:37Z</time>
   </trkpt>
   <trkpt lat="39.7007670" lon="-105.1786660">
    <ele>2073.4</ele>
    <time>2026-07-15T21:53:38Z</time>
   </trkpt>
   <trkpt lat="39.7007600" lon="-105.1787040">
    <ele>2073.0</ele>
    <time>2026-07-15T21:53:39Z</time>
   </trkpt>
   <trkpt lat="39.7007530" lon="-105.1787500">
    <ele>2072.6</ele>
    <time>2026-07-15T21:53:40Z</time>
   </trkpt>
   <trkpt lat="39.7007390" lon="-105.1788010">
    <ele>2072.2</ele>
    <time>2026-07-15T21:53:41Z</time>
   </trkpt>
   <trkpt lat="39.7007340" lon="-105.1788540">
    <ele>2071.8</ele>
    <time>2026-07-15T21:53:42Z</time>
   </trkpt>
   <trkpt lat="39.7007320" lon="-105.1789190">
    <ele>2071.4</ele>
    <time>2026-07-15T21:53:43Z</time>
   </trkpt>
   <trkpt lat="39.7007340" lon="-105.1789560">
    <ele>2071.1</ele>
    <time>2026-07-15T21:53:44Z</time>
   </trkpt>
   <trkpt lat="39.7007470" lon="-105.1789860">
    <ele>2070.9</ele>
    <time>2026-07-15T21:53:45Z</time>
   </trkpt>
   <trkpt lat="39.7007410" lon="-105.1790160">
    <ele>2070.7</ele>
    <time>2026-07-15T21:53:46Z</time>
   </trkpt>
   <trkpt lat="39.7007330" lon="-105.1790210">
    <ele>2070.6</ele>
    <time>2026-07-15T21:53:47Z</time>
   </trkpt>
   <trkpt lat="39.7007110" lon="-105.1790230">
    <ele>2070.3</ele>
    <time>2026-07-15T21:53:48Z</time>
   </trkpt>
   <trkpt lat="39.7006840" lon="-105.1790070">
    <ele>2070.0</ele>
    <time>2026-07-15T21:53:49Z</time>
   </trkpt>
   <trkpt lat="39.7006500" lon="-105.1789680">
    <ele>2069.5</ele>
    <time>2026-07-15T21:53:50Z</time>
   </trkpt>
   <trkpt lat="39.7006330" lon="-105.1789390">
    <ele>2069.2</ele>
    <time>2026-07-15T21:53:51Z</time>
   </trkpt>
   <trkpt lat="39.7006070" lon="-105.1789110">
    <ele>2068.9</ele>
    <time>2026-07-15T21:53:52Z</time>
   </trkpt>
   <trkpt lat="39.7005790" lon="-105.1788700">
    <ele>2068.5</ele>
    <time>2026-07-15T21:53:53Z</time>
   </trkpt>
   <trkpt lat="39.7005550" lon="-105.1788270">
    <ele>2068.2</ele>
    <time>2026-07-15T21:53:54Z</time>
   </trkpt>
   <trkpt lat="39.7005260" lon="-105.1787800">
    <ele>2068.0</ele>
    <time>2026-07-15T21:53:55Z</time>
   </trkpt>
   <trkpt lat="39.7004940" lon="-105.1787370">
    <ele>2067.7</ele>
    <time>2026-07-15T21:53:56Z</time>
   </trkpt>
   <trkpt lat="39.7004440" lon="-105.1786560">
    <ele>2067.4</ele>
    <time>2026-07-15T21:53:57Z</time>
   </trkpt>
   <trkpt lat="39.7004280" lon="-105.1786050">
    <ele>2067.3</ele>
    <time>2026-07-15T21:53:58Z</time>
   </trkpt>
   <trkpt lat="39.7004060" lon="-105.1785660">
    <ele>2067.2</ele>
    <time>2026-07-15T21:53:59Z</time>
   </trkpt>
   <trkpt lat="39.7003720" lon="-105.1785280">
    <ele>2067.1</ele>
    <time>2026-07-15T21:54:00Z</time>
   </trkpt>
   <trkpt lat="39.7003520" lon="-105.1785300">
    <ele>2067.1</ele>
    <time>2026-07-15T21:54:01Z</time>
   </trkpt>
   <trkpt lat="39.7003320" lon="-105.1784650">
    <ele>2067.0</ele>
    <time>2026-07-15T21:54:02Z</time>
   </trkpt>
   <trkpt lat="39.7003140" lon="-105.1784500">
    <ele>2067.0</ele>
    <time>2026-07-15T21:54:03Z</time>
   </trkpt>
   <trkpt lat="39.7002940" lon="-105.1784760">
    <ele>2066.9</ele>
    <time>2026-07-15T21:54:04Z</time>
   </trkpt>
   <trkpt lat="39.7002830" lon="-105.1785190">
    <ele>2066.6</ele>
    <time>2026-07-15T21:54:05Z</time>
   </trkpt>
   <trkpt lat="39.7002970" lon="-105.1785720">
    <ele>2066.4</ele>
    <time>2026-07-15T21:54:06Z</time>
   </trkpt>
   <trkpt lat="39.7003260" lon="-105.1786140">
    <ele>2066.1</ele>
    <time>2026-07-15T21:54:07Z</time>
   </trkpt>
   <trkpt lat="39.7003650" lon="-105.1786360">
    <ele>2065.9</ele>
    <time>2026-07-15T21:54:08Z</time>
   </trkpt>
   <trkpt lat="39.7003700" lon="-105.1786490">
    <ele>2065.8</ele>
    <time>2026-07-15T21:54:09Z</time>
   </trkpt>
   <trkpt lat="39.7003690" lon="-105.1786790">
    <ele>2065.7</ele>
    <time>2026-07-15T21:54:10Z</time>
   </trkpt>
   <trkpt lat="39.7003630" lon="-105.1787140">
    <ele>2065.5</ele>
    <time>2026-07-15T21:54:11Z</time>
   </trkpt>
   <trkpt lat="39.7003730" lon="-105.1787480">
    <ele>2065.4</ele>
    <time>2026-07-15T21:54:12Z</time>
   </trkpt>
   <trkpt lat="39.7003820" lon="-105.1787740">
    <ele>2065.3</ele>
    <time>2026-07-15T21:54:13Z</time>
   </trkpt>
   <trkpt lat="39.7003870" lon="-105.1788170">
    <ele>2065.1</ele>
    <time>2026-07-15T21:54:14Z</time>
   </trkpt>
   <trkpt lat="39.7004010" lon="-105.1788570">
    <ele>2065.0</ele>
    <time>2026-07-15T21:54:15Z</time>
   </trkpt>
   <trkpt lat="39.7004240" lon="-105.1788970">
    <ele>2064.8</ele>
    <time>2026-07-15T21:54:16Z</time>
   </trkpt>
   <trkpt lat="39.7004280" lon="-105.1789430">
    <ele>2064.6</ele>
    <time>2026-07-15T21:54:17Z</time>
   </trkpt>
   <trkpt lat="39.7004290" lon="-105.1789850">
    <ele>2064.5</ele>
    <time>2026-07-15T21:54:18Z</time>
   </trkpt>
   <trkpt lat="39.7004270" lon="-105.1790280">
    <ele>2064.3</ele>
    <time>2026-07-15T21:54:19Z</time>
   </trkpt>
   <trkpt lat="39.7004320" lon="-105.1790610">
    <ele>2064.2</ele>
    <time>2026-07-15T21:54:20Z</time>
   </trkpt>
   <trkpt lat="39.7004380" lon="-105.1791000">
    <ele>2064.1</ele>
    <time>2026-07-15T21:54:21Z</time>
   </trkpt>
   <trkpt lat="39.7004340" lon="-105.1791550">
    <ele>2063.9</ele>
    <time>2026-07-15T21:54:22Z</time>
   </trkpt>
   <trkpt lat="39.7004450" lon="-105.1791870">
    <ele>2063.8</ele>
    <time>2026-07-15T21:54:23Z</time>
   </trkpt>
   <trkpt lat="39.7004710" lon="-105.1792520">
    <ele>2063.6</ele>
    <time>2026-07-15T21:54:24Z</time>
   </trkpt>
   <trkpt lat="39.7004340" lon="-105.1792990">
    <ele>2063.4</ele>
    <time>2026-07-15T21:54:25Z</time>
   </trkpt>
   <trkpt lat="39.7004360" lon="-105.1793360">
    <ele>2063.3</ele>
    <time>2026-07-15T21:54:26Z</time>
   </trkpt>
   <trkpt lat="39.7004470" lon="-105.1793950">
    <ele>2063.1</ele>
    <time>2026-07-15T21:54:27Z</time>
   </trkpt>
   <trkpt lat="39.7004370" lon="-105.1794640">
    <ele>2062.9</ele>
    <time>2026-07-15T21:54:28Z</time>
   </trkpt>
   <trkpt lat="39.7004050" lon="-105.1795220">
    <ele>2062.7</ele>
    <time>2026-07-15T21:54:29Z</time>
   </trkpt>
   <trkpt lat="39.7003810" lon="-105.1795890">
    <ele>2062.5</ele>
    <time>2026-07-15T21:54:30Z</time>
   </trkpt>
   <trkpt lat="39.7003800" lon="-105.1796750">
    <ele>2062.2</ele>
    <time>2026-07-15T21:54:31Z</time>
   </trkpt>
   <trkpt lat="39.7003810" lon="-105.1797420">
    <ele>2061.9</ele>
    <time>2026-07-15T21:54:32Z</time>
   </trkpt>
   <trkpt lat="39.7003490" lon="-105.1797890">
    <ele>2061.7</ele>
    <time>2026-07-15T21:54:33Z</time>
   </trkpt>
   <trkpt lat="39.7003000" lon="-105.1798340">
    <ele>2061.4</ele>
    <time>2026-07-15T21:54:34Z</time>
   </trkpt>
   <trkpt lat="39.7002800" lon="-105.1799110">
    <ele>2061.1</ele>
    <time>2026-07-15T21:54:35Z</time>
   </trkpt>
   <trkpt lat="39.7002850" lon="-105.1799840">
    <ele>2060.8</ele>
    <time>2026-07-15T21:54:36Z</time>
   </trkpt>
   <trkpt lat="39.7003140" lon="-105.1800690">
    <ele>2060.6</ele>
    <time>2026-07-15T21:54:37Z</time>
   </trkpt>
   <trkpt lat="39.7002800" lon="-105.1800750">
    <ele>2060.4</ele>
    <time>2026-07-15T21:54:38Z</time>
   </trkpt>
   <trkpt lat="39.7002610" lon="-105.1801440">
    <ele>2060.2</ele>
    <time>2026-07-15T21:54:39Z</time>
   </trkpt>
   <trkpt lat="39.7002680" lon="-105.1802000">
    <ele>2060.0</ele>
    <time>2026-07-15T21:54:40Z</time>
   </trkpt>
   <trkpt lat="39.7002910" lon="-105.1802400">
    <ele>2059.9</ele>
    <time>2026-07-15T21:54:41Z</time>
   </trkpt>
   <trkpt lat="39.7003050" lon="-105.1802660">
    <ele>2059.8</ele>
    <time>2026-07-15T21:54:42Z</time>
   </trkpt>
   <trkpt lat="39.7002920" lon="-105.1803200">
    <ele>2059.6</ele>
    <time>2026-07-15T21:54:43Z</time>
   </trkpt>
   <trkpt lat="39.7002960" lon="-105.1803640">
    <ele>2059.5</ele>
    <time>2026-07-15T21:54:44Z</time>
   </trkpt>
   <trkpt lat="39.7003170" lon="-105.1804070">
    <ele>2059.3</ele>
    <time>2026-07-15T21:54:45Z</time>
   </trkpt>
   <trkpt lat="39.7003340" lon="-105.1804410">
    <ele>2059.2</ele>
    <time>2026-07-15T21:54:46Z</time>
   </trkpt>
   <trkpt lat="39.7003180" lon="-105.1804870">
    <ele>2059.0</ele>
    <time>2026-07-15T21:54:47Z</time>
   </trkpt>
   <trkpt lat="39.7003100" lon="-105.1805560">
    <ele>2058.8</ele>
    <time>2026-07-15T21:54:48Z</time>
   </trkpt>
   <trkpt lat="39.7003170" lon="-105.1806220">
    <ele>2058.6</ele>
    <time>2026-07-15T21:54:49Z</time>
   </trkpt>
   <trkpt lat="39.7003140" lon="-105.1806880">
    <ele>2058.3</ele>
    <time>2026-07-15T21:54:50Z</time>
   </trkpt>
   <trkpt lat="39.7003090" lon="-105.1807490">
    <ele>2058.1</ele>
    <time>2026-07-15T21:54:51Z</time>
   </trkpt>
   <trkpt lat="39.7002990" lon="-105.1808060">
    <ele>2057.9</ele>
    <time>2026-07-15T21:54:52Z</time>
   </trkpt>
   <trkpt lat="39.7002720" lon="-105.1808620">
    <ele>2057.6</ele>
    <time>2026-07-15T21:54:53Z</time>
   </trkpt>
   <trkpt lat="39.7002180" lon="-105.1809100">
    <ele>2057.2</ele>
    <time>2026-07-15T21:54:54Z</time>
   </trkpt>
   <trkpt lat="39.7001890" lon="-105.1809490">
    <ele>2056.9</ele>
    <time>2026-07-15T21:54:55Z</time>
   </trkpt>
   <trkpt lat="39.7002030" lon="-105.1810200">
    <ele>2056.4</ele>
    <time>2026-07-15T21:54:56Z</time>
   </trkpt>
   <trkpt lat="39.7001940" lon="-105.1810370">
    <ele>2056.3</ele>
    <time>2026-07-15T21:54:57Z</time>
   </trkpt>
   <trkpt lat="39.7001570" lon="-105.1810360">
    <ele>2056.0</ele>
    <time>2026-07-15T21:54:58Z</time>
   </trkpt>
   <trkpt lat="39.7001180" lon="-105.1809730">
    <ele>2055.3</ele>
    <time>2026-07-15T21:54:59Z</time>
   </trkpt>
   <trkpt lat="39.7001260" lon="-105.1808780">
    <ele>2054.5</ele>
    <time>2026-07-15T21:55:00Z</time>
   </trkpt>
   <trkpt lat="39.7001320" lon="-105.1808040">
    <ele>2053.9</ele>
    <time>2026-07-15T21:55:01Z</time>
   </trkpt>
   <trkpt lat="39.7001310" lon="-105.1807550">
    <ele>2053.5</ele>
    <time>2026-07-15T21:55:02Z</time>
   </trkpt>
   <trkpt lat="39.7001140" lon="-105.1807110">
    <ele>2053.2</ele>
    <time>2026-07-15T21:55:03Z</time>
   </trkpt>
   <trkpt lat="39.7001020" lon="-105.1806520">
    <ele>2052.7</ele>
    <time>2026-07-15T21:55:04Z</time>
   </trkpt>
   <trkpt lat="39.7000780" lon="-105.1806060">
    <ele>2052.3</ele>
    <time>2026-07-15T21:55:05Z</time>
   </trkpt>
   <trkpt lat="39.7000670" lon="-105.1805680">
    <ele>2052.0</ele>
    <time>2026-07-15T21:55:06Z</time>
   </trkpt>
   <trkpt lat="39.7000470" lon="-105.1805360">
    <ele>2051.7</ele>
    <time>2026-07-15T21:55:07Z</time>
   </trkpt>
   <trkpt lat="39.7000170" lon="-105.1804860">
    <ele>2051.2</ele>
    <time>2026-07-15T21:55:08Z</time>
   </trkpt>
   <trkpt lat="39.6999990" lon="-105.1804180">
    <ele>2050.6</ele>
    <time>2026-07-15T21:55:09Z</time>
   </trkpt>
   <trkpt lat="39.6999900" lon="-105.1803550">
    <ele>2050.1</ele>
    <time>2026-07-15T21:55:10Z</time>
   </trkpt>
   <trkpt lat="39.6999700" lon="-105.1803120">
    <ele>2049.8</ele>
    <time>2026-07-15T21:55:11Z</time>
   </trkpt>
   <trkpt lat="39.6999440" lon="-105.1802600">
    <ele>2049.4</ele>
    <time>2026-07-15T21:55:12Z</time>
   </trkpt>
   <trkpt lat="39.6999240" lon="-105.1802080">
    <ele>2049.0</ele>
    <time>2026-07-15T21:55:13Z</time>
   </trkpt>
   <trkpt lat="39.6999080" lon="-105.1801490">
    <ele>2048.6</ele>
    <time>2026-07-15T21:55:14Z</time>
   </trkpt>
   <trkpt lat="39.6999110" lon="-105.1800940">
    <ele>2048.3</ele>
    <time>2026-07-15T21:55:15Z</time>
   </trkpt>
   <trkpt lat="39.6999080" lon="-105.1800460">
    <ele>2048.0</ele>
    <time>2026-07-15T21:55:16Z</time>
   </trkpt>
   <trkpt lat="39.6999010" lon="-105.1799960">
    <ele>2047.7</ele>
    <time>2026-07-15T21:55:17Z</time>
   </trkpt>
   <trkpt lat="39.6998870" lon="-105.1799590">
    <ele>2047.4</ele>
    <time>2026-07-15T21:55:18Z</time>
   </trkpt>
   <trkpt lat="39.6998760" lon="-105.1799110">
    <ele>2047.1</ele>
    <time>2026-07-15T21:55:19Z</time>
   </trkpt>
   <trkpt lat="39.6998750" lon="-105.1798430">
    <ele>2046.6</ele>
    <time>2026-07-15T21:55:20Z</time>
   </trkpt>
   <trkpt lat="39.6998810" lon="-105.1798100">
    <ele>2046.4</ele>
    <time>2026-07-15T21:55:21Z</time>
   </trkpt>
   <trkpt lat="39.6998880" lon="-105.1797570">
    <ele>2046.0</ele>
    <time>2026-07-15T21:55:22Z</time>
   </trkpt>
   <trkpt lat="39.6998900" lon="-105.1796950">
    <ele>2045.6</ele>
    <time>2026-07-15T21:55:23Z</time>
   </trkpt>
   <trkpt lat="39.6998940" lon="-105.1796320">
    <ele>2045.2</ele>
    <time>2026-07-15T21:55:24Z</time>
   </trkpt>
   <trkpt lat="39.6998970" lon="-105.1795710">
    <ele>2044.7</ele>
    <time>2026-07-15T21:55:25Z</time>
   </trkpt>
   <trkpt lat="39.6999050" lon="-105.1795340">
    <ele>2044.5</ele>
    <time>2026-07-15T21:55:26Z</time>
   </trkpt>
   <trkpt lat="39.6998970" lon="-105.1794770">
    <ele>2044.2</ele>
    <time>2026-07-15T21:55:27Z</time>
   </trkpt>
   <trkpt lat="39.6998810" lon="-105.1793750">
    <ele>2043.6</ele>
    <time>2026-07-15T21:55:28Z</time>
   </trkpt>
   <trkpt lat="39.6999160" lon="-105.1792250">
    <ele>2042.7</ele>
    <time>2026-07-15T21:55:29Z</time>
   </trkpt>
   <trkpt lat="39.6998810" lon="-105.1791710">
    <ele>2042.4</ele>
    <time>2026-07-15T21:55:30Z</time>
   </trkpt>
   <trkpt lat="39.6998440" lon="-105.1791170">
    <ele>2042.0</ele>
    <time>2026-07-15T21:55:31Z</time>
   </trkpt>
   <trkpt lat="39.6998020" lon="-105.1790620">
    <ele>2041.6</ele>
    <time>2026-07-15T21:55:32Z</time>
   </trkpt>
   <trkpt lat="39.6997560" lon="-105.1789950">
    <ele>2041.1</ele>
    <time>2026-07-15T21:55:33Z</time>
   </trkpt>
   <trkpt lat="39.6997130" lon="-105.1789460">
    <ele>2040.8</ele>
    <time>2026-07-15T21:55:34Z</time>
   </trkpt>
   <trkpt lat="39.6996780" lon="-105.1789170">
    <ele>2040.6</ele>
    <time>2026-07-15T21:55:35Z</time>
   </trkpt>
   <trkpt lat="39.6996400" lon="-105.1788890">
    <ele>2040.5</ele>
    <time>2026-07-15T21:55:36Z</time>
   </trkpt>
   <trkpt lat="39.6996120" lon="-105.1788720">
    <ele>2040.4</ele>
    <time>2026-07-15T21:55:37Z</time>
   </trkpt>
   <trkpt lat="39.6995870" lon="-105.1788670">
    <ele>2040.3</ele>
    <time>2026-07-15T21:55:38Z</time>
   </trkpt>
   <trkpt lat="39.6995440" lon="-105.1788620">
    <ele>2040.1</ele>
    <time>2026-07-15T21:55:39Z</time>
   </trkpt>
   <trkpt lat="39.6994990" lon="-105.1788680">
    <ele>2040.0</ele>
    <time>2026-07-15T21:55:40Z</time>
   </trkpt>
   <trkpt lat="39.6994490" lon="-105.1788760">
    <ele>2039.8</ele>
    <time>2026-07-15T21:55:41Z</time>
   </trkpt>
   <trkpt lat="39.6994170" lon="-105.1788760">
    <ele>2039.7</ele>
    <time>2026-07-15T21:55:42Z</time>
   </trkpt>
   <trkpt lat="39.6993860" lon="-105.1788790">
    <ele>2039.6</ele>
    <time>2026-07-15T21:55:43Z</time>
   </trkpt>
   <trkpt lat="39.6993710" lon="-105.1788920">
    <ele>2039.5</ele>
    <time>2026-07-15T21:55:44Z</time>
   </trkpt>
   <trkpt lat="39.6993900" lon="-105.1789520">
    <ele>2039.2</ele>
    <time>2026-07-15T21:55:45Z</time>
   </trkpt>
   <trkpt lat="39.6994680" lon="-105.1789660">
    <ele>2038.6</ele>
    <time>2026-07-15T21:55:46Z</time>
   </trkpt>
   <trkpt lat="39.6995180" lon="-105.1789770">
    <ele>2038.1</ele>
    <time>2026-07-15T21:55:47Z</time>
   </trkpt>
   <trkpt lat="39.6995820" lon="-105.1790830">
    <ele>2037.0</ele>
    <time>2026-07-15T21:55:48Z</time>
   </trkpt>
   <trkpt lat="39.6996010" lon="-105.1791510">
    <ele>2036.4</ele>
    <time>2026-07-15T21:55:49Z</time>
   </trkpt>
   <trkpt lat="39.6996090" lon="-105.1792390">
    <ele>2035.7</ele>
    <time>2026-07-15T21:55:50Z</time>
   </trkpt>
   <trkpt lat="39.6996120" lon="-105.1792930">
    <ele>2035.3</ele>
    <time>2026-07-15T21:55:51Z</time>
   </trkpt>
   <trkpt lat="39.6996140" lon="-105.1793470">
    <ele>2034.9</ele>
    <time>2026-07-15T21:55:52Z</time>
   </trkpt>
   <trkpt lat="39.6995950" lon="-105.1794400">
    <ele>2034.2</ele>
    <time>2026-07-15T21:55:53Z</time>
   </trkpt>
   <trkpt lat="39.6995620" lon="-105.1795490">
    <ele>2033.4</ele>
    <time>2026-07-15T21:55:54Z</time>
   </trkpt>
   <trkpt lat="39.6995220" lon="-105.1796380">
    <ele>2032.7</ele>
    <time>2026-07-15T21:55:55Z</time>
   </trkpt>
   <trkpt lat="39.6994660" lon="-105.1797450">
    <ele>2031.8</ele>
    <time>2026-07-15T21:55:56Z</time>
   </trkpt>
   <trkpt lat="39.6994390" lon="-105.1798160">
    <ele>2031.2</ele>
    <time>2026-07-15T21:55:57Z</time>
   </trkpt>
   <trkpt lat="39.6994000" lon="-105.1798830">
    <ele>2030.5</ele>
    <time>2026-07-15T21:55:58Z</time>
   </trkpt>
   <trkpt lat="39.6993410" lon="-105.1799660">
    <ele>2029.7</ele>
    <time>2026-07-15T21:55:59Z</time>
   </trkpt>
   <trkpt lat="39.6993210" lon="-105.1800600">
    <ele>2028.9</ele>
    <time>2026-07-15T21:56:00Z</time>
   </trkpt>
   <trkpt lat="39.6992980" lon="-105.1801440">
    <ele>2028.2</ele>
    <time>2026-07-15T21:56:01Z</time>
   </trkpt>
   <trkpt lat="39.6991480" lon="-105.1801940">
    <ele>2026.6</ele>
    <time>2026-07-15T21:56:02Z</time>
   </trkpt>
   <trkpt lat="39.6990890" lon="-105.1802440">
    <ele>2025.9</ele>
    <time>2026-07-15T21:56:03Z</time>
   </trkpt>
   <trkpt lat="39.6990670" lon="-105.1802600">
    <ele>2025.7</ele>
    <time>2026-07-15T21:56:04Z</time>
   </trkpt>
   <trkpt lat="39.6990230" lon="-105.1803510">
    <ele>2025.1</ele>
    <time>2026-07-15T21:56:05Z</time>
   </trkpt>
   <trkpt lat="39.6989970" lon="-105.1803980">
    <ele>2024.7</ele>
    <time>2026-07-15T21:56:06Z</time>
   </trkpt>
   <trkpt lat="39.6989690" lon="-105.1804800">
    <ele>2024.3</ele>
    <time>2026-07-15T21:56:07Z</time>
   </trkpt>
   <trkpt lat="39.6989480" lon="-105.1805230">
    <ele>2024.0</ele>
    <time>2026-07-15T21:56:08Z</time>
   </trkpt>
   <trkpt lat="39.6989050" lon="-105.1805350">
    <ele>2023.7</ele>
    <time>2026-07-15T21:56:09Z</time>
   </trkpt>
   <trkpt lat="39.6989740" lon="-105.1805390">
    <ele>2023.1</ele>
    <time>2026-07-15T21:56:10Z</time>
   </trkpt>
   <trkpt lat="39.6989390" lon="-105.1805540">
    <ele>2022.8</ele>
    <time>2026-07-15T21:56:11Z</time>
   </trkpt>
   <trkpt lat="39.6988980" lon="-105.1805000">
    <ele>2022.2</ele>
    <time>2026-07-15T21:56:12Z</time>
   </trkpt>
   <trkpt lat="39.6989090" lon="-105.1804180">
    <ele>2021.5</ele>
    <time>2026-07-15T21:56:13Z</time>
   </trkpt>
   <trkpt lat="39.6989280" lon="-105.1803300">
    <ele>2020.8</ele>
    <time>2026-07-15T21:56:14Z</time>
   </trkpt>
   <trkpt lat="39.6989250" lon="-105.1802660">
    <ele>2020.3</ele>
    <time>2026-07-15T21:56:15Z</time>
   </trkpt>
   <trkpt lat="39.6989240" lon="-105.1802070">
    <ele>2019.9</ele>
    <time>2026-07-15T21:56:16Z</time>
   </trkpt>
   <trkpt lat="39.6989040" lon="-105.1801230">
    <ele>2019.4</ele>
    <time>2026-07-15T21:56:17Z</time>
   </trkpt>
   <trkpt lat="39.6988960" lon="-105.1800590">
    <ele>2019.0</ele>
    <time>2026-07-15T21:56:18Z</time>
   </trkpt>
   <trkpt lat="39.6988600" lon="-105.1800110">
    <ele>2018.6</ele>
    <time>2026-07-15T21:56:19Z</time>
   </trkpt>
   <trkpt lat="39.6987920" lon="-105.1800020">
    <ele>2018.2</ele>
    <time>2026-07-15T21:56:20Z</time>
   </trkpt>
   <trkpt lat="39.6987280" lon="-105.1799890">
    <ele>2017.9</ele>
    <time>2026-07-15T21:56:21Z</time>
   </trkpt>
   <trkpt lat="39.6986870" lon="-105.1799530">
    <ele>2017.8</ele>
    <time>2026-07-15T21:56:22Z</time>
   </trkpt>
   <trkpt lat="39.6986410" lon="-105.1799700">
    <ele>2017.6</ele>
    <time>2026-07-15T21:56:23Z</time>
   </trkpt>
   <trkpt lat="39.6985800" lon="-105.1799980">
    <ele>2017.3</ele>
    <time>2026-07-15T21:56:24Z</time>
   </trkpt>
   <trkpt lat="39.6985530" lon="-105.1799510">
    <ele>2017.1</ele>
    <time>2026-07-15T21:56:25Z</time>
   </trkpt>
   <trkpt lat="39.6985400" lon="-105.1799440">
    <ele>2017.1</ele>
    <time>2026-07-15T21:56:26Z</time>
   </trkpt>
   <trkpt lat="39.6985330" lon="-105.1800070">
    <ele>2016.8</ele>
    <time>2026-07-15T21:56:27Z</time>
   </trkpt>
   <trkpt lat="39.6985720" lon="-105.1800420">
    <ele>2016.6</ele>
    <time>2026-07-15T21:56:28Z</time>
   </trkpt>
   <trkpt lat="39.6986250" lon="-105.1800440">
    <ele>2016.3</ele>
    <time>2026-07-15T21:56:29Z</time>
   </trkpt>
   <trkpt lat="39.6986780" lon="-105.1800580">
    <ele>2016.1</ele>
    <time>2026-07-15T21:56:30Z</time>
   </trkpt>
   <trkpt lat="39.6987270" lon="-105.1800940">
    <ele>2015.8</ele>
    <time>2026-07-15T21:56:31Z</time>
   </trkpt>
   <trkpt lat="39.6987500" lon="-105.1801620">
    <ele>2015.6</ele>
    <time>2026-07-15T21:56:32Z</time>
   </trkpt>
   <trkpt lat="39.6987420" lon="-105.1802410">
    <ele>2015.3</ele>
    <time>2026-07-15T21:56:33Z</time>
   </trkpt>
   <trkpt lat="39.6987440" lon="-105.1803030">
    <ele>2015.1</ele>
    <time>2026-07-15T21:56:34Z</time>
   </trkpt>
   <trkpt lat="39.6987300" lon="-105.1803620">
    <ele>2014.9</ele>
    <time>2026-07-15T21:56:35Z</time>
   </trkpt>
   <trkpt lat="39.6987130" lon="-105.1804280">
    <ele>2014.6</ele>
    <time>2026-07-15T21:56:36Z</time>
   </trkpt>
   <trkpt lat="39.6987080" lon="-105.1804940">
    <ele>2014.4</ele>
    <time>2026-07-15T21:56:37Z</time>
   </trkpt>
   <trkpt lat="39.6986750" lon="-105.1805520">
    <ele>2014.2</ele>
    <time>2026-07-15T21:56:38Z</time>
   </trkpt>
   <trkpt lat="39.6986600" lon="-105.1805650">
    <ele>2014.1</ele>
    <time>2026-07-15T21:56:39Z</time>
   </trkpt>
   <trkpt lat="39.6986450" lon="-105.1806260">
    <ele>2013.9</ele>
    <time>2026-07-15T21:56:40Z</time>
   </trkpt>
   <trkpt lat="39.6986500" lon="-105.1806830">
    <ele>2013.7</ele>
    <time>2026-07-15T21:56:41Z</time>
   </trkpt>
   <trkpt lat="39.6986350" lon="-105.1807400">
    <ele>2013.4</ele>
    <time>2026-07-15T21:56:42Z</time>
   </trkpt>
   <trkpt lat="39.6986130" lon="-105.1807830">
    <ele>2013.2</ele>
    <time>2026-07-15T21:56:43Z</time>
   </trkpt>
   <trkpt lat="39.6985850" lon="-105.1807990">
    <ele>2013.0</ele>
    <time>2026-07-15T21:56:44Z</time>
   </trkpt>
   <trkpt lat="39.6985640" lon="-105.1808010">
    <ele>2012.8</ele>
    <time>2026-07-15T21:56:45Z</time>
   </trkpt>
   <trkpt lat="39.6985500" lon="-105.1808040">
    <ele>2012.7</ele>
    <time>2026-07-15T21:56:46Z</time>
   </trkpt>
   <trkpt lat="39.6985460" lon="-105.1808020">
    <ele>2012.7</ele>
    <time>2026-07-15T21:56:47Z</time>
   </trkpt>
   <trkpt lat="39.6985510" lon="-105.1808010">
    <ele>2012.7</ele>
    <time>2026-07-15T21:56:48Z</time>
   </trkpt>
   <trkpt lat="39.6985570" lon="-105.1808010">
    <ele>2012.6</ele>
    <time>2026-07-15T21:56:49Z</time>
   </trkpt>
   <trkpt lat="39.6985570" lon="-105.1808010">
    <ele>2012.6</ele>
    <time>2026-07-15T21:56:50Z</time>
   </trkpt>
   <trkpt lat="39.6985570" lon="-105.1808010">
    <ele>2012.6</ele>
    <time>2026-07-15T21:56:51Z</time>
   </trkpt>
   <trkpt lat="39.6985570" lon="-105.1808010">
    <ele>2012.6</ele>
    <time>2026-07-15T21:56:52Z</time>
   </trkpt>
   <trkpt lat="39.6985570" lon="-105.1808010">
    <ele>2012.6</ele>
    <time>2026-07-15T21:56:53Z</time>
   </trkpt>
   <trkpt lat="39.6985570" lon="-105.1808010">
    <ele>2012.6</ele>
    <time>2026-07-15T21:56:54Z</time>
   </trkpt>
   <trkpt lat="39.6985570" lon="-105.1808030">
    <ele>2012.6</ele>
    <time>2026-07-15T21:56:55Z</time>
   </trkpt>
   <trkpt lat="39.6985560" lon="-105.1808030">
    <ele>2012.6</ele>
    <time>2026-07-15T21:56:56Z</time>
   </trkpt>
   <trkpt lat="39.6985340" lon="-105.1807340">
    <ele>2012.2</ele>
    <time>2026-07-15T21:57:11Z</time>
   </trkpt>
   <trkpt lat="39.6985290" lon="-105.1806880">
    <ele>2011.9</ele>
    <time>2026-07-15T21:57:12Z</time>
   </trkpt>
   <trkpt lat="39.6985280" lon="-105.1806110">
    <ele>2011.6</ele>
    <time>2026-07-15T21:57:13Z</time>
   </trkpt>
   <trkpt lat="39.6984920" lon="-105.1805980">
    <ele>2011.4</ele>
    <time>2026-07-15T21:57:14Z</time>
   </trkpt>
   <trkpt lat="39.6985520" lon="-105.1804980">
    <ele>2011.0</ele>
    <time>2026-07-15T21:57:15Z</time>
   </trkpt>
   <trkpt lat="39.6985450" lon="-105.1804390">
    <ele>2010.9</ele>
    <time>2026-07-15T21:57:16Z</time>
   </trkpt>
   <trkpt lat="39.6985420" lon="-105.1803740">
    <ele>2010.8</ele>
    <time>2026-07-15T21:57:17Z</time>
   </trkpt>
   <trkpt lat="39.6985410" lon="-105.1803200">
    <ele>2010.7</ele>
    <time>2026-07-15T21:57:18Z</time>
   </trkpt>
   <trkpt lat="39.6985560" lon="-105.1802620">
    <ele>2010.7</ele>
    <time>2026-07-15T21:57:19Z</time>
   </trkpt>
   <trkpt lat="39.6985400" lon="-105.1802090">
    <ele>2010.7</ele>
    <time>2026-07-15T21:57:20Z</time>
   </trkpt>
   <trkpt lat="39.6984880" lon="-105.1801740">
    <ele>2010.7</ele>
    <time>2026-07-15T21:57:21Z</time>
   </trkpt>
   <trkpt lat="39.6984590" lon="-105.1801870">
    <ele>2010.6</ele>
    <time>2026-07-15T21:57:22Z</time>
   </trkpt>
   <trkpt lat="39.6984160" lon="-105.1801890">
    <ele>2010.6</ele>
    <time>2026-07-15T21:57:23Z</time>
   </trkpt>
   <trkpt lat="39.6983770" lon="-105.1801950">
    <ele>2010.5</ele>
    <time>2026-07-15T21:57:24Z</time>
   </trkpt>
   <trkpt lat="39.6983640" lon="-105.1801960">
    <ele>2010.5</ele>
    <time>2026-07-15T21:57:25Z</time>
   </trkpt>
   <trkpt lat="39.6983380" lon="-105.1801870">
    <ele>2010.5</ele>
    <time>2026-07-15T21:57:26Z</time>
   </trkpt>
   <trkpt lat="39.6983120" lon="-105.1801860">
    <ele>2010.4</ele>
    <time>2026-07-15T21:57:27Z</time>
   </trkpt>
   <trkpt lat="39.6982490" lon="-105.1801860">
    <ele>2010.3</ele>
    <time>2026-07-15T21:57:28Z</time>
   </trkpt>
   <trkpt lat="39.6982120" lon="-105.1801580">
    <ele>2010.1</ele>
    <time>2026-07-15T21:57:29Z</time>
   </trkpt>
   <trkpt lat="39.6982050" lon="-105.1801810">
    <ele>2010.0</ele>
    <time>2026-07-15T21:57:30Z</time>
   </trkpt>
   <trkpt lat="39.6982250" lon="-105.1802470">
    <ele>2009.7</ele>
    <time>2026-07-15T21:57:31Z</time>
   </trkpt>
   <trkpt lat="39.6982760" lon="-105.1802740">
    <ele>2009.4</ele>
    <time>2026-07-15T21:57:32Z</time>
   </trkpt>
   <trkpt lat="39.6983180" lon="-105.1802880">
    <ele>2009.2</ele>
    <time>2026-07-15T21:57:33Z</time>
   </trkpt>
   <trkpt lat="39.6983530" lon="-105.1803130">
    <ele>2009.0</ele>
    <time>2026-07-15T21:57:34Z</time>
   </trkpt>
   <trkpt lat="39.6983930" lon="-105.1803140">
    <ele>2008.7</ele>
    <time>2026-07-15T21:57:35Z</time>
   </trkpt>
   <trkpt lat="39.6984170" lon="-105.1803270">
    <ele>2008.6</ele>
    <time>2026-07-15T21:57:36Z</time>
   </trkpt>
   <trkpt lat="39.6984450" lon="-105.1803670">
    <ele>2008.4</ele>
    <time>2026-07-15T21:57:37Z</time>
   </trkpt>
   <trkpt lat="39.6984500" lon="-105.1804270">
    <ele>2008.1</ele>
    <time>2026-07-15T21:57:38Z</time>
   </trkpt>
   <trkpt lat="39.6984290" lon="-105.1804840">
    <ele>2007.9</ele>
    <time>2026-07-15T21:57:39Z</time>
   </trkpt>
   <trkpt lat="39.6983920" lon="-105.1805320">
    <ele>2007.6</ele>
    <time>2026-07-15T21:57:40Z</time>
   </trkpt>
   <trkpt lat="39.6983780" lon="-105.1805900">
    <ele>2007.3</ele>
    <time>2026-07-15T21:57:41Z</time>
   </trkpt>
   <trkpt lat="39.6983540" lon="-105.1806550">
    <ele>2007.1</ele>
    <time>2026-07-15T21:57:42Z</time>
   </trkpt>
   <trkpt lat="39.6983350" lon="-105.1807200">
    <ele>2006.8</ele>
    <time>2026-07-15T21:57:43Z</time>
   </trkpt>
   <trkpt lat="39.6982900" lon="-105.1807760">
    <ele>2006.5</ele>
    <time>2026-07-15T21:57:44Z</time>
   </trkpt>
   <trkpt lat="39.6982280" lon="-105.1808210">
    <ele>2006.3</ele>
    <time>2026-07-15T21:57:45Z</time>
   </trkpt>
   <trkpt lat="39.6981810" lon="-105.1808650">
    <ele>2006.1</ele>
    <time>2026-07-15T21:57:46Z</time>
   </trkpt>
   <trkpt lat="39.6981370" lon="-105.1808970">
    <ele>2005.9</ele>
    <time>2026-07-15T21:57:47Z</time>
   </trkpt>
   <trkpt lat="39.6981130" lon="-105.1809350">
    <ele>2005.8</ele>
    <time>2026-07-15T21:57:48Z</time>
   </trkpt>
   <trkpt lat="39.6981010" lon="-105.1809610">
    <ele>2005.7</ele>
    <time>2026-07-15T21:57:49Z</time>
   </trkpt>
   <trkpt lat="39.6980720" lon="-105.1809170">
    <ele>2005.3</ele>
    <time>2026-07-15T21:57:50Z</time>
   </trkpt>
   <trkpt lat="39.6980720" lon="-105.1808470">
    <ele>2004.9</ele>
    <time>2026-07-15T21:57:51Z</time>
   </trkpt>
   <trkpt lat="39.6980890" lon="-105.1807870">
    <ele>2004.5</ele>
    <time>2026-07-15T21:57:52Z</time>
   </trkpt>
   <trkpt lat="39.6981410" lon="-105.1807470">
    <ele>2004.1</ele>
    <time>2026-07-15T21:57:53Z</time>
   </trkpt>
   <trkpt lat="39.6981360" lon="-105.1806950">
    <ele>2003.9</ele>
    <time>2026-07-15T21:57:54Z</time>
   </trkpt>
   <trkpt lat="39.6981300" lon="-105.1806420">
    <ele>2003.6</ele>
    <time>2026-07-15T21:57:55Z</time>
   </trkpt>
   <trkpt lat="39.6981010" lon="-105.1805720">
    <ele>2003.3</ele>
    <time>2026-07-15T21:57:56Z</time>
   </trkpt>
   <trkpt lat="39.6980560" lon="-105.1805390">
    <ele>2003.0</ele>
    <time>2026-07-15T21:57:57Z</time>
   </trkpt>
   <trkpt lat="39.6980150" lon="-105.1805110">
    <ele>2002.7</ele>
    <time>2026-07-15T21:57:58Z</time>
   </trkpt>
   <trkpt lat="39.6980030" lon="-105.1804630">
    <ele>2002.4</ele>
    <time>2026-07-15T21:57:59Z</time>
   </trkpt>
   <trkpt lat="39.6979750" lon="-105.1804620">
    <ele>2002.2</ele>
    <time>2026-07-15T21:58:00Z</time>
   </trkpt>
   <trkpt lat="39.6979410" lon="-105.1805100">
    <ele>2001.9</ele>
    <time>2026-07-15T21:58:01Z</time>
   </trkpt>
   <trkpt lat="39.6979210" lon="-105.1805700">
    <ele>2001.6</ele>
    <time>2026-07-15T21:58:02Z</time>
   </trkpt>
   <trkpt lat="39.6979210" lon="-105.1806450">
    <ele>2001.3</ele>
    <time>2026-07-15T21:58:03Z</time>
   </trkpt>
   <trkpt lat="39.6978890" lon="-105.1807040">
    <ele>2001.0</ele>
    <time>2026-07-15T21:58:04Z</time>
   </trkpt>
   <trkpt lat="39.6978660" lon="-105.1807610">
    <ele>2000.8</ele>
    <time>2026-07-15T21:58:05Z</time>
   </trkpt>
   <trkpt lat="39.6978550" lon="-105.1808260">
    <ele>2000.6</ele>
    <time>2026-07-15T21:58:06Z</time>
   </trkpt>
   <trkpt lat="39.6978170" lon="-105.1808400">
    <ele>2000.5</ele>
    <time>2026-07-15T21:58:07Z</time>
   </trkpt>
   <trkpt lat="39.6977550" lon="-105.1808030">
    <ele>2000.3</ele>
    <time>2026-07-15T21:58:08Z</time>
   </trkpt>
   <trkpt lat="39.6976970" lon="-105.1808020">
    <ele>2000.2</ele>
    <time>2026-07-15T21:58:09Z</time>
   </trkpt>
   <trkpt lat="39.6976580" lon="-105.1808340">
    <ele>2000.1</ele>
    <time>2026-07-15T21:58:10Z</time>
   </trkpt>
   <trkpt lat="39.6976100" lon="-105.1808590">
    <ele>2000.0</ele>
    <time>2026-07-15T21:58:11Z</time>
   </trkpt>
   <trkpt lat="39.6975760" lon="-105.1808860">
    <ele>1999.9</ele>
    <time>2026-07-15T21:58:12Z</time>
   </trkpt>
   <trkpt lat="39.6975660" lon="-105.1809410">
    <ele>1999.8</ele>
    <time>2026-07-15T21:58:13Z</time>
   </trkpt>
   <trkpt lat="39.6975360" lon="-105.1809920">
    <ele>1999.7</ele>
    <time>2026-07-15T21:58:14Z</time>
   </trkpt>
   <trkpt lat="39.6974770" lon="-105.1809720">
    <ele>1999.4</ele>
    <time>2026-07-15T21:58:15Z</time>
   </trkpt>
   <trkpt lat="39.6974500" lon="-105.1809110">
    <ele>1999.2</ele>
    <time>2026-07-15T21:58:16Z</time>
   </trkpt>
   <trkpt lat="39.6974570" lon="-105.1808300">
    <ele>1998.8</ele>
    <time>2026-07-15T21:58:17Z</time>
   </trkpt>
   <trkpt lat="39.6974780" lon="-105.1807900">
    <ele>1998.5</ele>
    <time>2026-07-15T21:58:18Z</time>
   </trkpt>
   <trkpt lat="39.6974490" lon="-105.1807780">
    <ele>1998.4</ele>
    <time>2026-07-15T21:58:19Z</time>
   </trkpt>
   <trkpt lat="39.6974100" lon="-105.1808070">
    <ele>1998.1</ele>
    <time>2026-07-15T21:58:20Z</time>
   </trkpt>
   <trkpt lat="39.6973870" lon="-105.1808200">
    <ele>1997.9</ele>
    <time>2026-07-15T21:58:21Z</time>
   </trkpt>
   <trkpt lat="39.6973760" lon="-105.1807880">
    <ele>1997.8</ele>
    <time>2026-07-15T21:58:22Z</time>
   </trkpt>
   <trkpt lat="39.6973920" lon="-105.1807360">
    <ele>1997.5</ele>
    <time>2026-07-15T21:58:23Z</time>
   </trkpt>
   <trkpt lat="39.6974330" lon="-105.1807210">
    <ele>1997.4</ele>
    <time>2026-07-15T21:58:24Z</time>
   </trkpt>
   <trkpt lat="39.6974810" lon="-105.1807390">
    <ele>1997.2</ele>
    <time>2026-07-15T21:58:25Z</time>
   </trkpt>
   <trkpt lat="39.6975040" lon="-105.1807450">
    <ele>1997.1</ele>
    <time>2026-07-15T21:58:26Z</time>
   </trkpt>
   <trkpt lat="39.6975230" lon="-105.1807340">
    <ele>1997.0</ele>
    <time>2026-07-15T21:58:27Z</time>
   </trkpt>
   <trkpt lat="39.6975310" lon="-105.1807170">
    <ele>1997.0</ele>
    <time>2026-07-15T21:58:28Z</time>
   </trkpt>
   <trkpt lat="39.6975500" lon="-105.1807030">
    <ele>1996.9</ele>
    <time>2026-07-15T21:58:29Z</time>
   </trkpt>
   <trkpt lat="39.6975760" lon="-105.1806880">
    <ele>1996.8</ele>
    <time>2026-07-15T21:58:30Z</time>
   </trkpt>
   <trkpt lat="39.6975880" lon="-105.1806430">
    <ele>1996.7</ele>
    <time>2026-07-15T21:58:31Z</time>
   </trkpt>
   <trkpt lat="39.6975990" lon="-105.1806020">
    <ele>1996.6</ele>
    <time>2026-07-15T21:58:32Z</time>
   </trkpt>
   <trkpt lat="39.6975960" lon="-105.1805520">
    <ele>1996.5</ele>
    <time>2026-07-15T21:58:33Z</time>
   </trkpt>
   <trkpt lat="39.6975810" lon="-105.1804910">
    <ele>1996.4</ele>
    <time>2026-07-15T21:58:34Z</time>
   </trkpt>
   <trkpt lat="39.6975610" lon="-105.1804500">
    <ele>1996.3</ele>
    <time>2026-07-15T21:58:35Z</time>
   </trkpt>
   <trkpt lat="39.6975420" lon="-105.1804060">
    <ele>1996.1</ele>
    <time>2026-07-15T21:58:36Z</time>
   </trkpt>
   <trkpt lat="39.6975210" lon="-105.1803750">
    <ele>1996.0</ele>
    <time>2026-07-15T21:58:37Z</time>
   </trkpt>
   <trkpt lat="39.6974890" lon="-105.1803850">
    <ele>1995.8</ele>
    <time>2026-07-15T21:58:38Z</time>
   </trkpt>
   <trkpt lat="39.6974540" lon="-105.1803830">
    <ele>1995.6</ele>
    <time>2026-07-15T21:58:39Z</time>
   </trkpt>
   <trkpt lat="39.6974250" lon="-105.1803530">
    <ele>1995.4</ele>
    <time>2026-07-15T21:58:40Z</time>
   </trkpt>
   <trkpt lat="39.6974160" lon="-105.1803770">
    <ele>1995.3</ele>
    <time>2026-07-15T21:58:41Z</time>
   </trkpt>
   <trkpt lat="39.6974120" lon="-105.1804330">
    <ele>1995.1</ele>
    <time>2026-07-15T21:58:42Z</time>
   </trkpt>
   <trkpt lat="39.6974280" lon="-105.1804920">
    <ele>1994.9</ele>
    <time>2026-07-15T21:58:43Z</time>
   </trkpt>
   <trkpt lat="39.6974570" lon="-105.1805210">
    <ele>1994.7</ele>
    <time>2026-07-15T21:58:44Z</time>
   </trkpt>
   <trkpt lat="39.6974510" lon="-105.1805640">
    <ele>1994.6</ele>
    <time>2026-07-15T21:58:45Z</time>
   </trkpt>
   <trkpt lat="39.6974200" lon="-105.1805990">
    <ele>1994.4</ele>
    <time>2026-07-15T21:58:46Z</time>
   </trkpt>
   <trkpt lat="39.6974040" lon="-105.1806120">
    <ele>1994.3</ele>
    <time>2026-07-15T21:58:47Z</time>
   </trkpt>
   <trkpt lat="39.6973660" lon="-105.1806360">
    <ele>1994.1</ele>
    <time>2026-07-15T21:58:48Z</time>
   </trkpt>
   <trkpt lat="39.6973450" lon="-105.1806120">
    <ele>1993.9</ele>
    <time>2026-07-15T21:58:49Z</time>
   </trkpt>
   <trkpt lat="39.6973120" lon="-105.1806090">
    <ele>1993.7</ele>
    <time>2026-07-15T21:58:50Z</time>
   </trkpt>
   <trkpt lat="39.6972720" lon="-105.1806460">
    <ele>1993.4</ele>
    <time>2026-07-15T21:58:51Z</time>
   </trkpt>
   <trkpt lat="39.6972390" lon="-105.1806630">
    <ele>1993.2</ele>
    <time>2026-07-15T21:58:52Z</time>
   </trkpt>
   <trkpt lat="39.6971990" lon="-105.1806510">
    <ele>1993.0</ele>
    <time>2026-07-15T21:58:53Z</time>
   </trkpt>
   <trkpt lat="39.6971920" lon="-105.1806050">
    <ele>1992.8</ele>
    <time>2026-07-15T21:58:54Z</time>
   </trkpt>
   <trkpt lat="39.6972160" lon="-105.1805600">
    <ele>1992.6</ele>
    <time>2026-07-15T21:58:55Z</time>
   </trkpt>
   <trkpt lat="39.6972550" lon="-105.1804800">
    <ele>1992.4</ele>
    <time>2026-07-15T21:58:56Z</time>
   </trkpt>
   <trkpt lat="39.6972680" lon="-105.1804190">
    <ele>1992.3</ele>
    <time>2026-07-15T21:58:57Z</time>
   </trkpt>
   <trkpt lat="39.6972480" lon="-105.1803560">
    <ele>1992.1</ele>
    <time>2026-07-15T21:58:58Z</time>
   </trkpt>
   <trkpt lat="39.6972400" lon="-105.1802950">
    <ele>1992.0</ele>
    <time>2026-07-15T21:58:59Z</time>
   </trkpt>
   <trkpt lat="39.6972130" lon="-105.1802590">
    <ele>1991.9</ele>
    <time>2026-07-15T21:59:00Z</time>
   </trkpt>
   <trkpt lat="39.6971770" lon="-105.1802590">
    <ele>1991.7</ele>
    <time>2026-07-15T21:59:01Z</time>
   </trkpt>
   <trkpt lat="39.6971400" lon="-105.1802690">
    <ele>1991.6</ele>
    <time>2026-07-15T21:59:02Z</time>
   </trkpt>
   <trkpt lat="39.6970980" lon="-105.1802600">
    <ele>1991.4</ele>
    <time>2026-07-15T21:59:03Z</time>
   </trkpt>
   <trkpt lat="39.6970560" lon="-105.1802370">
    <ele>1991.1</ele>
    <time>2026-07-15T21:59:04Z</time>
   </trkpt>
   <trkpt lat="39.6970210" lon="-105.1802070">
    <ele>1990.8</ele>
    <time>2026-07-15T21:59:05Z</time>
   </trkpt>
   <trkpt lat="39.6969850" lon="-105.1801690">
    <ele>1990.5</ele>
    <time>2026-07-15T21:59:06Z</time>
   </trkpt>
   <trkpt lat="39.6969550" lon="-105.1801350">
    <ele>1990.3</ele>
    <time>2026-07-15T21:59:07Z</time>
   </trkpt>
   <trkpt lat="39.6969050" lon="-105.1800920">
    <ele>1989.9</ele>
    <time>2026-07-15T21:59:08Z</time>
   </trkpt>
   <trkpt lat="39.6968610" lon="-105.1800470">
    <ele>1989.5</ele>
    <time>2026-07-15T21:59:09Z</time>
   </trkpt>
   <trkpt lat="39.6968070" lon="-105.1800150">
    <ele>1989.2</ele>
    <time>2026-07-15T21:59:10Z</time>
   </trkpt>
   <trkpt lat="39.6967580" lon="-105.1799640">
    <ele>1988.9</ele>
    <time>2026-07-15T21:59:11Z</time>
   </trkpt>
   <trkpt lat="39.6967330" lon="-105.1799110">
    <ele>1988.6</ele>
    <time>2026-07-15T21:59:12Z</time>
   </trkpt>
   <trkpt lat="39.6966930" lon="-105.1798790">
    <ele>1988.4</ele>
    <time>2026-07-15T21:59:13Z</time>
   </trkpt>
   <trkpt lat="39.6966550" lon="-105.1798210">
    <ele>1988.1</ele>
    <time>2026-07-15T21:59:14Z</time>
   </trkpt>
   <trkpt lat="39.6966350" lon="-105.1797540">
    <ele>1987.9</ele>
    <time>2026-07-15T21:59:15Z</time>
   </trkpt>
   <trkpt lat="39.6966080" lon="-105.1797060">
    <ele>1987.6</ele>
    <time>2026-07-15T21:59:16Z</time>
   </trkpt>
   <trkpt lat="39.6965790" lon="-105.1796600">
    <ele>1987.4</ele>
    <time>2026-07-15T21:59:17Z</time>
   </trkpt>
   <trkpt lat="39.6965530" lon="-105.1796210">
    <ele>1987.2</ele>
    <time>2026-07-15T21:59:18Z</time>
   </trkpt>
   <trkpt lat="39.6965190" lon="-105.1795970">
    <ele>1987.0</ele>
    <time>2026-07-15T21:59:19Z</time>
   </trkpt>
   <trkpt lat="39.6964820" lon="-105.1795570">
    <ele>1986.7</ele>
    <time>2026-07-15T21:59:20Z</time>
   </trkpt>
   <trkpt lat="39.6964710" lon="-105.1794910">
    <ele>1986.4</ele>
    <time>2026-07-15T21:59:21Z</time>
   </trkpt>
   <trkpt lat="39.6964400" lon="-105.1794510">
    <ele>1986.1</ele>
    <time>2026-07-15T21:59:22Z</time>
   </trkpt>
   <trkpt lat="39.6964050" lon="-105.1794010">
    <ele>1985.8</ele>
    <time>2026-07-15T21:59:23Z</time>
   </trkpt>
   <trkpt lat="39.6963710" lon="-105.1793670">
    <ele>1985.6</ele>
    <time>2026-07-15T21:59:24Z</time>
   </trkpt>
   <trkpt lat="39.6963380" lon="-105.1793160">
    <ele>1985.3</ele>
    <time>2026-07-15T21:59:25Z</time>
   </trkpt>
   <trkpt lat="39.6963000" lon="-105.1792580">
    <ele>1985.1</ele>
    <time>2026-07-15T21:59:26Z</time>
   </trkpt>
   <trkpt lat="39.6962710" lon="-105.1791840">
    <ele>1984.8</ele>
    <time>2026-07-15T21:59:27Z</time>
   </trkpt>
   <trkpt lat="39.6962610" lon="-105.1791220">
    <ele>1984.6</ele>
    <time>2026-07-15T21:59:28Z</time>
   </trkpt>
   <trkpt lat="39.6962510" lon="-105.1790850">
    <ele>1984.5</ele>
    <time>2026-07-15T21:59:29Z</time>
   </trkpt>
   <trkpt lat="39.6962070" lon="-105.1790400">
    <ele>1984.3</ele>
    <time>2026-07-15T21:59:30Z</time>
   </trkpt>
   <trkpt lat="39.6962520" lon="-105.1790860">
    <ele>1984.0</ele>
    <time>2026-07-15T21:59:31Z</time>
   </trkpt>
   <trkpt lat="39.6962540" lon="-105.1790920">
    <ele>1984.0</ele>
    <time>2026-07-15T21:59:32Z</time>
   </trkpt>
   <trkpt lat="39.6962530" lon="-105.1790920">
    <ele>1984.0</ele>
    <time>2026-07-15T21:59:33Z</time>
   </trkpt>
   <trkpt lat="39.6962540" lon="-105.1790950">
    <ele>1984.0</ele>
    <time>2026-07-15T21:59:34Z</time>
   </trkpt>
   <trkpt lat="39.6962530" lon="-105.1790950">
    <ele>1984.0</ele>
    <time>2026-07-15T21:59:35Z</time>
   </trkpt>
   <trkpt lat="39.6962520" lon="-105.1790930">
    <ele>1984.0</ele>
    <time>2026-07-15T21:59:36Z</time>
   </trkpt>
   <trkpt lat="39.6962520" lon="-105.1790930">
    <ele>1984.0</ele>
    <time>2026-07-15T21:59:37Z</time>
   </trkpt>
   <trkpt lat="39.6962520" lon="-105.1790920">
    <ele>1984.0</ele>
    <time>2026-07-15T21:59:38Z</time>
   </trkpt>
   <trkpt lat="39.6962520" lon="-105.1790920">
    <ele>1984.0</ele>
    <time>2026-07-15T21:59:39Z</time>
   </trkpt>
   <trkpt lat="39.6962180" lon="-105.1790600">
    <ele>1983.8</ele>
    <time>2026-07-15T21:59:43Z</time>
   </trkpt>
   <trkpt lat="39.6961910" lon="-105.1790250">
    <ele>1983.6</ele>
    <time>2026-07-15T21:59:44Z</time>
   </trkpt>
   <trkpt lat="39.6961830" lon="-105.1790640">
    <ele>1983.5</ele>
    <time>2026-07-15T21:59:45Z</time>
   </trkpt>
   <trkpt lat="39.6961800" lon="-105.1789680">
    <ele>1983.1</ele>
    <time>2026-07-15T21:59:46Z</time>
   </trkpt>
   <trkpt lat="39.6961530" lon="-105.1789140">
    <ele>1983.0</ele>
    <time>2026-07-15T21:59:47Z</time>
   </trkpt>
   <trkpt lat="39.6961220" lon="-105.1788700">
    <ele>1982.8</ele>
    <time>2026-07-15T21:59:48Z</time>
   </trkpt>
   <trkpt lat="39.6960990" lon="-105.1787970">
    <ele>1982.6</ele>
    <time>2026-07-15T21:59:49Z</time>
   </trkpt>
   <trkpt lat="39.6960790" lon="-105.1787400">
    <ele>1982.4</ele>
    <time>2026-07-15T21:59:50Z</time>
   </trkpt>
   <trkpt lat="39.6960630" lon="-105.1787140">
    <ele>1982.3</ele>
    <time>2026-07-15T21:59:51Z</time>
   </trkpt>
   <trkpt lat="39.6960450" lon="-105.1786720">
    <ele>1982.1</ele>
    <time>2026-07-15T21:59:52Z</time>
   </trkpt>
   <trkpt lat="39.6960520" lon="-105.1786150">
    <ele>1981.8</ele>
    <time>2026-07-15T21:59:53Z</time>
   </trkpt>
   <trkpt lat="39.6960450" lon="-105.1785850">
    <ele>1981.7</ele>
    <time>2026-07-15T21:59:54Z</time>
   </trkpt>
   <trkpt lat="39.6960360" lon="-105.1785750">
    <ele>1981.6</ele>
    <time>2026-07-15T21:59:55Z</time>
   </trkpt>
   <trkpt lat="39.6960090" lon="-105.1785630">
    <ele>1981.4</ele>
    <time>2026-07-15T21:59:56Z</time>
   </trkpt>
   <trkpt lat="39.6959820" lon="-105.1785830">
    <ele>1981.2</ele>
    <time>2026-07-15T21:59:57Z</time>
   </trkpt>
   <trkpt lat="39.6959800" lon="-105.1786390">
    <ele>1980.9</ele>
    <time>2026-07-15T21:59:58Z</time>
   </trkpt>
   <trkpt lat="39.6960070" lon="-105.1786940">
    <ele>1980.6</ele>
    <time>2026-07-15T21:59:59Z</time>
   </trkpt>
   <trkpt lat="39.6960270" lon="-105.1787450">
    <ele>1980.3</ele>
    <time>2026-07-15T22:00:00Z</time>
   </trkpt>
   <trkpt lat="39.6960420" lon="-105.1787940">
    <ele>1980.1</ele>
    <time>2026-07-15T22:00:01Z</time>
   </trkpt>
   <trkpt lat="39.6960440" lon="-105.1788570">
    <ele>1979.9</ele>
    <time>2026-07-15T22:00:02Z</time>
   </trkpt>
   <trkpt lat="39.6960570" lon="-105.1789240">
    <ele>1979.7</ele>
    <time>2026-07-15T22:00:03Z</time>
   </trkpt>
   <trkpt lat="39.6960740" lon="-105.1789940">
    <ele>1979.5</ele>
    <time>2026-07-15T22:00:04Z</time>
   </trkpt>
   <trkpt lat="39.6960850" lon="-105.1790690">
    <ele>1979.3</ele>
    <time>2026-07-15T22:00:05Z</time>
   </trkpt>
   <trkpt lat="39.6961040" lon="-105.1791420">
    <ele>1979.2</ele>
    <time>2026-07-15T22:00:06Z</time>
   </trkpt>
   <trkpt lat="39.6961280" lon="-105.1792050">
    <ele>1979.0</ele>
    <time>2026-07-15T22:00:07Z</time>
   </trkpt>
   <trkpt lat="39.6961430" lon="-105.1792740">
    <ele>1978.8</ele>
    <time>2026-07-15T22:00:08Z</time>
   </trkpt>
   <trkpt lat="39.6961500" lon="-105.1793400">
    <ele>1978.7</ele>
    <time>2026-07-15T22:00:09Z</time>
   </trkpt>
   <trkpt lat="39.6961680" lon="-105.1794140">
    <ele>1978.4</ele>
    <time>2026-07-15T22:00:10Z</time>
   </trkpt>
   <trkpt lat="39.6961920" lon="-105.1794850">
    <ele>1978.0</ele>
    <time>2026-07-15T22:00:11Z</time>
   </trkpt>
   <trkpt lat="39.6962190" lon="-105.1795300">
    <ele>1977.7</ele>
    <time>2026-07-15T22:00:12Z</time>
   </trkpt>
   <trkpt lat="39.6962470" lon="-105.1795430">
    <ele>1977.5</ele>
    <time>2026-07-15T22:00:13Z</time>
   </trkpt>
   <trkpt lat="39.6962570" lon="-105.1795900">
    <ele>1977.2</ele>
    <time>2026-07-15T22:00:14Z</time>
   </trkpt>
   <trkpt lat="39.6962280" lon="-105.1795870">
    <ele>1977.0</ele>
    <time>2026-07-15T22:00:15Z</time>
   </trkpt>
   <trkpt lat="39.6961840" lon="-105.1795890">
    <ele>1976.7</ele>
    <time>2026-07-15T22:00:16Z</time>
   </trkpt>
   <trkpt lat="39.6961470" lon="-105.1795100">
    <ele>1976.2</ele>
    <time>2026-07-15T22:00:17Z</time>
   </trkpt>
   <trkpt lat="39.6961150" lon="-105.1794720">
    <ele>1976.0</ele>
    <time>2026-07-15T22:00:18Z</time>
   </trkpt>
   <trkpt lat="39.6960760" lon="-105.1794330">
    <ele>1975.7</ele>
    <time>2026-07-15T22:00:19Z</time>
   </trkpt>
   <trkpt lat="39.6960520" lon="-105.1793810">
    <ele>1975.5</ele>
    <time>2026-07-15T22:00:20Z</time>
   </trkpt>
   <trkpt lat="39.6960270" lon="-105.1793260">
    <ele>1975.3</ele>
    <time>2026-07-15T22:00:21Z</time>
   </trkpt>
   <trkpt lat="39.6960090" lon="-105.1792730">
    <ele>1975.1</ele>
    <time>2026-07-15T22:00:22Z</time>
   </trkpt>
   <trkpt lat="39.6959870" lon="-105.1792170">
    <ele>1974.9</ele>
    <time>2026-07-15T22:00:23Z</time>
   </trkpt>
   <trkpt lat="39.6959610" lon="-105.1791660">
    <ele>1974.7</ele>
    <time>2026-07-15T22:00:24Z</time>
   </trkpt>
   <trkpt lat="39.6959200" lon="-105.1791510">
    <ele>1974.6</ele>
    <time>2026-07-15T22:00:25Z</time>
   </trkpt>
   <trkpt lat="39.6959020" lon="-105.1791090">
    <ele>1974.4</ele>
    <time>2026-07-15T22:00:26Z</time>
   </trkpt>
   <trkpt lat="39.6958910" lon="-105.1790370">
    <ele>1974.2</ele>
    <time>2026-07-15T22:00:27Z</time>
   </trkpt>
   <trkpt lat="39.6958730" lon="-105.1789920">
    <ele>1974.1</ele>
    <time>2026-07-15T22:00:28Z</time>
   </trkpt>
   <trkpt lat="39.6958450" lon="-105.1789450">
    <ele>1973.9</ele>
    <time>2026-07-15T22:00:29Z</time>
   </trkpt>
   <trkpt lat="39.6958140" lon="-105.1789010">
    <ele>1973.8</ele>
    <time>2026-07-15T22:00:30Z</time>
   </trkpt>
   <trkpt lat="39.6958030" lon="-105.1788420">
    <ele>1973.6</ele>
    <time>2026-07-15T22:00:31Z</time>
   </trkpt>
   <trkpt lat="39.6957880" lon="-105.1787880">
    <ele>1973.5</ele>
    <time>2026-07-15T22:00:32Z</time>
   </trkpt>
   <trkpt lat="39.6957590" lon="-105.1787540">
    <ele>1973.4</ele>
    <time>2026-07-15T22:00:33Z</time>
   </trkpt>
   <trkpt lat="39.6957250" lon="-105.1787150">
    <ele>1973.2</ele>
    <time>2026-07-15T22:00:34Z</time>
   </trkpt>
   <trkpt lat="39.6957030" lon="-105.1786990">
    <ele>1973.2</ele>
    <time>2026-07-15T22:00:35Z</time>
   </trkpt>
   <trkpt lat="39.6956870" lon="-105.1786520">
    <ele>1973.0</ele>
    <time>2026-07-15T22:00:36Z</time>
   </trkpt>
   <trkpt lat="39.6956470" lon="-105.1785630">
    <ele>1972.7</ele>
    <time>2026-07-15T22:00:37Z</time>
   </trkpt>
   <trkpt lat="39.6956270" lon="-105.1785110">
    <ele>1972.5</ele>
    <time>2026-07-15T22:00:38Z</time>
   </trkpt>
   <trkpt lat="39.6956120" lon="-105.1784450">
    <ele>1972.3</ele>
    <time>2026-07-15T22:00:39Z</time>
   </trkpt>
   <trkpt lat="39.6955920" lon="-105.1783940">
    <ele>1972.1</ele>
    <time>2026-07-15T22:00:40Z</time>
   </trkpt>
   <trkpt lat="39.6955740" lon="-105.1783420">
    <ele>1972.0</ele>
    <time>2026-07-15T22:00:41Z</time>
   </trkpt>
   <trkpt lat="39.6955560" lon="-105.1782960">
    <ele>1971.8</ele>
    <time>2026-07-15T22:00:42Z</time>
   </trkpt>
   <trkpt lat="39.6955410" lon="-105.1782430">
    <ele>1971.7</ele>
    <time>2026-07-15T22:00:43Z</time>
   </trkpt>
   <trkpt lat="39.6955370" lon="-105.1781790">
    <ele>1971.5</ele>
    <time>2026-07-15T22:00:44Z</time>
   </trkpt>
   <trkpt lat="39.6955390" lon="-105.1781040">
    <ele>1971.3</ele>
    <time>2026-07-15T22:00:45Z</time>
   </trkpt>
   <trkpt lat="39.6955470" lon="-105.1780540">
    <ele>1971.1</ele>
    <time>2026-07-15T22:00:46Z</time>
   </trkpt>
   <trkpt lat="39.6955530" lon="-105.1780070">
    <ele>1970.9</ele>
    <time>2026-07-15T22:00:47Z</time>
   </trkpt>
   <trkpt lat="39.6955480" lon="-105.1779800">
    <ele>1970.8</ele>
    <time>2026-07-15T22:00:48Z</time>
   </trkpt>
   <trkpt lat="39.6955270" lon="-105.1779390">
    <ele>1970.6</ele>
    <time>2026-07-15T22:00:49Z</time>
   </trkpt>
   <trkpt lat="39.6954960" lon="-105.1778690">
    <ele>1970.4</ele>
    <time>2026-07-15T22:00:50Z</time>
   </trkpt>
   <trkpt lat="39.6954700" lon="-105.1778120">
    <ele>1970.2</ele>
    <time>2026-07-15T22:00:51Z</time>
   </trkpt>
   <trkpt lat="39.6954480" lon="-105.1777510">
    <ele>1970.0</ele>
    <time>2026-07-15T22:00:52Z</time>
   </trkpt>
   <trkpt lat="39.6954200" lon="-105.1776910">
    <ele>1969.9</ele>
    <time>2026-07-15T22:00:53Z</time>
   </trkpt>
   <trkpt lat="39.6953900" lon="-105.1776310">
    <ele>1969.7</ele>
    <time>2026-07-15T22:00:54Z</time>
   </trkpt>
   <trkpt lat="39.6953530" lon="-105.1775680">
    <ele>1969.6</ele>
    <time>2026-07-15T22:00:55Z</time>
   </trkpt>
   <trkpt lat="39.6953260" lon="-105.1775160">
    <ele>1969.5</ele>
    <time>2026-07-15T22:00:56Z</time>
   </trkpt>
   <trkpt lat="39.6953310" lon="-105.1774680">
    <ele>1969.4</ele>
    <time>2026-07-15T22:00:57Z</time>
   </trkpt>
   <trkpt lat="39.6952940" lon="-105.1773970">
    <ele>1969.3</ele>
    <time>2026-07-15T22:00:58Z</time>
   </trkpt>
   <trkpt lat="39.6952790" lon="-105.1773410">
    <ele>1969.1</ele>
    <time>2026-07-15T22:00:59Z</time>
   </trkpt>
   <trkpt lat="39.6952580" lon="-105.1772890">
    <ele>1969.0</ele>
    <time>2026-07-15T22:01:00Z</time>
   </trkpt>
   <trkpt lat="39.6952280" lon="-105.1772480">
    <ele>1968.9</ele>
    <time>2026-07-15T22:01:01Z</time>
   </trkpt>
   <trkpt lat="39.6951940" lon="-105.1772000">
    <ele>1968.7</ele>
    <time>2026-07-15T22:01:02Z</time>
   </trkpt>
   <trkpt lat="39.6951610" lon="-105.1771510">
    <ele>1968.5</ele>
    <time>2026-07-15T22:01:03Z</time>
   </trkpt>
   <trkpt lat="39.6951270" lon="-105.1771050">
    <ele>1968.3</ele>
    <time>2026-07-15T22:01:04Z</time>
   </trkpt>
   <trkpt lat="39.6950960" lon="-105.1770500">
    <ele>1968.1</ele>
    <time>2026-07-15T22:01:05Z</time>
   </trkpt>
   <trkpt lat="39.6950770" lon="-105.1769740">
    <ele>1967.8</ele>
    <time>2026-07-15T22:01:06Z</time>
   </trkpt>
   <trkpt lat="39.6950470" lon="-105.1769070">
    <ele>1967.6</ele>
    <time>2026-07-15T22:01:07Z</time>
   </trkpt>
   <trkpt lat="39.6950350" lon="-105.1768590">
    <ele>1967.5</ele>
    <time>2026-07-15T22:01:08Z</time>
   </trkpt>
   <trkpt lat="39.6950220" lon="-105.1768240">
    <ele>1967.4</ele>
    <time>2026-07-15T22:01:09Z</time>
   </trkpt>
   <trkpt lat="39.6949960" lon="-105.1767730">
    <ele>1967.3</ele>
    <time>2026-07-15T22:01:10Z</time>
   </trkpt>
   <trkpt lat="39.6949640" lon="-105.1767270">
    <ele>1967.1</ele>
    <time>2026-07-15T22:01:11Z</time>
   </trkpt>
   <trkpt lat="39.6949780" lon="-105.1766690">
    <ele>1966.8</ele>
    <time>2026-07-15T22:01:12Z</time>
   </trkpt>
   <trkpt lat="39.6949540" lon="-105.1766480">
    <ele>1966.6</ele>
    <time>2026-07-15T22:01:13Z</time>
   </trkpt>
   <trkpt lat="39.6949560" lon="-105.1767350">
    <ele>1966.1</ele>
    <time>2026-07-15T22:01:14Z</time>
   </trkpt>
   <trkpt lat="39.6949580" lon="-105.1768210">
    <ele>1965.7</ele>
    <time>2026-07-15T22:01:15Z</time>
   </trkpt>
   <trkpt lat="39.6949990" lon="-105.1768760">
    <ele>1965.3</ele>
    <time>2026-07-15T22:01:16Z</time>
   </trkpt>
   <trkpt lat="39.6950210" lon="-105.1769150">
    <ele>1965.1</ele>
    <time>2026-07-15T22:01:17Z</time>
   </trkpt>
   <trkpt lat="39.6950330" lon="-105.1769650">
    <ele>1965.0</ele>
    <time>2026-07-15T22:01:18Z</time>
   </trkpt>
   <trkpt lat="39.6950560" lon="-105.1770160">
    <ele>1964.8</ele>
    <time>2026-07-15T22:01:19Z</time>
   </trkpt>
   <trkpt lat="39.6950720" lon="-105.1770590">
    <ele>1964.7</ele>
    <time>2026-07-15T22:01:20Z</time>
   </trkpt>
   <trkpt lat="39.6950760" lon="-105.1771170">
    <ele>1964.6</ele>
    <time>2026-07-15T22:01:21Z</time>
   </trkpt>
   <trkpt lat="39.6950960" lon="-105.1771600">
    <ele>1964.5</ele>
    <time>2026-07-15T22:01:22Z</time>
   </trkpt>
   <trkpt lat="39.6951250" lon="-105.1771870">
    <ele>1964.4</ele>
    <time>2026-07-15T22:01:23Z</time>
   </trkpt>
   <trkpt lat="39.6951510" lon="-105.1772320">
    <ele>1964.3</ele>
    <time>2026-07-15T22:01:24Z</time>
   </trkpt>
   <trkpt lat="39.6951670" lon="-105.1772790">
    <ele>1964.1</ele>
    <time>2026-07-15T22:01:25Z</time>
   </trkpt>
   <trkpt lat="39.6951640" lon="-105.1773410">
    <ele>1964.0</ele>
    <time>2026-07-15T22:01:26Z</time>
   </trkpt>
   <trkpt lat="39.6951790" lon="-105.1774090">
    <ele>1963.8</ele>
    <time>2026-07-15T22:01:27Z</time>
   </trkpt>
   <trkpt lat="39.6952040" lon="-105.1774690">
    <ele>1963.7</ele>
    <time>2026-07-15T22:01:28Z</time>
   </trkpt>
   <trkpt lat="39.6952300" lon="-105.1775210">
    <ele>1963.6</ele>
    <time>2026-07-15T22:01:29Z</time>
   </trkpt>
   <trkpt lat="39.6952300" lon="-105.1775870">
    <ele>1963.6</ele>
    <time>2026-07-15T22:01:30Z</time>
   </trkpt>
   <trkpt lat="39.6952520" lon="-105.1776340">
    <ele>1963.6</ele>
    <time>2026-07-15T22:01:31Z</time>
   </trkpt>
   <trkpt lat="39.6952670" lon="-105.1776570">
    <ele>1963.6</ele>
    <time>2026-07-15T22:01:32Z</time>
   </trkpt>
   <trkpt lat="39.6952730" lon="-105.1777170">
    <ele>1963.6</ele>
    <time>2026-07-15T22:01:33Z</time>
   </trkpt>
   <trkpt lat="39.6952790" lon="-105.1777720">
    <ele>1963.6</ele>
    <time>2026-07-15T22:01:34Z</time>
   </trkpt>
   <trkpt lat="39.6952940" lon="-105.1778180">
    <ele>1963.6</ele>
    <time>2026-07-15T22:01:35Z</time>
   </trkpt>
   <trkpt lat="39.6953190" lon="-105.1778600">
    <ele>1963.5</ele>
    <time>2026-07-15T22:01:36Z</time>
   </trkpt>
   <trkpt lat="39.6953130" lon="-105.1779230">
    <ele>1963.4</ele>
    <time>2026-07-15T22:01:37Z</time>
   </trkpt>
   <trkpt lat="39.6953140" lon="-105.1779790">
    <ele>1963.3</ele>
    <time>2026-07-15T22:01:38Z</time>
   </trkpt>
   <trkpt lat="39.6953320" lon="-105.1780320">
    <ele>1963.1</ele>
    <time>2026-07-15T22:01:39Z</time>
   </trkpt>
   <trkpt lat="39.6953360" lon="-105.1780350">
    <ele>1963.1</ele>
    <time>2026-07-15T22:01:40Z</time>
   </trkpt>
   <trkpt lat="39.6953370" lon="-105.1780620">
    <ele>1963.1</ele>
    <time>2026-07-15T22:01:41Z</time>
   </trkpt>
   <trkpt lat="39.6953460" lon="-105.1780880">
    <ele>1963.0</ele>
    <time>2026-07-15T22:01:42Z</time>
   </trkpt>
   <trkpt lat="39.6953330" lon="-105.1781280">
    <ele>1962.9</ele>
    <time>2026-07-15T22:01:43Z</time>
   </trkpt>
   <trkpt lat="39.6953120" lon="-105.1781640">
    <ele>1962.8</ele>
    <time>2026-07-15T22:01:44Z</time>
   </trkpt>
   <trkpt lat="39.6953170" lon="-105.1782190">
    <ele>1962.7</ele>
    <time>2026-07-15T22:01:45Z</time>
   </trkpt>
   <trkpt lat="39.6953140" lon="-105.1782900">
    <ele>1962.6</ele>
    <time>2026-07-15T22:01:46Z</time>
   </trkpt>
   <trkpt lat="39.6953210" lon="-105.1783480">
    <ele>1962.4</ele>
    <time>2026-07-15T22:01:47Z</time>
   </trkpt>
   <trkpt lat="39.6953270" lon="-105.1784000">
    <ele>1962.2</ele>
    <time>2026-07-15T22:01:48Z</time>
   </trkpt>
   <trkpt lat="39.6953430" lon="-105.1784600">
    <ele>1961.9</ele>
    <time>2026-07-15T22:01:49Z</time>
   </trkpt>
   <trkpt lat="39.6953560" lon="-105.1785270">
    <ele>1961.7</ele>
    <time>2026-07-15T22:01:50Z</time>
   </trkpt>
   <trkpt lat="39.6953690" lon="-105.1786030">
    <ele>1961.5</ele>
    <time>2026-07-15T22:01:51Z</time>
   </trkpt>
   <trkpt lat="39.6953820" lon="-105.1786560">
    <ele>1961.4</ele>
    <time>2026-07-15T22:01:52Z</time>
   </trkpt>
   <trkpt lat="39.6953800" lon="-105.1786630">
    <ele>1961.4</ele>
    <time>2026-07-15T22:01:53Z</time>
   </trkpt>
   <trkpt lat="39.6954020" lon="-105.1786800">
    <ele>1961.3</ele>
    <time>2026-07-15T22:01:54Z</time>
   </trkpt>
   <trkpt lat="39.6953920" lon="-105.1787200">
    <ele>1961.2</ele>
    <time>2026-07-15T22:01:55Z</time>
   </trkpt>
   <trkpt lat="39.6953730" lon="-105.1787540">
    <ele>1961.1</ele>
    <time>2026-07-15T22:01:56Z</time>
   </trkpt>
   <trkpt lat="39.6953490" lon="-105.1787750">
    <ele>1961.1</ele>
    <time>2026-07-15T22:01:57Z</time>
   </trkpt>
   <trkpt lat="39.6953280" lon="-105.1787900">
    <ele>1961.0</ele>
    <time>2026-07-15T22:01:58Z</time>
   </trkpt>
   <trkpt lat="39.6953060" lon="-105.1787830">
    <ele>1960.9</ele>
    <time>2026-07-15T22:01:59Z</time>
   </trkpt>
   <trkpt lat="39.6952920" lon="-105.1787610">
    <ele>1960.8</ele>
    <time>2026-07-15T22:02:00Z</time>
   </trkpt>
   <trkpt lat="39.6952840" lon="-105.1787300">
    <ele>1960.7</ele>
    <time>2026-07-15T22:02:01Z</time>
   </trkpt>
   <trkpt lat="39.6952630" lon="-105.1787080">
    <ele>1960.6</ele>
    <time>2026-07-15T22:02:02Z</time>
   </trkpt>
   <trkpt lat="39.6952430" lon="-105.1787000">
    <ele>1960.5</ele>
    <time>2026-07-15T22:02:03Z</time>
   </trkpt>
   <trkpt lat="39.6952290" lon="-105.1786880">
    <ele>1960.4</ele>
    <time>2026-07-15T22:02:04Z</time>
   </trkpt>
   <trkpt lat="39.6952100" lon="-105.1786800">
    <ele>1960.3</ele>
    <time>2026-07-15T22:02:05Z</time>
   </trkpt>
   <trkpt lat="39.6951940" lon="-105.1786600">
    <ele>1960.2</ele>
    <time>2026-07-15T22:02:06Z</time>
   </trkpt>
   <trkpt lat="39.6951720" lon="-105.1786420">
    <ele>1960.0</ele>
    <time>2026-07-15T22:02:07Z</time>
   </trkpt>
   <trkpt lat="39.6951500" lon="-105.1786190">
    <ele>1959.9</ele>
    <time>2026-07-15T22:02:08Z</time>
   </trkpt>
   <trkpt lat="39.6951330" lon="-105.1785940">
    <ele>1959.8</ele>
    <time>2026-07-15T22:02:09Z</time>
   </trkpt>
   <trkpt lat="39.6950990" lon="-105.1785840">
    <ele>1959.6</ele>
    <time>2026-07-15T22:02:10Z</time>
   </trkpt>
   <trkpt lat="39.6951000" lon="-105.1785370">
    <ele>1959.4</ele>
    <time>2026-07-15T22:02:11Z</time>
   </trkpt>
   <trkpt lat="39.6951200" lon="-105.1785140">
    <ele>1959.3</ele>
    <time>2026-07-15T22:02:12Z</time>
   </trkpt>
   <trkpt lat="39.6951490" lon="-105.1785160">
    <ele>1959.1</ele>
    <time>2026-07-15T22:02:13Z</time>
   </trkpt>
   <trkpt lat="39.6951680" lon="-105.1784880">
    <ele>1958.9</ele>
    <time>2026-07-15T22:02:14Z</time>
   </trkpt>
   <trkpt lat="39.6951760" lon="-105.1784550">
    <ele>1958.7</ele>
    <time>2026-07-15T22:02:15Z</time>
   </trkpt>
   <trkpt lat="39.6951670" lon="-105.1784270">
    <ele>1958.6</ele>
    <time>2026-07-15T22:02:16Z</time>
   </trkpt>
   <trkpt lat="39.6951460" lon="-105.1783900">
    <ele>1958.3</ele>
    <time>2026-07-15T22:02:17Z</time>
   </trkpt>
   <trkpt lat="39.6951430" lon="-105.1783490">
    <ele>1958.1</ele>
    <time>2026-07-15T22:02:18Z</time>
   </trkpt>
   <trkpt lat="39.6951390" lon="-105.1783080">
    <ele>1957.9</ele>
    <time>2026-07-15T22:02:19Z</time>
   </trkpt>
   <trkpt lat="39.6951360" lon="-105.1782280">
    <ele>1957.5</ele>
    <time>2026-07-15T22:02:20Z</time>
   </trkpt>
   <trkpt lat="39.6951310" lon="-105.1781740">
    <ele>1957.2</ele>
    <time>2026-07-15T22:02:21Z</time>
   </trkpt>
   <trkpt lat="39.6951330" lon="-105.1781140">
    <ele>1956.9</ele>
    <time>2026-07-15T22:02:22Z</time>
   </trkpt>
   <trkpt lat="39.6951120" lon="-105.1780690">
    <ele>1956.7</ele>
    <time>2026-07-15T22:02:23Z</time>
   </trkpt>
   <trkpt lat="39.6950630" lon="-105.1780270">
    <ele>1956.3</ele>
    <time>2026-07-15T22:02:24Z</time>
   </trkpt>
   <trkpt lat="39.6950060" lon="-105.1779880">
    <ele>1955.9</ele>
    <time>2026-07-15T22:02:25Z</time>
   </trkpt>
   <trkpt lat="39.6949710" lon="-105.1779210">
    <ele>1955.4</ele>
    <time>2026-07-15T22:02:26Z</time>
   </trkpt>
   <trkpt lat="39.6949540" lon="-105.1778530">
    <ele>1954.9</ele>
    <time>2026-07-15T22:02:27Z</time>
   </trkpt>
   <trkpt lat="39.6949240" lon="-105.1777980">
    <ele>1954.4</ele>
    <time>2026-07-15T22:02:28Z</time>
   </trkpt>
   <trkpt lat="39.6948960" lon="-105.1777290">
    <ele>1953.8</ele>
    <time>2026-07-15T22:02:29Z</time>
   </trkpt>
   <trkpt lat="39.6948900" lon="-105.1776530">
    <ele>1953.1</ele>
    <time>2026-07-15T22:02:30Z</time>
   </trkpt>
   <trkpt lat="39.6948600" lon="-105.1775980">
    <ele>1952.6</ele>
    <time>2026-07-15T22:02:31Z</time>
   </trkpt>
   <trkpt lat="39.6948000" lon="-105.1775450">
    <ele>1951.7</ele>
    <time>2026-07-15T22:02:32Z</time>
   </trkpt>
   <trkpt lat="39.6947600" lon="-105.1774820">
    <ele>1950.9</ele>
    <time>2026-07-15T22:02:33Z</time>
   </trkpt>
   <trkpt lat="39.6947180" lon="-105.1774330">
    <ele>1950.3</ele>
    <time>2026-07-15T22:02:34Z</time>
   </trkpt>
   <trkpt lat="39.6946680" lon="-105.1774210">
    <ele>1949.7</ele>
    <time>2026-07-15T22:02:35Z</time>
   </trkpt>
   <trkpt lat="39.6946190" lon="-105.1773740">
    <ele>1949.0</ele>
    <time>2026-07-15T22:02:36Z</time>
   </trkpt>
   <trkpt lat="39.6945890" lon="-105.1772950">
    <ele>1948.2</ele>
    <time>2026-07-15T22:02:37Z</time>
   </trkpt>
   <trkpt lat="39.6945590" lon="-105.1772330">
    <ele>1947.5</ele>
    <time>2026-07-15T22:02:38Z</time>
   </trkpt>
   <trkpt lat="39.6945360" lon="-105.1771850">
    <ele>1947.0</ele>
    <time>2026-07-15T22:02:39Z</time>
   </trkpt>
   <trkpt lat="39.6945260" lon="-105.1771190">
    <ele>1946.4</ele>
    <time>2026-07-15T22:02:40Z</time>
   </trkpt>
   <trkpt lat="39.6945310" lon="-105.1770310">
    <ele>1945.5</ele>
    <time>2026-07-15T22:02:41Z</time>
   </trkpt>
   <trkpt lat="39.6945340" lon="-105.1769480">
    <ele>1944.6</ele>
    <time>2026-07-15T22:02:42Z</time>
   </trkpt>
   <trkpt lat="39.6945110" lon="-105.1768710">
    <ele>1943.7</ele>
    <time>2026-07-15T22:02:43Z</time>
   </trkpt>
   <trkpt lat="39.6944910" lon="-105.1767750">
    <ele>1942.7</ele>
    <time>2026-07-15T22:02:44Z</time>
   </trkpt>
   <trkpt lat="39.6944820" lon="-105.1766840">
    <ele>1941.8</ele>
    <time>2026-07-15T22:02:45Z</time>
   </trkpt>
   <trkpt lat="39.6944710" lon="-105.1766140">
    <ele>1941.1</ele>
    <time>2026-07-15T22:02:46Z</time>
   </trkpt>
   <trkpt lat="39.6944480" lon="-105.1765520">
    <ele>1940.5</ele>
    <time>2026-07-15T22:02:47Z</time>
   </trkpt>
   <trkpt lat="39.6944460" lon="-105.1764640">
    <ele>1939.7</ele>
    <time>2026-07-15T22:02:48Z</time>
   </trkpt>
   <trkpt lat="39.6944490" lon="-105.1763810">
    <ele>1938.9</ele>
    <time>2026-07-15T22:02:49Z</time>
   </trkpt>
   <trkpt lat="39.6944420" lon="-105.1763030">
    <ele>1938.2</ele>
    <time>2026-07-15T22:02:50Z</time>
   </trkpt>
   <trkpt lat="39.6944120" lon="-105.1762490">
    <ele>1937.7</ele>
    <time>2026-07-15T22:02:51Z</time>
   </trkpt>
   <trkpt lat="39.6943900" lon="-105.1762180">
    <ele>1937.3</ele>
    <time>2026-07-15T22:02:52Z</time>
   </trkpt>
   <trkpt lat="39.6943760" lon="-105.1761800">
    <ele>1936.9</ele>
    <time>2026-07-15T22:02:53Z</time>
   </trkpt>
   <trkpt lat="39.6943550" lon="-105.1761450">
    <ele>1936.5</ele>
    <time>2026-07-15T22:02:54Z</time>
   </trkpt>
   <trkpt lat="39.6943600" lon="-105.1760920">
    <ele>1936.0</ele>
    <time>2026-07-15T22:02:55Z</time>
   </trkpt>
   <trkpt lat="39.6943410" lon="-105.1760470">
    <ele>1935.5</ele>
    <time>2026-07-15T22:02:56Z</time>
   </trkpt>
   <trkpt lat="39.6943060" lon="-105.1760040">
    <ele>1934.9</ele>
    <time>2026-07-15T22:02:57Z</time>
   </trkpt>
   <trkpt lat="39.6942920" lon="-105.1759420">
    <ele>1934.2</ele>
    <time>2026-07-15T22:02:58Z</time>
   </trkpt>
   <trkpt lat="39.6942520" lon="-105.1759270">
    <ele>1933.6</ele>
    <time>2026-07-15T22:02:59Z</time>
   </trkpt>
   <trkpt lat="39.6942310" lon="-105.1759070">
    <ele>1933.2</ele>
    <time>2026-07-15T22:03:00Z</time>
   </trkpt>
   <trkpt lat="39.6941990" lon="-105.1758370">
    <ele>1932.4</ele>
    <time>2026-07-15T22:03:01Z</time>
   </trkpt>
   <trkpt lat="39.6941620" lon="-105.1758300">
    <ele>1931.8</ele>
    <time>2026-07-15T22:03:02Z</time>
   </trkpt>
   <trkpt lat="39.6941160" lon="-105.1758370">
    <ele>1931.2</ele>
    <time>2026-07-15T22:03:03Z</time>
   </trkpt>
   <trkpt lat="39.6940880" lon="-105.1757980">
    <ele>1930.7</ele>
    <time>2026-07-15T22:03:04Z</time>
   </trkpt>
   <trkpt lat="39.6940560" lon="-105.1757660">
    <ele>1930.1</ele>
    <time>2026-07-15T22:03:05Z</time>
   </trkpt>
   <trkpt lat="39.6940170" lon="-105.1757320">
    <ele>1929.4</ele>
    <time>2026-07-15T22:03:06Z</time>
   </trkpt>
   <trkpt lat="39.6939840" lon="-105.1756890">
    <ele>1928.8</ele>
    <time>2026-07-15T22:03:07Z</time>
   </trkpt>
   <trkpt lat="39.6939450" lon="-105.1756450">
    <ele>1928.0</ele>
    <time>2026-07-15T22:03:08Z</time>
   </trkpt>
   <trkpt lat="39.6939200" lon="-105.1755830">
    <ele>1927.3</ele>
    <time>2026-07-15T22:03:09Z</time>
   </trkpt>
   <trkpt lat="39.6939060" lon="-105.1755400">
    <ele>1926.8</ele>
    <time>2026-07-15T22:03:10Z</time>
   </trkpt>
   <trkpt lat="39.6938960" lon="-105.1755170">
    <ele>1926.5</ele>
    <time>2026-07-15T22:03:11Z</time>
   </trkpt>
   <trkpt lat="39.6938790" lon="-105.1755270">
    <ele>1926.3</ele>
    <time>2026-07-15T22:03:12Z</time>
   </trkpt>
   <trkpt lat="39.6938780" lon="-105.1755240">
    <ele>1926.2</ele>
    <time>2026-07-15T22:03:13Z</time>
   </trkpt>
   <trkpt lat="39.6938760" lon="-105.1755220">
    <ele>1926.2</ele>
    <time>2026-07-15T22:03:14Z</time>
   </trkpt>
   <trkpt lat="39.6938750" lon="-105.1755190">
    <ele>1926.2</ele>
    <time>2026-07-15T22:03:15Z</time>
   </trkpt>
   <trkpt lat="39.6938740" lon="-105.1755160">
    <ele>1926.1</ele>
    <time>2026-07-15T22:03:16Z</time>
   </trkpt>
   <trkpt lat="39.6938720" lon="-105.1755140">
    <ele>1926.1</ele>
    <time>2026-07-15T22:03:17Z</time>
   </trkpt>
   <trkpt lat="39.6938710" lon="-105.1755110">
    <ele>1926.1</ele>
    <time>2026-07-15T22:03:18Z</time>
   </trkpt>
   <trkpt lat="39.6938700" lon="-105.1755080">
    <ele>1926.0</ele>
    <time>2026-07-15T22:03:19Z</time>
   </trkpt>
   <trkpt lat="39.6938680" lon="-105.1755060">
    <ele>1926.0</ele>
    <time>2026-07-15T22:03:20Z</time>
   </trkpt>
   <trkpt lat="39.6938670" lon="-105.1755030">
    <ele>1926.0</ele>
    <time>2026-07-15T22:03:21Z</time>
   </trkpt>
   <trkpt lat="39.6938660" lon="-105.1755000">
    <ele>1925.9</ele>
    <time>2026-07-15T22:03:22Z</time>
   </trkpt>
   <trkpt lat="39.6938070" lon="-105.1753840">
    <ele>1924.4</ele>
    <time>2026-07-15T22:04:06Z</time>
   </trkpt>
   <trkpt lat="39.6938060" lon="-105.1753810">
    <ele>1924.4</ele>
    <time>2026-07-15T22:04:07Z</time>
   </trkpt>
   <trkpt lat="39.6937800" lon="-105.1753290">
    <ele>1923.8</ele>
    <time>2026-07-15T22:04:08Z</time>
   </trkpt>
   <trkpt lat="39.6937520" lon="-105.1752400">
    <ele>1922.8</ele>
    <time>2026-07-15T22:04:09Z</time>
   </trkpt>
   <trkpt lat="39.6937710" lon="-105.1751990">
    <ele>1922.3</ele>
    <time>2026-07-15T22:04:11Z</time>
   </trkpt>
   <trkpt lat="39.6937860" lon="-105.1751120">
    <ele>1921.6</ele>
    <time>2026-07-15T22:04:12Z</time>
   </trkpt>
   <trkpt lat="39.6938090" lon="-105.1750360">
    <ele>1920.9</ele>
    <time>2026-07-15T22:04:13Z</time>
   </trkpt>
   <trkpt lat="39.6938240" lon="-105.1749880">
    <ele>1920.5</ele>
    <time>2026-07-15T22:04:14Z</time>
   </trkpt>
   <trkpt lat="39.6938250" lon="-105.1749540">
    <ele>1920.2</ele>
    <time>2026-07-15T22:04:15Z</time>
   </trkpt>
   <trkpt lat="39.6938220" lon="-105.1749320">
    <ele>1920.0</ele>
    <time>2026-07-15T22:04:16Z</time>
   </trkpt>
   <trkpt lat="39.6938060" lon="-105.1749270">
    <ele>1919.9</ele>
    <time>2026-07-15T22:04:17Z</time>
   </trkpt>
   <trkpt lat="39.6937760" lon="-105.1749460">
    <ele>1919.4</ele>
    <time>2026-07-15T22:04:18Z</time>
   </trkpt>
   <trkpt lat="39.6937360" lon="-105.1750090">
    <ele>1918.5</ele>
    <time>2026-07-15T22:04:19Z</time>
   </trkpt>
   <trkpt lat="39.6937130" lon="-105.1750970">
    <ele>1917.4</ele>
    <time>2026-07-15T22:04:20Z</time>
   </trkpt>
   <trkpt lat="39.6936760" lon="-105.1751350">
    <ele>1916.8</ele>
    <time>2026-07-15T22:04:21Z</time>
   </trkpt>
   <trkpt lat="39.6936300" lon="-105.1751390">
    <ele>1916.2</ele>
    <time>2026-07-15T22:04:22Z</time>
   </trkpt>
   <trkpt lat="39.6935930" lon="-105.1751690">
    <ele>1915.7</ele>
    <time>2026-07-15T22:04:23Z</time>
   </trkpt>
   <trkpt lat="39.6935700" lon="-105.1752460">
    <ele>1915.0</ele>
    <time>2026-07-15T22:04:24Z</time>
   </trkpt>
   <trkpt lat="39.6935760" lon="-105.1753210">
    <ele>1914.4</ele>
    <time>2026-07-15T22:04:25Z</time>
   </trkpt>
   <trkpt lat="39.6936000" lon="-105.1753770">
    <ele>1913.9</ele>
    <time>2026-07-15T22:04:26Z</time>
   </trkpt>
   <trkpt lat="39.6935890" lon="-105.1754380">
    <ele>1913.6</ele>
    <time>2026-07-15T22:04:27Z</time>
   </trkpt>
   <trkpt lat="39.6935850" lon="-105.1755020">
    <ele>1913.2</ele>
    <time>2026-07-15T22:04:28Z</time>
   </trkpt>
   <trkpt lat="39.6936010" lon="-105.1755780">
    <ele>1912.8</ele>
    <time>2026-07-15T22:04:29Z</time>
   </trkpt>
   <trkpt lat="39.6936180" lon="-105.1756590">
    <ele>1912.4</ele>
    <time>2026-07-15T22:04:30Z</time>
   </trkpt>
   <trkpt lat="39.6936300" lon="-105.1757240">
    <ele>1912.1</ele>
    <time>2026-07-15T22:04:31Z</time>
   </trkpt>
   <trkpt lat="39.6936110" lon="-105.1757710">
    <ele>1911.9</ele>
    <time>2026-07-15T22:04:32Z</time>
   </trkpt>
   <trkpt lat="39.6935620" lon="-105.1758060">
    <ele>1911.6</ele>
    <time>2026-07-15T22:04:33Z</time>
   </trkpt>
   <trkpt lat="39.6935190" lon="-105.1758800">
    <ele>1911.2</ele>
    <time>2026-07-15T22:04:34Z</time>
   </trkpt>
   <trkpt lat="39.6934800" lon="-105.1759030">
    <ele>1911.0</ele>
    <time>2026-07-15T22:04:35Z</time>
   </trkpt>
   <trkpt lat="39.6934690" lon="-105.1759800">
    <ele>1910.8</ele>
    <time>2026-07-15T22:04:36Z</time>
   </trkpt>
   <trkpt lat="39.6934610" lon="-105.1760540">
    <ele>1910.7</ele>
    <time>2026-07-15T22:04:37Z</time>
   </trkpt>
   <trkpt lat="39.6934580" lon="-105.1761200">
    <ele>1910.7</ele>
    <time>2026-07-15T22:04:38Z</time>
   </trkpt>
   <trkpt lat="39.6934830" lon="-105.1761820">
    <ele>1910.7</ele>
    <time>2026-07-15T22:04:39Z</time>
   </trkpt>
   <trkpt lat="39.6935080" lon="-105.1762310">
    <ele>1910.8</ele>
    <time>2026-07-15T22:04:40Z</time>
   </trkpt>
   <trkpt lat="39.6935460" lon="-105.1762390">
    <ele>1910.8</ele>
    <time>2026-07-15T22:04:41Z</time>
   </trkpt>
   <trkpt lat="39.6935650" lon="-105.1762180">
    <ele>1910.8</ele>
    <time>2026-07-15T22:04:42Z</time>
   </trkpt>
   <trkpt lat="39.6935860" lon="-105.1761990">
    <ele>1910.8</ele>
    <time>2026-07-15T22:04:43Z</time>
   </trkpt>
   <trkpt lat="39.6936220" lon="-105.1761960">
    <ele>1910.9</ele>
    <time>2026-07-15T22:04:44Z</time>
   </trkpt>
   <trkpt lat="39.6936480" lon="-105.1761810">
    <ele>1910.9</ele>
    <time>2026-07-15T22:04:45Z</time>
   </trkpt>
   <trkpt lat="39.6936770" lon="-105.1761490">
    <ele>1910.9</ele>
    <time>2026-07-15T22:04:46Z</time>
   </trkpt>
   <trkpt lat="39.6937070" lon="-105.1761270">
    <ele>1910.9</ele>
    <time>2026-07-15T22:04:47Z</time>
   </trkpt>
   <trkpt lat="39.6937310" lon="-105.1761370">
    <ele>1910.8</ele>
    <time>2026-07-15T22:04:48Z</time>
   </trkpt>
   <trkpt lat="39.6937490" lon="-105.1761850">
    <ele>1910.8</ele>
    <time>2026-07-15T22:04:49Z</time>
   </trkpt>
   <trkpt lat="39.6937350" lon="-105.1762320">
    <ele>1910.7</ele>
    <time>2026-07-15T22:04:50Z</time>
   </trkpt>
   <trkpt lat="39.6937100" lon="-105.1762600">
    <ele>1910.7</ele>
    <time>2026-07-15T22:04:51Z</time>
   </trkpt>
   <trkpt lat="39.6936840" lon="-105.1762890">
    <ele>1910.6</ele>
    <time>2026-07-15T22:04:52Z</time>
   </trkpt>
   <trkpt lat="39.6936650" lon="-105.1762890">
    <ele>1910.6</ele>
    <time>2026-07-15T22:04:53Z</time>
   </trkpt>
   <trkpt lat="39.6936330" lon="-105.1763180">
    <ele>1910.5</ele>
    <time>2026-07-15T22:04:54Z</time>
   </trkpt>
   <trkpt lat="39.6936130" lon="-105.1763160">
    <ele>1910.5</ele>
    <time>2026-07-15T22:04:55Z</time>
   </trkpt>
   <trkpt lat="39.6935880" lon="-105.1763110">
    <ele>1910.4</ele>
    <time>2026-07-15T22:04:56Z</time>
   </trkpt>
   <trkpt lat="39.6935650" lon="-105.1763060">
    <ele>1910.4</ele>
    <time>2026-07-15T22:04:57Z</time>
   </trkpt>
   <trkpt lat="39.6935230" lon="-105.1763010">
    <ele>1910.3</ele>
    <time>2026-07-15T22:04:58Z</time>
   </trkpt>
   <trkpt lat="39.6934920" lon="-105.1763230">
    <ele>1910.2</ele>
    <time>2026-07-15T22:04:59Z</time>
   </trkpt>
   <trkpt lat="39.6934580" lon="-105.1763320">
    <ele>1910.1</ele>
    <time>2026-07-15T22:05:00Z</time>
   </trkpt>
   <trkpt lat="39.6934180" lon="-105.1763520">
    <ele>1909.9</ele>
    <time>2026-07-15T22:05:01Z</time>
   </trkpt>
   <trkpt lat="39.6933700" lon="-105.1763510">
    <ele>1909.7</ele>
    <time>2026-07-15T22:05:02Z</time>
   </trkpt>
   <trkpt lat="39.6933440" lon="-105.1763800">
    <ele>1909.4</ele>
    <time>2026-07-15T22:05:03Z</time>
   </trkpt>
   <trkpt lat="39.6933120" lon="-105.1763700">
    <ele>1909.2</ele>
    <time>2026-07-15T22:05:04Z</time>
   </trkpt>
   <trkpt lat="39.6932800" lon="-105.1763590">
    <ele>1909.0</ele>
    <time>2026-07-15T22:05:05Z</time>
   </trkpt>
   <trkpt lat="39.6932300" lon="-105.1763910">
    <ele>1908.6</ele>
    <time>2026-07-15T22:05:06Z</time>
   </trkpt>
   <trkpt lat="39.6931850" lon="-105.1764030">
    <ele>1908.2</ele>
    <time>2026-07-15T22:05:07Z</time>
   </trkpt>
   <trkpt lat="39.6931490" lon="-105.1764160">
    <ele>1907.9</ele>
    <time>2026-07-15T22:05:08Z</time>
   </trkpt>
   <trkpt lat="39.6931330" lon="-105.1764150">
    <ele>1907.7</ele>
    <time>2026-07-15T22:05:09Z</time>
   </trkpt>
   <trkpt lat="39.6931030" lon="-105.1764440">
    <ele>1907.4</ele>
    <time>2026-07-15T22:05:10Z</time>
   </trkpt>
   <trkpt lat="39.6930950" lon="-105.1764950">
    <ele>1907.0</ele>
    <time>2026-07-15T22:05:11Z</time>
   </trkpt>
   <trkpt lat="39.6930740" lon="-105.1765170">
    <ele>1906.7</ele>
    <time>2026-07-15T22:05:12Z</time>
   </trkpt>
   <trkpt lat="39.6930370" lon="-105.1765170">
    <ele>1906.4</ele>
    <time>2026-07-15T22:05:13Z</time>
   </trkpt>
   <trkpt lat="39.6930200" lon="-105.1765550">
    <ele>1906.0</ele>
    <time>2026-07-15T22:05:14Z</time>
   </trkpt>
   <trkpt lat="39.6928200" lon="-105.1766520">
    <ele>1903.8</ele>
    <time>2026-07-15T22:05:15Z</time>
   </trkpt>
   <trkpt lat="39.6928040" lon="-105.1767000">
    <ele>1903.4</ele>
    <time>2026-07-15T22:05:16Z</time>
   </trkpt>
   <trkpt lat="39.6927580" lon="-105.1767320">
    <ele>1902.8</ele>
    <time>2026-07-15T22:05:17Z</time>
   </trkpt>
   <trkpt lat="39.6926790" lon="-105.1767770">
    <ele>1901.8</ele>
    <time>2026-07-15T22:05:18Z</time>
   </trkpt>
   <trkpt lat="39.6926120" lon="-105.1768110">
    <ele>1901.1</ele>
    <time>2026-07-15T22:05:19Z</time>
   </trkpt>
   <trkpt lat="39.6925610" lon="-105.1768600">
    <ele>1900.4</ele>
    <time>2026-07-15T22:05:20Z</time>
   </trkpt>
   <trkpt lat="39.6925270" lon="-105.1769230">
    <ele>1899.8</ele>
    <time>2026-07-15T22:05:21Z</time>
   </trkpt>
   <trkpt lat="39.6924950" lon="-105.1769960">
    <ele>1899.1</ele>
    <time>2026-07-15T22:05:22Z</time>
   </trkpt>
   <trkpt lat="39.6924600" lon="-105.1770610">
    <ele>1898.4</ele>
    <time>2026-07-15T22:05:23Z</time>
   </trkpt>
   <trkpt lat="39.6924270" lon="-105.1771260">
    <ele>1897.7</ele>
    <time>2026-07-15T22:05:24Z</time>
   </trkpt>
   <trkpt lat="39.6923990" lon="-105.1771990">
    <ele>1896.9</ele>
    <time>2026-07-15T22:05:25Z</time>
   </trkpt>
   <trkpt lat="39.6923730" lon="-105.1772860">
    <ele>1896.0</ele>
    <time>2026-07-15T22:05:26Z</time>
   </trkpt>
   <trkpt lat="39.6923440" lon="-105.1773780">
    <ele>1895.0</ele>
    <time>2026-07-15T22:05:27Z</time>
   </trkpt>
   <trkpt lat="39.6923160" lon="-105.1774700">
    <ele>1894.2</ele>
    <time>2026-07-15T22:05:28Z</time>
   </trkpt>
   <trkpt lat="39.6922880" lon="-105.1775750">
    <ele>1893.2</ele>
    <time>2026-07-15T22:05:29Z</time>
   </trkpt>
   <trkpt lat="39.6922470" lon="-105.1776800">
    <ele>1892.3</ele>
    <time>2026-07-15T22:05:30Z</time>
   </trkpt>
   <trkpt lat="39.6921030" lon="-105.1778340">
    <ele>1890.5</ele>
    <time>2026-07-15T22:05:31Z</time>
   </trkpt>
   <trkpt lat="39.6920440" lon="-105.1779040">
    <ele>1889.7</ele>
    <time>2026-07-15T22:05:32Z</time>
   </trkpt>
   <trkpt lat="39.6919810" lon="-105.1779700">
    <ele>1888.8</ele>
    <time>2026-07-15T22:05:33Z</time>
   </trkpt>
   <trkpt lat="39.6919730" lon="-105.1780510">
    <ele>1888.2</ele>
    <time>2026-07-15T22:05:34Z</time>
   </trkpt>
   <trkpt lat="39.6919070" lon="-105.1781320">
    <ele>1887.3</ele>
    <time>2026-07-15T22:05:35Z</time>
   </trkpt>
   <trkpt lat="39.6918380" lon="-105.1781990">
    <ele>1886.5</ele>
    <time>2026-07-15T22:05:36Z</time>
   </trkpt>
   <trkpt lat="39.6918020" lon="-105.1782600">
    <ele>1885.8</ele>
    <time>2026-07-15T22:05:37Z</time>
   </trkpt>
   <trkpt lat="39.6917390" lon="-105.1783380">
    <ele>1884.9</ele>
    <time>2026-07-15T22:05:38Z</time>
   </trkpt>
   <trkpt lat="39.6917010" lon="-105.1784220">
    <ele>1884.1</ele>
    <time>2026-07-15T22:05:39Z</time>
   </trkpt>
   <trkpt lat="39.6916800" lon="-105.1785150">
    <ele>1883.3</ele>
    <time>2026-07-15T22:05:40Z</time>
   </trkpt>
   <trkpt lat="39.6916830" lon="-105.1786010">
    <ele>1882.7</ele>
    <time>2026-07-15T22:05:41Z</time>
   </trkpt>
   <trkpt lat="39.6916880" lon="-105.1786820">
    <ele>1882.1</ele>
    <time>2026-07-15T22:05:42Z</time>
   </trkpt>
   <trkpt lat="39.6916650" lon="-105.1787590">
    <ele>1881.5</ele>
    <time>2026-07-15T22:05:43Z</time>
   </trkpt>
   <trkpt lat="39.6916440" lon="-105.1788460">
    <ele>1880.9</ele>
    <time>2026-07-15T22:05:44Z</time>
   </trkpt>
   <trkpt lat="39.6916050" lon="-105.1789270">
    <ele>1880.3</ele>
    <time>2026-07-15T22:05:45Z</time>
   </trkpt>
   <trkpt lat="39.6915520" lon="-105.1789980">
    <ele>1879.7</ele>
    <time>2026-07-15T22:05:46Z</time>
   </trkpt>
   <trkpt lat="39.6915100" lon="-105.1790750">
    <ele>1879.1</ele>
    <time>2026-07-15T22:05:47Z</time>
   </trkpt>
   <trkpt lat="39.6914850" lon="-105.1791460">
    <ele>1878.6</ele>
    <time>2026-07-15T22:05:48Z</time>
   </trkpt>
   <trkpt lat="39.6914490" lon="-105.1792280">
    <ele>1878.0</ele>
    <time>2026-07-15T22:05:49Z</time>
   </trkpt>
   <trkpt lat="39.6914360" lon="-105.1793020">
    <ele>1877.5</ele>
    <time>2026-07-15T22:05:50Z</time>
   </trkpt>
   <trkpt lat="39.6914250" lon="-105.1793590">
    <ele>1877.2</ele>
    <time>2026-07-15T22:05:51Z</time>
   </trkpt>
   <trkpt lat="39.6914250" lon="-105.1794100">
    <ele>1876.8</ele>
    <time>2026-07-15T22:05:52Z</time>
   </trkpt>
   <trkpt lat="39.6914310" lon="-105.1794560">
    <ele>1876.5</ele>
    <time>2026-07-15T22:05:53Z</time>
   </trkpt>
   <trkpt lat="39.6914290" lon="-105.1794800">
    <ele>1876.4</ele>
    <time>2026-07-15T22:05:54Z</time>
   </trkpt>
   <trkpt lat="39.6914230" lon="-105.1794860">
    <ele>1876.3</ele>
    <time>2026-07-15T22:05:55Z</time>
   </trkpt>
   <trkpt lat="39.6914250" lon="-105.1794840">
    <ele>1876.3</ele>
    <time>2026-07-15T22:05:56Z</time>
   </trkpt>
   <trkpt lat="39.6914240" lon="-105.1794780">
    <ele>1876.2</ele>
    <time>2026-07-15T22:05:57Z</time>
   </trkpt>
   <trkpt lat="39.6914230" lon="-105.1794790">
    <ele>1876.2</ele>
    <time>2026-07-15T22:05:58Z</time>
   </trkpt>
   <trkpt lat="39.6914220" lon="-105.1794800">
    <ele>1876.2</ele>
    <time>2026-07-15T22:05:59Z</time>
   </trkpt>
   <trkpt lat="39.6914220" lon="-105.1794800">
    <ele>1876.2</ele>
    <time>2026-07-15T22:06:00Z</time>
   </trkpt>
   <trkpt lat="39.6914200" lon="-105.1794810">
    <ele>1876.2</ele>
    <time>2026-07-15T22:06:01Z</time>
   </trkpt>
   <trkpt lat="39.6914190" lon="-105.1794810">
    <ele>1876.2</ele>
    <time>2026-07-15T22:06:02Z</time>
   </trkpt>
   <trkpt lat="39.6914190" lon="-105.1794810">
    <ele>1876.2</ele>
    <time>2026-07-15T22:06:03Z</time>
   </trkpt>
   <trkpt lat="39.6914190" lon="-105.1794810">
    <ele>1876.2</ele>
    <time>2026-07-15T22:06:05Z</time>
   </trkpt>
   <trkpt lat="39.6914160" lon="-105.1795410">
    <ele>1875.8</ele>
    <time>2026-07-15T22:06:18Z</time>
   </trkpt>
   <trkpt lat="39.6914190" lon="-105.1795770">
    <ele>1875.5</ele>
    <time>2026-07-15T22:06:19Z</time>
   </trkpt>
   <trkpt lat="39.6914290" lon="-105.1796230">
    <ele>1875.2</ele>
    <time>2026-07-15T22:06:20Z</time>
   </trkpt>
   <trkpt lat="39.6914300" lon="-105.1796650">
    <ele>1874.9</ele>
    <time>2026-07-15T22:06:21Z</time>
   </trkpt>
   <trkpt lat="39.6914190" lon="-105.1797220">
    <ele>1874.6</ele>
    <time>2026-07-15T22:06:22Z</time>
   </trkpt>
   <trkpt lat="39.6914140" lon="-105.1797720">
    <ele>1874.3</ele>
    <time>2026-07-15T22:06:23Z</time>
   </trkpt>
   <trkpt lat="39.6914170" lon="-105.1798360">
    <ele>1874.1</ele>
    <time>2026-07-15T22:06:24Z</time>
   </trkpt>
   <trkpt lat="39.6914350" lon="-105.1799050">
    <ele>1873.7</ele>
    <time>2026-07-15T22:06:25Z</time>
   </trkpt>
   <trkpt lat="39.6914450" lon="-105.1799680">
    <ele>1873.5</ele>
    <time>2026-07-15T22:06:26Z</time>
   </trkpt>
   <trkpt lat="39.6914570" lon="-105.1800360">
    <ele>1873.2</ele>
    <time>2026-07-15T22:06:27Z</time>
   </trkpt>
   <trkpt lat="39.6914770" lon="-105.1800990">
    <ele>1872.9</ele>
    <time>2026-07-15T22:06:28Z</time>
   </trkpt>
   <trkpt lat="39.6914870" lon="-105.1801690">
    <ele>1872.6</ele>
    <time>2026-07-15T22:06:29Z</time>
   </trkpt>
   <trkpt lat="39.6915050" lon="-105.1802400">
    <ele>1872.3</ele>
    <time>2026-07-15T22:06:30Z</time>
   </trkpt>
   <trkpt lat="39.6915240" lon="-105.1803140">
    <ele>1871.9</ele>
    <time>2026-07-15T22:06:31Z</time>
   </trkpt>
   <trkpt lat="39.6915410" lon="-105.1803930">
    <ele>1871.6</ele>
    <time>2026-07-15T22:06:32Z</time>
   </trkpt>
   <trkpt lat="39.6915690" lon="-105.1804570">
    <ele>1871.4</ele>
    <time>2026-07-15T22:06:33Z</time>
   </trkpt>
   <trkpt lat="39.6915720" lon="-105.1805250">
    <ele>1871.1</ele>
    <time>2026-07-15T22:06:34Z</time>
   </trkpt>
   <trkpt lat="39.6916070" lon="-105.1806070">
    <ele>1870.8</ele>
    <time>2026-07-15T22:06:35Z</time>
   </trkpt>
   <trkpt lat="39.6916340" lon="-105.1806780">
    <ele>1870.6</ele>
    <time>2026-07-15T22:06:36Z</time>
   </trkpt>
   <trkpt lat="39.6916730" lon="-105.1807500">
    <ele>1870.4</ele>
    <time>2026-07-15T22:06:37Z</time>
   </trkpt>
   <trkpt lat="39.6917100" lon="-105.1808240">
    <ele>1870.1</ele>
    <time>2026-07-15T22:06:38Z</time>
   </trkpt>
   <trkpt lat="39.6917480" lon="-105.1809020">
    <ele>1869.8</ele>
    <time>2026-07-15T22:06:39Z</time>
   </trkpt>
   <trkpt lat="39.6917800" lon="-105.1809730">
    <ele>1869.6</ele>
    <time>2026-07-15T22:06:40Z</time>
   </trkpt>
   <trkpt lat="39.6918140" lon="-105.1810450">
    <ele>1869.4</ele>
    <time>2026-07-15T22:06:41Z</time>
   </trkpt>
   <trkpt lat="39.6918510" lon="-105.1810940">
    <ele>1869.3</ele>
    <time>2026-07-15T22:06:42Z</time>
   </trkpt>
   <trkpt lat="39.6918920" lon="-105.1811700">
    <ele>1869.0</ele>
    <time>2026-07-15T22:06:43Z</time>
   </trkpt>
   <trkpt lat="39.6919280" lon="-105.1812430">
    <ele>1868.9</ele>
    <time>2026-07-15T22:06:44Z</time>
   </trkpt>
   <trkpt lat="39.6919650" lon="-105.1813140">
    <ele>1868.7</ele>
    <time>2026-07-15T22:06:45Z</time>
   </trkpt>
   <trkpt lat="39.6920020" lon="-105.1813840">
    <ele>1868.6</ele>
    <time>2026-07-15T22:06:46Z</time>
   </trkpt>
   <trkpt lat="39.6920380" lon="-105.1814550">
    <ele>1868.4</ele>
    <time>2026-07-15T22:06:47Z</time>
   </trkpt>
   <trkpt lat="39.6920670" lon="-105.1815290">
    <ele>1868.3</ele>
    <time>2026-07-15T22:06:48Z</time>
   </trkpt>
   <trkpt lat="39.6920940" lon="-105.1815930">
    <ele>1868.2</ele>
    <time>2026-07-15T22:06:49Z</time>
   </trkpt>
   <trkpt lat="39.6921190" lon="-105.1816690">
    <ele>1868.0</ele>
    <time>2026-07-15T22:06:50Z</time>
   </trkpt>
   <trkpt lat="39.6921370" lon="-105.1817440">
    <ele>1867.8</ele>
    <time>2026-07-15T22:06:51Z</time>
   </trkpt>
   <trkpt lat="39.6921670" lon="-105.1818260">
    <ele>1867.7</ele>
    <time>2026-07-15T22:06:52Z</time>
   </trkpt>
   <trkpt lat="39.6921950" lon="-105.1819040">
    <ele>1867.5</ele>
    <time>2026-07-15T22:06:53Z</time>
   </trkpt>
   <trkpt lat="39.6922300" lon="-105.1819750">
    <ele>1867.3</ele>
    <time>2026-07-15T22:06:54Z</time>
   </trkpt>
   <trkpt lat="39.6922490" lon="-105.1820420">
    <ele>1867.2</ele>
    <time>2026-07-15T22:06:55Z</time>
   </trkpt>
   <trkpt lat="39.6922630" lon="-105.1821400">
    <ele>1867.1</ele>
    <time>2026-07-15T22:06:56Z</time>
   </trkpt>
   <trkpt lat="39.6922930" lon="-105.1822070">
    <ele>1866.9</ele>
    <time>2026-07-15T22:06:57Z</time>
   </trkpt>
   <trkpt lat="39.6923280" lon="-105.1822790">
    <ele>1866.8</ele>
    <time>2026-07-15T22:06:58Z</time>
   </trkpt>
   <trkpt lat="39.6923660" lon="-105.1823400">
    <ele>1866.7</ele>
    <time>2026-07-15T22:06:59Z</time>
   </trkpt>
   <trkpt lat="39.6924020" lon="-105.1824150">
    <ele>1866.6</ele>
    <time>2026-07-15T22:07:00Z</time>
   </trkpt>
   <trkpt lat="39.6924290" lon="-105.1824890">
    <ele>1866.6</ele>
    <time>2026-07-15T22:07:01Z</time>
   </trkpt>
   <trkpt lat="39.6924450" lon="-105.1825620">
    <ele>1866.5</ele>
    <time>2026-07-15T22:07:02Z</time>
   </trkpt>
   <trkpt lat="39.6924630" lon="-105.1826370">
    <ele>1866.4</ele>
    <time>2026-07-15T22:07:03Z</time>
   </trkpt>
   <trkpt lat="39.6924830" lon="-105.1827030">
    <ele>1866.4</ele>
    <time>2026-07-15T22:07:04Z</time>
   </trkpt>
   <trkpt lat="39.6925100" lon="-105.1827850">
    <ele>1866.3</ele>
    <time>2026-07-15T22:07:05Z</time>
   </trkpt>
   <trkpt lat="39.6925290" lon="-105.1828490">
    <ele>1866.2</ele>
    <time>2026-07-15T22:07:06Z</time>
   </trkpt>
   <trkpt lat="39.6925500" lon="-105.1829100">
    <ele>1866.2</ele>
    <time>2026-07-15T22:07:07Z</time>
   </trkpt>
   <trkpt lat="39.6925730" lon="-105.1829820">
    <ele>1866.1</ele>
    <time>2026-07-15T22:07:08Z</time>
   </trkpt>
   <trkpt lat="39.6925990" lon="-105.1830530">
    <ele>1866.0</ele>
    <time>2026-07-15T22:07:09Z</time>
   </trkpt>
   <trkpt lat="39.6926220" lon="-105.1831050">
    <ele>1866.0</ele>
    <time>2026-07-15T22:07:10Z</time>
   </trkpt>
   <trkpt lat="39.6926490" lon="-105.1831660">
    <ele>1866.0</ele>
    <time>2026-07-15T22:07:11Z</time>
   </trkpt>
   <trkpt lat="39.6926660" lon="-105.1832360">
    <ele>1866.0</ele>
    <time>2026-07-15T22:07:12Z</time>
   </trkpt>
   <trkpt lat="39.6926810" lon="-105.1833010">
    <ele>1866.0</ele>
    <time>2026-07-15T22:07:13Z</time>
   </trkpt>
   <trkpt lat="39.6927010" lon="-105.1833640">
    <ele>1866.0</ele>
    <time>2026-07-15T22:07:14Z</time>
   </trkpt>
   <trkpt lat="39.6927110" lon="-105.1833670">
    <ele>1866.0</ele>
    <time>2026-07-15T22:07:15Z</time>
   </trkpt>
   <trkpt lat="39.6927310" lon="-105.1834210">
    <ele>1866.0</ele>
    <time>2026-07-15T22:07:16Z</time>
   </trkpt>
   <trkpt lat="39.6927390" lon="-105.1834530">
    <ele>1866.0</ele>
    <time>2026-07-15T22:07:17Z</time>
   </trkpt>
   <trkpt lat="39.6927470" lon="-105.1834880">
    <ele>1866.0</ele>
    <time>2026-07-15T22:07:18Z</time>
   </trkpt>
   <trkpt lat="39.6927600" lon="-105.1835310">
    <ele>1866.0</ele>
    <time>2026-07-15T22:07:19Z</time>
   </trkpt>
   <trkpt lat="39.6927720" lon="-105.1835750">
    <ele>1866.1</ele>
    <time>2026-07-15T22:07:20Z</time>
   </trkpt>
   <trkpt lat="39.6927890" lon="-105.1836030">
    <ele>1866.1</ele>
    <time>2026-07-15T22:07:21Z</time>
   </trkpt>
   <trkpt lat="39.6928050" lon="-105.1836440">
    <ele>1866.1</ele>
    <time>2026-07-15T22:07:22Z</time>
   </trkpt>
   <trkpt lat="39.6928130" lon="-105.1836970">
    <ele>1866.1</ele>
    <time>2026-07-15T22:07:23Z</time>
   </trkpt>
   <trkpt lat="39.6928230" lon="-105.1837350">
    <ele>1866.1</ele>
    <time>2026-07-15T22:07:24Z</time>
   </trkpt>
   <trkpt lat="39.6928400" lon="-105.1837720">
    <ele>1866.1</ele>
    <time>2026-07-15T22:07:25Z</time>
   </trkpt>
   <trkpt lat="39.6928570" lon="-105.1838110">
    <ele>1866.1</ele>
    <time>2026-07-15T22:07:26Z</time>
   </trkpt>
   <trkpt lat="39.6928750" lon="-105.1838500">
    <ele>1866.1</ele>
    <time>2026-07-15T22:07:27Z</time>
   </trkpt>
   <trkpt lat="39.6928990" lon="-105.1839360">
    <ele>1866.1</ele>
    <time>2026-07-15T22:07:28Z</time>
   </trkpt>
   <trkpt lat="39.6929060" lon="-105.1840140">
    <ele>1866.1</ele>
    <time>2026-07-15T22:07:29Z</time>
   </trkpt>
   <trkpt lat="39.6929170" lon="-105.1840790">
    <ele>1866.0</ele>
    <time>2026-07-15T22:07:30Z</time>
   </trkpt>
   <trkpt lat="39.6929460" lon="-105.1841580">
    <ele>1865.9</ele>
    <time>2026-07-15T22:07:31Z</time>
   </trkpt>
   <trkpt lat="39.6929630" lon="-105.1842350">
    <ele>1865.8</ele>
    <time>2026-07-15T22:07:32Z</time>
   </trkpt>
   <trkpt lat="39.6929780" lon="-105.1843060">
    <ele>1865.7</ele>
    <time>2026-07-15T22:07:33Z</time>
   </trkpt>
   <trkpt lat="39.6930010" lon="-105.1843850">
    <ele>1865.5</ele>
    <time>2026-07-15T22:07:34Z</time>
   </trkpt>
   <trkpt lat="39.6930220" lon="-105.1844480">
    <ele>1865.4</ele>
    <time>2026-07-15T22:07:35Z</time>
   </trkpt>
   <trkpt lat="39.6930550" lon="-105.1845250">
    <ele>1865.3</ele>
    <time>2026-07-15T22:07:36Z</time>
   </trkpt>
   <trkpt lat="39.6930900" lon="-105.1846020">
    <ele>1865.2</ele>
    <time>2026-07-15T22:07:37Z</time>
   </trkpt>
   <trkpt lat="39.6931210" lon="-105.1846700">
    <ele>1865.3</ele>
    <time>2026-07-15T22:07:38Z</time>
   </trkpt>
   <trkpt lat="39.6931480" lon="-105.1847400">
    <ele>1865.4</ele>
    <time>2026-07-15T22:07:39Z</time>
   </trkpt>
   <trkpt lat="39.6931740" lon="-105.1848270">
    <ele>1865.7</ele>
    <time>2026-07-15T22:07:40Z</time>
   </trkpt>
   <trkpt lat="39.6931820" lon="-105.1848360">
    <ele>1865.8</ele>
    <time>2026-07-15T22:07:41Z</time>
   </trkpt>
   <trkpt lat="39.6932050" lon="-105.1848750">
    <ele>1866.0</ele>
    <time>2026-07-15T22:07:42Z</time>
   </trkpt>
   <trkpt lat="39.6932240" lon="-105.1849000">
    <ele>1866.2</ele>
    <time>2026-07-15T22:07:43Z</time>
   </trkpt>
   <trkpt lat="39.6932780" lon="-105.1849470">
    <ele>1866.7</ele>
    <time>2026-07-15T22:07:44Z</time>
   </trkpt>
   <trkpt lat="39.6932960" lon="-105.1849540">
    <ele>1866.9</ele>
    <time>2026-07-15T22:07:45Z</time>
   </trkpt>
   <trkpt lat="39.6933180" lon="-105.1849700">
    <ele>1867.1</ele>
    <time>2026-07-15T22:07:46Z</time>
   </trkpt>
   <trkpt lat="39.6933280" lon="-105.1849740">
    <ele>1867.3</ele>
    <time>2026-07-15T22:07:47Z</time>
   </trkpt>
   <trkpt lat="39.6933560" lon="-105.1850030">
    <ele>1867.7</ele>
    <time>2026-07-15T22:07:48Z</time>
   </trkpt>
   <trkpt lat="39.6933640" lon="-105.1850240">
    <ele>1867.9</ele>
    <time>2026-07-15T22:07:49Z</time>
   </trkpt>
   <trkpt lat="39.6933780" lon="-105.1850530">
    <ele>1868.2</ele>
    <time>2026-07-15T22:07:50Z</time>
   </trkpt>
   <trkpt lat="39.6933930" lon="-105.1850800">
    <ele>1868.5</ele>
    <time>2026-07-15T22:07:51Z</time>
   </trkpt>
   <trkpt lat="39.6934110" lon="-105.1851120">
    <ele>1868.9</ele>
    <time>2026-07-15T22:07:52Z</time>
   </trkpt>
   <trkpt lat="39.6934300" lon="-105.1851500">
    <ele>1869.4</ele>
    <time>2026-07-15T22:07:53Z</time>
   </trkpt>
   <trkpt lat="39.6934460" lon="-105.1851800">
    <ele>1869.7</ele>
    <time>2026-07-15T22:07:54Z</time>
   </trkpt>
   <trkpt lat="39.6934620" lon="-105.1852170">
    <ele>1870.2</ele>
    <time>2026-07-15T22:07:56Z</time>
   </trkpt>
   <trkpt lat="39.6934830" lon="-105.1852370">
    <ele>1870.5</ele>
    <time>2026-07-15T22:07:57Z</time>
   </trkpt>
   <trkpt lat="39.6935090" lon="-105.1852570">
    <ele>1870.8</ele>
    <time>2026-07-15T22:07:58Z</time>
   </trkpt>
   <trkpt lat="39.6935210" lon="-105.1852840">
    <ele>1871.0</ele>
    <time>2026-07-15T22:07:59Z</time>
   </trkpt>
   <trkpt lat="39.6935370" lon="-105.1853100">
    <ele>1871.2</ele>
    <time>2026-07-15T22:08:00Z</time>
   </trkpt>
   <trkpt lat="39.6935530" lon="-105.1853570">
    <ele>1871.5</ele>
    <time>2026-07-15T22:08:01Z</time>
   </trkpt>
   <trkpt lat="39.6935930" lon="-105.1854400">
    <ele>1871.6</ele>
    <time>2026-07-15T22:08:02Z</time>
   </trkpt>
   <trkpt lat="39.6936720" lon="-105.1854750">
    <ele>1871.4</ele>
    <time>2026-07-15T22:08:03Z</time>
   </trkpt>
   <trkpt lat="39.6936830" lon="-105.1855610">
    <ele>1871.3</ele>
    <time>2026-07-15T22:08:04Z</time>
   </trkpt>
   <trkpt lat="39.6936920" lon="-105.1856350">
    <ele>1871.3</ele>
    <time>2026-07-15T22:08:05Z</time>
   </trkpt>
   <trkpt lat="39.6937070" lon="-105.1856880">
    <ele>1871.4</ele>
    <time>2026-07-15T22:08:06Z</time>
   </trkpt>
   <trkpt lat="39.6937270" lon="-105.1857200">
    <ele>1871.5</ele>
    <time>2026-07-15T22:08:07Z</time>
   </trkpt>
   <trkpt lat="39.6937550" lon="-105.1857540">
    <ele>1871.6</ele>
    <time>2026-07-15T22:08:08Z</time>
   </trkpt>
   <trkpt lat="39.6937800" lon="-105.1857720">
    <ele>1871.7</ele>
    <time>2026-07-15T22:08:09Z</time>
   </trkpt>
   <trkpt lat="39.6937980" lon="-105.1857780">
    <ele>1871.8</ele>
    <time>2026-07-15T22:08:10Z</time>
   </trkpt>
   <trkpt lat="39.6938040" lon="-105.1857750">
    <ele>1871.8</ele>
    <time>2026-07-15T22:08:11Z</time>
   </trkpt>
   <trkpt lat="39.6938100" lon="-105.1857760">
    <ele>1871.8</ele>
    <time>2026-07-15T22:08:12Z</time>
   </trkpt>
   <trkpt lat="39.6937960" lon="-105.1857670">
    <ele>1871.9</ele>
    <time>2026-07-15T22:08:13Z</time>
   </trkpt>
   <trkpt lat="39.6937960" lon="-105.1857670">
    <ele>1871.9</ele>
    <time>2026-07-15T22:08:14Z</time>
   </trkpt>
   <trkpt lat="39.6937960" lon="-105.1857670">
    <ele>1871.9</ele>
    <time>2026-07-15T22:08:15Z</time>
   </trkpt>
   <trkpt lat="39.6937960" lon="-105.1857670">
    <ele>1871.9</ele>
    <time>2026-07-15T22:08:16Z</time>
   </trkpt>
   <trkpt lat="39.6937960" lon="-105.1857670">
    <ele>1871.9</ele>
    <time>2026-07-15T22:08:17Z</time>
   </trkpt>
   <trkpt lat="39.6937960" lon="-105.1857670">
    <ele>1871.9</ele>
    <time>2026-07-15T22:08:18Z</time>
   </trkpt>
   <trkpt lat="39.6937960" lon="-105.1857670">
    <ele>1871.9</ele>
    <time>2026-07-15T22:08:19Z</time>
   </trkpt>
   <trkpt lat="39.6937880" lon="-105.1857630">
    <ele>1871.9</ele>
    <time>2026-07-15T22:08:20Z</time>
   </trkpt>
   <trkpt lat="39.6937870" lon="-105.1857630">
    <ele>1872.0</ele>
    <time>2026-07-15T22:08:21Z</time>
   </trkpt>
   <trkpt lat="39.6938370" lon="-105.1858250">
    <ele>1872.3</ele>
    <time>2026-07-15T22:08:29Z</time>
   </trkpt>
   <trkpt lat="39.6938620" lon="-105.1858380">
    <ele>1872.4</ele>
    <time>2026-07-15T22:08:30Z</time>
   </trkpt>
   <trkpt lat="39.6938830" lon="-105.1858580">
    <ele>1872.6</ele>
    <time>2026-07-15T22:08:31Z</time>
   </trkpt>
   <trkpt lat="39.6939050" lon="-105.1858820">
    <ele>1872.7</ele>
    <time>2026-07-15T22:08:32Z</time>
   </trkpt>
   <trkpt lat="39.6939330" lon="-105.1858860">
    <ele>1872.9</ele>
    <time>2026-07-15T22:08:33Z</time>
   </trkpt>
   <trkpt lat="39.6939590" lon="-105.1858900">
    <ele>1873.0</ele>
    <time>2026-07-15T22:08:34Z</time>
   </trkpt>
   <trkpt lat="39.6939810" lon="-105.1858870">
    <ele>1873.1</ele>
    <time>2026-07-15T22:08:35Z</time>
   </trkpt>
   <trkpt lat="39.6940040" lon="-105.1858890">
    <ele>1873.3</ele>
    <time>2026-07-15T22:08:36Z</time>
   </trkpt>
   <trkpt lat="39.6940340" lon="-105.1858870">
    <ele>1873.4</ele>
    <time>2026-07-15T22:08:37Z</time>
   </trkpt>
   <trkpt lat="39.6940580" lon="-105.1858790">
    <ele>1873.5</ele>
    <time>2026-07-15T22:08:38Z</time>
   </trkpt>
   <trkpt lat="39.6940830" lon="-105.1858580">
    <ele>1873.7</ele>
    <time>2026-07-15T22:08:39Z</time>
   </trkpt>
   <trkpt lat="39.6941090" lon="-105.1858480">
    <ele>1873.8</ele>
    <time>2026-07-15T22:08:40Z</time>
   </trkpt>
   <trkpt lat="39.6941240" lon="-105.1858360">
    <ele>1873.9</ele>
    <time>2026-07-15T22:08:41Z</time>
   </trkpt>
   <trkpt lat="39.6941550" lon="-105.1858220">
    <ele>1874.1</ele>
    <time>2026-07-15T22:08:42Z</time>
   </trkpt>
   <trkpt lat="39.6941780" lon="-105.1858210">
    <ele>1874.2</ele>
    <time>2026-07-15T22:08:43Z</time>
   </trkpt>
   <trkpt lat="39.6941960" lon="-105.1858500">
    <ele>1874.3</ele>
    <time>2026-07-15T22:08:44Z</time>
   </trkpt>
   <trkpt lat="39.6941990" lon="-105.1858580">
    <ele>1874.3</ele>
    <time>2026-07-15T22:08:45Z</time>
   </trkpt>
   <trkpt lat="39.6942060" lon="-105.1858770">
    <ele>1874.4</ele>
    <time>2026-07-15T22:08:46Z</time>
   </trkpt>
   <trkpt lat="39.6942280" lon="-105.1858910">
    <ele>1874.5</ele>
    <time>2026-07-15T22:08:47Z</time>
   </trkpt>
   <trkpt lat="39.6942390" lon="-105.1859110">
    <ele>1874.6</ele>
    <time>2026-07-15T22:08:48Z</time>
   </trkpt>
   <trkpt lat="39.6942620" lon="-105.1859350">
    <ele>1874.7</ele>
    <time>2026-07-15T22:08:49Z</time>
   </trkpt>
   <trkpt lat="39.6942850" lon="-105.1859700">
    <ele>1874.9</ele>
    <time>2026-07-15T22:08:50Z</time>
   </trkpt>
   <trkpt lat="39.6943050" lon="-105.1859910">
    <ele>1875.0</ele>
    <time>2026-07-15T22:08:51Z</time>
   </trkpt>
   <trkpt lat="39.6943330" lon="-105.1860210">
    <ele>1875.2</ele>
    <time>2026-07-15T22:08:52Z</time>
   </trkpt>
   <trkpt lat="39.6943420" lon="-105.1860240">
    <ele>1875.2</ele>
    <time>2026-07-15T22:08:53Z</time>
   </trkpt>
   <trkpt lat="39.6943710" lon="-105.1860480">
    <ele>1875.4</ele>
    <time>2026-07-15T22:08:54Z</time>
   </trkpt>
   <trkpt lat="39.6943770" lon="-105.1860550">
    <ele>1875.4</ele>
    <time>2026-07-15T22:08:55Z</time>
   </trkpt>
   <trkpt lat="39.6944000" lon="-105.1860760">
    <ele>1875.6</ele>
    <time>2026-07-15T22:08:56Z</time>
   </trkpt>
   <trkpt lat="39.6944090" lon="-105.1860770">
    <ele>1875.6</ele>
    <time>2026-07-15T22:08:57Z</time>
   </trkpt>
   <trkpt lat="39.6944280" lon="-105.1860830">
    <ele>1875.8</ele>
    <time>2026-07-15T22:08:58Z</time>
   </trkpt>
   <trkpt lat="39.6944420" lon="-105.1860870">
    <ele>1875.9</ele>
    <time>2026-07-15T22:08:59Z</time>
   </trkpt>
   <trkpt lat="39.6944720" lon="-105.1860910">
    <ele>1876.0</ele>
    <time>2026-07-15T22:09:00Z</time>
   </trkpt>
   <trkpt lat="39.6944780" lon="-105.1860880">
    <ele>1876.1</ele>
    <time>2026-07-15T22:09:01Z</time>
   </trkpt>
   <trkpt lat="39.6945040" lon="-105.1860930">
    <ele>1876.2</ele>
    <time>2026-07-15T22:09:02Z</time>
   </trkpt>
   <trkpt lat="39.6945160" lon="-105.1860960">
    <ele>1876.3</ele>
    <time>2026-07-15T22:09:03Z</time>
   </trkpt>
   <trkpt lat="39.6945410" lon="-105.1861120">
    <ele>1876.5</ele>
    <time>2026-07-15T22:09:04Z</time>
   </trkpt>
   <trkpt lat="39.6945460" lon="-105.1861290">
    <ele>1876.6</ele>
    <time>2026-07-15T22:09:05Z</time>
   </trkpt>
   <trkpt lat="39.6945630" lon="-105.1861600">
    <ele>1876.7</ele>
    <time>2026-07-15T22:09:06Z</time>
   </trkpt>
   <trkpt lat="39.6945680" lon="-105.1861980">
    <ele>1876.9</ele>
    <time>2026-07-15T22:09:07Z</time>
   </trkpt>
   <trkpt lat="39.6945730" lon="-105.1862350">
    <ele>1877.1</ele>
    <time>2026-07-15T22:09:08Z</time>
   </trkpt>
   <trkpt lat="39.6945790" lon="-105.1862840">
    <ele>1877.2</ele>
    <time>2026-07-15T22:09:09Z</time>
   </trkpt>
   <trkpt lat="39.6945840" lon="-105.1863140">
    <ele>1877.3</ele>
    <time>2026-07-15T22:09:10Z</time>
   </trkpt>
   <trkpt lat="39.6945970" lon="-105.1863530">
    <ele>1877.5</ele>
    <time>2026-07-15T22:09:11Z</time>
   </trkpt>
   <trkpt lat="39.6946050" lon="-105.1863800">
    <ele>1877.5</ele>
    <time>2026-07-15T22:09:12Z</time>
   </trkpt>
   <trkpt lat="39.6946060" lon="-105.1864040">
    <ele>1877.6</ele>
    <time>2026-07-15T22:09:13Z</time>
   </trkpt>
   <trkpt lat="39.6946010" lon="-105.1864400">
    <ele>1877.7</ele>
    <time>2026-07-15T22:09:14Z</time>
   </trkpt>
   <trkpt lat="39.6945990" lon="-105.1864700">
    <ele>1877.7</ele>
    <time>2026-07-15T22:09:15Z</time>
   </trkpt>
   <trkpt lat="39.6946090" lon="-105.1865000">
    <ele>1877.8</ele>
    <time>2026-07-15T22:09:16Z</time>
   </trkpt>
   <trkpt lat="39.6946130" lon="-105.1865270">
    <ele>1877.8</ele>
    <time>2026-07-15T22:09:17Z</time>
   </trkpt>
   <trkpt lat="39.6946090" lon="-105.1865560">
    <ele>1877.9</ele>
    <time>2026-07-15T22:09:18Z</time>
   </trkpt>
   <trkpt lat="39.6946130" lon="-105.1865850">
    <ele>1877.9</ele>
    <time>2026-07-15T22:09:19Z</time>
   </trkpt>
   <trkpt lat="39.6946120" lon="-105.1866190">
    <ele>1877.9</ele>
    <time>2026-07-15T22:09:20Z</time>
   </trkpt>
   <trkpt lat="39.6946210" lon="-105.1866500">
    <ele>1877.8</ele>
    <time>2026-07-15T22:09:21Z</time>
   </trkpt>
   <trkpt lat="39.6946310" lon="-105.1866850">
    <ele>1877.8</ele>
    <time>2026-07-15T22:09:22Z</time>
   </trkpt>
   <trkpt lat="39.6946400" lon="-105.1867190">
    <ele>1877.7</ele>
    <time>2026-07-15T22:09:23Z</time>
   </trkpt>
   <trkpt lat="39.6946540" lon="-105.1867460">
    <ele>1877.6</ele>
    <time>2026-07-15T22:09:24Z</time>
   </trkpt>
   <trkpt lat="39.6946780" lon="-105.1867690">
    <ele>1877.5</ele>
    <time>2026-07-15T22:09:25Z</time>
   </trkpt>
   <trkpt lat="39.6947110" lon="-105.1868100">
    <ele>1877.3</ele>
    <time>2026-07-15T22:09:26Z</time>
   </trkpt>
   <trkpt lat="39.6947420" lon="-105.1868500">
    <ele>1877.1</ele>
    <time>2026-07-15T22:09:27Z</time>
   </trkpt>
   <trkpt lat="39.6947580" lon="-105.1868760">
    <ele>1877.0</ele>
    <time>2026-07-15T22:09:28Z</time>
   </trkpt>
   <trkpt lat="39.6947560" lon="-105.1869380">
    <ele>1876.7</ele>
    <time>2026-07-15T22:09:29Z</time>
   </trkpt>
   <trkpt lat="39.6947470" lon="-105.1870110">
    <ele>1876.4</ele>
    <time>2026-07-15T22:09:30Z</time>
   </trkpt>
   <trkpt lat="39.6947400" lon="-105.1870690">
    <ele>1876.1</ele>
    <time>2026-07-15T22:09:31Z</time>
   </trkpt>
   <trkpt lat="39.6947070" lon="-105.1871420">
    <ele>1875.8</ele>
    <time>2026-07-15T22:09:32Z</time>
   </trkpt>
   <trkpt lat="39.6946990" lon="-105.1871940">
    <ele>1875.6</ele>
    <time>2026-07-15T22:09:33Z</time>
   </trkpt>
   <trkpt lat="39.6947070" lon="-105.1872650">
    <ele>1875.4</ele>
    <time>2026-07-15T22:09:34Z</time>
   </trkpt>
   <trkpt lat="39.6947060" lon="-105.1873340">
    <ele>1875.1</ele>
    <time>2026-07-15T22:09:35Z</time>
   </trkpt>
   <trkpt lat="39.6947270" lon="-105.1873990">
    <ele>1874.9</ele>
    <time>2026-07-15T22:09:36Z</time>
   </trkpt>
   <trkpt lat="39.6947310" lon="-105.1874810">
    <ele>1874.6</ele>
    <time>2026-07-15T22:09:37Z</time>
   </trkpt>
   <trkpt lat="39.6947350" lon="-105.1875470">
    <ele>1874.3</ele>
    <time>2026-07-15T22:09:38Z</time>
   </trkpt>
   <trkpt lat="39.6947420" lon="-105.1876150">
    <ele>1874.0</ele>
    <time>2026-07-15T22:09:39Z</time>
   </trkpt>
   <trkpt lat="39.6947520" lon="-105.1876910">
    <ele>1873.6</ele>
    <time>2026-07-15T22:09:40Z</time>
   </trkpt>
   <trkpt lat="39.6947410" lon="-105.1877770">
    <ele>1873.1</ele>
    <time>2026-07-15T22:09:41Z</time>
   </trkpt>
   <trkpt lat="39.6947630" lon="-105.1878450">
    <ele>1872.8</ele>
    <time>2026-07-15T22:09:42Z</time>
   </trkpt>
   <trkpt lat="39.6948100" lon="-105.1879010">
    <ele>1872.3</ele>
    <time>2026-07-15T22:09:43Z</time>
   </trkpt>
   <trkpt lat="39.6948730" lon="-105.1879520">
    <ele>1871.9</ele>
    <time>2026-07-15T22:09:44Z</time>
   </trkpt>
   <trkpt lat="39.6949300" lon="-105.1879970">
    <ele>1871.5</ele>
    <time>2026-07-15T22:09:45Z</time>
   </trkpt>
   <trkpt lat="39.6949640" lon="-105.1880560">
    <ele>1871.2</ele>
    <time>2026-07-15T22:09:46Z</time>
   </trkpt>
   <trkpt lat="39.6949760" lon="-105.1881190">
    <ele>1870.8</ele>
    <time>2026-07-15T22:09:47Z</time>
   </trkpt>
   <trkpt lat="39.6949920" lon="-105.1881470">
    <ele>1870.6</ele>
    <time>2026-07-15T22:09:48Z</time>
   </trkpt>
   <trkpt lat="39.6950270" lon="-105.1881130">
    <ele>1870.2</ele>
    <time>2026-07-15T22:09:49Z</time>
   </trkpt>
   <trkpt lat="39.6950220" lon="-105.1880250">
    <ele>1869.6</ele>
    <time>2026-07-15T22:09:50Z</time>
   </trkpt>
   <trkpt lat="39.6950040" lon="-105.1879420">
    <ele>1869.1</ele>
    <time>2026-07-15T22:09:51Z</time>
   </trkpt>
   <trkpt lat="39.6949790" lon="-105.1879090">
    <ele>1868.9</ele>
    <time>2026-07-15T22:09:52Z</time>
   </trkpt>
   <trkpt lat="39.6949890" lon="-105.1878420">
    <ele>1868.6</ele>
    <time>2026-07-15T22:09:53Z</time>
   </trkpt>
   <trkpt lat="39.6950260" lon="-105.1877860">
    <ele>1868.3</ele>
    <time>2026-07-15T22:09:54Z</time>
   </trkpt>
   <trkpt lat="39.6950640" lon="-105.1877420">
    <ele>1868.1</ele>
    <time>2026-07-15T22:09:55Z</time>
   </trkpt>
   <trkpt lat="39.6951160" lon="-105.1877200">
    <ele>1867.9</ele>
    <time>2026-07-15T22:09:56Z</time>
   </trkpt>
   <trkpt lat="39.6951930" lon="-105.1877230">
    <ele>1867.6</ele>
    <time>2026-07-15T22:09:57Z</time>
   </trkpt>
   <trkpt lat="39.6952430" lon="-105.1877430">
    <ele>1867.4</ele>
    <time>2026-07-15T22:09:58Z</time>
   </trkpt>
   <trkpt lat="39.6952920" lon="-105.1877600">
    <ele>1867.2</ele>
    <time>2026-07-15T22:09:59Z</time>
   </trkpt>
   <trkpt lat="39.6953350" lon="-105.1877880">
    <ele>1867.0</ele>
    <time>2026-07-15T22:10:00Z</time>
   </trkpt>
   <trkpt lat="39.6953820" lon="-105.1878010">
    <ele>1866.8</ele>
    <time>2026-07-15T22:10:01Z</time>
   </trkpt>
   <trkpt lat="39.6954320" lon="-105.1878140">
    <ele>1866.6</ele>
    <time>2026-07-15T22:10:02Z</time>
   </trkpt>
   <trkpt lat="39.6954790" lon="-105.1878370">
    <ele>1866.4</ele>
    <time>2026-07-15T22:10:03Z</time>
   </trkpt>
   <trkpt lat="39.6955220" lon="-105.1878430">
    <ele>1866.2</ele>
    <time>2026-07-15T22:10:04Z</time>
   </trkpt>
   <trkpt lat="39.6955790" lon="-105.1878700">
    <ele>1866.0</ele>
    <time>2026-07-15T22:10:05Z</time>
   </trkpt>
   <trkpt lat="39.6956230" lon="-105.1879030">
    <ele>1865.8</ele>
    <time>2026-07-15T22:10:06Z</time>
   </trkpt>
   <trkpt lat="39.6956710" lon="-105.1879340">
    <ele>1865.7</ele>
    <time>2026-07-15T22:10:07Z</time>
   </trkpt>
   <trkpt lat="39.6957180" lon="-105.1879530">
    <ele>1865.5</ele>
    <time>2026-07-15T22:10:08Z</time>
   </trkpt>
   <trkpt lat="39.6957390" lon="-105.1879930">
    <ele>1865.3</ele>
    <time>2026-07-15T22:10:09Z</time>
   </trkpt>
   <trkpt lat="39.6957710" lon="-105.1880460">
    <ele>1865.1</ele>
    <time>2026-07-15T22:10:10Z</time>
   </trkpt>
   <trkpt lat="39.6957720" lon="-105.1881280">
    <ele>1864.8</ele>
    <time>2026-07-15T22:10:11Z</time>
   </trkpt>
   <trkpt lat="39.6957860" lon="-105.1881960">
    <ele>1864.4</ele>
    <time>2026-07-15T22:10:12Z</time>
   </trkpt>
   <trkpt lat="39.6958150" lon="-105.1882590">
    <ele>1864.1</ele>
    <time>2026-07-15T22:10:13Z</time>
   </trkpt>
   <trkpt lat="39.6958790" lon="-105.1882960">
    <ele>1863.7</ele>
    <time>2026-07-15T22:10:14Z</time>
   </trkpt>
   <trkpt lat="39.6959420" lon="-105.1883090">
    <ele>1863.3</ele>
    <time>2026-07-15T22:10:15Z</time>
   </trkpt>
   <trkpt lat="39.6959900" lon="-105.1883570">
    <ele>1862.9</ele>
    <time>2026-07-15T22:10:16Z</time>
   </trkpt>
   <trkpt lat="39.6960330" lon="-105.1884110">
    <ele>1862.6</ele>
    <time>2026-07-15T22:10:17Z</time>
   </trkpt>
   <trkpt lat="39.6960600" lon="-105.1884850">
    <ele>1862.3</ele>
    <time>2026-07-15T22:10:18Z</time>
   </trkpt>
   <trkpt lat="39.6960470" lon="-105.1885720">
    <ele>1861.8</ele>
    <time>2026-07-15T22:10:19Z</time>
   </trkpt>
   <trkpt lat="39.6960060" lon="-105.1886140">
    <ele>1861.4</ele>
    <time>2026-07-15T22:10:20Z</time>
   </trkpt>
   <trkpt lat="39.6959740" lon="-105.1886560">
    <ele>1861.1</ele>
    <time>2026-07-15T22:10:21Z</time>
   </trkpt>
   <trkpt lat="39.6959760" lon="-105.1887220">
    <ele>1860.8</ele>
    <time>2026-07-15T22:10:22Z</time>
   </trkpt>
   <trkpt lat="39.6959740" lon="-105.1888100">
    <ele>1860.4</ele>
    <time>2026-07-15T22:10:23Z</time>
   </trkpt>
   <trkpt lat="39.6959150" lon="-105.1888540">
    <ele>1860.0</ele>
    <time>2026-07-15T22:10:24Z</time>
   </trkpt>
   <trkpt lat="39.6958600" lon="-105.1888890">
    <ele>1859.8</ele>
    <time>2026-07-15T22:10:25Z</time>
   </trkpt>
   <trkpt lat="39.6958620" lon="-105.1889400">
    <ele>1859.6</ele>
    <time>2026-07-15T22:10:26Z</time>
   </trkpt>
   <trkpt lat="39.6959090" lon="-105.1890060">
    <ele>1859.3</ele>
    <time>2026-07-15T22:10:27Z</time>
   </trkpt>
   <trkpt lat="39.6959240" lon="-105.1890700">
    <ele>1859.1</ele>
    <time>2026-07-15T22:10:28Z</time>
   </trkpt>
   <trkpt lat="39.6959220" lon="-105.1891300">
    <ele>1859.0</ele>
    <time>2026-07-15T22:10:29Z</time>
   </trkpt>
   <trkpt lat="39.6959120" lon="-105.1891860">
    <ele>1858.8</ele>
    <time>2026-07-15T22:10:30Z</time>
   </trkpt>
   <trkpt lat="39.6958920" lon="-105.1892430">
    <ele>1858.6</ele>
    <time>2026-07-15T22:10:31Z</time>
   </trkpt>
   <trkpt lat="39.6958690" lon="-105.1893010">
    <ele>1858.5</ele>
    <time>2026-07-15T22:10:32Z</time>
   </trkpt>
   <trkpt lat="39.6958460" lon="-105.1893620">
    <ele>1858.2</ele>
    <time>2026-07-15T22:10:33Z</time>
   </trkpt>
   <trkpt lat="39.6958240" lon="-105.1894220">
    <ele>1858.0</ele>
    <time>2026-07-15T22:10:34Z</time>
   </trkpt>
   <trkpt lat="39.6957990" lon="-105.1894800">
    <ele>1857.8</ele>
    <time>2026-07-15T22:10:35Z</time>
   </trkpt>
   <trkpt lat="39.6957630" lon="-105.1895320">
    <ele>1857.4</ele>
    <time>2026-07-15T22:10:36Z</time>
   </trkpt>
   <trkpt lat="39.6957300" lon="-105.1895870">
    <ele>1857.0</ele>
    <time>2026-07-15T22:10:37Z</time>
   </trkpt>
   <trkpt lat="39.6956960" lon="-105.1896430">
    <ele>1856.8</ele>
    <time>2026-07-15T22:10:38Z</time>
   </trkpt>
   <trkpt lat="39.6956630" lon="-105.1896970">
    <ele>1856.8</ele>
    <time>2026-07-15T22:10:39Z</time>
   </trkpt>
   <trkpt lat="39.6956360" lon="-105.1897540">
    <ele>1856.8</ele>
    <time>2026-07-15T22:10:40Z</time>
   </trkpt>
   <trkpt lat="39.6956110" lon="-105.1898070">
    <ele>1856.9</ele>
    <time>2026-07-15T22:10:41Z</time>
   </trkpt>
   <trkpt lat="39.6955840" lon="-105.1898630">
    <ele>1856.9</ele>
    <time>2026-07-15T22:10:42Z</time>
   </trkpt>
   <trkpt lat="39.6955620" lon="-105.1899190">
    <ele>1856.8</ele>
    <time>2026-07-15T22:10:43Z</time>
   </trkpt>
   <trkpt lat="39.6955490" lon="-105.1899710">
    <ele>1856.8</ele>
    <time>2026-07-15T22:10:44Z</time>
   </trkpt>
   <trkpt lat="39.6955160" lon="-105.1900360">
    <ele>1856.7</ele>
    <time>2026-07-15T22:10:45Z</time>
   </trkpt>
   <trkpt lat="39.6954900" lon="-105.1900870">
    <ele>1856.6</ele>
    <time>2026-07-15T22:10:46Z</time>
   </trkpt>
   <trkpt lat="39.6954710" lon="-105.1901350">
    <ele>1856.5</ele>
    <time>2026-07-15T22:10:47Z</time>
   </trkpt>
   <trkpt lat="39.6954490" lon="-105.1901890">
    <ele>1856.4</ele>
    <time>2026-07-15T22:10:48Z</time>
   </trkpt>
   <trkpt lat="39.6954240" lon="-105.1902370">
    <ele>1856.2</ele>
    <time>2026-07-15T22:10:49Z</time>
   </trkpt>
   <trkpt lat="39.6954020" lon="-105.1902920">
    <ele>1856.1</ele>
    <time>2026-07-15T22:10:50Z</time>
   </trkpt>
   <trkpt lat="39.6953800" lon="-105.1903470">
    <ele>1855.9</ele>
    <time>2026-07-15T22:10:51Z</time>
   </trkpt>
   <trkpt lat="39.6953600" lon="-105.1904020">
    <ele>1855.8</ele>
    <time>2026-07-15T22:10:52Z</time>
   </trkpt>
   <trkpt lat="39.6953380" lon="-105.1904620">
    <ele>1855.6</ele>
    <time>2026-07-15T22:10:53Z</time>
   </trkpt>
   <trkpt lat="39.6953090" lon="-105.1905270">
    <ele>1855.4</ele>
    <time>2026-07-15T22:10:54Z</time>
   </trkpt>
   <trkpt lat="39.6952850" lon="-105.1905850">
    <ele>1855.2</ele>
    <time>2026-07-15T22:10:55Z</time>
   </trkpt>
   <trkpt lat="39.6952580" lon="-105.1906490">
    <ele>1855.0</ele>
    <time>2026-07-15T22:10:56Z</time>
   </trkpt>
   <trkpt lat="39.6952350" lon="-105.1907060">
    <ele>1854.7</ele>
    <time>2026-07-15T22:10:57Z</time>
   </trkpt>
   <trkpt lat="39.6952190" lon="-105.1907530">
    <ele>1854.5</ele>
    <time>2026-07-15T22:10:58Z</time>
   </trkpt>
   <trkpt lat="39.6952050" lon="-105.1907800">
    <ele>1854.4</ele>
    <time>2026-07-15T22:10:59Z</time>
   </trkpt>
   <trkpt lat="39.6952070" lon="-105.1908260">
    <ele>1854.2</ele>
    <time>2026-07-15T22:11:00Z</time>
   </trkpt>
   <trkpt lat="39.6952350" lon="-105.1908590">
    <ele>1853.1</ele>
    <time>2026-07-15T22:11:01Z</time>
   </trkpt>
   <trkpt lat="39.6952630" lon="-105.1909070">
    <ele>1852.5</ele>
    <time>2026-07-15T22:11:02Z</time>
   </trkpt>
   <trkpt lat="39.6953010" lon="-105.1909630">
    <ele>1852.4</ele>
    <time>2026-07-15T22:11:03Z</time>
   </trkpt>
   <trkpt lat="39.6953430" lon="-105.1910150">
    <ele>1852.4</ele>
    <time>2026-07-15T22:11:04Z</time>
   </trkpt>
   <trkpt lat="39.6953750" lon="-105.1910570">
    <ele>1852.1</ele>
    <time>2026-07-15T22:11:05Z</time>
   </trkpt>
   <trkpt lat="39.6954270" lon="-105.1910790">
    <ele>1852.1</ele>
    <time>2026-07-15T22:11:06Z</time>
   </trkpt>
   <trkpt lat="39.6954620" lon="-105.1911250">
    <ele>1851.7</ele>
    <time>2026-07-15T22:11:07Z</time>
   </trkpt>
   <trkpt lat="39.6954960" lon="-105.1911730">
    <ele>1851.4</ele>
    <time>2026-07-15T22:11:08Z</time>
   </trkpt>
   <trkpt lat="39.6955400" lon="-105.1912100">
    <ele>1851.0</ele>
    <time>2026-07-15T22:11:09Z</time>
   </trkpt>
   <trkpt lat="39.6955890" lon="-105.1912300">
    <ele>1850.5</ele>
    <time>2026-07-15T22:11:10Z</time>
   </trkpt>
   <trkpt lat="39.6956450" lon="-105.1912520">
    <ele>1851.0</ele>
    <time>2026-07-15T22:11:11Z</time>
   </trkpt>
   <trkpt lat="39.6956780" lon="-105.1912590">
    <ele>1851.2</ele>
    <time>2026-07-15T22:11:12Z</time>
   </trkpt>
   <trkpt lat="39.6957330" lon="-105.1913030">
    <ele>1850.0</ele>
    <time>2026-07-15T22:11:13Z</time>
   </trkpt>
   <trkpt lat="39.6957750" lon="-105.1913410">
    <ele>1850.2</ele>
    <time>2026-07-15T22:11:14Z</time>
   </trkpt>
   <trkpt lat="39.6958250" lon="-105.1913810">
    <ele>1849.5</ele>
    <time>2026-07-15T22:11:15Z</time>
   </trkpt>
   <trkpt lat="39.6958860" lon="-105.1914010">
    <ele>1849.0</ele>
    <time>2026-07-15T22:11:16Z</time>
   </trkpt>
   <trkpt lat="39.6959430" lon="-105.1914100">
    <ele>1849.5</ele>
    <time>2026-07-15T22:11:17Z</time>
   </trkpt>
   <trkpt lat="39.6959900" lon="-105.1914450">
    <ele>1848.4</ele>
    <time>2026-07-15T22:11:18Z</time>
   </trkpt>
   <trkpt lat="39.6960480" lon="-105.1914720">
    <ele>1848.9</ele>
    <time>2026-07-15T22:11:19Z</time>
   </trkpt>
   <trkpt lat="39.6961040" lon="-105.1914840">
    <ele>1847.6</ele>
    <time>2026-07-15T22:11:20Z</time>
   </trkpt>
   <trkpt lat="39.6961620" lon="-105.1914980">
    <ele>1847.5</ele>
    <time>2026-07-15T22:11:21Z</time>
   </trkpt>
   <trkpt lat="39.6962190" lon="-105.1915290">
    <ele>1846.1</ele>
    <time>2026-07-15T22:11:22Z</time>
   </trkpt>
   <trkpt lat="39.6962680" lon="-105.1915220">
    <ele>1846.3</ele>
    <time>2026-07-15T22:11:23Z</time>
   </trkpt>
   <trkpt lat="39.6962910" lon="-105.1915210">
    <ele>1846.7</ele>
    <time>2026-07-15T22:11:24Z</time>
   </trkpt>
   <trkpt lat="39.6962960" lon="-105.1915660">
    <ele>1845.8</ele>
    <time>2026-07-15T22:11:25Z</time>
   </trkpt>
   <trkpt lat="39.6962570" lon="-105.1916310">
    <ele>1844.6</ele>
    <time>2026-07-15T22:11:26Z</time>
   </trkpt>
   <trkpt lat="39.6961870" lon="-105.1916490">
    <ele>1844.1</ele>
    <time>2026-07-15T22:11:27Z</time>
   </trkpt>
   <trkpt lat="39.6961290" lon="-105.1916540">
    <ele>1844.2</ele>
    <time>2026-07-15T22:11:28Z</time>
   </trkpt>
   <trkpt lat="39.6960930" lon="-105.1916860">
    <ele>1844.2</ele>
    <time>2026-07-15T22:11:29Z</time>
   </trkpt>
   <trkpt lat="39.6960770" lon="-105.1917520">
    <ele>1844.4</ele>
    <time>2026-07-15T22:11:30Z</time>
   </trkpt>
   <trkpt lat="39.6960900" lon="-105.1918010">
    <ele>1844.4</ele>
    <time>2026-07-15T22:11:31Z</time>
   </trkpt>
   <trkpt lat="39.6961290" lon="-105.1918270">
    <ele>1844.2</ele>
    <time>2026-07-15T22:11:32Z</time>
   </trkpt>
   <trkpt lat="39.6961780" lon="-105.1918520">
    <ele>1844.1</ele>
    <time>2026-07-15T22:11:33Z</time>
   </trkpt>
   <trkpt lat="39.6962190" lon="-105.1918660">
    <ele>1844.1</ele>
    <time>2026-07-15T22:11:34Z</time>
   </trkpt>
   <trkpt lat="39.6962570" lon="-105.1918950">
    <ele>1844.0</ele>
    <time>2026-07-15T22:11:35Z</time>
   </trkpt>
   <trkpt lat="39.6962950" lon="-105.1919110">
    <ele>1844.0</ele>
    <time>2026-07-15T22:11:36Z</time>
   </trkpt>
   <trkpt lat="39.6963340" lon="-105.1919320">
    <ele>1844.0</ele>
    <time>2026-07-15T22:11:37Z</time>
   </trkpt>
   <trkpt lat="39.6963610" lon="-105.1919660">
    <ele>1844.0</ele>
    <time>2026-07-15T22:11:38Z</time>
   </trkpt>
   <trkpt lat="39.6963730" lon="-105.1920100">
    <ele>1844.1</ele>
    <time>2026-07-15T22:11:39Z</time>
   </trkpt>
   <trkpt lat="39.6963920" lon="-105.1920420">
    <ele>1844.1</ele>
    <time>2026-07-15T22:11:40Z</time>
   </trkpt>
   <trkpt lat="39.6964100" lon="-105.1920650">
    <ele>1844.1</ele>
    <time>2026-07-15T22:11:41Z</time>
   </trkpt>
   <trkpt lat="39.6964240" lon="-105.1920600">
    <ele>1844.1</ele>
    <time>2026-07-15T22:11:42Z</time>
   </trkpt>
   <trkpt lat="39.6964480" lon="-105.1920460">
    <ele>1844.1</ele>
    <time>2026-07-15T22:11:43Z</time>
   </trkpt>
   <trkpt lat="39.6964620" lon="-105.1920490">
    <ele>1844.1</ele>
    <time>2026-07-15T22:11:44Z</time>
   </trkpt>
   <trkpt lat="39.6964670" lon="-105.1920570">
    <ele>1844.1</ele>
    <time>2026-07-15T22:11:45Z</time>
   </trkpt>
   <trkpt lat="39.6964560" lon="-105.1920660">
    <ele>1844.1</ele>
    <time>2026-07-15T22:11:46Z</time>
   </trkpt>
   <trkpt lat="39.6964820" lon="-105.1920930">
    <ele>1844.1</ele>
    <time>2026-07-15T22:11:47Z</time>
   </trkpt>
   <trkpt lat="39.6964910" lon="-105.1921050">
    <ele>1844.1</ele>
    <time>2026-07-15T22:11:48Z</time>
   </trkpt>
   <trkpt lat="39.6965030" lon="-105.1920940">
    <ele>1844.1</ele>
    <time>2026-07-15T22:11:49Z</time>
   </trkpt>
   <trkpt lat="39.6965150" lon="-105.1920950">
    <ele>1844.1</ele>
    <time>2026-07-15T22:11:50Z</time>
   </trkpt>
   <trkpt lat="39.6965290" lon="-105.1920800">
    <ele>1844.1</ele>
    <time>2026-07-15T22:11:51Z</time>
   </trkpt>
   <trkpt lat="39.6965390" lon="-105.1920870">
    <ele>1844.1</ele>
    <time>2026-07-15T22:11:52Z</time>
   </trkpt>
   <trkpt lat="39.6965390" lon="-105.1920850">
    <ele>1844.1</ele>
    <time>2026-07-15T22:11:53Z</time>
   </trkpt>
   <trkpt lat="39.6965400" lon="-105.1920980">
    <ele>1844.1</ele>
    <time>2026-07-15T22:11:54Z</time>
   </trkpt>
   <trkpt lat="39.6965510" lon="-105.1921450">
    <ele>1844.1</ele>
    <time>2026-07-15T22:11:55Z</time>
   </trkpt>
   <trkpt lat="39.6965590" lon="-105.1921590">
    <ele>1844.2</ele>
    <time>2026-07-15T22:11:56Z</time>
   </trkpt>
   <trkpt lat="39.6965550" lon="-105.1921500">
    <ele>1844.2</ele>
    <time>2026-07-15T22:11:57Z</time>
   </trkpt>
   <trkpt lat="39.6965620" lon="-105.1921360">
    <ele>1844.2</ele>
    <time>2026-07-15T22:11:58Z</time>
   </trkpt>
   <trkpt lat="39.6965700" lon="-105.1921480">
    <ele>1844.2</ele>
    <time>2026-07-15T22:11:59Z</time>
   </trkpt>
   <trkpt lat="39.6965610" lon="-105.1921580">
    <ele>1844.2</ele>
    <time>2026-07-15T22:12:00Z</time>
   </trkpt>
   <trkpt lat="39.6965660" lon="-105.1921620">
    <ele>1844.2</ele>
    <time>2026-07-15T22:12:01Z</time>
   </trkpt>
   <trkpt lat="39.6965680" lon="-105.1921650">
    <ele>1844.2</ele>
    <time>2026-07-15T22:12:02Z</time>
   </trkpt>
   <trkpt lat="39.6965690" lon="-105.1921690">
    <ele>1844.2</ele>
    <time>2026-07-15T22:12:03Z</time>
   </trkpt>
   <trkpt lat="39.6965710" lon="-105.1921720">
    <ele>1844.2</ele>
    <time>2026-07-15T22:12:04Z</time>
   </trkpt>
   <trkpt lat="39.6965720" lon="-105.1921700">
    <ele>1844.2</ele>
    <time>2026-07-15T22:12:05Z</time>
   </trkpt>
   <trkpt lat="39.6966090" lon="-105.1921660">
    <ele>1844.2</ele>
    <time>2026-07-15T22:12:11Z</time>
   </trkpt>
   <trkpt lat="39.6966170" lon="-105.1921750">
    <ele>1844.2</ele>
    <time>2026-07-15T22:12:12Z</time>
   </trkpt>
   <trkpt lat="39.6966200" lon="-105.1921780">
    <ele>1844.2</ele>
    <time>2026-07-15T22:12:13Z</time>
   </trkpt>
   <trkpt lat="39.6966210" lon="-105.1921760">
    <ele>1844.2</ele>
    <time>2026-07-15T22:12:14Z</time>
   </trkpt>
   <trkpt lat="39.6966230" lon="-105.1921780">
    <ele>1844.2</ele>
    <time>2026-07-15T22:12:15Z</time>
   </trkpt>
   <trkpt lat="39.6966230" lon="-105.1921780">
    <ele>1844.2</ele>
    <time>2026-07-15T22:12:16Z</time>
   </trkpt>
   <trkpt lat="39.6966250" lon="-105.1921780">
    <ele>1844.2</ele>
    <time>2026-07-15T22:12:17Z</time>
   </trkpt>
   <trkpt lat="39.6966270" lon="-105.1921750">
    <ele>1844.2</ele>
    <time>2026-07-15T22:12:18Z</time>
   </trkpt>
   <trkpt lat="39.6966270" lon="-105.1921730">
    <ele>1844.2</ele>
    <time>2026-07-15T22:12:19Z</time>
   </trkpt>
   <trkpt lat="39.6966270" lon="-105.1921740">
    <ele>1844.2</ele>
    <time>2026-07-15T22:12:20Z</time>
   </trkpt>
   <trkpt lat="39.6966130" lon="-105.1921940">
    <ele>1844.2</ele>
    <time>2026-07-15T22:12:21Z</time>
   </trkpt>
   <trkpt lat="39.6966200" lon="-105.1921800">
    <ele>1844.2</ele>
    <time>2026-07-15T22:12:22Z</time>
   </trkpt>
   <trkpt lat="39.6966200" lon="-105.1921790">
    <ele>1844.2</ele>
    <time>2026-07-15T22:12:23Z</time>
   </trkpt>
   <trkpt lat="39.6966210" lon="-105.1921760">
    <ele>1844.2</ele>
    <time>2026-07-15T22:12:24Z</time>
   </trkpt>
   <trkpt lat="39.6966210" lon="-105.1921710">
    <ele>1844.2</ele>
    <time>2026-07-15T22:12:25Z</time>
   </trkpt>
   <trkpt lat="39.6966190" lon="-105.1921700">
    <ele>1844.2</ele>
    <time>2026-07-15T22:12:26Z</time>
   </trkpt>
   <trkpt lat="39.6966140" lon="-105.1921690">
    <ele>1844.2</ele>
    <time>2026-07-15T22:12:27Z</time>
   </trkpt>
   <trkpt lat="39.6966100" lon="-105.1921640">
    <ele>1844.2</ele>
    <time>2026-07-15T22:12:28Z</time>
   </trkpt>
   <trkpt lat="39.6966110" lon="-105.1921700">
    <ele>1844.2</ele>
    <time>2026-07-15T22:12:29Z</time>
   </trkpt>
   <trkpt lat="39.6966170" lon="-105.1921700">
    <ele>1844.2</ele>
    <time>2026-07-15T22:12:30Z</time>
   </trkpt>
   <trkpt lat="39.6966540" lon="-105.1921310">
    <ele>1844.2</ele>
    <time>2026-07-15T22:13:15Z</time>
   </trkpt>
   <trkpt lat="39.6966440" lon="-105.1921440">
    <ele>1844.2</ele>
    <time>2026-07-15T22:13:16Z</time>
   </trkpt>
   <trkpt lat="39.6966510" lon="-105.1921350">
    <ele>1844.2</ele>
    <time>2026-07-15T22:13:17Z</time>
   </trkpt>
   <trkpt lat="39.6966450" lon="-105.1921430">
    <ele>1844.2</ele>
    <time>2026-07-15T22:13:18Z</time>
   </trkpt>
   <trkpt lat="39.6966440" lon="-105.1921440">
    <ele>1844.2</ele>
    <time>2026-07-15T22:13:19Z</time>
   </trkpt>
   <trkpt lat="39.6966530" lon="-105.1921550">
    <ele>1844.2</ele>
    <time>2026-07-15T22:13:20Z</time>
   </trkpt>
   <trkpt lat="39.6966460" lon="-105.1921540">
    <ele>1844.2</ele>
    <time>2026-07-15T22:13:21Z</time>
   </trkpt>
   <trkpt lat="39.6966450" lon="-105.1921510">
    <ele>1844.2</ele>
    <time>2026-07-15T22:13:22Z</time>
   </trkpt>
   <trkpt lat="39.6966450" lon="-105.1921510">
    <ele>1844.2</ele>
    <time>2026-07-15T22:13:23Z</time>
   </trkpt>
   <trkpt lat="39.6966450" lon="-105.1921510">
    <ele>1844.2</ele>
    <time>2026-07-15T22:13:24Z</time>
   </trkpt>
   <trkpt lat="39.6966450" lon="-105.1921510">
    <ele>1844.2</ele>
    <time>2026-07-15T22:13:25Z</time>
   </trkpt>
   <trkpt lat="39.6966400" lon="-105.1921510">
    <ele>1844.2</ele>
    <time>2026-07-15T22:13:26Z</time>
   </trkpt>
   <trkpt lat="39.6966410" lon="-105.1921510">
    <ele>1844.2</ele>
    <time>2026-07-15T22:13:27Z</time>
   </trkpt>
   <trkpt lat="39.6966480" lon="-105.1921340">
    <ele>1844.2</ele>
    <time>2026-07-15T22:13:28Z</time>
   </trkpt>
   <trkpt lat="39.6966690" lon="-105.1921600">
    <ele>1844.3</ele>
    <time>2026-07-15T22:13:29Z</time>
   </trkpt>
   <trkpt lat="39.6966490" lon="-105.1921470">
    <ele>1844.3</ele>
    <time>2026-07-15T22:13:30Z</time>
   </trkpt>
   <trkpt lat="39.6966510" lon="-105.1921440">
    <ele>1844.3</ele>
    <time>2026-07-15T22:13:31Z</time>
   </trkpt>
   <trkpt lat="39.6966490" lon="-105.1921450">
    <ele>1844.3</ele>
    <time>2026-07-15T22:13:32Z</time>
   </trkpt>
  </trkseg>
 </trk>
</gpx>
