<?xml version="1.0" encoding="UTF-8"?>
<gpx creator="StravaGPX" version="1.1" xmlns="http://www.topografix.com/GPX/1/1" xmlns:xsi="http://www.w3.org/2001/XMLSchema-instance" xsi:schemaLocation="http://www.topografix.com/GPX/1/1 http://www.topografix.com/GPX/1/1/gpx.xsd">
 <metadata>
  <time>2026-06-25T22:55:02Z</time>
 </metadata>
 <trk>
  <name>North Table Sesh</name>
  <type>mountain_biking</type>
  <trkseg>
   <trkpt lat="39.7780370" lon="-105.1937410">
    <ele>1837.5</ele>
    <time>2026-06-25T22:55:02Z</time>
   </trkpt>
   <trkpt lat="39.7780320" lon="-105.1937260">
    <ele>1837.6</ele>
    <time>2026-06-25T22:55:03Z</time>
   </trkpt>
   <trkpt lat="39.7780260" lon="-105.1937100">
    <ele>1837.8</ele>
    <time>2026-06-25T22:55:04Z</time>
   </trkpt>
   <trkpt lat="39.7780210" lon="-105.1936950">
    <ele>1837.9</ele>
    <time>2026-06-25T22:55:05Z</time>
   </trkpt>
   <trkpt lat="39.7780110" lon="-105.1936740">
    <ele>1838.0</ele>
    <time>2026-06-25T22:55:06Z</time>
   </trkpt>
   <trkpt lat="39.7780040" lon="-105.1936570">
    <ele>1838.2</ele>
    <time>2026-06-25T22:55:07Z</time>
   </trkpt>
   <trkpt lat="39.7780040" lon="-105.1936450">
    <ele>1838.2</ele>
    <time>2026-06-25T22:55:08Z</time>
   </trkpt>
   <trkpt lat="39.7780010" lon="-105.1936360">
    <ele>1838.3</ele>
    <time>2026-06-25T22:55:09Z</time>
   </trkpt>
   <trkpt lat="39.7779990" lon="-105.1936300">
    <ele>1838.4</ele>
    <time>2026-06-25T22:55:10Z</time>
   </trkpt>
   <trkpt lat="39.7779970" lon="-105.1936240">
    <ele>1838.4</ele>
    <time>2026-06-25T22:55:11Z</time>
   </trkpt>
   <trkpt lat="39.7779970" lon="-105.1936240">
    <ele>1838.4</ele>
    <time>2026-06-25T22:55:12Z</time>
   </trkpt>
   <trkpt lat="39.7780210" lon="-105.1936430">
    <ele>1838.6</ele>
    <time>2026-06-25T22:55:54Z</time>
   </trkpt>
   <trkpt lat="39.7780290" lon="-105.1936550">
    <ele>1838.7</ele>
    <time>2026-06-25T22:55:55Z</time>
   </trkpt>
   <trkpt lat="39.7780490" lon="-105.1936470">
    <ele>1838.9</ele>
    <time>2026-06-25T22:55:56Z</time>
   </trkpt>
   <trkpt lat="39.7780730" lon="-105.1936420">
    <ele>1839.0</ele>
    <time>2026-06-25T22:55:57Z</time>
   </trkpt>
   <trkpt lat="39.7780870" lon="-105.1936350">
    <ele>1839.2</ele>
    <time>2026-06-25T22:55:58Z</time>
   </trkpt>
   <trkpt lat="39.7781120" lon="-105.1936330">
    <ele>1839.3</ele>
    <time>2026-06-25T22:55:59Z</time>
   </trkpt>
   <trkpt lat="39.7781260" lon="-105.1936340">
    <ele>1839.4</ele>
    <time>2026-06-25T22:56:00Z</time>
   </trkpt>
   <trkpt lat="39.7781470" lon="-105.1936290">
    <ele>1839.5</ele>
    <time>2026-06-25T22:56:01Z</time>
   </trkpt>
   <trkpt lat="39.7781560" lon="-105.1936120">
    <ele>1839.6</ele>
    <time>2026-06-25T22:56:02Z</time>
   </trkpt>
   <trkpt lat="39.7781730" lon="-105.1936240">
    <ele>1839.7</ele>
    <time>2026-06-25T22:56:03Z</time>
   </trkpt>
   <trkpt lat="39.7781820" lon="-105.1936490">
    <ele>1839.9</ele>
    <time>2026-06-25T22:56:04Z</time>
   </trkpt>
   <trkpt lat="39.7781800" lon="-105.1936730">
    <ele>1840.0</ele>
    <time>2026-06-25T22:56:05Z</time>
   </trkpt>
   <trkpt lat="39.7781670" lon="-105.1936830">
    <ele>1840.0</ele>
    <time>2026-06-25T22:56:06Z</time>
   </trkpt>
   <trkpt lat="39.7781540" lon="-105.1936820">
    <ele>1840.1</ele>
    <time>2026-06-25T22:56:07Z</time>
   </trkpt>
   <trkpt lat="39.7781140" lon="-105.1936520">
    <ele>1840.3</ele>
    <time>2026-06-25T22:56:08Z</time>
   </trkpt>
   <trkpt lat="39.7781030" lon="-105.1936760">
    <ele>1840.4</ele>
    <time>2026-06-25T22:56:09Z</time>
   </trkpt>
   <trkpt lat="39.7780840" lon="-105.1936880">
    <ele>1840.6</ele>
    <time>2026-06-25T22:56:10Z</time>
   </trkpt>
   <trkpt lat="39.7780690" lon="-105.1936850">
    <ele>1840.6</ele>
    <time>2026-06-25T22:56:11Z</time>
   </trkpt>
   <trkpt lat="39.7780560" lon="-105.1936860">
    <ele>1840.7</ele>
    <time>2026-06-25T22:56:12Z</time>
   </trkpt>
   <trkpt lat="39.7780350" lon="-105.1936900">
    <ele>1840.8</ele>
    <time>2026-06-25T22:56:13Z</time>
   </trkpt>
   <trkpt lat="39.7780190" lon="-105.1936980">
    <ele>1840.9</ele>
    <time>2026-06-25T22:56:14Z</time>
   </trkpt>
   <trkpt lat="39.7779970" lon="-105.1937030">
    <ele>1841.0</ele>
    <time>2026-06-25T22:56:15Z</time>
   </trkpt>
   <trkpt lat="39.7779810" lon="-105.1936990">
    <ele>1841.0</ele>
    <time>2026-06-25T22:56:16Z</time>
   </trkpt>
   <trkpt lat="39.7779610" lon="-105.1937080">
    <ele>1841.1</ele>
    <time>2026-06-25T22:56:17Z</time>
   </trkpt>
   <trkpt lat="39.7779460" lon="-105.1937130">
    <ele>1841.2</ele>
    <time>2026-06-25T22:56:18Z</time>
   </trkpt>
   <trkpt lat="39.7779300" lon="-105.1937170">
    <ele>1841.3</ele>
    <time>2026-06-25T22:56:19Z</time>
   </trkpt>
   <trkpt lat="39.7779110" lon="-105.1937290">
    <ele>1841.4</ele>
    <time>2026-06-25T22:56:20Z</time>
   </trkpt>
   <trkpt lat="39.7778990" lon="-105.1937360">
    <ele>1841.4</ele>
    <time>2026-06-25T22:56:21Z</time>
   </trkpt>
   <trkpt lat="39.7778810" lon="-105.1937340">
    <ele>1841.5</ele>
    <time>2026-06-25T22:56:22Z</time>
   </trkpt>
   <trkpt lat="39.7778770" lon="-105.1937740">
    <ele>1841.6</ele>
    <time>2026-06-25T22:56:23Z</time>
   </trkpt>
   <trkpt lat="39.7778690" lon="-105.1937860">
    <ele>1841.7</ele>
    <time>2026-06-25T22:56:24Z</time>
   </trkpt>
   <trkpt lat="39.7778530" lon="-105.1938010">
    <ele>1841.8</ele>
    <time>2026-06-25T22:56:25Z</time>
   </trkpt>
   <trkpt lat="39.7778560" lon="-105.1938240">
    <ele>1841.9</ele>
    <time>2026-06-25T22:56:26Z</time>
   </trkpt>
   <trkpt lat="39.7778460" lon="-105.1938430">
    <ele>1841.9</ele>
    <time>2026-06-25T22:56:27Z</time>
   </trkpt>
   <trkpt lat="39.7778280" lon="-105.1938650">
    <ele>1842.0</ele>
    <time>2026-06-25T22:56:28Z</time>
   </trkpt>
   <trkpt lat="39.7778050" lon="-105.1938900">
    <ele>1842.2</ele>
    <time>2026-06-25T22:56:29Z</time>
   </trkpt>
   <trkpt lat="39.7778000" lon="-105.1939040">
    <ele>1842.2</ele>
    <time>2026-06-25T22:56:30Z</time>
   </trkpt>
   <trkpt lat="39.7777960" lon="-105.1939320">
    <ele>1842.3</ele>
    <time>2026-06-25T22:56:31Z</time>
   </trkpt>
   <trkpt lat="39.7778020" lon="-105.1939390">
    <ele>1842.4</ele>
    <time>2026-06-25T22:56:32Z</time>
   </trkpt>
   <trkpt lat="39.7777900" lon="-105.1939650">
    <ele>1842.5</ele>
    <time>2026-06-25T22:56:33Z</time>
   </trkpt>
   <trkpt lat="39.7778000" lon="-105.1939920">
    <ele>1842.6</ele>
    <time>2026-06-25T22:56:34Z</time>
   </trkpt>
   <trkpt lat="39.7777970" lon="-105.1940020">
    <ele>1842.6</ele>
    <time>2026-06-25T22:56:35Z</time>
   </trkpt>
   <trkpt lat="39.7777940" lon="-105.1940200">
    <ele>1842.7</ele>
    <time>2026-06-25T22:56:36Z</time>
   </trkpt>
   <trkpt lat="39.7777940" lon="-105.1940510">
    <ele>1842.8</ele>
    <time>2026-06-25T22:56:37Z</time>
   </trkpt>
   <trkpt lat="39.7777920" lon="-105.1940820">
    <ele>1842.9</ele>
    <time>2026-06-25T22:56:38Z</time>
   </trkpt>
   <trkpt lat="39.7777730" lon="-105.1941090">
    <ele>1843.0</ele>
    <time>2026-06-25T22:56:39Z</time>
   </trkpt>
   <trkpt lat="39.7777720" lon="-105.1941310">
    <ele>1843.1</ele>
    <time>2026-06-25T22:56:40Z</time>
   </trkpt>
   <trkpt lat="39.7777660" lon="-105.1941600">
    <ele>1843.2</ele>
    <time>2026-06-25T22:56:41Z</time>
   </trkpt>
   <trkpt lat="39.7777580" lon="-105.1941800">
    <ele>1843.2</ele>
    <time>2026-06-25T22:56:42Z</time>
   </trkpt>
   <trkpt lat="39.7777500" lon="-105.1942050">
    <ele>1843.3</ele>
    <time>2026-06-25T22:56:43Z</time>
   </trkpt>
   <trkpt lat="39.7777360" lon="-105.1942260">
    <ele>1843.4</ele>
    <time>2026-06-25T22:56:44Z</time>
   </trkpt>
   <trkpt lat="39.7777310" lon="-105.1942440">
    <ele>1843.5</ele>
    <time>2026-06-25T22:56:45Z</time>
   </trkpt>
   <trkpt lat="39.7777260" lon="-105.1942700">
    <ele>1843.6</ele>
    <time>2026-06-25T22:56:46Z</time>
   </trkpt>
   <trkpt lat="39.7777180" lon="-105.1942960">
    <ele>1843.7</ele>
    <time>2026-06-25T22:56:47Z</time>
   </trkpt>
   <trkpt lat="39.7777160" lon="-105.1943110">
    <ele>1843.8</ele>
    <time>2026-06-25T22:56:48Z</time>
   </trkpt>
   <trkpt lat="39.7777020" lon="-105.1943400">
    <ele>1843.9</ele>
    <time>2026-06-25T22:56:49Z</time>
   </trkpt>
   <trkpt lat="39.7776980" lon="-105.1943540">
    <ele>1844.0</ele>
    <time>2026-06-25T22:56:50Z</time>
   </trkpt>
   <trkpt lat="39.7776940" lon="-105.1943690">
    <ele>1844.0</ele>
    <time>2026-06-25T22:56:51Z</time>
   </trkpt>
   <trkpt lat="39.7776860" lon="-105.1943970">
    <ele>1844.1</ele>
    <time>2026-06-25T22:56:52Z</time>
   </trkpt>
   <trkpt lat="39.7776780" lon="-105.1944100">
    <ele>1844.2</ele>
    <time>2026-06-25T22:56:53Z</time>
   </trkpt>
   <trkpt lat="39.7776590" lon="-105.1943820">
    <ele>1844.3</ele>
    <time>2026-06-25T22:56:54Z</time>
   </trkpt>
   <trkpt lat="39.7776620" lon="-105.1944280">
    <ele>1844.5</ele>
    <time>2026-06-25T22:56:55Z</time>
   </trkpt>
   <trkpt lat="39.7776460" lon="-105.1944910">
    <ele>1844.8</ele>
    <time>2026-06-25T22:56:56Z</time>
   </trkpt>
   <trkpt lat="39.7776160" lon="-105.1944930">
    <ele>1845.0</ele>
    <time>2026-06-25T22:56:57Z</time>
   </trkpt>
   <trkpt lat="39.7775860" lon="-105.1945060">
    <ele>1845.1</ele>
    <time>2026-06-25T22:56:58Z</time>
   </trkpt>
   <trkpt lat="39.7775650" lon="-105.1945260">
    <ele>1845.3</ele>
    <time>2026-06-25T22:56:59Z</time>
   </trkpt>
   <trkpt lat="39.7775450" lon="-105.1945390">
    <ele>1845.4</ele>
    <time>2026-06-25T22:57:00Z</time>
   </trkpt>
   <trkpt lat="39.7775300" lon="-105.1945540">
    <ele>1845.5</ele>
    <time>2026-06-25T22:57:01Z</time>
   </trkpt>
   <trkpt lat="39.7775020" lon="-105.1945710">
    <ele>1845.7</ele>
    <time>2026-06-25T22:57:02Z</time>
   </trkpt>
   <trkpt lat="39.7774750" lon="-105.1945830">
    <ele>1845.8</ele>
    <time>2026-06-25T22:57:03Z</time>
   </trkpt>
   <trkpt lat="39.7774510" lon="-105.1945910">
    <ele>1846.0</ele>
    <time>2026-06-25T22:57:04Z</time>
   </trkpt>
   <trkpt lat="39.7774300" lon="-105.1946020">
    <ele>1846.1</ele>
    <time>2026-06-25T22:57:05Z</time>
   </trkpt>
   <trkpt lat="39.7774130" lon="-105.1946350">
    <ele>1846.3</ele>
    <time>2026-06-25T22:57:06Z</time>
   </trkpt>
   <trkpt lat="39.7774050" lon="-105.1946740">
    <ele>1846.4</ele>
    <time>2026-06-25T22:57:07Z</time>
   </trkpt>
   <trkpt lat="39.7773910" lon="-105.1946930">
    <ele>1846.5</ele>
    <time>2026-06-25T22:57:08Z</time>
   </trkpt>
   <trkpt lat="39.7773680" lon="-105.1947030">
    <ele>1846.6</ele>
    <time>2026-06-25T22:57:09Z</time>
   </trkpt>
   <trkpt lat="39.7773580" lon="-105.1947270">
    <ele>1846.7</ele>
    <time>2026-06-25T22:57:10Z</time>
   </trkpt>
   <trkpt lat="39.7773600" lon="-105.1947590">
    <ele>1846.8</ele>
    <time>2026-06-25T22:57:11Z</time>
   </trkpt>
   <trkpt lat="39.7773320" lon="-105.1947850">
    <ele>1847.0</ele>
    <time>2026-06-25T22:57:12Z</time>
   </trkpt>
   <trkpt lat="39.7773160" lon="-105.1948130">
    <ele>1847.1</ele>
    <time>2026-06-25T22:57:13Z</time>
   </trkpt>
   <trkpt lat="39.7773050" lon="-105.1948390">
    <ele>1847.2</ele>
    <time>2026-06-25T22:57:14Z</time>
   </trkpt>
   <trkpt lat="39.7772960" lon="-105.1948620">
    <ele>1847.4</ele>
    <time>2026-06-25T22:57:15Z</time>
   </trkpt>
   <trkpt lat="39.7772830" lon="-105.1948860">
    <ele>1847.6</ele>
    <time>2026-06-25T22:57:16Z</time>
   </trkpt>
   <trkpt lat="39.7772800" lon="-105.1949160">
    <ele>1847.7</ele>
    <time>2026-06-25T22:57:17Z</time>
   </trkpt>
   <trkpt lat="39.7772780" lon="-105.1949470">
    <ele>1847.9</ele>
    <time>2026-06-25T22:57:18Z</time>
   </trkpt>
   <trkpt lat="39.7772660" lon="-105.1949770">
    <ele>1848.2</ele>
    <time>2026-06-25T22:57:19Z</time>
   </trkpt>
   <trkpt lat="39.7772570" lon="-105.1949990">
    <ele>1848.3</ele>
    <time>2026-06-25T22:57:20Z</time>
   </trkpt>
   <trkpt lat="39.7772470" lon="-105.1950220">
    <ele>1848.5</ele>
    <time>2026-06-25T22:57:21Z</time>
   </trkpt>
   <trkpt lat="39.7772400" lon="-105.1950440">
    <ele>1848.7</ele>
    <time>2026-06-25T22:57:22Z</time>
   </trkpt>
   <trkpt lat="39.7772240" lon="-105.1950730">
    <ele>1848.9</ele>
    <time>2026-06-25T22:57:23Z</time>
   </trkpt>
   <trkpt lat="39.7772110" lon="-105.1950930">
    <ele>1849.1</ele>
    <time>2026-06-25T22:57:24Z</time>
   </trkpt>
   <trkpt lat="39.7772020" lon="-105.1951190">
    <ele>1849.3</ele>
    <time>2026-06-25T22:57:25Z</time>
   </trkpt>
   <trkpt lat="39.7772110" lon="-105.1951350">
    <ele>1849.5</ele>
    <time>2026-06-25T22:57:26Z</time>
   </trkpt>
   <trkpt lat="39.7772140" lon="-105.1951710">
    <ele>1849.7</ele>
    <time>2026-06-25T22:57:27Z</time>
   </trkpt>
   <trkpt lat="39.7772140" lon="-105.1951940">
    <ele>1849.9</ele>
    <time>2026-06-25T22:57:28Z</time>
   </trkpt>
   <trkpt lat="39.7771780" lon="-105.1952200">
    <ele>1850.2</ele>
    <time>2026-06-25T22:57:29Z</time>
   </trkpt>
   <trkpt lat="39.7771670" lon="-105.1952390">
    <ele>1850.4</ele>
    <time>2026-06-25T22:57:30Z</time>
   </trkpt>
   <trkpt lat="39.7771590" lon="-105.1952630">
    <ele>1850.6</ele>
    <time>2026-06-25T22:57:31Z</time>
   </trkpt>
   <trkpt lat="39.7771470" lon="-105.1952920">
    <ele>1850.8</ele>
    <time>2026-06-25T22:57:32Z</time>
   </trkpt>
   <trkpt lat="39.7771280" lon="-105.1953150">
    <ele>1851.1</ele>
    <time>2026-06-25T22:57:33Z</time>
   </trkpt>
   <trkpt lat="39.7771170" lon="-105.1953360">
    <ele>1851.3</ele>
    <time>2026-06-25T22:57:34Z</time>
   </trkpt>
   <trkpt lat="39.7771060" lon="-105.1953590">
    <ele>1851.5</ele>
    <time>2026-06-25T22:57:35Z</time>
   </trkpt>
   <trkpt lat="39.7770870" lon="-105.1953810">
    <ele>1851.7</ele>
    <time>2026-06-25T22:57:36Z</time>
   </trkpt>
   <trkpt lat="39.7770880" lon="-105.1954050">
    <ele>1851.9</ele>
    <time>2026-06-25T22:57:37Z</time>
   </trkpt>
   <trkpt lat="39.7770760" lon="-105.1954280">
    <ele>1852.1</ele>
    <time>2026-06-25T22:57:38Z</time>
   </trkpt>
   <trkpt lat="39.7770600" lon="-105.1954370">
    <ele>1852.3</ele>
    <time>2026-06-25T22:57:39Z</time>
   </trkpt>
   <trkpt lat="39.7770560" lon="-105.1954740">
    <ele>1852.6</ele>
    <time>2026-06-25T22:57:40Z</time>
   </trkpt>
   <trkpt lat="39.7770570" lon="-105.1955010">
    <ele>1852.8</ele>
    <time>2026-06-25T22:57:41Z</time>
   </trkpt>
   <trkpt lat="39.7770390" lon="-105.1955260">
    <ele>1853.0</ele>
    <time>2026-06-25T22:57:42Z</time>
   </trkpt>
   <trkpt lat="39.7770390" lon="-105.1955530">
    <ele>1853.2</ele>
    <time>2026-06-25T22:57:43Z</time>
   </trkpt>
   <trkpt lat="39.7770390" lon="-105.1955810">
    <ele>1853.4</ele>
    <time>2026-06-25T22:57:44Z</time>
   </trkpt>
   <trkpt lat="39.7770270" lon="-105.1956030">
    <ele>1853.6</ele>
    <time>2026-06-25T22:57:45Z</time>
   </trkpt>
   <trkpt lat="39.7770190" lon="-105.1956300">
    <ele>1853.7</ele>
    <time>2026-06-25T22:57:46Z</time>
   </trkpt>
   <trkpt lat="39.7770330" lon="-105.1956500">
    <ele>1853.9</ele>
    <time>2026-06-25T22:57:47Z</time>
   </trkpt>
   <trkpt lat="39.7770520" lon="-105.1956750">
    <ele>1854.0</ele>
    <time>2026-06-25T22:57:48Z</time>
   </trkpt>
   <trkpt lat="39.7770270" lon="-105.1957060">
    <ele>1854.2</ele>
    <time>2026-06-25T22:57:49Z</time>
   </trkpt>
   <trkpt lat="39.7769970" lon="-105.1957270">
    <ele>1854.4</ele>
    <time>2026-06-25T22:57:50Z</time>
   </trkpt>
   <trkpt lat="39.7769870" lon="-105.1957480">
    <ele>1854.5</ele>
    <time>2026-06-25T22:57:51Z</time>
   </trkpt>
   <trkpt lat="39.7769670" lon="-105.1957670">
    <ele>1854.6</ele>
    <time>2026-06-25T22:57:52Z</time>
   </trkpt>
   <trkpt lat="39.7769570" lon="-105.1957870">
    <ele>1854.7</ele>
    <time>2026-06-25T22:57:53Z</time>
   </trkpt>
   <trkpt lat="39.7769490" lon="-105.1958150">
    <ele>1854.7</ele>
    <time>2026-06-25T22:57:54Z</time>
   </trkpt>
   <trkpt lat="39.7769410" lon="-105.1958410">
    <ele>1854.8</ele>
    <time>2026-06-25T22:57:55Z</time>
   </trkpt>
   <trkpt lat="39.7769290" lon="-105.1958640">
    <ele>1854.8</ele>
    <time>2026-06-25T22:57:56Z</time>
   </trkpt>
   <trkpt lat="39.7769270" lon="-105.1958910">
    <ele>1854.8</ele>
    <time>2026-06-25T22:57:57Z</time>
   </trkpt>
   <trkpt lat="39.7769210" lon="-105.1959150">
    <ele>1854.8</ele>
    <time>2026-06-25T22:57:58Z</time>
   </trkpt>
   <trkpt lat="39.7769090" lon="-105.1959310">
    <ele>1854.8</ele>
    <time>2026-06-25T22:57:59Z</time>
   </trkpt>
   <trkpt lat="39.7768920" lon="-105.1959530">
    <ele>1854.8</ele>
    <time>2026-06-25T22:58:00Z</time>
   </trkpt>
   <trkpt lat="39.7768680" lon="-105.1959660">
    <ele>1854.7</ele>
    <time>2026-06-25T22:58:01Z</time>
   </trkpt>
   <trkpt lat="39.7768570" lon="-105.1959850">
    <ele>1854.7</ele>
    <time>2026-06-25T22:58:02Z</time>
   </trkpt>
   <trkpt lat="39.7768520" lon="-105.1960080">
    <ele>1854.6</ele>
    <time>2026-06-25T22:58:03Z</time>
   </trkpt>
   <trkpt lat="39.7768380" lon="-105.1960250">
    <ele>1854.5</ele>
    <time>2026-06-25T22:58:04Z</time>
   </trkpt>
   <trkpt lat="39.7768220" lon="-105.1960460">
    <ele>1854.4</ele>
    <time>2026-06-25T22:58:05Z</time>
   </trkpt>
   <trkpt lat="39.7768090" lon="-105.1960680">
    <ele>1854.3</ele>
    <time>2026-06-25T22:58:06Z</time>
   </trkpt>
   <trkpt lat="39.7768000" lon="-105.1960980">
    <ele>1854.2</ele>
    <time>2026-06-25T22:58:07Z</time>
   </trkpt>
   <trkpt lat="39.7767790" lon="-105.1961210">
    <ele>1854.1</ele>
    <time>2026-06-25T22:58:08Z</time>
   </trkpt>
   <trkpt lat="39.7767740" lon="-105.1961530">
    <ele>1853.9</ele>
    <time>2026-06-25T22:58:09Z</time>
   </trkpt>
   <trkpt lat="39.7767640" lon="-105.1961880">
    <ele>1853.8</ele>
    <time>2026-06-25T22:58:10Z</time>
   </trkpt>
   <trkpt lat="39.7767470" lon="-105.1962440">
    <ele>1853.6</ele>
    <time>2026-06-25T22:58:11Z</time>
   </trkpt>
   <trkpt lat="39.7767370" lon="-105.1962760">
    <ele>1853.5</ele>
    <time>2026-06-25T22:58:12Z</time>
   </trkpt>
   <trkpt lat="39.7767200" lon="-105.1962960">
    <ele>1853.4</ele>
    <time>2026-06-25T22:58:13Z</time>
   </trkpt>
   <trkpt lat="39.7767200" lon="-105.1963300">
    <ele>1853.4</ele>
    <time>2026-06-25T22:58:14Z</time>
   </trkpt>
   <trkpt lat="39.7767220" lon="-105.1963640">
    <ele>1853.3</ele>
    <time>2026-06-25T22:58:15Z</time>
   </trkpt>
   <trkpt lat="39.7767220" lon="-105.1964120">
    <ele>1853.3</ele>
    <time>2026-06-25T22:58:16Z</time>
   </trkpt>
   <trkpt lat="39.7767250" lon="-105.1964330">
    <ele>1853.3</ele>
    <time>2026-06-25T22:58:17Z</time>
   </trkpt>
   <trkpt lat="39.7767190" lon="-105.1964410">
    <ele>1853.3</ele>
    <time>2026-06-25T22:58:18Z</time>
   </trkpt>
   <trkpt lat="39.7766920" lon="-105.1964510">
    <ele>1853.3</ele>
    <time>2026-06-25T22:58:19Z</time>
   </trkpt>
   <trkpt lat="39.7767020" lon="-105.1965090">
    <ele>1853.5</ele>
    <time>2026-06-25T22:58:20Z</time>
   </trkpt>
   <trkpt lat="39.7767050" lon="-105.1965530">
    <ele>1853.6</ele>
    <time>2026-06-25T22:58:21Z</time>
   </trkpt>
   <trkpt lat="39.7767160" lon="-105.1965770">
    <ele>1853.7</ele>
    <time>2026-06-25T22:58:22Z</time>
   </trkpt>
   <trkpt lat="39.7767220" lon="-105.1966090">
    <ele>1853.9</ele>
    <time>2026-06-25T22:58:23Z</time>
   </trkpt>
   <trkpt lat="39.7767260" lon="-105.1966380">
    <ele>1854.0</ele>
    <time>2026-06-25T22:58:24Z</time>
   </trkpt>
   <trkpt lat="39.7767260" lon="-105.1966740">
    <ele>1854.2</ele>
    <time>2026-06-25T22:58:25Z</time>
   </trkpt>
   <trkpt lat="39.7767200" lon="-105.1966910">
    <ele>1854.3</ele>
    <time>2026-06-25T22:58:26Z</time>
   </trkpt>
   <trkpt lat="39.7767080" lon="-105.1967190">
    <ele>1854.5</ele>
    <time>2026-06-25T22:58:27Z</time>
   </trkpt>
   <trkpt lat="39.7767150" lon="-105.1967460">
    <ele>1854.7</ele>
    <time>2026-06-25T22:58:28Z</time>
   </trkpt>
   <trkpt lat="39.7767140" lon="-105.1967720">
    <ele>1854.9</ele>
    <time>2026-06-25T22:58:29Z</time>
   </trkpt>
   <trkpt lat="39.7767150" lon="-105.1968010">
    <ele>1855.1</ele>
    <time>2026-06-25T22:58:30Z</time>
   </trkpt>
   <trkpt lat="39.7767170" lon="-105.1968340">
    <ele>1855.3</ele>
    <time>2026-06-25T22:58:31Z</time>
   </trkpt>
   <trkpt lat="39.7767240" lon="-105.1968650">
    <ele>1855.5</ele>
    <time>2026-06-25T22:58:32Z</time>
   </trkpt>
   <trkpt lat="39.7767230" lon="-105.1968960">
    <ele>1855.6</ele>
    <time>2026-06-25T22:58:33Z</time>
   </trkpt>
   <trkpt lat="39.7767220" lon="-105.1969230">
    <ele>1855.8</ele>
    <time>2026-06-25T22:58:34Z</time>
   </trkpt>
   <trkpt lat="39.7767150" lon="-105.1969520">
    <ele>1855.9</ele>
    <time>2026-06-25T22:58:35Z</time>
   </trkpt>
   <trkpt lat="39.7767230" lon="-105.1969790">
    <ele>1856.0</ele>
    <time>2026-06-25T22:58:36Z</time>
   </trkpt>
   <trkpt lat="39.7767340" lon="-105.1970070">
    <ele>1856.2</ele>
    <time>2026-06-25T22:58:37Z</time>
   </trkpt>
   <trkpt lat="39.7767320" lon="-105.1970350">
    <ele>1856.3</ele>
    <time>2026-06-25T22:58:38Z</time>
   </trkpt>
   <trkpt lat="39.7767340" lon="-105.1970630">
    <ele>1856.4</ele>
    <time>2026-06-25T22:58:39Z</time>
   </trkpt>
   <trkpt lat="39.7767390" lon="-105.1970930">
    <ele>1856.5</ele>
    <time>2026-06-25T22:58:40Z</time>
   </trkpt>
   <trkpt lat="39.7767370" lon="-105.1971180">
    <ele>1856.6</ele>
    <time>2026-06-25T22:58:41Z</time>
   </trkpt>
   <trkpt lat="39.7767450" lon="-105.1971490">
    <ele>1856.7</ele>
    <time>2026-06-25T22:58:42Z</time>
   </trkpt>
   <trkpt lat="39.7767560" lon="-105.1971800">
    <ele>1856.7</ele>
    <time>2026-06-25T22:58:43Z</time>
   </trkpt>
   <trkpt lat="39.7767510" lon="-105.1972200">
    <ele>1856.8</ele>
    <time>2026-06-25T22:58:44Z</time>
   </trkpt>
   <trkpt lat="39.7767610" lon="-105.1972530">
    <ele>1856.9</ele>
    <time>2026-06-25T22:58:45Z</time>
   </trkpt>
   <trkpt lat="39.7767600" lon="-105.1972840">
    <ele>1857.0</ele>
    <time>2026-06-25T22:58:46Z</time>
   </trkpt>
   <trkpt lat="39.7767700" lon="-105.1973150">
    <ele>1857.0</ele>
    <time>2026-06-25T22:58:47Z</time>
   </trkpt>
   <trkpt lat="39.7767840" lon="-105.1973470">
    <ele>1857.1</ele>
    <time>2026-06-25T22:58:48Z</time>
   </trkpt>
   <trkpt lat="39.7767950" lon="-105.1973700">
    <ele>1857.1</ele>
    <time>2026-06-25T22:58:49Z</time>
   </trkpt>
   <trkpt lat="39.7768070" lon="-105.1974070">
    <ele>1857.1</ele>
    <time>2026-06-25T22:58:50Z</time>
   </trkpt>
   <trkpt lat="39.7768080" lon="-105.1974410">
    <ele>1857.2</ele>
    <time>2026-06-25T22:58:51Z</time>
   </trkpt>
   <trkpt lat="39.7768230" lon="-105.1974720">
    <ele>1857.2</ele>
    <time>2026-06-25T22:58:52Z</time>
   </trkpt>
   <trkpt lat="39.7768310" lon="-105.1975060">
    <ele>1857.2</ele>
    <time>2026-06-25T22:58:53Z</time>
   </trkpt>
   <trkpt lat="39.7768450" lon="-105.1975280">
    <ele>1857.2</ele>
    <time>2026-06-25T22:58:54Z</time>
   </trkpt>
   <trkpt lat="39.7768540" lon="-105.1975570">
    <ele>1857.2</ele>
    <time>2026-06-25T22:58:55Z</time>
   </trkpt>
   <trkpt lat="39.7768720" lon="-105.1975980">
    <ele>1857.2</ele>
    <time>2026-06-25T22:58:56Z</time>
   </trkpt>
   <trkpt lat="39.7768920" lon="-105.1976300">
    <ele>1857.3</ele>
    <time>2026-06-25T22:58:57Z</time>
   </trkpt>
   <trkpt lat="39.7769000" lon="-105.1976630">
    <ele>1857.3</ele>
    <time>2026-06-25T22:58:58Z</time>
   </trkpt>
   <trkpt lat="39.7769130" lon="-105.1976930">
    <ele>1857.3</ele>
    <time>2026-06-25T22:58:59Z</time>
   </trkpt>
   <trkpt lat="39.7769210" lon="-105.1977430">
    <ele>1857.4</ele>
    <time>2026-06-25T22:59:00Z</time>
   </trkpt>
   <trkpt lat="39.7769440" lon="-105.1977780">
    <ele>1857.4</ele>
    <time>2026-06-25T22:59:01Z</time>
   </trkpt>
   <trkpt lat="39.7769560" lon="-105.1978150">
    <ele>1857.5</ele>
    <time>2026-06-25T22:59:02Z</time>
   </trkpt>
   <trkpt lat="39.7769770" lon="-105.1978440">
    <ele>1857.5</ele>
    <time>2026-06-25T22:59:03Z</time>
   </trkpt>
   <trkpt lat="39.7770020" lon="-105.1978780">
    <ele>1857.5</ele>
    <time>2026-06-25T22:59:04Z</time>
   </trkpt>
   <trkpt lat="39.7770210" lon="-105.1979100">
    <ele>1857.6</ele>
    <time>2026-06-25T22:59:05Z</time>
   </trkpt>
   <trkpt lat="39.7770240" lon="-105.1979430">
    <ele>1857.6</ele>
    <time>2026-06-25T22:59:06Z</time>
   </trkpt>
   <trkpt lat="39.7770500" lon="-105.1979730">
    <ele>1857.7</ele>
    <time>2026-06-25T22:59:07Z</time>
   </trkpt>
   <trkpt lat="39.7770740" lon="-105.1980120">
    <ele>1857.7</ele>
    <time>2026-06-25T22:59:08Z</time>
   </trkpt>
   <trkpt lat="39.7770930" lon="-105.1980330">
    <ele>1857.8</ele>
    <time>2026-06-25T22:59:09Z</time>
   </trkpt>
   <trkpt lat="39.7771110" lon="-105.1980600">
    <ele>1857.8</ele>
    <time>2026-06-25T22:59:10Z</time>
   </trkpt>
   <trkpt lat="39.7771270" lon="-105.1980830">
    <ele>1857.9</ele>
    <time>2026-06-25T22:59:11Z</time>
   </trkpt>
   <trkpt lat="39.7771470" lon="-105.1981110">
    <ele>1857.9</ele>
    <time>2026-06-25T22:59:12Z</time>
   </trkpt>
   <trkpt lat="39.7771500" lon="-105.1981290">
    <ele>1858.0</ele>
    <time>2026-06-25T22:59:13Z</time>
   </trkpt>
   <trkpt lat="39.7771700" lon="-105.1981750">
    <ele>1858.1</ele>
    <time>2026-06-25T22:59:14Z</time>
   </trkpt>
   <trkpt lat="39.7771770" lon="-105.1982020">
    <ele>1858.1</ele>
    <time>2026-06-25T22:59:15Z</time>
   </trkpt>
   <trkpt lat="39.7771770" lon="-105.1982390">
    <ele>1858.2</ele>
    <time>2026-06-25T22:59:16Z</time>
   </trkpt>
   <trkpt lat="39.7771950" lon="-105.1982710">
    <ele>1858.3</ele>
    <time>2026-06-25T22:59:17Z</time>
   </trkpt>
   <trkpt lat="39.7772160" lon="-105.1982890">
    <ele>1858.4</ele>
    <time>2026-06-25T22:59:18Z</time>
   </trkpt>
   <trkpt lat="39.7772300" lon="-105.1983160">
    <ele>1858.5</ele>
    <time>2026-06-25T22:59:19Z</time>
   </trkpt>
   <trkpt lat="39.7772520" lon="-105.1983400">
    <ele>1858.6</ele>
    <time>2026-06-25T22:59:20Z</time>
   </trkpt>
   <trkpt lat="39.7772750" lon="-105.1983510">
    <ele>1858.7</ele>
    <time>2026-06-25T22:59:21Z</time>
   </trkpt>
   <trkpt lat="39.7772880" lon="-105.1983790">
    <ele>1858.8</ele>
    <time>2026-06-25T22:59:22Z</time>
   </trkpt>
   <trkpt lat="39.7773050" lon="-105.1983940">
    <ele>1858.9</ele>
    <time>2026-06-25T22:59:23Z</time>
   </trkpt>
   <trkpt lat="39.7773230" lon="-105.1984150">
    <ele>1859.1</ele>
    <time>2026-06-25T22:59:24Z</time>
   </trkpt>
   <trkpt lat="39.7773350" lon="-105.1984280">
    <ele>1859.2</ele>
    <time>2026-06-25T22:59:25Z</time>
   </trkpt>
   <trkpt lat="39.7773680" lon="-105.1984610">
    <ele>1859.5</ele>
    <time>2026-06-25T22:59:26Z</time>
   </trkpt>
   <trkpt lat="39.7773810" lon="-105.1984570">
    <ele>1859.6</ele>
    <time>2026-06-25T22:59:27Z</time>
   </trkpt>
   <trkpt lat="39.7773990" lon="-105.1984960">
    <ele>1859.9</ele>
    <time>2026-06-25T22:59:28Z</time>
   </trkpt>
   <trkpt lat="39.7774250" lon="-105.1985030">
    <ele>1860.1</ele>
    <time>2026-06-25T22:59:29Z</time>
   </trkpt>
   <trkpt lat="39.7774460" lon="-105.1985150">
    <ele>1860.3</ele>
    <time>2026-06-25T22:59:30Z</time>
   </trkpt>
   <trkpt lat="39.7774600" lon="-105.1985330">
    <ele>1860.5</ele>
    <time>2026-06-25T22:59:31Z</time>
   </trkpt>
   <trkpt lat="39.7774710" lon="-105.1985560">
    <ele>1860.7</ele>
    <time>2026-06-25T22:59:32Z</time>
   </trkpt>
   <trkpt lat="39.7774790" lon="-105.1985790">
    <ele>1860.9</ele>
    <time>2026-06-25T22:59:33Z</time>
   </trkpt>
   <trkpt lat="39.7774920" lon="-105.1986030">
    <ele>1861.2</ele>
    <time>2026-06-25T22:59:34Z</time>
   </trkpt>
   <trkpt lat="39.7774950" lon="-105.1986390">
    <ele>1861.4</ele>
    <time>2026-06-25T22:59:35Z</time>
   </trkpt>
   <trkpt lat="39.7775130" lon="-105.1986560">
    <ele>1861.7</ele>
    <time>2026-06-25T22:59:36Z</time>
   </trkpt>
   <trkpt lat="39.7775210" lon="-105.1986730">
    <ele>1861.8</ele>
    <time>2026-06-25T22:59:37Z</time>
   </trkpt>
   <trkpt lat="39.7775240" lon="-105.1987040">
    <ele>1862.1</ele>
    <time>2026-06-25T22:59:38Z</time>
   </trkpt>
   <trkpt lat="39.7775450" lon="-105.1987180">
    <ele>1862.3</ele>
    <time>2026-06-25T22:59:39Z</time>
   </trkpt>
   <trkpt lat="39.7775510" lon="-105.1987530">
    <ele>1862.6</ele>
    <time>2026-06-25T22:59:40Z</time>
   </trkpt>
   <trkpt lat="39.7775660" lon="-105.1987790">
    <ele>1862.8</ele>
    <time>2026-06-25T22:59:41Z</time>
   </trkpt>
   <trkpt lat="39.7775730" lon="-105.1987940">
    <ele>1863.0</ele>
    <time>2026-06-25T22:59:42Z</time>
   </trkpt>
   <trkpt lat="39.7775980" lon="-105.1988170">
    <ele>1863.2</ele>
    <time>2026-06-25T22:59:43Z</time>
   </trkpt>
   <trkpt lat="39.7776130" lon="-105.1988280">
    <ele>1863.4</ele>
    <time>2026-06-25T22:59:44Z</time>
   </trkpt>
   <trkpt lat="39.7776070" lon="-105.1988470">
    <ele>1863.5</ele>
    <time>2026-06-25T22:59:45Z</time>
   </trkpt>
   <trkpt lat="39.7776100" lon="-105.1988530">
    <ele>1863.6</ele>
    <time>2026-06-25T22:59:46Z</time>
   </trkpt>
   <trkpt lat="39.7776100" lon="-105.1988630">
    <ele>1863.6</ele>
    <time>2026-06-25T22:59:47Z</time>
   </trkpt>
   <trkpt lat="39.7776060" lon="-105.1988770">
    <ele>1863.7</ele>
    <time>2026-06-25T22:59:48Z</time>
   </trkpt>
   <trkpt lat="39.7776080" lon="-105.1988740">
    <ele>1863.8</ele>
    <time>2026-06-25T22:59:49Z</time>
   </trkpt>
   <trkpt lat="39.7776110" lon="-105.1988740">
    <ele>1863.8</ele>
    <time>2026-06-25T22:59:50Z</time>
   </trkpt>
   <trkpt lat="39.7776150" lon="-105.1988780">
    <ele>1863.8</ele>
    <time>2026-06-25T22:59:51Z</time>
   </trkpt>
   <trkpt lat="39.7776200" lon="-105.1988790">
    <ele>1863.9</ele>
    <time>2026-06-25T22:59:52Z</time>
   </trkpt>
   <trkpt lat="39.7776270" lon="-105.1988850">
    <ele>1864.0</ele>
    <time>2026-06-25T22:59:53Z</time>
   </trkpt>
   <trkpt lat="39.7776230" lon="-105.1989000">
    <ele>1864.1</ele>
    <time>2026-06-25T22:59:54Z</time>
   </trkpt>
   <trkpt lat="39.7776210" lon="-105.1989010">
    <ele>1864.1</ele>
    <time>2026-06-25T22:59:55Z</time>
   </trkpt>
   <trkpt lat="39.7777030" lon="-105.1989090">
    <ele>1864.1</ele>
    <time>2026-06-25T23:00:40Z</time>
   </trkpt>
   <trkpt lat="39.7777060" lon="-105.1989060">
    <ele>1864.1</ele>
    <time>2026-06-25T23:00:41Z</time>
   </trkpt>
   <trkpt lat="39.7776790" lon="-105.1989130">
    <ele>1863.9</ele>
    <time>2026-06-25T23:00:42Z</time>
   </trkpt>
   <trkpt lat="39.7776740" lon="-105.1989150">
    <ele>1863.8</ele>
    <time>2026-06-25T23:00:43Z</time>
   </trkpt>
   <trkpt lat="39.7776740" lon="-105.1989150">
    <ele>1863.8</ele>
    <time>2026-06-25T23:00:44Z</time>
   </trkpt>
   <trkpt lat="39.7776650" lon="-105.1989120">
    <ele>1863.8</ele>
    <time>2026-06-25T23:00:45Z</time>
   </trkpt>
   <trkpt lat="39.7776650" lon="-105.1989120">
    <ele>1863.8</ele>
    <time>2026-06-25T23:00:46Z</time>
   </trkpt>
   <trkpt lat="39.7776650" lon="-105.1989120">
    <ele>1863.8</ele>
    <time>2026-06-25T23:00:47Z</time>
   </trkpt>
   <trkpt lat="39.7776560" lon="-105.1989110">
    <ele>1863.7</ele>
    <time>2026-06-25T23:00:48Z</time>
   </trkpt>
   <trkpt lat="39.7776540" lon="-105.1989110">
    <ele>1863.7</ele>
    <time>2026-06-25T23:00:49Z</time>
   </trkpt>
   <trkpt lat="39.7776540" lon="-105.1989110">
    <ele>1863.7</ele>
    <time>2026-06-25T23:00:50Z</time>
   </trkpt>
   <trkpt lat="39.7776490" lon="-105.1989040">
    <ele>1863.7</ele>
    <time>2026-06-25T23:00:51Z</time>
   </trkpt>
   <trkpt lat="39.7775940" lon="-105.1989460">
    <ele>1863.3</ele>
    <time>2026-06-25T23:01:35Z</time>
   </trkpt>
   <trkpt lat="39.7775900" lon="-105.1989600">
    <ele>1863.3</ele>
    <time>2026-06-25T23:01:36Z</time>
   </trkpt>
   <trkpt lat="39.7775940" lon="-105.1989980">
    <ele>1863.2</ele>
    <time>2026-06-25T23:01:37Z</time>
   </trkpt>
   <trkpt lat="39.7776170" lon="-105.1990390">
    <ele>1863.1</ele>
    <time>2026-06-25T23:01:38Z</time>
   </trkpt>
   <trkpt lat="39.7776400" lon="-105.1990720">
    <ele>1863.0</ele>
    <time>2026-06-25T23:01:39Z</time>
   </trkpt>
   <trkpt lat="39.7776500" lon="-105.1991290">
    <ele>1862.9</ele>
    <time>2026-06-25T23:01:40Z</time>
   </trkpt>
   <trkpt lat="39.7776750" lon="-105.1991780">
    <ele>1862.8</ele>
    <time>2026-06-25T23:01:41Z</time>
   </trkpt>
   <trkpt lat="39.7776980" lon="-105.1992210">
    <ele>1862.7</ele>
    <time>2026-06-25T23:01:42Z</time>
   </trkpt>
   <trkpt lat="39.7777320" lon="-105.1992500">
    <ele>1862.6</ele>
    <time>2026-06-25T23:01:43Z</time>
   </trkpt>
   <trkpt lat="39.7777600" lon="-105.1992820">
    <ele>1862.5</ele>
    <time>2026-06-25T23:01:44Z</time>
   </trkpt>
   <trkpt lat="39.7777880" lon="-105.1993130">
    <ele>1862.4</ele>
    <time>2026-06-25T23:01:45Z</time>
   </trkpt>
   <trkpt lat="39.7777960" lon="-105.1993450">
    <ele>1862.4</ele>
    <time>2026-06-25T23:01:46Z</time>
   </trkpt>
   <trkpt lat="39.7778070" lon="-105.1993720">
    <ele>1862.3</ele>
    <time>2026-06-25T23:01:47Z</time>
   </trkpt>
   <trkpt lat="39.7778130" lon="-105.1993950">
    <ele>1862.3</ele>
    <time>2026-06-25T23:01:48Z</time>
   </trkpt>
   <trkpt lat="39.7778500" lon="-105.1994150">
    <ele>1862.2</ele>
    <time>2026-06-25T23:01:49Z</time>
   </trkpt>
   <trkpt lat="39.7778680" lon="-105.1994420">
    <ele>1862.1</ele>
    <time>2026-06-25T23:01:50Z</time>
   </trkpt>
   <trkpt lat="39.7778920" lon="-105.1994630">
    <ele>1862.0</ele>
    <time>2026-06-25T23:01:51Z</time>
   </trkpt>
   <trkpt lat="39.7779490" lon="-105.1995280">
    <ele>1861.8</ele>
    <time>2026-06-25T23:01:52Z</time>
   </trkpt>
   <trkpt lat="39.7779940" lon="-105.1995600">
    <ele>1861.6</ele>
    <time>2026-06-25T23:01:53Z</time>
   </trkpt>
   <trkpt lat="39.7780300" lon="-105.1995770">
    <ele>1861.4</ele>
    <time>2026-06-25T23:01:54Z</time>
   </trkpt>
   <trkpt lat="39.7780550" lon="-105.1996250">
    <ele>1861.2</ele>
    <time>2026-06-25T23:01:55Z</time>
   </trkpt>
   <trkpt lat="39.7780850" lon="-105.1996630">
    <ele>1861.0</ele>
    <time>2026-06-25T23:01:56Z</time>
   </trkpt>
   <trkpt lat="39.7781030" lon="-105.1996780">
    <ele>1860.9</ele>
    <time>2026-06-25T23:01:57Z</time>
   </trkpt>
   <trkpt lat="39.7781460" lon="-105.1997270">
    <ele>1860.6</ele>
    <time>2026-06-25T23:01:58Z</time>
   </trkpt>
   <trkpt lat="39.7781660" lon="-105.1997730">
    <ele>1860.4</ele>
    <time>2026-06-25T23:01:59Z</time>
   </trkpt>
   <trkpt lat="39.7781680" lon="-105.1998250">
    <ele>1860.2</ele>
    <time>2026-06-25T23:02:00Z</time>
   </trkpt>
   <trkpt lat="39.7781760" lon="-105.1998760">
    <ele>1860.1</ele>
    <time>2026-06-25T23:02:01Z</time>
   </trkpt>
   <trkpt lat="39.7781980" lon="-105.1999330">
    <ele>1859.9</ele>
    <time>2026-06-25T23:02:02Z</time>
   </trkpt>
   <trkpt lat="39.7782150" lon="-105.1999920">
    <ele>1859.8</ele>
    <time>2026-06-25T23:02:03Z</time>
   </trkpt>
   <trkpt lat="39.7782480" lon="-105.2000380">
    <ele>1859.7</ele>
    <time>2026-06-25T23:02:04Z</time>
   </trkpt>
   <trkpt lat="39.7782700" lon="-105.2000920">
    <ele>1859.6</ele>
    <time>2026-06-25T23:02:05Z</time>
   </trkpt>
   <trkpt lat="39.7782900" lon="-105.2001400">
    <ele>1859.6</ele>
    <time>2026-06-25T23:02:06Z</time>
   </trkpt>
   <trkpt lat="39.7783070" lon="-105.2002000">
    <ele>1859.5</ele>
    <time>2026-06-25T23:02:07Z</time>
   </trkpt>
   <trkpt lat="39.7783360" lon="-105.2002410">
    <ele>1859.5</ele>
    <time>2026-06-25T23:02:08Z</time>
   </trkpt>
   <trkpt lat="39.7783590" lon="-105.2002800">
    <ele>1859.4</ele>
    <time>2026-06-25T23:02:09Z</time>
   </trkpt>
   <trkpt lat="39.7783670" lon="-105.2003350">
    <ele>1859.2</ele>
    <time>2026-06-25T23:02:10Z</time>
   </trkpt>
   <trkpt lat="39.7783750" lon="-105.2003730">
    <ele>1859.1</ele>
    <time>2026-06-25T23:02:11Z</time>
   </trkpt>
   <trkpt lat="39.7783710" lon="-105.2004020">
    <ele>1859.0</ele>
    <time>2026-06-25T23:02:12Z</time>
   </trkpt>
   <trkpt lat="39.7783930" lon="-105.2004550">
    <ele>1858.7</ele>
    <time>2026-06-25T23:02:13Z</time>
   </trkpt>
   <trkpt lat="39.7784070" lon="-105.2004870">
    <ele>1858.5</ele>
    <time>2026-06-25T23:02:14Z</time>
   </trkpt>
   <trkpt lat="39.7784200" lon="-105.2005390">
    <ele>1858.3</ele>
    <time>2026-06-25T23:02:15Z</time>
   </trkpt>
   <trkpt lat="39.7784400" lon="-105.2006090">
    <ele>1858.1</ele>
    <time>2026-06-25T23:02:16Z</time>
   </trkpt>
   <trkpt lat="39.7784720" lon="-105.2006690">
    <ele>1857.8</ele>
    <time>2026-06-25T23:02:17Z</time>
   </trkpt>
   <trkpt lat="39.7785040" lon="-105.2007200">
    <ele>1857.7</ele>
    <time>2026-06-25T23:02:18Z</time>
   </trkpt>
   <trkpt lat="39.7785110" lon="-105.2007800">
    <ele>1857.6</ele>
    <time>2026-06-25T23:02:19Z</time>
   </trkpt>
   <trkpt lat="39.7785250" lon="-105.2008440">
    <ele>1857.5</ele>
    <time>2026-06-25T23:02:20Z</time>
   </trkpt>
   <trkpt lat="39.7785440" lon="-105.2009110">
    <ele>1857.4</ele>
    <time>2026-06-25T23:02:21Z</time>
   </trkpt>
   <trkpt lat="39.7785710" lon="-105.2009590">
    <ele>1857.3</ele>
    <time>2026-06-25T23:02:22Z</time>
   </trkpt>
   <trkpt lat="39.7785930" lon="-105.2010080">
    <ele>1857.3</ele>
    <time>2026-06-25T23:02:23Z</time>
   </trkpt>
   <trkpt lat="39.7786040" lon="-105.2010740">
    <ele>1857.2</ele>
    <time>2026-06-25T23:02:24Z</time>
   </trkpt>
   <trkpt lat="39.7786140" lon="-105.2011080">
    <ele>1857.2</ele>
    <time>2026-06-25T23:02:25Z</time>
   </trkpt>
   <trkpt lat="39.7786240" lon="-105.2011420">
    <ele>1857.2</ele>
    <time>2026-06-25T23:02:26Z</time>
   </trkpt>
   <trkpt lat="39.7786180" lon="-105.2011730">
    <ele>1857.2</ele>
    <time>2026-06-25T23:02:27Z</time>
   </trkpt>
   <trkpt lat="39.7786260" lon="-105.2012150">
    <ele>1857.2</ele>
    <time>2026-06-25T23:02:28Z</time>
   </trkpt>
   <trkpt lat="39.7786380" lon="-105.2012510">
    <ele>1857.1</ele>
    <time>2026-06-25T23:02:29Z</time>
   </trkpt>
   <trkpt lat="39.7786270" lon="-105.2012820">
    <ele>1857.1</ele>
    <time>2026-06-25T23:02:30Z</time>
   </trkpt>
   <trkpt lat="39.7786330" lon="-105.2013650">
    <ele>1857.0</ele>
    <time>2026-06-25T23:02:31Z</time>
   </trkpt>
   <trkpt lat="39.7786530" lon="-105.2014500">
    <ele>1856.8</ele>
    <time>2026-06-25T23:02:32Z</time>
   </trkpt>
   <trkpt lat="39.7786650" lon="-105.2015250">
    <ele>1856.7</ele>
    <time>2026-06-25T23:02:33Z</time>
   </trkpt>
   <trkpt lat="39.7786630" lon="-105.2015960">
    <ele>1856.7</ele>
    <time>2026-06-25T23:02:34Z</time>
   </trkpt>
   <trkpt lat="39.7786610" lon="-105.2016690">
    <ele>1856.6</ele>
    <time>2026-06-25T23:02:35Z</time>
   </trkpt>
   <trkpt lat="39.7786780" lon="-105.2016700">
    <ele>1856.6</ele>
    <time>2026-06-25T23:02:36Z</time>
   </trkpt>
   <trkpt lat="39.7787010" lon="-105.2017040">
    <ele>1856.6</ele>
    <time>2026-06-25T23:02:37Z</time>
   </trkpt>
   <trkpt lat="39.7787080" lon="-105.2017210">
    <ele>1856.6</ele>
    <time>2026-06-25T23:02:38Z</time>
   </trkpt>
   <trkpt lat="39.7787030" lon="-105.2017230">
    <ele>1856.6</ele>
    <time>2026-06-25T23:02:39Z</time>
   </trkpt>
   <trkpt lat="39.7787130" lon="-105.2017340">
    <ele>1856.6</ele>
    <time>2026-06-25T23:02:40Z</time>
   </trkpt>
   <trkpt lat="39.7787080" lon="-105.2017350">
    <ele>1856.6</ele>
    <time>2026-06-25T23:02:41Z</time>
   </trkpt>
   <trkpt lat="39.7787120" lon="-105.2017350">
    <ele>1856.6</ele>
    <time>2026-06-25T23:02:42Z</time>
   </trkpt>
   <trkpt lat="39.7787120" lon="-105.2017400">
    <ele>1856.5</ele>
    <time>2026-06-25T23:02:43Z</time>
   </trkpt>
   <trkpt lat="39.7787090" lon="-105.2017440">
    <ele>1856.5</ele>
    <time>2026-06-25T23:02:44Z</time>
   </trkpt>
   <trkpt lat="39.7787090" lon="-105.2017630">
    <ele>1856.5</ele>
    <time>2026-06-25T23:02:45Z</time>
   </trkpt>
   <trkpt lat="39.7787160" lon="-105.2017930">
    <ele>1856.5</ele>
    <time>2026-06-25T23:02:46Z</time>
   </trkpt>
   <trkpt lat="39.7787200" lon="-105.2018160">
    <ele>1856.5</ele>
    <time>2026-06-25T23:02:47Z</time>
   </trkpt>
   <trkpt lat="39.7787470" lon="-105.2018570">
    <ele>1856.5</ele>
    <time>2026-06-25T23:02:48Z</time>
   </trkpt>
   <trkpt lat="39.7787530" lon="-105.2019010">
    <ele>1856.5</ele>
    <time>2026-06-25T23:02:49Z</time>
   </trkpt>
   <trkpt lat="39.7787660" lon="-105.2019590">
    <ele>1856.5</ele>
    <time>2026-06-25T23:02:50Z</time>
   </trkpt>
   <trkpt lat="39.7787840" lon="-105.2020110">
    <ele>1856.6</ele>
    <time>2026-06-25T23:02:51Z</time>
   </trkpt>
   <trkpt lat="39.7787890" lon="-105.2020600">
    <ele>1856.7</ele>
    <time>2026-06-25T23:02:52Z</time>
   </trkpt>
   <trkpt lat="39.7787950" lon="-105.2021030">
    <ele>1856.8</ele>
    <time>2026-06-25T23:02:53Z</time>
   </trkpt>
   <trkpt lat="39.7788090" lon="-105.2021600">
    <ele>1857.0</ele>
    <time>2026-06-25T23:02:54Z</time>
   </trkpt>
   <trkpt lat="39.7788310" lon="-105.2022050">
    <ele>1857.2</ele>
    <time>2026-06-25T23:02:55Z</time>
   </trkpt>
   <trkpt lat="39.7788290" lon="-105.2022180">
    <ele>1857.2</ele>
    <time>2026-06-25T23:02:56Z</time>
   </trkpt>
   <trkpt lat="39.7788480" lon="-105.2022690">
    <ele>1857.4</ele>
    <time>2026-06-25T23:02:57Z</time>
   </trkpt>
   <trkpt lat="39.7788550" lon="-105.2022850">
    <ele>1857.4</ele>
    <time>2026-06-25T23:02:58Z</time>
   </trkpt>
   <trkpt lat="39.7788650" lon="-105.2023280">
    <ele>1857.5</ele>
    <time>2026-06-25T23:02:59Z</time>
   </trkpt>
   <trkpt lat="39.7788570" lon="-105.2023760">
    <ele>1857.5</ele>
    <time>2026-06-25T23:03:00Z</time>
   </trkpt>
   <trkpt lat="39.7788710" lon="-105.2023950">
    <ele>1857.5</ele>
    <time>2026-06-25T23:03:01Z</time>
   </trkpt>
   <trkpt lat="39.7788770" lon="-105.2024350">
    <ele>1857.5</ele>
    <time>2026-06-25T23:03:02Z</time>
   </trkpt>
   <trkpt lat="39.7789070" lon="-105.2024460">
    <ele>1857.4</ele>
    <time>2026-06-25T23:03:03Z</time>
   </trkpt>
   <trkpt lat="39.7789180" lon="-105.2024810">
    <ele>1857.2</ele>
    <time>2026-06-25T23:03:04Z</time>
   </trkpt>
   <trkpt lat="39.7789290" lon="-105.2025290">
    <ele>1857.0</ele>
    <time>2026-06-25T23:03:05Z</time>
   </trkpt>
   <trkpt lat="39.7789300" lon="-105.2025570">
    <ele>1856.8</ele>
    <time>2026-06-25T23:03:06Z</time>
   </trkpt>
   <trkpt lat="39.7789290" lon="-105.2026130">
    <ele>1856.5</ele>
    <time>2026-06-25T23:03:07Z</time>
   </trkpt>
   <trkpt lat="39.7789180" lon="-105.2026450">
    <ele>1856.3</ele>
    <time>2026-06-25T23:03:08Z</time>
   </trkpt>
   <trkpt lat="39.7789040" lon="-105.2026690">
    <ele>1856.1</ele>
    <time>2026-06-25T23:03:09Z</time>
   </trkpt>
   <trkpt lat="39.7788980" lon="-105.2026670">
    <ele>1856.0</ele>
    <time>2026-06-25T23:03:10Z</time>
   </trkpt>
   <trkpt lat="39.7789010" lon="-105.2026620">
    <ele>1856.0</ele>
    <time>2026-06-25T23:03:11Z</time>
   </trkpt>
   <trkpt lat="39.7788990" lon="-105.2026660">
    <ele>1855.9</ele>
    <time>2026-06-25T23:03:12Z</time>
   </trkpt>
   <trkpt lat="39.7789070" lon="-105.2026770">
    <ele>1855.8</ele>
    <time>2026-06-25T23:03:13Z</time>
   </trkpt>
   <trkpt lat="39.7789080" lon="-105.2026830">
    <ele>1855.8</ele>
    <time>2026-06-25T23:03:14Z</time>
   </trkpt>
   <trkpt lat="39.7789040" lon="-105.2026900">
    <ele>1855.7</ele>
    <time>2026-06-25T23:03:15Z</time>
   </trkpt>
   <trkpt lat="39.7788910" lon="-105.2027030">
    <ele>1855.6</ele>
    <time>2026-06-25T23:03:16Z</time>
   </trkpt>
   <trkpt lat="39.7788870" lon="-105.2027250">
    <ele>1855.4</ele>
    <time>2026-06-25T23:03:17Z</time>
   </trkpt>
   <trkpt lat="39.7788860" lon="-105.2027240">
    <ele>1855.4</ele>
    <time>2026-06-25T23:03:18Z</time>
   </trkpt>
   <trkpt lat="39.7788940" lon="-105.2027190">
    <ele>1855.3</ele>
    <time>2026-06-25T23:03:19Z</time>
   </trkpt>
   <trkpt lat="39.7788850" lon="-105.2027230">
    <ele>1855.2</ele>
    <time>2026-06-25T23:03:20Z</time>
   </trkpt>
   <trkpt lat="39.7788850" lon="-105.2027230">
    <ele>1855.2</ele>
    <time>2026-06-25T23:03:21Z</time>
   </trkpt>
   <trkpt lat="39.7788770" lon="-105.2027240">
    <ele>1855.2</ele>
    <time>2026-06-25T23:03:22Z</time>
   </trkpt>
   <trkpt lat="39.7788700" lon="-105.2027300">
    <ele>1855.1</ele>
    <time>2026-06-25T23:03:23Z</time>
   </trkpt>
   <trkpt lat="39.7788450" lon="-105.2027270">
    <ele>1854.9</ele>
    <time>2026-06-25T23:03:24Z</time>
   </trkpt>
   <trkpt lat="39.7788250" lon="-105.2027000">
    <ele>1854.7</ele>
    <time>2026-06-25T23:03:25Z</time>
   </trkpt>
   <trkpt lat="39.7787980" lon="-105.2026690">
    <ele>1854.5</ele>
    <time>2026-06-25T23:03:26Z</time>
   </trkpt>
   <trkpt lat="39.7787680" lon="-105.2026650">
    <ele>1854.3</ele>
    <time>2026-06-25T23:03:27Z</time>
   </trkpt>
   <trkpt lat="39.7787400" lon="-105.2026600">
    <ele>1854.1</ele>
    <time>2026-06-25T23:03:28Z</time>
   </trkpt>
   <trkpt lat="39.7787190" lon="-105.2026250">
    <ele>1853.8</ele>
    <time>2026-06-25T23:03:29Z</time>
   </trkpt>
   <trkpt lat="39.7787110" lon="-105.2025960">
    <ele>1853.7</ele>
    <time>2026-06-25T23:03:30Z</time>
   </trkpt>
   <trkpt lat="39.7786910" lon="-105.2025640">
    <ele>1853.4</ele>
    <time>2026-06-25T23:03:31Z</time>
   </trkpt>
   <trkpt lat="39.7786650" lon="-105.2025310">
    <ele>1853.2</ele>
    <time>2026-06-25T23:03:32Z</time>
   </trkpt>
   <trkpt lat="39.7786290" lon="-105.2025000">
    <ele>1852.9</ele>
    <time>2026-06-25T23:03:33Z</time>
   </trkpt>
   <trkpt lat="39.7786000" lon="-105.2024570">
    <ele>1852.7</ele>
    <time>2026-06-25T23:03:34Z</time>
   </trkpt>
   <trkpt lat="39.7785710" lon="-105.2024270">
    <ele>1852.5</ele>
    <time>2026-06-25T23:03:35Z</time>
   </trkpt>
   <trkpt lat="39.7785420" lon="-105.2024300">
    <ele>1852.4</ele>
    <time>2026-06-25T23:03:36Z</time>
   </trkpt>
   <trkpt lat="39.7785060" lon="-105.2024210">
    <ele>1852.2</ele>
    <time>2026-06-25T23:03:37Z</time>
   </trkpt>
   <trkpt lat="39.7784660" lon="-105.2024100">
    <ele>1852.1</ele>
    <time>2026-06-25T23:03:38Z</time>
   </trkpt>
   <trkpt lat="39.7784330" lon="-105.2024160">
    <ele>1852.0</ele>
    <time>2026-06-25T23:03:39Z</time>
   </trkpt>
   <trkpt lat="39.7784290" lon="-105.2024140">
    <ele>1852.0</ele>
    <time>2026-06-25T23:03:40Z</time>
   </trkpt>
   <trkpt lat="39.7784120" lon="-105.2024060">
    <ele>1852.0</ele>
    <time>2026-06-25T23:03:41Z</time>
   </trkpt>
   <trkpt lat="39.7783840" lon="-105.2024000">
    <ele>1852.0</ele>
    <time>2026-06-25T23:03:42Z</time>
   </trkpt>
   <trkpt lat="39.7783420" lon="-105.2023790">
    <ele>1852.0</ele>
    <time>2026-06-25T23:03:43Z</time>
   </trkpt>
   <trkpt lat="39.7782960" lon="-105.2023810">
    <ele>1852.1</ele>
    <time>2026-06-25T23:03:44Z</time>
   </trkpt>
   <trkpt lat="39.7782530" lon="-105.2023610">
    <ele>1852.2</ele>
    <time>2026-06-25T23:03:45Z</time>
   </trkpt>
   <trkpt lat="39.7782320" lon="-105.2023260">
    <ele>1852.2</ele>
    <time>2026-06-25T23:03:46Z</time>
   </trkpt>
   <trkpt lat="39.7782030" lon="-105.2023190">
    <ele>1852.3</ele>
    <time>2026-06-25T23:03:47Z</time>
   </trkpt>
   <trkpt lat="39.7781870" lon="-105.2023110">
    <ele>1852.3</ele>
    <time>2026-06-25T23:03:48Z</time>
   </trkpt>
   <trkpt lat="39.7781690" lon="-105.2022870">
    <ele>1852.3</ele>
    <time>2026-06-25T23:03:49Z</time>
   </trkpt>
   <trkpt lat="39.7781260" lon="-105.2022480">
    <ele>1852.3</ele>
    <time>2026-06-25T23:03:50Z</time>
   </trkpt>
   <trkpt lat="39.7781110" lon="-105.2022380">
    <ele>1852.3</ele>
    <time>2026-06-25T23:03:51Z</time>
   </trkpt>
   <trkpt lat="39.7780860" lon="-105.2022360">
    <ele>1852.3</ele>
    <time>2026-06-25T23:03:52Z</time>
   </trkpt>
   <trkpt lat="39.7780660" lon="-105.2022070">
    <ele>1852.3</ele>
    <time>2026-06-25T23:03:53Z</time>
   </trkpt>
   <trkpt lat="39.7780360" lon="-105.2021980">
    <ele>1852.2</ele>
    <time>2026-06-25T23:03:54Z</time>
   </trkpt>
   <trkpt lat="39.7780110" lon="-105.2021880">
    <ele>1852.2</ele>
    <time>2026-06-25T23:03:55Z</time>
   </trkpt>
   <trkpt lat="39.7779970" lon="-105.2021820">
    <ele>1852.1</ele>
    <time>2026-06-25T23:03:56Z</time>
   </trkpt>
   <trkpt lat="39.7779720" lon="-105.2022040">
    <ele>1852.1</ele>
    <time>2026-06-25T23:03:57Z</time>
   </trkpt>
   <trkpt lat="39.7779450" lon="-105.2021610">
    <ele>1851.9</ele>
    <time>2026-06-25T23:03:58Z</time>
   </trkpt>
   <trkpt lat="39.7779250" lon="-105.2021640">
    <ele>1851.8</ele>
    <time>2026-06-25T23:03:59Z</time>
   </trkpt>
   <trkpt lat="39.7778890" lon="-105.2021640">
    <ele>1851.7</ele>
    <time>2026-06-25T23:04:00Z</time>
   </trkpt>
   <trkpt lat="39.7778640" lon="-105.2021470">
    <ele>1851.5</ele>
    <time>2026-06-25T23:04:01Z</time>
   </trkpt>
   <trkpt lat="39.7778440" lon="-105.2021450">
    <ele>1851.5</ele>
    <time>2026-06-25T23:04:02Z</time>
   </trkpt>
   <trkpt lat="39.7777980" lon="-105.2021530">
    <ele>1851.2</ele>
    <time>2026-06-25T23:04:03Z</time>
   </trkpt>
   <trkpt lat="39.7778020" lon="-105.2021250">
    <ele>1851.1</ele>
    <time>2026-06-25T23:04:04Z</time>
   </trkpt>
   <trkpt lat="39.7777470" lon="-105.2021210">
    <ele>1850.9</ele>
    <time>2026-06-25T23:04:05Z</time>
   </trkpt>
   <trkpt lat="39.7777270" lon="-105.2021220">
    <ele>1850.7</ele>
    <time>2026-06-25T23:04:06Z</time>
   </trkpt>
   <trkpt lat="39.7776940" lon="-105.2021140">
    <ele>1850.6</ele>
    <time>2026-06-25T23:04:07Z</time>
   </trkpt>
   <trkpt lat="39.7776580" lon="-105.2020920">
    <ele>1850.4</ele>
    <time>2026-06-25T23:04:08Z</time>
   </trkpt>
   <trkpt lat="39.7776330" lon="-105.2020640">
    <ele>1850.2</ele>
    <time>2026-06-25T23:04:09Z</time>
   </trkpt>
   <trkpt lat="39.7776050" lon="-105.2020610">
    <ele>1850.0</ele>
    <time>2026-06-25T23:04:10Z</time>
   </trkpt>
   <trkpt lat="39.7775720" lon="-105.2020670">
    <ele>1849.9</ele>
    <time>2026-06-25T23:04:11Z</time>
   </trkpt>
   <trkpt lat="39.7775130" lon="-105.2020820">
    <ele>1849.6</ele>
    <time>2026-06-25T23:04:12Z</time>
   </trkpt>
   <trkpt lat="39.7774860" lon="-105.2020650">
    <ele>1849.4</ele>
    <time>2026-06-25T23:04:13Z</time>
   </trkpt>
   <trkpt lat="39.7774730" lon="-105.2020440">
    <ele>1849.3</ele>
    <time>2026-06-25T23:04:14Z</time>
   </trkpt>
   <trkpt lat="39.7774400" lon="-105.2020340">
    <ele>1849.2</ele>
    <time>2026-06-25T23:04:15Z</time>
   </trkpt>
   <trkpt lat="39.7774200" lon="-105.2020280">
    <ele>1849.1</ele>
    <time>2026-06-25T23:04:16Z</time>
   </trkpt>
   <trkpt lat="39.7773870" lon="-105.2020590">
    <ele>1849.0</ele>
    <time>2026-06-25T23:04:17Z</time>
   </trkpt>
   <trkpt lat="39.7773590" lon="-105.2020820">
    <ele>1848.9</ele>
    <time>2026-06-25T23:04:18Z</time>
   </trkpt>
   <trkpt lat="39.7773440" lon="-105.2021080">
    <ele>1848.9</ele>
    <time>2026-06-25T23:04:19Z</time>
   </trkpt>
   <trkpt lat="39.7773210" lon="-105.2021360">
    <ele>1848.9</ele>
    <time>2026-06-25T23:04:20Z</time>
   </trkpt>
   <trkpt lat="39.7772670" lon="-105.2021600">
    <ele>1848.9</ele>
    <time>2026-06-25T23:04:21Z</time>
   </trkpt>
   <trkpt lat="39.7772190" lon="-105.2021660">
    <ele>1849.0</ele>
    <time>2026-06-25T23:04:22Z</time>
   </trkpt>
   <trkpt lat="39.7771760" lon="-105.2021620">
    <ele>1849.2</ele>
    <time>2026-06-25T23:04:23Z</time>
   </trkpt>
   <trkpt lat="39.7771430" lon="-105.2021670">
    <ele>1849.3</ele>
    <time>2026-06-25T23:04:24Z</time>
   </trkpt>
   <trkpt lat="39.7771150" lon="-105.2021780">
    <ele>1849.5</ele>
    <time>2026-06-25T23:04:25Z</time>
   </trkpt>
   <trkpt lat="39.7770940" lon="-105.2021900">
    <ele>1849.6</ele>
    <time>2026-06-25T23:04:26Z</time>
   </trkpt>
   <trkpt lat="39.7770750" lon="-105.2022120">
    <ele>1849.8</ele>
    <time>2026-06-25T23:04:27Z</time>
   </trkpt>
   <trkpt lat="39.7770540" lon="-105.2022300">
    <ele>1850.0</ele>
    <time>2026-06-25T23:04:28Z</time>
   </trkpt>
   <trkpt lat="39.7770480" lon="-105.2022290">
    <ele>1850.0</ele>
    <time>2026-06-25T23:04:29Z</time>
   </trkpt>
   <trkpt lat="39.7770140" lon="-105.2022360">
    <ele>1850.3</ele>
    <time>2026-06-25T23:04:30Z</time>
   </trkpt>
   <trkpt lat="39.7770050" lon="-105.2022460">
    <ele>1850.3</ele>
    <time>2026-06-25T23:04:31Z</time>
   </trkpt>
   <trkpt lat="39.7769860" lon="-105.2022640">
    <ele>1850.5</ele>
    <time>2026-06-25T23:04:32Z</time>
   </trkpt>
   <trkpt lat="39.7769560" lon="-105.2022710">
    <ele>1850.7</ele>
    <time>2026-06-25T23:04:33Z</time>
   </trkpt>
   <trkpt lat="39.7769290" lon="-105.2022770">
    <ele>1850.8</ele>
    <time>2026-06-25T23:04:34Z</time>
   </trkpt>
   <trkpt lat="39.7769040" lon="-105.2022610">
    <ele>1851.0</ele>
    <time>2026-06-25T23:04:35Z</time>
   </trkpt>
   <trkpt lat="39.7768810" lon="-105.2022780">
    <ele>1851.1</ele>
    <time>2026-06-25T23:04:36Z</time>
   </trkpt>
   <trkpt lat="39.7768600" lon="-105.2022710">
    <ele>1851.2</ele>
    <time>2026-06-25T23:04:37Z</time>
   </trkpt>
   <trkpt lat="39.7768460" lon="-105.2022770">
    <ele>1851.3</ele>
    <time>2026-06-25T23:04:38Z</time>
   </trkpt>
   <trkpt lat="39.7768150" lon="-105.2022740">
    <ele>1851.4</ele>
    <time>2026-06-25T23:04:39Z</time>
   </trkpt>
   <trkpt lat="39.7767950" lon="-105.2022740">
    <ele>1851.4</ele>
    <time>2026-06-25T23:04:40Z</time>
   </trkpt>
   <trkpt lat="39.7767740" lon="-105.2022620">
    <ele>1851.5</ele>
    <time>2026-06-25T23:04:41Z</time>
   </trkpt>
   <trkpt lat="39.7767600" lon="-105.2022800">
    <ele>1851.5</ele>
    <time>2026-06-25T23:04:42Z</time>
   </trkpt>
   <trkpt lat="39.7767550" lon="-105.2022910">
    <ele>1851.5</ele>
    <time>2026-06-25T23:04:43Z</time>
   </trkpt>
   <trkpt lat="39.7767390" lon="-105.2023030">
    <ele>1851.6</ele>
    <time>2026-06-25T23:04:44Z</time>
   </trkpt>
   <trkpt lat="39.7767200" lon="-105.2023210">
    <ele>1851.6</ele>
    <time>2026-06-25T23:04:45Z</time>
   </trkpt>
   <trkpt lat="39.7766950" lon="-105.2023140">
    <ele>1851.7</ele>
    <time>2026-06-25T23:04:46Z</time>
   </trkpt>
   <trkpt lat="39.7766780" lon="-105.2023420">
    <ele>1851.8</ele>
    <time>2026-06-25T23:04:47Z</time>
   </trkpt>
   <trkpt lat="39.7766550" lon="-105.2023820">
    <ele>1851.8</ele>
    <time>2026-06-25T23:04:48Z</time>
   </trkpt>
   <trkpt lat="39.7766490" lon="-105.2024090">
    <ele>1851.9</ele>
    <time>2026-06-25T23:04:49Z</time>
   </trkpt>
   <trkpt lat="39.7766290" lon="-105.2024060">
    <ele>1851.9</ele>
    <time>2026-06-25T23:04:50Z</time>
   </trkpt>
   <trkpt lat="39.7766060" lon="-105.2024130">
    <ele>1852.0</ele>
    <time>2026-06-25T23:04:51Z</time>
   </trkpt>
   <trkpt lat="39.7765910" lon="-105.2024270">
    <ele>1852.0</ele>
    <time>2026-06-25T23:04:52Z</time>
   </trkpt>
   <trkpt lat="39.7765730" lon="-105.2024230">
    <ele>1852.1</ele>
    <time>2026-06-25T23:04:53Z</time>
   </trkpt>
   <trkpt lat="39.7765510" lon="-105.2024360">
    <ele>1852.2</ele>
    <time>2026-06-25T23:04:54Z</time>
   </trkpt>
   <trkpt lat="39.7765260" lon="-105.2024460">
    <ele>1852.2</ele>
    <time>2026-06-25T23:04:55Z</time>
   </trkpt>
   <trkpt lat="39.7765110" lon="-105.2024650">
    <ele>1852.3</ele>
    <time>2026-06-25T23:04:56Z</time>
   </trkpt>
   <trkpt lat="39.7765020" lon="-105.2024370">
    <ele>1852.4</ele>
    <time>2026-06-25T23:04:57Z</time>
   </trkpt>
   <trkpt lat="39.7764810" lon="-105.2024480">
    <ele>1852.5</ele>
    <time>2026-06-25T23:04:58Z</time>
   </trkpt>
   <trkpt lat="39.7764550" lon="-105.2024610">
    <ele>1852.6</ele>
    <time>2026-06-25T23:04:59Z</time>
   </trkpt>
   <trkpt lat="39.7764460" lon="-105.2024610">
    <ele>1852.7</ele>
    <time>2026-06-25T23:05:00Z</time>
   </trkpt>
   <trkpt lat="39.7764180" lon="-105.2024830">
    <ele>1852.9</ele>
    <time>2026-06-25T23:05:01Z</time>
   </trkpt>
   <trkpt lat="39.7764200" lon="-105.2024900">
    <ele>1852.9</ele>
    <time>2026-06-25T23:05:02Z</time>
   </trkpt>
   <trkpt lat="39.7764010" lon="-105.2025070">
    <ele>1853.1</ele>
    <time>2026-06-25T23:05:03Z</time>
   </trkpt>
   <trkpt lat="39.7763920" lon="-105.2025120">
    <ele>1853.1</ele>
    <time>2026-06-25T23:05:04Z</time>
   </trkpt>
   <trkpt lat="39.7763710" lon="-105.2025320">
    <ele>1853.4</ele>
    <time>2026-06-25T23:05:05Z</time>
   </trkpt>
   <trkpt lat="39.7763520" lon="-105.2025310">
    <ele>1853.5</ele>
    <time>2026-06-25T23:05:06Z</time>
   </trkpt>
   <trkpt lat="39.7763290" lon="-105.2025310">
    <ele>1853.8</ele>
    <time>2026-06-25T23:05:07Z</time>
   </trkpt>
   <trkpt lat="39.7763120" lon="-105.2025400">
    <ele>1853.9</ele>
    <time>2026-06-25T23:05:08Z</time>
   </trkpt>
   <trkpt lat="39.7762860" lon="-105.2025650">
    <ele>1854.3</ele>
    <time>2026-06-25T23:05:09Z</time>
   </trkpt>
   <trkpt lat="39.7762830" lon="-105.2025830">
    <ele>1854.5</ele>
    <time>2026-06-25T23:05:10Z</time>
   </trkpt>
   <trkpt lat="39.7762720" lon="-105.2025980">
    <ele>1854.7</ele>
    <time>2026-06-25T23:05:11Z</time>
   </trkpt>
   <trkpt lat="39.7762610" lon="-105.2026300">
    <ele>1855.0</ele>
    <time>2026-06-25T23:05:12Z</time>
   </trkpt>
   <trkpt lat="39.7762530" lon="-105.2026490">
    <ele>1855.2</ele>
    <time>2026-06-25T23:05:13Z</time>
   </trkpt>
   <trkpt lat="39.7762350" lon="-105.2026790">
    <ele>1855.5</ele>
    <time>2026-06-25T23:05:14Z</time>
   </trkpt>
   <trkpt lat="39.7762270" lon="-105.2026880">
    <ele>1855.6</ele>
    <time>2026-06-25T23:05:15Z</time>
   </trkpt>
   <trkpt lat="39.7762180" lon="-105.2026800">
    <ele>1855.7</ele>
    <time>2026-06-25T23:05:16Z</time>
   </trkpt>
   <trkpt lat="39.7762180" lon="-105.2026850">
    <ele>1855.8</ele>
    <time>2026-06-25T23:05:17Z</time>
   </trkpt>
   <trkpt lat="39.7762120" lon="-105.2026900">
    <ele>1855.8</ele>
    <time>2026-06-25T23:05:18Z</time>
   </trkpt>
   <trkpt lat="39.7761950" lon="-105.2027070">
    <ele>1856.1</ele>
    <time>2026-06-25T23:05:19Z</time>
   </trkpt>
   <trkpt lat="39.7761850" lon="-105.2027160">
    <ele>1856.2</ele>
    <time>2026-06-25T23:05:20Z</time>
   </trkpt>
   <trkpt lat="39.7761760" lon="-105.2027210">
    <ele>1856.3</ele>
    <time>2026-06-25T23:05:21Z</time>
   </trkpt>
   <trkpt lat="39.7761510" lon="-105.2027240">
    <ele>1856.5</ele>
    <time>2026-06-25T23:05:22Z</time>
   </trkpt>
   <trkpt lat="39.7761330" lon="-105.2027190">
    <ele>1856.7</ele>
    <time>2026-06-25T23:05:23Z</time>
   </trkpt>
   <trkpt lat="39.7761090" lon="-105.2027140">
    <ele>1856.9</ele>
    <time>2026-06-25T23:05:24Z</time>
   </trkpt>
   <trkpt lat="39.7760960" lon="-105.2027160">
    <ele>1857.0</ele>
    <time>2026-06-25T23:05:25Z</time>
   </trkpt>
   <trkpt lat="39.7760580" lon="-105.2027240">
    <ele>1857.4</ele>
    <time>2026-06-25T23:05:26Z</time>
   </trkpt>
   <trkpt lat="39.7760560" lon="-105.2027150">
    <ele>1857.5</ele>
    <time>2026-06-25T23:05:27Z</time>
   </trkpt>
   <trkpt lat="39.7760510" lon="-105.2027190">
    <ele>1857.5</ele>
    <time>2026-06-25T23:05:28Z</time>
   </trkpt>
   <trkpt lat="39.7760520" lon="-105.2027260">
    <ele>1857.6</ele>
    <time>2026-06-25T23:05:29Z</time>
   </trkpt>
   <trkpt lat="39.7760510" lon="-105.2027260">
    <ele>1857.6</ele>
    <time>2026-06-25T23:05:30Z</time>
   </trkpt>
   <trkpt lat="39.7760450" lon="-105.2027270">
    <ele>1857.6</ele>
    <time>2026-06-25T23:05:31Z</time>
   </trkpt>
   <trkpt lat="39.7760400" lon="-105.2027260">
    <ele>1857.7</ele>
    <time>2026-06-25T23:05:32Z</time>
   </trkpt>
   <trkpt lat="39.7760390" lon="-105.2027340">
    <ele>1857.7</ele>
    <time>2026-06-25T23:05:33Z</time>
   </trkpt>
   <trkpt lat="39.7760430" lon="-105.2027410">
    <ele>1857.8</ele>
    <time>2026-06-25T23:05:35Z</time>
   </trkpt>
   <trkpt lat="39.7760360" lon="-105.2027360">
    <ele>1857.9</ele>
    <time>2026-06-25T23:05:36Z</time>
   </trkpt>
   <trkpt lat="39.7760290" lon="-105.2027240">
    <ele>1858.0</ele>
    <time>2026-06-25T23:05:37Z</time>
   </trkpt>
   <trkpt lat="39.7760200" lon="-105.2026980">
    <ele>1858.2</ele>
    <time>2026-06-25T23:05:38Z</time>
   </trkpt>
   <trkpt lat="39.7760320" lon="-105.2027080">
    <ele>1858.3</ele>
    <time>2026-06-25T23:05:39Z</time>
   </trkpt>
   <trkpt lat="39.7760270" lon="-105.2027100">
    <ele>1858.4</ele>
    <time>2026-06-25T23:05:40Z</time>
   </trkpt>
   <trkpt lat="39.7760250" lon="-105.2027040">
    <ele>1858.4</ele>
    <time>2026-06-25T23:05:41Z</time>
   </trkpt>
   <trkpt lat="39.7760250" lon="-105.2026990">
    <ele>1858.5</ele>
    <time>2026-06-25T23:05:42Z</time>
   </trkpt>
   <trkpt lat="39.7760280" lon="-105.2027010">
    <ele>1858.5</ele>
    <time>2026-06-25T23:05:43Z</time>
   </trkpt>
   <trkpt lat="39.7760280" lon="-105.2026940">
    <ele>1858.6</ele>
    <time>2026-06-25T23:05:44Z</time>
   </trkpt>
   <trkpt lat="39.7760280" lon="-105.2026930">
    <ele>1858.6</ele>
    <time>2026-06-25T23:05:45Z</time>
   </trkpt>
   <trkpt lat="39.7760260" lon="-105.2026930">
    <ele>1858.6</ele>
    <time>2026-06-25T23:05:46Z</time>
   </trkpt>
   <trkpt lat="39.7760220" lon="-105.2026970">
    <ele>1858.7</ele>
    <time>2026-06-25T23:05:47Z</time>
   </trkpt>
   <trkpt lat="39.7760060" lon="-105.2026880">
    <ele>1858.9</ele>
    <time>2026-06-25T23:05:48Z</time>
   </trkpt>
   <trkpt lat="39.7760220" lon="-105.2026820">
    <ele>1859.1</ele>
    <time>2026-06-25T23:05:49Z</time>
   </trkpt>
   <trkpt lat="39.7760250" lon="-105.2026850">
    <ele>1859.1</ele>
    <time>2026-06-25T23:05:50Z</time>
   </trkpt>
   <trkpt lat="39.7760260" lon="-105.2026830">
    <ele>1859.1</ele>
    <time>2026-06-25T23:05:51Z</time>
   </trkpt>
   <trkpt lat="39.7760290" lon="-105.2026830">
    <ele>1859.2</ele>
    <time>2026-06-25T23:05:52Z</time>
   </trkpt>
   <trkpt lat="39.7760220" lon="-105.2026960">
    <ele>1859.3</ele>
    <time>2026-06-25T23:05:53Z</time>
   </trkpt>
   <trkpt lat="39.7760210" lon="-105.2026940">
    <ele>1859.3</ele>
    <time>2026-06-25T23:05:54Z</time>
   </trkpt>
   <trkpt lat="39.7760190" lon="-105.2026980">
    <ele>1859.4</ele>
    <time>2026-06-25T23:05:55Z</time>
   </trkpt>
   <trkpt lat="39.7760170" lon="-105.2026990">
    <ele>1859.4</ele>
    <time>2026-06-25T23:05:56Z</time>
   </trkpt>
   <trkpt lat="39.7760150" lon="-105.2027030">
    <ele>1859.4</ele>
    <time>2026-06-25T23:05:57Z</time>
   </trkpt>
   <trkpt lat="39.7760010" lon="-105.2027420">
    <ele>1859.9</ele>
    <time>2026-06-25T23:06:25Z</time>
   </trkpt>
   <trkpt lat="39.7759970" lon="-105.2027280">
    <ele>1860.0</ele>
    <time>2026-06-25T23:06:26Z</time>
   </trkpt>
   <trkpt lat="39.7759970" lon="-105.2027240">
    <ele>1860.0</ele>
    <time>2026-06-25T23:06:27Z</time>
   </trkpt>
   <trkpt lat="39.7759980" lon="-105.2027210">
    <ele>1860.1</ele>
    <time>2026-06-25T23:06:28Z</time>
   </trkpt>
   <trkpt lat="39.7759980" lon="-105.2027210">
    <ele>1860.1</ele>
    <time>2026-06-25T23:06:29Z</time>
   </trkpt>
   <trkpt lat="39.7759980" lon="-105.2027210">
    <ele>1860.1</ele>
    <time>2026-06-25T23:06:30Z</time>
   </trkpt>
   <trkpt lat="39.7759980" lon="-105.2027210">
    <ele>1860.1</ele>
    <time>2026-06-25T23:06:31Z</time>
   </trkpt>
   <trkpt lat="39.7759980" lon="-105.2027210">
    <ele>1860.1</ele>
    <time>2026-06-25T23:06:32Z</time>
   </trkpt>
   <trkpt lat="39.7759980" lon="-105.2027210">
    <ele>1860.1</ele>
    <time>2026-06-25T23:06:33Z</time>
   </trkpt>
   <trkpt lat="39.7759980" lon="-105.2027210">
    <ele>1860.1</ele>
    <time>2026-06-25T23:06:34Z</time>
   </trkpt>
   <trkpt lat="39.7759980" lon="-105.2027210">
    <ele>1860.1</ele>
    <time>2026-06-25T23:06:35Z</time>
   </trkpt>
   <trkpt lat="39.7759920" lon="-105.2027800">
    <ele>1860.6</ele>
    <time>2026-06-25T23:07:06Z</time>
   </trkpt>
   <trkpt lat="39.7759770" lon="-105.2027850">
    <ele>1860.8</ele>
    <time>2026-06-25T23:07:07Z</time>
   </trkpt>
   <trkpt lat="39.7759610" lon="-105.2027910">
    <ele>1861.0</ele>
    <time>2026-06-25T23:07:08Z</time>
   </trkpt>
   <trkpt lat="39.7759380" lon="-105.2027790">
    <ele>1861.3</ele>
    <time>2026-06-25T23:07:09Z</time>
   </trkpt>
   <trkpt lat="39.7759070" lon="-105.2027660">
    <ele>1861.6</ele>
    <time>2026-06-25T23:07:10Z</time>
   </trkpt>
   <trkpt lat="39.7758880" lon="-105.2027590">
    <ele>1861.8</ele>
    <time>2026-06-25T23:07:11Z</time>
   </trkpt>
   <trkpt lat="39.7758700" lon="-105.2027680">
    <ele>1862.0</ele>
    <time>2026-06-25T23:07:12Z</time>
   </trkpt>
   <trkpt lat="39.7758540" lon="-105.2027770">
    <ele>1862.1</ele>
    <time>2026-06-25T23:07:13Z</time>
   </trkpt>
   <trkpt lat="39.7758290" lon="-105.2027820">
    <ele>1862.3</ele>
    <time>2026-06-25T23:07:14Z</time>
   </trkpt>
   <trkpt lat="39.7758040" lon="-105.2027880">
    <ele>1862.4</ele>
    <time>2026-06-25T23:07:15Z</time>
   </trkpt>
   <trkpt lat="39.7757950" lon="-105.2027930">
    <ele>1862.5</ele>
    <time>2026-06-25T23:07:16Z</time>
   </trkpt>
   <trkpt lat="39.7757780" lon="-105.2028040">
    <ele>1862.6</ele>
    <time>2026-06-25T23:07:17Z</time>
   </trkpt>
   <trkpt lat="39.7757670" lon="-105.2028130">
    <ele>1862.6</ele>
    <time>2026-06-25T23:07:18Z</time>
   </trkpt>
   <trkpt lat="39.7757640" lon="-105.2028260">
    <ele>1862.7</ele>
    <time>2026-06-25T23:07:19Z</time>
   </trkpt>
   <trkpt lat="39.7757530" lon="-105.2028230">
    <ele>1862.7</ele>
    <time>2026-06-25T23:07:20Z</time>
   </trkpt>
   <trkpt lat="39.7757430" lon="-105.2028220">
    <ele>1862.7</ele>
    <time>2026-06-25T23:07:21Z</time>
   </trkpt>
   <trkpt lat="39.7757290" lon="-105.2028130">
    <ele>1862.8</ele>
    <time>2026-06-25T23:07:22Z</time>
   </trkpt>
   <trkpt lat="39.7757160" lon="-105.2027950">
    <ele>1862.8</ele>
    <time>2026-06-25T23:07:23Z</time>
   </trkpt>
   <trkpt lat="39.7757020" lon="-105.2027850">
    <ele>1862.8</ele>
    <time>2026-06-25T23:07:24Z</time>
   </trkpt>
   <trkpt lat="39.7756880" lon="-105.2028000">
    <ele>1862.9</ele>
    <time>2026-06-25T23:07:25Z</time>
   </trkpt>
   <trkpt lat="39.7756650" lon="-105.2027980">
    <ele>1862.9</ele>
    <time>2026-06-25T23:07:26Z</time>
   </trkpt>
   <trkpt lat="39.7756390" lon="-105.2028010">
    <ele>1863.0</ele>
    <time>2026-06-25T23:07:27Z</time>
   </trkpt>
   <trkpt lat="39.7756210" lon="-105.2027900">
    <ele>1863.0</ele>
    <time>2026-06-25T23:07:28Z</time>
   </trkpt>
   <trkpt lat="39.7756040" lon="-105.2027680">
    <ele>1863.0</ele>
    <time>2026-06-25T23:07:29Z</time>
   </trkpt>
   <trkpt lat="39.7755920" lon="-105.2027480">
    <ele>1863.1</ele>
    <time>2026-06-25T23:07:30Z</time>
   </trkpt>
   <trkpt lat="39.7755780" lon="-105.2027360">
    <ele>1863.1</ele>
    <time>2026-06-25T23:07:31Z</time>
   </trkpt>
   <trkpt lat="39.7755640" lon="-105.2027340">
    <ele>1863.1</ele>
    <time>2026-06-25T23:07:32Z</time>
   </trkpt>
   <trkpt lat="39.7755500" lon="-105.2027460">
    <ele>1863.2</ele>
    <time>2026-06-25T23:07:33Z</time>
   </trkpt>
   <trkpt lat="39.7755360" lon="-105.2027430">
    <ele>1863.2</ele>
    <time>2026-06-25T23:07:34Z</time>
   </trkpt>
   <trkpt lat="39.7755190" lon="-105.2027410">
    <ele>1863.2</ele>
    <time>2026-06-25T23:07:35Z</time>
   </trkpt>
   <trkpt lat="39.7755020" lon="-105.2027390">
    <ele>1863.2</ele>
    <time>2026-06-25T23:07:36Z</time>
   </trkpt>
   <trkpt lat="39.7754820" lon="-105.2027240">
    <ele>1863.3</ele>
    <time>2026-06-25T23:07:37Z</time>
   </trkpt>
   <trkpt lat="39.7754660" lon="-105.2027040">
    <ele>1863.3</ele>
    <time>2026-06-25T23:07:38Z</time>
   </trkpt>
   <trkpt lat="39.7754500" lon="-105.2026850">
    <ele>1863.3</ele>
    <time>2026-06-25T23:07:39Z</time>
   </trkpt>
   <trkpt lat="39.7754340" lon="-105.2026600">
    <ele>1863.3</ele>
    <time>2026-06-25T23:07:40Z</time>
   </trkpt>
   <trkpt lat="39.7754150" lon="-105.2026340">
    <ele>1863.3</ele>
    <time>2026-06-25T23:07:41Z</time>
   </trkpt>
   <trkpt lat="39.7753940" lon="-105.2026310">
    <ele>1863.3</ele>
    <time>2026-06-25T23:07:42Z</time>
   </trkpt>
   <trkpt lat="39.7753740" lon="-105.2026140">
    <ele>1863.3</ele>
    <time>2026-06-25T23:07:43Z</time>
   </trkpt>
   <trkpt lat="39.7753650" lon="-105.2026040">
    <ele>1863.3</ele>
    <time>2026-06-25T23:07:44Z</time>
   </trkpt>
   <trkpt lat="39.7753450" lon="-105.2025920">
    <ele>1863.3</ele>
    <time>2026-06-25T23:07:45Z</time>
   </trkpt>
   <trkpt lat="39.7753180" lon="-105.2025980">
    <ele>1863.3</ele>
    <time>2026-06-25T23:07:46Z</time>
   </trkpt>
   <trkpt lat="39.7753040" lon="-105.2025710">
    <ele>1863.2</ele>
    <time>2026-06-25T23:07:47Z</time>
   </trkpt>
   <trkpt lat="39.7752870" lon="-105.2025560">
    <ele>1863.2</ele>
    <time>2026-06-25T23:07:48Z</time>
   </trkpt>
   <trkpt lat="39.7752700" lon="-105.2025310">
    <ele>1863.2</ele>
    <time>2026-06-25T23:07:49Z</time>
   </trkpt>
   <trkpt lat="39.7752530" lon="-105.2025060">
    <ele>1863.1</ele>
    <time>2026-06-25T23:07:50Z</time>
   </trkpt>
   <trkpt lat="39.7752280" lon="-105.2025360">
    <ele>1863.0</ele>
    <time>2026-06-25T23:07:51Z</time>
   </trkpt>
   <trkpt lat="39.7752060" lon="-105.2025180">
    <ele>1862.9</ele>
    <time>2026-06-25T23:07:52Z</time>
   </trkpt>
   <trkpt lat="39.7751890" lon="-105.2024750">
    <ele>1862.9</ele>
    <time>2026-06-25T23:07:53Z</time>
   </trkpt>
   <trkpt lat="39.7751740" lon="-105.2024460">
    <ele>1862.8</ele>
    <time>2026-06-25T23:07:54Z</time>
   </trkpt>
   <trkpt lat="39.7751580" lon="-105.2024240">
    <ele>1862.7</ele>
    <time>2026-06-25T23:07:55Z</time>
   </trkpt>
   <trkpt lat="39.7751360" lon="-105.2024050">
    <ele>1862.7</ele>
    <time>2026-06-25T23:07:56Z</time>
   </trkpt>
   <trkpt lat="39.7751210" lon="-105.2023690">
    <ele>1862.7</ele>
    <time>2026-06-25T23:07:57Z</time>
   </trkpt>
   <trkpt lat="39.7751070" lon="-105.2023380">
    <ele>1862.6</ele>
    <time>2026-06-25T23:07:58Z</time>
   </trkpt>
   <trkpt lat="39.7750900" lon="-105.2023190">
    <ele>1862.6</ele>
    <time>2026-06-25T23:07:59Z</time>
   </trkpt>
   <trkpt lat="39.7750750" lon="-105.2022980">
    <ele>1862.6</ele>
    <time>2026-06-25T23:08:00Z</time>
   </trkpt>
   <trkpt lat="39.7750600" lon="-105.2022760">
    <ele>1862.6</ele>
    <time>2026-06-25T23:08:01Z</time>
   </trkpt>
   <trkpt lat="39.7750290" lon="-105.2022630">
    <ele>1862.5</ele>
    <time>2026-06-25T23:08:02Z</time>
   </trkpt>
   <trkpt lat="39.7749950" lon="-105.2022270">
    <ele>1862.5</ele>
    <time>2026-06-25T23:08:03Z</time>
   </trkpt>
   <trkpt lat="39.7749650" lon="-105.2021960">
    <ele>1862.4</ele>
    <time>2026-06-25T23:08:04Z</time>
   </trkpt>
   <trkpt lat="39.7749340" lon="-105.2021480">
    <ele>1862.4</ele>
    <time>2026-06-25T23:08:05Z</time>
   </trkpt>
   <trkpt lat="39.7749110" lon="-105.2021210">
    <ele>1862.4</ele>
    <time>2026-06-25T23:08:06Z</time>
   </trkpt>
   <trkpt lat="39.7749030" lon="-105.2021160">
    <ele>1862.4</ele>
    <time>2026-06-25T23:08:07Z</time>
   </trkpt>
   <trkpt lat="39.7748930" lon="-105.2020870">
    <ele>1862.4</ele>
    <time>2026-06-25T23:08:08Z</time>
   </trkpt>
   <trkpt lat="39.7748760" lon="-105.2020730">
    <ele>1862.4</ele>
    <time>2026-06-25T23:08:09Z</time>
   </trkpt>
   <trkpt lat="39.7748410" lon="-105.2020430">
    <ele>1862.5</ele>
    <time>2026-06-25T23:08:10Z</time>
   </trkpt>
   <trkpt lat="39.7748350" lon="-105.2020320">
    <ele>1862.5</ele>
    <time>2026-06-25T23:08:11Z</time>
   </trkpt>
   <trkpt lat="39.7748130" lon="-105.2020280">
    <ele>1862.6</ele>
    <time>2026-06-25T23:08:12Z</time>
   </trkpt>
   <trkpt lat="39.7747920" lon="-105.2020110">
    <ele>1862.6</ele>
    <time>2026-06-25T23:08:13Z</time>
   </trkpt>
   <trkpt lat="39.7747720" lon="-105.2019980">
    <ele>1862.7</ele>
    <time>2026-06-25T23:08:14Z</time>
   </trkpt>
   <trkpt lat="39.7747380" lon="-105.2019580">
    <ele>1863.0</ele>
    <time>2026-06-25T23:08:15Z</time>
   </trkpt>
   <trkpt lat="39.7747140" lon="-105.2019460">
    <ele>1863.1</ele>
    <time>2026-06-25T23:08:16Z</time>
   </trkpt>
   <trkpt lat="39.7746900" lon="-105.2019330">
    <ele>1863.2</ele>
    <time>2026-06-25T23:08:17Z</time>
   </trkpt>
   <trkpt lat="39.7746860" lon="-105.2019020">
    <ele>1863.3</ele>
    <time>2026-06-25T23:08:18Z</time>
   </trkpt>
   <trkpt lat="39.7746580" lon="-105.2018770">
    <ele>1863.5</ele>
    <time>2026-06-25T23:08:19Z</time>
   </trkpt>
   <trkpt lat="39.7746370" lon="-105.2018620">
    <ele>1863.6</ele>
    <time>2026-06-25T23:08:20Z</time>
   </trkpt>
   <trkpt lat="39.7746140" lon="-105.2018510">
    <ele>1863.7</ele>
    <time>2026-06-25T23:08:21Z</time>
   </trkpt>
   <trkpt lat="39.7745880" lon="-105.2018300">
    <ele>1863.9</ele>
    <time>2026-06-25T23:08:22Z</time>
   </trkpt>
   <trkpt lat="39.7745720" lon="-105.2018180">
    <ele>1863.9</ele>
    <time>2026-06-25T23:08:23Z</time>
   </trkpt>
   <trkpt lat="39.7745460" lon="-105.2017950">
    <ele>1864.1</ele>
    <time>2026-06-25T23:08:24Z</time>
   </trkpt>
   <trkpt lat="39.7745350" lon="-105.2017830">
    <ele>1864.1</ele>
    <time>2026-06-25T23:08:25Z</time>
   </trkpt>
   <trkpt lat="39.7745150" lon="-105.2017690">
    <ele>1864.3</ele>
    <time>2026-06-25T23:08:26Z</time>
   </trkpt>
   <trkpt lat="39.7745020" lon="-105.2017560">
    <ele>1864.3</ele>
    <time>2026-06-25T23:08:27Z</time>
   </trkpt>
   <trkpt lat="39.7744810" lon="-105.2017180">
    <ele>1864.6</ele>
    <time>2026-06-25T23:08:28Z</time>
   </trkpt>
   <trkpt lat="39.7744770" lon="-105.2017080">
    <ele>1864.6</ele>
    <time>2026-06-25T23:08:29Z</time>
   </trkpt>
   <trkpt lat="39.7744590" lon="-105.2016950">
    <ele>1864.8</ele>
    <time>2026-06-25T23:08:30Z</time>
   </trkpt>
   <trkpt lat="39.7744360" lon="-105.2016800">
    <ele>1865.0</ele>
    <time>2026-06-25T23:08:31Z</time>
   </trkpt>
   <trkpt lat="39.7744060" lon="-105.2016700">
    <ele>1865.4</ele>
    <time>2026-06-25T23:08:32Z</time>
   </trkpt>
   <trkpt lat="39.7743940" lon="-105.2016740">
    <ele>1865.5</ele>
    <time>2026-06-25T23:08:33Z</time>
   </trkpt>
   <trkpt lat="39.7743650" lon="-105.2016900">
    <ele>1865.8</ele>
    <time>2026-06-25T23:08:34Z</time>
   </trkpt>
   <trkpt lat="39.7743580" lon="-105.2016880">
    <ele>1865.9</ele>
    <time>2026-06-25T23:08:35Z</time>
   </trkpt>
   <trkpt lat="39.7743370" lon="-105.2017100">
    <ele>1866.2</ele>
    <time>2026-06-25T23:08:36Z</time>
   </trkpt>
   <trkpt lat="39.7743240" lon="-105.2017000">
    <ele>1866.4</ele>
    <time>2026-06-25T23:08:37Z</time>
   </trkpt>
   <trkpt lat="39.7743020" lon="-105.2017180">
    <ele>1866.7</ele>
    <time>2026-06-25T23:08:38Z</time>
   </trkpt>
   <trkpt lat="39.7742960" lon="-105.2017260">
    <ele>1866.8</ele>
    <time>2026-06-25T23:08:39Z</time>
   </trkpt>
   <trkpt lat="39.7742650" lon="-105.2017370">
    <ele>1867.2</ele>
    <time>2026-06-25T23:08:40Z</time>
   </trkpt>
   <trkpt lat="39.7742590" lon="-105.2017350">
    <ele>1867.3</ele>
    <time>2026-06-25T23:08:41Z</time>
   </trkpt>
   <trkpt lat="39.7742260" lon="-105.2017430">
    <ele>1867.6</ele>
    <time>2026-06-25T23:08:42Z</time>
   </trkpt>
   <trkpt lat="39.7742160" lon="-105.2017410">
    <ele>1867.8</ele>
    <time>2026-06-25T23:08:43Z</time>
   </trkpt>
   <trkpt lat="39.7741940" lon="-105.2017500">
    <ele>1868.0</ele>
    <time>2026-06-25T23:08:44Z</time>
   </trkpt>
   <trkpt lat="39.7741800" lon="-105.2017540">
    <ele>1868.2</ele>
    <time>2026-06-25T23:08:45Z</time>
   </trkpt>
   <trkpt lat="39.7741640" lon="-105.2017640">
    <ele>1868.3</ele>
    <time>2026-06-25T23:08:46Z</time>
   </trkpt>
   <trkpt lat="39.7741510" lon="-105.2017600">
    <ele>1868.5</ele>
    <time>2026-06-25T23:08:47Z</time>
   </trkpt>
   <trkpt lat="39.7741070" lon="-105.2017630">
    <ele>1868.9</ele>
    <time>2026-06-25T23:08:48Z</time>
   </trkpt>
   <trkpt lat="39.7740960" lon="-105.2017660">
    <ele>1869.0</ele>
    <time>2026-06-25T23:08:49Z</time>
   </trkpt>
   <trkpt lat="39.7740690" lon="-105.2017660">
    <ele>1869.2</ele>
    <time>2026-06-25T23:08:50Z</time>
   </trkpt>
   <trkpt lat="39.7740580" lon="-105.2017660">
    <ele>1869.3</ele>
    <time>2026-06-25T23:08:51Z</time>
   </trkpt>
   <trkpt lat="39.7740280" lon="-105.2017610">
    <ele>1869.6</ele>
    <time>2026-06-25T23:08:52Z</time>
   </trkpt>
   <trkpt lat="39.7740150" lon="-105.2017560">
    <ele>1869.7</ele>
    <time>2026-06-25T23:08:53Z</time>
   </trkpt>
   <trkpt lat="39.7739850" lon="-105.2017520">
    <ele>1869.9</ele>
    <time>2026-06-25T23:08:54Z</time>
   </trkpt>
   <trkpt lat="39.7739720" lon="-105.2017480">
    <ele>1870.0</ele>
    <time>2026-06-25T23:08:55Z</time>
   </trkpt>
   <trkpt lat="39.7739610" lon="-105.2017420">
    <ele>1870.1</ele>
    <time>2026-06-25T23:08:56Z</time>
   </trkpt>
   <trkpt lat="39.7739350" lon="-105.2017500">
    <ele>1870.3</ele>
    <time>2026-06-25T23:08:57Z</time>
   </trkpt>
   <trkpt lat="39.7739180" lon="-105.2017560">
    <ele>1870.4</ele>
    <time>2026-06-25T23:08:58Z</time>
   </trkpt>
   <trkpt lat="39.7738930" lon="-105.2017660">
    <ele>1870.5</ele>
    <time>2026-06-25T23:08:59Z</time>
   </trkpt>
   <trkpt lat="39.7738690" lon="-105.2017640">
    <ele>1870.6</ele>
    <time>2026-06-25T23:09:00Z</time>
   </trkpt>
   <trkpt lat="39.7738500" lon="-105.2017660">
    <ele>1870.7</ele>
    <time>2026-06-25T23:09:01Z</time>
   </trkpt>
   <trkpt lat="39.7738280" lon="-105.2017550">
    <ele>1870.8</ele>
    <time>2026-06-25T23:09:02Z</time>
   </trkpt>
   <trkpt lat="39.7738060" lon="-105.2017590">
    <ele>1870.9</ele>
    <time>2026-06-25T23:09:03Z</time>
   </trkpt>
   <trkpt lat="39.7737760" lon="-105.2017600">
    <ele>1871.0</ele>
    <time>2026-06-25T23:09:04Z</time>
   </trkpt>
   <trkpt lat="39.7737580" lon="-105.2017680">
    <ele>1871.0</ele>
    <time>2026-06-25T23:09:05Z</time>
   </trkpt>
   <trkpt lat="39.7737450" lon="-105.2017740">
    <ele>1871.1</ele>
    <time>2026-06-25T23:09:06Z</time>
   </trkpt>
   <trkpt lat="39.7737250" lon="-105.2017790">
    <ele>1871.1</ele>
    <time>2026-06-25T23:09:07Z</time>
   </trkpt>
   <trkpt lat="39.7737060" lon="-105.2017780">
    <ele>1871.1</ele>
    <time>2026-06-25T23:09:08Z</time>
   </trkpt>
   <trkpt lat="39.7736780" lon="-105.2017760">
    <ele>1871.1</ele>
    <time>2026-06-25T23:09:09Z</time>
   </trkpt>
   <trkpt lat="39.7736660" lon="-105.2017710">
    <ele>1871.1</ele>
    <time>2026-06-25T23:09:10Z</time>
   </trkpt>
   <trkpt lat="39.7736360" lon="-105.2017790">
    <ele>1871.1</ele>
    <time>2026-06-25T23:09:11Z</time>
   </trkpt>
   <trkpt lat="39.7736240" lon="-105.2017790">
    <ele>1871.1</ele>
    <time>2026-06-25T23:09:12Z</time>
   </trkpt>
   <trkpt lat="39.7735920" lon="-105.2017720">
    <ele>1871.1</ele>
    <time>2026-06-25T23:09:13Z</time>
   </trkpt>
   <trkpt lat="39.7735770" lon="-105.2017770">
    <ele>1871.1</ele>
    <time>2026-06-25T23:09:14Z</time>
   </trkpt>
   <trkpt lat="39.7735560" lon="-105.2017860">
    <ele>1871.1</ele>
    <time>2026-06-25T23:09:15Z</time>
   </trkpt>
   <trkpt lat="39.7735290" lon="-105.2017960">
    <ele>1871.1</ele>
    <time>2026-06-25T23:09:16Z</time>
   </trkpt>
   <trkpt lat="39.7735200" lon="-105.2018010">
    <ele>1871.1</ele>
    <time>2026-06-25T23:09:17Z</time>
   </trkpt>
   <trkpt lat="39.7735060" lon="-105.2018020">
    <ele>1871.1</ele>
    <time>2026-06-25T23:09:18Z</time>
   </trkpt>
   <trkpt lat="39.7734660" lon="-105.2018200">
    <ele>1871.0</ele>
    <time>2026-06-25T23:09:19Z</time>
   </trkpt>
   <trkpt lat="39.7734500" lon="-105.2018200">
    <ele>1871.0</ele>
    <time>2026-06-25T23:09:20Z</time>
   </trkpt>
   <trkpt lat="39.7734210" lon="-105.2018450">
    <ele>1871.0</ele>
    <time>2026-06-25T23:09:21Z</time>
   </trkpt>
   <trkpt lat="39.7734020" lon="-105.2018620">
    <ele>1871.0</ele>
    <time>2026-06-25T23:09:22Z</time>
   </trkpt>
   <trkpt lat="39.7733810" lon="-105.2018800">
    <ele>1870.9</ele>
    <time>2026-06-25T23:09:23Z</time>
   </trkpt>
   <trkpt lat="39.7733620" lon="-105.2019000">
    <ele>1870.9</ele>
    <time>2026-06-25T23:09:24Z</time>
   </trkpt>
   <trkpt lat="39.7733470" lon="-105.2019140">
    <ele>1870.9</ele>
    <time>2026-06-25T23:09:25Z</time>
   </trkpt>
   <trkpt lat="39.7733230" lon="-105.2019410">
    <ele>1870.8</ele>
    <time>2026-06-25T23:09:26Z</time>
   </trkpt>
   <trkpt lat="39.7733120" lon="-105.2019560">
    <ele>1870.8</ele>
    <time>2026-06-25T23:09:27Z</time>
   </trkpt>
   <trkpt lat="39.7732830" lon="-105.2019770">
    <ele>1870.7</ele>
    <time>2026-06-25T23:09:28Z</time>
   </trkpt>
   <trkpt lat="39.7732500" lon="-105.2019860">
    <ele>1870.6</ele>
    <time>2026-06-25T23:09:29Z</time>
   </trkpt>
   <trkpt lat="39.7732360" lon="-105.2020030">
    <ele>1870.6</ele>
    <time>2026-06-25T23:09:30Z</time>
   </trkpt>
   <trkpt lat="39.7732190" lon="-105.2020230">
    <ele>1870.5</ele>
    <time>2026-06-25T23:09:31Z</time>
   </trkpt>
   <trkpt lat="39.7732120" lon="-105.2020310">
    <ele>1870.5</ele>
    <time>2026-06-25T23:09:32Z</time>
   </trkpt>
   <trkpt lat="39.7732020" lon="-105.2020640">
    <ele>1870.4</ele>
    <time>2026-06-25T23:09:33Z</time>
   </trkpt>
   <trkpt lat="39.7731890" lon="-105.2020910">
    <ele>1870.4</ele>
    <time>2026-06-25T23:09:34Z</time>
   </trkpt>
   <trkpt lat="39.7731700" lon="-105.2021000">
    <ele>1870.3</ele>
    <time>2026-06-25T23:09:35Z</time>
   </trkpt>
   <trkpt lat="39.7731450" lon="-105.2021470">
    <ele>1870.2</ele>
    <time>2026-06-25T23:09:36Z</time>
   </trkpt>
   <trkpt lat="39.7731430" lon="-105.2021570">
    <ele>1870.2</ele>
    <time>2026-06-25T23:09:37Z</time>
   </trkpt>
   <trkpt lat="39.7731280" lon="-105.2021830">
    <ele>1870.2</ele>
    <time>2026-06-25T23:09:38Z</time>
   </trkpt>
   <trkpt lat="39.7731040" lon="-105.2022290">
    <ele>1870.2</ele>
    <time>2026-06-25T23:09:39Z</time>
   </trkpt>
   <trkpt lat="39.7730650" lon="-105.2022790">
    <ele>1870.3</ele>
    <time>2026-06-25T23:09:40Z</time>
   </trkpt>
   <trkpt lat="39.7730230" lon="-105.2023330">
    <ele>1870.5</ele>
    <time>2026-06-25T23:09:41Z</time>
   </trkpt>
   <trkpt lat="39.7729880" lon="-105.2023740">
    <ele>1870.7</ele>
    <time>2026-06-25T23:09:42Z</time>
   </trkpt>
   <trkpt lat="39.7729530" lon="-105.2024180">
    <ele>1870.9</ele>
    <time>2026-06-25T23:09:43Z</time>
   </trkpt>
   <trkpt lat="39.7729520" lon="-105.2024280">
    <ele>1871.0</ele>
    <time>2026-06-25T23:09:44Z</time>
   </trkpt>
   <trkpt lat="39.7729570" lon="-105.2024520">
    <ele>1871.1</ele>
    <time>2026-06-25T23:09:45Z</time>
   </trkpt>
   <trkpt lat="39.7729300" lon="-105.2025190">
    <ele>1871.4</ele>
    <time>2026-06-25T23:09:47Z</time>
   </trkpt>
   <trkpt lat="39.7729250" lon="-105.2025390">
    <ele>1871.5</ele>
    <time>2026-06-25T23:09:48Z</time>
   </trkpt>
   <trkpt lat="39.7729210" lon="-105.2025580">
    <ele>1871.5</ele>
    <time>2026-06-25T23:09:49Z</time>
   </trkpt>
   <trkpt lat="39.7729260" lon="-105.2025820">
    <ele>1871.6</ele>
    <time>2026-06-25T23:09:50Z</time>
   </trkpt>
   <trkpt lat="39.7729280" lon="-105.2026240">
    <ele>1871.8</ele>
    <time>2026-06-25T23:09:51Z</time>
   </trkpt>
   <trkpt lat="39.7729060" lon="-105.2026500">
    <ele>1871.9</ele>
    <time>2026-06-25T23:09:52Z</time>
   </trkpt>
   <trkpt lat="39.7729040" lon="-105.2026730">
    <ele>1872.0</ele>
    <time>2026-06-25T23:09:53Z</time>
   </trkpt>
   <trkpt lat="39.7728920" lon="-105.2026950">
    <ele>1872.1</ele>
    <time>2026-06-25T23:09:54Z</time>
   </trkpt>
   <trkpt lat="39.7728500" lon="-105.2027680">
    <ele>1872.3</ele>
    <time>2026-06-25T23:09:55Z</time>
   </trkpt>
   <trkpt lat="39.7728420" lon="-105.2027950">
    <ele>1872.3</ele>
    <time>2026-06-25T23:09:56Z</time>
   </trkpt>
   <trkpt lat="39.7728340" lon="-105.2028220">
    <ele>1872.4</ele>
    <time>2026-06-25T23:09:57Z</time>
   </trkpt>
   <trkpt lat="39.7728470" lon="-105.2028320">
    <ele>1872.4</ele>
    <time>2026-06-25T23:09:58Z</time>
   </trkpt>
   <trkpt lat="39.7728420" lon="-105.2028560">
    <ele>1872.4</ele>
    <time>2026-06-25T23:09:59Z</time>
   </trkpt>
   <trkpt lat="39.7728380" lon="-105.2028820">
    <ele>1872.4</ele>
    <time>2026-06-25T23:10:00Z</time>
   </trkpt>
   <trkpt lat="39.7728340" lon="-105.2029370">
    <ele>1872.4</ele>
    <time>2026-06-25T23:10:01Z</time>
   </trkpt>
   <trkpt lat="39.7728320" lon="-105.2029860">
    <ele>1872.4</ele>
    <time>2026-06-25T23:10:02Z</time>
   </trkpt>
   <trkpt lat="39.7728300" lon="-105.2030340">
    <ele>1872.4</ele>
    <time>2026-06-25T23:10:03Z</time>
   </trkpt>
   <trkpt lat="39.7728300" lon="-105.2030700">
    <ele>1872.4</ele>
    <time>2026-06-25T23:10:04Z</time>
   </trkpt>
   <trkpt lat="39.7728300" lon="-105.2031060">
    <ele>1872.4</ele>
    <time>2026-06-25T23:10:05Z</time>
   </trkpt>
   <trkpt lat="39.7728210" lon="-105.2031590">
    <ele>1872.4</ele>
    <time>2026-06-25T23:10:06Z</time>
   </trkpt>
   <trkpt lat="39.7728050" lon="-105.2031590">
    <ele>1872.4</ele>
    <time>2026-06-25T23:10:07Z</time>
   </trkpt>
   <trkpt lat="39.7727920" lon="-105.2032110">
    <ele>1872.3</ele>
    <time>2026-06-25T23:10:08Z</time>
   </trkpt>
   <trkpt lat="39.7727700" lon="-105.2032280">
    <ele>1872.2</ele>
    <time>2026-06-25T23:10:09Z</time>
   </trkpt>
   <trkpt lat="39.7727650" lon="-105.2032790">
    <ele>1872.1</ele>
    <time>2026-06-25T23:10:10Z</time>
   </trkpt>
   <trkpt lat="39.7727710" lon="-105.2032870">
    <ele>1872.1</ele>
    <time>2026-06-25T23:10:11Z</time>
   </trkpt>
   <trkpt lat="39.7727440" lon="-105.2033270">
    <ele>1872.0</ele>
    <time>2026-06-25T23:10:12Z</time>
   </trkpt>
   <trkpt lat="39.7727560" lon="-105.2033420">
    <ele>1872.0</ele>
    <time>2026-06-25T23:10:13Z</time>
   </trkpt>
   <trkpt lat="39.7727700" lon="-105.2033870">
    <ele>1871.9</ele>
    <time>2026-06-25T23:10:14Z</time>
   </trkpt>
   <trkpt lat="39.7727420" lon="-105.2034690">
    <ele>1871.8</ele>
    <time>2026-06-25T23:10:15Z</time>
   </trkpt>
   <trkpt lat="39.7727160" lon="-105.2035310">
    <ele>1871.8</ele>
    <time>2026-06-25T23:10:16Z</time>
   </trkpt>
   <trkpt lat="39.7726830" lon="-105.2035740">
    <ele>1871.8</ele>
    <time>2026-06-25T23:10:17Z</time>
   </trkpt>
   <trkpt lat="39.7726360" lon="-105.2036220">
    <ele>1871.9</ele>
    <time>2026-06-25T23:10:18Z</time>
   </trkpt>
   <trkpt lat="39.7726050" lon="-105.2036740">
    <ele>1872.0</ele>
    <time>2026-06-25T23:10:19Z</time>
   </trkpt>
   <trkpt lat="39.7725840" lon="-105.2037390">
    <ele>1872.0</ele>
    <time>2026-06-25T23:10:20Z</time>
   </trkpt>
   <trkpt lat="39.7725400" lon="-105.2037810">
    <ele>1872.1</ele>
    <time>2026-06-25T23:10:21Z</time>
   </trkpt>
   <trkpt lat="39.7725210" lon="-105.2038030">
    <ele>1872.1</ele>
    <time>2026-06-25T23:10:22Z</time>
   </trkpt>
   <trkpt lat="39.7724880" lon="-105.2038500">
    <ele>1872.0</ele>
    <time>2026-06-25T23:10:23Z</time>
   </trkpt>
   <trkpt lat="39.7724580" lon="-105.2039070">
    <ele>1872.0</ele>
    <time>2026-06-25T23:10:24Z</time>
   </trkpt>
   <trkpt lat="39.7724480" lon="-105.2039540">
    <ele>1872.0</ele>
    <time>2026-06-25T23:10:25Z</time>
   </trkpt>
   <trkpt lat="39.7724400" lon="-105.2040040">
    <ele>1872.0</ele>
    <time>2026-06-25T23:10:26Z</time>
   </trkpt>
   <trkpt lat="39.7724430" lon="-105.2040600">
    <ele>1871.9</ele>
    <time>2026-06-25T23:10:27Z</time>
   </trkpt>
   <trkpt lat="39.7724610" lon="-105.2041180">
    <ele>1871.9</ele>
    <time>2026-06-25T23:10:28Z</time>
   </trkpt>
   <trkpt lat="39.7724580" lon="-105.2041630">
    <ele>1871.9</ele>
    <time>2026-06-25T23:10:29Z</time>
   </trkpt>
   <trkpt lat="39.7724490" lon="-105.2042120">
    <ele>1871.9</ele>
    <time>2026-06-25T23:10:30Z</time>
   </trkpt>
   <trkpt lat="39.7724480" lon="-105.2042600">
    <ele>1871.9</ele>
    <time>2026-06-25T23:10:31Z</time>
   </trkpt>
   <trkpt lat="39.7724490" lon="-105.2042950">
    <ele>1871.9</ele>
    <time>2026-06-25T23:10:32Z</time>
   </trkpt>
   <trkpt lat="39.7724560" lon="-105.2043560">
    <ele>1872.0</ele>
    <time>2026-06-25T23:10:33Z</time>
   </trkpt>
   <trkpt lat="39.7724640" lon="-105.2044090">
    <ele>1872.0</ele>
    <time>2026-06-25T23:10:34Z</time>
   </trkpt>
   <trkpt lat="39.7724530" lon="-105.2044460">
    <ele>1872.1</ele>
    <time>2026-06-25T23:10:35Z</time>
   </trkpt>
   <trkpt lat="39.7724320" lon="-105.2044950">
    <ele>1872.2</ele>
    <time>2026-06-25T23:10:36Z</time>
   </trkpt>
   <trkpt lat="39.7724020" lon="-105.2045290">
    <ele>1872.3</ele>
    <time>2026-06-25T23:10:37Z</time>
   </trkpt>
   <trkpt lat="39.7723790" lon="-105.2045620">
    <ele>1872.4</ele>
    <time>2026-06-25T23:10:38Z</time>
   </trkpt>
   <trkpt lat="39.7723490" lon="-105.2046000">
    <ele>1872.6</ele>
    <time>2026-06-25T23:10:39Z</time>
   </trkpt>
   <trkpt lat="39.7723450" lon="-105.2046240">
    <ele>1872.7</ele>
    <time>2026-06-25T23:10:40Z</time>
   </trkpt>
   <trkpt lat="39.7723020" lon="-105.2046330">
    <ele>1872.9</ele>
    <time>2026-06-25T23:10:41Z</time>
   </trkpt>
   <trkpt lat="39.7722790" lon="-105.2046530">
    <ele>1873.0</ele>
    <time>2026-06-25T23:10:42Z</time>
   </trkpt>
   <trkpt lat="39.7722560" lon="-105.2046850">
    <ele>1873.1</ele>
    <time>2026-06-25T23:10:43Z</time>
   </trkpt>
   <trkpt lat="39.7722420" lon="-105.2047060">
    <ele>1873.2</ele>
    <time>2026-06-25T23:10:44Z</time>
   </trkpt>
   <trkpt lat="39.7722140" lon="-105.2047320">
    <ele>1873.2</ele>
    <time>2026-06-25T23:10:45Z</time>
   </trkpt>
   <trkpt lat="39.7721990" lon="-105.2047390">
    <ele>1873.2</ele>
    <time>2026-06-25T23:10:46Z</time>
   </trkpt>
   <trkpt lat="39.7721920" lon="-105.2047380">
    <ele>1873.1</ele>
    <time>2026-06-25T23:10:47Z</time>
   </trkpt>
   <trkpt lat="39.7721950" lon="-105.2047350">
    <ele>1873.1</ele>
    <time>2026-06-25T23:10:48Z</time>
   </trkpt>
   <trkpt lat="39.7722010" lon="-105.2047370">
    <ele>1873.1</ele>
    <time>2026-06-25T23:10:49Z</time>
   </trkpt>
   <trkpt lat="39.7721770" lon="-105.2047590">
    <ele>1873.0</ele>
    <time>2026-06-25T23:10:50Z</time>
   </trkpt>
   <trkpt lat="39.7721430" lon="-105.2047830">
    <ele>1872.9</ele>
    <time>2026-06-25T23:10:51Z</time>
   </trkpt>
   <trkpt lat="39.7721370" lon="-105.2047910">
    <ele>1872.8</ele>
    <time>2026-06-25T23:10:52Z</time>
   </trkpt>
   <trkpt lat="39.7720940" lon="-105.2048030">
    <ele>1872.6</ele>
    <time>2026-06-25T23:10:53Z</time>
   </trkpt>
   <trkpt lat="39.7720740" lon="-105.2047930">
    <ele>1872.5</ele>
    <time>2026-06-25T23:10:54Z</time>
   </trkpt>
   <trkpt lat="39.7720530" lon="-105.2048020">
    <ele>1872.3</ele>
    <time>2026-06-25T23:10:55Z</time>
   </trkpt>
   <trkpt lat="39.7720190" lon="-105.2048060">
    <ele>1872.1</ele>
    <time>2026-06-25T23:10:56Z</time>
   </trkpt>
   <trkpt lat="39.7719980" lon="-105.2048030">
    <ele>1872.0</ele>
    <time>2026-06-25T23:10:57Z</time>
   </trkpt>
   <trkpt lat="39.7719200" lon="-105.2047970">
    <ele>1871.6</ele>
    <time>2026-06-25T23:10:58Z</time>
   </trkpt>
   <trkpt lat="39.7718700" lon="-105.2048120">
    <ele>1871.4</ele>
    <time>2026-06-25T23:10:59Z</time>
   </trkpt>
   <trkpt lat="39.7718530" lon="-105.2048320">
    <ele>1871.2</ele>
    <time>2026-06-25T23:11:00Z</time>
   </trkpt>
   <trkpt lat="39.7718220" lon="-105.2048260">
    <ele>1871.1</ele>
    <time>2026-06-25T23:11:01Z</time>
   </trkpt>
   <trkpt lat="39.7717790" lon="-105.2048280">
    <ele>1870.9</ele>
    <time>2026-06-25T23:11:02Z</time>
   </trkpt>
   <trkpt lat="39.7717340" lon="-105.2048370">
    <ele>1870.6</ele>
    <time>2026-06-25T23:11:03Z</time>
   </trkpt>
   <trkpt lat="39.7716910" lon="-105.2048510">
    <ele>1870.4</ele>
    <time>2026-06-25T23:11:04Z</time>
   </trkpt>
   <trkpt lat="39.7716480" lon="-105.2048580">
    <ele>1870.2</ele>
    <time>2026-06-25T23:11:05Z</time>
   </trkpt>
   <trkpt lat="39.7716090" lon="-105.2048620">
    <ele>1870.0</ele>
    <time>2026-06-25T23:11:06Z</time>
   </trkpt>
   <trkpt lat="39.7715670" lon="-105.2048590">
    <ele>1869.9</ele>
    <time>2026-06-25T23:11:07Z</time>
   </trkpt>
   <trkpt lat="39.7715200" lon="-105.2048630">
    <ele>1869.7</ele>
    <time>2026-06-25T23:11:08Z</time>
   </trkpt>
   <trkpt lat="39.7714710" lon="-105.2048800">
    <ele>1869.6</ele>
    <time>2026-06-25T23:11:09Z</time>
   </trkpt>
   <trkpt lat="39.7714230" lon="-105.2049000">
    <ele>1869.6</ele>
    <time>2026-06-25T23:11:10Z</time>
   </trkpt>
   <trkpt lat="39.7713890" lon="-105.2049410">
    <ele>1869.7</ele>
    <time>2026-06-25T23:11:11Z</time>
   </trkpt>
   <trkpt lat="39.7713590" lon="-105.2049700">
    <ele>1869.7</ele>
    <time>2026-06-25T23:11:12Z</time>
   </trkpt>
   <trkpt lat="39.7713030" lon="-105.2050020">
    <ele>1869.7</ele>
    <time>2026-06-25T23:11:13Z</time>
   </trkpt>
   <trkpt lat="39.7712740" lon="-105.2050120">
    <ele>1869.7</ele>
    <time>2026-06-25T23:11:14Z</time>
   </trkpt>
   <trkpt lat="39.7712540" lon="-105.2050130">
    <ele>1869.7</ele>
    <time>2026-06-25T23:11:15Z</time>
   </trkpt>
   <trkpt lat="39.7712330" lon="-105.2050150">
    <ele>1869.7</ele>
    <time>2026-06-25T23:11:16Z</time>
   </trkpt>
   <trkpt lat="39.7712090" lon="-105.2050210">
    <ele>1869.7</ele>
    <time>2026-06-25T23:11:17Z</time>
   </trkpt>
   <trkpt lat="39.7711800" lon="-105.2050540">
    <ele>1869.6</ele>
    <time>2026-06-25T23:11:18Z</time>
   </trkpt>
   <trkpt lat="39.7711560" lon="-105.2050790">
    <ele>1869.5</ele>
    <time>2026-06-25T23:11:19Z</time>
   </trkpt>
   <trkpt lat="39.7711350" lon="-105.2051130">
    <ele>1869.4</ele>
    <time>2026-06-25T23:11:20Z</time>
   </trkpt>
   <trkpt lat="39.7711000" lon="-105.2050820">
    <ele>1869.2</ele>
    <time>2026-06-25T23:11:21Z</time>
   </trkpt>
   <trkpt lat="39.7711010" lon="-105.2051450">
    <ele>1869.0</ele>
    <time>2026-06-25T23:11:22Z</time>
   </trkpt>
   <trkpt lat="39.7710830" lon="-105.2051790">
    <ele>1868.7</ele>
    <time>2026-06-25T23:11:23Z</time>
   </trkpt>
   <trkpt lat="39.7710660" lon="-105.2052140">
    <ele>1868.5</ele>
    <time>2026-06-25T23:11:24Z</time>
   </trkpt>
   <trkpt lat="39.7710670" lon="-105.2052490">
    <ele>1868.2</ele>
    <time>2026-06-25T23:11:25Z</time>
   </trkpt>
   <trkpt lat="39.7710490" lon="-105.2052560">
    <ele>1868.0</ele>
    <time>2026-06-25T23:11:26Z</time>
   </trkpt>
   <trkpt lat="39.7710190" lon="-105.2052700">
    <ele>1867.7</ele>
    <time>2026-06-25T23:11:27Z</time>
   </trkpt>
   <trkpt lat="39.7709820" lon="-105.2052880">
    <ele>1867.3</ele>
    <time>2026-06-25T23:11:28Z</time>
   </trkpt>
   <trkpt lat="39.7709350" lon="-105.2052730">
    <ele>1866.8</ele>
    <time>2026-06-25T23:11:29Z</time>
   </trkpt>
   <trkpt lat="39.7708920" lon="-105.2052560">
    <ele>1866.4</ele>
    <time>2026-06-25T23:11:30Z</time>
   </trkpt>
   <trkpt lat="39.7708420" lon="-105.2052730">
    <ele>1866.0</ele>
    <time>2026-06-25T23:11:31Z</time>
   </trkpt>
   <trkpt lat="39.7708010" lon="-105.2053210">
    <ele>1865.6</ele>
    <time>2026-06-25T23:11:32Z</time>
   </trkpt>
   <trkpt lat="39.7707750" lon="-105.2053740">
    <ele>1865.4</ele>
    <time>2026-06-25T23:11:33Z</time>
   </trkpt>
   <trkpt lat="39.7707570" lon="-105.2054270">
    <ele>1865.3</ele>
    <time>2026-06-25T23:11:34Z</time>
   </trkpt>
   <trkpt lat="39.7707480" lon="-105.2054780">
    <ele>1865.2</ele>
    <time>2026-06-25T23:11:35Z</time>
   </trkpt>
   <trkpt lat="39.7707430" lon="-105.2055230">
    <ele>1865.2</ele>
    <time>2026-06-25T23:11:36Z</time>
   </trkpt>
   <trkpt lat="39.7707330" lon="-105.2055860">
    <ele>1865.3</ele>
    <time>2026-06-25T23:11:37Z</time>
   </trkpt>
   <trkpt lat="39.7707190" lon="-105.2056390">
    <ele>1865.4</ele>
    <time>2026-06-25T23:11:38Z</time>
   </trkpt>
   <trkpt lat="39.7707030" lon="-105.2056830">
    <ele>1865.4</ele>
    <time>2026-06-25T23:11:39Z</time>
   </trkpt>
   <trkpt lat="39.7707170" lon="-105.2057200">
    <ele>1865.5</ele>
    <time>2026-06-25T23:11:40Z</time>
   </trkpt>
   <trkpt lat="39.7707310" lon="-105.2057480">
    <ele>1865.6</ele>
    <time>2026-06-25T23:11:41Z</time>
   </trkpt>
   <trkpt lat="39.7707490" lon="-105.2057820">
    <ele>1865.7</ele>
    <time>2026-06-25T23:11:42Z</time>
   </trkpt>
   <trkpt lat="39.7707730" lon="-105.2058160">
    <ele>1865.8</ele>
    <time>2026-06-25T23:11:43Z</time>
   </trkpt>
   <trkpt lat="39.7707790" lon="-105.2058530">
    <ele>1865.8</ele>
    <time>2026-06-25T23:11:44Z</time>
   </trkpt>
   <trkpt lat="39.7707790" lon="-105.2058870">
    <ele>1865.9</ele>
    <time>2026-06-25T23:11:45Z</time>
   </trkpt>
   <trkpt lat="39.7707610" lon="-105.2059300">
    <ele>1866.0</ele>
    <time>2026-06-25T23:11:46Z</time>
   </trkpt>
   <trkpt lat="39.7707410" lon="-105.2059650">
    <ele>1866.0</ele>
    <time>2026-06-25T23:11:47Z</time>
   </trkpt>
   <trkpt lat="39.7707180" lon="-105.2060120">
    <ele>1866.1</ele>
    <time>2026-06-25T23:11:48Z</time>
   </trkpt>
   <trkpt lat="39.7707300" lon="-105.2060230">
    <ele>1866.1</ele>
    <time>2026-06-25T23:11:49Z</time>
   </trkpt>
   <trkpt lat="39.7707390" lon="-105.2060540">
    <ele>1866.0</ele>
    <time>2026-06-25T23:11:50Z</time>
   </trkpt>
   <trkpt lat="39.7707350" lon="-105.2060740">
    <ele>1866.0</ele>
    <time>2026-06-25T23:11:51Z</time>
   </trkpt>
   <trkpt lat="39.7707080" lon="-105.2061020">
    <ele>1866.0</ele>
    <time>2026-06-25T23:11:53Z</time>
   </trkpt>
   <trkpt lat="39.7707110" lon="-105.2061300">
    <ele>1865.9</ele>
    <time>2026-06-25T23:11:54Z</time>
   </trkpt>
   <trkpt lat="39.7707200" lon="-105.2061550">
    <ele>1865.9</ele>
    <time>2026-06-25T23:11:55Z</time>
   </trkpt>
   <trkpt lat="39.7707100" lon="-105.2061770">
    <ele>1865.8</ele>
    <time>2026-06-25T23:11:56Z</time>
   </trkpt>
   <trkpt lat="39.7706980" lon="-105.2062240">
    <ele>1865.6</ele>
    <time>2026-06-25T23:11:57Z</time>
   </trkpt>
   <trkpt lat="39.7707100" lon="-105.2062430">
    <ele>1865.5</ele>
    <time>2026-06-25T23:11:58Z</time>
   </trkpt>
   <trkpt lat="39.7706850" lon="-105.2062760">
    <ele>1865.3</ele>
    <time>2026-06-25T23:11:59Z</time>
   </trkpt>
   <trkpt lat="39.7706850" lon="-105.2062930">
    <ele>1865.3</ele>
    <time>2026-06-25T23:12:00Z</time>
   </trkpt>
   <trkpt lat="39.7706720" lon="-105.2063190">
    <ele>1865.1</ele>
    <time>2026-06-25T23:12:01Z</time>
   </trkpt>
   <trkpt lat="39.7706620" lon="-105.2063480">
    <ele>1865.0</ele>
    <time>2026-06-25T23:12:02Z</time>
   </trkpt>
   <trkpt lat="39.7706330" lon="-105.2063750">
    <ele>1864.7</ele>
    <time>2026-06-25T23:12:03Z</time>
   </trkpt>
   <trkpt lat="39.7706290" lon="-105.2064090">
    <ele>1864.5</ele>
    <time>2026-06-25T23:12:04Z</time>
   </trkpt>
   <trkpt lat="39.7706120" lon="-105.2064240">
    <ele>1864.4</ele>
    <time>2026-06-25T23:12:05Z</time>
   </trkpt>
   <trkpt lat="39.7706100" lon="-105.2064600">
    <ele>1864.2</ele>
    <time>2026-06-25T23:12:06Z</time>
   </trkpt>
   <trkpt lat="39.7705860" lon="-105.2065240">
    <ele>1863.9</ele>
    <time>2026-06-25T23:12:07Z</time>
   </trkpt>
   <trkpt lat="39.7705900" lon="-105.2065680">
    <ele>1863.7</ele>
    <time>2026-06-25T23:12:08Z</time>
   </trkpt>
   <trkpt lat="39.7705730" lon="-105.2066410">
    <ele>1863.4</ele>
    <time>2026-06-25T23:12:09Z</time>
   </trkpt>
   <trkpt lat="39.7705770" lon="-105.2067040">
    <ele>1863.2</ele>
    <time>2026-06-25T23:12:10Z</time>
   </trkpt>
   <trkpt lat="39.7705590" lon="-105.2067460">
    <ele>1863.0</ele>
    <time>2026-06-25T23:12:11Z</time>
   </trkpt>
   <trkpt lat="39.7705440" lon="-105.2067910">
    <ele>1862.8</ele>
    <time>2026-06-25T23:12:12Z</time>
   </trkpt>
   <trkpt lat="39.7705410" lon="-105.2068150">
    <ele>1862.7</ele>
    <time>2026-06-25T23:12:13Z</time>
   </trkpt>
   <trkpt lat="39.7705160" lon="-105.2068490">
    <ele>1862.5</ele>
    <time>2026-06-25T23:12:14Z</time>
   </trkpt>
   <trkpt lat="39.7705170" lon="-105.2068810">
    <ele>1862.3</ele>
    <time>2026-06-25T23:12:15Z</time>
   </trkpt>
   <trkpt lat="39.7705140" lon="-105.2069180">
    <ele>1862.1</ele>
    <time>2026-06-25T23:12:16Z</time>
   </trkpt>
   <trkpt lat="39.7705000" lon="-105.2069540">
    <ele>1861.8</ele>
    <time>2026-06-25T23:12:17Z</time>
   </trkpt>
   <trkpt lat="39.7704840" lon="-105.2069900">
    <ele>1861.6</ele>
    <time>2026-06-25T23:12:18Z</time>
   </trkpt>
   <trkpt lat="39.7704780" lon="-105.2070320">
    <ele>1861.4</ele>
    <time>2026-06-25T23:12:19Z</time>
   </trkpt>
   <trkpt lat="39.7704610" lon="-105.2070750">
    <ele>1861.1</ele>
    <time>2026-06-25T23:12:20Z</time>
   </trkpt>
   <trkpt lat="39.7704480" lon="-105.2071170">
    <ele>1860.9</ele>
    <time>2026-06-25T23:12:21Z</time>
   </trkpt>
   <trkpt lat="39.7704250" lon="-105.2071690">
    <ele>1860.7</ele>
    <time>2026-06-25T23:12:22Z</time>
   </trkpt>
   <trkpt lat="39.7704190" lon="-105.2072060">
    <ele>1860.5</ele>
    <time>2026-06-25T23:12:23Z</time>
   </trkpt>
   <trkpt lat="39.7703580" lon="-105.2072940">
    <ele>1860.1</ele>
    <time>2026-06-25T23:12:24Z</time>
   </trkpt>
   <trkpt lat="39.7703000" lon="-105.2073700">
    <ele>1859.7</ele>
    <time>2026-06-25T23:12:25Z</time>
   </trkpt>
   <trkpt lat="39.7702940" lon="-105.2073950">
    <ele>1859.5</ele>
    <time>2026-06-25T23:12:26Z</time>
   </trkpt>
   <trkpt lat="39.7702440" lon="-105.2074510">
    <ele>1859.0</ele>
    <time>2026-06-25T23:12:27Z</time>
   </trkpt>
   <trkpt lat="39.7702200" lon="-105.2074750">
    <ele>1858.7</ele>
    <time>2026-06-25T23:12:28Z</time>
   </trkpt>
   <trkpt lat="39.7701840" lon="-105.2075210">
    <ele>1858.2</ele>
    <time>2026-06-25T23:12:29Z</time>
   </trkpt>
   <trkpt lat="39.7701520" lon="-105.2075760">
    <ele>1857.5</ele>
    <time>2026-06-25T23:12:30Z</time>
   </trkpt>
   <trkpt lat="39.7701350" lon="-105.2076420">
    <ele>1856.8</ele>
    <time>2026-06-25T23:12:31Z</time>
   </trkpt>
   <trkpt lat="39.7701280" lon="-105.2076920">
    <ele>1856.3</ele>
    <time>2026-06-25T23:12:32Z</time>
   </trkpt>
   <trkpt lat="39.7701060" lon="-105.2077480">
    <ele>1855.7</ele>
    <time>2026-06-25T23:12:33Z</time>
   </trkpt>
   <trkpt lat="39.7700860" lon="-105.2077950">
    <ele>1855.1</ele>
    <time>2026-06-25T23:12:34Z</time>
   </trkpt>
   <trkpt lat="39.7700640" lon="-105.2078370">
    <ele>1854.6</ele>
    <time>2026-06-25T23:12:35Z</time>
   </trkpt>
   <trkpt lat="39.7700440" lon="-105.2078790">
    <ele>1854.2</ele>
    <time>2026-06-25T23:12:36Z</time>
   </trkpt>
   <trkpt lat="39.7700510" lon="-105.2079400">
    <ele>1853.6</ele>
    <time>2026-06-25T23:12:37Z</time>
   </trkpt>
   <trkpt lat="39.7700240" lon="-105.2079930">
    <ele>1853.0</ele>
    <time>2026-06-25T23:12:38Z</time>
   </trkpt>
   <trkpt lat="39.7700020" lon="-105.2080300">
    <ele>1852.6</ele>
    <time>2026-06-25T23:12:39Z</time>
   </trkpt>
   <trkpt lat="39.7700020" lon="-105.2080950">
    <ele>1852.0</ele>
    <time>2026-06-25T23:12:40Z</time>
   </trkpt>
   <trkpt lat="39.7700150" lon="-105.2081520">
    <ele>1851.5</ele>
    <time>2026-06-25T23:12:41Z</time>
   </trkpt>
   <trkpt lat="39.7700090" lon="-105.2082000">
    <ele>1851.1</ele>
    <time>2026-06-25T23:12:42Z</time>
   </trkpt>
   <trkpt lat="39.7700240" lon="-105.2082540">
    <ele>1850.6</ele>
    <time>2026-06-25T23:12:43Z</time>
   </trkpt>
   <trkpt lat="39.7700310" lon="-105.2083170">
    <ele>1850.2</ele>
    <time>2026-06-25T23:12:44Z</time>
   </trkpt>
   <trkpt lat="39.7700500" lon="-105.2083710">
    <ele>1849.9</ele>
    <time>2026-06-25T23:12:45Z</time>
   </trkpt>
   <trkpt lat="39.7700390" lon="-105.2084590">
    <ele>1849.5</ele>
    <time>2026-06-25T23:12:46Z</time>
   </trkpt>
   <trkpt lat="39.7700430" lon="-105.2085250">
    <ele>1849.2</ele>
    <time>2026-06-25T23:12:47Z</time>
   </trkpt>
   <trkpt lat="39.7700330" lon="-105.2086000">
    <ele>1849.0</ele>
    <time>2026-06-25T23:12:48Z</time>
   </trkpt>
   <trkpt lat="39.7700260" lon="-105.2086660">
    <ele>1848.9</ele>
    <time>2026-06-25T23:12:49Z</time>
   </trkpt>
   <trkpt lat="39.7700190" lon="-105.2087270">
    <ele>1848.8</ele>
    <time>2026-06-25T23:12:50Z</time>
   </trkpt>
   <trkpt lat="39.7699990" lon="-105.2087840">
    <ele>1848.7</ele>
    <time>2026-06-25T23:12:51Z</time>
   </trkpt>
   <trkpt lat="39.7699730" lon="-105.2088440">
    <ele>1848.6</ele>
    <time>2026-06-25T23:12:52Z</time>
   </trkpt>
   <trkpt lat="39.7699530" lon="-105.2089120">
    <ele>1848.5</ele>
    <time>2026-06-25T23:12:53Z</time>
   </trkpt>
   <trkpt lat="39.7699230" lon="-105.2089780">
    <ele>1848.4</ele>
    <time>2026-06-25T23:12:54Z</time>
   </trkpt>
   <trkpt lat="39.7699170" lon="-105.2090380">
    <ele>1848.4</ele>
    <time>2026-06-25T23:12:55Z</time>
   </trkpt>
   <trkpt lat="39.7699080" lon="-105.2091000">
    <ele>1848.4</ele>
    <time>2026-06-25T23:12:56Z</time>
   </trkpt>
   <trkpt lat="39.7699900" lon="-105.2091840">
    <ele>1848.4</ele>
    <time>2026-06-25T23:12:57Z</time>
   </trkpt>
   <trkpt lat="39.7699600" lon="-105.2092140">
    <ele>1848.4</ele>
    <time>2026-06-25T23:12:58Z</time>
   </trkpt>
   <trkpt lat="39.7699490" lon="-105.2092680">
    <ele>1848.5</ele>
    <time>2026-06-25T23:12:59Z</time>
   </trkpt>
   <trkpt lat="39.7699640" lon="-105.2093090">
    <ele>1848.5</ele>
    <time>2026-06-25T23:13:00Z</time>
   </trkpt>
   <trkpt lat="39.7699690" lon="-105.2093660">
    <ele>1848.5</ele>
    <time>2026-06-25T23:13:01Z</time>
   </trkpt>
   <trkpt lat="39.7699740" lon="-105.2094300">
    <ele>1848.5</ele>
    <time>2026-06-25T23:13:02Z</time>
   </trkpt>
   <trkpt lat="39.7699760" lon="-105.2094910">
    <ele>1848.6</ele>
    <time>2026-06-25T23:13:03Z</time>
   </trkpt>
   <trkpt lat="39.7699870" lon="-105.2095150">
    <ele>1848.6</ele>
    <time>2026-06-25T23:13:04Z</time>
   </trkpt>
   <trkpt lat="39.7699980" lon="-105.2095390">
    <ele>1848.6</ele>
    <time>2026-06-25T23:13:05Z</time>
   </trkpt>
   <trkpt lat="39.7700090" lon="-105.2095630">
    <ele>1848.7</ele>
    <time>2026-06-25T23:13:06Z</time>
   </trkpt>
   <trkpt lat="39.7700310" lon="-105.2095530">
    <ele>1848.7</ele>
    <time>2026-06-25T23:13:07Z</time>
   </trkpt>
   <trkpt lat="39.7700260" lon="-105.2095760">
    <ele>1848.7</ele>
    <time>2026-06-25T23:13:08Z</time>
   </trkpt>
   <trkpt lat="39.7700320" lon="-105.2095820">
    <ele>1848.7</ele>
    <time>2026-06-25T23:13:09Z</time>
   </trkpt>
   <trkpt lat="39.7700300" lon="-105.2095990">
    <ele>1848.7</ele>
    <time>2026-06-25T23:13:10Z</time>
   </trkpt>
   <trkpt lat="39.7700240" lon="-105.2096010">
    <ele>1848.8</ele>
    <time>2026-06-25T23:13:11Z</time>
   </trkpt>
   <trkpt lat="39.7700230" lon="-105.2096160">
    <ele>1848.8</ele>
    <time>2026-06-25T23:13:12Z</time>
   </trkpt>
   <trkpt lat="39.7700270" lon="-105.2096120">
    <ele>1848.8</ele>
    <time>2026-06-25T23:13:13Z</time>
   </trkpt>
   <trkpt lat="39.7700320" lon="-105.2096140">
    <ele>1848.8</ele>
    <time>2026-06-25T23:13:14Z</time>
   </trkpt>
   <trkpt lat="39.7700320" lon="-105.2096180">
    <ele>1848.8</ele>
    <time>2026-06-25T23:13:15Z</time>
   </trkpt>
   <trkpt lat="39.7700330" lon="-105.2096260">
    <ele>1848.8</ele>
    <time>2026-06-25T23:13:16Z</time>
   </trkpt>
   <trkpt lat="39.7700430" lon="-105.2096400">
    <ele>1848.8</ele>
    <time>2026-06-25T23:13:17Z</time>
   </trkpt>
   <trkpt lat="39.7700500" lon="-105.2096550">
    <ele>1848.8</ele>
    <time>2026-06-25T23:13:43Z</time>
   </trkpt>
   <trkpt lat="39.7700620" lon="-105.2096550">
    <ele>1848.9</ele>
    <time>2026-06-25T23:13:44Z</time>
   </trkpt>
   <trkpt lat="39.7700520" lon="-105.2096920">
    <ele>1848.9</ele>
    <time>2026-06-25T23:13:45Z</time>
   </trkpt>
   <trkpt lat="39.7700400" lon="-105.2096860">
    <ele>1848.9</ele>
    <time>2026-06-25T23:13:46Z</time>
   </trkpt>
   <trkpt lat="39.7700340" lon="-105.2096770">
    <ele>1848.9</ele>
    <time>2026-06-25T23:13:47Z</time>
   </trkpt>
   <trkpt lat="39.7700340" lon="-105.2096750">
    <ele>1848.9</ele>
    <time>2026-06-25T23:13:48Z</time>
   </trkpt>
   <trkpt lat="39.7700320" lon="-105.2096670">
    <ele>1848.9</ele>
    <time>2026-06-25T23:13:49Z</time>
   </trkpt>
   <trkpt lat="39.7700330" lon="-105.2096580">
    <ele>1848.9</ele>
    <time>2026-06-25T23:13:50Z</time>
   </trkpt>
   <trkpt lat="39.7700270" lon="-105.2096670">
    <ele>1849.0</ele>
    <time>2026-06-25T23:13:51Z</time>
   </trkpt>
   <trkpt lat="39.7700240" lon="-105.2096670">
    <ele>1849.0</ele>
    <time>2026-06-25T23:13:52Z</time>
   </trkpt>
   <trkpt lat="39.7700210" lon="-105.2096690">
    <ele>1849.0</ele>
    <time>2026-06-25T23:13:53Z</time>
   </trkpt>
   <trkpt lat="39.7700300" lon="-105.2096570">
    <ele>1849.0</ele>
    <time>2026-06-25T23:13:54Z</time>
   </trkpt>
   <trkpt lat="39.7700270" lon="-105.2096600">
    <ele>1849.0</ele>
    <time>2026-06-25T23:13:55Z</time>
   </trkpt>
   <trkpt lat="39.7700960" lon="-105.2096830">
    <ele>1849.2</ele>
    <time>2026-06-25T23:15:13Z</time>
   </trkpt>
   <trkpt lat="39.7701140" lon="-105.2096980">
    <ele>1849.2</ele>
    <time>2026-06-25T23:15:14Z</time>
   </trkpt>
   <trkpt lat="39.7701370" lon="-105.2097330">
    <ele>1849.4</ele>
    <time>2026-06-25T23:15:15Z</time>
   </trkpt>
   <trkpt lat="39.7701550" lon="-105.2097640">
    <ele>1849.5</ele>
    <time>2026-06-25T23:15:16Z</time>
   </trkpt>
   <trkpt lat="39.7701710" lon="-105.2097940">
    <ele>1849.7</ele>
    <time>2026-06-25T23:15:17Z</time>
   </trkpt>
   <trkpt lat="39.7701930" lon="-105.2098210">
    <ele>1849.8</ele>
    <time>2026-06-25T23:15:18Z</time>
   </trkpt>
   <trkpt lat="39.7702060" lon="-105.2098550">
    <ele>1850.0</ele>
    <time>2026-06-25T23:15:19Z</time>
   </trkpt>
   <trkpt lat="39.7702220" lon="-105.2098870">
    <ele>1850.1</ele>
    <time>2026-06-25T23:15:20Z</time>
   </trkpt>
   <trkpt lat="39.7702300" lon="-105.2099300">
    <ele>1850.3</ele>
    <time>2026-06-25T23:15:21Z</time>
   </trkpt>
   <trkpt lat="39.7702400" lon="-105.2099690">
    <ele>1850.5</ele>
    <time>2026-06-25T23:15:22Z</time>
   </trkpt>
   <trkpt lat="39.7702370" lon="-105.2100090">
    <ele>1850.6</ele>
    <time>2026-06-25T23:15:23Z</time>
   </trkpt>
   <trkpt lat="39.7702530" lon="-105.2100400">
    <ele>1850.8</ele>
    <time>2026-06-25T23:15:24Z</time>
   </trkpt>
   <trkpt lat="39.7702640" lon="-105.2100760">
    <ele>1851.0</ele>
    <time>2026-06-25T23:15:25Z</time>
   </trkpt>
   <trkpt lat="39.7702800" lon="-105.2101210">
    <ele>1851.2</ele>
    <time>2026-06-25T23:15:26Z</time>
   </trkpt>
   <trkpt lat="39.7703190" lon="-105.2101390">
    <ele>1851.5</ele>
    <time>2026-06-25T23:15:27Z</time>
   </trkpt>
   <trkpt lat="39.7703060" lon="-105.2101620">
    <ele>1851.6</ele>
    <time>2026-06-25T23:15:28Z</time>
   </trkpt>
   <trkpt lat="39.7703130" lon="-105.2101920">
    <ele>1851.8</ele>
    <time>2026-06-25T23:15:29Z</time>
   </trkpt>
   <trkpt lat="39.7703220" lon="-105.2102190">
    <ele>1851.9</ele>
    <time>2026-06-25T23:15:30Z</time>
   </trkpt>
   <trkpt lat="39.7703340" lon="-105.2102460">
    <ele>1852.1</ele>
    <time>2026-06-25T23:15:31Z</time>
   </trkpt>
   <trkpt lat="39.7703430" lon="-105.2102690">
    <ele>1852.2</ele>
    <time>2026-06-25T23:15:32Z</time>
   </trkpt>
   <trkpt lat="39.7703470" lon="-105.2102970">
    <ele>1852.4</ele>
    <time>2026-06-25T23:15:33Z</time>
   </trkpt>
   <trkpt lat="39.7703560" lon="-105.2103220">
    <ele>1852.5</ele>
    <time>2026-06-25T23:15:34Z</time>
   </trkpt>
   <trkpt lat="39.7703670" lon="-105.2103390">
    <ele>1852.6</ele>
    <time>2026-06-25T23:15:35Z</time>
   </trkpt>
   <trkpt lat="39.7703690" lon="-105.2103720">
    <ele>1852.8</ele>
    <time>2026-06-25T23:15:36Z</time>
   </trkpt>
   <trkpt lat="39.7703850" lon="-105.2103990">
    <ele>1853.0</ele>
    <time>2026-06-25T23:15:37Z</time>
   </trkpt>
   <trkpt lat="39.7703970" lon="-105.2104230">
    <ele>1853.2</ele>
    <time>2026-06-25T23:15:38Z</time>
   </trkpt>
   <trkpt lat="39.7704100" lon="-105.2104380">
    <ele>1853.4</ele>
    <time>2026-06-25T23:15:39Z</time>
   </trkpt>
   <trkpt lat="39.7704270" lon="-105.2104570">
    <ele>1853.5</ele>
    <time>2026-06-25T23:15:40Z</time>
   </trkpt>
   <trkpt lat="39.7704400" lon="-105.2104740">
    <ele>1853.7</ele>
    <time>2026-06-25T23:15:41Z</time>
   </trkpt>
   <trkpt lat="39.7704380" lon="-105.2105240">
    <ele>1854.0</ele>
    <time>2026-06-25T23:15:42Z</time>
   </trkpt>
   <trkpt lat="39.7704450" lon="-105.2105510">
    <ele>1854.3</ele>
    <time>2026-06-25T23:15:43Z</time>
   </trkpt>
   <trkpt lat="39.7704590" lon="-105.2105750">
    <ele>1854.5</ele>
    <time>2026-06-25T23:15:44Z</time>
   </trkpt>
   <trkpt lat="39.7704710" lon="-105.2106020">
    <ele>1854.7</ele>
    <time>2026-06-25T23:15:45Z</time>
   </trkpt>
   <trkpt lat="39.7705010" lon="-105.2106100">
    <ele>1855.0</ele>
    <time>2026-06-25T23:15:46Z</time>
   </trkpt>
   <trkpt lat="39.7705100" lon="-105.2106400">
    <ele>1855.3</ele>
    <time>2026-06-25T23:15:47Z</time>
   </trkpt>
   <trkpt lat="39.7705240" lon="-105.2106610">
    <ele>1855.5</ele>
    <time>2026-06-25T23:15:48Z</time>
   </trkpt>
   <trkpt lat="39.7705330" lon="-105.2107050">
    <ele>1855.9</ele>
    <time>2026-06-25T23:15:49Z</time>
   </trkpt>
   <trkpt lat="39.7705360" lon="-105.2107260">
    <ele>1856.1</ele>
    <time>2026-06-25T23:15:50Z</time>
   </trkpt>
   <trkpt lat="39.7705490" lon="-105.2107550">
    <ele>1856.4</ele>
    <time>2026-06-25T23:15:51Z</time>
   </trkpt>
   <trkpt lat="39.7705480" lon="-105.2107880">
    <ele>1856.7</ele>
    <time>2026-06-25T23:15:52Z</time>
   </trkpt>
   <trkpt lat="39.7705610" lon="-105.2108100">
    <ele>1856.9</ele>
    <time>2026-06-25T23:15:53Z</time>
   </trkpt>
   <trkpt lat="39.7705740" lon="-105.2108370">
    <ele>1857.2</ele>
    <time>2026-06-25T23:15:54Z</time>
   </trkpt>
   <trkpt lat="39.7705760" lon="-105.2108470">
    <ele>1857.3</ele>
    <time>2026-06-25T23:15:55Z</time>
   </trkpt>
   <trkpt lat="39.7705940" lon="-105.2108540">
    <ele>1857.5</ele>
    <time>2026-06-25T23:15:56Z</time>
   </trkpt>
   <trkpt lat="39.7706110" lon="-105.2108790">
    <ele>1857.8</ele>
    <time>2026-06-25T23:15:57Z</time>
   </trkpt>
   <trkpt lat="39.7706110" lon="-105.2108940">
    <ele>1857.9</ele>
    <time>2026-06-25T23:15:58Z</time>
   </trkpt>
   <trkpt lat="39.7706140" lon="-105.2109230">
    <ele>1858.2</ele>
    <time>2026-06-25T23:15:59Z</time>
   </trkpt>
   <trkpt lat="39.7706170" lon="-105.2109390">
    <ele>1858.4</ele>
    <time>2026-06-25T23:16:00Z</time>
   </trkpt>
   <trkpt lat="39.7706220" lon="-105.2109620">
    <ele>1858.6</ele>
    <time>2026-06-25T23:16:01Z</time>
   </trkpt>
   <trkpt lat="39.7706160" lon="-105.2109630">
    <ele>1858.7</ele>
    <time>2026-06-25T23:16:02Z</time>
   </trkpt>
   <trkpt lat="39.7706200" lon="-105.2109630">
    <ele>1858.7</ele>
    <time>2026-06-25T23:16:03Z</time>
   </trkpt>
   <trkpt lat="39.7706020" lon="-105.2109670">
    <ele>1858.9</ele>
    <time>2026-06-25T23:16:04Z</time>
   </trkpt>
   <trkpt lat="39.7706070" lon="-105.2109870">
    <ele>1859.1</ele>
    <time>2026-06-25T23:16:05Z</time>
   </trkpt>
   <trkpt lat="39.7706070" lon="-105.2110060">
    <ele>1859.3</ele>
    <time>2026-06-25T23:16:06Z</time>
   </trkpt>
   <trkpt lat="39.7706100" lon="-105.2110100">
    <ele>1859.3</ele>
    <time>2026-06-25T23:16:07Z</time>
   </trkpt>
   <trkpt lat="39.7706140" lon="-105.2110130">
    <ele>1859.4</ele>
    <time>2026-06-25T23:16:08Z</time>
   </trkpt>
   <trkpt lat="39.7706170" lon="-105.2110050">
    <ele>1859.5</ele>
    <time>2026-06-25T23:16:09Z</time>
   </trkpt>
   <trkpt lat="39.7706120" lon="-105.2110120">
    <ele>1859.6</ele>
    <time>2026-06-25T23:16:10Z</time>
   </trkpt>
   <trkpt lat="39.7706180" lon="-105.2110140">
    <ele>1859.7</ele>
    <time>2026-06-25T23:16:11Z</time>
   </trkpt>
   <trkpt lat="39.7706210" lon="-105.2110200">
    <ele>1859.7</ele>
    <time>2026-06-25T23:16:12Z</time>
   </trkpt>
   <trkpt lat="39.7706200" lon="-105.2110190">
    <ele>1859.7</ele>
    <time>2026-06-25T23:16:13Z</time>
   </trkpt>
   <trkpt lat="39.7706180" lon="-105.2110200">
    <ele>1859.8</ele>
    <time>2026-06-25T23:16:14Z</time>
   </trkpt>
   <trkpt lat="39.7706180" lon="-105.2110180">
    <ele>1859.8</ele>
    <time>2026-06-25T23:16:15Z</time>
   </trkpt>
   <trkpt lat="39.7706330" lon="-105.2110110">
    <ele>1860.0</ele>
    <time>2026-06-25T23:16:16Z</time>
   </trkpt>
   <trkpt lat="39.7706330" lon="-105.2110150">
    <ele>1860.0</ele>
    <time>2026-06-25T23:16:17Z</time>
   </trkpt>
   <trkpt lat="39.7706320" lon="-105.2110490">
    <ele>1860.3</ele>
    <time>2026-06-25T23:16:21Z</time>
   </trkpt>
   <trkpt lat="39.7706420" lon="-105.2110440">
    <ele>1860.5</ele>
    <time>2026-06-25T23:16:22Z</time>
   </trkpt>
   <trkpt lat="39.7706600" lon="-105.2110690">
    <ele>1860.8</ele>
    <time>2026-06-25T23:16:23Z</time>
   </trkpt>
   <trkpt lat="39.7706700" lon="-105.2110840">
    <ele>1861.0</ele>
    <time>2026-06-25T23:16:24Z</time>
   </trkpt>
   <trkpt lat="39.7706610" lon="-105.2110770">
    <ele>1861.1</ele>
    <time>2026-06-25T23:16:25Z</time>
   </trkpt>
   <trkpt lat="39.7706600" lon="-105.2110840">
    <ele>1861.2</ele>
    <time>2026-06-25T23:16:26Z</time>
   </trkpt>
   <trkpt lat="39.7706590" lon="-105.2110910">
    <ele>1861.3</ele>
    <time>2026-06-25T23:16:27Z</time>
   </trkpt>
   <trkpt lat="39.7706590" lon="-105.2111070">
    <ele>1861.4</ele>
    <time>2026-06-25T23:16:28Z</time>
   </trkpt>
   <trkpt lat="39.7706690" lon="-105.2111180">
    <ele>1861.6</ele>
    <time>2026-06-25T23:16:29Z</time>
   </trkpt>
   <trkpt lat="39.7706680" lon="-105.2111160">
    <ele>1861.6</ele>
    <time>2026-06-25T23:16:30Z</time>
   </trkpt>
   <trkpt lat="39.7706810" lon="-105.2111160">
    <ele>1861.8</ele>
    <time>2026-06-25T23:16:31Z</time>
   </trkpt>
   <trkpt lat="39.7706830" lon="-105.2111080">
    <ele>1861.9</ele>
    <time>2026-06-25T23:16:32Z</time>
   </trkpt>
   <trkpt lat="39.7706940" lon="-105.2111170">
    <ele>1862.1</ele>
    <time>2026-06-25T23:16:33Z</time>
   </trkpt>
   <trkpt lat="39.7706970" lon="-105.2110980">
    <ele>1862.3</ele>
    <time>2026-06-25T23:16:34Z</time>
   </trkpt>
   <trkpt lat="39.7707000" lon="-105.2110940">
    <ele>1862.3</ele>
    <time>2026-06-25T23:16:35Z</time>
   </trkpt>
   <trkpt lat="39.7706990" lon="-105.2110990">
    <ele>1862.4</ele>
    <time>2026-06-25T23:16:36Z</time>
   </trkpt>
   <trkpt lat="39.7706970" lon="-105.2111030">
    <ele>1862.4</ele>
    <time>2026-06-25T23:16:37Z</time>
   </trkpt>
   <trkpt lat="39.7706970" lon="-105.2111030">
    <ele>1862.4</ele>
    <time>2026-06-25T23:16:38Z</time>
   </trkpt>
   <trkpt lat="39.7706950" lon="-105.2111050">
    <ele>1862.5</ele>
    <time>2026-06-25T23:16:39Z</time>
   </trkpt>
   <trkpt lat="39.7706910" lon="-105.2111060">
    <ele>1862.5</ele>
    <time>2026-06-25T23:16:40Z</time>
   </trkpt>
   <trkpt lat="39.7706880" lon="-105.2111060">
    <ele>1862.6</ele>
    <time>2026-06-25T23:16:41Z</time>
   </trkpt>
   <trkpt lat="39.7706910" lon="-105.2111070">
    <ele>1862.6</ele>
    <time>2026-06-25T23:16:42Z</time>
   </trkpt>
   <trkpt lat="39.7706900" lon="-105.2111070">
    <ele>1862.6</ele>
    <time>2026-06-25T23:16:43Z</time>
   </trkpt>
   <trkpt lat="39.7706900" lon="-105.2111070">
    <ele>1862.6</ele>
    <time>2026-06-25T23:16:44Z</time>
   </trkpt>
   <trkpt lat="39.7707260" lon="-105.2112740">
    <ele>1864.4</ele>
    <time>2026-06-25T23:17:15Z</time>
   </trkpt>
   <trkpt lat="39.7707400" lon="-105.2112930">
    <ele>1864.6</ele>
    <time>2026-06-25T23:17:16Z</time>
   </trkpt>
   <trkpt lat="39.7707560" lon="-105.2113050">
    <ele>1864.9</ele>
    <time>2026-06-25T23:17:17Z</time>
   </trkpt>
   <trkpt lat="39.7707610" lon="-105.2113050">
    <ele>1865.0</ele>
    <time>2026-06-25T23:17:18Z</time>
   </trkpt>
   <trkpt lat="39.7707620" lon="-105.2113080">
    <ele>1865.0</ele>
    <time>2026-06-25T23:17:19Z</time>
   </trkpt>
   <trkpt lat="39.7707540" lon="-105.2113110">
    <ele>1865.1</ele>
    <time>2026-06-25T23:17:20Z</time>
   </trkpt>
   <trkpt lat="39.7707390" lon="-105.2113180">
    <ele>1865.3</ele>
    <time>2026-06-25T23:17:21Z</time>
   </trkpt>
   <trkpt lat="39.7707310" lon="-105.2113170">
    <ele>1865.4</ele>
    <time>2026-06-25T23:17:22Z</time>
   </trkpt>
   <trkpt lat="39.7707240" lon="-105.2113180">
    <ele>1865.5</ele>
    <time>2026-06-25T23:17:23Z</time>
   </trkpt>
   <trkpt lat="39.7707280" lon="-105.2113250">
    <ele>1865.6</ele>
    <time>2026-06-25T23:17:24Z</time>
   </trkpt>
   <trkpt lat="39.7707220" lon="-105.2113230">
    <ele>1865.7</ele>
    <time>2026-06-25T23:17:25Z</time>
   </trkpt>
   <trkpt lat="39.7707140" lon="-105.2113320">
    <ele>1865.8</ele>
    <time>2026-06-25T23:17:26Z</time>
   </trkpt>
   <trkpt lat="39.7707290" lon="-105.2113310">
    <ele>1866.0</ele>
    <time>2026-06-25T23:17:27Z</time>
   </trkpt>
   <trkpt lat="39.7707290" lon="-105.2113460">
    <ele>1866.2</ele>
    <time>2026-06-25T23:17:28Z</time>
   </trkpt>
   <trkpt lat="39.7707250" lon="-105.2113650">
    <ele>1866.4</ele>
    <time>2026-06-25T23:17:29Z</time>
   </trkpt>
   <trkpt lat="39.7707480" lon="-105.2113850">
    <ele>1866.8</ele>
    <time>2026-06-25T23:17:30Z</time>
   </trkpt>
   <trkpt lat="39.7707590" lon="-105.2114120">
    <ele>1867.1</ele>
    <time>2026-06-25T23:17:31Z</time>
   </trkpt>
   <trkpt lat="39.7707610" lon="-105.2114230">
    <ele>1867.2</ele>
    <time>2026-06-25T23:17:32Z</time>
   </trkpt>
   <trkpt lat="39.7707620" lon="-105.2114340">
    <ele>1867.3</ele>
    <time>2026-06-25T23:17:33Z</time>
   </trkpt>
   <trkpt lat="39.7707730" lon="-105.2114470">
    <ele>1867.5</ele>
    <time>2026-06-25T23:17:34Z</time>
   </trkpt>
   <trkpt lat="39.7707740" lon="-105.2114670">
    <ele>1867.7</ele>
    <time>2026-06-25T23:17:35Z</time>
   </trkpt>
   <trkpt lat="39.7707600" lon="-105.2114850">
    <ele>1867.9</ele>
    <time>2026-06-25T23:17:36Z</time>
   </trkpt>
   <trkpt lat="39.7707560" lon="-105.2115030">
    <ele>1868.1</ele>
    <time>2026-06-25T23:17:37Z</time>
   </trkpt>
   <trkpt lat="39.7707600" lon="-105.2115010">
    <ele>1868.2</ele>
    <time>2026-06-25T23:17:38Z</time>
   </trkpt>
   <trkpt lat="39.7707580" lon="-105.2115100">
    <ele>1868.3</ele>
    <time>2026-06-25T23:17:39Z</time>
   </trkpt>
   <trkpt lat="39.7707580" lon="-105.2115040">
    <ele>1868.3</ele>
    <time>2026-06-25T23:17:40Z</time>
   </trkpt>
   <trkpt lat="39.7707600" lon="-105.2115000">
    <ele>1868.4</ele>
    <time>2026-06-25T23:17:41Z</time>
   </trkpt>
   <trkpt lat="39.7707570" lon="-105.2115010">
    <ele>1868.4</ele>
    <time>2026-06-25T23:17:42Z</time>
   </trkpt>
   <trkpt lat="39.7707570" lon="-105.2115020">
    <ele>1868.4</ele>
    <time>2026-06-25T23:17:43Z</time>
   </trkpt>
   <trkpt lat="39.7707560" lon="-105.2115070">
    <ele>1868.5</ele>
    <time>2026-06-25T23:17:44Z</time>
   </trkpt>
   <trkpt lat="39.7707530" lon="-105.2115050">
    <ele>1868.5</ele>
    <time>2026-06-25T23:17:45Z</time>
   </trkpt>
   <trkpt lat="39.7707520" lon="-105.2115090">
    <ele>1868.6</ele>
    <time>2026-06-25T23:17:46Z</time>
   </trkpt>
   <trkpt lat="39.7707500" lon="-105.2115120">
    <ele>1868.6</ele>
    <time>2026-06-25T23:17:47Z</time>
   </trkpt>
   <trkpt lat="39.7707510" lon="-105.2115120">
    <ele>1868.6</ele>
    <time>2026-06-25T23:17:48Z</time>
   </trkpt>
   <trkpt lat="39.7707470" lon="-105.2115070">
    <ele>1868.7</ele>
    <time>2026-06-25T23:17:49Z</time>
   </trkpt>
   <trkpt lat="39.7707600" lon="-105.2115390">
    <ele>1869.1</ele>
    <time>2026-06-25T23:18:23Z</time>
   </trkpt>
   <trkpt lat="39.7707640" lon="-105.2115530">
    <ele>1869.2</ele>
    <time>2026-06-25T23:18:24Z</time>
   </trkpt>
   <trkpt lat="39.7707670" lon="-105.2115700">
    <ele>1869.4</ele>
    <time>2026-06-25T23:18:25Z</time>
   </trkpt>
   <trkpt lat="39.7707720" lon="-105.2115970">
    <ele>1869.6</ele>
    <time>2026-06-25T23:18:26Z</time>
   </trkpt>
   <trkpt lat="39.7707860" lon="-105.2116190">
    <ele>1869.9</ele>
    <time>2026-06-25T23:18:27Z</time>
   </trkpt>
   <trkpt lat="39.7707930" lon="-105.2116320">
    <ele>1870.1</ele>
    <time>2026-06-25T23:18:28Z</time>
   </trkpt>
   <trkpt lat="39.7707980" lon="-105.2116670">
    <ele>1870.4</ele>
    <time>2026-06-25T23:18:29Z</time>
   </trkpt>
   <trkpt lat="39.7708000" lon="-105.2116730">
    <ele>1870.5</ele>
    <time>2026-06-25T23:18:30Z</time>
   </trkpt>
   <trkpt lat="39.7708110" lon="-105.2116630">
    <ele>1870.6</ele>
    <time>2026-06-25T23:18:31Z</time>
   </trkpt>
   <trkpt lat="39.7708120" lon="-105.2116660">
    <ele>1870.7</ele>
    <time>2026-06-25T23:18:32Z</time>
   </trkpt>
   <trkpt lat="39.7708100" lon="-105.2116660">
    <ele>1870.7</ele>
    <time>2026-06-25T23:18:33Z</time>
   </trkpt>
   <trkpt lat="39.7708020" lon="-105.2116650">
    <ele>1870.8</ele>
    <time>2026-06-25T23:18:34Z</time>
   </trkpt>
   <trkpt lat="39.7708040" lon="-105.2116660">
    <ele>1870.8</ele>
    <time>2026-06-25T23:18:35Z</time>
   </trkpt>
   <trkpt lat="39.7708010" lon="-105.2116700">
    <ele>1870.9</ele>
    <time>2026-06-25T23:18:36Z</time>
   </trkpt>
   <trkpt lat="39.7708070" lon="-105.2116770">
    <ele>1871.0</ele>
    <time>2026-06-25T23:18:37Z</time>
   </trkpt>
   <trkpt lat="39.7708130" lon="-105.2116850">
    <ele>1871.1</ele>
    <time>2026-06-25T23:18:38Z</time>
   </trkpt>
   <trkpt lat="39.7708100" lon="-105.2116930">
    <ele>1871.2</ele>
    <time>2026-06-25T23:18:39Z</time>
   </trkpt>
   <trkpt lat="39.7708160" lon="-105.2116990">
    <ele>1871.3</ele>
    <time>2026-06-25T23:18:40Z</time>
   </trkpt>
   <trkpt lat="39.7708310" lon="-105.2117650">
    <ele>1871.9</ele>
    <time>2026-06-25T23:18:48Z</time>
   </trkpt>
   <trkpt lat="39.7708170" lon="-105.2117780">
    <ele>1872.1</ele>
    <time>2026-06-25T23:18:49Z</time>
   </trkpt>
   <trkpt lat="39.7708220" lon="-105.2117800">
    <ele>1872.2</ele>
    <time>2026-06-25T23:18:50Z</time>
   </trkpt>
   <trkpt lat="39.7708250" lon="-105.2118120">
    <ele>1872.5</ele>
    <time>2026-06-25T23:18:51Z</time>
   </trkpt>
   <trkpt lat="39.7708270" lon="-105.2118500">
    <ele>1872.8</ele>
    <time>2026-06-25T23:18:52Z</time>
   </trkpt>
   <trkpt lat="39.7708410" lon="-105.2118640">
    <ele>1873.1</ele>
    <time>2026-06-25T23:18:53Z</time>
   </trkpt>
   <trkpt lat="39.7708480" lon="-105.2118990">
    <ele>1873.4</ele>
    <time>2026-06-25T23:18:54Z</time>
   </trkpt>
   <trkpt lat="39.7708430" lon="-105.2119060">
    <ele>1873.5</ele>
    <time>2026-06-25T23:18:55Z</time>
   </trkpt>
   <trkpt lat="39.7708430" lon="-105.2119250">
    <ele>1873.7</ele>
    <time>2026-06-25T23:18:56Z</time>
   </trkpt>
   <trkpt lat="39.7708340" lon="-105.2119460">
    <ele>1873.9</ele>
    <time>2026-06-25T23:18:57Z</time>
   </trkpt>
   <trkpt lat="39.7708260" lon="-105.2119670">
    <ele>1874.1</ele>
    <time>2026-06-25T23:18:58Z</time>
   </trkpt>
   <trkpt lat="39.7708130" lon="-105.2119800">
    <ele>1874.3</ele>
    <time>2026-06-25T23:18:59Z</time>
   </trkpt>
   <trkpt lat="39.7708210" lon="-105.2120050">
    <ele>1874.6</ele>
    <time>2026-06-25T23:19:00Z</time>
   </trkpt>
   <trkpt lat="39.7708460" lon="-105.2120410">
    <ele>1875.1</ele>
    <time>2026-06-25T23:19:01Z</time>
   </trkpt>
   <trkpt lat="39.7708450" lon="-105.2120550">
    <ele>1875.2</ele>
    <time>2026-06-25T23:19:02Z</time>
   </trkpt>
   <trkpt lat="39.7708560" lon="-105.2120780">
    <ele>1875.5</ele>
    <time>2026-06-25T23:19:03Z</time>
   </trkpt>
   <trkpt lat="39.7708540" lon="-105.2120990">
    <ele>1875.7</ele>
    <time>2026-06-25T23:19:04Z</time>
   </trkpt>
   <trkpt lat="39.7708540" lon="-105.2121160">
    <ele>1875.8</ele>
    <time>2026-06-25T23:19:05Z</time>
   </trkpt>
   <trkpt lat="39.7708440" lon="-105.2121460">
    <ele>1876.1</ele>
    <time>2026-06-25T23:19:06Z</time>
   </trkpt>
   <trkpt lat="39.7708410" lon="-105.2121610">
    <ele>1876.3</ele>
    <time>2026-06-25T23:19:07Z</time>
   </trkpt>
   <trkpt lat="39.7708520" lon="-105.2121750">
    <ele>1876.5</ele>
    <time>2026-06-25T23:19:08Z</time>
   </trkpt>
   <trkpt lat="39.7708560" lon="-105.2122060">
    <ele>1876.8</ele>
    <time>2026-06-25T23:19:09Z</time>
   </trkpt>
   <trkpt lat="39.7708580" lon="-105.2122230">
    <ele>1876.9</ele>
    <time>2026-06-25T23:19:10Z</time>
   </trkpt>
   <trkpt lat="39.7708530" lon="-105.2122440">
    <ele>1877.2</ele>
    <time>2026-06-25T23:19:11Z</time>
   </trkpt>
   <trkpt lat="39.7708560" lon="-105.2122620">
    <ele>1877.3</ele>
    <time>2026-06-25T23:19:12Z</time>
   </trkpt>
   <trkpt lat="39.7708580" lon="-105.2122830">
    <ele>1877.5</ele>
    <time>2026-06-25T23:19:13Z</time>
   </trkpt>
   <trkpt lat="39.7708710" lon="-105.2123020">
    <ele>1877.8</ele>
    <time>2026-06-25T23:19:14Z</time>
   </trkpt>
   <trkpt lat="39.7708740" lon="-105.2123130">
    <ele>1877.9</ele>
    <time>2026-06-25T23:19:15Z</time>
   </trkpt>
   <trkpt lat="39.7708780" lon="-105.2123500">
    <ele>1878.2</ele>
    <time>2026-06-25T23:19:16Z</time>
   </trkpt>
   <trkpt lat="39.7708780" lon="-105.2123600">
    <ele>1878.3</ele>
    <time>2026-06-25T23:19:17Z</time>
   </trkpt>
   <trkpt lat="39.7708760" lon="-105.2123930">
    <ele>1878.6</ele>
    <time>2026-06-25T23:19:18Z</time>
   </trkpt>
   <trkpt lat="39.7708730" lon="-105.2124060">
    <ele>1878.8</ele>
    <time>2026-06-25T23:19:19Z</time>
   </trkpt>
   <trkpt lat="39.7708780" lon="-105.2124310">
    <ele>1879.0</ele>
    <time>2026-06-25T23:19:20Z</time>
   </trkpt>
   <trkpt lat="39.7708700" lon="-105.2124450">
    <ele>1879.2</ele>
    <time>2026-06-25T23:19:21Z</time>
   </trkpt>
   <trkpt lat="39.7708690" lon="-105.2124640">
    <ele>1879.3</ele>
    <time>2026-06-25T23:19:22Z</time>
   </trkpt>
   <trkpt lat="39.7708960" lon="-105.2125030">
    <ele>1879.8</ele>
    <time>2026-06-25T23:19:23Z</time>
   </trkpt>
   <trkpt lat="39.7709070" lon="-105.2125020">
    <ele>1879.9</ele>
    <time>2026-06-25T23:19:24Z</time>
   </trkpt>
   <trkpt lat="39.7709100" lon="-105.2125220">
    <ele>1880.1</ele>
    <time>2026-06-25T23:19:25Z</time>
   </trkpt>
   <trkpt lat="39.7709080" lon="-105.2125670">
    <ele>1880.5</ele>
    <time>2026-06-25T23:19:26Z</time>
   </trkpt>
   <trkpt lat="39.7709230" lon="-105.2125670">
    <ele>1880.7</ele>
    <time>2026-06-25T23:19:27Z</time>
   </trkpt>
   <trkpt lat="39.7709170" lon="-105.2125590">
    <ele>1880.8</ele>
    <time>2026-06-25T23:19:28Z</time>
   </trkpt>
   <trkpt lat="39.7709090" lon="-105.2125550">
    <ele>1880.9</ele>
    <time>2026-06-25T23:19:29Z</time>
   </trkpt>
   <trkpt lat="39.7709070" lon="-105.2125580">
    <ele>1880.9</ele>
    <time>2026-06-25T23:19:30Z</time>
   </trkpt>
   <trkpt lat="39.7708870" lon="-105.2125580">
    <ele>1881.2</ele>
    <time>2026-06-25T23:19:31Z</time>
   </trkpt>
   <trkpt lat="39.7708900" lon="-105.2125680">
    <ele>1881.3</ele>
    <time>2026-06-25T23:19:32Z</time>
   </trkpt>
   <trkpt lat="39.7708800" lon="-105.2125790">
    <ele>1881.4</ele>
    <time>2026-06-25T23:19:33Z</time>
   </trkpt>
   <trkpt lat="39.7708820" lon="-105.2125810">
    <ele>1881.4</ele>
    <time>2026-06-25T23:19:34Z</time>
   </trkpt>
   <trkpt lat="39.7708830" lon="-105.2125860">
    <ele>1881.5</ele>
    <time>2026-06-25T23:19:35Z</time>
   </trkpt>
   <trkpt lat="39.7708790" lon="-105.2125930">
    <ele>1881.6</ele>
    <time>2026-06-25T23:19:36Z</time>
   </trkpt>
   <trkpt lat="39.7708770" lon="-105.2125920">
    <ele>1881.6</ele>
    <time>2026-06-25T23:19:37Z</time>
   </trkpt>
   <trkpt lat="39.7708760" lon="-105.2125900">
    <ele>1881.6</ele>
    <time>2026-06-25T23:19:38Z</time>
   </trkpt>
   <trkpt lat="39.7708740" lon="-105.2125800">
    <ele>1881.7</ele>
    <time>2026-06-25T23:19:39Z</time>
   </trkpt>
   <trkpt lat="39.7708800" lon="-105.2125810">
    <ele>1881.8</ele>
    <time>2026-06-25T23:19:40Z</time>
   </trkpt>
   <trkpt lat="39.7708800" lon="-105.2125810">
    <ele>1881.8</ele>
    <time>2026-06-25T23:19:41Z</time>
   </trkpt>
   <trkpt lat="39.7708870" lon="-105.2126660">
    <ele>1882.5</ele>
    <time>2026-06-25T23:21:47Z</time>
   </trkpt>
   <trkpt lat="39.7708920" lon="-105.2126800">
    <ele>1882.7</ele>
    <time>2026-06-25T23:21:48Z</time>
   </trkpt>
   <trkpt lat="39.7708990" lon="-105.2126960">
    <ele>1882.8</ele>
    <time>2026-06-25T23:21:49Z</time>
   </trkpt>
   <trkpt lat="39.7708990" lon="-105.2126390">
    <ele>1883.3</ele>
    <time>2026-06-25T23:21:50Z</time>
   </trkpt>
   <trkpt lat="39.7708840" lon="-105.2126240">
    <ele>1883.6</ele>
    <time>2026-06-25T23:21:51Z</time>
   </trkpt>
   <trkpt lat="39.7708800" lon="-105.2126180">
    <ele>1883.7</ele>
    <time>2026-06-25T23:21:52Z</time>
   </trkpt>
   <trkpt lat="39.7708660" lon="-105.2126310">
    <ele>1883.9</ele>
    <time>2026-06-25T23:21:53Z</time>
   </trkpt>
   <trkpt lat="39.7708710" lon="-105.2126050">
    <ele>1883.7</ele>
    <time>2026-06-25T23:21:54Z</time>
   </trkpt>
   <trkpt lat="39.7708710" lon="-105.2126050">
    <ele>1883.7</ele>
    <time>2026-06-25T23:21:55Z</time>
   </trkpt>
   <trkpt lat="39.7708710" lon="-105.2126050">
    <ele>1883.7</ele>
    <time>2026-06-25T23:21:56Z</time>
   </trkpt>
   <trkpt lat="39.7708710" lon="-105.2126050">
    <ele>1883.7</ele>
    <time>2026-06-25T23:21:57Z</time>
   </trkpt>
   <trkpt lat="39.7708710" lon="-105.2126050">
    <ele>1883.7</ele>
    <time>2026-06-25T23:21:58Z</time>
   </trkpt>
   <trkpt lat="39.7708540" lon="-105.2126100">
    <ele>1883.4</ele>
    <time>2026-06-25T23:21:59Z</time>
   </trkpt>
   <trkpt lat="39.7708540" lon="-105.2126090">
    <ele>1883.4</ele>
    <time>2026-06-25T23:22:00Z</time>
   </trkpt>
   <trkpt lat="39.7708460" lon="-105.2126120">
    <ele>1883.3</ele>
    <time>2026-06-25T23:22:01Z</time>
   </trkpt>
   <trkpt lat="39.7708420" lon="-105.2126160">
    <ele>1883.2</ele>
    <time>2026-06-25T23:22:02Z</time>
   </trkpt>
   <trkpt lat="39.7708410" lon="-105.2126190">
    <ele>1883.2</ele>
    <time>2026-06-25T23:22:03Z</time>
   </trkpt>
   <trkpt lat="39.7708070" lon="-105.2126200">
    <ele>1882.7</ele>
    <time>2026-06-25T23:22:06Z</time>
   </trkpt>
   <trkpt lat="39.7708380" lon="-105.2126180">
    <ele>1882.3</ele>
    <time>2026-06-25T23:22:07Z</time>
   </trkpt>
   <trkpt lat="39.7708490" lon="-105.2126160">
    <ele>1882.2</ele>
    <time>2026-06-25T23:22:08Z</time>
   </trkpt>
   <trkpt lat="39.7708610" lon="-105.2126150">
    <ele>1882.0</ele>
    <time>2026-06-25T23:22:09Z</time>
   </trkpt>
   <trkpt lat="39.7708670" lon="-105.2126100">
    <ele>1881.9</ele>
    <time>2026-06-25T23:22:10Z</time>
   </trkpt>
   <trkpt lat="39.7708750" lon="-105.2126120">
    <ele>1881.8</ele>
    <time>2026-06-25T23:22:11Z</time>
   </trkpt>
   <trkpt lat="39.7708810" lon="-105.2126170">
    <ele>1881.7</ele>
    <time>2026-06-25T23:22:12Z</time>
   </trkpt>
   <trkpt lat="39.7708770" lon="-105.2126130">
    <ele>1881.7</ele>
    <time>2026-06-25T23:22:13Z</time>
   </trkpt>
   <trkpt lat="39.7708920" lon="-105.2125700">
    <ele>1881.2</ele>
    <time>2026-06-25T23:22:14Z</time>
   </trkpt>
   <trkpt lat="39.7708910" lon="-105.2125790">
    <ele>1881.1</ele>
    <time>2026-06-25T23:22:15Z</time>
   </trkpt>
   <trkpt lat="39.7708880" lon="-105.2125810">
    <ele>1881.1</ele>
    <time>2026-06-25T23:22:16Z</time>
   </trkpt>
   <trkpt lat="39.7709010" lon="-105.2125900">
    <ele>1880.9</ele>
    <time>2026-06-25T23:22:17Z</time>
   </trkpt>
   <trkpt lat="39.7708980" lon="-105.2125860">
    <ele>1880.8</ele>
    <time>2026-06-25T23:22:18Z</time>
   </trkpt>
   <trkpt lat="39.7708940" lon="-105.2125860">
    <ele>1880.8</ele>
    <time>2026-06-25T23:22:19Z</time>
   </trkpt>
   <trkpt lat="39.7708870" lon="-105.2125730">
    <ele>1880.6</ele>
    <time>2026-06-25T23:22:20Z</time>
   </trkpt>
   <trkpt lat="39.7708820" lon="-105.2125860">
    <ele>1880.5</ele>
    <time>2026-06-25T23:22:21Z</time>
   </trkpt>
   <trkpt lat="39.7708630" lon="-105.2125750">
    <ele>1880.2</ele>
    <time>2026-06-25T23:22:22Z</time>
   </trkpt>
   <trkpt lat="39.7708600" lon="-105.2125760">
    <ele>1880.2</ele>
    <time>2026-06-25T23:22:23Z</time>
   </trkpt>
   <trkpt lat="39.7708690" lon="-105.2125820">
    <ele>1880.0</ele>
    <time>2026-06-25T23:22:24Z</time>
   </trkpt>
   <trkpt lat="39.7708650" lon="-105.2125790">
    <ele>1880.0</ele>
    <time>2026-06-25T23:22:25Z</time>
   </trkpt>
   <trkpt lat="39.7708680" lon="-105.2125800">
    <ele>1879.9</ele>
    <time>2026-06-25T23:22:26Z</time>
   </trkpt>
   <trkpt lat="39.7708590" lon="-105.2125760">
    <ele>1879.8</ele>
    <time>2026-06-25T23:22:27Z</time>
   </trkpt>
   <trkpt lat="39.7708600" lon="-105.2125770">
    <ele>1879.8</ele>
    <time>2026-06-25T23:22:28Z</time>
   </trkpt>
   <trkpt lat="39.7708600" lon="-105.2125770">
    <ele>1879.8</ele>
    <time>2026-06-25T23:22:29Z</time>
   </trkpt>
   <trkpt lat="39.7708470" lon="-105.2125800">
    <ele>1879.6</ele>
    <time>2026-06-25T23:22:30Z</time>
   </trkpt>
   <trkpt lat="39.7708400" lon="-105.2125780">
    <ele>1879.5</ele>
    <time>2026-06-25T23:22:31Z</time>
   </trkpt>
   <trkpt lat="39.7708430" lon="-105.2125790">
    <ele>1879.5</ele>
    <time>2026-06-25T23:22:32Z</time>
   </trkpt>
   <trkpt lat="39.7708400" lon="-105.2125810">
    <ele>1879.4</ele>
    <time>2026-06-25T23:22:33Z</time>
   </trkpt>
   <trkpt lat="39.7708330" lon="-105.2125220">
    <ele>1878.8</ele>
    <time>2026-06-25T23:22:41Z</time>
   </trkpt>
   <trkpt lat="39.7708250" lon="-105.2125060">
    <ele>1878.6</ele>
    <time>2026-06-25T23:22:42Z</time>
   </trkpt>
   <trkpt lat="39.7708140" lon="-105.2124790">
    <ele>1878.3</ele>
    <time>2026-06-25T23:22:43Z</time>
   </trkpt>
   <trkpt lat="39.7708030" lon="-105.2124580">
    <ele>1878.0</ele>
    <time>2026-06-25T23:22:44Z</time>
   </trkpt>
   <trkpt lat="39.7708010" lon="-105.2124240">
    <ele>1877.6</ele>
    <time>2026-06-25T23:22:45Z</time>
   </trkpt>
   <trkpt lat="39.7708070" lon="-105.2123960">
    <ele>1877.3</ele>
    <time>2026-06-25T23:22:46Z</time>
   </trkpt>
   <trkpt lat="39.7708130" lon="-105.2123630">
    <ele>1877.0</ele>
    <time>2026-06-25T23:22:47Z</time>
   </trkpt>
   <trkpt lat="39.7708160" lon="-105.2123270">
    <ele>1876.6</ele>
    <time>2026-06-25T23:22:48Z</time>
   </trkpt>
   <trkpt lat="39.7708190" lon="-105.2123020">
    <ele>1876.3</ele>
    <time>2026-06-25T23:22:49Z</time>
   </trkpt>
   <trkpt lat="39.7708160" lon="-105.2122830">
    <ele>1876.1</ele>
    <time>2026-06-25T23:22:50Z</time>
   </trkpt>
   <trkpt lat="39.7708130" lon="-105.2122730">
    <ele>1876.0</ele>
    <time>2026-06-25T23:22:51Z</time>
   </trkpt>
   <trkpt lat="39.7708100" lon="-105.2122560">
    <ele>1875.8</ele>
    <time>2026-06-25T23:22:52Z</time>
   </trkpt>
   <trkpt lat="39.7708070" lon="-105.2122300">
    <ele>1875.5</ele>
    <time>2026-06-25T23:22:53Z</time>
   </trkpt>
   <trkpt lat="39.7708030" lon="-105.2122030">
    <ele>1875.2</ele>
    <time>2026-06-25T23:22:54Z</time>
   </trkpt>
   <trkpt lat="39.7708010" lon="-105.2121660">
    <ele>1874.8</ele>
    <time>2026-06-25T23:22:55Z</time>
   </trkpt>
   <trkpt lat="39.7708040" lon="-105.2121220">
    <ele>1874.3</ele>
    <time>2026-06-25T23:22:56Z</time>
   </trkpt>
   <trkpt lat="39.7708120" lon="-105.2120760">
    <ele>1873.8</ele>
    <time>2026-06-25T23:22:57Z</time>
   </trkpt>
   <trkpt lat="39.7708030" lon="-105.2120500">
    <ele>1873.5</ele>
    <time>2026-06-25T23:22:58Z</time>
   </trkpt>
   <trkpt lat="39.7707950" lon="-105.2120140">
    <ele>1873.1</ele>
    <time>2026-06-25T23:22:59Z</time>
   </trkpt>
   <trkpt lat="39.7707900" lon="-105.2119860">
    <ele>1872.8</ele>
    <time>2026-06-25T23:23:00Z</time>
   </trkpt>
   <trkpt lat="39.7707930" lon="-105.2119640">
    <ele>1872.6</ele>
    <time>2026-06-25T23:23:01Z</time>
   </trkpt>
   <trkpt lat="39.7708060" lon="-105.2119530">
    <ele>1872.3</ele>
    <time>2026-06-25T23:23:02Z</time>
   </trkpt>
   <trkpt lat="39.7708310" lon="-105.2119070">
    <ele>1871.7</ele>
    <time>2026-06-25T23:23:03Z</time>
   </trkpt>
   <trkpt lat="39.7708180" lon="-105.2118650">
    <ele>1871.3</ele>
    <time>2026-06-25T23:23:04Z</time>
   </trkpt>
   <trkpt lat="39.7707970" lon="-105.2118270">
    <ele>1870.8</ele>
    <time>2026-06-25T23:23:05Z</time>
   </trkpt>
   <trkpt lat="39.7707860" lon="-105.2117630">
    <ele>1870.1</ele>
    <time>2026-06-25T23:23:06Z</time>
   </trkpt>
   <trkpt lat="39.7707730" lon="-105.2117220">
    <ele>1869.6</ele>
    <time>2026-06-25T23:23:07Z</time>
   </trkpt>
   <trkpt lat="39.7707670" lon="-105.2116940">
    <ele>1869.2</ele>
    <time>2026-06-25T23:23:08Z</time>
   </trkpt>
   <trkpt lat="39.7707540" lon="-105.2116670">
    <ele>1868.9</ele>
    <time>2026-06-25T23:23:09Z</time>
   </trkpt>
   <trkpt lat="39.7707450" lon="-105.2116340">
    <ele>1868.5</ele>
    <time>2026-06-25T23:23:10Z</time>
   </trkpt>
   <trkpt lat="39.7707420" lon="-105.2116090">
    <ele>1868.2</ele>
    <time>2026-06-25T23:23:11Z</time>
   </trkpt>
   <trkpt lat="39.7707380" lon="-105.2115720">
    <ele>1867.8</ele>
    <time>2026-06-25T23:23:12Z</time>
   </trkpt>
   <trkpt lat="39.7707340" lon="-105.2115510">
    <ele>1867.6</ele>
    <time>2026-06-25T23:23:13Z</time>
   </trkpt>
   <trkpt lat="39.7707290" lon="-105.2115540">
    <ele>1867.5</ele>
    <time>2026-06-25T23:23:14Z</time>
   </trkpt>
   <trkpt lat="39.7707350" lon="-105.2115570">
    <ele>1867.4</ele>
    <time>2026-06-25T23:23:15Z</time>
   </trkpt>
   <trkpt lat="39.7707350" lon="-105.2115580">
    <ele>1867.4</ele>
    <time>2026-06-25T23:23:16Z</time>
   </trkpt>
   <trkpt lat="39.7707340" lon="-105.2115550">
    <ele>1867.3</ele>
    <time>2026-06-25T23:23:17Z</time>
   </trkpt>
   <trkpt lat="39.7707360" lon="-105.2115500">
    <ele>1867.3</ele>
    <time>2026-06-25T23:23:18Z</time>
   </trkpt>
   <trkpt lat="39.7707340" lon="-105.2115470">
    <ele>1867.2</ele>
    <time>2026-06-25T23:23:19Z</time>
   </trkpt>
   <trkpt lat="39.7707320" lon="-105.2115380">
    <ele>1867.1</ele>
    <time>2026-06-25T23:23:20Z</time>
   </trkpt>
   <trkpt lat="39.7707350" lon="-105.2115370">
    <ele>1867.1</ele>
    <time>2026-06-25T23:23:21Z</time>
   </trkpt>
   <trkpt lat="39.7707280" lon="-105.2115400">
    <ele>1866.9</ele>
    <time>2026-06-25T23:23:22Z</time>
   </trkpt>
   <trkpt lat="39.7707350" lon="-105.2115320">
    <ele>1866.8</ele>
    <time>2026-06-25T23:23:23Z</time>
   </trkpt>
   <trkpt lat="39.7707340" lon="-105.2115340">
    <ele>1866.8</ele>
    <time>2026-06-25T23:23:24Z</time>
   </trkpt>
   <trkpt lat="39.7707040" lon="-105.2114820">
    <ele>1866.0</ele>
    <time>2026-06-25T23:23:28Z</time>
   </trkpt>
   <trkpt lat="39.7707030" lon="-105.2114580">
    <ele>1865.7</ele>
    <time>2026-06-25T23:23:29Z</time>
   </trkpt>
   <trkpt lat="39.7707110" lon="-105.2114320">
    <ele>1865.4</ele>
    <time>2026-06-25T23:23:30Z</time>
   </trkpt>
   <trkpt lat="39.7707150" lon="-105.2114050">
    <ele>1865.1</ele>
    <time>2026-06-25T23:23:31Z</time>
   </trkpt>
   <trkpt lat="39.7707060" lon="-105.2113810">
    <ele>1864.8</ele>
    <time>2026-06-25T23:23:32Z</time>
   </trkpt>
   <trkpt lat="39.7706930" lon="-105.2113560">
    <ele>1864.4</ele>
    <time>2026-06-25T23:23:33Z</time>
   </trkpt>
   <trkpt lat="39.7706780" lon="-105.2113290">
    <ele>1864.1</ele>
    <time>2026-06-25T23:23:34Z</time>
   </trkpt>
   <trkpt lat="39.7706840" lon="-105.2112920">
    <ele>1863.6</ele>
    <time>2026-06-25T23:23:35Z</time>
   </trkpt>
   <trkpt lat="39.7706820" lon="-105.2112500">
    <ele>1863.1</ele>
    <time>2026-06-25T23:23:36Z</time>
   </trkpt>
   <trkpt lat="39.7706780" lon="-105.2112270">
    <ele>1862.9</ele>
    <time>2026-06-25T23:23:37Z</time>
   </trkpt>
   <trkpt lat="39.7706870" lon="-105.2111990">
    <ele>1862.5</ele>
    <time>2026-06-25T23:23:38Z</time>
   </trkpt>
   <trkpt lat="39.7706790" lon="-105.2111810">
    <ele>1862.3</ele>
    <time>2026-06-25T23:23:39Z</time>
   </trkpt>
   <trkpt lat="39.7706670" lon="-105.2111930">
    <ele>1862.0</ele>
    <time>2026-06-25T23:23:40Z</time>
   </trkpt>
   <trkpt lat="39.7706600" lon="-105.2111750">
    <ele>1861.8</ele>
    <time>2026-06-25T23:23:41Z</time>
   </trkpt>
   <trkpt lat="39.7706570" lon="-105.2111570">
    <ele>1861.6</ele>
    <time>2026-06-25T23:23:42Z</time>
   </trkpt>
   <trkpt lat="39.7706510" lon="-105.2111260">
    <ele>1861.2</ele>
    <time>2026-06-25T23:23:43Z</time>
   </trkpt>
   <trkpt lat="39.7706440" lon="-105.2110990">
    <ele>1860.9</ele>
    <time>2026-06-25T23:23:44Z</time>
   </trkpt>
   <trkpt lat="39.7706320" lon="-105.2110820">
    <ele>1860.7</ele>
    <time>2026-06-25T23:23:45Z</time>
   </trkpt>
   <trkpt lat="39.7706250" lon="-105.2110690">
    <ele>1860.5</ele>
    <time>2026-06-25T23:23:46Z</time>
   </trkpt>
   <trkpt lat="39.7706110" lon="-105.2110570">
    <ele>1860.3</ele>
    <time>2026-06-25T23:23:47Z</time>
   </trkpt>
   <trkpt lat="39.7705950" lon="-105.2110180">
    <ele>1859.8</ele>
    <time>2026-06-25T23:23:48Z</time>
   </trkpt>
   <trkpt lat="39.7705800" lon="-105.2109740">
    <ele>1859.3</ele>
    <time>2026-06-25T23:23:49Z</time>
   </trkpt>
   <trkpt lat="39.7705720" lon="-105.2109320">
    <ele>1858.8</ele>
    <time>2026-06-25T23:23:50Z</time>
   </trkpt>
   <trkpt lat="39.7705530" lon="-105.2109120">
    <ele>1858.5</ele>
    <time>2026-06-25T23:23:51Z</time>
   </trkpt>
   <trkpt lat="39.7705370" lon="-105.2108700">
    <ele>1858.0</ele>
    <time>2026-06-25T23:23:52Z</time>
   </trkpt>
   <trkpt lat="39.7705310" lon="-105.2108270">
    <ele>1857.5</ele>
    <time>2026-06-25T23:23:53Z</time>
   </trkpt>
   <trkpt lat="39.7705160" lon="-105.2107710">
    <ele>1856.9</ele>
    <time>2026-06-25T23:23:54Z</time>
   </trkpt>
   <trkpt lat="39.7705020" lon="-105.2107240">
    <ele>1856.4</ele>
    <time>2026-06-25T23:23:55Z</time>
   </trkpt>
   <trkpt lat="39.7704840" lon="-105.2106860">
    <ele>1856.0</ele>
    <time>2026-06-25T23:23:56Z</time>
   </trkpt>
   <trkpt lat="39.7704540" lon="-105.2106590">
    <ele>1855.6</ele>
    <time>2026-06-25T23:23:57Z</time>
   </trkpt>
   <trkpt lat="39.7704240" lon="-105.2106250">
    <ele>1855.1</ele>
    <time>2026-06-25T23:23:58Z</time>
   </trkpt>
   <trkpt lat="39.7704080" lon="-105.2105780">
    <ele>1854.6</ele>
    <time>2026-06-25T23:23:59Z</time>
   </trkpt>
   <trkpt lat="39.7703970" lon="-105.2105420">
    <ele>1854.3</ele>
    <time>2026-06-25T23:24:00Z</time>
   </trkpt>
   <trkpt lat="39.7703770" lon="-105.2104910">
    <ele>1853.8</ele>
    <time>2026-06-25T23:24:01Z</time>
   </trkpt>
   <trkpt lat="39.7703460" lon="-105.2104400">
    <ele>1853.3</ele>
    <time>2026-06-25T23:24:02Z</time>
   </trkpt>
   <trkpt lat="39.7703230" lon="-105.2103750">
    <ele>1852.8</ele>
    <time>2026-06-25T23:24:03Z</time>
   </trkpt>
   <trkpt lat="39.7703020" lon="-105.2103100">
    <ele>1852.4</ele>
    <time>2026-06-25T23:24:04Z</time>
   </trkpt>
   <trkpt lat="39.7702680" lon="-105.2102340">
    <ele>1851.9</ele>
    <time>2026-06-25T23:24:05Z</time>
   </trkpt>
   <trkpt lat="39.7702380" lon="-105.2101530">
    <ele>1851.4</ele>
    <time>2026-06-25T23:24:06Z</time>
   </trkpt>
   <trkpt lat="39.7702070" lon="-105.2100820">
    <ele>1850.9</ele>
    <time>2026-06-25T23:24:07Z</time>
   </trkpt>
   <trkpt lat="39.7701890" lon="-105.2100290">
    <ele>1850.7</ele>
    <time>2026-06-25T23:24:08Z</time>
   </trkpt>
   <trkpt lat="39.7701880" lon="-105.2099630">
    <ele>1850.3</ele>
    <time>2026-06-25T23:24:09Z</time>
   </trkpt>
   <trkpt lat="39.7701730" lon="-105.2098950">
    <ele>1850.0</ele>
    <time>2026-06-25T23:24:10Z</time>
   </trkpt>
   <trkpt lat="39.7701310" lon="-105.2098380">
    <ele>1849.7</ele>
    <time>2026-06-25T23:24:11Z</time>
   </trkpt>
   <trkpt lat="39.7700870" lon="-105.2097860">
    <ele>1849.3</ele>
    <time>2026-06-25T23:24:12Z</time>
   </trkpt>
   <trkpt lat="39.7700460" lon="-105.2097390">
    <ele>1849.1</ele>
    <time>2026-06-25T23:24:13Z</time>
   </trkpt>
   <trkpt lat="39.7700090" lon="-105.2096930">
    <ele>1849.0</ele>
    <time>2026-06-25T23:24:14Z</time>
   </trkpt>
   <trkpt lat="39.7699730" lon="-105.2096450">
    <ele>1848.9</ele>
    <time>2026-06-25T23:24:15Z</time>
   </trkpt>
   <trkpt lat="39.7699510" lon="-105.2095870">
    <ele>1848.8</ele>
    <time>2026-06-25T23:24:16Z</time>
   </trkpt>
   <trkpt lat="39.7699340" lon="-105.2095290">
    <ele>1848.8</ele>
    <time>2026-06-25T23:24:17Z</time>
   </trkpt>
   <trkpt lat="39.7699160" lon="-105.2094900">
    <ele>1848.7</ele>
    <time>2026-06-25T23:24:18Z</time>
   </trkpt>
   <trkpt lat="39.7698860" lon="-105.2094350">
    <ele>1848.7</ele>
    <time>2026-06-25T23:24:19Z</time>
   </trkpt>
   <trkpt lat="39.7698790" lon="-105.2093870">
    <ele>1848.6</ele>
    <time>2026-06-25T23:24:20Z</time>
   </trkpt>
   <trkpt lat="39.7698860" lon="-105.2093100">
    <ele>1848.5</ele>
    <time>2026-06-25T23:24:21Z</time>
   </trkpt>
   <trkpt lat="39.7699040" lon="-105.2092190">
    <ele>1848.5</ele>
    <time>2026-06-25T23:24:22Z</time>
   </trkpt>
   <trkpt lat="39.7699020" lon="-105.2091590">
    <ele>1848.5</ele>
    <time>2026-06-25T23:24:23Z</time>
   </trkpt>
   <trkpt lat="39.7698940" lon="-105.2090990">
    <ele>1848.4</ele>
    <time>2026-06-25T23:24:24Z</time>
   </trkpt>
   <trkpt lat="39.7698990" lon="-105.2090230">
    <ele>1848.4</ele>
    <time>2026-06-25T23:24:25Z</time>
   </trkpt>
   <trkpt lat="39.7699170" lon="-105.2089490">
    <ele>1848.4</ele>
    <time>2026-06-25T23:24:26Z</time>
   </trkpt>
   <trkpt lat="39.7699400" lon="-105.2088900">
    <ele>1848.4</ele>
    <time>2026-06-25T23:24:27Z</time>
   </trkpt>
   <trkpt lat="39.7699620" lon="-105.2088300">
    <ele>1848.4</ele>
    <time>2026-06-25T23:24:28Z</time>
   </trkpt>
   <trkpt lat="39.7699750" lon="-105.2087690">
    <ele>1848.5</ele>
    <time>2026-06-25T23:24:29Z</time>
   </trkpt>
   <trkpt lat="39.7699850" lon="-105.2087100">
    <ele>1848.6</ele>
    <time>2026-06-25T23:24:30Z</time>
   </trkpt>
   <trkpt lat="39.7699930" lon="-105.2086430">
    <ele>1848.6</ele>
    <time>2026-06-25T23:24:31Z</time>
   </trkpt>
   <trkpt lat="39.7699990" lon="-105.2085870">
    <ele>1848.7</ele>
    <time>2026-06-25T23:24:32Z</time>
   </trkpt>
   <trkpt lat="39.7700040" lon="-105.2085230">
    <ele>1848.9</ele>
    <time>2026-06-25T23:24:33Z</time>
   </trkpt>
   <trkpt lat="39.7700050" lon="-105.2084610">
    <ele>1849.0</ele>
    <time>2026-06-25T23:24:34Z</time>
   </trkpt>
   <trkpt lat="39.7700010" lon="-105.2083950">
    <ele>1849.2</ele>
    <time>2026-06-25T23:24:35Z</time>
   </trkpt>
   <trkpt lat="39.7699960" lon="-105.2083630">
    <ele>1849.3</ele>
    <time>2026-06-25T23:24:36Z</time>
   </trkpt>
   <trkpt lat="39.7699910" lon="-105.2083300">
    <ele>1849.4</ele>
    <time>2026-06-25T23:24:37Z</time>
   </trkpt>
   <trkpt lat="39.7699830" lon="-105.2082740">
    <ele>1849.7</ele>
    <time>2026-06-25T23:24:38Z</time>
   </trkpt>
   <trkpt lat="39.7699740" lon="-105.2082180">
    <ele>1850.0</ele>
    <time>2026-06-25T23:24:39Z</time>
   </trkpt>
   <trkpt lat="39.7699770" lon="-105.2081760">
    <ele>1850.2</ele>
    <time>2026-06-25T23:24:40Z</time>
   </trkpt>
   <trkpt lat="39.7699810" lon="-105.2081330">
    <ele>1850.5</ele>
    <time>2026-06-25T23:24:41Z</time>
   </trkpt>
   <trkpt lat="39.7699700" lon="-105.2081170">
    <ele>1850.7</ele>
    <time>2026-06-25T23:24:42Z</time>
   </trkpt>
   <trkpt lat="39.7699710" lon="-105.2080750">
    <ele>1851.0</ele>
    <time>2026-06-25T23:24:43Z</time>
   </trkpt>
   <trkpt lat="39.7699880" lon="-105.2080240">
    <ele>1851.5</ele>
    <time>2026-06-25T23:24:44Z</time>
   </trkpt>
   <trkpt lat="39.7699940" lon="-105.2080010">
    <ele>1851.7</ele>
    <time>2026-06-25T23:24:45Z</time>
   </trkpt>
   <trkpt lat="39.7699980" lon="-105.2079600">
    <ele>1852.1</ele>
    <time>2026-06-25T23:24:46Z</time>
   </trkpt>
   <trkpt lat="39.7699970" lon="-105.2079210">
    <ele>1852.5</ele>
    <time>2026-06-25T23:24:47Z</time>
   </trkpt>
   <trkpt lat="39.7700000" lon="-105.2079010">
    <ele>1852.7</ele>
    <time>2026-06-25T23:24:48Z</time>
   </trkpt>
   <trkpt lat="39.7700270" lon="-105.2078550">
    <ele>1853.3</ele>
    <time>2026-06-25T23:24:49Z</time>
   </trkpt>
   <trkpt lat="39.7700240" lon="-105.2078430">
    <ele>1853.4</ele>
    <time>2026-06-25T23:24:50Z</time>
   </trkpt>
   <trkpt lat="39.7700360" lon="-105.2078070">
    <ele>1853.8</ele>
    <time>2026-06-25T23:24:51Z</time>
   </trkpt>
   <trkpt lat="39.7700490" lon="-105.2077700">
    <ele>1854.2</ele>
    <time>2026-06-25T23:24:52Z</time>
   </trkpt>
   <trkpt lat="39.7700570" lon="-105.2077390">
    <ele>1854.5</ele>
    <time>2026-06-25T23:24:53Z</time>
   </trkpt>
   <trkpt lat="39.7700620" lon="-105.2076820">
    <ele>1855.1</ele>
    <time>2026-06-25T23:24:54Z</time>
   </trkpt>
   <trkpt lat="39.7700670" lon="-105.2076640">
    <ele>1855.3</ele>
    <time>2026-06-25T23:24:55Z</time>
   </trkpt>
   <trkpt lat="39.7700700" lon="-105.2076430">
    <ele>1855.5</ele>
    <time>2026-06-25T23:24:56Z</time>
   </trkpt>
   <trkpt lat="39.7701000" lon="-105.2076170">
    <ele>1856.0</ele>
    <time>2026-06-25T23:24:57Z</time>
   </trkpt>
   <trkpt lat="39.7701070" lon="-105.2075940">
    <ele>1856.3</ele>
    <time>2026-06-25T23:24:58Z</time>
   </trkpt>
   <trkpt lat="39.7701210" lon="-105.2075740">
    <ele>1856.6</ele>
    <time>2026-06-25T23:24:59Z</time>
   </trkpt>
   <trkpt lat="39.7701420" lon="-105.2075680">
    <ele>1856.9</ele>
    <time>2026-06-25T23:25:00Z</time>
   </trkpt>
   <trkpt lat="39.7701910" lon="-105.2075500">
    <ele>1857.6</ele>
    <time>2026-06-25T23:25:01Z</time>
   </trkpt>
   <trkpt lat="39.7701880" lon="-105.2075130">
    <ele>1858.0</ele>
    <time>2026-06-25T23:25:02Z</time>
   </trkpt>
   <trkpt lat="39.7702100" lon="-105.2074970">
    <ele>1858.3</ele>
    <time>2026-06-25T23:25:03Z</time>
   </trkpt>
   <trkpt lat="39.7702210" lon="-105.2074680">
    <ele>1858.6</ele>
    <time>2026-06-25T23:25:04Z</time>
   </trkpt>
   <trkpt lat="39.7702340" lon="-105.2074360">
    <ele>1858.9</ele>
    <time>2026-06-25T23:25:05Z</time>
   </trkpt>
   <trkpt lat="39.7702470" lon="-105.2074130">
    <ele>1859.1</ele>
    <time>2026-06-25T23:25:06Z</time>
   </trkpt>
   <trkpt lat="39.7702660" lon="-105.2073860">
    <ele>1859.3</ele>
    <time>2026-06-25T23:25:07Z</time>
   </trkpt>
   <trkpt lat="39.7702750" lon="-105.2073590">
    <ele>1859.5</ele>
    <time>2026-06-25T23:25:08Z</time>
   </trkpt>
   <trkpt lat="39.7702870" lon="-105.2073340">
    <ele>1859.7</ele>
    <time>2026-06-25T23:25:09Z</time>
   </trkpt>
   <trkpt lat="39.7702920" lon="-105.2073040">
    <ele>1859.8</ele>
    <time>2026-06-25T23:25:10Z</time>
   </trkpt>
   <trkpt lat="39.7702980" lon="-105.2072770">
    <ele>1859.9</ele>
    <time>2026-06-25T23:25:11Z</time>
   </trkpt>
   <trkpt lat="39.7703120" lon="-105.2072500">
    <ele>1860.1</ele>
    <time>2026-06-25T23:25:12Z</time>
   </trkpt>
   <trkpt lat="39.7703270" lon="-105.2072230">
    <ele>1860.2</ele>
    <time>2026-06-25T23:25:13Z</time>
   </trkpt>
   <trkpt lat="39.7703400" lon="-105.2071930">
    <ele>1860.3</ele>
    <time>2026-06-25T23:25:14Z</time>
   </trkpt>
   <trkpt lat="39.7703460" lon="-105.2071600">
    <ele>1860.4</ele>
    <time>2026-06-25T23:25:15Z</time>
   </trkpt>
   <trkpt lat="39.7703520" lon="-105.2071280">
    <ele>1860.6</ele>
    <time>2026-06-25T23:25:16Z</time>
   </trkpt>
   <trkpt lat="39.7703670" lon="-105.2070920">
    <ele>1860.7</ele>
    <time>2026-06-25T23:25:17Z</time>
   </trkpt>
   <trkpt lat="39.7703790" lon="-105.2070580">
    <ele>1860.9</ele>
    <time>2026-06-25T23:25:18Z</time>
   </trkpt>
   <trkpt lat="39.7704010" lon="-105.2070260">
    <ele>1861.1</ele>
    <time>2026-06-25T23:25:19Z</time>
   </trkpt>
   <trkpt lat="39.7704180" lon="-105.2069940">
    <ele>1861.3</ele>
    <time>2026-06-25T23:25:20Z</time>
   </trkpt>
   <trkpt lat="39.7704390" lon="-105.2069760">
    <ele>1861.5</ele>
    <time>2026-06-25T23:25:21Z</time>
   </trkpt>
   <trkpt lat="39.7704550" lon="-105.2069620">
    <ele>1861.7</ele>
    <time>2026-06-25T23:25:22Z</time>
   </trkpt>
   <trkpt lat="39.7704590" lon="-105.2069330">
    <ele>1861.8</ele>
    <time>2026-06-25T23:25:23Z</time>
   </trkpt>
   <trkpt lat="39.7704700" lon="-105.2069090">
    <ele>1862.0</ele>
    <time>2026-06-25T23:25:24Z</time>
   </trkpt>
   <trkpt lat="39.7704830" lon="-105.2068930">
    <ele>1862.1</ele>
    <time>2026-06-25T23:25:25Z</time>
   </trkpt>
   <trkpt lat="39.7704940" lon="-105.2068750">
    <ele>1862.3</ele>
    <time>2026-06-25T23:25:26Z</time>
   </trkpt>
   <trkpt lat="39.7705070" lon="-105.2068620">
    <ele>1862.4</ele>
    <time>2026-06-25T23:25:27Z</time>
   </trkpt>
   <trkpt lat="39.7705130" lon="-105.2068400">
    <ele>1862.5</ele>
    <time>2026-06-25T23:25:28Z</time>
   </trkpt>
   <trkpt lat="39.7705140" lon="-105.2068130">
    <ele>1862.7</ele>
    <time>2026-06-25T23:25:29Z</time>
   </trkpt>
   <trkpt lat="39.7705160" lon="-105.2067860">
    <ele>1862.8</ele>
    <time>2026-06-25T23:25:30Z</time>
   </trkpt>
   <trkpt lat="39.7705110" lon="-105.2067590">
    <ele>1862.9</ele>
    <time>2026-06-25T23:25:31Z</time>
   </trkpt>
   <trkpt lat="39.7705100" lon="-105.2067330">
    <ele>1863.0</ele>
    <time>2026-06-25T23:25:32Z</time>
   </trkpt>
   <trkpt lat="39.7705110" lon="-105.2067050">
    <ele>1863.1</ele>
    <time>2026-06-25T23:25:33Z</time>
   </trkpt>
   <trkpt lat="39.7705230" lon="-105.2066780">
    <ele>1863.2</ele>
    <time>2026-06-25T23:25:34Z</time>
   </trkpt>
   <trkpt lat="39.7705340" lon="-105.2066570">
    <ele>1863.3</ele>
    <time>2026-06-25T23:25:35Z</time>
   </trkpt>
   <trkpt lat="39.7705290" lon="-105.2066280">
    <ele>1863.4</ele>
    <time>2026-06-25T23:25:36Z</time>
   </trkpt>
   <trkpt lat="39.7705300" lon="-105.2066000">
    <ele>1863.5</ele>
    <time>2026-06-25T23:25:37Z</time>
   </trkpt>
   <trkpt lat="39.7705390" lon="-105.2065740">
    <ele>1863.7</ele>
    <time>2026-06-25T23:25:38Z</time>
   </trkpt>
   <trkpt lat="39.7705370" lon="-105.2065510">
    <ele>1863.8</ele>
    <time>2026-06-25T23:25:39Z</time>
   </trkpt>
   <trkpt lat="39.7705580" lon="-105.2065270">
    <ele>1863.9</ele>
    <time>2026-06-25T23:25:40Z</time>
   </trkpt>
   <trkpt lat="39.7705730" lon="-105.2065040">
    <ele>1864.1</ele>
    <time>2026-06-25T23:25:41Z</time>
   </trkpt>
   <trkpt lat="39.7705760" lon="-105.2064750">
    <ele>1864.3</ele>
    <time>2026-06-25T23:25:42Z</time>
   </trkpt>
   <trkpt lat="39.7705890" lon="-105.2064460">
    <ele>1864.5</ele>
    <time>2026-06-25T23:25:43Z</time>
   </trkpt>
   <trkpt lat="39.7705980" lon="-105.2064210">
    <ele>1864.6</ele>
    <time>2026-06-25T23:25:44Z</time>
   </trkpt>
   <trkpt lat="39.7706040" lon="-105.2063910">
    <ele>1864.8</ele>
    <time>2026-06-25T23:25:45Z</time>
   </trkpt>
   <trkpt lat="39.7706040" lon="-105.2063600">
    <ele>1865.0</ele>
    <time>2026-06-25T23:25:46Z</time>
   </trkpt>
   <trkpt lat="39.7706020" lon="-105.2063350">
    <ele>1865.1</ele>
    <time>2026-06-25T23:25:47Z</time>
   </trkpt>
   <trkpt lat="39.7706210" lon="-105.2063100">
    <ele>1865.3</ele>
    <time>2026-06-25T23:25:48Z</time>
   </trkpt>
   <trkpt lat="39.7706330" lon="-105.2062950">
    <ele>1865.4</ele>
    <time>2026-06-25T23:25:49Z</time>
   </trkpt>
   <trkpt lat="39.7706390" lon="-105.2062710">
    <ele>1865.5</ele>
    <time>2026-06-25T23:25:50Z</time>
   </trkpt>
   <trkpt lat="39.7706370" lon="-105.2062450">
    <ele>1865.6</ele>
    <time>2026-06-25T23:25:51Z</time>
   </trkpt>
   <trkpt lat="39.7706340" lon="-105.2062180">
    <ele>1865.7</ele>
    <time>2026-06-25T23:25:52Z</time>
   </trkpt>
   <trkpt lat="39.7706390" lon="-105.2061970">
    <ele>1865.8</ele>
    <time>2026-06-25T23:25:53Z</time>
   </trkpt>
   <trkpt lat="39.7706520" lon="-105.2061760">
    <ele>1865.8</ele>
    <time>2026-06-25T23:25:54Z</time>
   </trkpt>
   <trkpt lat="39.7706670" lon="-105.2061630">
    <ele>1865.9</ele>
    <time>2026-06-25T23:25:55Z</time>
   </trkpt>
   <trkpt lat="39.7706730" lon="-105.2061340">
    <ele>1866.0</ele>
    <time>2026-06-25T23:25:56Z</time>
   </trkpt>
   <trkpt lat="39.7706840" lon="-105.2061210">
    <ele>1866.0</ele>
    <time>2026-06-25T23:25:57Z</time>
   </trkpt>
   <trkpt lat="39.7706920" lon="-105.2060870">
    <ele>1866.0</ele>
    <time>2026-06-25T23:25:58Z</time>
   </trkpt>
   <trkpt lat="39.7706910" lon="-105.2060680">
    <ele>1866.0</ele>
    <time>2026-06-25T23:25:59Z</time>
   </trkpt>
   <trkpt lat="39.7706970" lon="-105.2060360">
    <ele>1866.1</ele>
    <time>2026-06-25T23:26:00Z</time>
   </trkpt>
   <trkpt lat="39.7707030" lon="-105.2060080">
    <ele>1866.0</ele>
    <time>2026-06-25T23:26:01Z</time>
   </trkpt>
   <trkpt lat="39.7707140" lon="-105.2059880">
    <ele>1866.0</ele>
    <time>2026-06-25T23:26:02Z</time>
   </trkpt>
   <trkpt lat="39.7707300" lon="-105.2059500">
    <ele>1866.0</ele>
    <time>2026-06-25T23:26:03Z</time>
   </trkpt>
   <trkpt lat="39.7707230" lon="-105.2059220">
    <ele>1865.9</ele>
    <time>2026-06-25T23:26:04Z</time>
   </trkpt>
   <trkpt lat="39.7707160" lon="-105.2058870">
    <ele>1865.9</ele>
    <time>2026-06-25T23:26:05Z</time>
   </trkpt>
   <trkpt lat="39.7707010" lon="-105.2058480">
    <ele>1865.8</ele>
    <time>2026-06-25T23:26:06Z</time>
   </trkpt>
   <trkpt lat="39.7706920" lon="-105.2057880">
    <ele>1865.7</ele>
    <time>2026-06-25T23:26:07Z</time>
   </trkpt>
   <trkpt lat="39.7706820" lon="-105.2057620">
    <ele>1865.6</ele>
    <time>2026-06-25T23:26:08Z</time>
   </trkpt>
   <trkpt lat="39.7706760" lon="-105.2057340">
    <ele>1865.5</ele>
    <time>2026-06-25T23:26:09Z</time>
   </trkpt>
   <trkpt lat="39.7706720" lon="-105.2057050">
    <ele>1865.5</ele>
    <time>2026-06-25T23:26:10Z</time>
   </trkpt>
   <trkpt lat="39.7706770" lon="-105.2056630">
    <ele>1865.4</ele>
    <time>2026-06-25T23:26:11Z</time>
   </trkpt>
   <trkpt lat="39.7706900" lon="-105.2056030">
    <ele>1865.3</ele>
    <time>2026-06-25T23:26:12Z</time>
   </trkpt>
   <trkpt lat="39.7707050" lon="-105.2055500">
    <ele>1865.2</ele>
    <time>2026-06-25T23:26:13Z</time>
   </trkpt>
   <trkpt lat="39.7707220" lon="-105.2055100">
    <ele>1865.2</ele>
    <time>2026-06-25T23:26:14Z</time>
   </trkpt>
   <trkpt lat="39.7707360" lon="-105.2054730">
    <ele>1865.2</ele>
    <time>2026-06-25T23:26:15Z</time>
   </trkpt>
   <trkpt lat="39.7707400" lon="-105.2054600">
    <ele>1865.3</ele>
    <time>2026-06-25T23:26:16Z</time>
   </trkpt>
   <trkpt lat="39.7707510" lon="-105.2054330">
    <ele>1865.3</ele>
    <time>2026-06-25T23:26:17Z</time>
   </trkpt>
   <trkpt lat="39.7707640" lon="-105.2054130">
    <ele>1865.4</ele>
    <time>2026-06-25T23:26:18Z</time>
   </trkpt>
   <trkpt lat="39.7707870" lon="-105.2053730">
    <ele>1865.6</ele>
    <time>2026-06-25T23:26:19Z</time>
   </trkpt>
   <trkpt lat="39.7707980" lon="-105.2053690">
    <ele>1865.6</ele>
    <time>2026-06-25T23:26:20Z</time>
   </trkpt>
   <trkpt lat="39.7708320" lon="-105.2053340">
    <ele>1865.9</ele>
    <time>2026-06-25T23:26:21Z</time>
   </trkpt>
   <trkpt lat="39.7708580" lon="-105.2053350">
    <ele>1866.1</ele>
    <time>2026-06-25T23:26:22Z</time>
   </trkpt>
   <trkpt lat="39.7708830" lon="-105.2053360">
    <ele>1866.3</ele>
    <time>2026-06-25T23:26:23Z</time>
   </trkpt>
   <trkpt lat="39.7708910" lon="-105.2053440">
    <ele>1866.4</ele>
    <time>2026-06-25T23:26:24Z</time>
   </trkpt>
   <trkpt lat="39.7709060" lon="-105.2053430">
    <ele>1866.5</ele>
    <time>2026-06-25T23:26:25Z</time>
   </trkpt>
   <trkpt lat="39.7709240" lon="-105.2053370">
    <ele>1866.7</ele>
    <time>2026-06-25T23:26:26Z</time>
   </trkpt>
   <trkpt lat="39.7709430" lon="-105.2053320">
    <ele>1866.9</ele>
    <time>2026-06-25T23:26:27Z</time>
   </trkpt>
   <trkpt lat="39.7709670" lon="-105.2053230">
    <ele>1867.2</ele>
    <time>2026-06-25T23:26:28Z</time>
   </trkpt>
   <trkpt lat="39.7709750" lon="-105.2053050">
    <ele>1867.4</ele>
    <time>2026-06-25T23:26:29Z</time>
   </trkpt>
   <trkpt lat="39.7709960" lon="-105.2052930">
    <ele>1867.7</ele>
    <time>2026-06-25T23:26:30Z</time>
   </trkpt>
   <trkpt lat="39.7710200" lon="-105.2052750">
    <ele>1868.0</ele>
    <time>2026-06-25T23:26:31Z</time>
   </trkpt>
   <trkpt lat="39.7710300" lon="-105.2052530">
    <ele>1868.2</ele>
    <time>2026-06-25T23:26:32Z</time>
   </trkpt>
   <trkpt lat="39.7710380" lon="-105.2052300">
    <ele>1868.4</ele>
    <time>2026-06-25T23:26:34Z</time>
   </trkpt>
   <trkpt lat="39.7710470" lon="-105.2052090">
    <ele>1868.5</ele>
    <time>2026-06-25T23:26:35Z</time>
   </trkpt>
   <trkpt lat="39.7710770" lon="-105.2051740">
    <ele>1868.9</ele>
    <time>2026-06-25T23:26:36Z</time>
   </trkpt>
   <trkpt lat="39.7710870" lon="-105.2051500">
    <ele>1869.0</ele>
    <time>2026-06-25T23:26:37Z</time>
   </trkpt>
   <trkpt lat="39.7711040" lon="-105.2051410">
    <ele>1869.1</ele>
    <time>2026-06-25T23:26:38Z</time>
   </trkpt>
   <trkpt lat="39.7711210" lon="-105.2051010">
    <ele>1869.3</ele>
    <time>2026-06-25T23:26:39Z</time>
   </trkpt>
   <trkpt lat="39.7711400" lon="-105.2050940">
    <ele>1869.4</ele>
    <time>2026-06-25T23:26:40Z</time>
   </trkpt>
   <trkpt lat="39.7711640" lon="-105.2050700">
    <ele>1869.5</ele>
    <time>2026-06-25T23:26:41Z</time>
   </trkpt>
   <trkpt lat="39.7711920" lon="-105.2050600">
    <ele>1869.6</ele>
    <time>2026-06-25T23:26:42Z</time>
   </trkpt>
   <trkpt lat="39.7712140" lon="-105.2050510">
    <ele>1869.7</ele>
    <time>2026-06-25T23:26:43Z</time>
   </trkpt>
   <trkpt lat="39.7712350" lon="-105.2050270">
    <ele>1869.7</ele>
    <time>2026-06-25T23:26:44Z</time>
   </trkpt>
   <trkpt lat="39.7712510" lon="-105.2050180">
    <ele>1869.7</ele>
    <time>2026-06-25T23:26:45Z</time>
   </trkpt>
   <trkpt lat="39.7712750" lon="-105.2050050">
    <ele>1869.7</ele>
    <time>2026-06-25T23:26:46Z</time>
   </trkpt>
   <trkpt lat="39.7713050" lon="-105.2049880">
    <ele>1869.7</ele>
    <time>2026-06-25T23:26:47Z</time>
   </trkpt>
   <trkpt lat="39.7713170" lon="-105.2049640">
    <ele>1869.7</ele>
    <time>2026-06-25T23:26:48Z</time>
   </trkpt>
   <trkpt lat="39.7713350" lon="-105.2049370">
    <ele>1869.7</ele>
    <time>2026-06-25T23:26:49Z</time>
   </trkpt>
   <trkpt lat="39.7713720" lon="-105.2049090">
    <ele>1869.7</ele>
    <time>2026-06-25T23:26:50Z</time>
   </trkpt>
   <trkpt lat="39.7714010" lon="-105.2048980">
    <ele>1869.7</ele>
    <time>2026-06-25T23:26:51Z</time>
   </trkpt>
   <trkpt lat="39.7714300" lon="-105.2048860">
    <ele>1869.6</ele>
    <time>2026-06-25T23:26:52Z</time>
   </trkpt>
   <trkpt lat="39.7714400" lon="-105.2048870">
    <ele>1869.6</ele>
    <time>2026-06-25T23:26:53Z</time>
   </trkpt>
   <trkpt lat="39.7714680" lon="-105.2048880">
    <ele>1869.6</ele>
    <time>2026-06-25T23:26:54Z</time>
   </trkpt>
   <trkpt lat="39.7715010" lon="-105.2048870">
    <ele>1869.6</ele>
    <time>2026-06-25T23:26:55Z</time>
   </trkpt>
   <trkpt lat="39.7715370" lon="-105.2048850">
    <ele>1869.7</ele>
    <time>2026-06-25T23:26:56Z</time>
   </trkpt>
   <trkpt lat="39.7715810" lon="-105.2048810">
    <ele>1869.9</ele>
    <time>2026-06-25T23:26:57Z</time>
   </trkpt>
   <trkpt lat="39.7716140" lon="-105.2048750">
    <ele>1870.1</ele>
    <time>2026-06-25T23:26:58Z</time>
   </trkpt>
   <trkpt lat="39.7716160" lon="-105.2048650">
    <ele>1870.1</ele>
    <time>2026-06-25T23:26:59Z</time>
   </trkpt>
   <trkpt lat="39.7716430" lon="-105.2048630">
    <ele>1870.3</ele>
    <time>2026-06-25T23:27:00Z</time>
   </trkpt>
   <trkpt lat="39.7716830" lon="-105.2048550">
    <ele>1870.5</ele>
    <time>2026-06-25T23:27:01Z</time>
   </trkpt>
   <trkpt lat="39.7716860" lon="-105.2048600">
    <ele>1870.5</ele>
    <time>2026-06-25T23:27:02Z</time>
   </trkpt>
   <trkpt lat="39.7717160" lon="-105.2048580">
    <ele>1870.6</ele>
    <time>2026-06-25T23:27:03Z</time>
   </trkpt>
   <trkpt lat="39.7717300" lon="-105.2048530">
    <ele>1870.7</ele>
    <time>2026-06-25T23:27:04Z</time>
   </trkpt>
   <trkpt lat="39.7717670" lon="-105.2048370">
    <ele>1870.9</ele>
    <time>2026-06-25T23:27:05Z</time>
   </trkpt>
   <trkpt lat="39.7717800" lon="-105.2048300">
    <ele>1871.0</ele>
    <time>2026-06-25T23:27:06Z</time>
   </trkpt>
   <trkpt lat="39.7718090" lon="-105.2048240">
    <ele>1871.1</ele>
    <time>2026-06-25T23:27:07Z</time>
   </trkpt>
   <trkpt lat="39.7718340" lon="-105.2048250">
    <ele>1871.3</ele>
    <time>2026-06-25T23:27:08Z</time>
   </trkpt>
   <trkpt lat="39.7718560" lon="-105.2048140">
    <ele>1871.4</ele>
    <time>2026-06-25T23:27:09Z</time>
   </trkpt>
   <trkpt lat="39.7718740" lon="-105.2048120">
    <ele>1871.5</ele>
    <time>2026-06-25T23:27:10Z</time>
   </trkpt>
   <trkpt lat="39.7718950" lon="-105.2048060">
    <ele>1871.6</ele>
    <time>2026-06-25T23:27:11Z</time>
   </trkpt>
   <trkpt lat="39.7719200" lon="-105.2048080">
    <ele>1871.7</ele>
    <time>2026-06-25T23:27:12Z</time>
   </trkpt>
   <trkpt lat="39.7719430" lon="-105.2048100">
    <ele>1871.9</ele>
    <time>2026-06-25T23:27:13Z</time>
   </trkpt>
   <trkpt lat="39.7719690" lon="-105.2048120">
    <ele>1872.0</ele>
    <time>2026-06-25T23:27:14Z</time>
   </trkpt>
   <trkpt lat="39.7719930" lon="-105.2048040">
    <ele>1872.2</ele>
    <time>2026-06-25T23:27:15Z</time>
   </trkpt>
   <trkpt lat="39.7720160" lon="-105.2047880">
    <ele>1872.3</ele>
    <time>2026-06-25T23:27:16Z</time>
   </trkpt>
   <trkpt lat="39.7720360" lon="-105.2047730">
    <ele>1872.4</ele>
    <time>2026-06-25T23:27:17Z</time>
   </trkpt>
   <trkpt lat="39.7720520" lon="-105.2047570">
    <ele>1872.6</ele>
    <time>2026-06-25T23:27:18Z</time>
   </trkpt>
   <trkpt lat="39.7720700" lon="-105.2047390">
    <ele>1872.7</ele>
    <time>2026-06-25T23:27:19Z</time>
   </trkpt>
   <trkpt lat="39.7720890" lon="-105.2047170">
    <ele>1872.8</ele>
    <time>2026-06-25T23:27:20Z</time>
   </trkpt>
   <trkpt lat="39.7721110" lon="-105.2047030">
    <ele>1873.0</ele>
    <time>2026-06-25T23:27:21Z</time>
   </trkpt>
   <trkpt lat="39.7721370" lon="-105.2046840">
    <ele>1873.1</ele>
    <time>2026-06-25T23:27:22Z</time>
   </trkpt>
   <trkpt lat="39.7721690" lon="-105.2046730">
    <ele>1873.2</ele>
    <time>2026-06-25T23:27:23Z</time>
   </trkpt>
   <trkpt lat="39.7721810" lon="-105.2046390">
    <ele>1873.2</ele>
    <time>2026-06-25T23:27:24Z</time>
   </trkpt>
   <trkpt lat="39.7721900" lon="-105.2046150">
    <ele>1873.2</ele>
    <time>2026-06-25T23:27:25Z</time>
   </trkpt>
   <trkpt lat="39.7722170" lon="-105.2045910">
    <ele>1873.1</ele>
    <time>2026-06-25T23:27:26Z</time>
   </trkpt>
   <trkpt lat="39.7722290" lon="-105.2045570">
    <ele>1873.0</ele>
    <time>2026-06-25T23:27:27Z</time>
   </trkpt>
   <trkpt lat="39.7722380" lon="-105.2045270">
    <ele>1872.9</ele>
    <time>2026-06-25T23:27:28Z</time>
   </trkpt>
   <trkpt lat="39.7722450" lon="-105.2045050">
    <ele>1872.8</ele>
    <time>2026-06-25T23:27:29Z</time>
   </trkpt>
   <trkpt lat="39.7722270" lon="-105.2044630">
    <ele>1872.6</ele>
    <time>2026-06-25T23:27:30Z</time>
   </trkpt>
   <trkpt lat="39.7722340" lon="-105.2044470">
    <ele>1872.5</ele>
    <time>2026-06-25T23:27:31Z</time>
   </trkpt>
   <trkpt lat="39.7722220" lon="-105.2044140">
    <ele>1872.4</ele>
    <time>2026-06-25T23:27:32Z</time>
   </trkpt>
   <trkpt lat="39.7722390" lon="-105.2043400">
    <ele>1872.2</ele>
    <time>2026-06-25T23:27:33Z</time>
   </trkpt>
   <trkpt lat="39.7722600" lon="-105.2042670">
    <ele>1872.1</ele>
    <time>2026-06-25T23:27:34Z</time>
   </trkpt>
   <trkpt lat="39.7722720" lon="-105.2042490">
    <ele>1872.0</ele>
    <time>2026-06-25T23:27:35Z</time>
   </trkpt>
   <trkpt lat="39.7722860" lon="-105.2041890">
    <ele>1872.0</ele>
    <time>2026-06-25T23:27:36Z</time>
   </trkpt>
   <trkpt lat="39.7723040" lon="-105.2041420">
    <ele>1871.9</ele>
    <time>2026-06-25T23:27:37Z</time>
   </trkpt>
   <trkpt lat="39.7723270" lon="-105.2040870">
    <ele>1871.9</ele>
    <time>2026-06-25T23:27:38Z</time>
   </trkpt>
   <trkpt lat="39.7723520" lon="-105.2040550">
    <ele>1871.9</ele>
    <time>2026-06-25T23:27:39Z</time>
   </trkpt>
   <trkpt lat="39.7723700" lon="-105.2040190">
    <ele>1871.9</ele>
    <time>2026-06-25T23:27:40Z</time>
   </trkpt>
   <trkpt lat="39.7723920" lon="-105.2039900">
    <ele>1871.9</ele>
    <time>2026-06-25T23:27:41Z</time>
   </trkpt>
   <trkpt lat="39.7724340" lon="-105.2039560">
    <ele>1872.0</ele>
    <time>2026-06-25T23:27:42Z</time>
   </trkpt>
   <trkpt lat="39.7724590" lon="-105.2039270">
    <ele>1872.0</ele>
    <time>2026-06-25T23:27:43Z</time>
   </trkpt>
   <trkpt lat="39.7724700" lon="-105.2038960">
    <ele>1872.0</ele>
    <time>2026-06-25T23:27:44Z</time>
   </trkpt>
   <trkpt lat="39.7724800" lon="-105.2038560">
    <ele>1872.0</ele>
    <time>2026-06-25T23:27:45Z</time>
   </trkpt>
   <trkpt lat="39.7724950" lon="-105.2038240">
    <ele>1872.0</ele>
    <time>2026-06-25T23:27:46Z</time>
   </trkpt>
   <trkpt lat="39.7725710" lon="-105.2037610">
    <ele>1872.1</ele>
    <time>2026-06-25T23:27:47Z</time>
   </trkpt>
   <trkpt lat="39.7725930" lon="-105.2037100">
    <ele>1872.0</ele>
    <time>2026-06-25T23:27:48Z</time>
   </trkpt>
   <trkpt lat="39.7725930" lon="-105.2036340">
    <ele>1872.0</ele>
    <time>2026-06-25T23:27:49Z</time>
   </trkpt>
   <trkpt lat="39.7725890" lon="-105.2035850">
    <ele>1871.9</ele>
    <time>2026-06-25T23:27:50Z</time>
   </trkpt>
   <trkpt lat="39.7726010" lon="-105.2035160">
    <ele>1871.9</ele>
    <time>2026-06-25T23:27:51Z</time>
   </trkpt>
   <trkpt lat="39.7725980" lon="-105.2034680">
    <ele>1871.8</ele>
    <time>2026-06-25T23:27:52Z</time>
   </trkpt>
   <trkpt lat="39.7726360" lon="-105.2033930">
    <ele>1871.8</ele>
    <time>2026-06-25T23:27:53Z</time>
   </trkpt>
   <trkpt lat="39.7726620" lon="-105.2033440">
    <ele>1871.9</ele>
    <time>2026-06-25T23:27:54Z</time>
   </trkpt>
   <trkpt lat="39.7726660" lon="-105.2032940">
    <ele>1871.9</ele>
    <time>2026-06-25T23:27:55Z</time>
   </trkpt>
   <trkpt lat="39.7726900" lon="-105.2032330">
    <ele>1872.0</ele>
    <time>2026-06-25T23:27:56Z</time>
   </trkpt>
   <trkpt lat="39.7726920" lon="-105.2031830">
    <ele>1872.1</ele>
    <time>2026-06-25T23:27:57Z</time>
   </trkpt>
   <trkpt lat="39.7726870" lon="-105.2031470">
    <ele>1872.2</ele>
    <time>2026-06-25T23:27:58Z</time>
   </trkpt>
   <trkpt lat="39.7726880" lon="-105.2031060">
    <ele>1872.3</ele>
    <time>2026-06-25T23:27:59Z</time>
   </trkpt>
   <trkpt lat="39.7726970" lon="-105.2030540">
    <ele>1872.4</ele>
    <time>2026-06-25T23:28:00Z</time>
   </trkpt>
   <trkpt lat="39.7726880" lon="-105.2030120">
    <ele>1872.4</ele>
    <time>2026-06-25T23:28:01Z</time>
   </trkpt>
   <trkpt lat="39.7727070" lon="-105.2029700">
    <ele>1872.4</ele>
    <time>2026-06-25T23:28:02Z</time>
   </trkpt>
   <trkpt lat="39.7727240" lon="-105.2029330">
    <ele>1872.4</ele>
    <time>2026-06-25T23:28:03Z</time>
   </trkpt>
   <trkpt lat="39.7727460" lon="-105.2029010">
    <ele>1872.4</ele>
    <time>2026-06-25T23:28:04Z</time>
   </trkpt>
   <trkpt lat="39.7727510" lon="-105.2028700">
    <ele>1872.4</ele>
    <time>2026-06-25T23:28:05Z</time>
   </trkpt>
   <trkpt lat="39.7727600" lon="-105.2028470">
    <ele>1872.4</ele>
    <time>2026-06-25T23:28:06Z</time>
   </trkpt>
   <trkpt lat="39.7727960" lon="-105.2027930">
    <ele>1872.4</ele>
    <time>2026-06-25T23:28:07Z</time>
   </trkpt>
   <trkpt lat="39.7728150" lon="-105.2027730">
    <ele>1872.4</ele>
    <time>2026-06-25T23:28:08Z</time>
   </trkpt>
   <trkpt lat="39.7728180" lon="-105.2027190">
    <ele>1872.3</ele>
    <time>2026-06-25T23:28:09Z</time>
   </trkpt>
   <trkpt lat="39.7728170" lon="-105.2026600">
    <ele>1872.2</ele>
    <time>2026-06-25T23:28:10Z</time>
   </trkpt>
   <trkpt lat="39.7728210" lon="-105.2026190">
    <ele>1872.1</ele>
    <time>2026-06-25T23:28:11Z</time>
   </trkpt>
   <trkpt lat="39.7728410" lon="-105.2025720">
    <ele>1871.9</ele>
    <time>2026-06-25T23:28:12Z</time>
   </trkpt>
   <trkpt lat="39.7728680" lon="-105.2024940">
    <ele>1871.6</ele>
    <time>2026-06-25T23:28:13Z</time>
   </trkpt>
   <trkpt lat="39.7728870" lon="-105.2024290">
    <ele>1871.3</ele>
    <time>2026-06-25T23:28:14Z</time>
   </trkpt>
   <trkpt lat="39.7729170" lon="-105.2023680">
    <ele>1870.9</ele>
    <time>2026-06-25T23:28:15Z</time>
   </trkpt>
   <trkpt lat="39.7729480" lon="-105.2023090">
    <ele>1870.6</ele>
    <time>2026-06-25T23:28:16Z</time>
   </trkpt>
   <trkpt lat="39.7729690" lon="-105.2022580">
    <ele>1870.4</ele>
    <time>2026-06-25T23:28:17Z</time>
   </trkpt>
   <trkpt lat="39.7729950" lon="-105.2022210">
    <ele>1870.3</ele>
    <time>2026-06-25T23:28:18Z</time>
   </trkpt>
   <trkpt lat="39.7730070" lon="-105.2021920">
    <ele>1870.3</ele>
    <time>2026-06-25T23:28:19Z</time>
   </trkpt>
   <trkpt lat="39.7730180" lon="-105.2021590">
    <ele>1870.2</ele>
    <time>2026-06-25T23:28:20Z</time>
   </trkpt>
   <trkpt lat="39.7730350" lon="-105.2021330">
    <ele>1870.2</ele>
    <time>2026-06-25T23:28:21Z</time>
   </trkpt>
   <trkpt lat="39.7730540" lon="-105.2021160">
    <ele>1870.2</ele>
    <time>2026-06-25T23:28:22Z</time>
   </trkpt>
   <trkpt lat="39.7730640" lon="-105.2020890">
    <ele>1870.2</ele>
    <time>2026-06-25T23:28:23Z</time>
   </trkpt>
   <trkpt lat="39.7730770" lon="-105.2020610">
    <ele>1870.3</ele>
    <time>2026-06-25T23:28:24Z</time>
   </trkpt>
   <trkpt lat="39.7730990" lon="-105.2020320">
    <ele>1870.3</ele>
    <time>2026-06-25T23:28:25Z</time>
   </trkpt>
   <trkpt lat="39.7731160" lon="-105.2020250">
    <ele>1870.4</ele>
    <time>2026-06-25T23:28:26Z</time>
   </trkpt>
   <trkpt lat="39.7731520" lon="-105.2020080">
    <ele>1870.5</ele>
    <time>2026-06-25T23:28:27Z</time>
   </trkpt>
   <trkpt lat="39.7731670" lon="-105.2019990">
    <ele>1870.5</ele>
    <time>2026-06-25T23:28:28Z</time>
   </trkpt>
   <trkpt lat="39.7731720" lon="-105.2019830">
    <ele>1870.6</ele>
    <time>2026-06-25T23:28:29Z</time>
   </trkpt>
   <trkpt lat="39.7731810" lon="-105.2019500">
    <ele>1870.6</ele>
    <time>2026-06-25T23:28:30Z</time>
   </trkpt>
   <trkpt lat="39.7732210" lon="-105.2019380">
    <ele>1870.7</ele>
    <time>2026-06-25T23:28:31Z</time>
   </trkpt>
   <trkpt lat="39.7732530" lon="-105.2019320">
    <ele>1870.8</ele>
    <time>2026-06-25T23:28:32Z</time>
   </trkpt>
   <trkpt lat="39.7732860" lon="-105.2019260">
    <ele>1870.9</ele>
    <time>2026-06-25T23:28:33Z</time>
   </trkpt>
   <trkpt lat="39.7733010" lon="-105.2018790">
    <ele>1870.9</ele>
    <time>2026-06-25T23:28:34Z</time>
   </trkpt>
   <trkpt lat="39.7733550" lon="-105.2018850">
    <ele>1871.0</ele>
    <time>2026-06-25T23:28:35Z</time>
   </trkpt>
   <trkpt lat="39.7733500" lon="-105.2018520">
    <ele>1871.0</ele>
    <time>2026-06-25T23:28:36Z</time>
   </trkpt>
   <trkpt lat="39.7733690" lon="-105.2018340">
    <ele>1871.0</ele>
    <time>2026-06-25T23:28:37Z</time>
   </trkpt>
   <trkpt lat="39.7733990" lon="-105.2018160">
    <ele>1871.1</ele>
    <time>2026-06-25T23:28:38Z</time>
   </trkpt>
   <trkpt lat="39.7734440" lon="-105.2018430">
    <ele>1871.1</ele>
    <time>2026-06-25T23:28:39Z</time>
   </trkpt>
   <trkpt lat="39.7734720" lon="-105.2018320">
    <ele>1871.1</ele>
    <time>2026-06-25T23:28:40Z</time>
   </trkpt>
   <trkpt lat="39.7734960" lon="-105.2018140">
    <ele>1871.1</ele>
    <time>2026-06-25T23:28:41Z</time>
   </trkpt>
   <trkpt lat="39.7735280" lon="-105.2017990">
    <ele>1871.1</ele>
    <time>2026-06-25T23:28:42Z</time>
   </trkpt>
   <trkpt lat="39.7735650" lon="-105.2018040">
    <ele>1871.1</ele>
    <time>2026-06-25T23:28:43Z</time>
   </trkpt>
   <trkpt lat="39.7735920" lon="-105.2017940">
    <ele>1871.1</ele>
    <time>2026-06-25T23:28:44Z</time>
   </trkpt>
   <trkpt lat="39.7736430" lon="-105.2017980">
    <ele>1871.0</ele>
    <time>2026-06-25T23:28:45Z</time>
   </trkpt>
   <trkpt lat="39.7738330" lon="-105.2017520">
    <ele>1870.1</ele>
    <time>2026-06-25T23:28:46Z</time>
   </trkpt>
   <trkpt lat="39.7738790" lon="-105.2017560">
    <ele>1869.8</ele>
    <time>2026-06-25T23:28:47Z</time>
   </trkpt>
   <trkpt lat="39.7739230" lon="-105.2017550">
    <ele>1869.4</ele>
    <time>2026-06-25T23:28:48Z</time>
   </trkpt>
   <trkpt lat="39.7739740" lon="-105.2017570">
    <ele>1868.9</ele>
    <time>2026-06-25T23:28:49Z</time>
   </trkpt>
   <trkpt lat="39.7740190" lon="-105.2017620">
    <ele>1868.5</ele>
    <time>2026-06-25T23:28:50Z</time>
   </trkpt>
   <trkpt lat="39.7740570" lon="-105.2017680">
    <ele>1868.1</ele>
    <time>2026-06-25T23:28:51Z</time>
   </trkpt>
   <trkpt lat="39.7740920" lon="-105.2017690">
    <ele>1867.7</ele>
    <time>2026-06-25T23:28:52Z</time>
   </trkpt>
   <trkpt lat="39.7741270" lon="-105.2017620">
    <ele>1867.3</ele>
    <time>2026-06-25T23:28:53Z</time>
   </trkpt>
   <trkpt lat="39.7741600" lon="-105.2017490">
    <ele>1866.8</ele>
    <time>2026-06-25T23:28:54Z</time>
   </trkpt>
   <trkpt lat="39.7741980" lon="-105.2017300">
    <ele>1866.3</ele>
    <time>2026-06-25T23:28:55Z</time>
   </trkpt>
   <trkpt lat="39.7742360" lon="-105.2017130">
    <ele>1865.9</ele>
    <time>2026-06-25T23:28:56Z</time>
   </trkpt>
   <trkpt lat="39.7742760" lon="-105.2016860">
    <ele>1865.3</ele>
    <time>2026-06-25T23:28:57Z</time>
   </trkpt>
   <trkpt lat="39.7743170" lon="-105.2016590">
    <ele>1864.9</ele>
    <time>2026-06-25T23:28:58Z</time>
   </trkpt>
   <trkpt lat="39.7743650" lon="-105.2016320">
    <ele>1864.4</ele>
    <time>2026-06-25T23:28:59Z</time>
   </trkpt>
   <trkpt lat="39.7744130" lon="-105.2016250">
    <ele>1864.2</ele>
    <time>2026-06-25T23:29:00Z</time>
   </trkpt>
   <trkpt lat="39.7744580" lon="-105.2016380">
    <ele>1864.0</ele>
    <time>2026-06-25T23:29:01Z</time>
   </trkpt>
   <trkpt lat="39.7744940" lon="-105.2016640">
    <ele>1863.8</ele>
    <time>2026-06-25T23:29:02Z</time>
   </trkpt>
   <trkpt lat="39.7745210" lon="-105.2016980">
    <ele>1863.6</ele>
    <time>2026-06-25T23:29:03Z</time>
   </trkpt>
   <trkpt lat="39.7745230" lon="-105.2017230">
    <ele>1863.5</ele>
    <time>2026-06-25T23:29:04Z</time>
   </trkpt>
   <trkpt lat="39.7745300" lon="-105.2017490">
    <ele>1863.4</ele>
    <time>2026-06-25T23:29:05Z</time>
   </trkpt>
   <trkpt lat="39.7745350" lon="-105.2017830">
    <ele>1863.3</ele>
    <time>2026-06-25T23:29:06Z</time>
   </trkpt>
   <trkpt lat="39.7745620" lon="-105.2018080">
    <ele>1863.1</ele>
    <time>2026-06-25T23:29:07Z</time>
   </trkpt>
   <trkpt lat="39.7745930" lon="-105.2018280">
    <ele>1862.9</ele>
    <time>2026-06-25T23:29:08Z</time>
   </trkpt>
   <trkpt lat="39.7746290" lon="-105.2018580">
    <ele>1862.7</ele>
    <time>2026-06-25T23:29:09Z</time>
   </trkpt>
   <trkpt lat="39.7746630" lon="-105.2018940">
    <ele>1862.5</ele>
    <time>2026-06-25T23:29:10Z</time>
   </trkpt>
   <trkpt lat="39.7747000" lon="-105.2019160">
    <ele>1862.4</ele>
    <time>2026-06-25T23:29:11Z</time>
   </trkpt>
   <trkpt lat="39.7747320" lon="-105.2019420">
    <ele>1862.4</ele>
    <time>2026-06-25T23:29:12Z</time>
   </trkpt>
   <trkpt lat="39.7747680" lon="-105.2019690">
    <ele>1862.4</ele>
    <time>2026-06-25T23:29:13Z</time>
   </trkpt>
   <trkpt lat="39.7747930" lon="-105.2019810">
    <ele>1862.4</ele>
    <time>2026-06-25T23:29:14Z</time>
   </trkpt>
   <trkpt lat="39.7748270" lon="-105.2020040">
    <ele>1862.4</ele>
    <time>2026-06-25T23:29:15Z</time>
   </trkpt>
   <trkpt lat="39.7748630" lon="-105.2020270">
    <ele>1862.5</ele>
    <time>2026-06-25T23:29:16Z</time>
   </trkpt>
   <trkpt lat="39.7748970" lon="-105.2020630">
    <ele>1862.5</ele>
    <time>2026-06-25T23:29:17Z</time>
   </trkpt>
   <trkpt lat="39.7749200" lon="-105.2020960">
    <ele>1862.6</ele>
    <time>2026-06-25T23:29:18Z</time>
   </trkpt>
   <trkpt lat="39.7749440" lon="-105.2021310">
    <ele>1862.6</ele>
    <time>2026-06-25T23:29:19Z</time>
   </trkpt>
   <trkpt lat="39.7749740" lon="-105.2021590">
    <ele>1862.6</ele>
    <time>2026-06-25T23:29:20Z</time>
   </trkpt>
   <trkpt lat="39.7750070" lon="-105.2021910">
    <ele>1862.7</ele>
    <time>2026-06-25T23:29:21Z</time>
   </trkpt>
   <trkpt lat="39.7750430" lon="-105.2022240">
    <ele>1862.8</ele>
    <time>2026-06-25T23:29:22Z</time>
   </trkpt>
   <trkpt lat="39.7750780" lon="-105.2022420">
    <ele>1862.9</ele>
    <time>2026-06-25T23:29:23Z</time>
   </trkpt>
   <trkpt lat="39.7751060" lon="-105.2022760">
    <ele>1863.0</ele>
    <time>2026-06-25T23:29:24Z</time>
   </trkpt>
   <trkpt lat="39.7751130" lon="-105.2023130">
    <ele>1863.0</ele>
    <time>2026-06-25T23:29:25Z</time>
   </trkpt>
   <trkpt lat="39.7751290" lon="-105.2023410">
    <ele>1863.1</ele>
    <time>2026-06-25T23:29:26Z</time>
   </trkpt>
   <trkpt lat="39.7751520" lon="-105.2023700">
    <ele>1863.2</ele>
    <time>2026-06-25T23:29:27Z</time>
   </trkpt>
   <trkpt lat="39.7751800" lon="-105.2024030">
    <ele>1863.3</ele>
    <time>2026-06-25T23:29:28Z</time>
   </trkpt>
   <trkpt lat="39.7752060" lon="-105.2024320">
    <ele>1863.3</ele>
    <time>2026-06-25T23:29:29Z</time>
   </trkpt>
   <trkpt lat="39.7752270" lon="-105.2024530">
    <ele>1863.3</ele>
    <time>2026-06-25T23:29:30Z</time>
   </trkpt>
   <trkpt lat="39.7752520" lon="-105.2024570">
    <ele>1863.3</ele>
    <time>2026-06-25T23:29:31Z</time>
   </trkpt>
   <trkpt lat="39.7752750" lon="-105.2024730">
    <ele>1863.3</ele>
    <time>2026-06-25T23:29:32Z</time>
   </trkpt>
   <trkpt lat="39.7752960" lon="-105.2024810">
    <ele>1863.3</ele>
    <time>2026-06-25T23:29:33Z</time>
   </trkpt>
   <trkpt lat="39.7753120" lon="-105.2025250">
    <ele>1863.3</ele>
    <time>2026-06-25T23:29:34Z</time>
   </trkpt>
   <trkpt lat="39.7753570" lon="-105.2025310">
    <ele>1863.3</ele>
    <time>2026-06-25T23:29:35Z</time>
   </trkpt>
   <trkpt lat="39.7753880" lon="-105.2025490">
    <ele>1863.2</ele>
    <time>2026-06-25T23:29:36Z</time>
   </trkpt>
   <trkpt lat="39.7754140" lon="-105.2025800">
    <ele>1863.1</ele>
    <time>2026-06-25T23:29:37Z</time>
   </trkpt>
   <trkpt lat="39.7754460" lon="-105.2026090">
    <ele>1863.1</ele>
    <time>2026-06-25T23:29:38Z</time>
   </trkpt>
   <trkpt lat="39.7755050" lon="-105.2026590">
    <ele>1862.9</ele>
    <time>2026-06-25T23:29:39Z</time>
   </trkpt>
   <trkpt lat="39.7755310" lon="-105.2026570">
    <ele>1862.9</ele>
    <time>2026-06-25T23:29:40Z</time>
   </trkpt>
   <trkpt lat="39.7755580" lon="-105.2026540">
    <ele>1862.8</ele>
    <time>2026-06-25T23:29:41Z</time>
   </trkpt>
   <trkpt lat="39.7755730" lon="-105.2026660">
    <ele>1862.8</ele>
    <time>2026-06-25T23:29:42Z</time>
   </trkpt>
   <trkpt lat="39.7755960" lon="-105.2026940">
    <ele>1862.7</ele>
    <time>2026-06-25T23:29:43Z</time>
   </trkpt>
   <trkpt lat="39.7756230" lon="-105.2027210">
    <ele>1862.6</ele>
    <time>2026-06-25T23:29:44Z</time>
   </trkpt>
   <trkpt lat="39.7756600" lon="-105.2027370">
    <ele>1862.4</ele>
    <time>2026-06-25T23:29:45Z</time>
   </trkpt>
   <trkpt lat="39.7756950" lon="-105.2027410">
    <ele>1862.2</ele>
    <time>2026-06-25T23:29:46Z</time>
   </trkpt>
   <trkpt lat="39.7757290" lon="-105.2027450">
    <ele>1861.9</ele>
    <time>2026-06-25T23:29:47Z</time>
   </trkpt>
   <trkpt lat="39.7757540" lon="-105.2027640">
    <ele>1861.6</ele>
    <time>2026-06-25T23:29:48Z</time>
   </trkpt>
   <trkpt lat="39.7757800" lon="-105.2027600">
    <ele>1861.3</ele>
    <time>2026-06-25T23:29:49Z</time>
   </trkpt>
   <trkpt lat="39.7758170" lon="-105.2027320">
    <ele>1860.8</ele>
    <time>2026-06-25T23:29:50Z</time>
   </trkpt>
   <trkpt lat="39.7758200" lon="-105.2027220">
    <ele>1860.7</ele>
    <time>2026-06-25T23:29:51Z</time>
   </trkpt>
   <trkpt lat="39.7758520" lon="-105.2027150">
    <ele>1860.3</ele>
    <time>2026-06-25T23:29:52Z</time>
   </trkpt>
   <trkpt lat="39.7758810" lon="-105.2027170">
    <ele>1859.9</ele>
    <time>2026-06-25T23:29:53Z</time>
   </trkpt>
   <trkpt lat="39.7759090" lon="-105.2027110">
    <ele>1859.5</ele>
    <time>2026-06-25T23:29:54Z</time>
   </trkpt>
   <trkpt lat="39.7759380" lon="-105.2027040">
    <ele>1859.2</ele>
    <time>2026-06-25T23:29:55Z</time>
   </trkpt>
   <trkpt lat="39.7759640" lon="-105.2026930">
    <ele>1858.8</ele>
    <time>2026-06-25T23:29:56Z</time>
   </trkpt>
   <trkpt lat="39.7759850" lon="-105.2026820">
    <ele>1858.6</ele>
    <time>2026-06-25T23:29:57Z</time>
   </trkpt>
   <trkpt lat="39.7760050" lon="-105.2026950">
    <ele>1858.3</ele>
    <time>2026-06-25T23:29:58Z</time>
   </trkpt>
   <trkpt lat="39.7760620" lon="-105.2026870">
    <ele>1857.7</ele>
    <time>2026-06-25T23:29:59Z</time>
   </trkpt>
   <trkpt lat="39.7760730" lon="-105.2026710">
    <ele>1857.6</ele>
    <time>2026-06-25T23:30:00Z</time>
   </trkpt>
   <trkpt lat="39.7760890" lon="-105.2026470">
    <ele>1857.3</ele>
    <time>2026-06-25T23:30:01Z</time>
   </trkpt>
   <trkpt lat="39.7761060" lon="-105.2026220">
    <ele>1857.1</ele>
    <time>2026-06-25T23:30:02Z</time>
   </trkpt>
   <trkpt lat="39.7761420" lon="-105.2025600">
    <ele>1856.5</ele>
    <time>2026-06-25T23:30:03Z</time>
   </trkpt>
   <trkpt lat="39.7761520" lon="-105.2025600">
    <ele>1856.4</ele>
    <time>2026-06-25T23:30:04Z</time>
   </trkpt>
   <trkpt lat="39.7761870" lon="-105.2025280">
    <ele>1856.0</ele>
    <time>2026-06-25T23:30:05Z</time>
   </trkpt>
   <trkpt lat="39.7762140" lon="-105.2025290">
    <ele>1855.7</ele>
    <time>2026-06-25T23:30:06Z</time>
   </trkpt>
   <trkpt lat="39.7762420" lon="-105.2025150">
    <ele>1855.3</ele>
    <time>2026-06-25T23:30:07Z</time>
   </trkpt>
   <trkpt lat="39.7762610" lon="-105.2024840">
    <ele>1855.0</ele>
    <time>2026-06-25T23:30:08Z</time>
   </trkpt>
   <trkpt lat="39.7762730" lon="-105.2024630">
    <ele>1854.7</ele>
    <time>2026-06-25T23:30:09Z</time>
   </trkpt>
   <trkpt lat="39.7762930" lon="-105.2024580">
    <ele>1854.5</ele>
    <time>2026-06-25T23:30:10Z</time>
   </trkpt>
   <trkpt lat="39.7763580" lon="-105.2024430">
    <ele>1853.7</ele>
    <time>2026-06-25T23:30:11Z</time>
   </trkpt>
   <trkpt lat="39.7763790" lon="-105.2024600">
    <ele>1853.5</ele>
    <time>2026-06-25T23:30:12Z</time>
   </trkpt>
   <trkpt lat="39.7764200" lon="-105.2024340">
    <ele>1853.1</ele>
    <time>2026-06-25T23:30:13Z</time>
   </trkpt>
   <trkpt lat="39.7764660" lon="-105.2023930">
    <ele>1852.7</ele>
    <time>2026-06-25T23:30:14Z</time>
   </trkpt>
   <trkpt lat="39.7764970" lon="-105.2023720">
    <ele>1852.5</ele>
    <time>2026-06-25T23:30:15Z</time>
   </trkpt>
   <trkpt lat="39.7765260" lon="-105.2023520">
    <ele>1852.4</ele>
    <time>2026-06-25T23:30:16Z</time>
   </trkpt>
   <trkpt lat="39.7765560" lon="-105.2023280">
    <ele>1852.2</ele>
    <time>2026-06-25T23:30:17Z</time>
   </trkpt>
   <trkpt lat="39.7765910" lon="-105.2023120">
    <ele>1852.1</ele>
    <time>2026-06-25T23:30:18Z</time>
   </trkpt>
   <trkpt lat="39.7766230" lon="-105.2022900">
    <ele>1852.0</ele>
    <time>2026-06-25T23:30:19Z</time>
   </trkpt>
   <trkpt lat="39.7766630" lon="-105.2022830">
    <ele>1851.9</ele>
    <time>2026-06-25T23:30:20Z</time>
   </trkpt>
   <trkpt lat="39.7766990" lon="-105.2022850">
    <ele>1851.8</ele>
    <time>2026-06-25T23:30:21Z</time>
   </trkpt>
   <trkpt lat="39.7767230" lon="-105.2022840">
    <ele>1851.8</ele>
    <time>2026-06-25T23:30:22Z</time>
   </trkpt>
   <trkpt lat="39.7767580" lon="-105.2022750">
    <ele>1851.7</ele>
    <time>2026-06-25T23:30:23Z</time>
   </trkpt>
   <trkpt lat="39.7767850" lon="-105.2022620">
    <ele>1851.6</ele>
    <time>2026-06-25T23:30:24Z</time>
   </trkpt>
   <trkpt lat="39.7768110" lon="-105.2022550">
    <ele>1851.6</ele>
    <time>2026-06-25T23:30:25Z</time>
   </trkpt>
   <trkpt lat="39.7768290" lon="-105.2022490">
    <ele>1851.5</ele>
    <time>2026-06-25T23:30:26Z</time>
   </trkpt>
   <trkpt lat="39.7768290" lon="-105.2022530">
    <ele>1851.5</ele>
    <time>2026-06-25T23:30:27Z</time>
   </trkpt>
   <trkpt lat="39.7768350" lon="-105.2022520">
    <ele>1851.5</ele>
    <time>2026-06-25T23:30:28Z</time>
   </trkpt>
   <trkpt lat="39.7768370" lon="-105.2022510">
    <ele>1851.5</ele>
    <time>2026-06-25T23:30:29Z</time>
   </trkpt>
   <trkpt lat="39.7768470" lon="-105.2022470">
    <ele>1851.5</ele>
    <time>2026-06-25T23:30:30Z</time>
   </trkpt>
   <trkpt lat="39.7768660" lon="-105.2022380">
    <ele>1851.4</ele>
    <time>2026-06-25T23:30:31Z</time>
   </trkpt>
   <trkpt lat="39.7769030" lon="-105.2022380">
    <ele>1851.3</ele>
    <time>2026-06-25T23:30:32Z</time>
   </trkpt>
   <trkpt lat="39.7769260" lon="-105.2022360">
    <ele>1851.2</ele>
    <time>2026-06-25T23:30:33Z</time>
   </trkpt>
   <trkpt lat="39.7769500" lon="-105.2022280">
    <ele>1851.1</ele>
    <time>2026-06-25T23:30:34Z</time>
   </trkpt>
   <trkpt lat="39.7769990" lon="-105.2021960">
    <ele>1850.8</ele>
    <time>2026-06-25T23:30:35Z</time>
   </trkpt>
   <trkpt lat="39.7770270" lon="-105.2021400">
    <ele>1850.5</ele>
    <time>2026-06-25T23:30:36Z</time>
   </trkpt>
   <trkpt lat="39.7770760" lon="-105.2021220">
    <ele>1850.1</ele>
    <time>2026-06-25T23:30:37Z</time>
   </trkpt>
   <trkpt lat="39.7771300" lon="-105.2021150">
    <ele>1849.7</ele>
    <time>2026-06-25T23:30:38Z</time>
   </trkpt>
   <trkpt lat="39.7771850" lon="-105.2020920">
    <ele>1849.4</ele>
    <time>2026-06-25T23:30:39Z</time>
   </trkpt>
   <trkpt lat="39.7772100" lon="-105.2020420">
    <ele>1849.1</ele>
    <time>2026-06-25T23:30:40Z</time>
   </trkpt>
   <trkpt lat="39.7772170" lon="-105.2019910">
    <ele>1849.0</ele>
    <time>2026-06-25T23:30:41Z</time>
   </trkpt>
   <trkpt lat="39.7772390" lon="-105.2019640">
    <ele>1848.9</ele>
    <time>2026-06-25T23:30:42Z</time>
   </trkpt>
   <trkpt lat="39.7772710" lon="-105.2019550">
    <ele>1848.9</ele>
    <time>2026-06-25T23:30:43Z</time>
   </trkpt>
   <trkpt lat="39.7773110" lon="-105.2019470">
    <ele>1848.9</ele>
    <time>2026-06-25T23:30:44Z</time>
   </trkpt>
   <trkpt lat="39.7773490" lon="-105.2019430">
    <ele>1848.9</ele>
    <time>2026-06-25T23:30:46Z</time>
   </trkpt>
   <trkpt lat="39.7773970" lon="-105.2019720">
    <ele>1849.1</ele>
    <time>2026-06-25T23:30:47Z</time>
   </trkpt>
   <trkpt lat="39.7774130" lon="-105.2019780">
    <ele>1849.1</ele>
    <time>2026-06-25T23:30:48Z</time>
   </trkpt>
   <trkpt lat="39.7774350" lon="-105.2019860">
    <ele>1849.2</ele>
    <time>2026-06-25T23:30:49Z</time>
   </trkpt>
   <trkpt lat="39.7774560" lon="-105.2019900">
    <ele>1849.3</ele>
    <time>2026-06-25T23:30:50Z</time>
   </trkpt>
   <trkpt lat="39.7774970" lon="-105.2019940">
    <ele>1849.5</ele>
    <time>2026-06-25T23:30:51Z</time>
   </trkpt>
   <trkpt lat="39.7775120" lon="-105.2020080">
    <ele>1849.5</ele>
    <time>2026-06-25T23:30:52Z</time>
   </trkpt>
   <trkpt lat="39.7775570" lon="-105.2020190">
    <ele>1849.8</ele>
    <time>2026-06-25T23:30:53Z</time>
   </trkpt>
   <trkpt lat="39.7775810" lon="-105.2020210">
    <ele>1849.9</ele>
    <time>2026-06-25T23:30:54Z</time>
   </trkpt>
   <trkpt lat="39.7775910" lon="-105.2020340">
    <ele>1850.0</ele>
    <time>2026-06-25T23:30:55Z</time>
   </trkpt>
   <trkpt lat="39.7776170" lon="-105.2020410">
    <ele>1850.1</ele>
    <time>2026-06-25T23:30:56Z</time>
   </trkpt>
   <trkpt lat="39.7776330" lon="-105.2020410">
    <ele>1850.2</ele>
    <time>2026-06-25T23:30:57Z</time>
   </trkpt>
   <trkpt lat="39.7776660" lon="-105.2020590">
    <ele>1850.4</ele>
    <time>2026-06-25T23:30:58Z</time>
   </trkpt>
   <trkpt lat="39.7776820" lon="-105.2020680">
    <ele>1850.5</ele>
    <time>2026-06-25T23:30:59Z</time>
   </trkpt>
   <trkpt lat="39.7777010" lon="-105.2020720">
    <ele>1850.6</ele>
    <time>2026-06-25T23:31:00Z</time>
   </trkpt>
   <trkpt lat="39.7777210" lon="-105.2020810">
    <ele>1850.7</ele>
    <time>2026-06-25T23:31:01Z</time>
   </trkpt>
   <trkpt lat="39.7777350" lon="-105.2020970">
    <ele>1850.8</ele>
    <time>2026-06-25T23:31:02Z</time>
   </trkpt>
   <trkpt lat="39.7777560" lon="-105.2021120">
    <ele>1851.0</ele>
    <time>2026-06-25T23:31:03Z</time>
   </trkpt>
   <trkpt lat="39.7777820" lon="-105.2021350">
    <ele>1851.1</ele>
    <time>2026-06-25T23:31:04Z</time>
   </trkpt>
   <trkpt lat="39.7778000" lon="-105.2021510">
    <ele>1851.2</ele>
    <time>2026-06-25T23:31:05Z</time>
   </trkpt>
   <trkpt lat="39.7778250" lon="-105.2021600">
    <ele>1851.4</ele>
    <time>2026-06-25T23:31:06Z</time>
   </trkpt>
   <trkpt lat="39.7778500" lon="-105.2021510">
    <ele>1851.5</ele>
    <time>2026-06-25T23:31:07Z</time>
   </trkpt>
   <trkpt lat="39.7778820" lon="-105.2021570">
    <ele>1851.6</ele>
    <time>2026-06-25T23:31:08Z</time>
   </trkpt>
   <trkpt lat="39.7779040" lon="-105.2021640">
    <ele>1851.7</ele>
    <time>2026-06-25T23:31:09Z</time>
   </trkpt>
   <trkpt lat="39.7779310" lon="-105.2021710">
    <ele>1851.9</ele>
    <time>2026-06-25T23:31:10Z</time>
   </trkpt>
   <trkpt lat="39.7779560" lon="-105.2021760">
    <ele>1852.0</ele>
    <time>2026-06-25T23:31:11Z</time>
   </trkpt>
   <trkpt lat="39.7779720" lon="-105.2021740">
    <ele>1852.0</ele>
    <time>2026-06-25T23:31:12Z</time>
   </trkpt>
   <trkpt lat="39.7779940" lon="-105.2021750">
    <ele>1852.1</ele>
    <time>2026-06-25T23:31:13Z</time>
   </trkpt>
   <trkpt lat="39.7780150" lon="-105.2021800">
    <ele>1852.2</ele>
    <time>2026-06-25T23:31:14Z</time>
   </trkpt>
   <trkpt lat="39.7780330" lon="-105.2021860">
    <ele>1852.2</ele>
    <time>2026-06-25T23:31:15Z</time>
   </trkpt>
   <trkpt lat="39.7780600" lon="-105.2021990">
    <ele>1852.3</ele>
    <time>2026-06-25T23:31:16Z</time>
   </trkpt>
   <trkpt lat="39.7780960" lon="-105.2022150">
    <ele>1852.3</ele>
    <time>2026-06-25T23:31:17Z</time>
   </trkpt>
   <trkpt lat="39.7781310" lon="-105.2022320">
    <ele>1852.3</ele>
    <time>2026-06-25T23:31:18Z</time>
   </trkpt>
   <trkpt lat="39.7781450" lon="-105.2022760">
    <ele>1852.3</ele>
    <time>2026-06-25T23:31:19Z</time>
   </trkpt>
   <trkpt lat="39.7781850" lon="-105.2023080">
    <ele>1852.3</ele>
    <time>2026-06-25T23:31:20Z</time>
   </trkpt>
   <trkpt lat="39.7782210" lon="-105.2023220">
    <ele>1852.2</ele>
    <time>2026-06-25T23:31:21Z</time>
   </trkpt>
   <trkpt lat="39.7782510" lon="-105.2023190">
    <ele>1852.2</ele>
    <time>2026-06-25T23:31:22Z</time>
   </trkpt>
   <trkpt lat="39.7782840" lon="-105.2023300">
    <ele>1852.1</ele>
    <time>2026-06-25T23:31:23Z</time>
   </trkpt>
   <trkpt lat="39.7783210" lon="-105.2023400">
    <ele>1852.0</ele>
    <time>2026-06-25T23:31:24Z</time>
   </trkpt>
   <trkpt lat="39.7783550" lon="-105.2023560">
    <ele>1852.0</ele>
    <time>2026-06-25T23:31:25Z</time>
   </trkpt>
   <trkpt lat="39.7783880" lon="-105.2023570">
    <ele>1852.0</ele>
    <time>2026-06-25T23:31:26Z</time>
   </trkpt>
   <trkpt lat="39.7784230" lon="-105.2023750">
    <ele>1852.0</ele>
    <time>2026-06-25T23:31:27Z</time>
   </trkpt>
   <trkpt lat="39.7784500" lon="-105.2023930">
    <ele>1852.1</ele>
    <time>2026-06-25T23:31:28Z</time>
   </trkpt>
   <trkpt lat="39.7784870" lon="-105.2024110">
    <ele>1852.2</ele>
    <time>2026-06-25T23:31:29Z</time>
   </trkpt>
   <trkpt lat="39.7785150" lon="-105.2024210">
    <ele>1852.3</ele>
    <time>2026-06-25T23:31:30Z</time>
   </trkpt>
   <trkpt lat="39.7785370" lon="-105.2024390">
    <ele>1852.4</ele>
    <time>2026-06-25T23:31:31Z</time>
   </trkpt>
   <trkpt lat="39.7785620" lon="-105.2024780">
    <ele>1852.6</ele>
    <time>2026-06-25T23:31:32Z</time>
   </trkpt>
   <trkpt lat="39.7785780" lon="-105.2024900">
    <ele>1852.7</ele>
    <time>2026-06-25T23:31:33Z</time>
   </trkpt>
   <trkpt lat="39.7786040" lon="-105.2025100">
    <ele>1852.8</ele>
    <time>2026-06-25T23:31:34Z</time>
   </trkpt>
   <trkpt lat="39.7786190" lon="-105.2025270">
    <ele>1852.9</ele>
    <time>2026-06-25T23:31:35Z</time>
   </trkpt>
   <trkpt lat="39.7786410" lon="-105.2025450">
    <ele>1853.1</ele>
    <time>2026-06-25T23:31:36Z</time>
   </trkpt>
   <trkpt lat="39.7786550" lon="-105.2025560">
    <ele>1853.2</ele>
    <time>2026-06-25T23:31:37Z</time>
   </trkpt>
   <trkpt lat="39.7786650" lon="-105.2025760">
    <ele>1853.3</ele>
    <time>2026-06-25T23:31:38Z</time>
   </trkpt>
   <trkpt lat="39.7786890" lon="-105.2026010">
    <ele>1853.5</ele>
    <time>2026-06-25T23:31:39Z</time>
   </trkpt>
   <trkpt lat="39.7787050" lon="-105.2026020">
    <ele>1853.6</ele>
    <time>2026-06-25T23:31:40Z</time>
   </trkpt>
   <trkpt lat="39.7787160" lon="-105.2026210">
    <ele>1853.7</ele>
    <time>2026-06-25T23:31:41Z</time>
   </trkpt>
   <trkpt lat="39.7787320" lon="-105.2026650">
    <ele>1854.0</ele>
    <time>2026-06-25T23:31:42Z</time>
   </trkpt>
   <trkpt lat="39.7787590" lon="-105.2026540">
    <ele>1854.2</ele>
    <time>2026-06-25T23:31:43Z</time>
   </trkpt>
   <trkpt lat="39.7788020" lon="-105.2026800">
    <ele>1854.5</ele>
    <time>2026-06-25T23:31:44Z</time>
   </trkpt>
   <trkpt lat="39.7788130" lon="-105.2026880">
    <ele>1854.6</ele>
    <time>2026-06-25T23:31:45Z</time>
   </trkpt>
   <trkpt lat="39.7788460" lon="-105.2027040">
    <ele>1854.8</ele>
    <time>2026-06-25T23:31:46Z</time>
   </trkpt>
   <trkpt lat="39.7788630" lon="-105.2027140">
    <ele>1854.9</ele>
    <time>2026-06-25T23:31:47Z</time>
   </trkpt>
   <trkpt lat="39.7788710" lon="-105.2027280">
    <ele>1855.0</ele>
    <time>2026-06-25T23:31:48Z</time>
   </trkpt>
   <trkpt lat="39.7788840" lon="-105.2027300">
    <ele>1855.1</ele>
    <time>2026-06-25T23:31:49Z</time>
   </trkpt>
   <trkpt lat="39.7788950" lon="-105.2027270">
    <ele>1855.2</ele>
    <time>2026-06-25T23:31:50Z</time>
   </trkpt>
   <trkpt lat="39.7788620" lon="-105.2027250">
    <ele>1855.5</ele>
    <time>2026-06-25T23:31:51Z</time>
   </trkpt>
   <trkpt lat="39.7788690" lon="-105.2027200">
    <ele>1855.6</ele>
    <time>2026-06-25T23:31:52Z</time>
   </trkpt>
   <trkpt lat="39.7788670" lon="-105.2027290">
    <ele>1855.6</ele>
    <time>2026-06-25T23:31:53Z</time>
   </trkpt>
   <trkpt lat="39.7788790" lon="-105.2027180">
    <ele>1855.8</ele>
    <time>2026-06-25T23:31:54Z</time>
   </trkpt>
   <trkpt lat="39.7788750" lon="-105.2027210">
    <ele>1855.8</ele>
    <time>2026-06-25T23:31:55Z</time>
   </trkpt>
   <trkpt lat="39.7788820" lon="-105.2027150">
    <ele>1855.9</ele>
    <time>2026-06-25T23:31:56Z</time>
   </trkpt>
   <trkpt lat="39.7788850" lon="-105.2027170">
    <ele>1855.9</ele>
    <time>2026-06-25T23:31:57Z</time>
   </trkpt>
   <trkpt lat="39.7788790" lon="-105.2027110">
    <ele>1856.0</ele>
    <time>2026-06-25T23:31:58Z</time>
   </trkpt>
   <trkpt lat="39.7788930" lon="-105.2027120">
    <ele>1856.1</ele>
    <time>2026-06-25T23:31:59Z</time>
   </trkpt>
   <trkpt lat="39.7788910" lon="-105.2027240">
    <ele>1856.2</ele>
    <time>2026-06-25T23:32:00Z</time>
   </trkpt>
   <trkpt lat="39.7788930" lon="-105.2027180">
    <ele>1856.2</ele>
    <time>2026-06-25T23:32:01Z</time>
   </trkpt>
   <trkpt lat="39.7789220" lon="-105.2026670">
    <ele>1856.6</ele>
    <time>2026-06-25T23:32:11Z</time>
   </trkpt>
   <trkpt lat="39.7789160" lon="-105.2026800">
    <ele>1856.7</ele>
    <time>2026-06-25T23:32:12Z</time>
   </trkpt>
   <trkpt lat="39.7789010" lon="-105.2026590">
    <ele>1856.9</ele>
    <time>2026-06-25T23:32:13Z</time>
   </trkpt>
   <trkpt lat="39.7789220" lon="-105.2026310">
    <ele>1857.1</ele>
    <time>2026-06-25T23:32:14Z</time>
   </trkpt>
   <trkpt lat="39.7789090" lon="-105.2025990">
    <ele>1857.2</ele>
    <time>2026-06-25T23:32:15Z</time>
   </trkpt>
   <trkpt lat="39.7788940" lon="-105.2025870">
    <ele>1857.3</ele>
    <time>2026-06-25T23:32:16Z</time>
   </trkpt>
   <trkpt lat="39.7788850" lon="-105.2025720">
    <ele>1857.4</ele>
    <time>2026-06-25T23:32:17Z</time>
   </trkpt>
   <trkpt lat="39.7789150" lon="-105.2025740">
    <ele>1857.5</ele>
    <time>2026-06-25T23:32:18Z</time>
   </trkpt>
   <trkpt lat="39.7788890" lon="-105.2025410">
    <ele>1857.5</ele>
    <time>2026-06-25T23:32:19Z</time>
   </trkpt>
   <trkpt lat="39.7788670" lon="-105.2025060">
    <ele>1857.5</ele>
    <time>2026-06-25T23:32:20Z</time>
   </trkpt>
   <trkpt lat="39.7788550" lon="-105.2024830">
    <ele>1857.5</ele>
    <time>2026-06-25T23:32:21Z</time>
   </trkpt>
   <trkpt lat="39.7788560" lon="-105.2024510">
    <ele>1857.5</ele>
    <time>2026-06-25T23:32:22Z</time>
   </trkpt>
   <trkpt lat="39.7788470" lon="-105.2024240">
    <ele>1857.4</ele>
    <time>2026-06-25T23:32:23Z</time>
   </trkpt>
   <trkpt lat="39.7788410" lon="-105.2023970">
    <ele>1857.3</ele>
    <time>2026-06-25T23:32:24Z</time>
   </trkpt>
   <trkpt lat="39.7788330" lon="-105.2023750">
    <ele>1857.2</ele>
    <time>2026-06-25T23:32:25Z</time>
   </trkpt>
   <trkpt lat="39.7788120" lon="-105.2023650">
    <ele>1857.1</ele>
    <time>2026-06-25T23:32:26Z</time>
   </trkpt>
   <trkpt lat="39.7787960" lon="-105.2023500">
    <ele>1857.1</ele>
    <time>2026-06-25T23:32:27Z</time>
   </trkpt>
   <trkpt lat="39.7787980" lon="-105.2023160">
    <ele>1856.9</ele>
    <time>2026-06-25T23:32:28Z</time>
   </trkpt>
   <trkpt lat="39.7788010" lon="-105.2022520">
    <ele>1856.7</ele>
    <time>2026-06-25T23:32:29Z</time>
   </trkpt>
   <trkpt lat="39.7787960" lon="-105.2022390">
    <ele>1856.7</ele>
    <time>2026-06-25T23:32:30Z</time>
   </trkpt>
   <trkpt lat="39.7787820" lon="-105.2022110">
    <ele>1856.6</ele>
    <time>2026-06-25T23:32:31Z</time>
   </trkpt>
   <trkpt lat="39.7787860" lon="-105.2021690">
    <ele>1856.5</ele>
    <time>2026-06-25T23:32:32Z</time>
   </trkpt>
   <trkpt lat="39.7787780" lon="-105.2020940">
    <ele>1856.5</ele>
    <time>2026-06-25T23:32:33Z</time>
   </trkpt>
   <trkpt lat="39.7787750" lon="-105.2020170">
    <ele>1856.5</ele>
    <time>2026-06-25T23:32:34Z</time>
   </trkpt>
   <trkpt lat="39.7787680" lon="-105.2019980">
    <ele>1856.5</ele>
    <time>2026-06-25T23:32:35Z</time>
   </trkpt>
   <trkpt lat="39.7787490" lon="-105.2019680">
    <ele>1856.5</ele>
    <time>2026-06-25T23:32:36Z</time>
   </trkpt>
   <trkpt lat="39.7787220" lon="-105.2019440">
    <ele>1856.5</ele>
    <time>2026-06-25T23:32:37Z</time>
   </trkpt>
   <trkpt lat="39.7786930" lon="-105.2018920">
    <ele>1856.6</ele>
    <time>2026-06-25T23:32:38Z</time>
   </trkpt>
   <trkpt lat="39.7786700" lon="-105.2018760">
    <ele>1856.6</ele>
    <time>2026-06-25T23:32:39Z</time>
   </trkpt>
   <trkpt lat="39.7786710" lon="-105.2018400">
    <ele>1856.6</ele>
    <time>2026-06-25T23:32:40Z</time>
   </trkpt>
   <trkpt lat="39.7786700" lon="-105.2018060">
    <ele>1856.6</ele>
    <time>2026-06-25T23:32:41Z</time>
   </trkpt>
   <trkpt lat="39.7786610" lon="-105.2017610">
    <ele>1856.7</ele>
    <time>2026-06-25T23:32:42Z</time>
   </trkpt>
   <trkpt lat="39.7786570" lon="-105.2017210">
    <ele>1856.7</ele>
    <time>2026-06-25T23:32:43Z</time>
   </trkpt>
   <trkpt lat="39.7786660" lon="-105.2016690">
    <ele>1856.7</ele>
    <time>2026-06-25T23:32:44Z</time>
   </trkpt>
   <trkpt lat="39.7786420" lon="-105.2016380">
    <ele>1856.8</ele>
    <time>2026-06-25T23:32:45Z</time>
   </trkpt>
   <trkpt lat="39.7786410" lon="-105.2016140">
    <ele>1856.8</ele>
    <time>2026-06-25T23:32:46Z</time>
   </trkpt>
   <trkpt lat="39.7786320" lon="-105.2015750">
    <ele>1856.9</ele>
    <time>2026-06-25T23:32:47Z</time>
   </trkpt>
   <trkpt lat="39.7786410" lon="-105.2015280">
    <ele>1856.9</ele>
    <time>2026-06-25T23:32:48Z</time>
   </trkpt>
   <trkpt lat="39.7786380" lon="-105.2014830">
    <ele>1857.0</ele>
    <time>2026-06-25T23:32:49Z</time>
   </trkpt>
   <trkpt lat="39.7786280" lon="-105.2014350">
    <ele>1857.1</ele>
    <time>2026-06-25T23:32:50Z</time>
   </trkpt>
   <trkpt lat="39.7786180" lon="-105.2013980">
    <ele>1857.1</ele>
    <time>2026-06-25T23:32:52Z</time>
   </trkpt>
   <trkpt lat="39.7786150" lon="-105.2013600">
    <ele>1857.1</ele>
    <time>2026-06-25T23:32:53Z</time>
   </trkpt>
   <trkpt lat="39.7786190" lon="-105.2013160">
    <ele>1857.2</ele>
    <time>2026-06-25T23:32:54Z</time>
   </trkpt>
   <trkpt lat="39.7786080" lon="-105.2012760">
    <ele>1857.2</ele>
    <time>2026-06-25T23:32:55Z</time>
   </trkpt>
   <trkpt lat="39.7786080" lon="-105.2012320">
    <ele>1857.2</ele>
    <time>2026-06-25T23:32:56Z</time>
   </trkpt>
   <trkpt lat="39.7785850" lon="-105.2012140">
    <ele>1857.3</ele>
    <time>2026-06-25T23:32:57Z</time>
   </trkpt>
   <trkpt lat="39.7785460" lon="-105.2012000">
    <ele>1857.3</ele>
    <time>2026-06-25T23:32:58Z</time>
   </trkpt>
   <trkpt lat="39.7785370" lon="-105.2011660">
    <ele>1857.3</ele>
    <time>2026-06-25T23:32:59Z</time>
   </trkpt>
   <trkpt lat="39.7785270" lon="-105.2011320">
    <ele>1857.3</ele>
    <time>2026-06-25T23:33:00Z</time>
   </trkpt>
   <trkpt lat="39.7785190" lon="-105.2010900">
    <ele>1857.3</ele>
    <time>2026-06-25T23:33:01Z</time>
   </trkpt>
   <trkpt lat="39.7784930" lon="-105.2010720">
    <ele>1857.4</ele>
    <time>2026-06-25T23:33:02Z</time>
   </trkpt>
   <trkpt lat="39.7784790" lon="-105.2010410">
    <ele>1857.4</ele>
    <time>2026-06-25T23:33:03Z</time>
   </trkpt>
   <trkpt lat="39.7784980" lon="-105.2009750">
    <ele>1857.5</ele>
    <time>2026-06-25T23:33:04Z</time>
   </trkpt>
   <trkpt lat="39.7784770" lon="-105.2009440">
    <ele>1857.6</ele>
    <time>2026-06-25T23:33:05Z</time>
   </trkpt>
   <trkpt lat="39.7784810" lon="-105.2008840">
    <ele>1857.7</ele>
    <time>2026-06-25T23:33:06Z</time>
   </trkpt>
   <trkpt lat="39.7784630" lon="-105.2008480">
    <ele>1857.8</ele>
    <time>2026-06-25T23:33:07Z</time>
   </trkpt>
   <trkpt lat="39.7784570" lon="-105.2008050">
    <ele>1858.0</ele>
    <time>2026-06-25T23:33:08Z</time>
   </trkpt>
   <trkpt lat="39.7784730" lon="-105.2007590">
    <ele>1858.1</ele>
    <time>2026-06-25T23:33:09Z</time>
   </trkpt>
   <trkpt lat="39.7784720" lon="-105.2007220">
    <ele>1858.2</ele>
    <time>2026-06-25T23:33:10Z</time>
   </trkpt>
   <trkpt lat="39.7784630" lon="-105.2006820">
    <ele>1858.4</ele>
    <time>2026-06-25T23:33:11Z</time>
   </trkpt>
   <trkpt lat="39.7784600" lon="-105.2006420">
    <ele>1858.6</ele>
    <time>2026-06-25T23:33:12Z</time>
   </trkpt>
   <trkpt lat="39.7784480" lon="-105.2006050">
    <ele>1858.7</ele>
    <time>2026-06-25T23:33:13Z</time>
   </trkpt>
   <trkpt lat="39.7784340" lon="-105.2005690">
    <ele>1858.9</ele>
    <time>2026-06-25T23:33:14Z</time>
   </trkpt>
   <trkpt lat="39.7784140" lon="-105.2005450">
    <ele>1859.0</ele>
    <time>2026-06-25T23:33:15Z</time>
   </trkpt>
   <trkpt lat="39.7784020" lon="-105.2005080">
    <ele>1859.2</ele>
    <time>2026-06-25T23:33:16Z</time>
   </trkpt>
   <trkpt lat="39.7783800" lon="-105.2004850">
    <ele>1859.3</ele>
    <time>2026-06-25T23:33:17Z</time>
   </trkpt>
   <trkpt lat="39.7783530" lon="-105.2004620">
    <ele>1859.4</ele>
    <time>2026-06-25T23:33:18Z</time>
   </trkpt>
   <trkpt lat="39.7783480" lon="-105.2004110">
    <ele>1859.5</ele>
    <time>2026-06-25T23:33:19Z</time>
   </trkpt>
   <trkpt lat="39.7783350" lon="-105.2003750">
    <ele>1859.5</ele>
    <time>2026-06-25T23:33:20Z</time>
   </trkpt>
   <trkpt lat="39.7783230" lon="-105.2003430">
    <ele>1859.5</ele>
    <time>2026-06-25T23:33:21Z</time>
   </trkpt>
   <trkpt lat="39.7783250" lon="-105.2002850">
    <ele>1859.6</ele>
    <time>2026-06-25T23:33:22Z</time>
   </trkpt>
   <trkpt lat="39.7783210" lon="-105.2002370">
    <ele>1859.6</ele>
    <time>2026-06-25T23:33:23Z</time>
   </trkpt>
   <trkpt lat="39.7783030" lon="-105.2001960">
    <ele>1859.7</ele>
    <time>2026-06-25T23:33:24Z</time>
   </trkpt>
   <trkpt lat="39.7782980" lon="-105.2001560">
    <ele>1859.7</ele>
    <time>2026-06-25T23:33:25Z</time>
   </trkpt>
   <trkpt lat="39.7782930" lon="-105.2001130">
    <ele>1859.8</ele>
    <time>2026-06-25T23:33:26Z</time>
   </trkpt>
   <trkpt lat="39.7782820" lon="-105.2000840">
    <ele>1859.9</ele>
    <time>2026-06-25T23:33:27Z</time>
   </trkpt>
   <trkpt lat="39.7782620" lon="-105.2000390">
    <ele>1860.0</ele>
    <time>2026-06-25T23:33:28Z</time>
   </trkpt>
   <trkpt lat="39.7782090" lon="-105.1999920">
    <ele>1860.2</ele>
    <time>2026-06-25T23:33:29Z</time>
   </trkpt>
   <trkpt lat="39.7781860" lon="-105.1999590">
    <ele>1860.4</ele>
    <time>2026-06-25T23:33:30Z</time>
   </trkpt>
   <trkpt lat="39.7781730" lon="-105.1999230">
    <ele>1860.5</ele>
    <time>2026-06-25T23:33:31Z</time>
   </trkpt>
   <trkpt lat="39.7781430" lon="-105.1998770">
    <ele>1860.8</ele>
    <time>2026-06-25T23:33:32Z</time>
   </trkpt>
   <trkpt lat="39.7781320" lon="-105.1998770">
    <ele>1860.8</ele>
    <time>2026-06-25T23:33:33Z</time>
   </trkpt>
   <trkpt lat="39.7781100" lon="-105.1998550">
    <ele>1860.9</ele>
    <time>2026-06-25T23:33:34Z</time>
   </trkpt>
   <trkpt lat="39.7780780" lon="-105.1998240">
    <ele>1861.1</ele>
    <time>2026-06-25T23:33:35Z</time>
   </trkpt>
   <trkpt lat="39.7780480" lon="-105.1997730">
    <ele>1861.3</ele>
    <time>2026-06-25T23:33:36Z</time>
   </trkpt>
   <trkpt lat="39.7780240" lon="-105.1997450">
    <ele>1861.5</ele>
    <time>2026-06-25T23:33:37Z</time>
   </trkpt>
   <trkpt lat="39.7780020" lon="-105.1997170">
    <ele>1861.6</ele>
    <time>2026-06-25T23:33:38Z</time>
   </trkpt>
   <trkpt lat="39.7779570" lon="-105.1996730">
    <ele>1861.8</ele>
    <time>2026-06-25T23:33:39Z</time>
   </trkpt>
   <trkpt lat="39.7779510" lon="-105.1996480">
    <ele>1861.9</ele>
    <time>2026-06-25T23:33:40Z</time>
   </trkpt>
   <trkpt lat="39.7779280" lon="-105.1995990">
    <ele>1862.0</ele>
    <time>2026-06-25T23:33:41Z</time>
   </trkpt>
   <trkpt lat="39.7779170" lon="-105.1995700">
    <ele>1862.1</ele>
    <time>2026-06-25T23:33:42Z</time>
   </trkpt>
   <trkpt lat="39.7778750" lon="-105.1995070">
    <ele>1862.3</ele>
    <time>2026-06-25T23:33:43Z</time>
   </trkpt>
   <trkpt lat="39.7778600" lon="-105.1994880">
    <ele>1862.3</ele>
    <time>2026-06-25T23:33:44Z</time>
   </trkpt>
   <trkpt lat="39.7778400" lon="-105.1994540">
    <ele>1862.4</ele>
    <time>2026-06-25T23:33:45Z</time>
   </trkpt>
   <trkpt lat="39.7778160" lon="-105.1994010">
    <ele>1862.5</ele>
    <time>2026-06-25T23:33:46Z</time>
   </trkpt>
   <trkpt lat="39.7777970" lon="-105.1993940">
    <ele>1862.5</ele>
    <time>2026-06-25T23:33:47Z</time>
   </trkpt>
   <trkpt lat="39.7777730" lon="-105.1993440">
    <ele>1862.6</ele>
    <time>2026-06-25T23:33:48Z</time>
   </trkpt>
   <trkpt lat="39.7777670" lon="-105.1993200">
    <ele>1862.7</ele>
    <time>2026-06-25T23:33:49Z</time>
   </trkpt>
   <trkpt lat="39.7777580" lon="-105.1992630">
    <ele>1862.8</ele>
    <time>2026-06-25T23:33:50Z</time>
   </trkpt>
   <trkpt lat="39.7777400" lon="-105.1992170">
    <ele>1862.8</ele>
    <time>2026-06-25T23:33:51Z</time>
   </trkpt>
   <trkpt lat="39.7777300" lon="-105.1991760">
    <ele>1862.9</ele>
    <time>2026-06-25T23:33:52Z</time>
   </trkpt>
   <trkpt lat="39.7777390" lon="-105.1991420">
    <ele>1863.0</ele>
    <time>2026-06-25T23:33:53Z</time>
   </trkpt>
   <trkpt lat="39.7777250" lon="-105.1991100">
    <ele>1863.0</ele>
    <time>2026-06-25T23:33:54Z</time>
   </trkpt>
   <trkpt lat="39.7777040" lon="-105.1990670">
    <ele>1863.1</ele>
    <time>2026-06-25T23:33:55Z</time>
   </trkpt>
   <trkpt lat="39.7776790" lon="-105.1990390">
    <ele>1863.2</ele>
    <time>2026-06-25T23:33:56Z</time>
   </trkpt>
   <trkpt lat="39.7776540" lon="-105.1990100">
    <ele>1863.4</ele>
    <time>2026-06-25T23:33:57Z</time>
   </trkpt>
   <trkpt lat="39.7776390" lon="-105.1989740">
    <ele>1863.5</ele>
    <time>2026-06-25T23:33:58Z</time>
   </trkpt>
   <trkpt lat="39.7776010" lon="-105.1989310">
    <ele>1863.8</ele>
    <time>2026-06-25T23:33:59Z</time>
   </trkpt>
   <trkpt lat="39.7775540" lon="-105.1988710">
    <ele>1863.8</ele>
    <time>2026-06-25T23:34:00Z</time>
   </trkpt>
   <trkpt lat="39.7775370" lon="-105.1988080">
    <ele>1863.3</ele>
    <time>2026-06-25T23:34:01Z</time>
   </trkpt>
   <trkpt lat="39.7775050" lon="-105.1987040">
    <ele>1862.5</ele>
    <time>2026-06-25T23:34:02Z</time>
   </trkpt>
   <trkpt lat="39.7774840" lon="-105.1987470">
    <ele>1862.1</ele>
    <time>2026-06-25T23:34:03Z</time>
   </trkpt>
   <trkpt lat="39.7774610" lon="-105.1986960">
    <ele>1861.6</ele>
    <time>2026-06-25T23:34:04Z</time>
   </trkpt>
   <trkpt lat="39.7774030" lon="-105.1986170">
    <ele>1860.8</ele>
    <time>2026-06-25T23:34:05Z</time>
   </trkpt>
   <trkpt lat="39.7773350" lon="-105.1985360">
    <ele>1859.9</ele>
    <time>2026-06-25T23:34:06Z</time>
   </trkpt>
   <trkpt lat="39.7772830" lon="-105.1984690">
    <ele>1859.3</ele>
    <time>2026-06-25T23:34:07Z</time>
   </trkpt>
   <trkpt lat="39.7772480" lon="-105.1984360">
    <ele>1859.0</ele>
    <time>2026-06-25T23:34:08Z</time>
   </trkpt>
   <trkpt lat="39.7772150" lon="-105.1983810">
    <ele>1858.7</ele>
    <time>2026-06-25T23:34:09Z</time>
   </trkpt>
   <trkpt lat="39.7771990" lon="-105.1983300">
    <ele>1858.5</ele>
    <time>2026-06-25T23:34:10Z</time>
   </trkpt>
   <trkpt lat="39.7771930" lon="-105.1982860">
    <ele>1858.4</ele>
    <time>2026-06-25T23:34:11Z</time>
   </trkpt>
   <trkpt lat="39.7771790" lon="-105.1982340">
    <ele>1858.2</ele>
    <time>2026-06-25T23:34:12Z</time>
   </trkpt>
   <trkpt lat="39.7771500" lon="-105.1981820">
    <ele>1858.1</ele>
    <time>2026-06-25T23:34:13Z</time>
   </trkpt>
   <trkpt lat="39.7771080" lon="-105.1981280">
    <ele>1857.9</ele>
    <time>2026-06-25T23:34:14Z</time>
   </trkpt>
   <trkpt lat="39.7770700" lon="-105.1980870">
    <ele>1857.8</ele>
    <time>2026-06-25T23:34:15Z</time>
   </trkpt>
   <trkpt lat="39.7770330" lon="-105.1980360">
    <ele>1857.7</ele>
    <time>2026-06-25T23:34:16Z</time>
   </trkpt>
   <trkpt lat="39.7769960" lon="-105.1979890">
    <ele>1857.7</ele>
    <time>2026-06-25T23:34:17Z</time>
   </trkpt>
   <trkpt lat="39.7769730" lon="-105.1979410">
    <ele>1857.6</ele>
    <time>2026-06-25T23:34:18Z</time>
   </trkpt>
   <trkpt lat="39.7769530" lon="-105.1979120">
    <ele>1857.6</ele>
    <time>2026-06-25T23:34:19Z</time>
   </trkpt>
   <trkpt lat="39.7769290" lon="-105.1978640">
    <ele>1857.5</ele>
    <time>2026-06-25T23:34:20Z</time>
   </trkpt>
   <trkpt lat="39.7769010" lon="-105.1978210">
    <ele>1857.4</ele>
    <time>2026-06-25T23:34:21Z</time>
   </trkpt>
   <trkpt lat="39.7768770" lon="-105.1977790">
    <ele>1857.4</ele>
    <time>2026-06-25T23:34:22Z</time>
   </trkpt>
   <trkpt lat="39.7769070" lon="-105.1977020">
    <ele>1857.3</ele>
    <time>2026-06-25T23:34:23Z</time>
   </trkpt>
   <trkpt lat="39.7768720" lon="-105.1976550">
    <ele>1857.2</ele>
    <time>2026-06-25T23:34:24Z</time>
   </trkpt>
   <trkpt lat="39.7768450" lon="-105.1976060">
    <ele>1857.2</ele>
    <time>2026-06-25T23:34:25Z</time>
   </trkpt>
   <trkpt lat="39.7768170" lon="-105.1975640">
    <ele>1857.2</ele>
    <time>2026-06-25T23:34:26Z</time>
   </trkpt>
   <trkpt lat="39.7767960" lon="-105.1975140">
    <ele>1857.2</ele>
    <time>2026-06-25T23:34:27Z</time>
   </trkpt>
   <trkpt lat="39.7767810" lon="-105.1974560">
    <ele>1857.1</ele>
    <time>2026-06-25T23:34:28Z</time>
   </trkpt>
   <trkpt lat="39.7767680" lon="-105.1974030">
    <ele>1857.1</ele>
    <time>2026-06-25T23:34:29Z</time>
   </trkpt>
   <trkpt lat="39.7767600" lon="-105.1973450">
    <ele>1857.0</ele>
    <time>2026-06-25T23:34:30Z</time>
   </trkpt>
   <trkpt lat="39.7767460" lon="-105.1973080">
    <ele>1856.9</ele>
    <time>2026-06-25T23:34:31Z</time>
   </trkpt>
   <trkpt lat="39.7767340" lon="-105.1972570">
    <ele>1856.8</ele>
    <time>2026-06-25T23:34:32Z</time>
   </trkpt>
   <trkpt lat="39.7767250" lon="-105.1972000">
    <ele>1856.6</ele>
    <time>2026-06-25T23:34:33Z</time>
   </trkpt>
   <trkpt lat="39.7767130" lon="-105.1971580">
    <ele>1856.5</ele>
    <time>2026-06-25T23:34:34Z</time>
   </trkpt>
   <trkpt lat="39.7767070" lon="-105.1970860">
    <ele>1856.3</ele>
    <time>2026-06-25T23:34:35Z</time>
   </trkpt>
   <trkpt lat="39.7767020" lon="-105.1970890">
    <ele>1856.2</ele>
    <time>2026-06-25T23:34:36Z</time>
   </trkpt>
   <trkpt lat="39.7766910" lon="-105.1970520">
    <ele>1856.1</ele>
    <time>2026-06-25T23:34:37Z</time>
   </trkpt>
   <trkpt lat="39.7766800" lon="-105.1970110">
    <ele>1855.9</ele>
    <time>2026-06-25T23:34:38Z</time>
   </trkpt>
   <trkpt lat="39.7766650" lon="-105.1969140">
    <ele>1855.3</ele>
    <time>2026-06-25T23:34:39Z</time>
   </trkpt>
   <trkpt lat="39.7766690" lon="-105.1968240">
    <ele>1854.7</ele>
    <time>2026-06-25T23:34:40Z</time>
   </trkpt>
   <trkpt lat="39.7766740" lon="-105.1967340">
    <ele>1854.2</ele>
    <time>2026-06-25T23:34:41Z</time>
   </trkpt>
   <trkpt lat="39.7766860" lon="-105.1966390">
    <ele>1853.7</ele>
    <time>2026-06-25T23:34:42Z</time>
   </trkpt>
   <trkpt lat="39.7766750" lon="-105.1965560">
    <ele>1853.4</ele>
    <time>2026-06-25T23:34:43Z</time>
   </trkpt>
   <trkpt lat="39.7766580" lon="-105.1964690">
    <ele>1853.3</ele>
    <time>2026-06-25T23:34:44Z</time>
   </trkpt>
   <trkpt lat="39.7766460" lon="-105.1964060">
    <ele>1853.3</ele>
    <time>2026-06-25T23:34:45Z</time>
   </trkpt>
   <trkpt lat="39.7766620" lon="-105.1963310">
    <ele>1853.5</ele>
    <time>2026-06-25T23:34:46Z</time>
   </trkpt>
   <trkpt lat="39.7766880" lon="-105.1962810">
    <ele>1853.6</ele>
    <time>2026-06-25T23:34:47Z</time>
   </trkpt>
   <trkpt lat="39.7767080" lon="-105.1962390">
    <ele>1853.8</ele>
    <time>2026-06-25T23:34:48Z</time>
   </trkpt>
   <trkpt lat="39.7767340" lon="-105.1961880">
    <ele>1854.1</ele>
    <time>2026-06-25T23:34:49Z</time>
   </trkpt>
   <trkpt lat="39.7767540" lon="-105.1961360">
    <ele>1854.3</ele>
    <time>2026-06-25T23:34:50Z</time>
   </trkpt>
   <trkpt lat="39.7767950" lon="-105.1960910">
    <ele>1854.5</ele>
    <time>2026-06-25T23:34:51Z</time>
   </trkpt>
   <trkpt lat="39.7768300" lon="-105.1960630">
    <ele>1854.7</ele>
    <time>2026-06-25T23:34:52Z</time>
   </trkpt>
   <trkpt lat="39.7768500" lon="-105.1960280">
    <ele>1854.8</ele>
    <time>2026-06-25T23:34:53Z</time>
   </trkpt>
   <trkpt lat="39.7768800" lon="-105.1959850">
    <ele>1854.8</ele>
    <time>2026-06-25T23:34:54Z</time>
   </trkpt>
   <trkpt lat="39.7768850" lon="-105.1959360">
    <ele>1854.8</ele>
    <time>2026-06-25T23:34:55Z</time>
   </trkpt>
   <trkpt lat="39.7768890" lon="-105.1958920">
    <ele>1854.7</ele>
    <time>2026-06-25T23:34:56Z</time>
   </trkpt>
   <trkpt lat="39.7768940" lon="-105.1958530">
    <ele>1854.6</ele>
    <time>2026-06-25T23:34:58Z</time>
   </trkpt>
   <trkpt lat="39.7769160" lon="-105.1958140">
    <ele>1854.5</ele>
    <time>2026-06-25T23:34:59Z</time>
   </trkpt>
   <trkpt lat="39.7769270" lon="-105.1957720">
    <ele>1854.3</ele>
    <time>2026-06-25T23:35:00Z</time>
   </trkpt>
   <trkpt lat="39.7769410" lon="-105.1957250">
    <ele>1854.1</ele>
    <time>2026-06-25T23:35:01Z</time>
   </trkpt>
   <trkpt lat="39.7769580" lon="-105.1956770">
    <ele>1853.9</ele>
    <time>2026-06-25T23:35:02Z</time>
   </trkpt>
   <trkpt lat="39.7769750" lon="-105.1956240">
    <ele>1853.6</ele>
    <time>2026-06-25T23:35:03Z</time>
   </trkpt>
   <trkpt lat="39.7769970" lon="-105.1955730">
    <ele>1853.2</ele>
    <time>2026-06-25T23:35:04Z</time>
   </trkpt>
   <trkpt lat="39.7770240" lon="-105.1955190">
    <ele>1852.7</ele>
    <time>2026-06-25T23:35:05Z</time>
   </trkpt>
   <trkpt lat="39.7770420" lon="-105.1954700">
    <ele>1852.3</ele>
    <time>2026-06-25T23:35:06Z</time>
   </trkpt>
   <trkpt lat="39.7770560" lon="-105.1954060">
    <ele>1851.8</ele>
    <time>2026-06-25T23:35:07Z</time>
   </trkpt>
   <trkpt lat="39.7770790" lon="-105.1953340">
    <ele>1851.2</ele>
    <time>2026-06-25T23:35:08Z</time>
   </trkpt>
   <trkpt lat="39.7771010" lon="-105.1952870">
    <ele>1850.7</ele>
    <time>2026-06-25T23:35:09Z</time>
   </trkpt>
   <trkpt lat="39.7771320" lon="-105.1952350">
    <ele>1850.3</ele>
    <time>2026-06-25T23:35:10Z</time>
   </trkpt>
   <trkpt lat="39.7771550" lon="-105.1951730">
    <ele>1849.8</ele>
    <time>2026-06-25T23:35:11Z</time>
   </trkpt>
   <trkpt lat="39.7771690" lon="-105.1951040">
    <ele>1849.3</ele>
    <time>2026-06-25T23:35:12Z</time>
   </trkpt>
   <trkpt lat="39.7771950" lon="-105.1950430">
    <ele>1848.8</ele>
    <time>2026-06-25T23:35:13Z</time>
   </trkpt>
   <trkpt lat="39.7772190" lon="-105.1949890">
    <ele>1848.3</ele>
    <time>2026-06-25T23:35:14Z</time>
   </trkpt>
   <trkpt lat="39.7772650" lon="-105.1948680">
    <ele>1847.4</ele>
    <time>2026-06-25T23:35:15Z</time>
   </trkpt>
   <trkpt lat="39.7773010" lon="-105.1948070">
    <ele>1847.0</ele>
    <time>2026-06-25T23:35:16Z</time>
   </trkpt>
   <trkpt lat="39.7773340" lon="-105.1947440">
    <ele>1846.7</ele>
    <time>2026-06-25T23:35:17Z</time>
   </trkpt>
   <trkpt lat="39.7773710" lon="-105.1946970">
    <ele>1846.5</ele>
    <time>2026-06-25T23:35:18Z</time>
   </trkpt>
   <trkpt lat="39.7774060" lon="-105.1946530">
    <ele>1846.2</ele>
    <time>2026-06-25T23:35:19Z</time>
   </trkpt>
   <trkpt lat="39.7774430" lon="-105.1946340">
    <ele>1846.0</ele>
    <time>2026-06-25T23:35:20Z</time>
   </trkpt>
   <trkpt lat="39.7774610" lon="-105.1946250">
    <ele>1845.8</ele>
    <time>2026-06-25T23:35:21Z</time>
   </trkpt>
   <trkpt lat="39.7774790" lon="-105.1946150">
    <ele>1845.7</ele>
    <time>2026-06-25T23:35:22Z</time>
   </trkpt>
   <trkpt lat="39.7775180" lon="-105.1945830">
    <ele>1845.4</ele>
    <time>2026-06-25T23:35:23Z</time>
   </trkpt>
   <trkpt lat="39.7775570" lon="-105.1945440">
    <ele>1845.1</ele>
    <time>2026-06-25T23:35:24Z</time>
   </trkpt>
   <trkpt lat="39.7775980" lon="-105.1945040">
    <ele>1844.8</ele>
    <time>2026-06-25T23:35:25Z</time>
   </trkpt>
   <trkpt lat="39.7776350" lon="-105.1944660">
    <ele>1844.5</ele>
    <time>2026-06-25T23:35:26Z</time>
   </trkpt>
   <trkpt lat="39.7776580" lon="-105.1944130">
    <ele>1844.2</ele>
    <time>2026-06-25T23:35:27Z</time>
   </trkpt>
   <trkpt lat="39.7776740" lon="-105.1943370">
    <ele>1843.9</ele>
    <time>2026-06-25T23:35:28Z</time>
   </trkpt>
   <trkpt lat="39.7777060" lon="-105.1942730">
    <ele>1843.6</ele>
    <time>2026-06-25T23:35:29Z</time>
   </trkpt>
   <trkpt lat="39.7777240" lon="-105.1941980">
    <ele>1843.2</ele>
    <time>2026-06-25T23:35:30Z</time>
   </trkpt>
   <trkpt lat="39.7777350" lon="-105.1941260">
    <ele>1842.9</ele>
    <time>2026-06-25T23:35:31Z</time>
   </trkpt>
   <trkpt lat="39.7777570" lon="-105.1940590">
    <ele>1842.7</ele>
    <time>2026-06-25T23:35:32Z</time>
   </trkpt>
   <trkpt lat="39.7777760" lon="-105.1939850">
    <ele>1842.4</ele>
    <time>2026-06-25T23:35:33Z</time>
   </trkpt>
   <trkpt lat="39.7777840" lon="-105.1939200">
    <ele>1842.1</ele>
    <time>2026-06-25T23:35:34Z</time>
   </trkpt>
   <trkpt lat="39.7777960" lon="-105.1938550">
    <ele>1841.8</ele>
    <time>2026-06-25T23:35:35Z</time>
   </trkpt>
   <trkpt lat="39.7778300" lon="-105.1937930">
    <ele>1841.6</ele>
    <time>2026-06-25T23:35:36Z</time>
   </trkpt>
   <trkpt lat="39.7778610" lon="-105.1937530">
    <ele>1841.3</ele>
    <time>2026-06-25T23:35:37Z</time>
   </trkpt>
   <trkpt lat="39.7778890" lon="-105.1937260">
    <ele>1841.2</ele>
    <time>2026-06-25T23:35:38Z</time>
   </trkpt>
   <trkpt lat="39.7779240" lon="-105.1937150">
    <ele>1841.0</ele>
    <time>2026-06-25T23:35:39Z</time>
   </trkpt>
   <trkpt lat="39.7779640" lon="-105.1937120">
    <ele>1840.8</ele>
    <time>2026-06-25T23:35:40Z</time>
   </trkpt>
   <trkpt lat="39.7779800" lon="-105.1937140">
    <ele>1840.7</ele>
    <time>2026-06-25T23:35:41Z</time>
   </trkpt>
   <trkpt lat="39.7779800" lon="-105.1937170">
    <ele>1840.7</ele>
    <time>2026-06-25T23:35:42Z</time>
   </trkpt>
   <trkpt lat="39.7779700" lon="-105.1937170">
    <ele>1840.6</ele>
    <time>2026-06-25T23:35:43Z</time>
   </trkpt>
   <trkpt lat="39.7779710" lon="-105.1937190">
    <ele>1840.6</ele>
    <time>2026-06-25T23:35:44Z</time>
   </trkpt>
   <trkpt lat="39.7779700" lon="-105.1937200">
    <ele>1840.6</ele>
    <time>2026-06-25T23:35:45Z</time>
   </trkpt>
   <trkpt lat="39.7779680" lon="-105.1937230">
    <ele>1840.6</ele>
    <time>2026-06-25T23:35:46Z</time>
   </trkpt>
   <trkpt lat="39.7779740" lon="-105.1937300">
    <ele>1840.5</ele>
    <time>2026-06-25T23:35:47Z</time>
   </trkpt>
   <trkpt lat="39.7779720" lon="-105.1937300">
    <ele>1840.5</ele>
    <time>2026-06-25T23:35:48Z</time>
   </trkpt>
   <trkpt lat="39.7779720" lon="-105.1937340">
    <ele>1840.5</ele>
    <time>2026-06-25T23:35:49Z</time>
   </trkpt>
   <trkpt lat="39.7779700" lon="-105.1937390">
    <ele>1840.5</ele>
    <time>2026-06-25T23:35:50Z</time>
   </trkpt>
   <trkpt lat="39.7779710" lon="-105.1937350">
    <ele>1840.5</ele>
    <time>2026-06-25T23:35:51Z</time>
   </trkpt>
   <trkpt lat="39.7779750" lon="-105.1937190">
    <ele>1840.4</ele>
    <time>2026-06-25T23:35:52Z</time>
   </trkpt>
   <trkpt lat="39.7780130" lon="-105.1937100">
    <ele>1840.3</ele>
    <time>2026-06-25T23:35:54Z</time>
   </trkpt>
   <trkpt lat="39.7779840" lon="-105.1937200">
    <ele>1840.4</ele>
    <time>2026-06-25T23:35:55Z</time>
   </trkpt>
   <trkpt lat="39.7779820" lon="-105.1937210">
    <ele>1840.4</ele>
    <time>2026-06-25T23:35:56Z</time>
   </trkpt>
   <trkpt lat="39.7779580" lon="-105.1937160">
    <ele>1840.4</ele>
    <time>2026-06-25T23:35:57Z</time>
   </trkpt>
   <trkpt lat="39.7779530" lon="-105.1937210">
    <ele>1840.4</ele>
    <time>2026-06-25T23:35:58Z</time>
   </trkpt>
   <trkpt lat="39.7779660" lon="-105.1937260">
    <ele>1840.4</ele>
    <time>2026-06-25T23:35:59Z</time>
   </trkpt>
   <trkpt lat="39.7779680" lon="-105.1937190">
    <ele>1840.4</ele>
    <time>2026-06-25T23:36:00Z</time>
   </trkpt>
   <trkpt lat="39.7779630" lon="-105.1937150">
    <ele>1840.5</ele>
    <time>2026-06-25T23:36:01Z</time>
   </trkpt>
   <trkpt lat="39.7779640" lon="-105.1937210">
    <ele>1840.5</ele>
    <time>2026-06-25T23:36:02Z</time>
   </trkpt>
   <trkpt lat="39.7779620" lon="-105.1937160">
    <ele>1840.5</ele>
    <time>2026-06-25T23:36:03Z</time>
   </trkpt>
   <trkpt lat="39.7779520" lon="-105.1937200">
    <ele>1840.5</ele>
    <time>2026-06-25T23:36:04Z</time>
   </trkpt>
   <trkpt lat="39.7779510" lon="-105.1937220">
    <ele>1840.5</ele>
    <time>2026-06-25T23:36:05Z</time>
   </trkpt>
   <trkpt lat="39.7779380" lon="-105.1937230">
    <ele>1840.5</ele>
    <time>2026-06-25T23:36:06Z</time>
   </trkpt>
   <trkpt lat="39.7779310" lon="-105.1937270">
    <ele>1840.5</ele>
    <time>2026-06-25T23:36:07Z</time>
   </trkpt>
   <trkpt lat="39.7779120" lon="-105.1937310">
    <ele>1840.6</ele>
    <time>2026-06-25T23:36:08Z</time>
   </trkpt>
   <trkpt lat="39.7778900" lon="-105.1937410">
    <ele>1840.6</ele>
    <time>2026-06-25T23:36:09Z</time>
   </trkpt>
   <trkpt lat="39.7778740" lon="-105.1937530">
    <ele>1840.7</ele>
    <time>2026-06-25T23:36:10Z</time>
   </trkpt>
   <trkpt lat="39.7778630" lon="-105.1937710">
    <ele>1840.7</ele>
    <time>2026-06-25T23:36:11Z</time>
   </trkpt>
   <trkpt lat="39.7778420" lon="-105.1937710">
    <ele>1840.7</ele>
    <time>2026-06-25T23:36:12Z</time>
   </trkpt>
   <trkpt lat="39.7778340" lon="-105.1938170">
    <ele>1840.8</ele>
    <time>2026-06-25T23:36:13Z</time>
   </trkpt>
   <trkpt lat="39.7778170" lon="-105.1938520">
    <ele>1840.8</ele>
    <time>2026-06-25T23:36:14Z</time>
   </trkpt>
   <trkpt lat="39.7778030" lon="-105.1938890">
    <ele>1840.9</ele>
    <time>2026-06-25T23:36:15Z</time>
   </trkpt>
   <trkpt lat="39.7778000" lon="-105.1939140">
    <ele>1840.9</ele>
    <time>2026-06-25T23:36:16Z</time>
   </trkpt>
   <trkpt lat="39.7778040" lon="-105.1939270">
    <ele>1841.0</ele>
    <time>2026-06-25T23:36:17Z</time>
   </trkpt>
   <trkpt lat="39.7778060" lon="-105.1939190">
    <ele>1841.0</ele>
    <time>2026-06-25T23:36:18Z</time>
   </trkpt>
   <trkpt lat="39.7778020" lon="-105.1939310">
    <ele>1841.0</ele>
    <time>2026-06-25T23:36:19Z</time>
   </trkpt>
   <trkpt lat="39.7778030" lon="-105.1939200">
    <ele>1841.0</ele>
    <time>2026-06-25T23:36:20Z</time>
   </trkpt>
   <trkpt lat="39.7778060" lon="-105.1939140">
    <ele>1841.0</ele>
    <time>2026-06-25T23:36:21Z</time>
   </trkpt>
   <trkpt lat="39.7778180" lon="-105.1939090">
    <ele>1841.0</ele>
    <time>2026-06-25T23:36:22Z</time>
   </trkpt>
   <trkpt lat="39.7778460" lon="-105.1939460">
    <ele>1841.1</ele>
    <time>2026-06-25T23:36:23Z</time>
   </trkpt>
   <trkpt lat="39.7778270" lon="-105.1939470">
    <ele>1841.1</ele>
    <time>2026-06-25T23:36:24Z</time>
   </trkpt>
   <trkpt lat="39.7778230" lon="-105.1939510">
    <ele>1841.1</ele>
    <time>2026-06-25T23:36:25Z</time>
   </trkpt>
   <trkpt lat="39.7778230" lon="-105.1939480">
    <ele>1841.2</ele>
    <time>2026-06-25T23:36:26Z</time>
   </trkpt>
   <trkpt lat="39.7778180" lon="-105.1939450">
    <ele>1841.2</ele>
    <time>2026-06-25T23:36:27Z</time>
   </trkpt>
   <trkpt lat="39.7778150" lon="-105.1939440">
    <ele>1841.2</ele>
    <time>2026-06-25T23:36:28Z</time>
   </trkpt>
   <trkpt lat="39.7778170" lon="-105.1939460">
    <ele>1841.2</ele>
    <time>2026-06-25T23:36:29Z</time>
   </trkpt>
   <trkpt lat="39.7778180" lon="-105.1939580">
    <ele>1841.2</ele>
    <time>2026-06-25T23:36:30Z</time>
   </trkpt>
   <trkpt lat="39.7778190" lon="-105.1939560">
    <ele>1841.2</ele>
    <time>2026-06-25T23:36:31Z</time>
   </trkpt>
   <trkpt lat="39.7778170" lon="-105.1939520">
    <ele>1841.2</ele>
    <time>2026-06-25T23:36:32Z</time>
   </trkpt>
   <trkpt lat="39.7778140" lon="-105.1939500">
    <ele>1841.2</ele>
    <time>2026-06-25T23:36:33Z</time>
   </trkpt>
   <trkpt lat="39.7778160" lon="-105.1939520">
    <ele>1841.2</ele>
    <time>2026-06-25T23:36:34Z</time>
   </trkpt>
   <trkpt lat="39.7778160" lon="-105.1939510">
    <ele>1841.2</ele>
    <time>2026-06-25T23:36:35Z</time>
   </trkpt>
   <trkpt lat="39.7778200" lon="-105.1939550">
    <ele>1841.2</ele>
    <time>2026-06-25T23:36:58Z</time>
   </trkpt>
   <trkpt lat="39.7778190" lon="-105.1939560">
    <ele>1841.2</ele>
    <time>2026-06-25T23:36:59Z</time>
   </trkpt>
   <trkpt lat="39.7778240" lon="-105.1939600">
    <ele>1841.2</ele>
    <time>2026-06-25T23:37:00Z</time>
   </trkpt>
   <trkpt lat="39.7778170" lon="-105.1939570">
    <ele>1841.2</ele>
    <time>2026-06-25T23:37:01Z</time>
   </trkpt>
   <trkpt lat="39.7778280" lon="-105.1939420">
    <ele>1841.3</ele>
    <time>2026-06-25T23:37:02Z</time>
   </trkpt>
   <trkpt lat="39.7778220" lon="-105.1939690">
    <ele>1841.3</ele>
    <time>2026-06-25T23:37:04Z</time>
   </trkpt>
   <trkpt lat="39.7778240" lon="-105.1939690">
    <ele>1841.3</ele>
    <time>2026-06-25T23:37:05Z</time>
   </trkpt>
   <trkpt lat="39.7778210" lon="-105.1939730">
    <ele>1841.3</ele>
    <time>2026-06-25T23:37:06Z</time>
   </trkpt>
   <trkpt lat="39.7778250" lon="-105.1939720">
    <ele>1841.3</ele>
    <time>2026-06-25T23:37:07Z</time>
   </trkpt>
   <trkpt lat="39.7778450" lon="-105.1939670">
    <ele>1841.4</ele>
    <time>2026-06-25T23:37:08Z</time>
   </trkpt>
   <trkpt lat="39.7778470" lon="-105.1939600">
    <ele>1841.4</ele>
    <time>2026-06-25T23:37:09Z</time>
   </trkpt>
   <trkpt lat="39.7778470" lon="-105.1939830">
    <ele>1841.4</ele>
    <time>2026-06-25T23:37:10Z</time>
   </trkpt>
   <trkpt lat="39.7778250" lon="-105.1939670">
    <ele>1841.4</ele>
    <time>2026-06-25T23:37:11Z</time>
   </trkpt>
   <trkpt lat="39.7778240" lon="-105.1939760">
    <ele>1841.5</ele>
    <time>2026-06-25T23:37:12Z</time>
   </trkpt>
   <trkpt lat="39.7778250" lon="-105.1939810">
    <ele>1841.5</ele>
    <time>2026-06-25T23:37:13Z</time>
   </trkpt>
   <trkpt lat="39.7778210" lon="-105.1939710">
    <ele>1841.5</ele>
    <time>2026-06-25T23:37:14Z</time>
   </trkpt>
   <trkpt lat="39.7778210" lon="-105.1939710">
    <ele>1841.5</ele>
    <time>2026-06-25T23:37:15Z</time>
   </trkpt>
   <trkpt lat="39.7778210" lon="-105.1939710">
    <ele>1841.5</ele>
    <time>2026-06-25T23:37:16Z</time>
   </trkpt>
   <trkpt lat="39.7778210" lon="-105.1939710">
    <ele>1841.5</ele>
    <time>2026-06-25T23:37:17Z</time>
   </trkpt>
   <trkpt lat="39.7778220" lon="-105.1939560">
    <ele>1841.5</ele>
    <time>2026-06-25T23:37:18Z</time>
   </trkpt>
   <trkpt lat="39.7778230" lon="-105.1939560">
    <ele>1841.5</ele>
    <time>2026-06-25T23:37:19Z</time>
   </trkpt>
   <trkpt lat="39.7777920" lon="-105.1939540">
    <ele>1841.5</ele>
    <time>2026-06-25T23:37:28Z</time>
   </trkpt>
   <trkpt lat="39.7778210" lon="-105.1939270">
    <ele>1841.6</ele>
    <time>2026-06-25T23:37:29Z</time>
   </trkpt>
   <trkpt lat="39.7778210" lon="-105.1939240">
    <ele>1841.6</ele>
    <time>2026-06-25T23:37:30Z</time>
   </trkpt>
   <trkpt lat="39.7778180" lon="-105.1939260">
    <ele>1841.6</ele>
    <time>2026-06-25T23:37:31Z</time>
   </trkpt>
   <trkpt lat="39.7778250" lon="-105.1939180">
    <ele>1841.6</ele>
    <time>2026-06-25T23:37:32Z</time>
   </trkpt>
   <trkpt lat="39.7778180" lon="-105.1939160">
    <ele>1841.6</ele>
    <time>2026-06-25T23:37:33Z</time>
   </trkpt>
   <trkpt lat="39.7778210" lon="-105.1939140">
    <ele>1841.7</ele>
    <time>2026-06-25T23:37:34Z</time>
   </trkpt>
   <trkpt lat="39.7778240" lon="-105.1939110">
    <ele>1841.7</ele>
    <time>2026-06-25T23:37:35Z</time>
   </trkpt>
   <trkpt lat="39.7778180" lon="-105.1939130">
    <ele>1841.7</ele>
    <time>2026-06-25T23:37:36Z</time>
   </trkpt>
   <trkpt lat="39.7778160" lon="-105.1939220">
    <ele>1841.7</ele>
    <time>2026-06-25T23:37:37Z</time>
   </trkpt>
   <trkpt lat="39.7778160" lon="-105.1939260">
    <ele>1841.7</ele>
    <time>2026-06-25T23:37:38Z</time>
   </trkpt>
   <trkpt lat="39.7778600" lon="-105.1939490">
    <ele>1841.8</ele>
    <time>2026-06-25T23:37:54Z</time>
   </trkpt>
   <trkpt lat="39.7778600" lon="-105.1939490">
    <ele>1841.8</ele>
    <time>2026-06-25T23:37:55Z</time>
   </trkpt>
   <trkpt lat="39.7778600" lon="-105.1939490">
    <ele>1841.8</ele>
    <time>2026-06-25T23:37:56Z</time>
   </trkpt>
   <trkpt lat="39.7778600" lon="-105.1939490">
    <ele>1841.8</ele>
    <time>2026-06-25T23:37:57Z</time>
   </trkpt>
   <trkpt lat="39.7778600" lon="-105.1939490">
    <ele>1841.8</ele>
    <time>2026-06-25T23:37:58Z</time>
   </trkpt>
   <trkpt lat="39.7778400" lon="-105.1939450">
    <ele>1841.8</ele>
    <time>2026-06-25T23:37:59Z</time>
   </trkpt>
   <trkpt lat="39.7778400" lon="-105.1939450">
    <ele>1841.8</ele>
    <time>2026-06-25T23:38:00Z</time>
   </trkpt>
   <trkpt lat="39.7778400" lon="-105.1939450">
    <ele>1841.8</ele>
    <time>2026-06-25T23:38:01Z</time>
   </trkpt>
   <trkpt lat="39.7778400" lon="-105.1939450">
    <ele>1841.8</ele>
    <time>2026-06-25T23:38:02Z</time>
   </trkpt>
   <trkpt lat="39.7777990" lon="-105.1939880">
    <ele>1841.9</ele>
    <time>2026-06-25T23:38:03Z</time>
   </trkpt>
   <trkpt lat="39.7778280" lon="-105.1939530">
    <ele>1842.0</ele>
    <time>2026-06-25T23:38:04Z</time>
   </trkpt>
   <trkpt lat="39.7778250" lon="-105.1939560">
    <ele>1842.0</ele>
    <time>2026-06-25T23:38:05Z</time>
   </trkpt>
   <trkpt lat="39.7778230" lon="-105.1939550">
    <ele>1842.0</ele>
    <time>2026-06-25T23:38:06Z</time>
   </trkpt>
   <trkpt lat="39.7778190" lon="-105.1939570">
    <ele>1842.0</ele>
    <time>2026-06-25T23:38:07Z</time>
   </trkpt>
   <trkpt lat="39.7778160" lon="-105.1939540">
    <ele>1842.0</ele>
    <time>2026-06-25T23:38:08Z</time>
   </trkpt>
   <trkpt lat="39.7778160" lon="-105.1939540">
    <ele>1842.0</ele>
    <time>2026-06-25T23:38:09Z</time>
   </trkpt>
   <trkpt lat="39.7778150" lon="-105.1939550">
    <ele>1842.0</ele>
    <time>2026-06-25T23:38:10Z</time>
   </trkpt>
   <trkpt lat="39.7778150" lon="-105.1939550">
    <ele>1842.0</ele>
    <time>2026-06-25T23:38:11Z</time>
   </trkpt>
   <trkpt lat="39.7778140" lon="-105.1939520">
    <ele>1842.0</ele>
    <time>2026-06-25T23:38:12Z</time>
   </trkpt>
   <trkpt lat="39.7778140" lon="-105.1939520">
    <ele>1842.0</ele>
    <time>2026-06-25T23:38:13Z</time>
   </trkpt>
   <trkpt lat="39.7778480" lon="-105.1939450">
    <ele>1842.0</ele>
    <time>2026-06-25T23:39:08Z</time>
   </trkpt>
   <trkpt lat="39.7778470" lon="-105.1939430">
    <ele>1842.1</ele>
    <time>2026-06-25T23:39:09Z</time>
   </trkpt>
   <trkpt lat="39.7778410" lon="-105.1939430">
    <ele>1842.1</ele>
    <time>2026-06-25T23:39:10Z</time>
   </trkpt>
   <trkpt lat="39.7778360" lon="-105.1939430">
    <ele>1842.1</ele>
    <time>2026-06-25T23:39:11Z</time>
   </trkpt>
   <trkpt lat="39.7778360" lon="-105.1939430">
    <ele>1842.1</ele>
    <time>2026-06-25T23:39:12Z</time>
   </trkpt>
   <trkpt lat="39.7778320" lon="-105.1939320">
    <ele>1842.1</ele>
    <time>2026-06-25T23:39:13Z</time>
   </trkpt>
   <trkpt lat="39.7778320" lon="-105.1939320">
    <ele>1842.1</ele>
    <time>2026-06-25T23:39:14Z</time>
   </trkpt>
   <trkpt lat="39.7778320" lon="-105.1939320">
    <ele>1842.1</ele>
    <time>2026-06-25T23:39:15Z</time>
   </trkpt>
   <trkpt lat="39.7778320" lon="-105.1939320">
    <ele>1842.1</ele>
    <time>2026-06-25T23:39:16Z</time>
   </trkpt>
   <trkpt lat="39.7778320" lon="-105.1939320">
    <ele>1842.1</ele>
    <time>2026-06-25T23:39:17Z</time>
   </trkpt>
   <trkpt lat="39.7778320" lon="-105.1939320">
    <ele>1842.1</ele>
    <time>2026-06-25T23:39:18Z</time>
   </trkpt>
   <trkpt lat="39.7778320" lon="-105.1939500">
    <ele>1842.1</ele>
    <time>2026-06-25T23:39:29Z</time>
   </trkpt>
   <trkpt lat="39.7778280" lon="-105.1939430">
    <ele>1842.1</ele>
    <time>2026-06-25T23:39:30Z</time>
   </trkpt>
   <trkpt lat="39.7778290" lon="-105.1939470">
    <ele>1842.1</ele>
    <time>2026-06-25T23:39:31Z</time>
   </trkpt>
   <trkpt lat="39.7778310" lon="-105.1939460">
    <ele>1842.1</ele>
    <time>2026-06-25T23:39:32Z</time>
   </trkpt>
   <trkpt lat="39.7778260" lon="-105.1939470">
    <ele>1842.1</ele>
    <time>2026-06-25T23:39:33Z</time>
   </trkpt>
   <trkpt lat="39.7778260" lon="-105.1939470">
    <ele>1842.1</ele>
    <time>2026-06-25T23:39:34Z</time>
   </trkpt>
   <trkpt lat="39.7778260" lon="-105.1939470">
    <ele>1842.1</ele>
    <time>2026-06-25T23:39:35Z</time>
   </trkpt>
   <trkpt lat="39.7778260" lon="-105.1939470">
    <ele>1842.1</ele>
    <time>2026-06-25T23:39:36Z</time>
   </trkpt>
   <trkpt lat="39.7778260" lon="-105.1939470">
    <ele>1842.1</ele>
    <time>2026-06-25T23:39:37Z</time>
   </trkpt>
   <trkpt lat="39.7778260" lon="-105.1939470">
    <ele>1842.1</ele>
    <time>2026-06-25T23:39:38Z</time>
   </trkpt>
   <trkpt lat="39.7778250" lon="-105.1939340">
    <ele>1842.2</ele>
    <time>2026-06-25T23:40:23Z</time>
   </trkpt>
   <trkpt lat="39.7778270" lon="-105.1939370">
    <ele>1842.2</ele>
    <time>2026-06-25T23:40:24Z</time>
   </trkpt>
   <trkpt lat="39.7778260" lon="-105.1939340">
    <ele>1842.2</ele>
    <time>2026-06-25T23:40:25Z</time>
   </trkpt>
   <trkpt lat="39.7778270" lon="-105.1939370">
    <ele>1842.2</ele>
    <time>2026-06-25T23:40:26Z</time>
   </trkpt>
   <trkpt lat="39.7778150" lon="-105.1939390">
    <ele>1842.2</ele>
    <time>2026-06-25T23:40:27Z</time>
   </trkpt>
   <trkpt lat="39.7778170" lon="-105.1939420">
    <ele>1842.2</ele>
    <time>2026-06-25T23:40:28Z</time>
   </trkpt>
   <trkpt lat="39.7778180" lon="-105.1939380">
    <ele>1842.2</ele>
    <time>2026-06-25T23:40:29Z</time>
   </trkpt>
   <trkpt lat="39.7778190" lon="-105.1939380">
    <ele>1842.2</ele>
    <time>2026-06-25T23:40:30Z</time>
   </trkpt>
   <trkpt lat="39.7778190" lon="-105.1939380">
    <ele>1842.2</ele>
    <time>2026-06-25T23:40:31Z</time>
   </trkpt>
   <trkpt lat="39.7778190" lon="-105.1939380">
    <ele>1842.2</ele>
    <time>2026-06-25T23:40:32Z</time>
   </trkpt>
   <trkpt lat="39.7778160" lon="-105.1938890">
    <ele>1842.3</ele>
    <time>2026-06-25T23:43:08Z</time>
   </trkpt>
   <trkpt lat="39.7777990" lon="-105.1939020">
    <ele>1842.3</ele>
    <time>2026-06-25T23:43:09Z</time>
   </trkpt>
   <trkpt lat="39.7778150" lon="-105.1939200">
    <ele>1842.3</ele>
    <time>2026-06-25T23:43:10Z</time>
   </trkpt>
   <trkpt lat="39.7778180" lon="-105.1939170">
    <ele>1842.3</ele>
    <time>2026-06-25T23:43:11Z</time>
   </trkpt>
   <trkpt lat="39.7778200" lon="-105.1939180">
    <ele>1842.3</ele>
    <time>2026-06-25T23:43:12Z</time>
   </trkpt>
   <trkpt lat="39.7778230" lon="-105.1939250">
    <ele>1842.4</ele>
    <time>2026-06-25T23:43:13Z</time>
   </trkpt>
   <trkpt lat="39.7778230" lon="-105.1939250">
    <ele>1842.4</ele>
    <time>2026-06-25T23:43:14Z</time>
   </trkpt>
   <trkpt lat="39.7778230" lon="-105.1939250">
    <ele>1842.4</ele>
    <time>2026-06-25T23:43:15Z</time>
   </trkpt>
   <trkpt lat="39.7778230" lon="-105.1939250">
    <ele>1842.4</ele>
    <time>2026-06-25T23:43:16Z</time>
   </trkpt>
   <trkpt lat="39.7778230" lon="-105.1939250">
    <ele>1842.4</ele>
    <time>2026-06-25T23:43:17Z</time>
   </trkpt>
   <trkpt lat="39.7778230" lon="-105.1939250">
    <ele>1842.4</ele>
    <time>2026-06-25T23:43:18Z</time>
   </trkpt>
   <trkpt lat="39.7778230" lon="-105.1939250">
    <ele>1842.4</ele>
    <time>2026-06-25T23:43:19Z</time>
   </trkpt>
   <trkpt lat="39.7777840" lon="-105.1939490">
    <ele>1842.4</ele>
    <time>2026-06-25T23:43:42Z</time>
   </trkpt>
   <trkpt lat="39.7778060" lon="-105.1939440">
    <ele>1842.5</ele>
    <time>2026-06-25T23:43:43Z</time>
   </trkpt>
   <trkpt lat="39.7778170" lon="-105.1939360">
    <ele>1842.5</ele>
    <time>2026-06-25T23:43:44Z</time>
   </trkpt>
   <trkpt lat="39.7778110" lon="-105.1939260">
    <ele>1842.5</ele>
    <time>2026-06-25T23:43:45Z</time>
   </trkpt>
   <trkpt lat="39.7778150" lon="-105.1939290">
    <ele>1842.5</ele>
    <time>2026-06-25T23:43:46Z</time>
   </trkpt>
   <trkpt lat="39.7778140" lon="-105.1939240">
    <ele>1842.5</ele>
    <time>2026-06-25T23:43:47Z</time>
   </trkpt>
   <trkpt lat="39.7778310" lon="-105.1939560">
    <ele>1842.6</ele>
    <time>2026-06-25T23:43:48Z</time>
   </trkpt>
   <trkpt lat="39.7778190" lon="-105.1939400">
    <ele>1842.6</ele>
    <time>2026-06-25T23:43:49Z</time>
   </trkpt>
   <trkpt lat="39.7778150" lon="-105.1939430">
    <ele>1842.6</ele>
    <time>2026-06-25T23:43:50Z</time>
   </trkpt>
   <trkpt lat="39.7778190" lon="-105.1939390">
    <ele>1842.6</ele>
    <time>2026-06-25T23:43:51Z</time>
   </trkpt>
   <trkpt lat="39.7778250" lon="-105.1939400">
    <ele>1842.6</ele>
    <time>2026-06-25T23:43:52Z</time>
   </trkpt>
   <trkpt lat="39.7778290" lon="-105.1939360">
    <ele>1842.6</ele>
    <time>2026-06-25T23:43:53Z</time>
   </trkpt>
   <trkpt lat="39.7778250" lon="-105.1939330">
    <ele>1842.6</ele>
    <time>2026-06-25T23:43:54Z</time>
   </trkpt>
   <trkpt lat="39.7778220" lon="-105.1939370">
    <ele>1842.7</ele>
    <time>2026-06-25T23:43:55Z</time>
   </trkpt>
   <trkpt lat="39.7778210" lon="-105.1939400">
    <ele>1842.7</ele>
    <time>2026-06-25T23:43:56Z</time>
   </trkpt>
   <trkpt lat="39.7778220" lon="-105.1939370">
    <ele>1842.7</ele>
    <time>2026-06-25T23:43:57Z</time>
   </trkpt>
   <trkpt lat="39.7778210" lon="-105.1939790">
    <ele>1842.7</ele>
    <time>2026-06-25T23:44:43Z</time>
   </trkpt>
   <trkpt lat="39.7778270" lon="-105.1939910">
    <ele>1842.7</ele>
    <time>2026-06-25T23:44:44Z</time>
   </trkpt>
   <trkpt lat="39.7778240" lon="-105.1939660">
    <ele>1842.8</ele>
    <time>2026-06-25T23:44:45Z</time>
   </trkpt>
   <trkpt lat="39.7778240" lon="-105.1939500">
    <ele>1842.8</ele>
    <time>2026-06-25T23:44:46Z</time>
   </trkpt>
   <trkpt lat="39.7778210" lon="-105.1939430">
    <ele>1842.8</ele>
    <time>2026-06-25T23:44:47Z</time>
   </trkpt>
   <trkpt lat="39.7778200" lon="-105.1939450">
    <ele>1842.8</ele>
    <time>2026-06-25T23:44:48Z</time>
   </trkpt>
   <trkpt lat="39.7778190" lon="-105.1939410">
    <ele>1842.8</ele>
    <time>2026-06-25T23:44:49Z</time>
   </trkpt>
   <trkpt lat="39.7778220" lon="-105.1939430">
    <ele>1842.8</ele>
    <time>2026-06-25T23:44:50Z</time>
   </trkpt>
   <trkpt lat="39.7778170" lon="-105.1939410">
    <ele>1842.8</ele>
    <time>2026-06-25T23:44:51Z</time>
   </trkpt>
   <trkpt lat="39.7778140" lon="-105.1939320">
    <ele>1842.8</ele>
    <time>2026-06-25T23:44:52Z</time>
   </trkpt>
   <trkpt lat="39.7778130" lon="-105.1939400">
    <ele>1842.8</ele>
    <time>2026-06-25T23:44:53Z</time>
   </trkpt>
   <trkpt lat="39.7778670" lon="-105.1939630">
    <ele>1842.9</ele>
    <time>2026-06-25T23:48:01Z</time>
   </trkpt>
   <trkpt lat="39.7778490" lon="-105.1939250">
    <ele>1843.0</ele>
    <time>2026-06-25T23:48:02Z</time>
   </trkpt>
   <trkpt lat="39.7778240" lon="-105.1939230">
    <ele>1843.0</ele>
    <time>2026-06-25T23:48:03Z</time>
   </trkpt>
   <trkpt lat="39.7778200" lon="-105.1939250">
    <ele>1843.0</ele>
    <time>2026-06-25T23:48:04Z</time>
   </trkpt>
   <trkpt lat="39.7778230" lon="-105.1939280">
    <ele>1843.1</ele>
    <time>2026-06-25T23:48:05Z</time>
   </trkpt>
   <trkpt lat="39.7778240" lon="-105.1939240">
    <ele>1843.1</ele>
    <time>2026-06-25T23:48:06Z</time>
   </trkpt>
   <trkpt lat="39.7778180" lon="-105.1939430">
    <ele>1843.1</ele>
    <time>2026-06-25T23:48:07Z</time>
   </trkpt>
   <trkpt lat="39.7778220" lon="-105.1939440">
    <ele>1843.1</ele>
    <time>2026-06-25T23:48:08Z</time>
   </trkpt>
   <trkpt lat="39.7778240" lon="-105.1939400">
    <ele>1843.1</ele>
    <time>2026-06-25T23:48:09Z</time>
   </trkpt>
   <trkpt lat="39.7778250" lon="-105.1939430">
    <ele>1843.1</ele>
    <time>2026-06-25T23:48:10Z</time>
   </trkpt>
   <trkpt lat="39.7778250" lon="-105.1939430">
    <ele>1843.1</ele>
    <time>2026-06-25T23:48:11Z</time>
   </trkpt>
   <trkpt lat="39.7778050" lon="-105.1939310">
    <ele>1843.1</ele>
    <time>2026-06-25T23:51:31Z</time>
   </trkpt>
   <trkpt lat="39.7778110" lon="-105.1939420">
    <ele>1843.2</ele>
    <time>2026-06-25T23:51:32Z</time>
   </trkpt>
   <trkpt lat="39.7778100" lon="-105.1939310">
    <ele>1843.2</ele>
    <time>2026-06-25T23:51:33Z</time>
   </trkpt>
   <trkpt lat="39.7778110" lon="-105.1939330">
    <ele>1843.2</ele>
    <time>2026-06-25T23:51:34Z</time>
   </trkpt>
   <trkpt lat="39.7778150" lon="-105.1939300">
    <ele>1843.2</ele>
    <time>2026-06-25T23:51:35Z</time>
   </trkpt>
   <trkpt lat="39.7778150" lon="-105.1939300">
    <ele>1843.2</ele>
    <time>2026-06-25T23:51:36Z</time>
   </trkpt>
   <trkpt lat="39.7778240" lon="-105.1939320">
    <ele>1843.2</ele>
    <time>2026-06-25T23:51:37Z</time>
   </trkpt>
   <trkpt lat="39.7778250" lon="-105.1939280">
    <ele>1843.2</ele>
    <time>2026-06-25T23:51:38Z</time>
   </trkpt>
   <trkpt lat="39.7778200" lon="-105.1939250">
    <ele>1843.2</ele>
    <time>2026-06-25T23:51:39Z</time>
   </trkpt>
   <trkpt lat="39.7778210" lon="-105.1939230">
    <ele>1843.2</ele>
    <time>2026-06-25T23:51:40Z</time>
   </trkpt>
   <trkpt lat="39.7778310" lon="-105.1938740">
    <ele>1843.3</ele>
    <time>2026-06-25T23:52:31Z</time>
   </trkpt>
   <trkpt lat="39.7778300" lon="-105.1938770">
    <ele>1843.3</ele>
    <time>2026-06-25T23:52:32Z</time>
   </trkpt>
   <trkpt lat="39.7778350" lon="-105.1938850">
    <ele>1843.3</ele>
    <time>2026-06-25T23:52:33Z</time>
   </trkpt>
   <trkpt lat="39.7778410" lon="-105.1938950">
    <ele>1843.3</ele>
    <time>2026-06-25T23:52:34Z</time>
   </trkpt>
   <trkpt lat="39.7778350" lon="-105.1939020">
    <ele>1843.4</ele>
    <time>2026-06-25T23:52:35Z</time>
   </trkpt>
   <trkpt lat="39.7778260" lon="-105.1938960">
    <ele>1843.4</ele>
    <time>2026-06-25T23:52:36Z</time>
   </trkpt>
   <trkpt lat="39.7778150" lon="-105.1939030">
    <ele>1843.4</ele>
    <time>2026-06-25T23:52:37Z</time>
   </trkpt>
   <trkpt lat="39.7778160" lon="-105.1938980">
    <ele>1843.4</ele>
    <time>2026-06-25T23:52:38Z</time>
   </trkpt>
   <trkpt lat="39.7778230" lon="-105.1939060">
    <ele>1843.4</ele>
    <time>2026-06-25T23:52:39Z</time>
   </trkpt>
   <trkpt lat="39.7778220" lon="-105.1939100">
    <ele>1843.4</ele>
    <time>2026-06-25T23:52:40Z</time>
   </trkpt>
   <trkpt lat="39.7778210" lon="-105.1939130">
    <ele>1843.4</ele>
    <time>2026-06-25T23:52:41Z</time>
   </trkpt>
   <trkpt lat="39.7778240" lon="-105.1939560">
    <ele>1843.5</ele>
    <time>2026-06-25T23:56:09Z</time>
   </trkpt>
   <trkpt lat="39.7778270" lon="-105.1939590">
    <ele>1843.5</ele>
    <time>2026-06-25T23:56:10Z</time>
   </trkpt>
   <trkpt lat="39.7778270" lon="-105.1939570">
    <ele>1843.5</ele>
    <time>2026-06-25T23:56:11Z</time>
   </trkpt>
   <trkpt lat="39.7778270" lon="-105.1939570">
    <ele>1843.5</ele>
    <time>2026-06-25T23:56:12Z</time>
   </trkpt>
   <trkpt lat="39.7778270" lon="-105.1939570">
    <ele>1843.5</ele>
    <time>2026-06-25T23:56:13Z</time>
   </trkpt>
   <trkpt lat="39.7778270" lon="-105.1939570">
    <ele>1843.5</ele>
    <time>2026-06-25T23:56:14Z</time>
   </trkpt>
   <trkpt lat="39.7778270" lon="-105.1939570">
    <ele>1843.5</ele>
    <time>2026-06-25T23:56:15Z</time>
   </trkpt>
   <trkpt lat="39.7778270" lon="-105.1939570">
    <ele>1843.5</ele>
    <time>2026-06-25T23:56:16Z</time>
   </trkpt>
   <trkpt lat="39.7778270" lon="-105.1939570">
    <ele>1843.5</ele>
    <time>2026-06-25T23:56:17Z</time>
   </trkpt>
   <trkpt lat="39.7778270" lon="-105.1939570">
    <ele>1843.5</ele>
    <time>2026-06-25T23:56:18Z</time>
   </trkpt>
   <trkpt lat="39.7777840" lon="-105.1939300">
    <ele>1843.6</ele>
    <time>2026-06-25T23:58:55Z</time>
   </trkpt>
   <trkpt lat="39.7777930" lon="-105.1939270">
    <ele>1843.6</ele>
    <time>2026-06-25T23:58:56Z</time>
   </trkpt>
   <trkpt lat="39.7777970" lon="-105.1939270">
    <ele>1843.6</ele>
    <time>2026-06-25T23:58:57Z</time>
   </trkpt>
   <trkpt lat="39.7778010" lon="-105.1939330">
    <ele>1843.6</ele>
    <time>2026-06-25T23:58:58Z</time>
   </trkpt>
   <trkpt lat="39.7777970" lon="-105.1939310">
    <ele>1843.6</ele>
    <time>2026-06-25T23:58:59Z</time>
   </trkpt>
   <trkpt lat="39.7778010" lon="-105.1939330">
    <ele>1843.6</ele>
    <time>2026-06-25T23:59:00Z</time>
   </trkpt>
   <trkpt lat="39.7778070" lon="-105.1939330">
    <ele>1843.7</ele>
    <time>2026-06-25T23:59:01Z</time>
   </trkpt>
   <trkpt lat="39.7778100" lon="-105.1939350">
    <ele>1843.7</ele>
    <time>2026-06-25T23:59:02Z</time>
   </trkpt>
   <trkpt lat="39.7778100" lon="-105.1939350">
    <ele>1843.7</ele>
    <time>2026-06-25T23:59:03Z</time>
   </trkpt>
   <trkpt lat="39.7778100" lon="-105.1939350">
    <ele>1843.7</ele>
    <time>2026-06-25T23:59:04Z</time>
   </trkpt>
   <trkpt lat="39.7777820" lon="-105.1939240">
    <ele>1843.7</ele>
    <time>2026-06-25T23:59:41Z</time>
   </trkpt>
   <trkpt lat="39.7777990" lon="-105.1939200">
    <ele>1843.7</ele>
    <time>2026-06-25T23:59:42Z</time>
   </trkpt>
   <trkpt lat="39.7777980" lon="-105.1939200">
    <ele>1843.7</ele>
    <time>2026-06-25T23:59:43Z</time>
   </trkpt>
   <trkpt lat="39.7778010" lon="-105.1939230">
    <ele>1843.8</ele>
    <time>2026-06-25T23:59:44Z</time>
   </trkpt>
   <trkpt lat="39.7778010" lon="-105.1939180">
    <ele>1843.8</ele>
    <time>2026-06-25T23:59:45Z</time>
   </trkpt>
   <trkpt lat="39.7778060" lon="-105.1939180">
    <ele>1843.8</ele>
    <time>2026-06-25T23:59:46Z</time>
   </trkpt>
   <trkpt lat="39.7778060" lon="-105.1939170">
    <ele>1843.8</ele>
    <time>2026-06-25T23:59:47Z</time>
   </trkpt>
   <trkpt lat="39.7778040" lon="-105.1939200">
    <ele>1843.8</ele>
    <time>2026-06-25T23:59:48Z</time>
   </trkpt>
   <trkpt lat="39.7778040" lon="-105.1939190">
    <ele>1843.8</ele>
    <time>2026-06-25T23:59:49Z</time>
   </trkpt>
   <trkpt lat="39.7778030" lon="-105.1939210">
    <ele>1843.8</ele>
    <time>2026-06-25T23:59:50Z</time>
   </trkpt>
   <trkpt lat="39.7778490" lon="-105.1939510">
    <ele>1843.9</ele>
    <time>2026-06-26T00:01:45Z</time>
   </trkpt>
   <trkpt lat="39.7778320" lon="-105.1939410">
    <ele>1843.9</ele>
    <time>2026-06-26T00:01:46Z</time>
   </trkpt>
   <trkpt lat="39.7778330" lon="-105.1939370">
    <ele>1843.9</ele>
    <time>2026-06-26T00:01:47Z</time>
   </trkpt>
   <trkpt lat="39.7778320" lon="-105.1939370">
    <ele>1843.9</ele>
    <time>2026-06-26T00:01:48Z</time>
   </trkpt>
   <trkpt lat="39.7778220" lon="-105.1939360">
    <ele>1843.9</ele>
    <time>2026-06-26T00:01:49Z</time>
   </trkpt>
   <trkpt lat="39.7778210" lon="-105.1939400">
    <ele>1844.0</ele>
    <time>2026-06-26T00:01:50Z</time>
   </trkpt>
   <trkpt lat="39.7778090" lon="-105.1939420">
    <ele>1844.0</ele>
    <time>2026-06-26T00:01:51Z</time>
   </trkpt>
   <trkpt lat="39.7778180" lon="-105.1939370">
    <ele>1844.0</ele>
    <time>2026-06-26T00:01:52Z</time>
   </trkpt>
   <trkpt lat="39.7778220" lon="-105.1939360">
    <ele>1844.0</ele>
    <time>2026-06-26T00:01:53Z</time>
   </trkpt>
   <trkpt lat="39.7778220" lon="-105.1939340">
    <ele>1844.0</ele>
    <time>2026-06-26T00:01:54Z</time>
   </trkpt>
   <trkpt lat="39.7778140" lon="-105.1939310">
    <ele>1844.0</ele>
    <time>2026-06-26T00:01:55Z</time>
   </trkpt>
   <trkpt lat="39.7778180" lon="-105.1939330">
    <ele>1844.0</ele>
    <time>2026-06-26T00:01:56Z</time>
   </trkpt>
   <trkpt lat="39.7778220" lon="-105.1939310">
    <ele>1844.0</ele>
    <time>2026-06-26T00:01:57Z</time>
   </trkpt>
   <trkpt lat="39.7778260" lon="-105.1939310">
    <ele>1844.0</ele>
    <time>2026-06-26T00:01:58Z</time>
   </trkpt>
   <trkpt lat="39.7778260" lon="-105.1939300">
    <ele>1844.0</ele>
    <time>2026-06-26T00:01:59Z</time>
   </trkpt>
   <trkpt lat="39.7778230" lon="-105.1939270">
    <ele>1844.1</ele>
    <time>2026-06-26T00:02:00Z</time>
   </trkpt>
   <trkpt lat="39.7778370" lon="-105.1939110">
    <ele>1844.1</ele>
    <time>2026-06-26T00:04:24Z</time>
   </trkpt>
   <trkpt lat="39.7778450" lon="-105.1939180">
    <ele>1844.1</ele>
    <time>2026-06-26T00:04:25Z</time>
   </trkpt>
   <trkpt lat="39.7778600" lon="-105.1939160">
    <ele>1844.1</ele>
    <time>2026-06-26T00:04:26Z</time>
   </trkpt>
   <trkpt lat="39.7778520" lon="-105.1939190">
    <ele>1844.2</ele>
    <time>2026-06-26T00:04:27Z</time>
   </trkpt>
   <trkpt lat="39.7778510" lon="-105.1939210">
    <ele>1844.2</ele>
    <time>2026-06-26T00:04:28Z</time>
   </trkpt>
   <trkpt lat="39.7778510" lon="-105.1939220">
    <ele>1844.2</ele>
    <time>2026-06-26T00:04:29Z</time>
   </trkpt>
   <trkpt lat="39.7778540" lon="-105.1939230">
    <ele>1844.2</ele>
    <time>2026-06-26T00:04:30Z</time>
   </trkpt>
   <trkpt lat="39.7778510" lon="-105.1939220">
    <ele>1844.2</ele>
    <time>2026-06-26T00:04:31Z</time>
   </trkpt>
   <trkpt lat="39.7778480" lon="-105.1939210">
    <ele>1844.2</ele>
    <time>2026-06-26T00:04:32Z</time>
   </trkpt>
   <trkpt lat="39.7778480" lon="-105.1939220">
    <ele>1844.2</ele>
    <time>2026-06-26T00:04:33Z</time>
   </trkpt>
   <trkpt lat="39.7778480" lon="-105.1939220">
    <ele>1844.2</ele>
    <time>2026-06-26T00:04:34Z</time>
   </trkpt>
   <trkpt lat="39.7778480" lon="-105.1939220">
    <ele>1844.2</ele>
    <time>2026-06-26T00:04:35Z</time>
   </trkpt>
   <trkpt lat="39.7778480" lon="-105.1939220">
    <ele>1844.2</ele>
    <time>2026-06-26T00:04:36Z</time>
   </trkpt>
   <trkpt lat="39.7778310" lon="-105.1939530">
    <ele>1844.2</ele>
    <time>2026-06-26T00:05:18Z</time>
   </trkpt>
   <trkpt lat="39.7778440" lon="-105.1939500">
    <ele>1844.3</ele>
    <time>2026-06-26T00:05:19Z</time>
   </trkpt>
   <trkpt lat="39.7778410" lon="-105.1939280">
    <ele>1844.3</ele>
    <time>2026-06-26T00:05:20Z</time>
   </trkpt>
   <trkpt lat="39.7778360" lon="-105.1939340">
    <ele>1844.3</ele>
    <time>2026-06-26T00:05:21Z</time>
   </trkpt>
   <trkpt lat="39.7778340" lon="-105.1939400">
    <ele>1844.3</ele>
    <time>2026-06-26T00:05:22Z</time>
   </trkpt>
   <trkpt lat="39.7778360" lon="-105.1939410">
    <ele>1844.3</ele>
    <time>2026-06-26T00:05:23Z</time>
   </trkpt>
   <trkpt lat="39.7778350" lon="-105.1939390">
    <ele>1844.3</ele>
    <time>2026-06-26T00:05:24Z</time>
   </trkpt>
   <trkpt lat="39.7778380" lon="-105.1939400">
    <ele>1844.3</ele>
    <time>2026-06-26T00:05:25Z</time>
   </trkpt>
   <trkpt lat="39.7778350" lon="-105.1939390">
    <ele>1844.3</ele>
    <time>2026-06-26T00:05:26Z</time>
   </trkpt>
   <trkpt lat="39.7778390" lon="-105.1939380">
    <ele>1844.4</ele>
    <time>2026-06-26T00:05:27Z</time>
   </trkpt>
   <trkpt lat="39.7778400" lon="-105.1939380">
    <ele>1844.4</ele>
    <time>2026-06-26T00:05:28Z</time>
   </trkpt>
   <trkpt lat="39.7777750" lon="-105.1939540">
    <ele>1844.5</ele>
    <time>2026-06-26T00:06:51Z</time>
   </trkpt>
   <trkpt lat="39.7778070" lon="-105.1939460">
    <ele>1844.6</ele>
    <time>2026-06-26T00:06:52Z</time>
   </trkpt>
   <trkpt lat="39.7778060" lon="-105.1939430">
    <ele>1844.6</ele>
    <time>2026-06-26T00:06:53Z</time>
   </trkpt>
   <trkpt lat="39.7778090" lon="-105.1939390">
    <ele>1844.6</ele>
    <time>2026-06-26T00:06:54Z</time>
   </trkpt>
   <trkpt lat="39.7778090" lon="-105.1939390">
    <ele>1844.6</ele>
    <time>2026-06-26T00:06:55Z</time>
   </trkpt>
   <trkpt lat="39.7778090" lon="-105.1939390">
    <ele>1844.6</ele>
    <time>2026-06-26T00:06:56Z</time>
   </trkpt>
   <trkpt lat="39.7778090" lon="-105.1939390">
    <ele>1844.6</ele>
    <time>2026-06-26T00:06:57Z</time>
   </trkpt>
   <trkpt lat="39.7778090" lon="-105.1939390">
    <ele>1844.6</ele>
    <time>2026-06-26T00:06:58Z</time>
   </trkpt>
   <trkpt lat="39.7778090" lon="-105.1939390">
    <ele>1844.6</ele>
    <time>2026-06-26T00:06:59Z</time>
   </trkpt>
   <trkpt lat="39.7778090" lon="-105.1939390">
    <ele>1844.6</ele>
    <time>2026-06-26T00:07:00Z</time>
   </trkpt>
   <trkpt lat="39.7777660" lon="-105.1938580">
    <ele>1844.7</ele>
    <time>2026-06-26T00:07:10Z</time>
   </trkpt>
   <trkpt lat="39.7777770" lon="-105.1938760">
    <ele>1844.8</ele>
    <time>2026-06-26T00:07:11Z</time>
   </trkpt>
   <trkpt lat="39.7777770" lon="-105.1938890">
    <ele>1844.8</ele>
    <time>2026-06-26T00:07:12Z</time>
   </trkpt>
   <trkpt lat="39.7777840" lon="-105.1939130">
    <ele>1844.8</ele>
    <time>2026-06-26T00:07:13Z</time>
   </trkpt>
   <trkpt lat="39.7777880" lon="-105.1939170">
    <ele>1844.8</ele>
    <time>2026-06-26T00:07:14Z</time>
   </trkpt>
   <trkpt lat="39.7777900" lon="-105.1939210">
    <ele>1844.8</ele>
    <time>2026-06-26T00:07:15Z</time>
   </trkpt>
   <trkpt lat="39.7777900" lon="-105.1939260">
    <ele>1844.9</ele>
    <time>2026-06-26T00:07:16Z</time>
   </trkpt>
   <trkpt lat="39.7777890" lon="-105.1939270">
    <ele>1844.9</ele>
    <time>2026-06-26T00:07:17Z</time>
   </trkpt>
   <trkpt lat="39.7777900" lon="-105.1939360">
    <ele>1844.9</ele>
    <time>2026-06-26T00:07:18Z</time>
   </trkpt>
   <trkpt lat="39.7777940" lon="-105.1939290">
    <ele>1844.9</ele>
    <time>2026-06-26T00:07:19Z</time>
   </trkpt>
   <trkpt lat="39.7777960" lon="-105.1939280">
    <ele>1844.9</ele>
    <time>2026-06-26T00:07:20Z</time>
   </trkpt>
   <trkpt lat="39.7777940" lon="-105.1939310">
    <ele>1844.9</ele>
    <time>2026-06-26T00:07:21Z</time>
   </trkpt>
   <trkpt lat="39.7776930" lon="-105.1939670">
    <ele>1845.1</ele>
    <time>2026-06-26T00:07:23Z</time>
   </trkpt>
   <trkpt lat="39.7777140" lon="-105.1939520">
    <ele>1845.2</ele>
    <time>2026-06-26T00:07:24Z</time>
   </trkpt>
   <trkpt lat="39.7777340" lon="-105.1939490">
    <ele>1845.2</ele>
    <time>2026-06-26T00:07:25Z</time>
   </trkpt>
   <trkpt lat="39.7777770" lon="-105.1939420">
    <ele>1845.3</ele>
    <time>2026-06-26T00:07:26Z</time>
   </trkpt>
   <trkpt lat="39.7777880" lon="-105.1939420">
    <ele>1845.3</ele>
    <time>2026-06-26T00:07:27Z</time>
   </trkpt>
   <trkpt lat="39.7777830" lon="-105.1939600">
    <ele>1845.4</ele>
    <time>2026-06-26T00:07:28Z</time>
   </trkpt>
   <trkpt lat="39.7777850" lon="-105.1939740">
    <ele>1845.4</ele>
    <time>2026-06-26T00:07:29Z</time>
   </trkpt>
   <trkpt lat="39.7777750" lon="-105.1939980">
    <ele>1845.4</ele>
    <time>2026-06-26T00:07:30Z</time>
   </trkpt>
   <trkpt lat="39.7777720" lon="-105.1940180">
    <ele>1845.5</ele>
    <time>2026-06-26T00:07:31Z</time>
   </trkpt>
   <trkpt lat="39.7777640" lon="-105.1940400">
    <ele>1845.5</ele>
    <time>2026-06-26T00:07:32Z</time>
   </trkpt>
   <trkpt lat="39.7777570" lon="-105.1940630">
    <ele>1845.6</ele>
    <time>2026-06-26T00:07:33Z</time>
   </trkpt>
   <trkpt lat="39.7777560" lon="-105.1940850">
    <ele>1845.6</ele>
    <time>2026-06-26T00:07:34Z</time>
   </trkpt>
   <trkpt lat="39.7777580" lon="-105.1941140">
    <ele>1845.6</ele>
    <time>2026-06-26T00:07:35Z</time>
   </trkpt>
   <trkpt lat="39.7777500" lon="-105.1941510">
    <ele>1845.7</ele>
    <time>2026-06-26T00:07:36Z</time>
   </trkpt>
   <trkpt lat="39.7777460" lon="-105.1941900">
    <ele>1845.8</ele>
    <time>2026-06-26T00:07:37Z</time>
   </trkpt>
   <trkpt lat="39.7777360" lon="-105.1942200">
    <ele>1845.8</ele>
    <time>2026-06-26T00:07:38Z</time>
   </trkpt>
   <trkpt lat="39.7777340" lon="-105.1942450">
    <ele>1845.9</ele>
    <time>2026-06-26T00:07:39Z</time>
   </trkpt>
   <trkpt lat="39.7777300" lon="-105.1942830">
    <ele>1845.9</ele>
    <time>2026-06-26T00:07:40Z</time>
   </trkpt>
   <trkpt lat="39.7777090" lon="-105.1943260">
    <ele>1846.0</ele>
    <time>2026-06-26T00:07:41Z</time>
   </trkpt>
   <trkpt lat="39.7776830" lon="-105.1943570">
    <ele>1846.1</ele>
    <time>2026-06-26T00:07:42Z</time>
   </trkpt>
   <trkpt lat="39.7776580" lon="-105.1943840">
    <ele>1846.2</ele>
    <time>2026-06-26T00:07:43Z</time>
   </trkpt>
   <trkpt lat="39.7776520" lon="-105.1944020">
    <ele>1846.2</ele>
    <time>2026-06-26T00:07:44Z</time>
   </trkpt>
   <trkpt lat="39.7776450" lon="-105.1944230">
    <ele>1846.2</ele>
    <time>2026-06-26T00:07:45Z</time>
   </trkpt>
   <trkpt lat="39.7776140" lon="-105.1944200">
    <ele>1846.3</ele>
    <time>2026-06-26T00:07:46Z</time>
   </trkpt>
   <trkpt lat="39.7776030" lon="-105.1944550">
    <ele>1846.3</ele>
    <time>2026-06-26T00:07:47Z</time>
   </trkpt>
   <trkpt lat="39.7775950" lon="-105.1944900">
    <ele>1846.4</ele>
    <time>2026-06-26T00:07:48Z</time>
   </trkpt>
   <trkpt lat="39.7775760" lon="-105.1945020">
    <ele>1846.4</ele>
    <time>2026-06-26T00:07:49Z</time>
   </trkpt>
   <trkpt lat="39.7775560" lon="-105.1945210">
    <ele>1846.5</ele>
    <time>2026-06-26T00:07:50Z</time>
   </trkpt>
   <trkpt lat="39.7775360" lon="-105.1945370">
    <ele>1846.5</ele>
    <time>2026-06-26T00:07:51Z</time>
   </trkpt>
   <trkpt lat="39.7775160" lon="-105.1945500">
    <ele>1846.6</ele>
    <time>2026-06-26T00:07:52Z</time>
   </trkpt>
   <trkpt lat="39.7775020" lon="-105.1945600">
    <ele>1846.6</ele>
    <time>2026-06-26T00:07:53Z</time>
   </trkpt>
   <trkpt lat="39.7774810" lon="-105.1945660">
    <ele>1846.6</ele>
    <time>2026-06-26T00:07:54Z</time>
   </trkpt>
   <trkpt lat="39.7774560" lon="-105.1945720">
    <ele>1846.7</ele>
    <time>2026-06-26T00:07:55Z</time>
   </trkpt>
   <trkpt lat="39.7774400" lon="-105.1945960">
    <ele>1846.7</ele>
    <time>2026-06-26T00:07:56Z</time>
   </trkpt>
   <trkpt lat="39.7774290" lon="-105.1946250">
    <ele>1846.8</ele>
    <time>2026-06-26T00:07:57Z</time>
   </trkpt>
   <trkpt lat="39.7774170" lon="-105.1946510">
    <ele>1846.8</ele>
    <time>2026-06-26T00:07:58Z</time>
   </trkpt>
   <trkpt lat="39.7774090" lon="-105.1946740">
    <ele>1846.8</ele>
    <time>2026-06-26T00:07:59Z</time>
   </trkpt>
   <trkpt lat="39.7773940" lon="-105.1946920">
    <ele>1846.9</ele>
    <time>2026-06-26T00:08:00Z</time>
   </trkpt>
   <trkpt lat="39.7773760" lon="-105.1947110">
    <ele>1846.9</ele>
    <time>2026-06-26T00:08:01Z</time>
   </trkpt>
   <trkpt lat="39.7773620" lon="-105.1947340">
    <ele>1847.0</ele>
    <time>2026-06-26T00:08:02Z</time>
   </trkpt>
   <trkpt lat="39.7773490" lon="-105.1947560">
    <ele>1847.0</ele>
    <time>2026-06-26T00:08:03Z</time>
   </trkpt>
   <trkpt lat="39.7773310" lon="-105.1947770">
    <ele>1847.0</ele>
    <time>2026-06-26T00:08:04Z</time>
   </trkpt>
   <trkpt lat="39.7773240" lon="-105.1948060">
    <ele>1847.1</ele>
    <time>2026-06-26T00:08:05Z</time>
   </trkpt>
   <trkpt lat="39.7773110" lon="-105.1948330">
    <ele>1847.2</ele>
    <time>2026-06-26T00:08:06Z</time>
   </trkpt>
   <trkpt lat="39.7772950" lon="-105.1948570">
    <ele>1847.4</ele>
    <time>2026-06-26T00:08:07Z</time>
   </trkpt>
   <trkpt lat="39.7772830" lon="-105.1948720">
    <ele>1847.5</ele>
    <time>2026-06-26T00:08:08Z</time>
   </trkpt>
   <trkpt lat="39.7772760" lon="-105.1948970">
    <ele>1847.7</ele>
    <time>2026-06-26T00:08:09Z</time>
   </trkpt>
   <trkpt lat="39.7772710" lon="-105.1949350">
    <ele>1847.9</ele>
    <time>2026-06-26T00:08:10Z</time>
   </trkpt>
   <trkpt lat="39.7772580" lon="-105.1949580">
    <ele>1848.1</ele>
    <time>2026-06-26T00:08:11Z</time>
   </trkpt>
   <trkpt lat="39.7772500" lon="-105.1949820">
    <ele>1848.3</ele>
    <time>2026-06-26T00:08:12Z</time>
   </trkpt>
   <trkpt lat="39.7772420" lon="-105.1950020">
    <ele>1848.4</ele>
    <time>2026-06-26T00:08:13Z</time>
   </trkpt>
   <trkpt lat="39.7772280" lon="-105.1950190">
    <ele>1848.6</ele>
    <time>2026-06-26T00:08:14Z</time>
   </trkpt>
   <trkpt lat="39.7772120" lon="-105.1950380">
    <ele>1848.8</ele>
    <time>2026-06-26T00:08:15Z</time>
   </trkpt>
   <trkpt lat="39.7771980" lon="-105.1950490">
    <ele>1848.9</ele>
    <time>2026-06-26T00:08:16Z</time>
   </trkpt>
   <trkpt lat="39.7771990" lon="-105.1950810">
    <ele>1849.1</ele>
    <time>2026-06-26T00:08:17Z</time>
   </trkpt>
   <trkpt lat="39.7771950" lon="-105.1951140">
    <ele>1849.3</ele>
    <time>2026-06-26T00:08:18Z</time>
   </trkpt>
   <trkpt lat="39.7771900" lon="-105.1951400">
    <ele>1849.5</ele>
    <time>2026-06-26T00:08:19Z</time>
   </trkpt>
   <trkpt lat="39.7771830" lon="-105.1951580">
    <ele>1849.7</ele>
    <time>2026-06-26T00:08:20Z</time>
   </trkpt>
   <trkpt lat="39.7771590" lon="-105.1951850">
    <ele>1849.9</ele>
    <time>2026-06-26T00:08:21Z</time>
   </trkpt>
   <trkpt lat="39.7771430" lon="-105.1952060">
    <ele>1850.1</ele>
    <time>2026-06-26T00:08:22Z</time>
   </trkpt>
   <trkpt lat="39.7771490" lon="-105.1952270">
    <ele>1850.3</ele>
    <time>2026-06-26T00:08:23Z</time>
   </trkpt>
   <trkpt lat="39.7771420" lon="-105.1952520">
    <ele>1850.5</ele>
    <time>2026-06-26T00:08:24Z</time>
   </trkpt>
   <trkpt lat="39.7771250" lon="-105.1952740">
    <ele>1850.7</ele>
    <time>2026-06-26T00:08:25Z</time>
   </trkpt>
   <trkpt lat="39.7771130" lon="-105.1952950">
    <ele>1850.9</ele>
    <time>2026-06-26T00:08:26Z</time>
   </trkpt>
   <trkpt lat="39.7771080" lon="-105.1953170">
    <ele>1851.0</ele>
    <time>2026-06-26T00:08:27Z</time>
   </trkpt>
   <trkpt lat="39.7771190" lon="-105.1953550">
    <ele>1851.3</ele>
    <time>2026-06-26T00:08:28Z</time>
   </trkpt>
   <trkpt lat="39.7770950" lon="-105.1953750">
    <ele>1851.6</ele>
    <time>2026-06-26T00:08:29Z</time>
   </trkpt>
   <trkpt lat="39.7771050" lon="-105.1954090">
    <ele>1851.9</ele>
    <time>2026-06-26T00:08:30Z</time>
   </trkpt>
   <trkpt lat="39.7771030" lon="-105.1954360">
    <ele>1852.1</ele>
    <time>2026-06-26T00:08:31Z</time>
   </trkpt>
   <trkpt lat="39.7770950" lon="-105.1954580">
    <ele>1852.2</ele>
    <time>2026-06-26T00:08:32Z</time>
   </trkpt>
   <trkpt lat="39.7770790" lon="-105.1954850">
    <ele>1852.5</ele>
    <time>2026-06-26T00:08:33Z</time>
   </trkpt>
   <trkpt lat="39.7770650" lon="-105.1955110">
    <ele>1852.7</ele>
    <time>2026-06-26T00:08:34Z</time>
   </trkpt>
   <trkpt lat="39.7770560" lon="-105.1955410">
    <ele>1853.0</ele>
    <time>2026-06-26T00:08:35Z</time>
   </trkpt>
   <trkpt lat="39.7770500" lon="-105.1955650">
    <ele>1853.1</ele>
    <time>2026-06-26T00:08:36Z</time>
   </trkpt>
   <trkpt lat="39.7770490" lon="-105.1955910">
    <ele>1853.3</ele>
    <time>2026-06-26T00:08:37Z</time>
   </trkpt>
   <trkpt lat="39.7770390" lon="-105.1956160">
    <ele>1853.5</ele>
    <time>2026-06-26T00:08:38Z</time>
   </trkpt>
   <trkpt lat="39.7770260" lon="-105.1956390">
    <ele>1853.6</ele>
    <time>2026-06-26T00:08:39Z</time>
   </trkpt>
   <trkpt lat="39.7770100" lon="-105.1956590">
    <ele>1853.8</ele>
    <time>2026-06-26T00:08:40Z</time>
   </trkpt>
   <trkpt lat="39.7769930" lon="-105.1956850">
    <ele>1854.0</ele>
    <time>2026-06-26T00:08:41Z</time>
   </trkpt>
   <trkpt lat="39.7769670" lon="-105.1956990">
    <ele>1854.1</ele>
    <time>2026-06-26T00:08:42Z</time>
   </trkpt>
   <trkpt lat="39.7769510" lon="-105.1957110">
    <ele>1854.2</ele>
    <time>2026-06-26T00:08:43Z</time>
   </trkpt>
   <trkpt lat="39.7769530" lon="-105.1957300">
    <ele>1854.3</ele>
    <time>2026-06-26T00:08:44Z</time>
   </trkpt>
   <trkpt lat="39.7769460" lon="-105.1957480">
    <ele>1854.4</ele>
    <time>2026-06-26T00:08:45Z</time>
   </trkpt>
   <trkpt lat="39.7769370" lon="-105.1957710">
    <ele>1854.5</ele>
    <time>2026-06-26T00:08:46Z</time>
   </trkpt>
   <trkpt lat="39.7769370" lon="-105.1957900">
    <ele>1854.5</ele>
    <time>2026-06-26T00:08:47Z</time>
   </trkpt>
   <trkpt lat="39.7769280" lon="-105.1958140">
    <ele>1854.6</ele>
    <time>2026-06-26T00:08:48Z</time>
   </trkpt>
   <trkpt lat="39.7769060" lon="-105.1958430">
    <ele>1854.7</ele>
    <time>2026-06-26T00:08:49Z</time>
   </trkpt>
   <trkpt lat="39.7768930" lon="-105.1958620">
    <ele>1854.7</ele>
    <time>2026-06-26T00:08:50Z</time>
   </trkpt>
   <trkpt lat="39.7768870" lon="-105.1958860">
    <ele>1854.8</ele>
    <time>2026-06-26T00:08:51Z</time>
   </trkpt>
   <trkpt lat="39.7768820" lon="-105.1959110">
    <ele>1854.8</ele>
    <time>2026-06-26T00:08:52Z</time>
   </trkpt>
   <trkpt lat="39.7768880" lon="-105.1959240">
    <ele>1854.8</ele>
    <time>2026-06-26T00:08:53Z</time>
   </trkpt>
   <trkpt lat="39.7768850" lon="-105.1959400">
    <ele>1854.8</ele>
    <time>2026-06-26T00:08:54Z</time>
   </trkpt>
   <trkpt lat="39.7768690" lon="-105.1959600">
    <ele>1854.8</ele>
    <time>2026-06-26T00:08:55Z</time>
   </trkpt>
   <trkpt lat="39.7768600" lon="-105.1959690">
    <ele>1854.8</ele>
    <time>2026-06-26T00:08:56Z</time>
   </trkpt>
   <trkpt lat="39.7768580" lon="-105.1959710">
    <ele>1854.8</ele>
    <time>2026-06-26T00:08:57Z</time>
   </trkpt>
   <trkpt lat="39.7768520" lon="-105.1959750">
    <ele>1854.8</ele>
    <time>2026-06-26T00:08:58Z</time>
   </trkpt>
   <trkpt lat="39.7768470" lon="-105.1959900">
    <ele>1854.8</ele>
    <time>2026-06-26T00:08:59Z</time>
   </trkpt>
   <trkpt lat="39.7768470" lon="-105.1960080">
    <ele>1854.7</ele>
    <time>2026-06-26T00:09:00Z</time>
   </trkpt>
   <trkpt lat="39.7768440" lon="-105.1960200">
    <ele>1854.7</ele>
    <time>2026-06-26T00:09:01Z</time>
   </trkpt>
   <trkpt lat="39.7768400" lon="-105.1960240">
    <ele>1854.7</ele>
    <time>2026-06-26T00:09:02Z</time>
   </trkpt>
   <trkpt lat="39.7768440" lon="-105.1960240">
    <ele>1854.7</ele>
    <time>2026-06-26T00:09:03Z</time>
   </trkpt>
   <trkpt lat="39.7768400" lon="-105.1960260">
    <ele>1854.7</ele>
    <time>2026-06-26T00:09:04Z</time>
   </trkpt>
   <trkpt lat="39.7768410" lon="-105.1960230">
    <ele>1854.7</ele>
    <time>2026-06-26T00:09:05Z</time>
   </trkpt>
   <trkpt lat="39.7768380" lon="-105.1960260">
    <ele>1854.7</ele>
    <time>2026-06-26T00:09:06Z</time>
   </trkpt>
   <trkpt lat="39.7768370" lon="-105.1960260">
    <ele>1854.7</ele>
    <time>2026-06-26T00:09:07Z</time>
   </trkpt>
   <trkpt lat="39.7768360" lon="-105.1960230">
    <ele>1854.7</ele>
    <time>2026-06-26T00:09:08Z</time>
   </trkpt>
   <trkpt lat="39.7768340" lon="-105.1960250">
    <ele>1854.6</ele>
    <time>2026-06-26T00:09:09Z</time>
   </trkpt>
   <trkpt lat="39.7768330" lon="-105.1960210">
    <ele>1854.6</ele>
    <time>2026-06-26T00:09:10Z</time>
   </trkpt>
   <trkpt lat="39.7768220" lon="-105.1960660">
    <ele>1854.5</ele>
    <time>2026-06-26T00:09:32Z</time>
   </trkpt>
   <trkpt lat="39.7768060" lon="-105.1960820">
    <ele>1854.4</ele>
    <time>2026-06-26T00:09:33Z</time>
   </trkpt>
   <trkpt lat="39.7767950" lon="-105.1960820">
    <ele>1854.4</ele>
    <time>2026-06-26T00:09:34Z</time>
   </trkpt>
   <trkpt lat="39.7767760" lon="-105.1960850">
    <ele>1854.3</ele>
    <time>2026-06-26T00:09:35Z</time>
   </trkpt>
   <trkpt lat="39.7767600" lon="-105.1960940">
    <ele>1854.2</ele>
    <time>2026-06-26T00:09:36Z</time>
   </trkpt>
   <trkpt lat="39.7767400" lon="-105.1961140">
    <ele>1854.1</ele>
    <time>2026-06-26T00:09:37Z</time>
   </trkpt>
   <trkpt lat="39.7767220" lon="-105.1961550">
    <ele>1853.9</ele>
    <time>2026-06-26T00:09:38Z</time>
   </trkpt>
   <trkpt lat="39.7767060" lon="-105.1962070">
    <ele>1853.7</ele>
    <time>2026-06-26T00:09:39Z</time>
   </trkpt>
   <trkpt lat="39.7766980" lon="-105.1962420">
    <ele>1853.6</ele>
    <time>2026-06-26T00:09:40Z</time>
   </trkpt>
   <trkpt lat="39.7766850" lon="-105.1962770">
    <ele>1853.5</ele>
    <time>2026-06-26T00:09:41Z</time>
   </trkpt>
   <trkpt lat="39.7766750" lon="-105.1963100">
    <ele>1853.4</ele>
    <time>2026-06-26T00:09:42Z</time>
   </trkpt>
   <trkpt lat="39.7766630" lon="-105.1963430">
    <ele>1853.3</ele>
    <time>2026-06-26T00:09:43Z</time>
   </trkpt>
   <trkpt lat="39.7766550" lon="-105.1963770">
    <ele>1853.3</ele>
    <time>2026-06-26T00:09:44Z</time>
   </trkpt>
   <trkpt lat="39.7766600" lon="-105.1964120">
    <ele>1853.3</ele>
    <time>2026-06-26T00:09:45Z</time>
   </trkpt>
   <trkpt lat="39.7766680" lon="-105.1964570">
    <ele>1853.3</ele>
    <time>2026-06-26T00:09:46Z</time>
   </trkpt>
   <trkpt lat="39.7766720" lon="-105.1964990">
    <ele>1853.4</ele>
    <time>2026-06-26T00:09:47Z</time>
   </trkpt>
   <trkpt lat="39.7766900" lon="-105.1965400">
    <ele>1853.5</ele>
    <time>2026-06-26T00:09:48Z</time>
   </trkpt>
   <trkpt lat="39.7766890" lon="-105.1965890">
    <ele>1853.6</ele>
    <time>2026-06-26T00:09:49Z</time>
   </trkpt>
   <trkpt lat="39.7767130" lon="-105.1966280">
    <ele>1853.9</ele>
    <time>2026-06-26T00:09:50Z</time>
   </trkpt>
   <trkpt lat="39.7767020" lon="-105.1966640">
    <ele>1854.0</ele>
    <time>2026-06-26T00:09:51Z</time>
   </trkpt>
   <trkpt lat="39.7766880" lon="-105.1967150">
    <ele>1854.3</ele>
    <time>2026-06-26T00:09:52Z</time>
   </trkpt>
   <trkpt lat="39.7766850" lon="-105.1967750">
    <ele>1854.7</ele>
    <time>2026-06-26T00:09:53Z</time>
   </trkpt>
   <trkpt lat="39.7766880" lon="-105.1968220">
    <ele>1855.0</ele>
    <time>2026-06-26T00:09:54Z</time>
   </trkpt>
   <trkpt lat="39.7766840" lon="-105.1968760">
    <ele>1855.3</ele>
    <time>2026-06-26T00:09:55Z</time>
   </trkpt>
   <trkpt lat="39.7766940" lon="-105.1969140">
    <ele>1855.5</ele>
    <time>2026-06-26T00:09:56Z</time>
   </trkpt>
   <trkpt lat="39.7767430" lon="-105.1969560">
    <ele>1855.9</ele>
    <time>2026-06-26T00:09:57Z</time>
   </trkpt>
   <trkpt lat="39.7767340" lon="-105.1969620">
    <ele>1856.0</ele>
    <time>2026-06-26T00:09:58Z</time>
   </trkpt>
   <trkpt lat="39.7767200" lon="-105.1970020">
    <ele>1856.1</ele>
    <time>2026-06-26T00:09:59Z</time>
   </trkpt>
   <trkpt lat="39.7767390" lon="-105.1970380">
    <ele>1856.3</ele>
    <time>2026-06-26T00:10:00Z</time>
   </trkpt>
   <trkpt lat="39.7767380" lon="-105.1970720">
    <ele>1856.4</ele>
    <time>2026-06-26T00:10:01Z</time>
   </trkpt>
   <trkpt lat="39.7767340" lon="-105.1971070">
    <ele>1856.5</ele>
    <time>2026-06-26T00:10:02Z</time>
   </trkpt>
   <trkpt lat="39.7767310" lon="-105.1971190">
    <ele>1856.6</ele>
    <time>2026-06-26T00:10:03Z</time>
   </trkpt>
   <trkpt lat="39.7767280" lon="-105.1971480">
    <ele>1856.6</ele>
    <time>2026-06-26T00:10:04Z</time>
   </trkpt>
   <trkpt lat="39.7767220" lon="-105.1971760">
    <ele>1856.7</ele>
    <time>2026-06-26T00:10:05Z</time>
   </trkpt>
   <trkpt lat="39.7767190" lon="-105.1971780">
    <ele>1856.7</ele>
    <time>2026-06-26T00:10:06Z</time>
   </trkpt>
   <trkpt lat="39.7767230" lon="-105.1972160">
    <ele>1856.8</ele>
    <time>2026-06-26T00:10:07Z</time>
   </trkpt>
   <trkpt lat="39.7767310" lon="-105.1972420">
    <ele>1856.9</ele>
    <time>2026-06-26T00:10:08Z</time>
   </trkpt>
   <trkpt lat="39.7767400" lon="-105.1972690">
    <ele>1856.9</ele>
    <time>2026-06-26T00:10:09Z</time>
   </trkpt>
   <trkpt lat="39.7767480" lon="-105.1972950">
    <ele>1857.0</ele>
    <time>2026-06-26T00:10:10Z</time>
   </trkpt>
   <trkpt lat="39.7767550" lon="-105.1973020">
    <ele>1857.0</ele>
    <time>2026-06-26T00:10:11Z</time>
   </trkpt>
   <trkpt lat="39.7767540" lon="-105.1973430">
    <ele>1857.1</ele>
    <time>2026-06-26T00:10:12Z</time>
   </trkpt>
   <trkpt lat="39.7767610" lon="-105.1973520">
    <ele>1857.1</ele>
    <time>2026-06-26T00:10:13Z</time>
   </trkpt>
   <trkpt lat="39.7767620" lon="-105.1973910">
    <ele>1857.1</ele>
    <time>2026-06-26T00:10:14Z</time>
   </trkpt>
   <trkpt lat="39.7767720" lon="-105.1974150">
    <ele>1857.1</ele>
    <time>2026-06-26T00:10:15Z</time>
   </trkpt>
   <trkpt lat="39.7767900" lon="-105.1974820">
    <ele>1857.2</ele>
    <time>2026-06-26T00:10:16Z</time>
   </trkpt>
   <trkpt lat="39.7767990" lon="-105.1974920">
    <ele>1857.2</ele>
    <time>2026-06-26T00:10:17Z</time>
   </trkpt>
   <trkpt lat="39.7768170" lon="-105.1975270">
    <ele>1857.2</ele>
    <time>2026-06-26T00:10:18Z</time>
   </trkpt>
   <trkpt lat="39.7768430" lon="-105.1975620">
    <ele>1857.2</ele>
    <time>2026-06-26T00:10:19Z</time>
   </trkpt>
   <trkpt lat="39.7768510" lon="-105.1975910">
    <ele>1857.2</ele>
    <time>2026-06-26T00:10:20Z</time>
   </trkpt>
   <trkpt lat="39.7768720" lon="-105.1976390">
    <ele>1857.3</ele>
    <time>2026-06-26T00:10:21Z</time>
   </trkpt>
   <trkpt lat="39.7768780" lon="-105.1976540">
    <ele>1857.3</ele>
    <time>2026-06-26T00:10:22Z</time>
   </trkpt>
   <trkpt lat="39.7768870" lon="-105.1976710">
    <ele>1857.3</ele>
    <time>2026-06-26T00:10:23Z</time>
   </trkpt>
   <trkpt lat="39.7768930" lon="-105.1977130">
    <ele>1857.3</ele>
    <time>2026-06-26T00:10:24Z</time>
   </trkpt>
   <trkpt lat="39.7769080" lon="-105.1977360">
    <ele>1857.3</ele>
    <time>2026-06-26T00:10:25Z</time>
   </trkpt>
   <trkpt lat="39.7769310" lon="-105.1977490">
    <ele>1857.4</ele>
    <time>2026-06-26T00:10:26Z</time>
   </trkpt>
   <trkpt lat="39.7769610" lon="-105.1977480">
    <ele>1857.4</ele>
    <time>2026-06-26T00:10:27Z</time>
   </trkpt>
   <trkpt lat="39.7769760" lon="-105.1977880">
    <ele>1857.5</ele>
    <time>2026-06-26T00:10:28Z</time>
   </trkpt>
   <trkpt lat="39.7769940" lon="-105.1978180">
    <ele>1857.5</ele>
    <time>2026-06-26T00:10:29Z</time>
   </trkpt>
   <trkpt lat="39.7770030" lon="-105.1978490">
    <ele>1857.5</ele>
    <time>2026-06-26T00:10:30Z</time>
   </trkpt>
   <trkpt lat="39.7770140" lon="-105.1978790">
    <ele>1857.6</ele>
    <time>2026-06-26T00:10:31Z</time>
   </trkpt>
   <trkpt lat="39.7770310" lon="-105.1978960">
    <ele>1857.6</ele>
    <time>2026-06-26T00:10:32Z</time>
   </trkpt>
   <trkpt lat="39.7770420" lon="-105.1979270">
    <ele>1857.6</ele>
    <time>2026-06-26T00:10:33Z</time>
   </trkpt>
   <trkpt lat="39.7770520" lon="-105.1979510">
    <ele>1857.7</ele>
    <time>2026-06-26T00:10:34Z</time>
   </trkpt>
   <trkpt lat="39.7770640" lon="-105.1979790">
    <ele>1857.7</ele>
    <time>2026-06-26T00:10:35Z</time>
   </trkpt>
   <trkpt lat="39.7770670" lon="-105.1980090">
    <ele>1857.7</ele>
    <time>2026-06-26T00:10:36Z</time>
   </trkpt>
   <trkpt lat="39.7770980" lon="-105.1980430">
    <ele>1857.8</ele>
    <time>2026-06-26T00:10:37Z</time>
   </trkpt>
   <trkpt lat="39.7771210" lon="-105.1980560">
    <ele>1857.8</ele>
    <time>2026-06-26T00:10:38Z</time>
   </trkpt>
   <trkpt lat="39.7771440" lon="-105.1980800">
    <ele>1857.9</ele>
    <time>2026-06-26T00:10:39Z</time>
   </trkpt>
   <trkpt lat="39.7771680" lon="-105.1981110">
    <ele>1858.0</ele>
    <time>2026-06-26T00:10:40Z</time>
   </trkpt>
   <trkpt lat="39.7771800" lon="-105.1981440">
    <ele>1858.0</ele>
    <time>2026-06-26T00:10:41Z</time>
   </trkpt>
   <trkpt lat="39.7771960" lon="-105.1981910">
    <ele>1858.1</ele>
    <time>2026-06-26T00:10:42Z</time>
   </trkpt>
   <trkpt lat="39.7772040" lon="-105.1982350">
    <ele>1858.2</ele>
    <time>2026-06-26T00:10:43Z</time>
   </trkpt>
   <trkpt lat="39.7771970" lon="-105.1982190">
    <ele>1858.3</ele>
    <time>2026-06-26T00:10:44Z</time>
   </trkpt>
   <trkpt lat="39.7771970" lon="-105.1982370">
    <ele>1858.3</ele>
    <time>2026-06-26T00:10:45Z</time>
   </trkpt>
   <trkpt lat="39.7771990" lon="-105.1982580">
    <ele>1858.4</ele>
    <time>2026-06-26T00:10:46Z</time>
   </trkpt>
   <trkpt lat="39.7772080" lon="-105.1982760">
    <ele>1858.4</ele>
    <time>2026-06-26T00:10:47Z</time>
   </trkpt>
   <trkpt lat="39.7772360" lon="-105.1983000">
    <ele>1858.6</ele>
    <time>2026-06-26T00:10:48Z</time>
   </trkpt>
   <trkpt lat="39.7772430" lon="-105.1983200">
    <ele>1858.6</ele>
    <time>2026-06-26T00:10:49Z</time>
   </trkpt>
   <trkpt lat="39.7772600" lon="-105.1983440">
    <ele>1858.7</ele>
    <time>2026-06-26T00:10:50Z</time>
   </trkpt>
   <trkpt lat="39.7772800" lon="-105.1983600">
    <ele>1858.9</ele>
    <time>2026-06-26T00:10:51Z</time>
   </trkpt>
   <trkpt lat="39.7773100" lon="-105.1983700">
    <ele>1859.0</ele>
    <time>2026-06-26T00:10:52Z</time>
   </trkpt>
   <trkpt lat="39.7773240" lon="-105.1983770">
    <ele>1859.1</ele>
    <time>2026-06-26T00:10:53Z</time>
   </trkpt>
   <trkpt lat="39.7773480" lon="-105.1984000">
    <ele>1859.3</ele>
    <time>2026-06-26T00:10:54Z</time>
   </trkpt>
   <trkpt lat="39.7773660" lon="-105.1984250">
    <ele>1859.5</ele>
    <time>2026-06-26T00:10:55Z</time>
   </trkpt>
   <trkpt lat="39.7773790" lon="-105.1984300">
    <ele>1859.6</ele>
    <time>2026-06-26T00:10:56Z</time>
   </trkpt>
   <trkpt lat="39.7774050" lon="-105.1984510">
    <ele>1859.9</ele>
    <time>2026-06-26T00:10:57Z</time>
   </trkpt>
   <trkpt lat="39.7774260" lon="-105.1984960">
    <ele>1860.2</ele>
    <time>2026-06-26T00:10:58Z</time>
   </trkpt>
   <trkpt lat="39.7774470" lon="-105.1985200">
    <ele>1860.5</ele>
    <time>2026-06-26T00:10:59Z</time>
   </trkpt>
   <trkpt lat="39.7774690" lon="-105.1985410">
    <ele>1860.8</ele>
    <time>2026-06-26T00:11:00Z</time>
   </trkpt>
   <trkpt lat="39.7774810" lon="-105.1985600">
    <ele>1860.9</ele>
    <time>2026-06-26T00:11:01Z</time>
   </trkpt>
   <trkpt lat="39.7774990" lon="-105.1985810">
    <ele>1861.2</ele>
    <time>2026-06-26T00:11:02Z</time>
   </trkpt>
   <trkpt lat="39.7775050" lon="-105.1986050">
    <ele>1861.4</ele>
    <time>2026-06-26T00:11:03Z</time>
   </trkpt>
   <trkpt lat="39.7775140" lon="-105.1986350">
    <ele>1861.6</ele>
    <time>2026-06-26T00:11:04Z</time>
   </trkpt>
   <trkpt lat="39.7775140" lon="-105.1986590">
    <ele>1861.8</ele>
    <time>2026-06-26T00:11:05Z</time>
   </trkpt>
   <trkpt lat="39.7775170" lon="-105.1986910">
    <ele>1862.0</ele>
    <time>2026-06-26T00:11:06Z</time>
   </trkpt>
   <trkpt lat="39.7775190" lon="-105.1987080">
    <ele>1862.2</ele>
    <time>2026-06-26T00:11:07Z</time>
   </trkpt>
   <trkpt lat="39.7775260" lon="-105.1987360">
    <ele>1862.4</ele>
    <time>2026-06-26T00:11:08Z</time>
   </trkpt>
   <trkpt lat="39.7775420" lon="-105.1987680">
    <ele>1862.7</ele>
    <time>2026-06-26T00:11:09Z</time>
   </trkpt>
   <trkpt lat="39.7775470" lon="-105.1987870">
    <ele>1862.8</ele>
    <time>2026-06-26T00:11:10Z</time>
   </trkpt>
   <trkpt lat="39.7775620" lon="-105.1988040">
    <ele>1863.0</ele>
    <time>2026-06-26T00:11:11Z</time>
   </trkpt>
   <trkpt lat="39.7775720" lon="-105.1988250">
    <ele>1863.2</ele>
    <time>2026-06-26T00:11:12Z</time>
   </trkpt>
   <trkpt lat="39.7775860" lon="-105.1988390">
    <ele>1863.3</ele>
    <time>2026-06-26T00:11:13Z</time>
   </trkpt>
   <trkpt lat="39.7775980" lon="-105.1988530">
    <ele>1863.5</ele>
    <time>2026-06-26T00:11:14Z</time>
   </trkpt>
   <trkpt lat="39.7776110" lon="-105.1988620">
    <ele>1863.6</ele>
    <time>2026-06-26T00:11:15Z</time>
   </trkpt>
   <trkpt lat="39.7776210" lon="-105.1988780">
    <ele>1863.7</ele>
    <time>2026-06-26T00:11:16Z</time>
   </trkpt>
   <trkpt lat="39.7776400" lon="-105.1988760">
    <ele>1863.9</ele>
    <time>2026-06-26T00:11:17Z</time>
   </trkpt>
   <trkpt lat="39.7776450" lon="-105.1988870">
    <ele>1864.0</ele>
    <time>2026-06-26T00:11:18Z</time>
   </trkpt>
   <trkpt lat="39.7776590" lon="-105.1988820">
    <ele>1864.1</ele>
    <time>2026-06-26T00:11:19Z</time>
   </trkpt>
   <trkpt lat="39.7776540" lon="-105.1988800">
    <ele>1864.1</ele>
    <time>2026-06-26T00:11:20Z</time>
   </trkpt>
   <trkpt lat="39.7776540" lon="-105.1988800">
    <ele>1864.1</ele>
    <time>2026-06-26T00:11:21Z</time>
   </trkpt>
   <trkpt lat="39.7776540" lon="-105.1988800">
    <ele>1864.1</ele>
    <time>2026-06-26T00:11:22Z</time>
   </trkpt>
   <trkpt lat="39.7776530" lon="-105.1988780">
    <ele>1864.1</ele>
    <time>2026-06-26T00:11:23Z</time>
   </trkpt>
   <trkpt lat="39.7776510" lon="-105.1988820">
    <ele>1864.2</ele>
    <time>2026-06-26T00:11:24Z</time>
   </trkpt>
   <trkpt lat="39.7776470" lon="-105.1988850">
    <ele>1864.2</ele>
    <time>2026-06-26T00:11:25Z</time>
   </trkpt>
   <trkpt lat="39.7776470" lon="-105.1988850">
    <ele>1864.2</ele>
    <time>2026-06-26T00:11:26Z</time>
   </trkpt>
   <trkpt lat="39.7776470" lon="-105.1988850">
    <ele>1864.2</ele>
    <time>2026-06-26T00:11:27Z</time>
   </trkpt>
   <trkpt lat="39.7776490" lon="-105.1988840">
    <ele>1864.2</ele>
    <time>2026-06-26T00:11:28Z</time>
   </trkpt>
   <trkpt lat="39.7776410" lon="-105.1989170">
    <ele>1864.5</ele>
    <time>2026-06-26T00:11:33Z</time>
   </trkpt>
   <trkpt lat="39.7776450" lon="-105.1989350">
    <ele>1864.6</ele>
    <time>2026-06-26T00:11:34Z</time>
   </trkpt>
   <trkpt lat="39.7776460" lon="-105.1989520">
    <ele>1864.7</ele>
    <time>2026-06-26T00:11:35Z</time>
   </trkpt>
   <trkpt lat="39.7776660" lon="-105.1989730">
    <ele>1865.0</ele>
    <time>2026-06-26T00:11:36Z</time>
   </trkpt>
   <trkpt lat="39.7776910" lon="-105.1989800">
    <ele>1865.2</ele>
    <time>2026-06-26T00:11:37Z</time>
   </trkpt>
   <trkpt lat="39.7776930" lon="-105.1989770">
    <ele>1865.2</ele>
    <time>2026-06-26T00:11:38Z</time>
   </trkpt>
   <trkpt lat="39.7777040" lon="-105.1989810">
    <ele>1865.3</ele>
    <time>2026-06-26T00:11:39Z</time>
   </trkpt>
   <trkpt lat="39.7777120" lon="-105.1989790">
    <ele>1865.4</ele>
    <time>2026-06-26T00:11:40Z</time>
   </trkpt>
   <trkpt lat="39.7777230" lon="-105.1989870">
    <ele>1865.5</ele>
    <time>2026-06-26T00:11:41Z</time>
   </trkpt>
   <trkpt lat="39.7777350" lon="-105.1989960">
    <ele>1865.6</ele>
    <time>2026-06-26T00:11:42Z</time>
   </trkpt>
   <trkpt lat="39.7777520" lon="-105.1990120">
    <ele>1865.8</ele>
    <time>2026-06-26T00:11:43Z</time>
   </trkpt>
   <trkpt lat="39.7777660" lon="-105.1990280">
    <ele>1866.0</ele>
    <time>2026-06-26T00:11:44Z</time>
   </trkpt>
   <trkpt lat="39.7777770" lon="-105.1990430">
    <ele>1866.1</ele>
    <time>2026-06-26T00:11:45Z</time>
   </trkpt>
   <trkpt lat="39.7777770" lon="-105.1990620">
    <ele>1866.2</ele>
    <time>2026-06-26T00:11:46Z</time>
   </trkpt>
   <trkpt lat="39.7777820" lon="-105.1990770">
    <ele>1866.3</ele>
    <time>2026-06-26T00:11:47Z</time>
   </trkpt>
   <trkpt lat="39.7777950" lon="-105.1991190">
    <ele>1866.6</ele>
    <time>2026-06-26T00:11:48Z</time>
   </trkpt>
   <trkpt lat="39.7778030" lon="-105.1991320">
    <ele>1866.7</ele>
    <time>2026-06-26T00:11:49Z</time>
   </trkpt>
   <trkpt lat="39.7778100" lon="-105.1991340">
    <ele>1866.8</ele>
    <time>2026-06-26T00:11:50Z</time>
   </trkpt>
   <trkpt lat="39.7778240" lon="-105.1991380">
    <ele>1866.9</ele>
    <time>2026-06-26T00:11:51Z</time>
   </trkpt>
   <trkpt lat="39.7778360" lon="-105.1991450">
    <ele>1867.0</ele>
    <time>2026-06-26T00:11:52Z</time>
   </trkpt>
   <trkpt lat="39.7778460" lon="-105.1991640">
    <ele>1867.1</ele>
    <time>2026-06-26T00:11:53Z</time>
   </trkpt>
   <trkpt lat="39.7778560" lon="-105.1991730">
    <ele>1867.2</ele>
    <time>2026-06-26T00:11:54Z</time>
   </trkpt>
   <trkpt lat="39.7778710" lon="-105.1991810">
    <ele>1867.3</ele>
    <time>2026-06-26T00:11:55Z</time>
   </trkpt>
   <trkpt lat="39.7778810" lon="-105.1991860">
    <ele>1867.4</ele>
    <time>2026-06-26T00:11:56Z</time>
   </trkpt>
   <trkpt lat="39.7778930" lon="-105.1991970">
    <ele>1867.5</ele>
    <time>2026-06-26T00:11:57Z</time>
   </trkpt>
   <trkpt lat="39.7779090" lon="-105.1992130">
    <ele>1867.7</ele>
    <time>2026-06-26T00:11:58Z</time>
   </trkpt>
   <trkpt lat="39.7779170" lon="-105.1992180">
    <ele>1867.8</ele>
    <time>2026-06-26T00:11:59Z</time>
   </trkpt>
   <trkpt lat="39.7779300" lon="-105.1992240">
    <ele>1867.9</ele>
    <time>2026-06-26T00:12:00Z</time>
   </trkpt>
   <trkpt lat="39.7779440" lon="-105.1992340">
    <ele>1868.0</ele>
    <time>2026-06-26T00:12:01Z</time>
   </trkpt>
   <trkpt lat="39.7779530" lon="-105.1992390">
    <ele>1868.1</ele>
    <time>2026-06-26T00:12:02Z</time>
   </trkpt>
   <trkpt lat="39.7779690" lon="-105.1992480">
    <ele>1868.2</ele>
    <time>2026-06-26T00:12:03Z</time>
   </trkpt>
   <trkpt lat="39.7779780" lon="-105.1992490">
    <ele>1868.3</ele>
    <time>2026-06-26T00:12:04Z</time>
   </trkpt>
   <trkpt lat="39.7779960" lon="-105.1992630">
    <ele>1868.4</ele>
    <time>2026-06-26T00:12:05Z</time>
   </trkpt>
   <trkpt lat="39.7780010" lon="-105.1992780">
    <ele>1868.5</ele>
    <time>2026-06-26T00:12:06Z</time>
   </trkpt>
   <trkpt lat="39.7780190" lon="-105.1992950">
    <ele>1868.7</ele>
    <time>2026-06-26T00:12:07Z</time>
   </trkpt>
   <trkpt lat="39.7780280" lon="-105.1993040">
    <ele>1868.8</ele>
    <time>2026-06-26T00:12:08Z</time>
   </trkpt>
   <trkpt lat="39.7780470" lon="-105.1993170">
    <ele>1869.0</ele>
    <time>2026-06-26T00:12:09Z</time>
   </trkpt>
   <trkpt lat="39.7780570" lon="-105.1993240">
    <ele>1869.1</ele>
    <time>2026-06-26T00:12:10Z</time>
   </trkpt>
   <trkpt lat="39.7780750" lon="-105.1993410">
    <ele>1869.2</ele>
    <time>2026-06-26T00:12:11Z</time>
   </trkpt>
   <trkpt lat="39.7780840" lon="-105.1993470">
    <ele>1869.3</ele>
    <time>2026-06-26T00:12:12Z</time>
   </trkpt>
   <trkpt lat="39.7781020" lon="-105.1993640">
    <ele>1869.5</ele>
    <time>2026-06-26T00:12:13Z</time>
   </trkpt>
   <trkpt lat="39.7781110" lon="-105.1993650">
    <ele>1869.5</ele>
    <time>2026-06-26T00:12:14Z</time>
   </trkpt>
   <trkpt lat="39.7781280" lon="-105.1993750">
    <ele>1869.6</ele>
    <time>2026-06-26T00:12:15Z</time>
   </trkpt>
   <trkpt lat="39.7781390" lon="-105.1993690">
    <ele>1869.7</ele>
    <time>2026-06-26T00:12:16Z</time>
   </trkpt>
   <trkpt lat="39.7781460" lon="-105.1993800">
    <ele>1869.8</ele>
    <time>2026-06-26T00:12:17Z</time>
   </trkpt>
   <trkpt lat="39.7781500" lon="-105.1993930">
    <ele>1869.9</ele>
    <time>2026-06-26T00:12:18Z</time>
   </trkpt>
   <trkpt lat="39.7781560" lon="-105.1994030">
    <ele>1869.9</ele>
    <time>2026-06-26T00:12:19Z</time>
   </trkpt>
   <trkpt lat="39.7781630" lon="-105.1994210">
    <ele>1870.0</ele>
    <time>2026-06-26T00:12:20Z</time>
   </trkpt>
   <trkpt lat="39.7781750" lon="-105.1994280">
    <ele>1870.1</ele>
    <time>2026-06-26T00:12:21Z</time>
   </trkpt>
   <trkpt lat="39.7781840" lon="-105.1994350">
    <ele>1870.2</ele>
    <time>2026-06-26T00:12:22Z</time>
   </trkpt>
   <trkpt lat="39.7782060" lon="-105.1994450">
    <ele>1870.3</ele>
    <time>2026-06-26T00:12:23Z</time>
   </trkpt>
   <trkpt lat="39.7782230" lon="-105.1994560">
    <ele>1870.4</ele>
    <time>2026-06-26T00:12:24Z</time>
   </trkpt>
   <trkpt lat="39.7782370" lon="-105.1994700">
    <ele>1870.5</ele>
    <time>2026-06-26T00:12:25Z</time>
   </trkpt>
   <trkpt lat="39.7782470" lon="-105.1994900">
    <ele>1870.7</ele>
    <time>2026-06-26T00:12:26Z</time>
   </trkpt>
   <trkpt lat="39.7782650" lon="-105.1994990">
    <ele>1870.8</ele>
    <time>2026-06-26T00:12:27Z</time>
   </trkpt>
   <trkpt lat="39.7782780" lon="-105.1995150">
    <ele>1870.9</ele>
    <time>2026-06-26T00:12:28Z</time>
   </trkpt>
   <trkpt lat="39.7782920" lon="-105.1995320">
    <ele>1871.0</ele>
    <time>2026-06-26T00:12:29Z</time>
   </trkpt>
   <trkpt lat="39.7783050" lon="-105.1995480">
    <ele>1871.1</ele>
    <time>2026-06-26T00:12:30Z</time>
   </trkpt>
   <trkpt lat="39.7783210" lon="-105.1995570">
    <ele>1871.2</ele>
    <time>2026-06-26T00:12:31Z</time>
   </trkpt>
   <trkpt lat="39.7783370" lon="-105.1995630">
    <ele>1871.3</ele>
    <time>2026-06-26T00:12:32Z</time>
   </trkpt>
   <trkpt lat="39.7783480" lon="-105.1995780">
    <ele>1871.4</ele>
    <time>2026-06-26T00:12:33Z</time>
   </trkpt>
   <trkpt lat="39.7783590" lon="-105.1996020">
    <ele>1871.5</ele>
    <time>2026-06-26T00:12:34Z</time>
   </trkpt>
   <trkpt lat="39.7783720" lon="-105.1996200">
    <ele>1871.6</ele>
    <time>2026-06-26T00:12:35Z</time>
   </trkpt>
   <trkpt lat="39.7783860" lon="-105.1996340">
    <ele>1871.6</ele>
    <time>2026-06-26T00:12:36Z</time>
   </trkpt>
   <trkpt lat="39.7784000" lon="-105.1996510">
    <ele>1871.7</ele>
    <time>2026-06-26T00:12:37Z</time>
   </trkpt>
   <trkpt lat="39.7784140" lon="-105.1996800">
    <ele>1871.8</ele>
    <time>2026-06-26T00:12:38Z</time>
   </trkpt>
   <trkpt lat="39.7784320" lon="-105.1997000">
    <ele>1871.9</ele>
    <time>2026-06-26T00:12:39Z</time>
   </trkpt>
   <trkpt lat="39.7784410" lon="-105.1997200">
    <ele>1872.0</ele>
    <time>2026-06-26T00:12:40Z</time>
   </trkpt>
   <trkpt lat="39.7784550" lon="-105.1997360">
    <ele>1872.1</ele>
    <time>2026-06-26T00:12:41Z</time>
   </trkpt>
   <trkpt lat="39.7784630" lon="-105.1997600">
    <ele>1872.1</ele>
    <time>2026-06-26T00:12:42Z</time>
   </trkpt>
   <trkpt lat="39.7784730" lon="-105.1997810">
    <ele>1872.2</ele>
    <time>2026-06-26T00:12:43Z</time>
   </trkpt>
   <trkpt lat="39.7784730" lon="-105.1998080">
    <ele>1872.3</ele>
    <time>2026-06-26T00:12:44Z</time>
   </trkpt>
   <trkpt lat="39.7784700" lon="-105.1998380">
    <ele>1872.3</ele>
    <time>2026-06-26T00:12:45Z</time>
   </trkpt>
   <trkpt lat="39.7784780" lon="-105.1998620">
    <ele>1872.4</ele>
    <time>2026-06-26T00:12:46Z</time>
   </trkpt>
   <trkpt lat="39.7784850" lon="-105.1998830">
    <ele>1872.5</ele>
    <time>2026-06-26T00:12:47Z</time>
   </trkpt>
   <trkpt lat="39.7784990" lon="-105.1998900">
    <ele>1872.5</ele>
    <time>2026-06-26T00:12:48Z</time>
   </trkpt>
   <trkpt lat="39.7785200" lon="-105.1999020">
    <ele>1872.6</ele>
    <time>2026-06-26T00:12:49Z</time>
   </trkpt>
   <trkpt lat="39.7785370" lon="-105.1999040">
    <ele>1872.6</ele>
    <time>2026-06-26T00:12:50Z</time>
   </trkpt>
   <trkpt lat="39.7785660" lon="-105.1999120">
    <ele>1872.7</ele>
    <time>2026-06-26T00:12:51Z</time>
   </trkpt>
   <trkpt lat="39.7785720" lon="-105.1999120">
    <ele>1872.8</ele>
    <time>2026-06-26T00:12:52Z</time>
   </trkpt>
   <trkpt lat="39.7785860" lon="-105.1999270">
    <ele>1872.8</ele>
    <time>2026-06-26T00:12:53Z</time>
   </trkpt>
   <trkpt lat="39.7785960" lon="-105.1999840">
    <ele>1873.0</ele>
    <time>2026-06-26T00:12:54Z</time>
   </trkpt>
   <trkpt lat="39.7785930" lon="-105.1999970">
    <ele>1873.0</ele>
    <time>2026-06-26T00:12:55Z</time>
   </trkpt>
   <trkpt lat="39.7785880" lon="-105.2000360">
    <ele>1873.1</ele>
    <time>2026-06-26T00:12:56Z</time>
   </trkpt>
   <trkpt lat="39.7785970" lon="-105.2000500">
    <ele>1873.2</ele>
    <time>2026-06-26T00:12:57Z</time>
   </trkpt>
   <trkpt lat="39.7786000" lon="-105.2000830">
    <ele>1873.3</ele>
    <time>2026-06-26T00:12:58Z</time>
   </trkpt>
   <trkpt lat="39.7786120" lon="-105.2001060">
    <ele>1873.4</ele>
    <time>2026-06-26T00:12:59Z</time>
   </trkpt>
   <trkpt lat="39.7786270" lon="-105.2001430">
    <ele>1873.5</ele>
    <time>2026-06-26T00:13:00Z</time>
   </trkpt>
   <trkpt lat="39.7786400" lon="-105.2001450">
    <ele>1873.6</ele>
    <time>2026-06-26T00:13:01Z</time>
   </trkpt>
   <trkpt lat="39.7786580" lon="-105.2001650">
    <ele>1873.7</ele>
    <time>2026-06-26T00:13:02Z</time>
   </trkpt>
   <trkpt lat="39.7786590" lon="-105.2001780">
    <ele>1873.8</ele>
    <time>2026-06-26T00:13:03Z</time>
   </trkpt>
   <trkpt lat="39.7786690" lon="-105.2002090">
    <ele>1873.9</ele>
    <time>2026-06-26T00:13:04Z</time>
   </trkpt>
   <trkpt lat="39.7786670" lon="-105.2002280">
    <ele>1874.0</ele>
    <time>2026-06-26T00:13:05Z</time>
   </trkpt>
   <trkpt lat="39.7786790" lon="-105.2002600">
    <ele>1874.1</ele>
    <time>2026-06-26T00:13:06Z</time>
   </trkpt>
   <trkpt lat="39.7786840" lon="-105.2002690">
    <ele>1874.2</ele>
    <time>2026-06-26T00:13:07Z</time>
   </trkpt>
   <trkpt lat="39.7786940" lon="-105.2002950">
    <ele>1874.3</ele>
    <time>2026-06-26T00:13:08Z</time>
   </trkpt>
   <trkpt lat="39.7787030" lon="-105.2003110">
    <ele>1874.4</ele>
    <time>2026-06-26T00:13:09Z</time>
   </trkpt>
   <trkpt lat="39.7787200" lon="-105.2003320">
    <ele>1874.5</ele>
    <time>2026-06-26T00:13:10Z</time>
   </trkpt>
   <trkpt lat="39.7787330" lon="-105.2003440">
    <ele>1874.6</ele>
    <time>2026-06-26T00:13:11Z</time>
   </trkpt>
   <trkpt lat="39.7787470" lon="-105.2003740">
    <ele>1874.8</ele>
    <time>2026-06-26T00:13:12Z</time>
   </trkpt>
   <trkpt lat="39.7787490" lon="-105.2003840">
    <ele>1874.8</ele>
    <time>2026-06-26T00:13:13Z</time>
   </trkpt>
   <trkpt lat="39.7787630" lon="-105.2003980">
    <ele>1874.9</ele>
    <time>2026-06-26T00:13:14Z</time>
   </trkpt>
   <trkpt lat="39.7787770" lon="-105.2004150">
    <ele>1875.1</ele>
    <time>2026-06-26T00:13:15Z</time>
   </trkpt>
   <trkpt lat="39.7787840" lon="-105.2004280">
    <ele>1875.2</ele>
    <time>2026-06-26T00:13:16Z</time>
   </trkpt>
   <trkpt lat="39.7788090" lon="-105.2004410">
    <ele>1875.4</ele>
    <time>2026-06-26T00:13:17Z</time>
   </trkpt>
   <trkpt lat="39.7788130" lon="-105.2004520">
    <ele>1875.4</ele>
    <time>2026-06-26T00:13:18Z</time>
   </trkpt>
   <trkpt lat="39.7788310" lon="-105.2004820">
    <ele>1875.6</ele>
    <time>2026-06-26T00:13:19Z</time>
   </trkpt>
   <trkpt lat="39.7788470" lon="-105.2005010">
    <ele>1875.8</ele>
    <time>2026-06-26T00:13:20Z</time>
   </trkpt>
   <trkpt lat="39.7788540" lon="-105.2005240">
    <ele>1875.9</ele>
    <time>2026-06-26T00:13:21Z</time>
   </trkpt>
   <trkpt lat="39.7788630" lon="-105.2005470">
    <ele>1876.0</ele>
    <time>2026-06-26T00:13:22Z</time>
   </trkpt>
   <trkpt lat="39.7788730" lon="-105.2005830">
    <ele>1876.2</ele>
    <time>2026-06-26T00:13:23Z</time>
   </trkpt>
   <trkpt lat="39.7788900" lon="-105.2005990">
    <ele>1876.4</ele>
    <time>2026-06-26T00:13:24Z</time>
   </trkpt>
   <trkpt lat="39.7789050" lon="-105.2006110">
    <ele>1876.5</ele>
    <time>2026-06-26T00:13:25Z</time>
   </trkpt>
   <trkpt lat="39.7789140" lon="-105.2006200">
    <ele>1876.5</ele>
    <time>2026-06-26T00:13:26Z</time>
   </trkpt>
   <trkpt lat="39.7789200" lon="-105.2006300">
    <ele>1876.6</ele>
    <time>2026-06-26T00:13:27Z</time>
   </trkpt>
   <trkpt lat="39.7789310" lon="-105.2006540">
    <ele>1876.7</ele>
    <time>2026-06-26T00:13:28Z</time>
   </trkpt>
   <trkpt lat="39.7789390" lon="-105.2006720">
    <ele>1876.8</ele>
    <time>2026-06-26T00:13:29Z</time>
   </trkpt>
   <trkpt lat="39.7789460" lon="-105.2006800">
    <ele>1876.9</ele>
    <time>2026-06-26T00:13:30Z</time>
   </trkpt>
   <trkpt lat="39.7789540" lon="-105.2006950">
    <ele>1876.9</ele>
    <time>2026-06-26T00:13:31Z</time>
   </trkpt>
   <trkpt lat="39.7789630" lon="-105.2007060">
    <ele>1877.0</ele>
    <time>2026-06-26T00:13:32Z</time>
   </trkpt>
   <trkpt lat="39.7789770" lon="-105.2007260">
    <ele>1877.1</ele>
    <time>2026-06-26T00:13:33Z</time>
   </trkpt>
   <trkpt lat="39.7789880" lon="-105.2007300">
    <ele>1877.1</ele>
    <time>2026-06-26T00:13:34Z</time>
   </trkpt>
   <trkpt lat="39.7790090" lon="-105.2007730">
    <ele>1877.3</ele>
    <time>2026-06-26T00:13:35Z</time>
   </trkpt>
   <trkpt lat="39.7790230" lon="-105.2008020">
    <ele>1877.4</ele>
    <time>2026-06-26T00:13:36Z</time>
   </trkpt>
   <trkpt lat="39.7790380" lon="-105.2008200">
    <ele>1877.5</ele>
    <time>2026-06-26T00:13:37Z</time>
   </trkpt>
   <trkpt lat="39.7790500" lon="-105.2008340">
    <ele>1877.5</ele>
    <time>2026-06-26T00:13:38Z</time>
   </trkpt>
   <trkpt lat="39.7790550" lon="-105.2008400">
    <ele>1877.6</ele>
    <time>2026-06-26T00:13:39Z</time>
   </trkpt>
   <trkpt lat="39.7790660" lon="-105.2008570">
    <ele>1877.6</ele>
    <time>2026-06-26T00:13:40Z</time>
   </trkpt>
   <trkpt lat="39.7790850" lon="-105.2008690">
    <ele>1877.7</ele>
    <time>2026-06-26T00:13:41Z</time>
   </trkpt>
   <trkpt lat="39.7790960" lon="-105.2008860">
    <ele>1877.8</ele>
    <time>2026-06-26T00:13:42Z</time>
   </trkpt>
   <trkpt lat="39.7791070" lon="-105.2009040">
    <ele>1877.8</ele>
    <time>2026-06-26T00:13:43Z</time>
   </trkpt>
   <trkpt lat="39.7791180" lon="-105.2009160">
    <ele>1877.9</ele>
    <time>2026-06-26T00:13:44Z</time>
   </trkpt>
   <trkpt lat="39.7791260" lon="-105.2009450">
    <ele>1878.0</ele>
    <time>2026-06-26T00:13:45Z</time>
   </trkpt>
   <trkpt lat="39.7791400" lon="-105.2009660">
    <ele>1878.1</ele>
    <time>2026-06-26T00:13:46Z</time>
   </trkpt>
   <trkpt lat="39.7791480" lon="-105.2009740">
    <ele>1878.1</ele>
    <time>2026-06-26T00:13:47Z</time>
   </trkpt>
   <trkpt lat="39.7791510" lon="-105.2010030">
    <ele>1878.2</ele>
    <time>2026-06-26T00:13:48Z</time>
   </trkpt>
   <trkpt lat="39.7791530" lon="-105.2010160">
    <ele>1878.3</ele>
    <time>2026-06-26T00:13:49Z</time>
   </trkpt>
   <trkpt lat="39.7791630" lon="-105.2010340">
    <ele>1878.4</ele>
    <time>2026-06-26T00:13:50Z</time>
   </trkpt>
   <trkpt lat="39.7791650" lon="-105.2010570">
    <ele>1878.5</ele>
    <time>2026-06-26T00:13:51Z</time>
   </trkpt>
   <trkpt lat="39.7791690" lon="-105.2010730">
    <ele>1878.5</ele>
    <time>2026-06-26T00:13:52Z</time>
   </trkpt>
   <trkpt lat="39.7791710" lon="-105.2011080">
    <ele>1878.7</ele>
    <time>2026-06-26T00:13:53Z</time>
   </trkpt>
   <trkpt lat="39.7791720" lon="-105.2011180">
    <ele>1878.7</ele>
    <time>2026-06-26T00:13:54Z</time>
   </trkpt>
   <trkpt lat="39.7791780" lon="-105.2011390">
    <ele>1878.8</ele>
    <time>2026-06-26T00:13:55Z</time>
   </trkpt>
   <trkpt lat="39.7791810" lon="-105.2011550">
    <ele>1878.8</ele>
    <time>2026-06-26T00:13:56Z</time>
   </trkpt>
   <trkpt lat="39.7791860" lon="-105.2011700">
    <ele>1878.9</ele>
    <time>2026-06-26T00:13:57Z</time>
   </trkpt>
   <trkpt lat="39.7791940" lon="-105.2011860">
    <ele>1879.0</ele>
    <time>2026-06-26T00:13:58Z</time>
   </trkpt>
   <trkpt lat="39.7792020" lon="-105.2012090">
    <ele>1879.1</ele>
    <time>2026-06-26T00:13:59Z</time>
   </trkpt>
   <trkpt lat="39.7792050" lon="-105.2012340">
    <ele>1879.2</ele>
    <time>2026-06-26T00:14:00Z</time>
   </trkpt>
   <trkpt lat="39.7792160" lon="-105.2012500">
    <ele>1879.2</ele>
    <time>2026-06-26T00:14:01Z</time>
   </trkpt>
   <trkpt lat="39.7792350" lon="-105.2012630">
    <ele>1879.3</ele>
    <time>2026-06-26T00:14:02Z</time>
   </trkpt>
   <trkpt lat="39.7792480" lon="-105.2012810">
    <ele>1879.4</ele>
    <time>2026-06-26T00:14:03Z</time>
   </trkpt>
   <trkpt lat="39.7792590" lon="-105.2013010">
    <ele>1879.5</ele>
    <time>2026-06-26T00:14:04Z</time>
   </trkpt>
   <trkpt lat="39.7792560" lon="-105.2013200">
    <ele>1879.6</ele>
    <time>2026-06-26T00:14:05Z</time>
   </trkpt>
   <trkpt lat="39.7792670" lon="-105.2013430">
    <ele>1879.7</ele>
    <time>2026-06-26T00:14:06Z</time>
   </trkpt>
   <trkpt lat="39.7792720" lon="-105.2013560">
    <ele>1879.7</ele>
    <time>2026-06-26T00:14:07Z</time>
   </trkpt>
   <trkpt lat="39.7792900" lon="-105.2013710">
    <ele>1879.8</ele>
    <time>2026-06-26T00:14:08Z</time>
   </trkpt>
   <trkpt lat="39.7793110" lon="-105.2013780">
    <ele>1879.9</ele>
    <time>2026-06-26T00:14:09Z</time>
   </trkpt>
   <trkpt lat="39.7793240" lon="-105.2013900">
    <ele>1880.0</ele>
    <time>2026-06-26T00:14:10Z</time>
   </trkpt>
   <trkpt lat="39.7793370" lon="-105.2014170">
    <ele>1880.1</ele>
    <time>2026-06-26T00:14:11Z</time>
   </trkpt>
   <trkpt lat="39.7793510" lon="-105.2014420">
    <ele>1880.2</ele>
    <time>2026-06-26T00:14:12Z</time>
   </trkpt>
   <trkpt lat="39.7793630" lon="-105.2014740">
    <ele>1880.4</ele>
    <time>2026-06-26T00:14:13Z</time>
   </trkpt>
   <trkpt lat="39.7793770" lon="-105.2015050">
    <ele>1880.5</ele>
    <time>2026-06-26T00:14:14Z</time>
   </trkpt>
   <trkpt lat="39.7793910" lon="-105.2015340">
    <ele>1880.6</ele>
    <time>2026-06-26T00:14:15Z</time>
   </trkpt>
   <trkpt lat="39.7794070" lon="-105.2015520">
    <ele>1880.7</ele>
    <time>2026-06-26T00:14:16Z</time>
   </trkpt>
   <trkpt lat="39.7794190" lon="-105.2015750">
    <ele>1880.8</ele>
    <time>2026-06-26T00:14:17Z</time>
   </trkpt>
   <trkpt lat="39.7794230" lon="-105.2015970">
    <ele>1880.8</ele>
    <time>2026-06-26T00:14:18Z</time>
   </trkpt>
   <trkpt lat="39.7794370" lon="-105.2016160">
    <ele>1880.9</ele>
    <time>2026-06-26T00:14:19Z</time>
   </trkpt>
   <trkpt lat="39.7794570" lon="-105.2016330">
    <ele>1881.0</ele>
    <time>2026-06-26T00:14:20Z</time>
   </trkpt>
   <trkpt lat="39.7794760" lon="-105.2016490">
    <ele>1881.1</ele>
    <time>2026-06-26T00:14:21Z</time>
   </trkpt>
   <trkpt lat="39.7794960" lon="-105.2016700">
    <ele>1881.2</ele>
    <time>2026-06-26T00:14:22Z</time>
   </trkpt>
   <trkpt lat="39.7794930" lon="-105.2016870">
    <ele>1881.2</ele>
    <time>2026-06-26T00:14:23Z</time>
   </trkpt>
   <trkpt lat="39.7794880" lon="-105.2017180">
    <ele>1881.3</ele>
    <time>2026-06-26T00:14:24Z</time>
   </trkpt>
   <trkpt lat="39.7794890" lon="-105.2017340">
    <ele>1881.3</ele>
    <time>2026-06-26T00:14:25Z</time>
   </trkpt>
   <trkpt lat="39.7794990" lon="-105.2017570">
    <ele>1881.4</ele>
    <time>2026-06-26T00:14:26Z</time>
   </trkpt>
   <trkpt lat="39.7795080" lon="-105.2017870">
    <ele>1881.5</ele>
    <time>2026-06-26T00:14:27Z</time>
   </trkpt>
   <trkpt lat="39.7795130" lon="-105.2018040">
    <ele>1881.5</ele>
    <time>2026-06-26T00:14:28Z</time>
   </trkpt>
   <trkpt lat="39.7795300" lon="-105.2018420">
    <ele>1881.6</ele>
    <time>2026-06-26T00:14:29Z</time>
   </trkpt>
   <trkpt lat="39.7795330" lon="-105.2018460">
    <ele>1881.6</ele>
    <time>2026-06-26T00:14:30Z</time>
   </trkpt>
   <trkpt lat="39.7795270" lon="-105.2018700">
    <ele>1881.7</ele>
    <time>2026-06-26T00:14:31Z</time>
   </trkpt>
   <trkpt lat="39.7795240" lon="-105.2018840">
    <ele>1881.7</ele>
    <time>2026-06-26T00:14:32Z</time>
   </trkpt>
   <trkpt lat="39.7795250" lon="-105.2019010">
    <ele>1881.8</ele>
    <time>2026-06-26T00:14:33Z</time>
   </trkpt>
   <trkpt lat="39.7795270" lon="-105.2019160">
    <ele>1881.8</ele>
    <time>2026-06-26T00:14:34Z</time>
   </trkpt>
   <trkpt lat="39.7795380" lon="-105.2019510">
    <ele>1882.0</ele>
    <time>2026-06-26T00:14:35Z</time>
   </trkpt>
   <trkpt lat="39.7795360" lon="-105.2019770">
    <ele>1882.0</ele>
    <time>2026-06-26T00:14:36Z</time>
   </trkpt>
   <trkpt lat="39.7795440" lon="-105.2019970">
    <ele>1882.1</ele>
    <time>2026-06-26T00:14:37Z</time>
   </trkpt>
   <trkpt lat="39.7795610" lon="-105.2020270">
    <ele>1882.2</ele>
    <time>2026-06-26T00:14:38Z</time>
   </trkpt>
   <trkpt lat="39.7795780" lon="-105.2020410">
    <ele>1882.3</ele>
    <time>2026-06-26T00:14:39Z</time>
   </trkpt>
   <trkpt lat="39.7795870" lon="-105.2020590">
    <ele>1882.4</ele>
    <time>2026-06-26T00:14:40Z</time>
   </trkpt>
   <trkpt lat="39.7795930" lon="-105.2020780">
    <ele>1882.5</ele>
    <time>2026-06-26T00:14:41Z</time>
   </trkpt>
   <trkpt lat="39.7795970" lon="-105.2021060">
    <ele>1882.6</ele>
    <time>2026-06-26T00:14:42Z</time>
   </trkpt>
   <trkpt lat="39.7795970" lon="-105.2021320">
    <ele>1882.7</ele>
    <time>2026-06-26T00:14:43Z</time>
   </trkpt>
   <trkpt lat="39.7795940" lon="-105.2021590">
    <ele>1882.8</ele>
    <time>2026-06-26T00:14:44Z</time>
   </trkpt>
   <trkpt lat="39.7795940" lon="-105.2021820">
    <ele>1882.9</ele>
    <time>2026-06-26T00:14:45Z</time>
   </trkpt>
   <trkpt lat="39.7795940" lon="-105.2022060">
    <ele>1883.0</ele>
    <time>2026-06-26T00:14:46Z</time>
   </trkpt>
   <trkpt lat="39.7795980" lon="-105.2022300">
    <ele>1883.1</ele>
    <time>2026-06-26T00:14:47Z</time>
   </trkpt>
   <trkpt lat="39.7796050" lon="-105.2022500">
    <ele>1883.2</ele>
    <time>2026-06-26T00:14:48Z</time>
   </trkpt>
   <trkpt lat="39.7796220" lon="-105.2022680">
    <ele>1883.3</ele>
    <time>2026-06-26T00:14:49Z</time>
   </trkpt>
   <trkpt lat="39.7796300" lon="-105.2022860">
    <ele>1883.4</ele>
    <time>2026-06-26T00:14:50Z</time>
   </trkpt>
   <trkpt lat="39.7796330" lon="-105.2023070">
    <ele>1883.5</ele>
    <time>2026-06-26T00:14:51Z</time>
   </trkpt>
   <trkpt lat="39.7796370" lon="-105.2023290">
    <ele>1883.6</ele>
    <time>2026-06-26T00:14:52Z</time>
   </trkpt>
   <trkpt lat="39.7796420" lon="-105.2023510">
    <ele>1883.8</ele>
    <time>2026-06-26T00:14:53Z</time>
   </trkpt>
   <trkpt lat="39.7796440" lon="-105.2023710">
    <ele>1883.9</ele>
    <time>2026-06-26T00:14:54Z</time>
   </trkpt>
   <trkpt lat="39.7796450" lon="-105.2023930">
    <ele>1884.0</ele>
    <time>2026-06-26T00:14:55Z</time>
   </trkpt>
   <trkpt lat="39.7796510" lon="-105.2024140">
    <ele>1884.1</ele>
    <time>2026-06-26T00:14:56Z</time>
   </trkpt>
   <trkpt lat="39.7796560" lon="-105.2024340">
    <ele>1884.2</ele>
    <time>2026-06-26T00:14:57Z</time>
   </trkpt>
   <trkpt lat="39.7796590" lon="-105.2024560">
    <ele>1884.3</ele>
    <time>2026-06-26T00:14:58Z</time>
   </trkpt>
   <trkpt lat="39.7796710" lon="-105.2024770">
    <ele>1884.5</ele>
    <time>2026-06-26T00:14:59Z</time>
   </trkpt>
   <trkpt lat="39.7796720" lon="-105.2025000">
    <ele>1884.6</ele>
    <time>2026-06-26T00:15:00Z</time>
   </trkpt>
   <trkpt lat="39.7796690" lon="-105.2025190">
    <ele>1884.7</ele>
    <time>2026-06-26T00:15:01Z</time>
   </trkpt>
   <trkpt lat="39.7796700" lon="-105.2025350">
    <ele>1884.8</ele>
    <time>2026-06-26T00:15:02Z</time>
   </trkpt>
   <trkpt lat="39.7796660" lon="-105.2025430">
    <ele>1884.8</ele>
    <time>2026-06-26T00:15:03Z</time>
   </trkpt>
   <trkpt lat="39.7796660" lon="-105.2025350">
    <ele>1884.9</ele>
    <time>2026-06-26T00:15:04Z</time>
   </trkpt>
   <trkpt lat="39.7796690" lon="-105.2025260">
    <ele>1884.9</ele>
    <time>2026-06-26T00:15:05Z</time>
   </trkpt>
   <trkpt lat="39.7796680" lon="-105.2025240">
    <ele>1885.0</ele>
    <time>2026-06-26T00:15:06Z</time>
   </trkpt>
   <trkpt lat="39.7796690" lon="-105.2025240">
    <ele>1885.0</ele>
    <time>2026-06-26T00:15:07Z</time>
   </trkpt>
   <trkpt lat="39.7796690" lon="-105.2025210">
    <ele>1885.0</ele>
    <time>2026-06-26T00:15:08Z</time>
   </trkpt>
   <trkpt lat="39.7796690" lon="-105.2025200">
    <ele>1885.0</ele>
    <time>2026-06-26T00:15:09Z</time>
   </trkpt>
   <trkpt lat="39.7796690" lon="-105.2025200">
    <ele>1885.0</ele>
    <time>2026-06-26T00:15:10Z</time>
   </trkpt>
   <trkpt lat="39.7796690" lon="-105.2025200">
    <ele>1885.0</ele>
    <time>2026-06-26T00:15:11Z</time>
   </trkpt>
   <trkpt lat="39.7796690" lon="-105.2025200">
    <ele>1885.0</ele>
    <time>2026-06-26T00:15:12Z</time>
   </trkpt>
   <trkpt lat="39.7796830" lon="-105.2025710">
    <ele>1885.3</ele>
    <time>2026-06-26T00:15:26Z</time>
   </trkpt>
   <trkpt lat="39.7796920" lon="-105.2025850">
    <ele>1885.4</ele>
    <time>2026-06-26T00:15:27Z</time>
   </trkpt>
   <trkpt lat="39.7796970" lon="-105.2026060">
    <ele>1885.5</ele>
    <time>2026-06-26T00:15:28Z</time>
   </trkpt>
   <trkpt lat="39.7797000" lon="-105.2026420">
    <ele>1885.7</ele>
    <time>2026-06-26T00:15:29Z</time>
   </trkpt>
   <trkpt lat="39.7797140" lon="-105.2026700">
    <ele>1885.9</ele>
    <time>2026-06-26T00:15:30Z</time>
   </trkpt>
   <trkpt lat="39.7797450" lon="-105.2026960">
    <ele>1886.2</ele>
    <time>2026-06-26T00:15:31Z</time>
   </trkpt>
   <trkpt lat="39.7797520" lon="-105.2027210">
    <ele>1886.3</ele>
    <time>2026-06-26T00:15:32Z</time>
   </trkpt>
   <trkpt lat="39.7797400" lon="-105.2027540">
    <ele>1886.5</ele>
    <time>2026-06-26T00:15:33Z</time>
   </trkpt>
   <trkpt lat="39.7797340" lon="-105.2027690">
    <ele>1886.6</ele>
    <time>2026-06-26T00:15:34Z</time>
   </trkpt>
   <trkpt lat="39.7797550" lon="-105.2027870">
    <ele>1886.8</ele>
    <time>2026-06-26T00:15:35Z</time>
   </trkpt>
   <trkpt lat="39.7797350" lon="-105.2027500">
    <ele>1887.0</ele>
    <time>2026-06-26T00:15:36Z</time>
   </trkpt>
   <trkpt lat="39.7797490" lon="-105.2027320">
    <ele>1887.2</ele>
    <time>2026-06-26T00:15:37Z</time>
   </trkpt>
   <trkpt lat="39.7797720" lon="-105.2027740">
    <ele>1887.5</ele>
    <time>2026-06-26T00:15:38Z</time>
   </trkpt>
   <trkpt lat="39.7797790" lon="-105.2027860">
    <ele>1887.6</ele>
    <time>2026-06-26T00:15:39Z</time>
   </trkpt>
   <trkpt lat="39.7797890" lon="-105.2028050">
    <ele>1887.8</ele>
    <time>2026-06-26T00:15:40Z</time>
   </trkpt>
   <trkpt lat="39.7797970" lon="-105.2028320">
    <ele>1888.0</ele>
    <time>2026-06-26T00:15:41Z</time>
   </trkpt>
   <trkpt lat="39.7798050" lon="-105.2028600">
    <ele>1888.2</ele>
    <time>2026-06-26T00:15:42Z</time>
   </trkpt>
   <trkpt lat="39.7798140" lon="-105.2028890">
    <ele>1888.4</ele>
    <time>2026-06-26T00:15:43Z</time>
   </trkpt>
   <trkpt lat="39.7798340" lon="-105.2029190">
    <ele>1888.7</ele>
    <time>2026-06-26T00:15:44Z</time>
   </trkpt>
   <trkpt lat="39.7798440" lon="-105.2029490">
    <ele>1888.9</ele>
    <time>2026-06-26T00:15:45Z</time>
   </trkpt>
   <trkpt lat="39.7798510" lon="-105.2029770">
    <ele>1889.1</ele>
    <time>2026-06-26T00:15:46Z</time>
   </trkpt>
   <trkpt lat="39.7798550" lon="-105.2030020">
    <ele>1889.2</ele>
    <time>2026-06-26T00:15:47Z</time>
   </trkpt>
   <trkpt lat="39.7798660" lon="-105.2030240">
    <ele>1889.4</ele>
    <time>2026-06-26T00:15:48Z</time>
   </trkpt>
   <trkpt lat="39.7798680" lon="-105.2030510">
    <ele>1889.6</ele>
    <time>2026-06-26T00:15:49Z</time>
   </trkpt>
   <trkpt lat="39.7798820" lon="-105.2030720">
    <ele>1889.8</ele>
    <time>2026-06-26T00:15:50Z</time>
   </trkpt>
   <trkpt lat="39.7798940" lon="-105.2030940">
    <ele>1890.0</ele>
    <time>2026-06-26T00:15:51Z</time>
   </trkpt>
   <trkpt lat="39.7799080" lon="-105.2031140">
    <ele>1890.1</ele>
    <time>2026-06-26T00:15:52Z</time>
   </trkpt>
   <trkpt lat="39.7799240" lon="-105.2031420">
    <ele>1890.4</ele>
    <time>2026-06-26T00:15:53Z</time>
   </trkpt>
   <trkpt lat="39.7799390" lon="-105.2031620">
    <ele>1890.5</ele>
    <time>2026-06-26T00:15:54Z</time>
   </trkpt>
   <trkpt lat="39.7799500" lon="-105.2031860">
    <ele>1890.7</ele>
    <time>2026-06-26T00:15:55Z</time>
   </trkpt>
   <trkpt lat="39.7799620" lon="-105.2032080">
    <ele>1890.9</ele>
    <time>2026-06-26T00:15:56Z</time>
   </trkpt>
   <trkpt lat="39.7799810" lon="-105.2032340">
    <ele>1891.1</ele>
    <time>2026-06-26T00:15:57Z</time>
   </trkpt>
   <trkpt lat="39.7799940" lon="-105.2032500">
    <ele>1891.3</ele>
    <time>2026-06-26T00:15:58Z</time>
   </trkpt>
   <trkpt lat="39.7800040" lon="-105.2032680">
    <ele>1891.4</ele>
    <time>2026-06-26T00:15:59Z</time>
   </trkpt>
   <trkpt lat="39.7800180" lon="-105.2032840">
    <ele>1891.6</ele>
    <time>2026-06-26T00:16:00Z</time>
   </trkpt>
   <trkpt lat="39.7800270" lon="-105.2032890">
    <ele>1891.7</ele>
    <time>2026-06-26T00:16:01Z</time>
   </trkpt>
   <trkpt lat="39.7800330" lon="-105.2033100">
    <ele>1891.8</ele>
    <time>2026-06-26T00:16:02Z</time>
   </trkpt>
   <trkpt lat="39.7800500" lon="-105.2033460">
    <ele>1892.1</ele>
    <time>2026-06-26T00:16:03Z</time>
   </trkpt>
   <trkpt lat="39.7800600" lon="-105.2033590">
    <ele>1892.2</ele>
    <time>2026-06-26T00:16:04Z</time>
   </trkpt>
   <trkpt lat="39.7800850" lon="-105.2033980">
    <ele>1892.5</ele>
    <time>2026-06-26T00:16:05Z</time>
   </trkpt>
   <trkpt lat="39.7800920" lon="-105.2034030">
    <ele>1892.6</ele>
    <time>2026-06-26T00:16:06Z</time>
   </trkpt>
   <trkpt lat="39.7801110" lon="-105.2034480">
    <ele>1892.9</ele>
    <time>2026-06-26T00:16:07Z</time>
   </trkpt>
   <trkpt lat="39.7801180" lon="-105.2034480">
    <ele>1893.0</ele>
    <time>2026-06-26T00:16:08Z</time>
   </trkpt>
   <trkpt lat="39.7801310" lon="-105.2034820">
    <ele>1893.2</ele>
    <time>2026-06-26T00:16:09Z</time>
   </trkpt>
   <trkpt lat="39.7801450" lon="-105.2034900">
    <ele>1893.3</ele>
    <time>2026-06-26T00:16:10Z</time>
   </trkpt>
   <trkpt lat="39.7801700" lon="-105.2035160">
    <ele>1893.6</ele>
    <time>2026-06-26T00:16:11Z</time>
   </trkpt>
   <trkpt lat="39.7801730" lon="-105.2035500">
    <ele>1893.8</ele>
    <time>2026-06-26T00:16:12Z</time>
   </trkpt>
   <trkpt lat="39.7801880" lon="-105.2035680">
    <ele>1894.0</ele>
    <time>2026-06-26T00:16:13Z</time>
   </trkpt>
   <trkpt lat="39.7802050" lon="-105.2035920">
    <ele>1894.2</ele>
    <time>2026-06-26T00:16:14Z</time>
   </trkpt>
   <trkpt lat="39.7802170" lon="-105.2036080">
    <ele>1894.4</ele>
    <time>2026-06-26T00:16:15Z</time>
   </trkpt>
   <trkpt lat="39.7802330" lon="-105.2036340">
    <ele>1894.6</ele>
    <time>2026-06-26T00:16:16Z</time>
   </trkpt>
   <trkpt lat="39.7802440" lon="-105.2036570">
    <ele>1894.8</ele>
    <time>2026-06-26T00:16:17Z</time>
   </trkpt>
   <trkpt lat="39.7802530" lon="-105.2036810">
    <ele>1895.0</ele>
    <time>2026-06-26T00:16:18Z</time>
   </trkpt>
   <trkpt lat="39.7802690" lon="-105.2036960">
    <ele>1895.2</ele>
    <time>2026-06-26T00:16:19Z</time>
   </trkpt>
   <trkpt lat="39.7802750" lon="-105.2037240">
    <ele>1895.4</ele>
    <time>2026-06-26T00:16:20Z</time>
   </trkpt>
   <trkpt lat="39.7802870" lon="-105.2037450">
    <ele>1895.6</ele>
    <time>2026-06-26T00:16:21Z</time>
   </trkpt>
   <trkpt lat="39.7802980" lon="-105.2037630">
    <ele>1895.8</ele>
    <time>2026-06-26T00:16:22Z</time>
   </trkpt>
   <trkpt lat="39.7803110" lon="-105.2037860">
    <ele>1896.0</ele>
    <time>2026-06-26T00:16:23Z</time>
   </trkpt>
   <trkpt lat="39.7803220" lon="-105.2038050">
    <ele>1896.2</ele>
    <time>2026-06-26T00:16:24Z</time>
   </trkpt>
   <trkpt lat="39.7803280" lon="-105.2038270">
    <ele>1896.3</ele>
    <time>2026-06-26T00:16:25Z</time>
   </trkpt>
   <trkpt lat="39.7803360" lon="-105.2038460">
    <ele>1896.5</ele>
    <time>2026-06-26T00:16:26Z</time>
   </trkpt>
   <trkpt lat="39.7803410" lon="-105.2038670">
    <ele>1896.7</ele>
    <time>2026-06-26T00:16:27Z</time>
   </trkpt>
   <trkpt lat="39.7803450" lon="-105.2038860">
    <ele>1896.8</ele>
    <time>2026-06-26T00:16:28Z</time>
   </trkpt>
   <trkpt lat="39.7803580" lon="-105.2039020">
    <ele>1896.9</ele>
    <time>2026-06-26T00:16:29Z</time>
   </trkpt>
   <trkpt lat="39.7803640" lon="-105.2039200">
    <ele>1897.1</ele>
    <time>2026-06-26T00:16:30Z</time>
   </trkpt>
   <trkpt lat="39.7803740" lon="-105.2039380">
    <ele>1897.2</ele>
    <time>2026-06-26T00:16:31Z</time>
   </trkpt>
   <trkpt lat="39.7803860" lon="-105.2039530">
    <ele>1897.4</ele>
    <time>2026-06-26T00:16:32Z</time>
   </trkpt>
   <trkpt lat="39.7803920" lon="-105.2039720">
    <ele>1897.5</ele>
    <time>2026-06-26T00:16:33Z</time>
   </trkpt>
   <trkpt lat="39.7803990" lon="-105.2039950">
    <ele>1897.7</ele>
    <time>2026-06-26T00:16:34Z</time>
   </trkpt>
   <trkpt lat="39.7804000" lon="-105.2040170">
    <ele>1897.9</ele>
    <time>2026-06-26T00:16:35Z</time>
   </trkpt>
   <trkpt lat="39.7804010" lon="-105.2040370">
    <ele>1898.0</ele>
    <time>2026-06-26T00:16:36Z</time>
   </trkpt>
   <trkpt lat="39.7804070" lon="-105.2040480">
    <ele>1898.1</ele>
    <time>2026-06-26T00:16:37Z</time>
   </trkpt>
   <trkpt lat="39.7804110" lon="-105.2040720">
    <ele>1898.3</ele>
    <time>2026-06-26T00:16:38Z</time>
   </trkpt>
   <trkpt lat="39.7804060" lon="-105.2040980">
    <ele>1898.5</ele>
    <time>2026-06-26T00:16:39Z</time>
   </trkpt>
   <trkpt lat="39.7804060" lon="-105.2041220">
    <ele>1898.6</ele>
    <time>2026-06-26T00:16:40Z</time>
   </trkpt>
   <trkpt lat="39.7804050" lon="-105.2041440">
    <ele>1898.8</ele>
    <time>2026-06-26T00:16:41Z</time>
   </trkpt>
   <trkpt lat="39.7804020" lon="-105.2041660">
    <ele>1899.0</ele>
    <time>2026-06-26T00:16:42Z</time>
   </trkpt>
   <trkpt lat="39.7804020" lon="-105.2041890">
    <ele>1899.1</ele>
    <time>2026-06-26T00:16:43Z</time>
   </trkpt>
   <trkpt lat="39.7804070" lon="-105.2042130">
    <ele>1899.3</ele>
    <time>2026-06-26T00:16:44Z</time>
   </trkpt>
   <trkpt lat="39.7804040" lon="-105.2042330">
    <ele>1899.5</ele>
    <time>2026-06-26T00:16:45Z</time>
   </trkpt>
   <trkpt lat="39.7804070" lon="-105.2042520">
    <ele>1899.6</ele>
    <time>2026-06-26T00:16:46Z</time>
   </trkpt>
   <trkpt lat="39.7804130" lon="-105.2042720">
    <ele>1899.8</ele>
    <time>2026-06-26T00:16:47Z</time>
   </trkpt>
   <trkpt lat="39.7804170" lon="-105.2042920">
    <ele>1899.9</ele>
    <time>2026-06-26T00:16:48Z</time>
   </trkpt>
   <trkpt lat="39.7804150" lon="-105.2043140">
    <ele>1900.1</ele>
    <time>2026-06-26T00:16:49Z</time>
   </trkpt>
   <trkpt lat="39.7804220" lon="-105.2043320">
    <ele>1900.2</ele>
    <time>2026-06-26T00:16:50Z</time>
   </trkpt>
   <trkpt lat="39.7804220" lon="-105.2043470">
    <ele>1900.3</ele>
    <time>2026-06-26T00:16:51Z</time>
   </trkpt>
   <trkpt lat="39.7804300" lon="-105.2043650">
    <ele>1900.5</ele>
    <time>2026-06-26T00:16:52Z</time>
   </trkpt>
   <trkpt lat="39.7804320" lon="-105.2043850">
    <ele>1900.6</ele>
    <time>2026-06-26T00:16:53Z</time>
   </trkpt>
   <trkpt lat="39.7804350" lon="-105.2044020">
    <ele>1900.7</ele>
    <time>2026-06-26T00:16:54Z</time>
   </trkpt>
   <trkpt lat="39.7804400" lon="-105.2044220">
    <ele>1900.9</ele>
    <time>2026-06-26T00:16:55Z</time>
   </trkpt>
   <trkpt lat="39.7804420" lon="-105.2044400">
    <ele>1901.0</ele>
    <time>2026-06-26T00:16:56Z</time>
   </trkpt>
   <trkpt lat="39.7804440" lon="-105.2044600">
    <ele>1901.2</ele>
    <time>2026-06-26T00:16:58Z</time>
   </trkpt>
   <trkpt lat="39.7804440" lon="-105.2044810">
    <ele>1901.3</ele>
    <time>2026-06-26T00:16:59Z</time>
   </trkpt>
   <trkpt lat="39.7804480" lon="-105.2045000">
    <ele>1901.5</ele>
    <time>2026-06-26T00:17:00Z</time>
   </trkpt>
   <trkpt lat="39.7804540" lon="-105.2045190">
    <ele>1901.6</ele>
    <time>2026-06-26T00:17:01Z</time>
   </trkpt>
   <trkpt lat="39.7804690" lon="-105.2045360">
    <ele>1901.8</ele>
    <time>2026-06-26T00:17:02Z</time>
   </trkpt>
   <trkpt lat="39.7804490" lon="-105.2045510">
    <ele>1902.1</ele>
    <time>2026-06-26T00:17:03Z</time>
   </trkpt>
   <trkpt lat="39.7804630" lon="-105.2045410">
    <ele>1902.2</ele>
    <time>2026-06-26T00:17:04Z</time>
   </trkpt>
   <trkpt lat="39.7804660" lon="-105.2045150">
    <ele>1902.5</ele>
    <time>2026-06-26T00:17:05Z</time>
   </trkpt>
   <trkpt lat="39.7804710" lon="-105.2044980">
    <ele>1902.6</ele>
    <time>2026-06-26T00:17:06Z</time>
   </trkpt>
   <trkpt lat="39.7804830" lon="-105.2044810">
    <ele>1902.8</ele>
    <time>2026-06-26T00:17:07Z</time>
   </trkpt>
   <trkpt lat="39.7804750" lon="-105.2044590">
    <ele>1903.0</ele>
    <time>2026-06-26T00:17:08Z</time>
   </trkpt>
   <trkpt lat="39.7804730" lon="-105.2044400">
    <ele>1903.2</ele>
    <time>2026-06-26T00:17:09Z</time>
   </trkpt>
   <trkpt lat="39.7804780" lon="-105.2044210">
    <ele>1903.4</ele>
    <time>2026-06-26T00:17:10Z</time>
   </trkpt>
   <trkpt lat="39.7804840" lon="-105.2044080">
    <ele>1903.6</ele>
    <time>2026-06-26T00:17:11Z</time>
   </trkpt>
   <trkpt lat="39.7804850" lon="-105.2044090">
    <ele>1903.6</ele>
    <time>2026-06-26T00:17:12Z</time>
   </trkpt>
   <trkpt lat="39.7804860" lon="-105.2043790">
    <ele>1903.9</ele>
    <time>2026-06-26T00:17:13Z</time>
   </trkpt>
   <trkpt lat="39.7804870" lon="-105.2043630">
    <ele>1904.0</ele>
    <time>2026-06-26T00:17:14Z</time>
   </trkpt>
   <trkpt lat="39.7804910" lon="-105.2043380">
    <ele>1904.3</ele>
    <time>2026-06-26T00:17:15Z</time>
   </trkpt>
   <trkpt lat="39.7804940" lon="-105.2043250">
    <ele>1904.4</ele>
    <time>2026-06-26T00:17:16Z</time>
   </trkpt>
   <trkpt lat="39.7805000" lon="-105.2043040">
    <ele>1904.6</ele>
    <time>2026-06-26T00:17:17Z</time>
   </trkpt>
   <trkpt lat="39.7804990" lon="-105.2042880">
    <ele>1904.8</ele>
    <time>2026-06-26T00:17:18Z</time>
   </trkpt>
   <trkpt lat="39.7805020" lon="-105.2042640">
    <ele>1905.0</ele>
    <time>2026-06-26T00:17:19Z</time>
   </trkpt>
   <trkpt lat="39.7805080" lon="-105.2042520">
    <ele>1905.2</ele>
    <time>2026-06-26T00:17:20Z</time>
   </trkpt>
   <trkpt lat="39.7805120" lon="-105.2042290">
    <ele>1905.4</ele>
    <time>2026-06-26T00:17:21Z</time>
   </trkpt>
   <trkpt lat="39.7805090" lon="-105.2042150">
    <ele>1905.5</ele>
    <time>2026-06-26T00:17:22Z</time>
   </trkpt>
   <trkpt lat="39.7805160" lon="-105.2041850">
    <ele>1905.8</ele>
    <time>2026-06-26T00:17:23Z</time>
   </trkpt>
   <trkpt lat="39.7805230" lon="-105.2041600">
    <ele>1906.0</ele>
    <time>2026-06-26T00:17:24Z</time>
   </trkpt>
   <trkpt lat="39.7805270" lon="-105.2041370">
    <ele>1906.2</ele>
    <time>2026-06-26T00:17:25Z</time>
   </trkpt>
   <trkpt lat="39.7805240" lon="-105.2041190">
    <ele>1906.4</ele>
    <time>2026-06-26T00:17:26Z</time>
   </trkpt>
   <trkpt lat="39.7805340" lon="-105.2041080">
    <ele>1906.5</ele>
    <time>2026-06-26T00:17:27Z</time>
   </trkpt>
   <trkpt lat="39.7805450" lon="-105.2041080">
    <ele>1906.6</ele>
    <time>2026-06-26T00:17:28Z</time>
   </trkpt>
   <trkpt lat="39.7805490" lon="-105.2041090">
    <ele>1906.7</ele>
    <time>2026-06-26T00:17:29Z</time>
   </trkpt>
   <trkpt lat="39.7805540" lon="-105.2041080">
    <ele>1906.7</ele>
    <time>2026-06-26T00:17:30Z</time>
   </trkpt>
   <trkpt lat="39.7805550" lon="-105.2041160">
    <ele>1906.8</ele>
    <time>2026-06-26T00:17:31Z</time>
   </trkpt>
   <trkpt lat="39.7805620" lon="-105.2041330">
    <ele>1907.0</ele>
    <time>2026-06-26T00:17:32Z</time>
   </trkpt>
   <trkpt lat="39.7805650" lon="-105.2041480">
    <ele>1907.1</ele>
    <time>2026-06-26T00:17:33Z</time>
   </trkpt>
   <trkpt lat="39.7805650" lon="-105.2041660">
    <ele>1907.3</ele>
    <time>2026-06-26T00:17:34Z</time>
   </trkpt>
   <trkpt lat="39.7805670" lon="-105.2041860">
    <ele>1907.4</ele>
    <time>2026-06-26T00:17:35Z</time>
   </trkpt>
   <trkpt lat="39.7805690" lon="-105.2042080">
    <ele>1907.6</ele>
    <time>2026-06-26T00:17:36Z</time>
   </trkpt>
   <trkpt lat="39.7805700" lon="-105.2042280">
    <ele>1907.8</ele>
    <time>2026-06-26T00:17:37Z</time>
   </trkpt>
   <trkpt lat="39.7805680" lon="-105.2042440">
    <ele>1907.9</ele>
    <time>2026-06-26T00:17:38Z</time>
   </trkpt>
   <trkpt lat="39.7805690" lon="-105.2042680">
    <ele>1908.1</ele>
    <time>2026-06-26T00:17:39Z</time>
   </trkpt>
   <trkpt lat="39.7805740" lon="-105.2042890">
    <ele>1908.3</ele>
    <time>2026-06-26T00:17:40Z</time>
   </trkpt>
   <trkpt lat="39.7805790" lon="-105.2043100">
    <ele>1908.5</ele>
    <time>2026-06-26T00:17:41Z</time>
   </trkpt>
   <trkpt lat="39.7805870" lon="-105.2043310">
    <ele>1908.7</ele>
    <time>2026-06-26T00:17:42Z</time>
   </trkpt>
   <trkpt lat="39.7805910" lon="-105.2043510">
    <ele>1908.8</ele>
    <time>2026-06-26T00:17:43Z</time>
   </trkpt>
   <trkpt lat="39.7805970" lon="-105.2043730">
    <ele>1909.0</ele>
    <time>2026-06-26T00:17:44Z</time>
   </trkpt>
   <trkpt lat="39.7805980" lon="-105.2043990">
    <ele>1909.3</ele>
    <time>2026-06-26T00:17:45Z</time>
   </trkpt>
   <trkpt lat="39.7806040" lon="-105.2044230">
    <ele>1909.5</ele>
    <time>2026-06-26T00:17:46Z</time>
   </trkpt>
   <trkpt lat="39.7806120" lon="-105.2044460">
    <ele>1909.7</ele>
    <time>2026-06-26T00:17:47Z</time>
   </trkpt>
   <trkpt lat="39.7806150" lon="-105.2044680">
    <ele>1909.9</ele>
    <time>2026-06-26T00:17:48Z</time>
   </trkpt>
   <trkpt lat="39.7806110" lon="-105.2045230">
    <ele>1910.3</ele>
    <time>2026-06-26T00:17:49Z</time>
   </trkpt>
   <trkpt lat="39.7806230" lon="-105.2045470">
    <ele>1910.6</ele>
    <time>2026-06-26T00:17:50Z</time>
   </trkpt>
   <trkpt lat="39.7806260" lon="-105.2045710">
    <ele>1910.7</ele>
    <time>2026-06-26T00:17:51Z</time>
   </trkpt>
   <trkpt lat="39.7806330" lon="-105.2045930">
    <ele>1910.9</ele>
    <time>2026-06-26T00:17:52Z</time>
   </trkpt>
   <trkpt lat="39.7806420" lon="-105.2046170">
    <ele>1911.2</ele>
    <time>2026-06-26T00:17:53Z</time>
   </trkpt>
   <trkpt lat="39.7806450" lon="-105.2046420">
    <ele>1911.4</ele>
    <time>2026-06-26T00:17:54Z</time>
   </trkpt>
   <trkpt lat="39.7806450" lon="-105.2046650">
    <ele>1911.5</ele>
    <time>2026-06-26T00:17:55Z</time>
   </trkpt>
   <trkpt lat="39.7806490" lon="-105.2046850">
    <ele>1911.7</ele>
    <time>2026-06-26T00:17:56Z</time>
   </trkpt>
   <trkpt lat="39.7806530" lon="-105.2047060">
    <ele>1911.9</ele>
    <time>2026-06-26T00:17:57Z</time>
   </trkpt>
   <trkpt lat="39.7806550" lon="-105.2047280">
    <ele>1912.0</ele>
    <time>2026-06-26T00:17:58Z</time>
   </trkpt>
   <trkpt lat="39.7806580" lon="-105.2047490">
    <ele>1912.2</ele>
    <time>2026-06-26T00:17:59Z</time>
   </trkpt>
   <trkpt lat="39.7806650" lon="-105.2047710">
    <ele>1912.4</ele>
    <time>2026-06-26T00:18:00Z</time>
   </trkpt>
   <trkpt lat="39.7806680" lon="-105.2047930">
    <ele>1912.6</ele>
    <time>2026-06-26T00:18:01Z</time>
   </trkpt>
   <trkpt lat="39.7806770" lon="-105.2048130">
    <ele>1912.7</ele>
    <time>2026-06-26T00:18:02Z</time>
   </trkpt>
   <trkpt lat="39.7806850" lon="-105.2048310">
    <ele>1912.9</ele>
    <time>2026-06-26T00:18:03Z</time>
   </trkpt>
   <trkpt lat="39.7806910" lon="-105.2048470">
    <ele>1913.0</ele>
    <time>2026-06-26T00:18:04Z</time>
   </trkpt>
   <trkpt lat="39.7806960" lon="-105.2048650">
    <ele>1913.1</ele>
    <time>2026-06-26T00:18:05Z</time>
   </trkpt>
   <trkpt lat="39.7807030" lon="-105.2048830">
    <ele>1913.3</ele>
    <time>2026-06-26T00:18:06Z</time>
   </trkpt>
   <trkpt lat="39.7807080" lon="-105.2049020">
    <ele>1913.4</ele>
    <time>2026-06-26T00:18:07Z</time>
   </trkpt>
   <trkpt lat="39.7807140" lon="-105.2049170">
    <ele>1913.6</ele>
    <time>2026-06-26T00:18:08Z</time>
   </trkpt>
   <trkpt lat="39.7807220" lon="-105.2049300">
    <ele>1913.7</ele>
    <time>2026-06-26T00:18:09Z</time>
   </trkpt>
   <trkpt lat="39.7807320" lon="-105.2049450">
    <ele>1913.8</ele>
    <time>2026-06-26T00:18:10Z</time>
   </trkpt>
   <trkpt lat="39.7807350" lon="-105.2049570">
    <ele>1913.9</ele>
    <time>2026-06-26T00:18:11Z</time>
   </trkpt>
   <trkpt lat="39.7807410" lon="-105.2049680">
    <ele>1914.0</ele>
    <time>2026-06-26T00:18:12Z</time>
   </trkpt>
   <trkpt lat="39.7807540" lon="-105.2049730">
    <ele>1914.2</ele>
    <time>2026-06-26T00:18:13Z</time>
   </trkpt>
   <trkpt lat="39.7807590" lon="-105.2049740">
    <ele>1914.2</ele>
    <time>2026-06-26T00:18:14Z</time>
   </trkpt>
   <trkpt lat="39.7807520" lon="-105.2049740">
    <ele>1914.3</ele>
    <time>2026-06-26T00:18:15Z</time>
   </trkpt>
   <trkpt lat="39.7807510" lon="-105.2049870">
    <ele>1914.4</ele>
    <time>2026-06-26T00:18:16Z</time>
   </trkpt>
   <trkpt lat="39.7807450" lon="-105.2049960">
    <ele>1914.4</ele>
    <time>2026-06-26T00:18:17Z</time>
   </trkpt>
   <trkpt lat="39.7807450" lon="-105.2050020">
    <ele>1914.5</ele>
    <time>2026-06-26T00:18:18Z</time>
   </trkpt>
   <trkpt lat="39.7807450" lon="-105.2050140">
    <ele>1914.6</ele>
    <time>2026-06-26T00:18:19Z</time>
   </trkpt>
   <trkpt lat="39.7807410" lon="-105.2050330">
    <ele>1914.7</ele>
    <time>2026-06-26T00:18:20Z</time>
   </trkpt>
   <trkpt lat="39.7807410" lon="-105.2050520">
    <ele>1914.8</ele>
    <time>2026-06-26T00:18:21Z</time>
   </trkpt>
   <trkpt lat="39.7807400" lon="-105.2050830">
    <ele>1915.1</ele>
    <time>2026-06-26T00:18:22Z</time>
   </trkpt>
   <trkpt lat="39.7807640" lon="-105.2051060">
    <ele>1915.3</ele>
    <time>2026-06-26T00:18:23Z</time>
   </trkpt>
   <trkpt lat="39.7807800" lon="-105.2051220">
    <ele>1915.5</ele>
    <time>2026-06-26T00:18:24Z</time>
   </trkpt>
   <trkpt lat="39.7807970" lon="-105.2051390">
    <ele>1915.7</ele>
    <time>2026-06-26T00:18:25Z</time>
   </trkpt>
   <trkpt lat="39.7808130" lon="-105.2051550">
    <ele>1915.9</ele>
    <time>2026-06-26T00:18:26Z</time>
   </trkpt>
   <trkpt lat="39.7807950" lon="-105.2051470">
    <ele>1916.1</ele>
    <time>2026-06-26T00:18:27Z</time>
   </trkpt>
   <trkpt lat="39.7807890" lon="-105.2051540">
    <ele>1916.2</ele>
    <time>2026-06-26T00:18:28Z</time>
   </trkpt>
   <trkpt lat="39.7807960" lon="-105.2051680">
    <ele>1916.4</ele>
    <time>2026-06-26T00:18:29Z</time>
   </trkpt>
   <trkpt lat="39.7807950" lon="-105.2051720">
    <ele>1916.4</ele>
    <time>2026-06-26T00:18:30Z</time>
   </trkpt>
   <trkpt lat="39.7808040" lon="-105.2051650">
    <ele>1916.5</ele>
    <time>2026-06-26T00:18:31Z</time>
   </trkpt>
   <trkpt lat="39.7808060" lon="-105.2051510">
    <ele>1916.6</ele>
    <time>2026-06-26T00:18:32Z</time>
   </trkpt>
   <trkpt lat="39.7807990" lon="-105.2051590">
    <ele>1916.7</ele>
    <time>2026-06-26T00:18:33Z</time>
   </trkpt>
   <trkpt lat="39.7808020" lon="-105.2051640">
    <ele>1916.8</ele>
    <time>2026-06-26T00:18:34Z</time>
   </trkpt>
   <trkpt lat="39.7808150" lon="-105.2051680">
    <ele>1917.0</ele>
    <time>2026-06-26T00:18:35Z</time>
   </trkpt>
   <trkpt lat="39.7808180" lon="-105.2051730">
    <ele>1917.0</ele>
    <time>2026-06-26T00:18:36Z</time>
   </trkpt>
   <trkpt lat="39.7808140" lon="-105.2051750">
    <ele>1917.1</ele>
    <time>2026-06-26T00:18:37Z</time>
   </trkpt>
   <trkpt lat="39.7808150" lon="-105.2051800">
    <ele>1917.1</ele>
    <time>2026-06-26T00:18:38Z</time>
   </trkpt>
   <trkpt lat="39.7808250" lon="-105.2051780">
    <ele>1917.3</ele>
    <time>2026-06-26T00:18:39Z</time>
   </trkpt>
   <trkpt lat="39.7808250" lon="-105.2051850">
    <ele>1917.3</ele>
    <time>2026-06-26T00:18:40Z</time>
   </trkpt>
   <trkpt lat="39.7808410" lon="-105.2052220">
    <ele>1917.8</ele>
    <time>2026-06-26T00:18:49Z</time>
   </trkpt>
   <trkpt lat="39.7808380" lon="-105.2052210">
    <ele>1917.8</ele>
    <time>2026-06-26T00:18:50Z</time>
   </trkpt>
   <trkpt lat="39.7808330" lon="-105.2052190">
    <ele>1917.9</ele>
    <time>2026-06-26T00:18:51Z</time>
   </trkpt>
   <trkpt lat="39.7808340" lon="-105.2052150">
    <ele>1917.9</ele>
    <time>2026-06-26T00:18:52Z</time>
   </trkpt>
   <trkpt lat="39.7808500" lon="-105.2052260">
    <ele>1918.2</ele>
    <time>2026-06-26T00:18:53Z</time>
   </trkpt>
   <trkpt lat="39.7808620" lon="-105.2052350">
    <ele>1918.4</ele>
    <time>2026-06-26T00:18:54Z</time>
   </trkpt>
   <trkpt lat="39.7808690" lon="-105.2052400">
    <ele>1918.5</ele>
    <time>2026-06-26T00:18:55Z</time>
   </trkpt>
   <trkpt lat="39.7808760" lon="-105.2052460">
    <ele>1918.6</ele>
    <time>2026-06-26T00:18:56Z</time>
   </trkpt>
   <trkpt lat="39.7808770" lon="-105.2052450">
    <ele>1918.6</ele>
    <time>2026-06-26T00:18:57Z</time>
   </trkpt>
   <trkpt lat="39.7808670" lon="-105.2052300">
    <ele>1918.8</ele>
    <time>2026-06-26T00:18:58Z</time>
   </trkpt>
   <trkpt lat="39.7808690" lon="-105.2052310">
    <ele>1918.8</ele>
    <time>2026-06-26T00:18:59Z</time>
   </trkpt>
   <trkpt lat="39.7808640" lon="-105.2052370">
    <ele>1918.9</ele>
    <time>2026-06-26T00:19:00Z</time>
   </trkpt>
   <trkpt lat="39.7808630" lon="-105.2052400">
    <ele>1919.0</ele>
    <time>2026-06-26T00:19:01Z</time>
   </trkpt>
   <trkpt lat="39.7808630" lon="-105.2052400">
    <ele>1919.0</ele>
    <time>2026-06-26T00:19:02Z</time>
   </trkpt>
   <trkpt lat="39.7808630" lon="-105.2052400">
    <ele>1919.0</ele>
    <time>2026-06-26T00:19:04Z</time>
   </trkpt>
   <trkpt lat="39.7808630" lon="-105.2052400">
    <ele>1919.0</ele>
    <time>2026-06-26T00:19:05Z</time>
   </trkpt>
   <trkpt lat="39.7808630" lon="-105.2052400">
    <ele>1919.0</ele>
    <time>2026-06-26T00:19:06Z</time>
   </trkpt>
   <trkpt lat="39.7808850" lon="-105.2052310">
    <ele>1919.3</ele>
    <time>2026-06-26T00:19:48Z</time>
   </trkpt>
   <trkpt lat="39.7808980" lon="-105.2052490">
    <ele>1919.5</ele>
    <time>2026-06-26T00:19:49Z</time>
   </trkpt>
   <trkpt lat="39.7809110" lon="-105.2052600">
    <ele>1919.7</ele>
    <time>2026-06-26T00:19:50Z</time>
   </trkpt>
   <trkpt lat="39.7809240" lon="-105.2052690">
    <ele>1919.8</ele>
    <time>2026-06-26T00:19:51Z</time>
   </trkpt>
   <trkpt lat="39.7809320" lon="-105.2052820">
    <ele>1920.0</ele>
    <time>2026-06-26T00:19:52Z</time>
   </trkpt>
   <trkpt lat="39.7809410" lon="-105.2053090">
    <ele>1920.2</ele>
    <time>2026-06-26T00:19:53Z</time>
   </trkpt>
   <trkpt lat="39.7809450" lon="-105.2053320">
    <ele>1920.3</ele>
    <time>2026-06-26T00:19:54Z</time>
   </trkpt>
   <trkpt lat="39.7809520" lon="-105.2053490">
    <ele>1920.5</ele>
    <time>2026-06-26T00:19:55Z</time>
   </trkpt>
   <trkpt lat="39.7809590" lon="-105.2053580">
    <ele>1920.6</ele>
    <time>2026-06-26T00:19:56Z</time>
   </trkpt>
   <trkpt lat="39.7809490" lon="-105.2053780">
    <ele>1920.7</ele>
    <time>2026-06-26T00:19:57Z</time>
   </trkpt>
   <trkpt lat="39.7809450" lon="-105.2053900">
    <ele>1920.8</ele>
    <time>2026-06-26T00:19:58Z</time>
   </trkpt>
   <trkpt lat="39.7809410" lon="-105.2053930">
    <ele>1920.9</ele>
    <time>2026-06-26T00:19:59Z</time>
   </trkpt>
   <trkpt lat="39.7809450" lon="-105.2054010">
    <ele>1920.9</ele>
    <time>2026-06-26T00:20:00Z</time>
   </trkpt>
   <trkpt lat="39.7809320" lon="-105.2054220">
    <ele>1921.1</ele>
    <time>2026-06-26T00:20:01Z</time>
   </trkpt>
   <trkpt lat="39.7809270" lon="-105.2054180">
    <ele>1921.2</ele>
    <time>2026-06-26T00:20:02Z</time>
   </trkpt>
   <trkpt lat="39.7809290" lon="-105.2054210">
    <ele>1921.2</ele>
    <time>2026-06-26T00:20:03Z</time>
   </trkpt>
   <trkpt lat="39.7809240" lon="-105.2054470">
    <ele>1921.4</ele>
    <time>2026-06-26T00:20:04Z</time>
   </trkpt>
   <trkpt lat="39.7809430" lon="-105.2054670">
    <ele>1921.7</ele>
    <time>2026-06-26T00:20:05Z</time>
   </trkpt>
   <trkpt lat="39.7809310" lon="-105.2055050">
    <ele>1922.0</ele>
    <time>2026-06-26T00:20:06Z</time>
   </trkpt>
   <trkpt lat="39.7809490" lon="-105.2055340">
    <ele>1922.4</ele>
    <time>2026-06-26T00:20:07Z</time>
   </trkpt>
   <trkpt lat="39.7809720" lon="-105.2055440">
    <ele>1922.7</ele>
    <time>2026-06-26T00:20:08Z</time>
   </trkpt>
   <trkpt lat="39.7809710" lon="-105.2055240">
    <ele>1922.8</ele>
    <time>2026-06-26T00:20:09Z</time>
   </trkpt>
   <trkpt lat="39.7809750" lon="-105.2055150">
    <ele>1922.9</ele>
    <time>2026-06-26T00:20:10Z</time>
   </trkpt>
   <trkpt lat="39.7809720" lon="-105.2055200">
    <ele>1923.0</ele>
    <time>2026-06-26T00:20:11Z</time>
   </trkpt>
   <trkpt lat="39.7809760" lon="-105.2055090">
    <ele>1923.1</ele>
    <time>2026-06-26T00:20:12Z</time>
   </trkpt>
   <trkpt lat="39.7809870" lon="-105.2054820">
    <ele>1923.4</ele>
    <time>2026-06-26T00:20:13Z</time>
   </trkpt>
   <trkpt lat="39.7809840" lon="-105.2054780">
    <ele>1923.5</ele>
    <time>2026-06-26T00:20:14Z</time>
   </trkpt>
   <trkpt lat="39.7809900" lon="-105.2054710">
    <ele>1923.6</ele>
    <time>2026-06-26T00:20:15Z</time>
   </trkpt>
   <trkpt lat="39.7809980" lon="-105.2054570">
    <ele>1923.7</ele>
    <time>2026-06-26T00:20:16Z</time>
   </trkpt>
   <trkpt lat="39.7810040" lon="-105.2054340">
    <ele>1924.0</ele>
    <time>2026-06-26T00:20:17Z</time>
   </trkpt>
   <trkpt lat="39.7810160" lon="-105.2054150">
    <ele>1924.2</ele>
    <time>2026-06-26T00:20:18Z</time>
   </trkpt>
   <trkpt lat="39.7810120" lon="-105.2053880">
    <ele>1924.4</ele>
    <time>2026-06-26T00:20:19Z</time>
   </trkpt>
   <trkpt lat="39.7810210" lon="-105.2053720">
    <ele>1924.6</ele>
    <time>2026-06-26T00:20:20Z</time>
   </trkpt>
   <trkpt lat="39.7810470" lon="-105.2053750">
    <ele>1924.9</ele>
    <time>2026-06-26T00:20:21Z</time>
   </trkpt>
   <trkpt lat="39.7810560" lon="-105.2053990">
    <ele>1925.1</ele>
    <time>2026-06-26T00:20:22Z</time>
   </trkpt>
   <trkpt lat="39.7810570" lon="-105.2054260">
    <ele>1925.3</ele>
    <time>2026-06-26T00:20:23Z</time>
   </trkpt>
   <trkpt lat="39.7810620" lon="-105.2054560">
    <ele>1925.5</ele>
    <time>2026-06-26T00:20:24Z</time>
   </trkpt>
   <trkpt lat="39.7810630" lon="-105.2054800">
    <ele>1925.7</ele>
    <time>2026-06-26T00:20:25Z</time>
   </trkpt>
   <trkpt lat="39.7810570" lon="-105.2055080">
    <ele>1925.9</ele>
    <time>2026-06-26T00:20:26Z</time>
   </trkpt>
   <trkpt lat="39.7810490" lon="-105.2055190">
    <ele>1926.0</ele>
    <time>2026-06-26T00:20:27Z</time>
   </trkpt>
   <trkpt lat="39.7810490" lon="-105.2055360">
    <ele>1926.1</ele>
    <time>2026-06-26T00:20:28Z</time>
   </trkpt>
   <trkpt lat="39.7810560" lon="-105.2055570">
    <ele>1926.3</ele>
    <time>2026-06-26T00:20:29Z</time>
   </trkpt>
   <trkpt lat="39.7810630" lon="-105.2055840">
    <ele>1926.4</ele>
    <time>2026-06-26T00:20:30Z</time>
   </trkpt>
   <trkpt lat="39.7810710" lon="-105.2056010">
    <ele>1926.6</ele>
    <time>2026-06-26T00:20:31Z</time>
   </trkpt>
   <trkpt lat="39.7810730" lon="-105.2055980">
    <ele>1926.6</ele>
    <time>2026-06-26T00:20:32Z</time>
   </trkpt>
   <trkpt lat="39.7810890" lon="-105.2056040">
    <ele>1926.7</ele>
    <time>2026-06-26T00:20:33Z</time>
   </trkpt>
   <trkpt lat="39.7810760" lon="-105.2056080">
    <ele>1926.8</ele>
    <time>2026-06-26T00:20:34Z</time>
   </trkpt>
   <trkpt lat="39.7810700" lon="-105.2056060">
    <ele>1926.9</ele>
    <time>2026-06-26T00:20:35Z</time>
   </trkpt>
   <trkpt lat="39.7810700" lon="-105.2056180">
    <ele>1926.9</ele>
    <time>2026-06-26T00:20:36Z</time>
   </trkpt>
   <trkpt lat="39.7810680" lon="-105.2056180">
    <ele>1927.0</ele>
    <time>2026-06-26T00:20:37Z</time>
   </trkpt>
   <trkpt lat="39.7810670" lon="-105.2056150">
    <ele>1927.0</ele>
    <time>2026-06-26T00:20:38Z</time>
   </trkpt>
   <trkpt lat="39.7810680" lon="-105.2056200">
    <ele>1927.0</ele>
    <time>2026-06-26T00:20:39Z</time>
   </trkpt>
   <trkpt lat="39.7810720" lon="-105.2056210">
    <ele>1927.0</ele>
    <time>2026-06-26T00:20:40Z</time>
   </trkpt>
   <trkpt lat="39.7810750" lon="-105.2056250">
    <ele>1927.1</ele>
    <time>2026-06-26T00:20:41Z</time>
   </trkpt>
   <trkpt lat="39.7810740" lon="-105.2056260">
    <ele>1927.1</ele>
    <time>2026-06-26T00:20:42Z</time>
   </trkpt>
   <trkpt lat="39.7810760" lon="-105.2056230">
    <ele>1927.1</ele>
    <time>2026-06-26T00:20:43Z</time>
   </trkpt>
   <trkpt lat="39.7811110" lon="-105.2056810">
    <ele>1927.5</ele>
    <time>2026-06-26T00:21:14Z</time>
   </trkpt>
   <trkpt lat="39.7811210" lon="-105.2056920">
    <ele>1927.6</ele>
    <time>2026-06-26T00:21:15Z</time>
   </trkpt>
   <trkpt lat="39.7811290" lon="-105.2056950">
    <ele>1927.6</ele>
    <time>2026-06-26T00:21:16Z</time>
   </trkpt>
   <trkpt lat="39.7811220" lon="-105.2056810">
    <ele>1927.7</ele>
    <time>2026-06-26T00:21:17Z</time>
   </trkpt>
   <trkpt lat="39.7811400" lon="-105.2056820">
    <ele>1927.8</ele>
    <time>2026-06-26T00:21:18Z</time>
   </trkpt>
   <trkpt lat="39.7811630" lon="-105.2057150">
    <ele>1928.0</ele>
    <time>2026-06-26T00:21:19Z</time>
   </trkpt>
   <trkpt lat="39.7811740" lon="-105.2057290">
    <ele>1928.1</ele>
    <time>2026-06-26T00:21:20Z</time>
   </trkpt>
   <trkpt lat="39.7811920" lon="-105.2057390">
    <ele>1928.3</ele>
    <time>2026-06-26T00:21:21Z</time>
   </trkpt>
   <trkpt lat="39.7812090" lon="-105.2057520">
    <ele>1928.4</ele>
    <time>2026-06-26T00:21:22Z</time>
   </trkpt>
   <trkpt lat="39.7812230" lon="-105.2057670">
    <ele>1928.5</ele>
    <time>2026-06-26T00:21:23Z</time>
   </trkpt>
   <trkpt lat="39.7812440" lon="-105.2057900">
    <ele>1928.8</ele>
    <time>2026-06-26T00:21:24Z</time>
   </trkpt>
   <trkpt lat="39.7812520" lon="-105.2057850">
    <ele>1928.8</ele>
    <time>2026-06-26T00:21:25Z</time>
   </trkpt>
   <trkpt lat="39.7812660" lon="-105.2057880">
    <ele>1928.9</ele>
    <time>2026-06-26T00:21:26Z</time>
   </trkpt>
   <trkpt lat="39.7812820" lon="-105.2057970">
    <ele>1929.1</ele>
    <time>2026-06-26T00:21:27Z</time>
   </trkpt>
   <trkpt lat="39.7813010" lon="-105.2058150">
    <ele>1929.2</ele>
    <time>2026-06-26T00:21:28Z</time>
   </trkpt>
   <trkpt lat="39.7813120" lon="-105.2057970">
    <ele>1929.4</ele>
    <time>2026-06-26T00:21:29Z</time>
   </trkpt>
   <trkpt lat="39.7813290" lon="-105.2058090">
    <ele>1929.5</ele>
    <time>2026-06-26T00:21:30Z</time>
   </trkpt>
   <trkpt lat="39.7813440" lon="-105.2058310">
    <ele>1929.7</ele>
    <time>2026-06-26T00:21:31Z</time>
   </trkpt>
   <trkpt lat="39.7813550" lon="-105.2058350">
    <ele>1929.8</ele>
    <time>2026-06-26T00:21:32Z</time>
   </trkpt>
   <trkpt lat="39.7813730" lon="-105.2058440">
    <ele>1929.9</ele>
    <time>2026-06-26T00:21:33Z</time>
   </trkpt>
   <trkpt lat="39.7813920" lon="-105.2058440">
    <ele>1930.0</ele>
    <time>2026-06-26T00:21:34Z</time>
   </trkpt>
   <trkpt lat="39.7814030" lon="-105.2058520">
    <ele>1930.1</ele>
    <time>2026-06-26T00:21:35Z</time>
   </trkpt>
   <trkpt lat="39.7814170" lon="-105.2058640">
    <ele>1930.3</ele>
    <time>2026-06-26T00:21:36Z</time>
   </trkpt>
   <trkpt lat="39.7814310" lon="-105.2058720">
    <ele>1930.4</ele>
    <time>2026-06-26T00:21:37Z</time>
   </trkpt>
   <trkpt lat="39.7814460" lon="-105.2058810">
    <ele>1930.5</ele>
    <time>2026-06-26T00:21:38Z</time>
   </trkpt>
   <trkpt lat="39.7814600" lon="-105.2058950">
    <ele>1930.6</ele>
    <time>2026-06-26T00:21:39Z</time>
   </trkpt>
   <trkpt lat="39.7814740" lon="-105.2058940">
    <ele>1930.7</ele>
    <time>2026-06-26T00:21:40Z</time>
   </trkpt>
   <trkpt lat="39.7814910" lon="-105.2059090">
    <ele>1930.9</ele>
    <time>2026-06-26T00:21:41Z</time>
   </trkpt>
   <trkpt lat="39.7815080" lon="-105.2059240">
    <ele>1931.0</ele>
    <time>2026-06-26T00:21:42Z</time>
   </trkpt>
   <trkpt lat="39.7815210" lon="-105.2059370">
    <ele>1931.1</ele>
    <time>2026-06-26T00:21:43Z</time>
   </trkpt>
   <trkpt lat="39.7815370" lon="-105.2059470">
    <ele>1931.3</ele>
    <time>2026-06-26T00:21:44Z</time>
   </trkpt>
   <trkpt lat="39.7815550" lon="-105.2059480">
    <ele>1931.4</ele>
    <time>2026-06-26T00:21:45Z</time>
   </trkpt>
   <trkpt lat="39.7815680" lon="-105.2059520">
    <ele>1931.5</ele>
    <time>2026-06-26T00:21:46Z</time>
   </trkpt>
   <trkpt lat="39.7815810" lon="-105.2059600">
    <ele>1931.6</ele>
    <time>2026-06-26T00:21:47Z</time>
   </trkpt>
   <trkpt lat="39.7815940" lon="-105.2059710">
    <ele>1931.7</ele>
    <time>2026-06-26T00:21:48Z</time>
   </trkpt>
   <trkpt lat="39.7816030" lon="-105.2060090">
    <ele>1931.9</ele>
    <time>2026-06-26T00:21:49Z</time>
   </trkpt>
   <trkpt lat="39.7816150" lon="-105.2060290">
    <ele>1932.1</ele>
    <time>2026-06-26T00:21:50Z</time>
   </trkpt>
   <trkpt lat="39.7816230" lon="-105.2060510">
    <ele>1932.2</ele>
    <time>2026-06-26T00:21:51Z</time>
   </trkpt>
   <trkpt lat="39.7816360" lon="-105.2060620">
    <ele>1932.4</ele>
    <time>2026-06-26T00:21:52Z</time>
   </trkpt>
   <trkpt lat="39.7816460" lon="-105.2060810">
    <ele>1932.5</ele>
    <time>2026-06-26T00:21:53Z</time>
   </trkpt>
   <trkpt lat="39.7816640" lon="-105.2060910">
    <ele>1932.7</ele>
    <time>2026-06-26T00:21:54Z</time>
   </trkpt>
   <trkpt lat="39.7816830" lon="-105.2061080">
    <ele>1932.9</ele>
    <time>2026-06-26T00:21:55Z</time>
   </trkpt>
   <trkpt lat="39.7816900" lon="-105.2061310">
    <ele>1933.0</ele>
    <time>2026-06-26T00:21:56Z</time>
   </trkpt>
   <trkpt lat="39.7817020" lon="-105.2061490">
    <ele>1933.2</ele>
    <time>2026-06-26T00:21:57Z</time>
   </trkpt>
   <trkpt lat="39.7817090" lon="-105.2061750">
    <ele>1933.4</ele>
    <time>2026-06-26T00:21:58Z</time>
   </trkpt>
   <trkpt lat="39.7817210" lon="-105.2061880">
    <ele>1933.5</ele>
    <time>2026-06-26T00:21:59Z</time>
   </trkpt>
   <trkpt lat="39.7817360" lon="-105.2062030">
    <ele>1933.6</ele>
    <time>2026-06-26T00:22:00Z</time>
   </trkpt>
   <trkpt lat="39.7817530" lon="-105.2062240">
    <ele>1933.8</ele>
    <time>2026-06-26T00:22:01Z</time>
   </trkpt>
   <trkpt lat="39.7817620" lon="-105.2062480">
    <ele>1934.0</ele>
    <time>2026-06-26T00:22:02Z</time>
   </trkpt>
   <trkpt lat="39.7817790" lon="-105.2062690">
    <ele>1934.2</ele>
    <time>2026-06-26T00:22:03Z</time>
   </trkpt>
   <trkpt lat="39.7817860" lon="-105.2062920">
    <ele>1934.4</ele>
    <time>2026-06-26T00:22:04Z</time>
   </trkpt>
   <trkpt lat="39.7817970" lon="-105.2063130">
    <ele>1934.5</ele>
    <time>2026-06-26T00:22:05Z</time>
   </trkpt>
   <trkpt lat="39.7818080" lon="-105.2063310">
    <ele>1934.7</ele>
    <time>2026-06-26T00:22:06Z</time>
   </trkpt>
   <trkpt lat="39.7818170" lon="-105.2063530">
    <ele>1934.9</ele>
    <time>2026-06-26T00:22:07Z</time>
   </trkpt>
   <trkpt lat="39.7818340" lon="-105.2063720">
    <ele>1935.0</ele>
    <time>2026-06-26T00:22:08Z</time>
   </trkpt>
   <trkpt lat="39.7818480" lon="-105.2063820">
    <ele>1935.2</ele>
    <time>2026-06-26T00:22:09Z</time>
   </trkpt>
   <trkpt lat="39.7818610" lon="-105.2063960">
    <ele>1935.3</ele>
    <time>2026-06-26T00:22:10Z</time>
   </trkpt>
   <trkpt lat="39.7818580" lon="-105.2064110">
    <ele>1935.4</ele>
    <time>2026-06-26T00:22:11Z</time>
   </trkpt>
   <trkpt lat="39.7818660" lon="-105.2064270">
    <ele>1935.5</ele>
    <time>2026-06-26T00:22:12Z</time>
   </trkpt>
   <trkpt lat="39.7818760" lon="-105.2064440">
    <ele>1935.7</ele>
    <time>2026-06-26T00:22:13Z</time>
   </trkpt>
   <trkpt lat="39.7818700" lon="-105.2064710">
    <ele>1935.9</ele>
    <time>2026-06-26T00:22:14Z</time>
   </trkpt>
   <trkpt lat="39.7818650" lon="-105.2065000">
    <ele>1936.1</ele>
    <time>2026-06-26T00:22:15Z</time>
   </trkpt>
   <trkpt lat="39.7818840" lon="-105.2065140">
    <ele>1936.3</ele>
    <time>2026-06-26T00:22:16Z</time>
   </trkpt>
   <trkpt lat="39.7818920" lon="-105.2065290">
    <ele>1936.4</ele>
    <time>2026-06-26T00:22:17Z</time>
   </trkpt>
   <trkpt lat="39.7819000" lon="-105.2065430">
    <ele>1936.5</ele>
    <time>2026-06-26T00:22:18Z</time>
   </trkpt>
   <trkpt lat="39.7819040" lon="-105.2065600">
    <ele>1936.6</ele>
    <time>2026-06-26T00:22:19Z</time>
   </trkpt>
   <trkpt lat="39.7819160" lon="-105.2065790">
    <ele>1936.8</ele>
    <time>2026-06-26T00:22:20Z</time>
   </trkpt>
   <trkpt lat="39.7819260" lon="-105.2065890">
    <ele>1936.9</ele>
    <time>2026-06-26T00:22:21Z</time>
   </trkpt>
   <trkpt lat="39.7819360" lon="-105.2066150">
    <ele>1937.1</ele>
    <time>2026-06-26T00:22:22Z</time>
   </trkpt>
   <trkpt lat="39.7819450" lon="-105.2066310">
    <ele>1937.3</ele>
    <time>2026-06-26T00:22:23Z</time>
   </trkpt>
   <trkpt lat="39.7819610" lon="-105.2066340">
    <ele>1937.4</ele>
    <time>2026-06-26T00:22:24Z</time>
   </trkpt>
   <trkpt lat="39.7819730" lon="-105.2066080">
    <ele>1937.6</ele>
    <time>2026-06-26T00:22:25Z</time>
   </trkpt>
   <trkpt lat="39.7819690" lon="-105.2065820">
    <ele>1937.8</ele>
    <time>2026-06-26T00:22:26Z</time>
   </trkpt>
   <trkpt lat="39.7819620" lon="-105.2065570">
    <ele>1938.0</ele>
    <time>2026-06-26T00:22:27Z</time>
   </trkpt>
   <trkpt lat="39.7819540" lon="-105.2065370">
    <ele>1938.1</ele>
    <time>2026-06-26T00:22:28Z</time>
   </trkpt>
   <trkpt lat="39.7819480" lon="-105.2065180">
    <ele>1938.2</ele>
    <time>2026-06-26T00:22:29Z</time>
   </trkpt>
   <trkpt lat="39.7819390" lon="-105.2064950">
    <ele>1938.3</ele>
    <time>2026-06-26T00:22:30Z</time>
   </trkpt>
   <trkpt lat="39.7819370" lon="-105.2064790">
    <ele>1938.4</ele>
    <time>2026-06-26T00:22:31Z</time>
   </trkpt>
   <trkpt lat="39.7819340" lon="-105.2064590">
    <ele>1938.5</ele>
    <time>2026-06-26T00:22:32Z</time>
   </trkpt>
   <trkpt lat="39.7819310" lon="-105.2064410">
    <ele>1938.6</ele>
    <time>2026-06-26T00:22:33Z</time>
   </trkpt>
   <trkpt lat="39.7819260" lon="-105.2064200">
    <ele>1938.7</ele>
    <time>2026-06-26T00:22:34Z</time>
   </trkpt>
   <trkpt lat="39.7819150" lon="-105.2063990">
    <ele>1938.9</ele>
    <time>2026-06-26T00:22:35Z</time>
   </trkpt>
   <trkpt lat="39.7819110" lon="-105.2063780">
    <ele>1939.0</ele>
    <time>2026-06-26T00:22:36Z</time>
   </trkpt>
   <trkpt lat="39.7819220" lon="-105.2063450">
    <ele>1939.1</ele>
    <time>2026-06-26T00:22:37Z</time>
   </trkpt>
   <trkpt lat="39.7819150" lon="-105.2063250">
    <ele>1939.2</ele>
    <time>2026-06-26T00:22:38Z</time>
   </trkpt>
   <trkpt lat="39.7819150" lon="-105.2063040">
    <ele>1939.3</ele>
    <time>2026-06-26T00:22:39Z</time>
   </trkpt>
   <trkpt lat="39.7819090" lon="-105.2062820">
    <ele>1939.4</ele>
    <time>2026-06-26T00:22:40Z</time>
   </trkpt>
   <trkpt lat="39.7819070" lon="-105.2062610">
    <ele>1939.5</ele>
    <time>2026-06-26T00:22:41Z</time>
   </trkpt>
   <trkpt lat="39.7819090" lon="-105.2062400">
    <ele>1939.6</ele>
    <time>2026-06-26T00:22:42Z</time>
   </trkpt>
   <trkpt lat="39.7819090" lon="-105.2062240">
    <ele>1939.7</ele>
    <time>2026-06-26T00:22:43Z</time>
   </trkpt>
   <trkpt lat="39.7818990" lon="-105.2062040">
    <ele>1939.8</ele>
    <time>2026-06-26T00:22:44Z</time>
   </trkpt>
   <trkpt lat="39.7818890" lon="-105.2061860">
    <ele>1939.9</ele>
    <time>2026-06-26T00:22:45Z</time>
   </trkpt>
   <trkpt lat="39.7818820" lon="-105.2061660">
    <ele>1940.0</ele>
    <time>2026-06-26T00:22:46Z</time>
   </trkpt>
   <trkpt lat="39.7818690" lon="-105.2061490">
    <ele>1940.0</ele>
    <time>2026-06-26T00:22:47Z</time>
   </trkpt>
   <trkpt lat="39.7818650" lon="-105.2061300">
    <ele>1940.1</ele>
    <time>2026-06-26T00:22:48Z</time>
   </trkpt>
   <trkpt lat="39.7818590" lon="-105.2061110">
    <ele>1940.2</ele>
    <time>2026-06-26T00:22:49Z</time>
   </trkpt>
   <trkpt lat="39.7818590" lon="-105.2060870">
    <ele>1940.3</ele>
    <time>2026-06-26T00:22:50Z</time>
   </trkpt>
   <trkpt lat="39.7818540" lon="-105.2060660">
    <ele>1940.4</ele>
    <time>2026-06-26T00:22:51Z</time>
   </trkpt>
   <trkpt lat="39.7818530" lon="-105.2060440">
    <ele>1940.5</ele>
    <time>2026-06-26T00:22:52Z</time>
   </trkpt>
   <trkpt lat="39.7818490" lon="-105.2060240">
    <ele>1940.5</ele>
    <time>2026-06-26T00:22:53Z</time>
   </trkpt>
   <trkpt lat="39.7818470" lon="-105.2060030">
    <ele>1940.6</ele>
    <time>2026-06-26T00:22:54Z</time>
   </trkpt>
   <trkpt lat="39.7818430" lon="-105.2059800">
    <ele>1940.7</ele>
    <time>2026-06-26T00:22:55Z</time>
   </trkpt>
   <trkpt lat="39.7818360" lon="-105.2059600">
    <ele>1940.8</ele>
    <time>2026-06-26T00:22:56Z</time>
   </trkpt>
   <trkpt lat="39.7818300" lon="-105.2059430">
    <ele>1940.9</ele>
    <time>2026-06-26T00:22:57Z</time>
   </trkpt>
   <trkpt lat="39.7818240" lon="-105.2059230">
    <ele>1941.0</ele>
    <time>2026-06-26T00:22:58Z</time>
   </trkpt>
   <trkpt lat="39.7818180" lon="-105.2059030">
    <ele>1941.1</ele>
    <time>2026-06-26T00:22:59Z</time>
   </trkpt>
   <trkpt lat="39.7818160" lon="-105.2058820">
    <ele>1941.2</ele>
    <time>2026-06-26T00:23:00Z</time>
   </trkpt>
   <trkpt lat="39.7818130" lon="-105.2058600">
    <ele>1941.3</ele>
    <time>2026-06-26T00:23:01Z</time>
   </trkpt>
   <trkpt lat="39.7818130" lon="-105.2058390">
    <ele>1941.4</ele>
    <time>2026-06-26T00:23:02Z</time>
   </trkpt>
   <trkpt lat="39.7818020" lon="-105.2058230">
    <ele>1941.4</ele>
    <time>2026-06-26T00:23:03Z</time>
   </trkpt>
   <trkpt lat="39.7817970" lon="-105.2058050">
    <ele>1941.5</ele>
    <time>2026-06-26T00:23:04Z</time>
   </trkpt>
   <trkpt lat="39.7817970" lon="-105.2057840">
    <ele>1941.6</ele>
    <time>2026-06-26T00:23:05Z</time>
   </trkpt>
   <trkpt lat="39.7817940" lon="-105.2057660">
    <ele>1941.7</ele>
    <time>2026-06-26T00:23:06Z</time>
   </trkpt>
   <trkpt lat="39.7817790" lon="-105.2057520">
    <ele>1941.8</ele>
    <time>2026-06-26T00:23:07Z</time>
   </trkpt>
   <trkpt lat="39.7817730" lon="-105.2057350">
    <ele>1941.9</ele>
    <time>2026-06-26T00:23:08Z</time>
   </trkpt>
   <trkpt lat="39.7817800" lon="-105.2057060">
    <ele>1942.0</ele>
    <time>2026-06-26T00:23:09Z</time>
   </trkpt>
   <trkpt lat="39.7817800" lon="-105.2056840">
    <ele>1942.1</ele>
    <time>2026-06-26T00:23:10Z</time>
   </trkpt>
   <trkpt lat="39.7817750" lon="-105.2056630">
    <ele>1942.2</ele>
    <time>2026-06-26T00:23:11Z</time>
   </trkpt>
   <trkpt lat="39.7817730" lon="-105.2056410">
    <ele>1942.2</ele>
    <time>2026-06-26T00:23:12Z</time>
   </trkpt>
   <trkpt lat="39.7817640" lon="-105.2056190">
    <ele>1942.3</ele>
    <time>2026-06-26T00:23:13Z</time>
   </trkpt>
   <trkpt lat="39.7817630" lon="-105.2055950">
    <ele>1942.4</ele>
    <time>2026-06-26T00:23:14Z</time>
   </trkpt>
   <trkpt lat="39.7817660" lon="-105.2055700">
    <ele>1942.5</ele>
    <time>2026-06-26T00:23:15Z</time>
   </trkpt>
   <trkpt lat="39.7817660" lon="-105.2055480">
    <ele>1942.6</ele>
    <time>2026-06-26T00:23:16Z</time>
   </trkpt>
   <trkpt lat="39.7817720" lon="-105.2055180">
    <ele>1942.8</ele>
    <time>2026-06-26T00:23:17Z</time>
   </trkpt>
   <trkpt lat="39.7817770" lon="-105.2054940">
    <ele>1942.9</ele>
    <time>2026-06-26T00:23:18Z</time>
   </trkpt>
   <trkpt lat="39.7817730" lon="-105.2054680">
    <ele>1943.0</ele>
    <time>2026-06-26T00:23:19Z</time>
   </trkpt>
   <trkpt lat="39.7817720" lon="-105.2054430">
    <ele>1943.1</ele>
    <time>2026-06-26T00:23:20Z</time>
   </trkpt>
   <trkpt lat="39.7817790" lon="-105.2054180">
    <ele>1943.2</ele>
    <time>2026-06-26T00:23:21Z</time>
   </trkpt>
   <trkpt lat="39.7817840" lon="-105.2053970">
    <ele>1943.3</ele>
    <time>2026-06-26T00:23:22Z</time>
   </trkpt>
   <trkpt lat="39.7817790" lon="-105.2053900">
    <ele>1943.3</ele>
    <time>2026-06-26T00:23:23Z</time>
   </trkpt>
   <trkpt lat="39.7817760" lon="-105.2053640">
    <ele>1943.4</ele>
    <time>2026-06-26T00:23:24Z</time>
   </trkpt>
   <trkpt lat="39.7817850" lon="-105.2053360">
    <ele>1943.4</ele>
    <time>2026-06-26T00:23:25Z</time>
   </trkpt>
   <trkpt lat="39.7817970" lon="-105.2053170">
    <ele>1943.5</ele>
    <time>2026-06-26T00:23:26Z</time>
   </trkpt>
   <trkpt lat="39.7818090" lon="-105.2052960">
    <ele>1943.5</ele>
    <time>2026-06-26T00:23:27Z</time>
   </trkpt>
   <trkpt lat="39.7818070" lon="-105.2052690">
    <ele>1943.6</ele>
    <time>2026-06-26T00:23:28Z</time>
   </trkpt>
   <trkpt lat="39.7818080" lon="-105.2052440">
    <ele>1943.6</ele>
    <time>2026-06-26T00:23:29Z</time>
   </trkpt>
   <trkpt lat="39.7818110" lon="-105.2052180">
    <ele>1943.6</ele>
    <time>2026-06-26T00:23:30Z</time>
   </trkpt>
   <trkpt lat="39.7818010" lon="-105.2051880">
    <ele>1943.6</ele>
    <time>2026-06-26T00:23:31Z</time>
   </trkpt>
   <trkpt lat="39.7817890" lon="-105.2051620">
    <ele>1943.6</ele>
    <time>2026-06-26T00:23:32Z</time>
   </trkpt>
   <trkpt lat="39.7817690" lon="-105.2051460">
    <ele>1943.6</ele>
    <time>2026-06-26T00:23:33Z</time>
   </trkpt>
   <trkpt lat="39.7817560" lon="-105.2051190">
    <ele>1943.6</ele>
    <time>2026-06-26T00:23:34Z</time>
   </trkpt>
   <trkpt lat="39.7817420" lon="-105.2050930">
    <ele>1943.6</ele>
    <time>2026-06-26T00:23:35Z</time>
   </trkpt>
   <trkpt lat="39.7817300" lon="-105.2050640">
    <ele>1943.6</ele>
    <time>2026-06-26T00:23:36Z</time>
   </trkpt>
   <trkpt lat="39.7817170" lon="-105.2050430">
    <ele>1943.7</ele>
    <time>2026-06-26T00:23:37Z</time>
   </trkpt>
   <trkpt lat="39.7816990" lon="-105.2050300">
    <ele>1943.7</ele>
    <time>2026-06-26T00:23:38Z</time>
   </trkpt>
   <trkpt lat="39.7816790" lon="-105.2050070">
    <ele>1943.7</ele>
    <time>2026-06-26T00:23:39Z</time>
   </trkpt>
   <trkpt lat="39.7816670" lon="-105.2049860">
    <ele>1943.8</ele>
    <time>2026-06-26T00:23:40Z</time>
   </trkpt>
   <trkpt lat="39.7816490" lon="-105.2049640">
    <ele>1943.9</ele>
    <time>2026-06-26T00:23:41Z</time>
   </trkpt>
   <trkpt lat="39.7816370" lon="-105.2049140">
    <ele>1944.0</ele>
    <time>2026-06-26T00:23:42Z</time>
   </trkpt>
   <trkpt lat="39.7816260" lon="-105.2049000">
    <ele>1944.1</ele>
    <time>2026-06-26T00:23:43Z</time>
   </trkpt>
   <trkpt lat="39.7816120" lon="-105.2048650">
    <ele>1944.2</ele>
    <time>2026-06-26T00:23:44Z</time>
   </trkpt>
   <trkpt lat="39.7816090" lon="-105.2048530">
    <ele>1944.2</ele>
    <time>2026-06-26T00:23:45Z</time>
   </trkpt>
   <trkpt lat="39.7815930" lon="-105.2048470">
    <ele>1944.3</ele>
    <time>2026-06-26T00:23:46Z</time>
   </trkpt>
   <trkpt lat="39.7815790" lon="-105.2048500">
    <ele>1944.3</ele>
    <time>2026-06-26T00:23:47Z</time>
   </trkpt>
   <trkpt lat="39.7815630" lon="-105.2048250">
    <ele>1944.4</ele>
    <time>2026-06-26T00:23:48Z</time>
   </trkpt>
   <trkpt lat="39.7815310" lon="-105.2048080">
    <ele>1944.5</ele>
    <time>2026-06-26T00:23:49Z</time>
   </trkpt>
   <trkpt lat="39.7815250" lon="-105.2047950">
    <ele>1944.5</ele>
    <time>2026-06-26T00:23:50Z</time>
   </trkpt>
   <trkpt lat="39.7815160" lon="-105.2047780">
    <ele>1944.5</ele>
    <time>2026-06-26T00:23:51Z</time>
   </trkpt>
   <trkpt lat="39.7815020" lon="-105.2047480">
    <ele>1944.5</ele>
    <time>2026-06-26T00:23:52Z</time>
   </trkpt>
   <trkpt lat="39.7814780" lon="-105.2047410">
    <ele>1944.5</ele>
    <time>2026-06-26T00:23:53Z</time>
   </trkpt>
   <trkpt lat="39.7814540" lon="-105.2047350">
    <ele>1944.5</ele>
    <time>2026-06-26T00:23:54Z</time>
   </trkpt>
   <trkpt lat="39.7814300" lon="-105.2047280">
    <ele>1944.5</ele>
    <time>2026-06-26T00:23:55Z</time>
   </trkpt>
   <trkpt lat="39.7814170" lon="-105.2047240">
    <ele>1944.4</ele>
    <time>2026-06-26T00:23:56Z</time>
   </trkpt>
   <trkpt lat="39.7813960" lon="-105.2047170">
    <ele>1944.4</ele>
    <time>2026-06-26T00:23:57Z</time>
   </trkpt>
   <trkpt lat="39.7813780" lon="-105.2047130">
    <ele>1944.4</ele>
    <time>2026-06-26T00:23:58Z</time>
   </trkpt>
   <trkpt lat="39.7813590" lon="-105.2047000">
    <ele>1944.4</ele>
    <time>2026-06-26T00:23:59Z</time>
   </trkpt>
   <trkpt lat="39.7813460" lon="-105.2047030">
    <ele>1944.4</ele>
    <time>2026-06-26T00:24:00Z</time>
   </trkpt>
   <trkpt lat="39.7813190" lon="-105.2046890">
    <ele>1944.3</ele>
    <time>2026-06-26T00:24:01Z</time>
   </trkpt>
   <trkpt lat="39.7813040" lon="-105.2046940">
    <ele>1944.3</ele>
    <time>2026-06-26T00:24:02Z</time>
   </trkpt>
   <trkpt lat="39.7812850" lon="-105.2046980">
    <ele>1944.3</ele>
    <time>2026-06-26T00:24:03Z</time>
   </trkpt>
   <trkpt lat="39.7812660" lon="-105.2046970">
    <ele>1944.3</ele>
    <time>2026-06-26T00:24:04Z</time>
   </trkpt>
   <trkpt lat="39.7812540" lon="-105.2046920">
    <ele>1944.3</ele>
    <time>2026-06-26T00:24:05Z</time>
   </trkpt>
   <trkpt lat="39.7812370" lon="-105.2046910">
    <ele>1944.3</ele>
    <time>2026-06-26T00:24:06Z</time>
   </trkpt>
   <trkpt lat="39.7812180" lon="-105.2046850">
    <ele>1944.3</ele>
    <time>2026-06-26T00:24:07Z</time>
   </trkpt>
   <trkpt lat="39.7812030" lon="-105.2046800">
    <ele>1944.3</ele>
    <time>2026-06-26T00:24:08Z</time>
   </trkpt>
   <trkpt lat="39.7811890" lon="-105.2046860">
    <ele>1944.3</ele>
    <time>2026-06-26T00:24:09Z</time>
   </trkpt>
   <trkpt lat="39.7811820" lon="-105.2046820">
    <ele>1944.3</ele>
    <time>2026-06-26T00:24:10Z</time>
   </trkpt>
   <trkpt lat="39.7811560" lon="-105.2046550">
    <ele>1944.4</ele>
    <time>2026-06-26T00:24:11Z</time>
   </trkpt>
   <trkpt lat="39.7811470" lon="-105.2046440">
    <ele>1944.4</ele>
    <time>2026-06-26T00:24:12Z</time>
   </trkpt>
   <trkpt lat="39.7811470" lon="-105.2046210">
    <ele>1944.5</ele>
    <time>2026-06-26T00:24:13Z</time>
   </trkpt>
   <trkpt lat="39.7811440" lon="-105.2046030">
    <ele>1944.5</ele>
    <time>2026-06-26T00:24:14Z</time>
   </trkpt>
   <trkpt lat="39.7811180" lon="-105.2045950">
    <ele>1944.6</ele>
    <time>2026-06-26T00:24:15Z</time>
   </trkpt>
   <trkpt lat="39.7811130" lon="-105.2045810">
    <ele>1944.6</ele>
    <time>2026-06-26T00:24:16Z</time>
   </trkpt>
   <trkpt lat="39.7810980" lon="-105.2045670">
    <ele>1944.7</ele>
    <time>2026-06-26T00:24:17Z</time>
   </trkpt>
   <trkpt lat="39.7811000" lon="-105.2045380">
    <ele>1944.7</ele>
    <time>2026-06-26T00:24:18Z</time>
   </trkpt>
   <trkpt lat="39.7811070" lon="-105.2045160">
    <ele>1944.8</ele>
    <time>2026-06-26T00:24:19Z</time>
   </trkpt>
   <trkpt lat="39.7811150" lon="-105.2044960">
    <ele>1944.9</ele>
    <time>2026-06-26T00:24:20Z</time>
   </trkpt>
   <trkpt lat="39.7811240" lon="-105.2044760">
    <ele>1945.0</ele>
    <time>2026-06-26T00:24:21Z</time>
   </trkpt>
   <trkpt lat="39.7811220" lon="-105.2044510">
    <ele>1945.0</ele>
    <time>2026-06-26T00:24:22Z</time>
   </trkpt>
   <trkpt lat="39.7811240" lon="-105.2044520">
    <ele>1945.0</ele>
    <time>2026-06-26T00:24:23Z</time>
   </trkpt>
   <trkpt lat="39.7811180" lon="-105.2044130">
    <ele>1945.1</ele>
    <time>2026-06-26T00:24:24Z</time>
   </trkpt>
   <trkpt lat="39.7811100" lon="-105.2044190">
    <ele>1945.2</ele>
    <time>2026-06-26T00:24:25Z</time>
   </trkpt>
   <trkpt lat="39.7811160" lon="-105.2044100">
    <ele>1945.2</ele>
    <time>2026-06-26T00:24:26Z</time>
   </trkpt>
   <trkpt lat="39.7811220" lon="-105.2043970">
    <ele>1945.2</ele>
    <time>2026-06-26T00:24:27Z</time>
   </trkpt>
   <trkpt lat="39.7811220" lon="-105.2043770">
    <ele>1945.2</ele>
    <time>2026-06-26T00:24:28Z</time>
   </trkpt>
   <trkpt lat="39.7811200" lon="-105.2043630">
    <ele>1945.3</ele>
    <time>2026-06-26T00:24:29Z</time>
   </trkpt>
   <trkpt lat="39.7811140" lon="-105.2043460">
    <ele>1945.3</ele>
    <time>2026-06-26T00:24:30Z</time>
   </trkpt>
   <trkpt lat="39.7811110" lon="-105.2043250">
    <ele>1945.3</ele>
    <time>2026-06-26T00:24:31Z</time>
   </trkpt>
   <trkpt lat="39.7811150" lon="-105.2043040">
    <ele>1945.3</ele>
    <time>2026-06-26T00:24:32Z</time>
   </trkpt>
   <trkpt lat="39.7811160" lon="-105.2042870">
    <ele>1945.3</ele>
    <time>2026-06-26T00:24:33Z</time>
   </trkpt>
   <trkpt lat="39.7811190" lon="-105.2042680">
    <ele>1945.3</ele>
    <time>2026-06-26T00:24:34Z</time>
   </trkpt>
   <trkpt lat="39.7811190" lon="-105.2042490">
    <ele>1945.3</ele>
    <time>2026-06-26T00:24:35Z</time>
   </trkpt>
   <trkpt lat="39.7811180" lon="-105.2042280">
    <ele>1945.3</ele>
    <time>2026-06-26T00:24:36Z</time>
   </trkpt>
   <trkpt lat="39.7811170" lon="-105.2042040">
    <ele>1945.3</ele>
    <time>2026-06-26T00:24:37Z</time>
   </trkpt>
   <trkpt lat="39.7811240" lon="-105.2041850">
    <ele>1945.3</ele>
    <time>2026-06-26T00:24:38Z</time>
   </trkpt>
   <trkpt lat="39.7811210" lon="-105.2041720">
    <ele>1945.3</ele>
    <time>2026-06-26T00:24:39Z</time>
   </trkpt>
   <trkpt lat="39.7811250" lon="-105.2041640">
    <ele>1945.3</ele>
    <time>2026-06-26T00:24:40Z</time>
   </trkpt>
   <trkpt lat="39.7811340" lon="-105.2041440">
    <ele>1945.3</ele>
    <time>2026-06-26T00:24:41Z</time>
   </trkpt>
   <trkpt lat="39.7811430" lon="-105.2041310">
    <ele>1945.3</ele>
    <time>2026-06-26T00:24:42Z</time>
   </trkpt>
   <trkpt lat="39.7811500" lon="-105.2041140">
    <ele>1945.2</ele>
    <time>2026-06-26T00:24:43Z</time>
   </trkpt>
   <trkpt lat="39.7811610" lon="-105.2040990">
    <ele>1945.2</ele>
    <time>2026-06-26T00:24:44Z</time>
   </trkpt>
   <trkpt lat="39.7811760" lon="-105.2040880">
    <ele>1945.2</ele>
    <time>2026-06-26T00:24:45Z</time>
   </trkpt>
   <trkpt lat="39.7811960" lon="-105.2040620">
    <ele>1945.2</ele>
    <time>2026-06-26T00:24:46Z</time>
   </trkpt>
   <trkpt lat="39.7811950" lon="-105.2040450">
    <ele>1945.2</ele>
    <time>2026-06-26T00:24:47Z</time>
   </trkpt>
   <trkpt lat="39.7812070" lon="-105.2040270">
    <ele>1945.2</ele>
    <time>2026-06-26T00:24:48Z</time>
   </trkpt>
   <trkpt lat="39.7812150" lon="-105.2040060">
    <ele>1945.2</ele>
    <time>2026-06-26T00:24:49Z</time>
   </trkpt>
   <trkpt lat="39.7812240" lon="-105.2039860">
    <ele>1945.2</ele>
    <time>2026-06-26T00:24:50Z</time>
   </trkpt>
   <trkpt lat="39.7812310" lon="-105.2039660">
    <ele>1945.2</ele>
    <time>2026-06-26T00:24:51Z</time>
   </trkpt>
   <trkpt lat="39.7812440" lon="-105.2039410">
    <ele>1945.3</ele>
    <time>2026-06-26T00:24:52Z</time>
   </trkpt>
   <trkpt lat="39.7812570" lon="-105.2039200">
    <ele>1945.3</ele>
    <time>2026-06-26T00:24:53Z</time>
   </trkpt>
   <trkpt lat="39.7812690" lon="-105.2039060">
    <ele>1945.3</ele>
    <time>2026-06-26T00:24:54Z</time>
   </trkpt>
   <trkpt lat="39.7813020" lon="-105.2039010">
    <ele>1945.4</ele>
    <time>2026-06-26T00:24:55Z</time>
   </trkpt>
   <trkpt lat="39.7813170" lon="-105.2039070">
    <ele>1945.4</ele>
    <time>2026-06-26T00:24:56Z</time>
   </trkpt>
   <trkpt lat="39.7813350" lon="-105.2039060">
    <ele>1945.4</ele>
    <time>2026-06-26T00:24:57Z</time>
   </trkpt>
   <trkpt lat="39.7813590" lon="-105.2039200">
    <ele>1945.5</ele>
    <time>2026-06-26T00:24:58Z</time>
   </trkpt>
   <trkpt lat="39.7813730" lon="-105.2039440">
    <ele>1945.6</ele>
    <time>2026-06-26T00:24:59Z</time>
   </trkpt>
   <trkpt lat="39.7813940" lon="-105.2039410">
    <ele>1945.6</ele>
    <time>2026-06-26T00:25:00Z</time>
   </trkpt>
   <trkpt lat="39.7814080" lon="-105.2039330">
    <ele>1945.7</ele>
    <time>2026-06-26T00:25:01Z</time>
   </trkpt>
   <trkpt lat="39.7814230" lon="-105.2039360">
    <ele>1945.7</ele>
    <time>2026-06-26T00:25:02Z</time>
   </trkpt>
   <trkpt lat="39.7814480" lon="-105.2039200">
    <ele>1945.8</ele>
    <time>2026-06-26T00:25:03Z</time>
   </trkpt>
   <trkpt lat="39.7814600" lon="-105.2039200">
    <ele>1945.9</ele>
    <time>2026-06-26T00:25:04Z</time>
   </trkpt>
   <trkpt lat="39.7814860" lon="-105.2039100">
    <ele>1946.0</ele>
    <time>2026-06-26T00:25:05Z</time>
   </trkpt>
   <trkpt lat="39.7815000" lon="-105.2039160">
    <ele>1946.0</ele>
    <time>2026-06-26T00:25:06Z</time>
   </trkpt>
   <trkpt lat="39.7815140" lon="-105.2038830">
    <ele>1946.1</ele>
    <time>2026-06-26T00:25:07Z</time>
   </trkpt>
   <trkpt lat="39.7815300" lon="-105.2038750">
    <ele>1946.2</ele>
    <time>2026-06-26T00:25:08Z</time>
   </trkpt>
   <trkpt lat="39.7815560" lon="-105.2038620">
    <ele>1946.3</ele>
    <time>2026-06-26T00:25:09Z</time>
   </trkpt>
   <trkpt lat="39.7815700" lon="-105.2038590">
    <ele>1946.4</ele>
    <time>2026-06-26T00:25:10Z</time>
   </trkpt>
   <trkpt lat="39.7815810" lon="-105.2038400">
    <ele>1946.4</ele>
    <time>2026-06-26T00:25:11Z</time>
   </trkpt>
   <trkpt lat="39.7815950" lon="-105.2038150">
    <ele>1946.5</ele>
    <time>2026-06-26T00:25:12Z</time>
   </trkpt>
   <trkpt lat="39.7816010" lon="-105.2037920">
    <ele>1946.6</ele>
    <time>2026-06-26T00:25:13Z</time>
   </trkpt>
   <trkpt lat="39.7816080" lon="-105.2037710">
    <ele>1946.7</ele>
    <time>2026-06-26T00:25:14Z</time>
   </trkpt>
   <trkpt lat="39.7816260" lon="-105.2037660">
    <ele>1946.7</ele>
    <time>2026-06-26T00:25:15Z</time>
   </trkpt>
   <trkpt lat="39.7816500" lon="-105.2037510">
    <ele>1946.9</ele>
    <time>2026-06-26T00:25:16Z</time>
   </trkpt>
   <trkpt lat="39.7816640" lon="-105.2037310">
    <ele>1946.9</ele>
    <time>2026-06-26T00:25:17Z</time>
   </trkpt>
   <trkpt lat="39.7816860" lon="-105.2037140">
    <ele>1947.0</ele>
    <time>2026-06-26T00:25:18Z</time>
   </trkpt>
   <trkpt lat="39.7817000" lon="-105.2037140">
    <ele>1947.1</ele>
    <time>2026-06-26T00:25:19Z</time>
   </trkpt>
   <trkpt lat="39.7817290" lon="-105.2037190">
    <ele>1947.2</ele>
    <time>2026-06-26T00:25:20Z</time>
   </trkpt>
   <trkpt lat="39.7817440" lon="-105.2037170">
    <ele>1947.3</ele>
    <time>2026-06-26T00:25:21Z</time>
   </trkpt>
   <trkpt lat="39.7817650" lon="-105.2037160">
    <ele>1947.4</ele>
    <time>2026-06-26T00:25:22Z</time>
   </trkpt>
   <trkpt lat="39.7817840" lon="-105.2037380">
    <ele>1947.5</ele>
    <time>2026-06-26T00:25:23Z</time>
   </trkpt>
   <trkpt lat="39.7818000" lon="-105.2037580">
    <ele>1947.6</ele>
    <time>2026-06-26T00:25:24Z</time>
   </trkpt>
   <trkpt lat="39.7818180" lon="-105.2037580">
    <ele>1947.7</ele>
    <time>2026-06-26T00:25:25Z</time>
   </trkpt>
   <trkpt lat="39.7818360" lon="-105.2037640">
    <ele>1947.8</ele>
    <time>2026-06-26T00:25:26Z</time>
   </trkpt>
   <trkpt lat="39.7818530" lon="-105.2037700">
    <ele>1947.9</ele>
    <time>2026-06-26T00:25:27Z</time>
   </trkpt>
   <trkpt lat="39.7818730" lon="-105.2037850">
    <ele>1948.0</ele>
    <time>2026-06-26T00:25:28Z</time>
   </trkpt>
   <trkpt lat="39.7818950" lon="-105.2037710">
    <ele>1948.1</ele>
    <time>2026-06-26T00:25:29Z</time>
   </trkpt>
   <trkpt lat="39.7819140" lon="-105.2037620">
    <ele>1948.2</ele>
    <time>2026-06-26T00:25:30Z</time>
   </trkpt>
   <trkpt lat="39.7819310" lon="-105.2037550">
    <ele>1948.3</ele>
    <time>2026-06-26T00:25:31Z</time>
   </trkpt>
   <trkpt lat="39.7819490" lon="-105.2037470">
    <ele>1948.4</ele>
    <time>2026-06-26T00:25:32Z</time>
   </trkpt>
   <trkpt lat="39.7819630" lon="-105.2037370">
    <ele>1948.5</ele>
    <time>2026-06-26T00:25:33Z</time>
   </trkpt>
   <trkpt lat="39.7819820" lon="-105.2037300">
    <ele>1948.6</ele>
    <time>2026-06-26T00:25:34Z</time>
   </trkpt>
   <trkpt lat="39.7819970" lon="-105.2037280">
    <ele>1948.7</ele>
    <time>2026-06-26T00:25:35Z</time>
   </trkpt>
   <trkpt lat="39.7820180" lon="-105.2037290">
    <ele>1948.8</ele>
    <time>2026-06-26T00:25:36Z</time>
   </trkpt>
   <trkpt lat="39.7820370" lon="-105.2037350">
    <ele>1948.9</ele>
    <time>2026-06-26T00:25:37Z</time>
   </trkpt>
   <trkpt lat="39.7820550" lon="-105.2037530">
    <ele>1949.0</ele>
    <time>2026-06-26T00:25:38Z</time>
   </trkpt>
   <trkpt lat="39.7820680" lon="-105.2037690">
    <ele>1949.1</ele>
    <time>2026-06-26T00:25:39Z</time>
   </trkpt>
   <trkpt lat="39.7820920" lon="-105.2037960">
    <ele>1949.3</ele>
    <time>2026-06-26T00:25:40Z</time>
   </trkpt>
   <trkpt lat="39.7821120" lon="-105.2038120">
    <ele>1949.4</ele>
    <time>2026-06-26T00:25:41Z</time>
   </trkpt>
   <trkpt lat="39.7821360" lon="-105.2038150">
    <ele>1949.5</ele>
    <time>2026-06-26T00:25:42Z</time>
   </trkpt>
   <trkpt lat="39.7821590" lon="-105.2038070">
    <ele>1949.7</ele>
    <time>2026-06-26T00:25:43Z</time>
   </trkpt>
   <trkpt lat="39.7821780" lon="-105.2037930">
    <ele>1949.8</ele>
    <time>2026-06-26T00:25:44Z</time>
   </trkpt>
   <trkpt lat="39.7822040" lon="-105.2037790">
    <ele>1949.9</ele>
    <time>2026-06-26T00:25:45Z</time>
   </trkpt>
   <trkpt lat="39.7822250" lon="-105.2037660">
    <ele>1950.1</ele>
    <time>2026-06-26T00:25:46Z</time>
   </trkpt>
   <trkpt lat="39.7822460" lon="-105.2037550">
    <ele>1950.2</ele>
    <time>2026-06-26T00:25:47Z</time>
   </trkpt>
   <trkpt lat="39.7822690" lon="-105.2037510">
    <ele>1950.4</ele>
    <time>2026-06-26T00:25:48Z</time>
   </trkpt>
   <trkpt lat="39.7823010" lon="-105.2037670">
    <ele>1950.6</ele>
    <time>2026-06-26T00:25:49Z</time>
   </trkpt>
   <trkpt lat="39.7823310" lon="-105.2037660">
    <ele>1950.7</ele>
    <time>2026-06-26T00:25:50Z</time>
   </trkpt>
   <trkpt lat="39.7823580" lon="-105.2037490">
    <ele>1950.9</ele>
    <time>2026-06-26T00:25:51Z</time>
   </trkpt>
   <trkpt lat="39.7823670" lon="-105.2037480">
    <ele>1951.0</ele>
    <time>2026-06-26T00:25:52Z</time>
   </trkpt>
   <trkpt lat="39.7823930" lon="-105.2037440">
    <ele>1951.1</ele>
    <time>2026-06-26T00:25:53Z</time>
   </trkpt>
   <trkpt lat="39.7824050" lon="-105.2037370">
    <ele>1951.2</ele>
    <time>2026-06-26T00:25:54Z</time>
   </trkpt>
   <trkpt lat="39.7824260" lon="-105.2037460">
    <ele>1951.3</ele>
    <time>2026-06-26T00:25:55Z</time>
   </trkpt>
   <trkpt lat="39.7824380" lon="-105.2037720">
    <ele>1951.5</ele>
    <time>2026-06-26T00:25:56Z</time>
   </trkpt>
   <trkpt lat="39.7824490" lon="-105.2037960">
    <ele>1951.6</ele>
    <time>2026-06-26T00:25:57Z</time>
   </trkpt>
   <trkpt lat="39.7824560" lon="-105.2038190">
    <ele>1951.7</ele>
    <time>2026-06-26T00:25:58Z</time>
   </trkpt>
   <trkpt lat="39.7824640" lon="-105.2038430">
    <ele>1951.7</ele>
    <time>2026-06-26T00:25:59Z</time>
   </trkpt>
   <trkpt lat="39.7824870" lon="-105.2038530">
    <ele>1951.8</ele>
    <time>2026-06-26T00:26:00Z</time>
   </trkpt>
   <trkpt lat="39.7825080" lon="-105.2038580">
    <ele>1951.9</ele>
    <time>2026-06-26T00:26:01Z</time>
   </trkpt>
   <trkpt lat="39.7825380" lon="-105.2038470">
    <ele>1952.1</ele>
    <time>2026-06-26T00:26:02Z</time>
   </trkpt>
   <trkpt lat="39.7825620" lon="-105.2038370">
    <ele>1952.2</ele>
    <time>2026-06-26T00:26:03Z</time>
   </trkpt>
   <trkpt lat="39.7825820" lon="-105.2038280">
    <ele>1952.2</ele>
    <time>2026-06-26T00:26:04Z</time>
   </trkpt>
   <trkpt lat="39.7826030" lon="-105.2038170">
    <ele>1952.3</ele>
    <time>2026-06-26T00:26:05Z</time>
   </trkpt>
   <trkpt lat="39.7826210" lon="-105.2037830">
    <ele>1952.4</ele>
    <time>2026-06-26T00:26:06Z</time>
   </trkpt>
   <trkpt lat="39.7826360" lon="-105.2037530">
    <ele>1952.5</ele>
    <time>2026-06-26T00:26:07Z</time>
   </trkpt>
   <trkpt lat="39.7826580" lon="-105.2037380">
    <ele>1952.6</ele>
    <time>2026-06-26T00:26:08Z</time>
   </trkpt>
   <trkpt lat="39.7826840" lon="-105.2037260">
    <ele>1952.7</ele>
    <time>2026-06-26T00:26:09Z</time>
   </trkpt>
   <trkpt lat="39.7826880" lon="-105.2037040">
    <ele>1952.8</ele>
    <time>2026-06-26T00:26:10Z</time>
   </trkpt>
   <trkpt lat="39.7827330" lon="-105.2036770">
    <ele>1953.0</ele>
    <time>2026-06-26T00:26:11Z</time>
   </trkpt>
   <trkpt lat="39.7827420" lon="-105.2036860">
    <ele>1953.0</ele>
    <time>2026-06-26T00:26:12Z</time>
   </trkpt>
   <trkpt lat="39.7827670" lon="-105.2036790">
    <ele>1953.1</ele>
    <time>2026-06-26T00:26:13Z</time>
   </trkpt>
   <trkpt lat="39.7827940" lon="-105.2036790">
    <ele>1953.2</ele>
    <time>2026-06-26T00:26:14Z</time>
   </trkpt>
   <trkpt lat="39.7828200" lon="-105.2036770">
    <ele>1953.3</ele>
    <time>2026-06-26T00:26:15Z</time>
   </trkpt>
   <trkpt lat="39.7828460" lon="-105.2036840">
    <ele>1953.4</ele>
    <time>2026-06-26T00:26:16Z</time>
   </trkpt>
   <trkpt lat="39.7828650" lon="-105.2036850">
    <ele>1953.5</ele>
    <time>2026-06-26T00:26:17Z</time>
   </trkpt>
   <trkpt lat="39.7828890" lon="-105.2037000">
    <ele>1953.6</ele>
    <time>2026-06-26T00:26:18Z</time>
   </trkpt>
   <trkpt lat="39.7829200" lon="-105.2037260">
    <ele>1953.7</ele>
    <time>2026-06-26T00:26:19Z</time>
   </trkpt>
   <trkpt lat="39.7829280" lon="-105.2037300">
    <ele>1953.7</ele>
    <time>2026-06-26T00:26:20Z</time>
   </trkpt>
   <trkpt lat="39.7829540" lon="-105.2037390">
    <ele>1953.8</ele>
    <time>2026-06-26T00:26:21Z</time>
   </trkpt>
   <trkpt lat="39.7829680" lon="-105.2037430">
    <ele>1953.9</ele>
    <time>2026-06-26T00:26:22Z</time>
   </trkpt>
   <trkpt lat="39.7829920" lon="-105.2037380">
    <ele>1953.9</ele>
    <time>2026-06-26T00:26:23Z</time>
   </trkpt>
   <trkpt lat="39.7830070" lon="-105.2037270">
    <ele>1954.0</ele>
    <time>2026-06-26T00:26:24Z</time>
   </trkpt>
   <trkpt lat="39.7830520" lon="-105.2037230">
    <ele>1954.1</ele>
    <time>2026-06-26T00:26:25Z</time>
   </trkpt>
   <trkpt lat="39.7830720" lon="-105.2037260">
    <ele>1954.2</ele>
    <time>2026-06-26T00:26:26Z</time>
   </trkpt>
   <trkpt lat="39.7831080" lon="-105.2037410">
    <ele>1954.3</ele>
    <time>2026-06-26T00:26:27Z</time>
   </trkpt>
   <trkpt lat="39.7831350" lon="-105.2037420">
    <ele>1954.4</ele>
    <time>2026-06-26T00:26:28Z</time>
   </trkpt>
   <trkpt lat="39.7831610" lon="-105.2037470">
    <ele>1954.5</ele>
    <time>2026-06-26T00:26:29Z</time>
   </trkpt>
   <trkpt lat="39.7831910" lon="-105.2037480">
    <ele>1954.6</ele>
    <time>2026-06-26T00:26:30Z</time>
   </trkpt>
   <trkpt lat="39.7832120" lon="-105.2037360">
    <ele>1954.6</ele>
    <time>2026-06-26T00:26:31Z</time>
   </trkpt>
   <trkpt lat="39.7832400" lon="-105.2037300">
    <ele>1954.7</ele>
    <time>2026-06-26T00:26:32Z</time>
   </trkpt>
   <trkpt lat="39.7832760" lon="-105.2037160">
    <ele>1954.8</ele>
    <time>2026-06-26T00:26:33Z</time>
   </trkpt>
   <trkpt lat="39.7833000" lon="-105.2037030">
    <ele>1954.9</ele>
    <time>2026-06-26T00:26:34Z</time>
   </trkpt>
   <trkpt lat="39.7833250" lon="-105.2036910">
    <ele>1955.0</ele>
    <time>2026-06-26T00:26:35Z</time>
   </trkpt>
   <trkpt lat="39.7833510" lon="-105.2036760">
    <ele>1955.0</ele>
    <time>2026-06-26T00:26:36Z</time>
   </trkpt>
   <trkpt lat="39.7833790" lon="-105.2036700">
    <ele>1955.1</ele>
    <time>2026-06-26T00:26:37Z</time>
   </trkpt>
   <trkpt lat="39.7834060" lon="-105.2036550">
    <ele>1955.1</ele>
    <time>2026-06-26T00:26:38Z</time>
   </trkpt>
   <trkpt lat="39.7834350" lon="-105.2036510">
    <ele>1955.2</ele>
    <time>2026-06-26T00:26:39Z</time>
   </trkpt>
   <trkpt lat="39.7834630" lon="-105.2036590">
    <ele>1955.3</ele>
    <time>2026-06-26T00:26:40Z</time>
   </trkpt>
   <trkpt lat="39.7834880" lon="-105.2036660">
    <ele>1955.3</ele>
    <time>2026-06-26T00:26:41Z</time>
   </trkpt>
   <trkpt lat="39.7835120" lon="-105.2036770">
    <ele>1955.4</ele>
    <time>2026-06-26T00:26:42Z</time>
   </trkpt>
   <trkpt lat="39.7835370" lon="-105.2036760">
    <ele>1955.4</ele>
    <time>2026-06-26T00:26:43Z</time>
   </trkpt>
   <trkpt lat="39.7835640" lon="-105.2036770">
    <ele>1955.5</ele>
    <time>2026-06-26T00:26:44Z</time>
   </trkpt>
   <trkpt lat="39.7835910" lon="-105.2036700">
    <ele>1955.5</ele>
    <time>2026-06-26T00:26:45Z</time>
   </trkpt>
   <trkpt lat="39.7836180" lon="-105.2036600">
    <ele>1955.6</ele>
    <time>2026-06-26T00:26:46Z</time>
   </trkpt>
   <trkpt lat="39.7836370" lon="-105.2036630">
    <ele>1955.6</ele>
    <time>2026-06-26T00:26:47Z</time>
   </trkpt>
   <trkpt lat="39.7836550" lon="-105.2036530">
    <ele>1955.6</ele>
    <time>2026-06-26T00:26:48Z</time>
   </trkpt>
   <trkpt lat="39.7836850" lon="-105.2036270">
    <ele>1955.7</ele>
    <time>2026-06-26T00:26:49Z</time>
   </trkpt>
   <trkpt lat="39.7837080" lon="-105.2036300">
    <ele>1955.8</ele>
    <time>2026-06-26T00:26:50Z</time>
   </trkpt>
   <trkpt lat="39.7837290" lon="-105.2036190">
    <ele>1955.8</ele>
    <time>2026-06-26T00:26:51Z</time>
   </trkpt>
   <trkpt lat="39.7837550" lon="-105.2036220">
    <ele>1955.8</ele>
    <time>2026-06-26T00:26:52Z</time>
   </trkpt>
   <trkpt lat="39.7837730" lon="-105.2036080">
    <ele>1955.9</ele>
    <time>2026-06-26T00:26:53Z</time>
   </trkpt>
   <trkpt lat="39.7838040" lon="-105.2036350">
    <ele>1955.9</ele>
    <time>2026-06-26T00:26:54Z</time>
   </trkpt>
   <trkpt lat="39.7838300" lon="-105.2036460">
    <ele>1956.0</ele>
    <time>2026-06-26T00:26:55Z</time>
   </trkpt>
   <trkpt lat="39.7838590" lon="-105.2036550">
    <ele>1956.0</ele>
    <time>2026-06-26T00:26:56Z</time>
   </trkpt>
   <trkpt lat="39.7838810" lon="-105.2036620">
    <ele>1956.0</ele>
    <time>2026-06-26T00:26:57Z</time>
   </trkpt>
   <trkpt lat="39.7839030" lon="-105.2036800">
    <ele>1956.1</ele>
    <time>2026-06-26T00:26:58Z</time>
   </trkpt>
   <trkpt lat="39.7839150" lon="-105.2036880">
    <ele>1956.1</ele>
    <time>2026-06-26T00:26:59Z</time>
   </trkpt>
   <trkpt lat="39.7839420" lon="-105.2037010">
    <ele>1956.1</ele>
    <time>2026-06-26T00:27:00Z</time>
   </trkpt>
   <trkpt lat="39.7839540" lon="-105.2037080">
    <ele>1956.1</ele>
    <time>2026-06-26T00:27:01Z</time>
   </trkpt>
   <trkpt lat="39.7839750" lon="-105.2037220">
    <ele>1956.1</ele>
    <time>2026-06-26T00:27:02Z</time>
   </trkpt>
   <trkpt lat="39.7839990" lon="-105.2037290">
    <ele>1956.1</ele>
    <time>2026-06-26T00:27:03Z</time>
   </trkpt>
   <trkpt lat="39.7840170" lon="-105.2037290">
    <ele>1956.1</ele>
    <time>2026-06-26T00:27:04Z</time>
   </trkpt>
   <trkpt lat="39.7840410" lon="-105.2037280">
    <ele>1956.1</ele>
    <time>2026-06-26T00:27:05Z</time>
   </trkpt>
   <trkpt lat="39.7840660" lon="-105.2037270">
    <ele>1956.1</ele>
    <time>2026-06-26T00:27:06Z</time>
   </trkpt>
   <trkpt lat="39.7840900" lon="-105.2037260">
    <ele>1956.1</ele>
    <time>2026-06-26T00:27:07Z</time>
   </trkpt>
   <trkpt lat="39.7840930" lon="-105.2037160">
    <ele>1956.1</ele>
    <time>2026-06-26T00:27:08Z</time>
   </trkpt>
   <trkpt lat="39.7841300" lon="-105.2037130">
    <ele>1956.1</ele>
    <time>2026-06-26T00:27:09Z</time>
   </trkpt>
   <trkpt lat="39.7841420" lon="-105.2037250">
    <ele>1956.1</ele>
    <time>2026-06-26T00:27:10Z</time>
   </trkpt>
   <trkpt lat="39.7841780" lon="-105.2037340">
    <ele>1956.1</ele>
    <time>2026-06-26T00:27:11Z</time>
   </trkpt>
   <trkpt lat="39.7841890" lon="-105.2037340">
    <ele>1956.1</ele>
    <time>2026-06-26T00:27:12Z</time>
   </trkpt>
   <trkpt lat="39.7842120" lon="-105.2037380">
    <ele>1956.1</ele>
    <time>2026-06-26T00:27:13Z</time>
   </trkpt>
   <trkpt lat="39.7842240" lon="-105.2037290">
    <ele>1956.1</ele>
    <time>2026-06-26T00:27:14Z</time>
   </trkpt>
   <trkpt lat="39.7842460" lon="-105.2037280">
    <ele>1956.1</ele>
    <time>2026-06-26T00:27:15Z</time>
   </trkpt>
   <trkpt lat="39.7842500" lon="-105.2037370">
    <ele>1956.1</ele>
    <time>2026-06-26T00:27:16Z</time>
   </trkpt>
   <trkpt lat="39.7842510" lon="-105.2037430">
    <ele>1956.1</ele>
    <time>2026-06-26T00:27:17Z</time>
   </trkpt>
   <trkpt lat="39.7842500" lon="-105.2037440">
    <ele>1956.1</ele>
    <time>2026-06-26T00:27:18Z</time>
   </trkpt>
   <trkpt lat="39.7842490" lon="-105.2037420">
    <ele>1956.1</ele>
    <time>2026-06-26T00:27:19Z</time>
   </trkpt>
   <trkpt lat="39.7842400" lon="-105.2037460">
    <ele>1956.1</ele>
    <time>2026-06-26T00:27:20Z</time>
   </trkpt>
   <trkpt lat="39.7842410" lon="-105.2037480">
    <ele>1956.1</ele>
    <time>2026-06-26T00:27:21Z</time>
   </trkpt>
   <trkpt lat="39.7842410" lon="-105.2037480">
    <ele>1956.1</ele>
    <time>2026-06-26T00:27:22Z</time>
   </trkpt>
   <trkpt lat="39.7842420" lon="-105.2037320">
    <ele>1956.2</ele>
    <time>2026-06-26T00:27:23Z</time>
   </trkpt>
   <trkpt lat="39.7842420" lon="-105.2037360">
    <ele>1956.2</ele>
    <time>2026-06-26T00:27:24Z</time>
   </trkpt>
   <trkpt lat="39.7842410" lon="-105.2037350">
    <ele>1956.2</ele>
    <time>2026-06-26T00:27:25Z</time>
   </trkpt>
   <trkpt lat="39.7842410" lon="-105.2037350">
    <ele>1956.2</ele>
    <time>2026-06-26T00:27:26Z</time>
   </trkpt>
   <trkpt lat="39.7842540" lon="-105.2037840">
    <ele>1956.3</ele>
    <time>2026-06-26T00:28:46Z</time>
   </trkpt>
   <trkpt lat="39.7842500" lon="-105.2038130">
    <ele>1956.4</ele>
    <time>2026-06-26T00:28:47Z</time>
   </trkpt>
   <trkpt lat="39.7842540" lon="-105.2038390">
    <ele>1956.4</ele>
    <time>2026-06-26T00:28:48Z</time>
   </trkpt>
   <trkpt lat="39.7842590" lon="-105.2038760">
    <ele>1956.5</ele>
    <time>2026-06-26T00:28:49Z</time>
   </trkpt>
   <trkpt lat="39.7842570" lon="-105.2039140">
    <ele>1956.6</ele>
    <time>2026-06-26T00:28:50Z</time>
   </trkpt>
   <trkpt lat="39.7842540" lon="-105.2039470">
    <ele>1956.7</ele>
    <time>2026-06-26T00:28:51Z</time>
   </trkpt>
   <trkpt lat="39.7842590" lon="-105.2039700">
    <ele>1956.8</ele>
    <time>2026-06-26T00:28:52Z</time>
   </trkpt>
   <trkpt lat="39.7842570" lon="-105.2040050">
    <ele>1956.9</ele>
    <time>2026-06-26T00:28:53Z</time>
   </trkpt>
   <trkpt lat="39.7842570" lon="-105.2040300">
    <ele>1957.0</ele>
    <time>2026-06-26T00:28:54Z</time>
   </trkpt>
   <trkpt lat="39.7842570" lon="-105.2040690">
    <ele>1957.1</ele>
    <time>2026-06-26T00:28:55Z</time>
   </trkpt>
   <trkpt lat="39.7842470" lon="-105.2041020">
    <ele>1957.1</ele>
    <time>2026-06-26T00:28:56Z</time>
   </trkpt>
   <trkpt lat="39.7842430" lon="-105.2041490">
    <ele>1957.2</ele>
    <time>2026-06-26T00:28:57Z</time>
   </trkpt>
   <trkpt lat="39.7842050" lon="-105.2041840">
    <ele>1957.4</ele>
    <time>2026-06-26T00:28:58Z</time>
   </trkpt>
   <trkpt lat="39.7841970" lon="-105.2042180">
    <ele>1957.5</ele>
    <time>2026-06-26T00:28:59Z</time>
   </trkpt>
   <trkpt lat="39.7841770" lon="-105.2042710">
    <ele>1957.6</ele>
    <time>2026-06-26T00:29:00Z</time>
   </trkpt>
   <trkpt lat="39.7841670" lon="-105.2043050">
    <ele>1957.6</ele>
    <time>2026-06-26T00:29:01Z</time>
   </trkpt>
   <trkpt lat="39.7841850" lon="-105.2043290">
    <ele>1957.7</ele>
    <time>2026-06-26T00:29:02Z</time>
   </trkpt>
   <trkpt lat="39.7841830" lon="-105.2043610">
    <ele>1957.7</ele>
    <time>2026-06-26T00:29:03Z</time>
   </trkpt>
   <trkpt lat="39.7841750" lon="-105.2043800">
    <ele>1957.8</ele>
    <time>2026-06-26T00:29:04Z</time>
   </trkpt>
   <trkpt lat="39.7841830" lon="-105.2044130">
    <ele>1957.8</ele>
    <time>2026-06-26T00:29:05Z</time>
   </trkpt>
   <trkpt lat="39.7841850" lon="-105.2044460">
    <ele>1957.9</ele>
    <time>2026-06-26T00:29:06Z</time>
   </trkpt>
   <trkpt lat="39.7841720" lon="-105.2044680">
    <ele>1957.9</ele>
    <time>2026-06-26T00:29:07Z</time>
   </trkpt>
   <trkpt lat="39.7841660" lon="-105.2045220">
    <ele>1958.0</ele>
    <time>2026-06-26T00:29:08Z</time>
   </trkpt>
   <trkpt lat="39.7841590" lon="-105.2045630">
    <ele>1958.1</ele>
    <time>2026-06-26T00:29:09Z</time>
   </trkpt>
   <trkpt lat="39.7841510" lon="-105.2045910">
    <ele>1958.2</ele>
    <time>2026-06-26T00:29:10Z</time>
   </trkpt>
   <trkpt lat="39.7841340" lon="-105.2046220">
    <ele>1958.2</ele>
    <time>2026-06-26T00:29:11Z</time>
   </trkpt>
   <trkpt lat="39.7841320" lon="-105.2046460">
    <ele>1958.3</ele>
    <time>2026-06-26T00:29:12Z</time>
   </trkpt>
   <trkpt lat="39.7841310" lon="-105.2046710">
    <ele>1958.4</ele>
    <time>2026-06-26T00:29:13Z</time>
   </trkpt>
   <trkpt lat="39.7841280" lon="-105.2047050">
    <ele>1958.4</ele>
    <time>2026-06-26T00:29:14Z</time>
   </trkpt>
   <trkpt lat="39.7841220" lon="-105.2047430">
    <ele>1958.5</ele>
    <time>2026-06-26T00:29:15Z</time>
   </trkpt>
   <trkpt lat="39.7841150" lon="-105.2047810">
    <ele>1958.7</ele>
    <time>2026-06-26T00:29:16Z</time>
   </trkpt>
   <trkpt lat="39.7841120" lon="-105.2048180">
    <ele>1958.8</ele>
    <time>2026-06-26T00:29:17Z</time>
   </trkpt>
   <trkpt lat="39.7841040" lon="-105.2048530">
    <ele>1958.9</ele>
    <time>2026-06-26T00:29:18Z</time>
   </trkpt>
   <trkpt lat="39.7841010" lon="-105.2048860">
    <ele>1959.0</ele>
    <time>2026-06-26T00:29:19Z</time>
   </trkpt>
   <trkpt lat="39.7841040" lon="-105.2049230">
    <ele>1959.2</ele>
    <time>2026-06-26T00:29:20Z</time>
   </trkpt>
   <trkpt lat="39.7841200" lon="-105.2049570">
    <ele>1959.3</ele>
    <time>2026-06-26T00:29:21Z</time>
   </trkpt>
   <trkpt lat="39.7841260" lon="-105.2049880">
    <ele>1959.4</ele>
    <time>2026-06-26T00:29:22Z</time>
   </trkpt>
   <trkpt lat="39.7841390" lon="-105.2050150">
    <ele>1959.5</ele>
    <time>2026-06-26T00:29:23Z</time>
   </trkpt>
   <trkpt lat="39.7841520" lon="-105.2050370">
    <ele>1959.6</ele>
    <time>2026-06-26T00:29:24Z</time>
   </trkpt>
   <trkpt lat="39.7841590" lon="-105.2050700">
    <ele>1959.7</ele>
    <time>2026-06-26T00:29:25Z</time>
   </trkpt>
   <trkpt lat="39.7841740" lon="-105.2051010">
    <ele>1959.8</ele>
    <time>2026-06-26T00:29:26Z</time>
   </trkpt>
   <trkpt lat="39.7841910" lon="-105.2051080">
    <ele>1959.9</ele>
    <time>2026-06-26T00:29:27Z</time>
   </trkpt>
   <trkpt lat="39.7841980" lon="-105.2051010">
    <ele>1959.9</ele>
    <time>2026-06-26T00:29:28Z</time>
   </trkpt>
   <trkpt lat="39.7842170" lon="-105.2051040">
    <ele>1960.0</ele>
    <time>2026-06-26T00:29:29Z</time>
   </trkpt>
   <trkpt lat="39.7842250" lon="-105.2051480">
    <ele>1960.1</ele>
    <time>2026-06-26T00:29:30Z</time>
   </trkpt>
   <trkpt lat="39.7842330" lon="-105.2051450">
    <ele>1960.1</ele>
    <time>2026-06-26T00:29:31Z</time>
   </trkpt>
   <trkpt lat="39.7842610" lon="-105.2051610">
    <ele>1960.2</ele>
    <time>2026-06-26T00:29:32Z</time>
   </trkpt>
   <trkpt lat="39.7842750" lon="-105.2051730">
    <ele>1960.2</ele>
    <time>2026-06-26T00:29:33Z</time>
   </trkpt>
   <trkpt lat="39.7842890" lon="-105.2051950">
    <ele>1960.3</ele>
    <time>2026-06-26T00:29:34Z</time>
   </trkpt>
   <trkpt lat="39.7843080" lon="-105.2052060">
    <ele>1960.3</ele>
    <time>2026-06-26T00:29:35Z</time>
   </trkpt>
   <trkpt lat="39.7843250" lon="-105.2052140">
    <ele>1960.4</ele>
    <time>2026-06-26T00:29:36Z</time>
   </trkpt>
   <trkpt lat="39.7843430" lon="-105.2052810">
    <ele>1960.5</ele>
    <time>2026-06-26T00:29:37Z</time>
   </trkpt>
   <trkpt lat="39.7843660" lon="-105.2053140">
    <ele>1960.6</ele>
    <time>2026-06-26T00:29:38Z</time>
   </trkpt>
   <trkpt lat="39.7843800" lon="-105.2053480">
    <ele>1960.7</ele>
    <time>2026-06-26T00:29:39Z</time>
   </trkpt>
   <trkpt lat="39.7843960" lon="-105.2053720">
    <ele>1960.8</ele>
    <time>2026-06-26T00:29:40Z</time>
   </trkpt>
   <trkpt lat="39.7844150" lon="-105.2053860">
    <ele>1960.8</ele>
    <time>2026-06-26T00:29:41Z</time>
   </trkpt>
   <trkpt lat="39.7844380" lon="-105.2053930">
    <ele>1960.9</ele>
    <time>2026-06-26T00:29:42Z</time>
   </trkpt>
   <trkpt lat="39.7844500" lon="-105.2054280">
    <ele>1961.0</ele>
    <time>2026-06-26T00:29:43Z</time>
   </trkpt>
   <trkpt lat="39.7844600" lon="-105.2054550">
    <ele>1961.1</ele>
    <time>2026-06-26T00:29:44Z</time>
   </trkpt>
   <trkpt lat="39.7844740" lon="-105.2054800">
    <ele>1961.2</ele>
    <time>2026-06-26T00:29:45Z</time>
   </trkpt>
   <trkpt lat="39.7844830" lon="-105.2055010">
    <ele>1961.3</ele>
    <time>2026-06-26T00:29:46Z</time>
   </trkpt>
   <trkpt lat="39.7844930" lon="-105.2055280">
    <ele>1961.4</ele>
    <time>2026-06-26T00:29:47Z</time>
   </trkpt>
   <trkpt lat="39.7845030" lon="-105.2055570">
    <ele>1961.5</ele>
    <time>2026-06-26T00:29:48Z</time>
   </trkpt>
   <trkpt lat="39.7845010" lon="-105.2055930">
    <ele>1961.7</ele>
    <time>2026-06-26T00:29:49Z</time>
   </trkpt>
   <trkpt lat="39.7845070" lon="-105.2056210">
    <ele>1961.8</ele>
    <time>2026-06-26T00:29:50Z</time>
   </trkpt>
   <trkpt lat="39.7845100" lon="-105.2056550">
    <ele>1961.9</ele>
    <time>2026-06-26T00:29:51Z</time>
   </trkpt>
   <trkpt lat="39.7845170" lon="-105.2056850">
    <ele>1962.0</ele>
    <time>2026-06-26T00:29:52Z</time>
   </trkpt>
   <trkpt lat="39.7845330" lon="-105.2057100">
    <ele>1962.2</ele>
    <time>2026-06-26T00:29:53Z</time>
   </trkpt>
   <trkpt lat="39.7845330" lon="-105.2057330">
    <ele>1962.3</ele>
    <time>2026-06-26T00:29:54Z</time>
   </trkpt>
   <trkpt lat="39.7845240" lon="-105.2057700">
    <ele>1962.4</ele>
    <time>2026-06-26T00:29:55Z</time>
   </trkpt>
   <trkpt lat="39.7845320" lon="-105.2057920">
    <ele>1962.5</ele>
    <time>2026-06-26T00:29:56Z</time>
   </trkpt>
   <trkpt lat="39.7845420" lon="-105.2058270">
    <ele>1962.7</ele>
    <time>2026-06-26T00:29:57Z</time>
   </trkpt>
   <trkpt lat="39.7845390" lon="-105.2058550">
    <ele>1962.8</ele>
    <time>2026-06-26T00:29:58Z</time>
   </trkpt>
   <trkpt lat="39.7845430" lon="-105.2058900">
    <ele>1962.9</ele>
    <time>2026-06-26T00:29:59Z</time>
   </trkpt>
   <trkpt lat="39.7845510" lon="-105.2059180">
    <ele>1963.0</ele>
    <time>2026-06-26T00:30:00Z</time>
   </trkpt>
   <trkpt lat="39.7845600" lon="-105.2059490">
    <ele>1963.1</ele>
    <time>2026-06-26T00:30:01Z</time>
   </trkpt>
   <trkpt lat="39.7845680" lon="-105.2059730">
    <ele>1963.2</ele>
    <time>2026-06-26T00:30:02Z</time>
   </trkpt>
   <trkpt lat="39.7845770" lon="-105.2060130">
    <ele>1963.4</ele>
    <time>2026-06-26T00:30:03Z</time>
   </trkpt>
   <trkpt lat="39.7845860" lon="-105.2060440">
    <ele>1963.5</ele>
    <time>2026-06-26T00:30:04Z</time>
   </trkpt>
   <trkpt lat="39.7845870" lon="-105.2060740">
    <ele>1963.6</ele>
    <time>2026-06-26T00:30:05Z</time>
   </trkpt>
   <trkpt lat="39.7845930" lon="-105.2061250">
    <ele>1963.7</ele>
    <time>2026-06-26T00:30:06Z</time>
   </trkpt>
   <trkpt lat="39.7845970" lon="-105.2061450">
    <ele>1963.7</ele>
    <time>2026-06-26T00:30:07Z</time>
   </trkpt>
   <trkpt lat="39.7845970" lon="-105.2061740">
    <ele>1963.8</ele>
    <time>2026-06-26T00:30:08Z</time>
   </trkpt>
   <trkpt lat="39.7846010" lon="-105.2062090">
    <ele>1963.9</ele>
    <time>2026-06-26T00:30:09Z</time>
   </trkpt>
   <trkpt lat="39.7846080" lon="-105.2062370">
    <ele>1964.0</ele>
    <time>2026-06-26T00:30:10Z</time>
   </trkpt>
   <trkpt lat="39.7846160" lon="-105.2062680">
    <ele>1964.0</ele>
    <time>2026-06-26T00:30:11Z</time>
   </trkpt>
   <trkpt lat="39.7846170" lon="-105.2063030">
    <ele>1964.1</ele>
    <time>2026-06-26T00:30:12Z</time>
   </trkpt>
   <trkpt lat="39.7846190" lon="-105.2063330">
    <ele>1964.2</ele>
    <time>2026-06-26T00:30:13Z</time>
   </trkpt>
   <trkpt lat="39.7846190" lon="-105.2063660">
    <ele>1964.2</ele>
    <time>2026-06-26T00:30:14Z</time>
   </trkpt>
   <trkpt lat="39.7846250" lon="-105.2064170">
    <ele>1964.4</ele>
    <time>2026-06-26T00:30:15Z</time>
   </trkpt>
   <trkpt lat="39.7846200" lon="-105.2064350">
    <ele>1964.4</ele>
    <time>2026-06-26T00:30:16Z</time>
   </trkpt>
   <trkpt lat="39.7846240" lon="-105.2064680">
    <ele>1964.5</ele>
    <time>2026-06-26T00:30:17Z</time>
   </trkpt>
   <trkpt lat="39.7846310" lon="-105.2065040">
    <ele>1964.6</ele>
    <time>2026-06-26T00:30:18Z</time>
   </trkpt>
   <trkpt lat="39.7846320" lon="-105.2065300">
    <ele>1964.7</ele>
    <time>2026-06-26T00:30:19Z</time>
   </trkpt>
   <trkpt lat="39.7846380" lon="-105.2065710">
    <ele>1964.8</ele>
    <time>2026-06-26T00:30:20Z</time>
   </trkpt>
   <trkpt lat="39.7846480" lon="-105.2066020">
    <ele>1964.9</ele>
    <time>2026-06-26T00:30:21Z</time>
   </trkpt>
   <trkpt lat="39.7846510" lon="-105.2066340">
    <ele>1965.0</ele>
    <time>2026-06-26T00:30:22Z</time>
   </trkpt>
   <trkpt lat="39.7846650" lon="-105.2066640">
    <ele>1965.1</ele>
    <time>2026-06-26T00:30:23Z</time>
   </trkpt>
   <trkpt lat="39.7846720" lon="-105.2066930">
    <ele>1965.2</ele>
    <time>2026-06-26T00:30:24Z</time>
   </trkpt>
   <trkpt lat="39.7846810" lon="-105.2067250">
    <ele>1965.3</ele>
    <time>2026-06-26T00:30:25Z</time>
   </trkpt>
   <trkpt lat="39.7846840" lon="-105.2067540">
    <ele>1965.4</ele>
    <time>2026-06-26T00:30:26Z</time>
   </trkpt>
   <trkpt lat="39.7846910" lon="-105.2067850">
    <ele>1965.5</ele>
    <time>2026-06-26T00:30:27Z</time>
   </trkpt>
   <trkpt lat="39.7847050" lon="-105.2068130">
    <ele>1965.6</ele>
    <time>2026-06-26T00:30:28Z</time>
   </trkpt>
   <trkpt lat="39.7847150" lon="-105.2068410">
    <ele>1965.7</ele>
    <time>2026-06-26T00:30:29Z</time>
   </trkpt>
   <trkpt lat="39.7847170" lon="-105.2068640">
    <ele>1965.8</ele>
    <time>2026-06-26T00:30:30Z</time>
   </trkpt>
   <trkpt lat="39.7847200" lon="-105.2069050">
    <ele>1965.9</ele>
    <time>2026-06-26T00:30:31Z</time>
   </trkpt>
   <trkpt lat="39.7847220" lon="-105.2069210">
    <ele>1966.0</ele>
    <time>2026-06-26T00:30:32Z</time>
   </trkpt>
   <trkpt lat="39.7847240" lon="-105.2069490">
    <ele>1966.1</ele>
    <time>2026-06-26T00:30:33Z</time>
   </trkpt>
   <trkpt lat="39.7847290" lon="-105.2069800">
    <ele>1966.2</ele>
    <time>2026-06-26T00:30:34Z</time>
   </trkpt>
   <trkpt lat="39.7847340" lon="-105.2070040">
    <ele>1966.2</ele>
    <time>2026-06-26T00:30:35Z</time>
   </trkpt>
   <trkpt lat="39.7847400" lon="-105.2070410">
    <ele>1966.3</ele>
    <time>2026-06-26T00:30:36Z</time>
   </trkpt>
   <trkpt lat="39.7847510" lon="-105.2070750">
    <ele>1966.5</ele>
    <time>2026-06-26T00:30:37Z</time>
   </trkpt>
   <trkpt lat="39.7847590" lon="-105.2071070">
    <ele>1966.5</ele>
    <time>2026-06-26T00:30:38Z</time>
   </trkpt>
   <trkpt lat="39.7847720" lon="-105.2071400">
    <ele>1966.6</ele>
    <time>2026-06-26T00:30:39Z</time>
   </trkpt>
   <trkpt lat="39.7847800" lon="-105.2071600">
    <ele>1966.7</ele>
    <time>2026-06-26T00:30:40Z</time>
   </trkpt>
   <trkpt lat="39.7847870" lon="-105.2072000">
    <ele>1966.8</ele>
    <time>2026-06-26T00:30:41Z</time>
   </trkpt>
   <trkpt lat="39.7847950" lon="-105.2072130">
    <ele>1966.8</ele>
    <time>2026-06-26T00:30:42Z</time>
   </trkpt>
   <trkpt lat="39.7848000" lon="-105.2072440">
    <ele>1966.9</ele>
    <time>2026-06-26T00:30:43Z</time>
   </trkpt>
   <trkpt lat="39.7848110" lon="-105.2072740">
    <ele>1967.0</ele>
    <time>2026-06-26T00:30:44Z</time>
   </trkpt>
   <trkpt lat="39.7848230" lon="-105.2072980">
    <ele>1967.1</ele>
    <time>2026-06-26T00:30:45Z</time>
   </trkpt>
   <trkpt lat="39.7848400" lon="-105.2073420">
    <ele>1967.2</ele>
    <time>2026-06-26T00:30:46Z</time>
   </trkpt>
   <trkpt lat="39.7848590" lon="-105.2073800">
    <ele>1967.3</ele>
    <time>2026-06-26T00:30:47Z</time>
   </trkpt>
   <trkpt lat="39.7848630" lon="-105.2073910">
    <ele>1967.3</ele>
    <time>2026-06-26T00:30:48Z</time>
   </trkpt>
   <trkpt lat="39.7848710" lon="-105.2074220">
    <ele>1967.3</ele>
    <time>2026-06-26T00:30:49Z</time>
   </trkpt>
   <trkpt lat="39.7848840" lon="-105.2074540">
    <ele>1967.4</ele>
    <time>2026-06-26T00:30:50Z</time>
   </trkpt>
   <trkpt lat="39.7848890" lon="-105.2074840">
    <ele>1967.5</ele>
    <time>2026-06-26T00:30:51Z</time>
   </trkpt>
   <trkpt lat="39.7849060" lon="-105.2075360">
    <ele>1967.6</ele>
    <time>2026-06-26T00:30:52Z</time>
   </trkpt>
   <trkpt lat="39.7849170" lon="-105.2075510">
    <ele>1967.6</ele>
    <time>2026-06-26T00:30:53Z</time>
   </trkpt>
   <trkpt lat="39.7849300" lon="-105.2075910">
    <ele>1967.7</ele>
    <time>2026-06-26T00:30:54Z</time>
   </trkpt>
   <trkpt lat="39.7849320" lon="-105.2076100">
    <ele>1967.8</ele>
    <time>2026-06-26T00:30:55Z</time>
   </trkpt>
   <trkpt lat="39.7849350" lon="-105.2076310">
    <ele>1967.8</ele>
    <time>2026-06-26T00:30:56Z</time>
   </trkpt>
   <trkpt lat="39.7849420" lon="-105.2076380">
    <ele>1967.9</ele>
    <time>2026-06-26T00:30:57Z</time>
   </trkpt>
   <trkpt lat="39.7849480" lon="-105.2076660">
    <ele>1967.9</ele>
    <time>2026-06-26T00:30:58Z</time>
   </trkpt>
   <trkpt lat="39.7849570" lon="-105.2077150">
    <ele>1968.1</ele>
    <time>2026-06-26T00:30:59Z</time>
   </trkpt>
   <trkpt lat="39.7849630" lon="-105.2077230">
    <ele>1968.1</ele>
    <time>2026-06-26T00:31:00Z</time>
   </trkpt>
   <trkpt lat="39.7849620" lon="-105.2077650">
    <ele>1968.3</ele>
    <time>2026-06-26T00:31:01Z</time>
   </trkpt>
   <trkpt lat="39.7849670" lon="-105.2077930">
    <ele>1968.4</ele>
    <time>2026-06-26T00:31:02Z</time>
   </trkpt>
   <trkpt lat="39.7849710" lon="-105.2078220">
    <ele>1968.5</ele>
    <time>2026-06-26T00:31:03Z</time>
   </trkpt>
   <trkpt lat="39.7849740" lon="-105.2078470">
    <ele>1968.6</ele>
    <time>2026-06-26T00:31:04Z</time>
   </trkpt>
   <trkpt lat="39.7849880" lon="-105.2078710">
    <ele>1968.7</ele>
    <time>2026-06-26T00:31:05Z</time>
   </trkpt>
   <trkpt lat="39.7849940" lon="-105.2078990">
    <ele>1968.8</ele>
    <time>2026-06-26T00:31:06Z</time>
   </trkpt>
   <trkpt lat="39.7849850" lon="-105.2079540">
    <ele>1969.0</ele>
    <time>2026-06-26T00:31:07Z</time>
   </trkpt>
   <trkpt lat="39.7849860" lon="-105.2079870">
    <ele>1969.1</ele>
    <time>2026-06-26T00:31:08Z</time>
   </trkpt>
   <trkpt lat="39.7849990" lon="-105.2080150">
    <ele>1969.2</ele>
    <time>2026-06-26T00:31:09Z</time>
   </trkpt>
   <trkpt lat="39.7850060" lon="-105.2080460">
    <ele>1969.3</ele>
    <time>2026-06-26T00:31:10Z</time>
   </trkpt>
   <trkpt lat="39.7850080" lon="-105.2080880">
    <ele>1969.4</ele>
    <time>2026-06-26T00:31:11Z</time>
   </trkpt>
   <trkpt lat="39.7850160" lon="-105.2081130">
    <ele>1969.5</ele>
    <time>2026-06-26T00:31:12Z</time>
   </trkpt>
   <trkpt lat="39.7850270" lon="-105.2081390">
    <ele>1969.6</ele>
    <time>2026-06-26T00:31:13Z</time>
   </trkpt>
   <trkpt lat="39.7850340" lon="-105.2081670">
    <ele>1969.6</ele>
    <time>2026-06-26T00:31:14Z</time>
   </trkpt>
   <trkpt lat="39.7850410" lon="-105.2081970">
    <ele>1969.7</ele>
    <time>2026-06-26T00:31:15Z</time>
   </trkpt>
   <trkpt lat="39.7850430" lon="-105.2082270">
    <ele>1969.8</ele>
    <time>2026-06-26T00:31:16Z</time>
   </trkpt>
   <trkpt lat="39.7850430" lon="-105.2082580">
    <ele>1969.9</ele>
    <time>2026-06-26T00:31:17Z</time>
   </trkpt>
   <trkpt lat="39.7850430" lon="-105.2082870">
    <ele>1970.0</ele>
    <time>2026-06-26T00:31:18Z</time>
   </trkpt>
   <trkpt lat="39.7850480" lon="-105.2083120">
    <ele>1970.1</ele>
    <time>2026-06-26T00:31:19Z</time>
   </trkpt>
   <trkpt lat="39.7850470" lon="-105.2083450">
    <ele>1970.2</ele>
    <time>2026-06-26T00:31:20Z</time>
   </trkpt>
   <trkpt lat="39.7850500" lon="-105.2083740">
    <ele>1970.3</ele>
    <time>2026-06-26T00:31:21Z</time>
   </trkpt>
   <trkpt lat="39.7850550" lon="-105.2084040">
    <ele>1970.4</ele>
    <time>2026-06-26T00:31:22Z</time>
   </trkpt>
   <trkpt lat="39.7850570" lon="-105.2084280">
    <ele>1970.5</ele>
    <time>2026-06-26T00:31:23Z</time>
   </trkpt>
   <trkpt lat="39.7850590" lon="-105.2084620">
    <ele>1970.6</ele>
    <time>2026-06-26T00:31:24Z</time>
   </trkpt>
   <trkpt lat="39.7850640" lon="-105.2084850">
    <ele>1970.7</ele>
    <time>2026-06-26T00:31:25Z</time>
   </trkpt>
   <trkpt lat="39.7850680" lon="-105.2085160">
    <ele>1970.8</ele>
    <time>2026-06-26T00:31:26Z</time>
   </trkpt>
   <trkpt lat="39.7850750" lon="-105.2085400">
    <ele>1970.8</ele>
    <time>2026-06-26T00:31:27Z</time>
   </trkpt>
   <trkpt lat="39.7850830" lon="-105.2085650">
    <ele>1970.9</ele>
    <time>2026-06-26T00:31:28Z</time>
   </trkpt>
   <trkpt lat="39.7850890" lon="-105.2085980">
    <ele>1971.0</ele>
    <time>2026-06-26T00:31:29Z</time>
   </trkpt>
   <trkpt lat="39.7851000" lon="-105.2086260">
    <ele>1971.1</ele>
    <time>2026-06-26T00:31:30Z</time>
   </trkpt>
   <trkpt lat="39.7851020" lon="-105.2086570">
    <ele>1971.2</ele>
    <time>2026-06-26T00:31:31Z</time>
   </trkpt>
   <trkpt lat="39.7851150" lon="-105.2086810">
    <ele>1971.2</ele>
    <time>2026-06-26T00:31:32Z</time>
   </trkpt>
   <trkpt lat="39.7851100" lon="-105.2087440">
    <ele>1971.4</ele>
    <time>2026-06-26T00:31:33Z</time>
   </trkpt>
   <trkpt lat="39.7851270" lon="-105.2087900">
    <ele>1971.5</ele>
    <time>2026-06-26T00:31:34Z</time>
   </trkpt>
   <trkpt lat="39.7851310" lon="-105.2088300">
    <ele>1971.6</ele>
    <time>2026-06-26T00:31:35Z</time>
   </trkpt>
   <trkpt lat="39.7851380" lon="-105.2088610">
    <ele>1971.7</ele>
    <time>2026-06-26T00:31:36Z</time>
   </trkpt>
   <trkpt lat="39.7851420" lon="-105.2089010">
    <ele>1971.8</ele>
    <time>2026-06-26T00:31:37Z</time>
   </trkpt>
   <trkpt lat="39.7851540" lon="-105.2089380">
    <ele>1971.9</ele>
    <time>2026-06-26T00:31:38Z</time>
   </trkpt>
   <trkpt lat="39.7851690" lon="-105.2089720">
    <ele>1971.9</ele>
    <time>2026-06-26T00:31:40Z</time>
   </trkpt>
   <trkpt lat="39.7851880" lon="-105.2090060">
    <ele>1972.0</ele>
    <time>2026-06-26T00:31:41Z</time>
   </trkpt>
   <trkpt lat="39.7852030" lon="-105.2090410">
    <ele>1972.1</ele>
    <time>2026-06-26T00:31:42Z</time>
   </trkpt>
   <trkpt lat="39.7852110" lon="-105.2090750">
    <ele>1972.2</ele>
    <time>2026-06-26T00:31:43Z</time>
   </trkpt>
   <trkpt lat="39.7852090" lon="-105.2091140">
    <ele>1972.3</ele>
    <time>2026-06-26T00:31:44Z</time>
   </trkpt>
   <trkpt lat="39.7852210" lon="-105.2091530">
    <ele>1972.4</ele>
    <time>2026-06-26T00:31:45Z</time>
   </trkpt>
   <trkpt lat="39.7852220" lon="-105.2091900">
    <ele>1972.4</ele>
    <time>2026-06-26T00:31:46Z</time>
   </trkpt>
   <trkpt lat="39.7852340" lon="-105.2092240">
    <ele>1972.5</ele>
    <time>2026-06-26T00:31:47Z</time>
   </trkpt>
   <trkpt lat="39.7852370" lon="-105.2092510">
    <ele>1972.4</ele>
    <time>2026-06-26T00:31:48Z</time>
   </trkpt>
   <trkpt lat="39.7852420" lon="-105.2092910">
    <ele>1972.4</ele>
    <time>2026-06-26T00:31:49Z</time>
   </trkpt>
   <trkpt lat="39.7852400" lon="-105.2093140">
    <ele>1972.4</ele>
    <time>2026-06-26T00:31:50Z</time>
   </trkpt>
   <trkpt lat="39.7852410" lon="-105.2093490">
    <ele>1972.4</ele>
    <time>2026-06-26T00:31:51Z</time>
   </trkpt>
   <trkpt lat="39.7852370" lon="-105.2093890">
    <ele>1972.4</ele>
    <time>2026-06-26T00:31:52Z</time>
   </trkpt>
   <trkpt lat="39.7852370" lon="-105.2094210">
    <ele>1972.3</ele>
    <time>2026-06-26T00:31:53Z</time>
   </trkpt>
   <trkpt lat="39.7852400" lon="-105.2095040">
    <ele>1972.2</ele>
    <time>2026-06-26T00:31:54Z</time>
   </trkpt>
   <trkpt lat="39.7852410" lon="-105.2095310">
    <ele>1972.1</ele>
    <time>2026-06-26T00:31:55Z</time>
   </trkpt>
   <trkpt lat="39.7852470" lon="-105.2095890">
    <ele>1972.0</ele>
    <time>2026-06-26T00:31:56Z</time>
   </trkpt>
   <trkpt lat="39.7852440" lon="-105.2096320">
    <ele>1971.9</ele>
    <time>2026-06-26T00:31:57Z</time>
   </trkpt>
   <trkpt lat="39.7852460" lon="-105.2096910">
    <ele>1971.7</ele>
    <time>2026-06-26T00:31:58Z</time>
   </trkpt>
   <trkpt lat="39.7852580" lon="-105.2097340">
    <ele>1971.6</ele>
    <time>2026-06-26T00:31:59Z</time>
   </trkpt>
   <trkpt lat="39.7852730" lon="-105.2098320">
    <ele>1971.4</ele>
    <time>2026-06-26T00:32:00Z</time>
   </trkpt>
   <trkpt lat="39.7852710" lon="-105.2098930">
    <ele>1971.3</ele>
    <time>2026-06-26T00:32:01Z</time>
   </trkpt>
   <trkpt lat="39.7853130" lon="-105.2099520">
    <ele>1971.2</ele>
    <time>2026-06-26T00:32:02Z</time>
   </trkpt>
   <trkpt lat="39.7853580" lon="-105.2101060">
    <ele>1971.0</ele>
    <time>2026-06-26T00:32:03Z</time>
   </trkpt>
   <trkpt lat="39.7854380" lon="-105.2101140">
    <ele>1970.9</ele>
    <time>2026-06-26T00:32:04Z</time>
   </trkpt>
   <trkpt lat="39.7854630" lon="-105.2101510">
    <ele>1970.9</ele>
    <time>2026-06-26T00:32:05Z</time>
   </trkpt>
   <trkpt lat="39.7854790" lon="-105.2101810">
    <ele>1970.8</ele>
    <time>2026-06-26T00:32:06Z</time>
   </trkpt>
   <trkpt lat="39.7855110" lon="-105.2102290">
    <ele>1970.8</ele>
    <time>2026-06-26T00:32:07Z</time>
   </trkpt>
   <trkpt lat="39.7855380" lon="-105.2102640">
    <ele>1970.7</ele>
    <time>2026-06-26T00:32:08Z</time>
   </trkpt>
   <trkpt lat="39.7855670" lon="-105.2102930">
    <ele>1970.6</ele>
    <time>2026-06-26T00:32:09Z</time>
   </trkpt>
   <trkpt lat="39.7855850" lon="-105.2103370">
    <ele>1970.5</ele>
    <time>2026-06-26T00:32:10Z</time>
   </trkpt>
   <trkpt lat="39.7856090" lon="-105.2103710">
    <ele>1970.4</ele>
    <time>2026-06-26T00:32:11Z</time>
   </trkpt>
   <trkpt lat="39.7856250" lon="-105.2104020">
    <ele>1970.3</ele>
    <time>2026-06-26T00:32:12Z</time>
   </trkpt>
   <trkpt lat="39.7856540" lon="-105.2104190">
    <ele>1970.2</ele>
    <time>2026-06-26T00:32:13Z</time>
   </trkpt>
   <trkpt lat="39.7856280" lon="-105.2104970">
    <ele>1970.0</ele>
    <time>2026-06-26T00:32:14Z</time>
   </trkpt>
   <trkpt lat="39.7856930" lon="-105.2105160">
    <ele>1969.6</ele>
    <time>2026-06-26T00:32:15Z</time>
   </trkpt>
   <trkpt lat="39.7857020" lon="-105.2105500">
    <ele>1969.5</ele>
    <time>2026-06-26T00:32:16Z</time>
   </trkpt>
   <trkpt lat="39.7857310" lon="-105.2106050">
    <ele>1969.2</ele>
    <time>2026-06-26T00:32:17Z</time>
   </trkpt>
   <trkpt lat="39.7857350" lon="-105.2106440">
    <ele>1969.0</ele>
    <time>2026-06-26T00:32:18Z</time>
   </trkpt>
   <trkpt lat="39.7857390" lon="-105.2107020">
    <ele>1968.8</ele>
    <time>2026-06-26T00:32:19Z</time>
   </trkpt>
   <trkpt lat="39.7857240" lon="-105.2107560">
    <ele>1968.5</ele>
    <time>2026-06-26T00:32:20Z</time>
   </trkpt>
   <trkpt lat="39.7857090" lon="-105.2108170">
    <ele>1968.3</ele>
    <time>2026-06-26T00:32:21Z</time>
   </trkpt>
   <trkpt lat="39.7856600" lon="-105.2108590">
    <ele>1968.0</ele>
    <time>2026-06-26T00:32:22Z</time>
   </trkpt>
   <trkpt lat="39.7856360" lon="-105.2109120">
    <ele>1967.9</ele>
    <time>2026-06-26T00:32:23Z</time>
   </trkpt>
   <trkpt lat="39.7856100" lon="-105.2109720">
    <ele>1967.7</ele>
    <time>2026-06-26T00:32:24Z</time>
   </trkpt>
   <trkpt lat="39.7855820" lon="-105.2110440">
    <ele>1967.6</ele>
    <time>2026-06-26T00:32:25Z</time>
   </trkpt>
   <trkpt lat="39.7855500" lon="-105.2111010">
    <ele>1967.5</ele>
    <time>2026-06-26T00:32:26Z</time>
   </trkpt>
   <trkpt lat="39.7855180" lon="-105.2111380">
    <ele>1967.5</ele>
    <time>2026-06-26T00:32:27Z</time>
   </trkpt>
   <trkpt lat="39.7854540" lon="-105.2112500">
    <ele>1967.5</ele>
    <time>2026-06-26T00:32:28Z</time>
   </trkpt>
   <trkpt lat="39.7854100" lon="-105.2113390">
    <ele>1967.5</ele>
    <time>2026-06-26T00:32:29Z</time>
   </trkpt>
   <trkpt lat="39.7853690" lon="-105.2114120">
    <ele>1967.5</ele>
    <time>2026-06-26T00:32:30Z</time>
   </trkpt>
   <trkpt lat="39.7853200" lon="-105.2114830">
    <ele>1967.5</ele>
    <time>2026-06-26T00:32:31Z</time>
   </trkpt>
   <trkpt lat="39.7852860" lon="-105.2115530">
    <ele>1967.5</ele>
    <time>2026-06-26T00:32:32Z</time>
   </trkpt>
   <trkpt lat="39.7852370" lon="-105.2116320">
    <ele>1967.5</ele>
    <time>2026-06-26T00:32:33Z</time>
   </trkpt>
   <trkpt lat="39.7852040" lon="-105.2117100">
    <ele>1967.5</ele>
    <time>2026-06-26T00:32:34Z</time>
   </trkpt>
   <trkpt lat="39.7851650" lon="-105.2117900">
    <ele>1967.5</ele>
    <time>2026-06-26T00:32:35Z</time>
   </trkpt>
   <trkpt lat="39.7851110" lon="-105.2118620">
    <ele>1967.5</ele>
    <time>2026-06-26T00:32:36Z</time>
   </trkpt>
   <trkpt lat="39.7850590" lon="-105.2119260">
    <ele>1967.6</ele>
    <time>2026-06-26T00:32:37Z</time>
   </trkpt>
   <trkpt lat="39.7850180" lon="-105.2119900">
    <ele>1967.6</ele>
    <time>2026-06-26T00:32:38Z</time>
   </trkpt>
   <trkpt lat="39.7849770" lon="-105.2120520">
    <ele>1967.7</ele>
    <time>2026-06-26T00:32:39Z</time>
   </trkpt>
   <trkpt lat="39.7849390" lon="-105.2121160">
    <ele>1967.8</ele>
    <time>2026-06-26T00:32:40Z</time>
   </trkpt>
   <trkpt lat="39.7849070" lon="-105.2121910">
    <ele>1967.9</ele>
    <time>2026-06-26T00:32:41Z</time>
   </trkpt>
   <trkpt lat="39.7848640" lon="-105.2122550">
    <ele>1967.9</ele>
    <time>2026-06-26T00:32:42Z</time>
   </trkpt>
   <trkpt lat="39.7848270" lon="-105.2123120">
    <ele>1968.0</ele>
    <time>2026-06-26T00:32:43Z</time>
   </trkpt>
   <trkpt lat="39.7847900" lon="-105.2123700">
    <ele>1968.0</ele>
    <time>2026-06-26T00:32:44Z</time>
   </trkpt>
   <trkpt lat="39.7847510" lon="-105.2124240">
    <ele>1968.0</ele>
    <time>2026-06-26T00:32:45Z</time>
   </trkpt>
   <trkpt lat="39.7847130" lon="-105.2124770">
    <ele>1968.1</ele>
    <time>2026-06-26T00:32:46Z</time>
   </trkpt>
   <trkpt lat="39.7846840" lon="-105.2125330">
    <ele>1968.1</ele>
    <time>2026-06-26T00:32:47Z</time>
   </trkpt>
   <trkpt lat="39.7846390" lon="-105.2125730">
    <ele>1968.1</ele>
    <time>2026-06-26T00:32:48Z</time>
   </trkpt>
   <trkpt lat="39.7846040" lon="-105.2126080">
    <ele>1968.1</ele>
    <time>2026-06-26T00:32:49Z</time>
   </trkpt>
   <trkpt lat="39.7845680" lon="-105.2126380">
    <ele>1968.1</ele>
    <time>2026-06-26T00:32:50Z</time>
   </trkpt>
   <trkpt lat="39.7845200" lon="-105.2126570">
    <ele>1968.1</ele>
    <time>2026-06-26T00:32:51Z</time>
   </trkpt>
   <trkpt lat="39.7844710" lon="-105.2126790">
    <ele>1968.0</ele>
    <time>2026-06-26T00:32:52Z</time>
   </trkpt>
   <trkpt lat="39.7844200" lon="-105.2127100">
    <ele>1968.0</ele>
    <time>2026-06-26T00:32:53Z</time>
   </trkpt>
   <trkpt lat="39.7843690" lon="-105.2127440">
    <ele>1967.9</ele>
    <time>2026-06-26T00:32:54Z</time>
   </trkpt>
   <trkpt lat="39.7843210" lon="-105.2127850">
    <ele>1967.9</ele>
    <time>2026-06-26T00:32:55Z</time>
   </trkpt>
   <trkpt lat="39.7842760" lon="-105.2128370">
    <ele>1967.9</ele>
    <time>2026-06-26T00:32:56Z</time>
   </trkpt>
   <trkpt lat="39.7842330" lon="-105.2128810">
    <ele>1967.8</ele>
    <time>2026-06-26T00:32:57Z</time>
   </trkpt>
   <trkpt lat="39.7841890" lon="-105.2129260">
    <ele>1967.9</ele>
    <time>2026-06-26T00:32:58Z</time>
   </trkpt>
   <trkpt lat="39.7841480" lon="-105.2129690">
    <ele>1967.9</ele>
    <time>2026-06-26T00:32:59Z</time>
   </trkpt>
   <trkpt lat="39.7841150" lon="-105.2130140">
    <ele>1968.0</ele>
    <time>2026-06-26T00:33:00Z</time>
   </trkpt>
   <trkpt lat="39.7840670" lon="-105.2130570">
    <ele>1968.2</ele>
    <time>2026-06-26T00:33:01Z</time>
   </trkpt>
   <trkpt lat="39.7840410" lon="-105.2131050">
    <ele>1968.3</ele>
    <time>2026-06-26T00:33:02Z</time>
   </trkpt>
   <trkpt lat="39.7840040" lon="-105.2131500">
    <ele>1968.5</ele>
    <time>2026-06-26T00:33:03Z</time>
   </trkpt>
   <trkpt lat="39.7839760" lon="-105.2131980">
    <ele>1968.8</ele>
    <time>2026-06-26T00:33:04Z</time>
   </trkpt>
   <trkpt lat="39.7839400" lon="-105.2132450">
    <ele>1969.1</ele>
    <time>2026-06-26T00:33:05Z</time>
   </trkpt>
   <trkpt lat="39.7839100" lon="-105.2132910">
    <ele>1969.4</ele>
    <time>2026-06-26T00:33:06Z</time>
   </trkpt>
   <trkpt lat="39.7839120" lon="-105.2132970">
    <ele>1969.4</ele>
    <time>2026-06-26T00:33:07Z</time>
   </trkpt>
   <trkpt lat="39.7838950" lon="-105.2133280">
    <ele>1969.6</ele>
    <time>2026-06-26T00:33:08Z</time>
   </trkpt>
   <trkpt lat="39.7838810" lon="-105.2133560">
    <ele>1969.8</ele>
    <time>2026-06-26T00:33:09Z</time>
   </trkpt>
   <trkpt lat="39.7838520" lon="-105.2133800">
    <ele>1970.1</ele>
    <time>2026-06-26T00:33:10Z</time>
   </trkpt>
   <trkpt lat="39.7838450" lon="-105.2134110">
    <ele>1970.3</ele>
    <time>2026-06-26T00:33:11Z</time>
   </trkpt>
   <trkpt lat="39.7838310" lon="-105.2134400">
    <ele>1970.6</ele>
    <time>2026-06-26T00:33:12Z</time>
   </trkpt>
   <trkpt lat="39.7838110" lon="-105.2134650">
    <ele>1970.8</ele>
    <time>2026-06-26T00:33:13Z</time>
   </trkpt>
   <trkpt lat="39.7837850" lon="-105.2134790">
    <ele>1971.0</ele>
    <time>2026-06-26T00:33:14Z</time>
   </trkpt>
   <trkpt lat="39.7837580" lon="-105.2134930">
    <ele>1971.1</ele>
    <time>2026-06-26T00:33:15Z</time>
   </trkpt>
   <trkpt lat="39.7837370" lon="-105.2134780">
    <ele>1971.1</ele>
    <time>2026-06-26T00:33:16Z</time>
   </trkpt>
   <trkpt lat="39.7837180" lon="-105.2134720">
    <ele>1971.1</ele>
    <time>2026-06-26T00:33:17Z</time>
   </trkpt>
   <trkpt lat="39.7836980" lon="-105.2134630">
    <ele>1971.1</ele>
    <time>2026-06-26T00:33:18Z</time>
   </trkpt>
   <trkpt lat="39.7836280" lon="-105.2134160">
    <ele>1970.9</ele>
    <time>2026-06-26T00:33:19Z</time>
   </trkpt>
   <trkpt lat="39.7836200" lon="-105.2134130">
    <ele>1970.9</ele>
    <time>2026-06-26T00:33:20Z</time>
   </trkpt>
   <trkpt lat="39.7835970" lon="-105.2133990">
    <ele>1970.8</ele>
    <time>2026-06-26T00:33:21Z</time>
   </trkpt>
   <trkpt lat="39.7835440" lon="-105.2133930">
    <ele>1970.7</ele>
    <time>2026-06-26T00:33:22Z</time>
   </trkpt>
   <trkpt lat="39.7835170" lon="-105.2133390">
    <ele>1970.5</ele>
    <time>2026-06-26T00:33:23Z</time>
   </trkpt>
   <trkpt lat="39.7833940" lon="-105.2133580">
    <ele>1970.2</ele>
    <time>2026-06-26T00:33:24Z</time>
   </trkpt>
   <trkpt lat="39.7833320" lon="-105.2133260">
    <ele>1970.0</ele>
    <time>2026-06-26T00:33:25Z</time>
   </trkpt>
   <trkpt lat="39.7832740" lon="-105.2133050">
    <ele>1970.0</ele>
    <time>2026-06-26T00:33:26Z</time>
   </trkpt>
   <trkpt lat="39.7832180" lon="-105.2132850">
    <ele>1970.0</ele>
    <time>2026-06-26T00:33:27Z</time>
   </trkpt>
   <trkpt lat="39.7831620" lon="-105.2132610">
    <ele>1970.0</ele>
    <time>2026-06-26T00:33:28Z</time>
   </trkpt>
   <trkpt lat="39.7831130" lon="-105.2132440">
    <ele>1970.0</ele>
    <time>2026-06-26T00:33:29Z</time>
   </trkpt>
   <trkpt lat="39.7830670" lon="-105.2132400">
    <ele>1970.1</ele>
    <time>2026-06-26T00:33:30Z</time>
   </trkpt>
   <trkpt lat="39.7830220" lon="-105.2132400">
    <ele>1970.0</ele>
    <time>2026-06-26T00:33:31Z</time>
   </trkpt>
   <trkpt lat="39.7829700" lon="-105.2132410">
    <ele>1970.0</ele>
    <time>2026-06-26T00:33:32Z</time>
   </trkpt>
   <trkpt lat="39.7829190" lon="-105.2132380">
    <ele>1969.9</ele>
    <time>2026-06-26T00:33:33Z</time>
   </trkpt>
   <trkpt lat="39.7828650" lon="-105.2132380">
    <ele>1969.8</ele>
    <time>2026-06-26T00:33:34Z</time>
   </trkpt>
   <trkpt lat="39.7828100" lon="-105.2132420">
    <ele>1969.6</ele>
    <time>2026-06-26T00:33:35Z</time>
   </trkpt>
   <trkpt lat="39.7827520" lon="-105.2132520">
    <ele>1969.4</ele>
    <time>2026-06-26T00:33:36Z</time>
   </trkpt>
   <trkpt lat="39.7826930" lon="-105.2132750">
    <ele>1969.2</ele>
    <time>2026-06-26T00:33:37Z</time>
   </trkpt>
   <trkpt lat="39.7826370" lon="-105.2133080">
    <ele>1968.9</ele>
    <time>2026-06-26T00:33:38Z</time>
   </trkpt>
   <trkpt lat="39.7825840" lon="-105.2133480">
    <ele>1968.7</ele>
    <time>2026-06-26T00:33:39Z</time>
   </trkpt>
   <trkpt lat="39.7825340" lon="-105.2133890">
    <ele>1968.5</ele>
    <time>2026-06-26T00:33:40Z</time>
   </trkpt>
   <trkpt lat="39.7824840" lon="-105.2134370">
    <ele>1968.3</ele>
    <time>2026-06-26T00:33:41Z</time>
   </trkpt>
   <trkpt lat="39.7824310" lon="-105.2134860">
    <ele>1968.2</ele>
    <time>2026-06-26T00:33:42Z</time>
   </trkpt>
   <trkpt lat="39.7823850" lon="-105.2135640">
    <ele>1968.0</ele>
    <time>2026-06-26T00:33:43Z</time>
   </trkpt>
   <trkpt lat="39.7823340" lon="-105.2135690">
    <ele>1967.9</ele>
    <time>2026-06-26T00:33:44Z</time>
   </trkpt>
   <trkpt lat="39.7822800" lon="-105.2136110">
    <ele>1967.9</ele>
    <time>2026-06-26T00:33:46Z</time>
   </trkpt>
   <trkpt lat="39.7822180" lon="-105.2136390">
    <ele>1967.8</ele>
    <time>2026-06-26T00:33:47Z</time>
   </trkpt>
   <trkpt lat="39.7821590" lon="-105.2136510">
    <ele>1967.8</ele>
    <time>2026-06-26T00:33:48Z</time>
   </trkpt>
   <trkpt lat="39.7821010" lon="-105.2136690">
    <ele>1967.9</ele>
    <time>2026-06-26T00:33:49Z</time>
   </trkpt>
   <trkpt lat="39.7820460" lon="-105.2136500">
    <ele>1967.9</ele>
    <time>2026-06-26T00:33:50Z</time>
   </trkpt>
   <trkpt lat="39.7820000" lon="-105.2136690">
    <ele>1968.0</ele>
    <time>2026-06-26T00:33:51Z</time>
   </trkpt>
   <trkpt lat="39.7819650" lon="-105.2136990">
    <ele>1968.2</ele>
    <time>2026-06-26T00:33:52Z</time>
   </trkpt>
   <trkpt lat="39.7819630" lon="-105.2137550">
    <ele>1968.3</ele>
    <time>2026-06-26T00:33:53Z</time>
   </trkpt>
   <trkpt lat="39.7819480" lon="-105.2137790">
    <ele>1968.4</ele>
    <time>2026-06-26T00:33:54Z</time>
   </trkpt>
   <trkpt lat="39.7819070" lon="-105.2138210">
    <ele>1968.5</ele>
    <time>2026-06-26T00:33:55Z</time>
   </trkpt>
   <trkpt lat="39.7818650" lon="-105.2138580">
    <ele>1968.7</ele>
    <time>2026-06-26T00:33:56Z</time>
   </trkpt>
   <trkpt lat="39.7818330" lon="-105.2138830">
    <ele>1968.8</ele>
    <time>2026-06-26T00:33:57Z</time>
   </trkpt>
   <trkpt lat="39.7817930" lon="-105.2139040">
    <ele>1968.9</ele>
    <time>2026-06-26T00:33:58Z</time>
   </trkpt>
   <trkpt lat="39.7817630" lon="-105.2139380">
    <ele>1969.0</ele>
    <time>2026-06-26T00:33:59Z</time>
   </trkpt>
   <trkpt lat="39.7817210" lon="-105.2139140">
    <ele>1969.0</ele>
    <time>2026-06-26T00:34:00Z</time>
   </trkpt>
   <trkpt lat="39.7816980" lon="-105.2138560">
    <ele>1969.0</ele>
    <time>2026-06-26T00:34:01Z</time>
   </trkpt>
   <trkpt lat="39.7816470" lon="-105.2138250">
    <ele>1969.1</ele>
    <time>2026-06-26T00:34:02Z</time>
   </trkpt>
   <trkpt lat="39.7816110" lon="-105.2138170">
    <ele>1969.1</ele>
    <time>2026-06-26T00:34:03Z</time>
   </trkpt>
   <trkpt lat="39.7815740" lon="-105.2138070">
    <ele>1969.1</ele>
    <time>2026-06-26T00:34:04Z</time>
   </trkpt>
   <trkpt lat="39.7815710" lon="-105.2137930">
    <ele>1969.1</ele>
    <time>2026-06-26T00:34:05Z</time>
   </trkpt>
   <trkpt lat="39.7815430" lon="-105.2138030">
    <ele>1969.1</ele>
    <time>2026-06-26T00:34:06Z</time>
   </trkpt>
   <trkpt lat="39.7815170" lon="-105.2137900">
    <ele>1969.1</ele>
    <time>2026-06-26T00:34:07Z</time>
   </trkpt>
   <trkpt lat="39.7814850" lon="-105.2137810">
    <ele>1969.1</ele>
    <time>2026-06-26T00:34:08Z</time>
   </trkpt>
   <trkpt lat="39.7814580" lon="-105.2137560">
    <ele>1969.2</ele>
    <time>2026-06-26T00:34:09Z</time>
   </trkpt>
   <trkpt lat="39.7813850" lon="-105.2137390">
    <ele>1969.2</ele>
    <time>2026-06-26T00:34:10Z</time>
   </trkpt>
   <trkpt lat="39.7813330" lon="-105.2137520">
    <ele>1969.3</ele>
    <time>2026-06-26T00:34:11Z</time>
   </trkpt>
   <trkpt lat="39.7813120" lon="-105.2137450">
    <ele>1969.3</ele>
    <time>2026-06-26T00:34:12Z</time>
   </trkpt>
   <trkpt lat="39.7812850" lon="-105.2137460">
    <ele>1969.3</ele>
    <time>2026-06-26T00:34:13Z</time>
   </trkpt>
   <trkpt lat="39.7812360" lon="-105.2137480">
    <ele>1969.3</ele>
    <time>2026-06-26T00:34:14Z</time>
   </trkpt>
   <trkpt lat="39.7812200" lon="-105.2137310">
    <ele>1969.3</ele>
    <time>2026-06-26T00:34:15Z</time>
   </trkpt>
   <trkpt lat="39.7811940" lon="-105.2137590">
    <ele>1969.3</ele>
    <time>2026-06-26T00:34:16Z</time>
   </trkpt>
   <trkpt lat="39.7811670" lon="-105.2137840">
    <ele>1969.3</ele>
    <time>2026-06-26T00:34:17Z</time>
   </trkpt>
   <trkpt lat="39.7811560" lon="-105.2138130">
    <ele>1969.3</ele>
    <time>2026-06-26T00:34:18Z</time>
   </trkpt>
   <trkpt lat="39.7810690" lon="-105.2137900">
    <ele>1969.3</ele>
    <time>2026-06-26T00:34:19Z</time>
   </trkpt>
   <trkpt lat="39.7810700" lon="-105.2138240">
    <ele>1969.4</ele>
    <time>2026-06-26T00:34:20Z</time>
   </trkpt>
   <trkpt lat="39.7810440" lon="-105.2138230">
    <ele>1969.4</ele>
    <time>2026-06-26T00:34:21Z</time>
   </trkpt>
   <trkpt lat="39.7810190" lon="-105.2138600">
    <ele>1969.4</ele>
    <time>2026-06-26T00:34:22Z</time>
   </trkpt>
   <trkpt lat="39.7809700" lon="-105.2138540">
    <ele>1969.5</ele>
    <time>2026-06-26T00:34:23Z</time>
   </trkpt>
   <trkpt lat="39.7809280" lon="-105.2138930">
    <ele>1969.6</ele>
    <time>2026-06-26T00:34:24Z</time>
   </trkpt>
   <trkpt lat="39.7808770" lon="-105.2139080">
    <ele>1969.7</ele>
    <time>2026-06-26T00:34:25Z</time>
   </trkpt>
   <trkpt lat="39.7808430" lon="-105.2139350">
    <ele>1969.8</ele>
    <time>2026-06-26T00:34:26Z</time>
   </trkpt>
   <trkpt lat="39.7807900" lon="-105.2139510">
    <ele>1969.9</ele>
    <time>2026-06-26T00:34:27Z</time>
   </trkpt>
   <trkpt lat="39.7807550" lon="-105.2139790">
    <ele>1970.1</ele>
    <time>2026-06-26T00:34:28Z</time>
   </trkpt>
   <trkpt lat="39.7807280" lon="-105.2139890">
    <ele>1970.1</ele>
    <time>2026-06-26T00:34:29Z</time>
   </trkpt>
   <trkpt lat="39.7806620" lon="-105.2140010">
    <ele>1970.3</ele>
    <time>2026-06-26T00:34:30Z</time>
   </trkpt>
   <trkpt lat="39.7806130" lon="-105.2140270">
    <ele>1970.4</ele>
    <time>2026-06-26T00:34:31Z</time>
   </trkpt>
   <trkpt lat="39.7805800" lon="-105.2140180">
    <ele>1970.5</ele>
    <time>2026-06-26T00:34:32Z</time>
   </trkpt>
   <trkpt lat="39.7802860" lon="-105.2140080">
    <ele>1970.1</ele>
    <time>2026-06-26T00:34:33Z</time>
   </trkpt>
   <trkpt lat="39.7802330" lon="-105.2140200">
    <ele>1969.9</ele>
    <time>2026-06-26T00:34:34Z</time>
   </trkpt>
   <trkpt lat="39.7801800" lon="-105.2140270">
    <ele>1969.6</ele>
    <time>2026-06-26T00:34:35Z</time>
   </trkpt>
   <trkpt lat="39.7801200" lon="-105.2140390">
    <ele>1969.4</ele>
    <time>2026-06-26T00:34:36Z</time>
   </trkpt>
   <trkpt lat="39.7800580" lon="-105.2140350">
    <ele>1969.1</ele>
    <time>2026-06-26T00:34:37Z</time>
   </trkpt>
   <trkpt lat="39.7800020" lon="-105.2140080">
    <ele>1968.8</ele>
    <time>2026-06-26T00:34:38Z</time>
   </trkpt>
   <trkpt lat="39.7799410" lon="-105.2139800">
    <ele>1968.5</ele>
    <time>2026-06-26T00:34:39Z</time>
   </trkpt>
   <trkpt lat="39.7798780" lon="-105.2140060">
    <ele>1968.2</ele>
    <time>2026-06-26T00:34:40Z</time>
   </trkpt>
   <trkpt lat="39.7798190" lon="-105.2139750">
    <ele>1967.9</ele>
    <time>2026-06-26T00:34:41Z</time>
   </trkpt>
   <trkpt lat="39.7797610" lon="-105.2139730">
    <ele>1967.7</ele>
    <time>2026-06-26T00:34:42Z</time>
   </trkpt>
   <trkpt lat="39.7797000" lon="-105.2140030">
    <ele>1967.3</ele>
    <time>2026-06-26T00:34:43Z</time>
   </trkpt>
   <trkpt lat="39.7796490" lon="-105.2140150">
    <ele>1967.0</ele>
    <time>2026-06-26T00:34:44Z</time>
   </trkpt>
   <trkpt lat="39.7795940" lon="-105.2140180">
    <ele>1966.6</ele>
    <time>2026-06-26T00:34:45Z</time>
   </trkpt>
   <trkpt lat="39.7795370" lon="-105.2140850">
    <ele>1966.0</ele>
    <time>2026-06-26T00:34:46Z</time>
   </trkpt>
   <trkpt lat="39.7794610" lon="-105.2140560">
    <ele>1965.3</ele>
    <time>2026-06-26T00:34:47Z</time>
   </trkpt>
   <trkpt lat="39.7793980" lon="-105.2139880">
    <ele>1964.6</ele>
    <time>2026-06-26T00:34:48Z</time>
   </trkpt>
   <trkpt lat="39.7793490" lon="-105.2139340">
    <ele>1964.0</ele>
    <time>2026-06-26T00:34:49Z</time>
   </trkpt>
   <trkpt lat="39.7792750" lon="-105.2139390">
    <ele>1963.3</ele>
    <time>2026-06-26T00:34:50Z</time>
   </trkpt>
   <trkpt lat="39.7792050" lon="-105.2139180">
    <ele>1962.8</ele>
    <time>2026-06-26T00:34:51Z</time>
   </trkpt>
   <trkpt lat="39.7791340" lon="-105.2139290">
    <ele>1962.2</ele>
    <time>2026-06-26T00:34:52Z</time>
   </trkpt>
   <trkpt lat="39.7790610" lon="-105.2139500">
    <ele>1961.6</ele>
    <time>2026-06-26T00:34:53Z</time>
   </trkpt>
   <trkpt lat="39.7789840" lon="-105.2139570">
    <ele>1961.1</ele>
    <time>2026-06-26T00:34:54Z</time>
   </trkpt>
   <trkpt lat="39.7789010" lon="-105.2139440">
    <ele>1960.6</ele>
    <time>2026-06-26T00:34:55Z</time>
   </trkpt>
   <trkpt lat="39.7788160" lon="-105.2139350">
    <ele>1960.4</ele>
    <time>2026-06-26T00:34:56Z</time>
   </trkpt>
   <trkpt lat="39.7787400" lon="-105.2139290">
    <ele>1960.3</ele>
    <time>2026-06-26T00:34:57Z</time>
   </trkpt>
   <trkpt lat="39.7786700" lon="-105.2139200">
    <ele>1960.3</ele>
    <time>2026-06-26T00:34:58Z</time>
   </trkpt>
   <trkpt lat="39.7786080" lon="-105.2139280">
    <ele>1960.3</ele>
    <time>2026-06-26T00:34:59Z</time>
   </trkpt>
   <trkpt lat="39.7785430" lon="-105.2139280">
    <ele>1960.3</ele>
    <time>2026-06-26T00:35:00Z</time>
   </trkpt>
   <trkpt lat="39.7784800" lon="-105.2139140">
    <ele>1960.3</ele>
    <time>2026-06-26T00:35:01Z</time>
   </trkpt>
   <trkpt lat="39.7784230" lon="-105.2139000">
    <ele>1960.2</ele>
    <time>2026-06-26T00:35:02Z</time>
   </trkpt>
   <trkpt lat="39.7783520" lon="-105.2138990">
    <ele>1960.2</ele>
    <time>2026-06-26T00:35:03Z</time>
   </trkpt>
   <trkpt lat="39.7782840" lon="-105.2138960">
    <ele>1960.0</ele>
    <time>2026-06-26T00:35:04Z</time>
   </trkpt>
   <trkpt lat="39.7782240" lon="-105.2138750">
    <ele>1959.9</ele>
    <time>2026-06-26T00:35:05Z</time>
   </trkpt>
   <trkpt lat="39.7781590" lon="-105.2138600">
    <ele>1959.8</ele>
    <time>2026-06-26T00:35:06Z</time>
   </trkpt>
   <trkpt lat="39.7780920" lon="-105.2138600">
    <ele>1959.8</ele>
    <time>2026-06-26T00:35:07Z</time>
   </trkpt>
   <trkpt lat="39.7780280" lon="-105.2138750">
    <ele>1959.9</ele>
    <time>2026-06-26T00:35:08Z</time>
   </trkpt>
   <trkpt lat="39.7779710" lon="-105.2138990">
    <ele>1960.0</ele>
    <time>2026-06-26T00:35:09Z</time>
   </trkpt>
   <trkpt lat="39.7779370" lon="-105.2139000">
    <ele>1960.1</ele>
    <time>2026-06-26T00:35:10Z</time>
   </trkpt>
   <trkpt lat="39.7779090" lon="-105.2140340">
    <ele>1960.7</ele>
    <time>2026-06-26T00:35:11Z</time>
   </trkpt>
   <trkpt lat="39.7779070" lon="-105.2141170">
    <ele>1961.1</ele>
    <time>2026-06-26T00:35:12Z</time>
   </trkpt>
   <trkpt lat="39.7778940" lon="-105.2141820">
    <ele>1961.4</ele>
    <time>2026-06-26T00:35:13Z</time>
   </trkpt>
   <trkpt lat="39.7778790" lon="-105.2142450">
    <ele>1961.7</ele>
    <time>2026-06-26T00:35:14Z</time>
   </trkpt>
   <trkpt lat="39.7778630" lon="-105.2143030">
    <ele>1962.1</ele>
    <time>2026-06-26T00:35:15Z</time>
   </trkpt>
   <trkpt lat="39.7778450" lon="-105.2143670">
    <ele>1962.5</ele>
    <time>2026-06-26T00:35:16Z</time>
   </trkpt>
   <trkpt lat="39.7778340" lon="-105.2144270">
    <ele>1962.8</ele>
    <time>2026-06-26T00:35:17Z</time>
   </trkpt>
   <trkpt lat="39.7778470" lon="-105.2144350">
    <ele>1963.0</ele>
    <time>2026-06-26T00:35:18Z</time>
   </trkpt>
   <trkpt lat="39.7778390" lon="-105.2144600">
    <ele>1963.2</ele>
    <time>2026-06-26T00:35:19Z</time>
   </trkpt>
   <trkpt lat="39.7778080" lon="-105.2145410">
    <ele>1963.8</ele>
    <time>2026-06-26T00:35:20Z</time>
   </trkpt>
   <trkpt lat="39.7777930" lon="-105.2145480">
    <ele>1964.0</ele>
    <time>2026-06-26T00:35:21Z</time>
   </trkpt>
   <trkpt lat="39.7777810" lon="-105.2145780">
    <ele>1964.2</ele>
    <time>2026-06-26T00:35:22Z</time>
   </trkpt>
   <trkpt lat="39.7777750" lon="-105.2146160">
    <ele>1964.5</ele>
    <time>2026-06-26T00:35:23Z</time>
   </trkpt>
   <trkpt lat="39.7777680" lon="-105.2146540">
    <ele>1964.7</ele>
    <time>2026-06-26T00:35:24Z</time>
   </trkpt>
   <trkpt lat="39.7777520" lon="-105.2146910">
    <ele>1965.0</ele>
    <time>2026-06-26T00:35:25Z</time>
   </trkpt>
   <trkpt lat="39.7777400" lon="-105.2147270">
    <ele>1965.2</ele>
    <time>2026-06-26T00:35:26Z</time>
   </trkpt>
   <trkpt lat="39.7777340" lon="-105.2147630">
    <ele>1965.5</ele>
    <time>2026-06-26T00:35:27Z</time>
   </trkpt>
   <trkpt lat="39.7777310" lon="-105.2147970">
    <ele>1965.7</ele>
    <time>2026-06-26T00:35:28Z</time>
   </trkpt>
   <trkpt lat="39.7777160" lon="-105.2148310">
    <ele>1966.0</ele>
    <time>2026-06-26T00:35:29Z</time>
   </trkpt>
   <trkpt lat="39.7777080" lon="-105.2148610">
    <ele>1966.3</ele>
    <time>2026-06-26T00:35:30Z</time>
   </trkpt>
   <trkpt lat="39.7776980" lon="-105.2148860">
    <ele>1966.5</ele>
    <time>2026-06-26T00:35:31Z</time>
   </trkpt>
   <trkpt lat="39.7776900" lon="-105.2149080">
    <ele>1966.7</ele>
    <time>2026-06-26T00:35:32Z</time>
   </trkpt>
   <trkpt lat="39.7776850" lon="-105.2149340">
    <ele>1967.0</ele>
    <time>2026-06-26T00:35:33Z</time>
   </trkpt>
   <trkpt lat="39.7776860" lon="-105.2149610">
    <ele>1967.2</ele>
    <time>2026-06-26T00:35:34Z</time>
   </trkpt>
   <trkpt lat="39.7776910" lon="-105.2149850">
    <ele>1967.4</ele>
    <time>2026-06-26T00:35:35Z</time>
   </trkpt>
   <trkpt lat="39.7776910" lon="-105.2150080">
    <ele>1967.5</ele>
    <time>2026-06-26T00:35:36Z</time>
   </trkpt>
   <trkpt lat="39.7776950" lon="-105.2150540">
    <ele>1967.8</ele>
    <time>2026-06-26T00:35:37Z</time>
   </trkpt>
   <trkpt lat="39.7776800" lon="-105.2151170">
    <ele>1968.1</ele>
    <time>2026-06-26T00:35:38Z</time>
   </trkpt>
   <trkpt lat="39.7776620" lon="-105.2151540">
    <ele>1968.2</ele>
    <time>2026-06-26T00:35:39Z</time>
   </trkpt>
   <trkpt lat="39.7776540" lon="-105.2152030">
    <ele>1968.3</ele>
    <time>2026-06-26T00:35:40Z</time>
   </trkpt>
   <trkpt lat="39.7776530" lon="-105.2152250">
    <ele>1968.3</ele>
    <time>2026-06-26T00:35:41Z</time>
   </trkpt>
   <trkpt lat="39.7776560" lon="-105.2152580">
    <ele>1968.4</ele>
    <time>2026-06-26T00:35:42Z</time>
   </trkpt>
   <trkpt lat="39.7776470" lon="-105.2152870">
    <ele>1968.4</ele>
    <time>2026-06-26T00:35:43Z</time>
   </trkpt>
   <trkpt lat="39.7776430" lon="-105.2153100">
    <ele>1968.4</ele>
    <time>2026-06-26T00:35:44Z</time>
   </trkpt>
   <trkpt lat="39.7776410" lon="-105.2153390">
    <ele>1968.4</ele>
    <time>2026-06-26T00:35:45Z</time>
   </trkpt>
   <trkpt lat="39.7776390" lon="-105.2153730">
    <ele>1968.4</ele>
    <time>2026-06-26T00:35:46Z</time>
   </trkpt>
   <trkpt lat="39.7776250" lon="-105.2154130">
    <ele>1968.4</ele>
    <time>2026-06-26T00:35:47Z</time>
   </trkpt>
   <trkpt lat="39.7776280" lon="-105.2154560">
    <ele>1968.4</ele>
    <time>2026-06-26T00:35:48Z</time>
   </trkpt>
   <trkpt lat="39.7776230" lon="-105.2154950">
    <ele>1968.4</ele>
    <time>2026-06-26T00:35:49Z</time>
   </trkpt>
   <trkpt lat="39.7776180" lon="-105.2155320">
    <ele>1968.4</ele>
    <time>2026-06-26T00:35:50Z</time>
   </trkpt>
   <trkpt lat="39.7776090" lon="-105.2155700">
    <ele>1968.4</ele>
    <time>2026-06-26T00:35:52Z</time>
   </trkpt>
   <trkpt lat="39.7776090" lon="-105.2156110">
    <ele>1968.4</ele>
    <time>2026-06-26T00:35:53Z</time>
   </trkpt>
   <trkpt lat="39.7775970" lon="-105.2156520">
    <ele>1968.4</ele>
    <time>2026-06-26T00:35:54Z</time>
   </trkpt>
   <trkpt lat="39.7776000" lon="-105.2156990">
    <ele>1968.3</ele>
    <time>2026-06-26T00:35:55Z</time>
   </trkpt>
   <trkpt lat="39.7775970" lon="-105.2157450">
    <ele>1968.3</ele>
    <time>2026-06-26T00:35:56Z</time>
   </trkpt>
   <trkpt lat="39.7775910" lon="-105.2157710">
    <ele>1968.2</ele>
    <time>2026-06-26T00:35:57Z</time>
   </trkpt>
   <trkpt lat="39.7776050" lon="-105.2158470">
    <ele>1968.1</ele>
    <time>2026-06-26T00:35:58Z</time>
   </trkpt>
   <trkpt lat="39.7776090" lon="-105.2158960">
    <ele>1968.0</ele>
    <time>2026-06-26T00:35:59Z</time>
   </trkpt>
   <trkpt lat="39.7776040" lon="-105.2159430">
    <ele>1967.9</ele>
    <time>2026-06-26T00:36:00Z</time>
   </trkpt>
   <trkpt lat="39.7776040" lon="-105.2160170">
    <ele>1968.0</ele>
    <time>2026-06-26T00:36:01Z</time>
   </trkpt>
   <trkpt lat="39.7775990" lon="-105.2160760">
    <ele>1968.1</ele>
    <time>2026-06-26T00:36:02Z</time>
   </trkpt>
   <trkpt lat="39.7775950" lon="-105.2161070">
    <ele>1968.2</ele>
    <time>2026-06-26T00:36:03Z</time>
   </trkpt>
   <trkpt lat="39.7775920" lon="-105.2161620">
    <ele>1968.4</ele>
    <time>2026-06-26T00:36:04Z</time>
   </trkpt>
   <trkpt lat="39.7775860" lon="-105.2161910">
    <ele>1968.5</ele>
    <time>2026-06-26T00:36:05Z</time>
   </trkpt>
   <trkpt lat="39.7775870" lon="-105.2162320">
    <ele>1968.6</ele>
    <time>2026-06-26T00:36:06Z</time>
   </trkpt>
   <trkpt lat="39.7775800" lon="-105.2162700">
    <ele>1968.8</ele>
    <time>2026-06-26T00:36:07Z</time>
   </trkpt>
   <trkpt lat="39.7775750" lon="-105.2163020">
    <ele>1968.9</ele>
    <time>2026-06-26T00:36:08Z</time>
   </trkpt>
   <trkpt lat="39.7775700" lon="-105.2163360">
    <ele>1969.0</ele>
    <time>2026-06-26T00:36:09Z</time>
   </trkpt>
   <trkpt lat="39.7775700" lon="-105.2163870">
    <ele>1969.2</ele>
    <time>2026-06-26T00:36:10Z</time>
   </trkpt>
   <trkpt lat="39.7775610" lon="-105.2164140">
    <ele>1969.3</ele>
    <time>2026-06-26T00:36:11Z</time>
   </trkpt>
   <trkpt lat="39.7775430" lon="-105.2164850">
    <ele>1969.5</ele>
    <time>2026-06-26T00:36:12Z</time>
   </trkpt>
   <trkpt lat="39.7775390" lon="-105.2165100">
    <ele>1969.6</ele>
    <time>2026-06-26T00:36:13Z</time>
   </trkpt>
   <trkpt lat="39.7775280" lon="-105.2165610">
    <ele>1969.8</ele>
    <time>2026-06-26T00:36:14Z</time>
   </trkpt>
   <trkpt lat="39.7775250" lon="-105.2165830">
    <ele>1969.8</ele>
    <time>2026-06-26T00:36:15Z</time>
   </trkpt>
   <trkpt lat="39.7775060" lon="-105.2166360">
    <ele>1970.0</ele>
    <time>2026-06-26T00:36:16Z</time>
   </trkpt>
   <trkpt lat="39.7775000" lon="-105.2166590">
    <ele>1970.0</ele>
    <time>2026-06-26T00:36:17Z</time>
   </trkpt>
   <trkpt lat="39.7774820" lon="-105.2167110">
    <ele>1970.2</ele>
    <time>2026-06-26T00:36:18Z</time>
   </trkpt>
   <trkpt lat="39.7774760" lon="-105.2167330">
    <ele>1970.2</ele>
    <time>2026-06-26T00:36:19Z</time>
   </trkpt>
   <trkpt lat="39.7774730" lon="-105.2167610">
    <ele>1970.3</ele>
    <time>2026-06-26T00:36:20Z</time>
   </trkpt>
   <trkpt lat="39.7774540" lon="-105.2168090">
    <ele>1970.4</ele>
    <time>2026-06-26T00:36:21Z</time>
   </trkpt>
   <trkpt lat="39.7774490" lon="-105.2168490">
    <ele>1970.5</ele>
    <time>2026-06-26T00:36:22Z</time>
   </trkpt>
   <trkpt lat="39.7774370" lon="-105.2168890">
    <ele>1970.5</ele>
    <time>2026-06-26T00:36:23Z</time>
   </trkpt>
   <trkpt lat="39.7774040" lon="-105.2169430">
    <ele>1970.6</ele>
    <time>2026-06-26T00:36:24Z</time>
   </trkpt>
   <trkpt lat="39.7773970" lon="-105.2169680">
    <ele>1970.7</ele>
    <time>2026-06-26T00:36:25Z</time>
   </trkpt>
   <trkpt lat="39.7773870" lon="-105.2170070">
    <ele>1970.7</ele>
    <time>2026-06-26T00:36:26Z</time>
   </trkpt>
   <trkpt lat="39.7773600" lon="-105.2170600">
    <ele>1970.7</ele>
    <time>2026-06-26T00:36:27Z</time>
   </trkpt>
   <trkpt lat="39.7773330" lon="-105.2171120">
    <ele>1970.8</ele>
    <time>2026-06-26T00:36:28Z</time>
   </trkpt>
   <trkpt lat="39.7773070" lon="-105.2171700">
    <ele>1970.8</ele>
    <time>2026-06-26T00:36:29Z</time>
   </trkpt>
   <trkpt lat="39.7772910" lon="-105.2171920">
    <ele>1970.8</ele>
    <time>2026-06-26T00:36:30Z</time>
   </trkpt>
   <trkpt lat="39.7772660" lon="-105.2172440">
    <ele>1970.8</ele>
    <time>2026-06-26T00:36:31Z</time>
   </trkpt>
   <trkpt lat="39.7772400" lon="-105.2172810">
    <ele>1970.7</ele>
    <time>2026-06-26T00:36:32Z</time>
   </trkpt>
   <trkpt lat="39.7772210" lon="-105.2173250">
    <ele>1970.7</ele>
    <time>2026-06-26T00:36:33Z</time>
   </trkpt>
   <trkpt lat="39.7771990" lon="-105.2173720">
    <ele>1970.6</ele>
    <time>2026-06-26T00:36:34Z</time>
   </trkpt>
   <trkpt lat="39.7771630" lon="-105.2174040">
    <ele>1970.5</ele>
    <time>2026-06-26T00:36:35Z</time>
   </trkpt>
   <trkpt lat="39.7771430" lon="-105.2174200">
    <ele>1970.5</ele>
    <time>2026-06-26T00:36:36Z</time>
   </trkpt>
   <trkpt lat="39.7771210" lon="-105.2174600">
    <ele>1970.4</ele>
    <time>2026-06-26T00:36:37Z</time>
   </trkpt>
   <trkpt lat="39.7770920" lon="-105.2175140">
    <ele>1970.3</ele>
    <time>2026-06-26T00:36:38Z</time>
   </trkpt>
   <trkpt lat="39.7770440" lon="-105.2175420">
    <ele>1970.2</ele>
    <time>2026-06-26T00:36:39Z</time>
   </trkpt>
   <trkpt lat="39.7770290" lon="-105.2175590">
    <ele>1970.2</ele>
    <time>2026-06-26T00:36:40Z</time>
   </trkpt>
   <trkpt lat="39.7769700" lon="-105.2176240">
    <ele>1970.0</ele>
    <time>2026-06-26T00:36:41Z</time>
   </trkpt>
   <trkpt lat="39.7769160" lon="-105.2176820">
    <ele>1969.9</ele>
    <time>2026-06-26T00:36:42Z</time>
   </trkpt>
   <trkpt lat="39.7768580" lon="-105.2177320">
    <ele>1969.8</ele>
    <time>2026-06-26T00:36:43Z</time>
   </trkpt>
   <trkpt lat="39.7768110" lon="-105.2177870">
    <ele>1969.7</ele>
    <time>2026-06-26T00:36:44Z</time>
   </trkpt>
   <trkpt lat="39.7767620" lon="-105.2178320">
    <ele>1969.8</ele>
    <time>2026-06-26T00:36:45Z</time>
   </trkpt>
   <trkpt lat="39.7767200" lon="-105.2178830">
    <ele>1969.8</ele>
    <time>2026-06-26T00:36:46Z</time>
   </trkpt>
   <trkpt lat="39.7766930" lon="-105.2179330">
    <ele>1969.9</ele>
    <time>2026-06-26T00:36:47Z</time>
   </trkpt>
   <trkpt lat="39.7766570" lon="-105.2179750">
    <ele>1970.0</ele>
    <time>2026-06-26T00:36:48Z</time>
   </trkpt>
   <trkpt lat="39.7766220" lon="-105.2180240">
    <ele>1970.1</ele>
    <time>2026-06-26T00:36:49Z</time>
   </trkpt>
   <trkpt lat="39.7765970" lon="-105.2180730">
    <ele>1970.3</ele>
    <time>2026-06-26T00:36:50Z</time>
   </trkpt>
   <trkpt lat="39.7765870" lon="-105.2181100">
    <ele>1970.4</ele>
    <time>2026-06-26T00:36:51Z</time>
   </trkpt>
   <trkpt lat="39.7765760" lon="-105.2181460">
    <ele>1970.5</ele>
    <time>2026-06-26T00:36:52Z</time>
   </trkpt>
   <trkpt lat="39.7765760" lon="-105.2181740">
    <ele>1970.5</ele>
    <time>2026-06-26T00:36:53Z</time>
   </trkpt>
   <trkpt lat="39.7765550" lon="-105.2182200">
    <ele>1970.7</ele>
    <time>2026-06-26T00:36:54Z</time>
   </trkpt>
   <trkpt lat="39.7765530" lon="-105.2182620">
    <ele>1970.8</ele>
    <time>2026-06-26T00:36:55Z</time>
   </trkpt>
   <trkpt lat="39.7765350" lon="-105.2182790">
    <ele>1970.9</ele>
    <time>2026-06-26T00:36:56Z</time>
   </trkpt>
   <trkpt lat="39.7765550" lon="-105.2183240">
    <ele>1971.1</ele>
    <time>2026-06-26T00:36:57Z</time>
   </trkpt>
   <trkpt lat="39.7765480" lon="-105.2183500">
    <ele>1971.2</ele>
    <time>2026-06-26T00:36:58Z</time>
   </trkpt>
   <trkpt lat="39.7765270" lon="-105.2183710">
    <ele>1971.3</ele>
    <time>2026-06-26T00:36:59Z</time>
   </trkpt>
   <trkpt lat="39.7765320" lon="-105.2184100">
    <ele>1971.4</ele>
    <time>2026-06-26T00:37:00Z</time>
   </trkpt>
   <trkpt lat="39.7765330" lon="-105.2184370">
    <ele>1971.5</ele>
    <time>2026-06-26T00:37:01Z</time>
   </trkpt>
   <trkpt lat="39.7765510" lon="-105.2184740">
    <ele>1971.7</ele>
    <time>2026-06-26T00:37:02Z</time>
   </trkpt>
   <trkpt lat="39.7765460" lon="-105.2185030">
    <ele>1971.8</ele>
    <time>2026-06-26T00:37:03Z</time>
   </trkpt>
   <trkpt lat="39.7765480" lon="-105.2185390">
    <ele>1971.9</ele>
    <time>2026-06-26T00:37:04Z</time>
   </trkpt>
   <trkpt lat="39.7765410" lon="-105.2185940">
    <ele>1972.0</ele>
    <time>2026-06-26T00:37:05Z</time>
   </trkpt>
   <trkpt lat="39.7765520" lon="-105.2186360">
    <ele>1972.2</ele>
    <time>2026-06-26T00:37:06Z</time>
   </trkpt>
   <trkpt lat="39.7765500" lon="-105.2186780">
    <ele>1972.3</ele>
    <time>2026-06-26T00:37:07Z</time>
   </trkpt>
   <trkpt lat="39.7765470" lon="-105.2187200">
    <ele>1972.4</ele>
    <time>2026-06-26T00:37:08Z</time>
   </trkpt>
   <trkpt lat="39.7765420" lon="-105.2187510">
    <ele>1972.4</ele>
    <time>2026-06-26T00:37:09Z</time>
   </trkpt>
   <trkpt lat="39.7765040" lon="-105.2187980">
    <ele>1972.5</ele>
    <time>2026-06-26T00:37:10Z</time>
   </trkpt>
   <trkpt lat="39.7764920" lon="-105.2188430">
    <ele>1972.6</ele>
    <time>2026-06-26T00:37:11Z</time>
   </trkpt>
   <trkpt lat="39.7764870" lon="-105.2189020">
    <ele>1972.6</ele>
    <time>2026-06-26T00:37:12Z</time>
   </trkpt>
   <trkpt lat="39.7764720" lon="-105.2189350">
    <ele>1972.6</ele>
    <time>2026-06-26T00:37:13Z</time>
   </trkpt>
   <trkpt lat="39.7764500" lon="-105.2189820">
    <ele>1972.5</ele>
    <time>2026-06-26T00:37:14Z</time>
   </trkpt>
   <trkpt lat="39.7765240" lon="-105.2190730">
    <ele>1972.3</ele>
    <time>2026-06-26T00:37:15Z</time>
   </trkpt>
   <trkpt lat="39.7764960" lon="-105.2191030">
    <ele>1972.1</ele>
    <time>2026-06-26T00:37:16Z</time>
   </trkpt>
   <trkpt lat="39.7764920" lon="-105.2191670">
    <ele>1972.0</ele>
    <time>2026-06-26T00:37:17Z</time>
   </trkpt>
   <trkpt lat="39.7764560" lon="-105.2193080">
    <ele>1971.7</ele>
    <time>2026-06-26T00:37:18Z</time>
   </trkpt>
   <trkpt lat="39.7764370" lon="-105.2194090">
    <ele>1971.7</ele>
    <time>2026-06-26T00:37:19Z</time>
   </trkpt>
   <trkpt lat="39.7764130" lon="-105.2195260">
    <ele>1971.7</ele>
    <time>2026-06-26T00:37:20Z</time>
   </trkpt>
   <trkpt lat="39.7763890" lon="-105.2196110">
    <ele>1971.8</ele>
    <time>2026-06-26T00:37:21Z</time>
   </trkpt>
   <trkpt lat="39.7763790" lon="-105.2196960">
    <ele>1972.0</ele>
    <time>2026-06-26T00:37:22Z</time>
   </trkpt>
   <trkpt lat="39.7763630" lon="-105.2197600">
    <ele>1972.2</ele>
    <time>2026-06-26T00:37:23Z</time>
   </trkpt>
   <trkpt lat="39.7763740" lon="-105.2197990">
    <ele>1972.3</ele>
    <time>2026-06-26T00:37:24Z</time>
   </trkpt>
   <trkpt lat="39.7763710" lon="-105.2198290">
    <ele>1972.4</ele>
    <time>2026-06-26T00:37:25Z</time>
   </trkpt>
   <trkpt lat="39.7763600" lon="-105.2198710">
    <ele>1972.5</ele>
    <time>2026-06-26T00:37:26Z</time>
   </trkpt>
   <trkpt lat="39.7763590" lon="-105.2199310">
    <ele>1972.7</ele>
    <time>2026-06-26T00:37:27Z</time>
   </trkpt>
   <trkpt lat="39.7763580" lon="-105.2199680">
    <ele>1972.9</ele>
    <time>2026-06-26T00:37:28Z</time>
   </trkpt>
   <trkpt lat="39.7763620" lon="-105.2200170">
    <ele>1973.0</ele>
    <time>2026-06-26T00:37:29Z</time>
   </trkpt>
   <trkpt lat="39.7763560" lon="-105.2200820">
    <ele>1973.3</ele>
    <time>2026-06-26T00:37:30Z</time>
   </trkpt>
   <trkpt lat="39.7763590" lon="-105.2201100">
    <ele>1973.4</ele>
    <time>2026-06-26T00:37:31Z</time>
   </trkpt>
   <trkpt lat="39.7763550" lon="-105.2201610">
    <ele>1973.5</ele>
    <time>2026-06-26T00:37:32Z</time>
   </trkpt>
   <trkpt lat="39.7763560" lon="-105.2201890">
    <ele>1973.6</ele>
    <time>2026-06-26T00:37:33Z</time>
   </trkpt>
   <trkpt lat="39.7763590" lon="-105.2202110">
    <ele>1973.7</ele>
    <time>2026-06-26T00:37:34Z</time>
   </trkpt>
   <trkpt lat="39.7763660" lon="-105.2202460">
    <ele>1973.8</ele>
    <time>2026-06-26T00:37:35Z</time>
   </trkpt>
   <trkpt lat="39.7763670" lon="-105.2202850">
    <ele>1973.8</ele>
    <time>2026-06-26T00:37:36Z</time>
   </trkpt>
   <trkpt lat="39.7763740" lon="-105.2203240">
    <ele>1973.9</ele>
    <time>2026-06-26T00:37:37Z</time>
   </trkpt>
   <trkpt lat="39.7763760" lon="-105.2203480">
    <ele>1973.9</ele>
    <time>2026-06-26T00:37:38Z</time>
   </trkpt>
   <trkpt lat="39.7763770" lon="-105.2203780">
    <ele>1974.0</ele>
    <time>2026-06-26T00:37:39Z</time>
   </trkpt>
   <trkpt lat="39.7763580" lon="-105.2204260">
    <ele>1974.1</ele>
    <time>2026-06-26T00:37:40Z</time>
   </trkpt>
   <trkpt lat="39.7763400" lon="-105.2206110">
    <ele>1974.3</ele>
    <time>2026-06-26T00:37:41Z</time>
   </trkpt>
   <trkpt lat="39.7763400" lon="-105.2206850">
    <ele>1974.3</ele>
    <time>2026-06-26T00:37:42Z</time>
   </trkpt>
   <trkpt lat="39.7763430" lon="-105.2207750">
    <ele>1974.4</ele>
    <time>2026-06-26T00:37:43Z</time>
   </trkpt>
   <trkpt lat="39.7763480" lon="-105.2208450">
    <ele>1974.4</ele>
    <time>2026-06-26T00:37:44Z</time>
   </trkpt>
   <trkpt lat="39.7763560" lon="-105.2209140">
    <ele>1974.5</ele>
    <time>2026-06-26T00:37:45Z</time>
   </trkpt>
   <trkpt lat="39.7763640" lon="-105.2209810">
    <ele>1974.5</ele>
    <time>2026-06-26T00:37:46Z</time>
   </trkpt>
   <trkpt lat="39.7763730" lon="-105.2210460">
    <ele>1974.6</ele>
    <time>2026-06-26T00:37:47Z</time>
   </trkpt>
   <trkpt lat="39.7763780" lon="-105.2211100">
    <ele>1974.6</ele>
    <time>2026-06-26T00:37:48Z</time>
   </trkpt>
   <trkpt lat="39.7763840" lon="-105.2211680">
    <ele>1974.6</ele>
    <time>2026-06-26T00:37:49Z</time>
   </trkpt>
   <trkpt lat="39.7763920" lon="-105.2212280">
    <ele>1974.6</ele>
    <time>2026-06-26T00:37:50Z</time>
   </trkpt>
   <trkpt lat="39.7764010" lon="-105.2212870">
    <ele>1974.6</ele>
    <time>2026-06-26T00:37:51Z</time>
   </trkpt>
   <trkpt lat="39.7764060" lon="-105.2213450">
    <ele>1974.6</ele>
    <time>2026-06-26T00:37:52Z</time>
   </trkpt>
   <trkpt lat="39.7764110" lon="-105.2214040">
    <ele>1974.6</ele>
    <time>2026-06-26T00:37:53Z</time>
   </trkpt>
   <trkpt lat="39.7764150" lon="-105.2214650">
    <ele>1974.5</ele>
    <time>2026-06-26T00:37:54Z</time>
   </trkpt>
   <trkpt lat="39.7764170" lon="-105.2215240">
    <ele>1974.5</ele>
    <time>2026-06-26T00:37:55Z</time>
   </trkpt>
   <trkpt lat="39.7764170" lon="-105.2215820">
    <ele>1974.4</ele>
    <time>2026-06-26T00:37:56Z</time>
   </trkpt>
   <trkpt lat="39.7764150" lon="-105.2216410">
    <ele>1974.4</ele>
    <time>2026-06-26T00:37:58Z</time>
   </trkpt>
   <trkpt lat="39.7764150" lon="-105.2217070">
    <ele>1974.3</ele>
    <time>2026-06-26T00:37:59Z</time>
   </trkpt>
   <trkpt lat="39.7764190" lon="-105.2217680">
    <ele>1974.3</ele>
    <time>2026-06-26T00:38:00Z</time>
   </trkpt>
   <trkpt lat="39.7764260" lon="-105.2218290">
    <ele>1974.2</ele>
    <time>2026-06-26T00:38:01Z</time>
   </trkpt>
   <trkpt lat="39.7764170" lon="-105.2218830">
    <ele>1974.1</ele>
    <time>2026-06-26T00:38:02Z</time>
   </trkpt>
   <trkpt lat="39.7764130" lon="-105.2219470">
    <ele>1974.1</ele>
    <time>2026-06-26T00:38:03Z</time>
   </trkpt>
   <trkpt lat="39.7764060" lon="-105.2220030">
    <ele>1974.0</ele>
    <time>2026-06-26T00:38:04Z</time>
   </trkpt>
   <trkpt lat="39.7764110" lon="-105.2220580">
    <ele>1973.9</ele>
    <time>2026-06-26T00:38:05Z</time>
   </trkpt>
   <trkpt lat="39.7764020" lon="-105.2221200">
    <ele>1973.8</ele>
    <time>2026-06-26T00:38:06Z</time>
   </trkpt>
   <trkpt lat="39.7763960" lon="-105.2221810">
    <ele>1973.8</ele>
    <time>2026-06-26T00:38:07Z</time>
   </trkpt>
   <trkpt lat="39.7763960" lon="-105.2222380">
    <ele>1973.7</ele>
    <time>2026-06-26T00:38:08Z</time>
   </trkpt>
   <trkpt lat="39.7763860" lon="-105.2222910">
    <ele>1973.6</ele>
    <time>2026-06-26T00:38:09Z</time>
   </trkpt>
   <trkpt lat="39.7763600" lon="-105.2223320">
    <ele>1973.6</ele>
    <time>2026-06-26T00:38:10Z</time>
   </trkpt>
   <trkpt lat="39.7763160" lon="-105.2223480">
    <ele>1973.7</ele>
    <time>2026-06-26T00:38:11Z</time>
   </trkpt>
   <trkpt lat="39.7762790" lon="-105.2223520">
    <ele>1973.8</ele>
    <time>2026-06-26T00:38:12Z</time>
   </trkpt>
   <trkpt lat="39.7762500" lon="-105.2223560">
    <ele>1973.8</ele>
    <time>2026-06-26T00:38:13Z</time>
   </trkpt>
   <trkpt lat="39.7762200" lon="-105.2223660">
    <ele>1973.8</ele>
    <time>2026-06-26T00:38:14Z</time>
   </trkpt>
   <trkpt lat="39.7761980" lon="-105.2223660">
    <ele>1973.8</ele>
    <time>2026-06-26T00:38:15Z</time>
   </trkpt>
   <trkpt lat="39.7761460" lon="-105.2223550">
    <ele>1973.9</ele>
    <time>2026-06-26T00:38:16Z</time>
   </trkpt>
   <trkpt lat="39.7761120" lon="-105.2223560">
    <ele>1973.9</ele>
    <time>2026-06-26T00:38:17Z</time>
   </trkpt>
   <trkpt lat="39.7760800" lon="-105.2223540">
    <ele>1973.9</ele>
    <time>2026-06-26T00:38:18Z</time>
   </trkpt>
   <trkpt lat="39.7760500" lon="-105.2223460">
    <ele>1974.0</ele>
    <time>2026-06-26T00:38:19Z</time>
   </trkpt>
   <trkpt lat="39.7760130" lon="-105.2223490">
    <ele>1974.0</ele>
    <time>2026-06-26T00:38:20Z</time>
   </trkpt>
   <trkpt lat="39.7759810" lon="-105.2223580">
    <ele>1974.0</ele>
    <time>2026-06-26T00:38:21Z</time>
   </trkpt>
   <trkpt lat="39.7759530" lon="-105.2223690">
    <ele>1974.0</ele>
    <time>2026-06-26T00:38:22Z</time>
   </trkpt>
   <trkpt lat="39.7759270" lon="-105.2223750">
    <ele>1974.1</ele>
    <time>2026-06-26T00:38:23Z</time>
   </trkpt>
   <trkpt lat="39.7759020" lon="-105.2223780">
    <ele>1974.1</ele>
    <time>2026-06-26T00:38:24Z</time>
   </trkpt>
   <trkpt lat="39.7758800" lon="-105.2223880">
    <ele>1974.1</ele>
    <time>2026-06-26T00:38:25Z</time>
   </trkpt>
   <trkpt lat="39.7758630" lon="-105.2223930">
    <ele>1974.1</ele>
    <time>2026-06-26T00:38:26Z</time>
   </trkpt>
   <trkpt lat="39.7758350" lon="-105.2224370">
    <ele>1974.2</ele>
    <time>2026-06-26T00:38:27Z</time>
   </trkpt>
   <trkpt lat="39.7758320" lon="-105.2224210">
    <ele>1974.2</ele>
    <time>2026-06-26T00:38:28Z</time>
   </trkpt>
   <trkpt lat="39.7758370" lon="-105.2224120">
    <ele>1974.2</ele>
    <time>2026-06-26T00:38:29Z</time>
   </trkpt>
   <trkpt lat="39.7758300" lon="-105.2224250">
    <ele>1974.2</ele>
    <time>2026-06-26T00:38:30Z</time>
   </trkpt>
   <trkpt lat="39.7758250" lon="-105.2224150">
    <ele>1974.2</ele>
    <time>2026-06-26T00:38:31Z</time>
   </trkpt>
   <trkpt lat="39.7758240" lon="-105.2224140">
    <ele>1974.2</ele>
    <time>2026-06-26T00:38:32Z</time>
   </trkpt>
   <trkpt lat="39.7758250" lon="-105.2224050">
    <ele>1974.2</ele>
    <time>2026-06-26T00:38:33Z</time>
   </trkpt>
   <trkpt lat="39.7758260" lon="-105.2224040">
    <ele>1974.2</ele>
    <time>2026-06-26T00:38:34Z</time>
   </trkpt>
   <trkpt lat="39.7758260" lon="-105.2224040">
    <ele>1974.2</ele>
    <time>2026-06-26T00:38:35Z</time>
   </trkpt>
   <trkpt lat="39.7758290" lon="-105.2224050">
    <ele>1974.2</ele>
    <time>2026-06-26T00:38:36Z</time>
   </trkpt>
   <trkpt lat="39.7758220" lon="-105.2224110">
    <ele>1974.3</ele>
    <time>2026-06-26T00:38:37Z</time>
   </trkpt>
   <trkpt lat="39.7758230" lon="-105.2224100">
    <ele>1974.3</ele>
    <time>2026-06-26T00:38:38Z</time>
   </trkpt>
   <trkpt lat="39.7758230" lon="-105.2224100">
    <ele>1974.3</ele>
    <time>2026-06-26T00:38:39Z</time>
   </trkpt>
   <trkpt lat="39.7758230" lon="-105.2224100">
    <ele>1974.3</ele>
    <time>2026-06-26T00:38:40Z</time>
   </trkpt>
   <trkpt lat="39.7757630" lon="-105.2223990">
    <ele>1974.4</ele>
    <time>2026-06-26T00:38:59Z</time>
   </trkpt>
   <trkpt lat="39.7757490" lon="-105.2224050">
    <ele>1974.4</ele>
    <time>2026-06-26T00:39:00Z</time>
   </trkpt>
   <trkpt lat="39.7757160" lon="-105.2224010">
    <ele>1974.4</ele>
    <time>2026-06-26T00:39:01Z</time>
   </trkpt>
   <trkpt lat="39.7757220" lon="-105.2223780">
    <ele>1974.5</ele>
    <time>2026-06-26T00:39:02Z</time>
   </trkpt>
   <trkpt lat="39.7757110" lon="-105.2223800">
    <ele>1974.5</ele>
    <time>2026-06-26T00:39:03Z</time>
   </trkpt>
   <trkpt lat="39.7756690" lon="-105.2223840">
    <ele>1974.6</ele>
    <time>2026-06-26T00:39:04Z</time>
   </trkpt>
   <trkpt lat="39.7756420" lon="-105.2224020">
    <ele>1974.7</ele>
    <time>2026-06-26T00:39:05Z</time>
   </trkpt>
   <trkpt lat="39.7756280" lon="-105.2224330">
    <ele>1974.7</ele>
    <time>2026-06-26T00:39:06Z</time>
   </trkpt>
   <trkpt lat="39.7755910" lon="-105.2224320">
    <ele>1974.8</ele>
    <time>2026-06-26T00:39:07Z</time>
   </trkpt>
   <trkpt lat="39.7755610" lon="-105.2224260">
    <ele>1974.9</ele>
    <time>2026-06-26T00:39:08Z</time>
   </trkpt>
   <trkpt lat="39.7755350" lon="-105.2224160">
    <ele>1975.0</ele>
    <time>2026-06-26T00:39:09Z</time>
   </trkpt>
   <trkpt lat="39.7755090" lon="-105.2224210">
    <ele>1975.0</ele>
    <time>2026-06-26T00:39:10Z</time>
   </trkpt>
   <trkpt lat="39.7754800" lon="-105.2224180">
    <ele>1975.1</ele>
    <time>2026-06-26T00:39:11Z</time>
   </trkpt>
   <trkpt lat="39.7754560" lon="-105.2224140">
    <ele>1975.1</ele>
    <time>2026-06-26T00:39:12Z</time>
   </trkpt>
   <trkpt lat="39.7754220" lon="-105.2224110">
    <ele>1975.1</ele>
    <time>2026-06-26T00:39:13Z</time>
   </trkpt>
   <trkpt lat="39.7753970" lon="-105.2224050">
    <ele>1975.2</ele>
    <time>2026-06-26T00:39:14Z</time>
   </trkpt>
   <trkpt lat="39.7753890" lon="-105.2224050">
    <ele>1975.2</ele>
    <time>2026-06-26T00:39:15Z</time>
   </trkpt>
   <trkpt lat="39.7753550" lon="-105.2224020">
    <ele>1975.2</ele>
    <time>2026-06-26T00:39:16Z</time>
   </trkpt>
   <trkpt lat="39.7753420" lon="-105.2223960">
    <ele>1975.2</ele>
    <time>2026-06-26T00:39:17Z</time>
   </trkpt>
   <trkpt lat="39.7753140" lon="-105.2223830">
    <ele>1975.2</ele>
    <time>2026-06-26T00:39:18Z</time>
   </trkpt>
   <trkpt lat="39.7752860" lon="-105.2223780">
    <ele>1975.3</ele>
    <time>2026-06-26T00:39:19Z</time>
   </trkpt>
   <trkpt lat="39.7752650" lon="-105.2223770">
    <ele>1975.3</ele>
    <time>2026-06-26T00:39:20Z</time>
   </trkpt>
   <trkpt lat="39.7752220" lon="-105.2223810">
    <ele>1975.3</ele>
    <time>2026-06-26T00:39:21Z</time>
   </trkpt>
   <trkpt lat="39.7752060" lon="-105.2223800">
    <ele>1975.3</ele>
    <time>2026-06-26T00:39:22Z</time>
   </trkpt>
   <trkpt lat="39.7751680" lon="-105.2223680">
    <ele>1975.3</ele>
    <time>2026-06-26T00:39:23Z</time>
   </trkpt>
   <trkpt lat="39.7751240" lon="-105.2223510">
    <ele>1975.4</ele>
    <time>2026-06-26T00:39:24Z</time>
   </trkpt>
   <trkpt lat="39.7750980" lon="-105.2223420">
    <ele>1975.4</ele>
    <time>2026-06-26T00:39:25Z</time>
   </trkpt>
   <trkpt lat="39.7750320" lon="-105.2223190">
    <ele>1975.4</ele>
    <time>2026-06-26T00:39:26Z</time>
   </trkpt>
   <trkpt lat="39.7750180" lon="-105.2223260">
    <ele>1975.4</ele>
    <time>2026-06-26T00:39:27Z</time>
   </trkpt>
   <trkpt lat="39.7749810" lon="-105.2222980">
    <ele>1975.4</ele>
    <time>2026-06-26T00:39:28Z</time>
   </trkpt>
   <trkpt lat="39.7748450" lon="-105.2222860">
    <ele>1975.4</ele>
    <time>2026-06-26T00:39:29Z</time>
   </trkpt>
   <trkpt lat="39.7748050" lon="-105.2222790">
    <ele>1975.4</ele>
    <time>2026-06-26T00:39:30Z</time>
   </trkpt>
   <trkpt lat="39.7747620" lon="-105.2222810">
    <ele>1975.4</ele>
    <time>2026-06-26T00:39:31Z</time>
   </trkpt>
   <trkpt lat="39.7747090" lon="-105.2222410">
    <ele>1975.5</ele>
    <time>2026-06-26T00:39:32Z</time>
   </trkpt>
   <trkpt lat="39.7746690" lon="-105.2222340">
    <ele>1975.5</ele>
    <time>2026-06-26T00:39:33Z</time>
   </trkpt>
   <trkpt lat="39.7746260" lon="-105.2222240">
    <ele>1975.5</ele>
    <time>2026-06-26T00:39:34Z</time>
   </trkpt>
   <trkpt lat="39.7745830" lon="-105.2222110">
    <ele>1975.5</ele>
    <time>2026-06-26T00:39:35Z</time>
   </trkpt>
   <trkpt lat="39.7745410" lon="-105.2221990">
    <ele>1975.6</ele>
    <time>2026-06-26T00:39:36Z</time>
   </trkpt>
   <trkpt lat="39.7744970" lon="-105.2221880">
    <ele>1975.6</ele>
    <time>2026-06-26T00:39:37Z</time>
   </trkpt>
   <trkpt lat="39.7744570" lon="-105.2221830">
    <ele>1975.6</ele>
    <time>2026-06-26T00:39:38Z</time>
   </trkpt>
   <trkpt lat="39.7744150" lon="-105.2221770">
    <ele>1975.6</ele>
    <time>2026-06-26T00:39:39Z</time>
   </trkpt>
   <trkpt lat="39.7743680" lon="-105.2221660">
    <ele>1975.6</ele>
    <time>2026-06-26T00:39:40Z</time>
   </trkpt>
   <trkpt lat="39.7743240" lon="-105.2221520">
    <ele>1975.6</ele>
    <time>2026-06-26T00:39:41Z</time>
   </trkpt>
   <trkpt lat="39.7742810" lon="-105.2221410">
    <ele>1975.6</ele>
    <time>2026-06-26T00:39:42Z</time>
   </trkpt>
   <trkpt lat="39.7742430" lon="-105.2221310">
    <ele>1975.6</ele>
    <time>2026-06-26T00:39:43Z</time>
   </trkpt>
   <trkpt lat="39.7742040" lon="-105.2221250">
    <ele>1975.6</ele>
    <time>2026-06-26T00:39:44Z</time>
   </trkpt>
   <trkpt lat="39.7741650" lon="-105.2221170">
    <ele>1975.6</ele>
    <time>2026-06-26T00:39:45Z</time>
   </trkpt>
   <trkpt lat="39.7741230" lon="-105.2221100">
    <ele>1975.6</ele>
    <time>2026-06-26T00:39:46Z</time>
   </trkpt>
   <trkpt lat="39.7740800" lon="-105.2221060">
    <ele>1975.6</ele>
    <time>2026-06-26T00:39:47Z</time>
   </trkpt>
   <trkpt lat="39.7740530" lon="-105.2220820">
    <ele>1975.7</ele>
    <time>2026-06-26T00:39:48Z</time>
   </trkpt>
   <trkpt lat="39.7740610" lon="-105.2221030">
    <ele>1975.7</ele>
    <time>2026-06-26T00:39:49Z</time>
   </trkpt>
   <trkpt lat="39.7739920" lon="-105.2220910">
    <ele>1975.7</ele>
    <time>2026-06-26T00:39:50Z</time>
   </trkpt>
   <trkpt lat="39.7739950" lon="-105.2220990">
    <ele>1975.7</ele>
    <time>2026-06-26T00:39:51Z</time>
   </trkpt>
   <trkpt lat="39.7739620" lon="-105.2220990">
    <ele>1975.8</ele>
    <time>2026-06-26T00:39:52Z</time>
   </trkpt>
   <trkpt lat="39.7739380" lon="-105.2220880">
    <ele>1975.8</ele>
    <time>2026-06-26T00:39:53Z</time>
   </trkpt>
   <trkpt lat="39.7739010" lon="-105.2220900">
    <ele>1975.8</ele>
    <time>2026-06-26T00:39:54Z</time>
   </trkpt>
   <trkpt lat="39.7738560" lon="-105.2221130">
    <ele>1975.9</ele>
    <time>2026-06-26T00:39:55Z</time>
   </trkpt>
   <trkpt lat="39.7738200" lon="-105.2220900">
    <ele>1976.0</ele>
    <time>2026-06-26T00:39:56Z</time>
   </trkpt>
   <trkpt lat="39.7737800" lon="-105.2221180">
    <ele>1976.0</ele>
    <time>2026-06-26T00:39:57Z</time>
   </trkpt>
   <trkpt lat="39.7737660" lon="-105.2221160">
    <ele>1976.1</ele>
    <time>2026-06-26T00:39:58Z</time>
   </trkpt>
   <trkpt lat="39.7737270" lon="-105.2221160">
    <ele>1976.1</ele>
    <time>2026-06-26T00:39:59Z</time>
   </trkpt>
   <trkpt lat="39.7736990" lon="-105.2221340">
    <ele>1976.2</ele>
    <time>2026-06-26T00:40:00Z</time>
   </trkpt>
   <trkpt lat="39.7736710" lon="-105.2221520">
    <ele>1976.2</ele>
    <time>2026-06-26T00:40:01Z</time>
   </trkpt>
   <trkpt lat="39.7736560" lon="-105.2221600">
    <ele>1976.2</ele>
    <time>2026-06-26T00:40:02Z</time>
   </trkpt>
   <trkpt lat="39.7736170" lon="-105.2222060">
    <ele>1976.2</ele>
    <time>2026-06-26T00:40:04Z</time>
   </trkpt>
   <trkpt lat="39.7736110" lon="-105.2222100">
    <ele>1976.2</ele>
    <time>2026-06-26T00:40:05Z</time>
   </trkpt>
   <trkpt lat="39.7735930" lon="-105.2222280">
    <ele>1976.3</ele>
    <time>2026-06-26T00:40:06Z</time>
   </trkpt>
   <trkpt lat="39.7735850" lon="-105.2222190">
    <ele>1976.3</ele>
    <time>2026-06-26T00:40:07Z</time>
   </trkpt>
   <trkpt lat="39.7735820" lon="-105.2222220">
    <ele>1976.3</ele>
    <time>2026-06-26T00:40:08Z</time>
   </trkpt>
   <trkpt lat="39.7735830" lon="-105.2222220">
    <ele>1976.3</ele>
    <time>2026-06-26T00:40:09Z</time>
   </trkpt>
   <trkpt lat="39.7735830" lon="-105.2222220">
    <ele>1976.3</ele>
    <time>2026-06-26T00:40:10Z</time>
   </trkpt>
   <trkpt lat="39.7735620" lon="-105.2222250">
    <ele>1976.3</ele>
    <time>2026-06-26T00:40:11Z</time>
   </trkpt>
   <trkpt lat="39.7735620" lon="-105.2222260">
    <ele>1976.3</ele>
    <time>2026-06-26T00:40:12Z</time>
   </trkpt>
   <trkpt lat="39.7735620" lon="-105.2222260">
    <ele>1976.3</ele>
    <time>2026-06-26T00:40:13Z</time>
   </trkpt>
   <trkpt lat="39.7735620" lon="-105.2222270">
    <ele>1976.3</ele>
    <time>2026-06-26T00:40:14Z</time>
   </trkpt>
   <trkpt lat="39.7735620" lon="-105.2222270">
    <ele>1976.3</ele>
    <time>2026-06-26T00:40:15Z</time>
   </trkpt>
   <trkpt lat="39.7735590" lon="-105.2222940">
    <ele>1976.3</ele>
    <time>2026-06-26T00:42:08Z</time>
   </trkpt>
   <trkpt lat="39.7735590" lon="-105.2222940">
    <ele>1976.3</ele>
    <time>2026-06-26T00:42:09Z</time>
   </trkpt>
   <trkpt lat="39.7735590" lon="-105.2222950">
    <ele>1976.3</ele>
    <time>2026-06-26T00:42:10Z</time>
   </trkpt>
   <trkpt lat="39.7735530" lon="-105.2222880">
    <ele>1976.3</ele>
    <time>2026-06-26T00:42:11Z</time>
   </trkpt>
   <trkpt lat="39.7735480" lon="-105.2222810">
    <ele>1976.3</ele>
    <time>2026-06-26T00:42:12Z</time>
   </trkpt>
   <trkpt lat="39.7735420" lon="-105.2222740">
    <ele>1976.3</ele>
    <time>2026-06-26T00:42:13Z</time>
   </trkpt>
   <trkpt lat="39.7735360" lon="-105.2222670">
    <ele>1976.3</ele>
    <time>2026-06-26T00:42:14Z</time>
   </trkpt>
   <trkpt lat="39.7735300" lon="-105.2222600">
    <ele>1976.3</ele>
    <time>2026-06-26T00:42:15Z</time>
   </trkpt>
   <trkpt lat="39.7735250" lon="-105.2222530">
    <ele>1976.3</ele>
    <time>2026-06-26T00:42:16Z</time>
   </trkpt>
   <trkpt lat="39.7735190" lon="-105.2222460">
    <ele>1976.3</ele>
    <time>2026-06-26T00:42:17Z</time>
   </trkpt>
   <trkpt lat="39.7735370" lon="-105.2222360">
    <ele>1976.3</ele>
    <time>2026-06-26T00:42:18Z</time>
   </trkpt>
   <trkpt lat="39.7735200" lon="-105.2222420">
    <ele>1976.3</ele>
    <time>2026-06-26T00:42:19Z</time>
   </trkpt>
   <trkpt lat="39.7735200" lon="-105.2222420">
    <ele>1976.3</ele>
    <time>2026-06-26T00:42:20Z</time>
   </trkpt>
   <trkpt lat="39.7735200" lon="-105.2222420">
    <ele>1976.3</ele>
    <time>2026-06-26T00:42:21Z</time>
   </trkpt>
   <trkpt lat="39.7735130" lon="-105.2222420">
    <ele>1976.3</ele>
    <time>2026-06-26T00:42:22Z</time>
   </trkpt>
   <trkpt lat="39.7735130" lon="-105.2222420">
    <ele>1976.3</ele>
    <time>2026-06-26T00:42:23Z</time>
   </trkpt>
   <trkpt lat="39.7735130" lon="-105.2222420">
    <ele>1976.3</ele>
    <time>2026-06-26T00:42:24Z</time>
   </trkpt>
   <trkpt lat="39.7735110" lon="-105.2222430">
    <ele>1976.3</ele>
    <time>2026-06-26T00:42:25Z</time>
   </trkpt>
   <trkpt lat="39.7735110" lon="-105.2222440">
    <ele>1976.3</ele>
    <time>2026-06-26T00:42:26Z</time>
   </trkpt>
   <trkpt lat="39.7735110" lon="-105.2222440">
    <ele>1976.3</ele>
    <time>2026-06-26T00:42:27Z</time>
   </trkpt>
   <trkpt lat="39.7735110" lon="-105.2222400">
    <ele>1976.3</ele>
    <time>2026-06-26T00:42:28Z</time>
   </trkpt>
   <trkpt lat="39.7734550" lon="-105.2221960">
    <ele>1976.3</ele>
    <time>2026-06-26T00:43:08Z</time>
   </trkpt>
   <trkpt lat="39.7734310" lon="-105.2221780">
    <ele>1976.2</ele>
    <time>2026-06-26T00:43:09Z</time>
   </trkpt>
   <trkpt lat="39.7734080" lon="-105.2221880">
    <ele>1976.2</ele>
    <time>2026-06-26T00:43:10Z</time>
   </trkpt>
   <trkpt lat="39.7733740" lon="-105.2221960">
    <ele>1976.2</ele>
    <time>2026-06-26T00:43:11Z</time>
   </trkpt>
   <trkpt lat="39.7733270" lon="-105.2222070">
    <ele>1976.0</ele>
    <time>2026-06-26T00:43:12Z</time>
   </trkpt>
   <trkpt lat="39.7732820" lon="-105.2221870">
    <ele>1975.7</ele>
    <time>2026-06-26T00:43:13Z</time>
   </trkpt>
   <trkpt lat="39.7732370" lon="-105.2221640">
    <ele>1975.4</ele>
    <time>2026-06-26T00:43:14Z</time>
   </trkpt>
   <trkpt lat="39.7731940" lon="-105.2221360">
    <ele>1975.0</ele>
    <time>2026-06-26T00:43:15Z</time>
   </trkpt>
   <trkpt lat="39.7731350" lon="-105.2221030">
    <ele>1974.6</ele>
    <time>2026-06-26T00:43:16Z</time>
   </trkpt>
   <trkpt lat="39.7730900" lon="-105.2220570">
    <ele>1974.3</ele>
    <time>2026-06-26T00:43:17Z</time>
   </trkpt>
   <trkpt lat="39.7730580" lon="-105.2220000">
    <ele>1974.0</ele>
    <time>2026-06-26T00:43:18Z</time>
   </trkpt>
   <trkpt lat="39.7730440" lon="-105.2219300">
    <ele>1973.6</ele>
    <time>2026-06-26T00:43:19Z</time>
   </trkpt>
   <trkpt lat="39.7730260" lon="-105.2218690">
    <ele>1973.3</ele>
    <time>2026-06-26T00:43:20Z</time>
   </trkpt>
   <trkpt lat="39.7729910" lon="-105.2218130">
    <ele>1973.0</ele>
    <time>2026-06-26T00:43:21Z</time>
   </trkpt>
   <trkpt lat="39.7729510" lon="-105.2217600">
    <ele>1972.6</ele>
    <time>2026-06-26T00:43:22Z</time>
   </trkpt>
   <trkpt lat="39.7729120" lon="-105.2217100">
    <ele>1972.2</ele>
    <time>2026-06-26T00:43:23Z</time>
   </trkpt>
   <trkpt lat="39.7728790" lon="-105.2216500">
    <ele>1971.9</ele>
    <time>2026-06-26T00:43:24Z</time>
   </trkpt>
   <trkpt lat="39.7728430" lon="-105.2215870">
    <ele>1971.4</ele>
    <time>2026-06-26T00:43:25Z</time>
   </trkpt>
   <trkpt lat="39.7728050" lon="-105.2215400">
    <ele>1971.0</ele>
    <time>2026-06-26T00:43:26Z</time>
   </trkpt>
   <trkpt lat="39.7727510" lon="-105.2215250">
    <ele>1970.4</ele>
    <time>2026-06-26T00:43:27Z</time>
   </trkpt>
   <trkpt lat="39.7727010" lon="-105.2215180">
    <ele>1969.9</ele>
    <time>2026-06-26T00:43:28Z</time>
   </trkpt>
   <trkpt lat="39.7726430" lon="-105.2215120">
    <ele>1969.2</ele>
    <time>2026-06-26T00:43:29Z</time>
   </trkpt>
   <trkpt lat="39.7725760" lon="-105.2215160">
    <ele>1968.5</ele>
    <time>2026-06-26T00:43:30Z</time>
   </trkpt>
   <trkpt lat="39.7724950" lon="-105.2215180">
    <ele>1967.5</ele>
    <time>2026-06-26T00:43:31Z</time>
   </trkpt>
   <trkpt lat="39.7724190" lon="-105.2215250">
    <ele>1966.7</ele>
    <time>2026-06-26T00:43:32Z</time>
   </trkpt>
   <trkpt lat="39.7723280" lon="-105.2215330">
    <ele>1965.8</ele>
    <time>2026-06-26T00:43:33Z</time>
   </trkpt>
   <trkpt lat="39.7722390" lon="-105.2215320">
    <ele>1965.0</ele>
    <time>2026-06-26T00:43:34Z</time>
   </trkpt>
   <trkpt lat="39.7721450" lon="-105.2215270">
    <ele>1964.2</ele>
    <time>2026-06-26T00:43:35Z</time>
   </trkpt>
   <trkpt lat="39.7720500" lon="-105.2215000">
    <ele>1963.4</ele>
    <time>2026-06-26T00:43:36Z</time>
   </trkpt>
   <trkpt lat="39.7719560" lon="-105.2214970">
    <ele>1962.8</ele>
    <time>2026-06-26T00:43:37Z</time>
   </trkpt>
   <trkpt lat="39.7718620" lon="-105.2215010">
    <ele>1962.1</ele>
    <time>2026-06-26T00:43:38Z</time>
   </trkpt>
   <trkpt lat="39.7717510" lon="-105.2214730">
    <ele>1961.3</ele>
    <time>2026-06-26T00:43:39Z</time>
   </trkpt>
   <trkpt lat="39.7716550" lon="-105.2214530">
    <ele>1960.7</ele>
    <time>2026-06-26T00:43:40Z</time>
   </trkpt>
   <trkpt lat="39.7715530" lon="-105.2214160">
    <ele>1960.1</ele>
    <time>2026-06-26T00:43:41Z</time>
   </trkpt>
   <trkpt lat="39.7714720" lon="-105.2213870">
    <ele>1959.6</ele>
    <time>2026-06-26T00:43:42Z</time>
   </trkpt>
   <trkpt lat="39.7713990" lon="-105.2213370">
    <ele>1959.3</ele>
    <time>2026-06-26T00:43:43Z</time>
   </trkpt>
   <trkpt lat="39.7713560" lon="-105.2212850">
    <ele>1959.1</ele>
    <time>2026-06-26T00:43:44Z</time>
   </trkpt>
   <trkpt lat="39.7713130" lon="-105.2212310">
    <ele>1958.9</ele>
    <time>2026-06-26T00:43:45Z</time>
   </trkpt>
   <trkpt lat="39.7712860" lon="-105.2211850">
    <ele>1958.8</ele>
    <time>2026-06-26T00:43:46Z</time>
   </trkpt>
   <trkpt lat="39.7712890" lon="-105.2211460">
    <ele>1958.7</ele>
    <time>2026-06-26T00:43:47Z</time>
   </trkpt>
   <trkpt lat="39.7713030" lon="-105.2211490">
    <ele>1958.7</ele>
    <time>2026-06-26T00:43:48Z</time>
   </trkpt>
   <trkpt lat="39.7713100" lon="-105.2211630">
    <ele>1958.6</ele>
    <time>2026-06-26T00:43:49Z</time>
   </trkpt>
   <trkpt lat="39.7713110" lon="-105.2211640">
    <ele>1958.6</ele>
    <time>2026-06-26T00:43:50Z</time>
   </trkpt>
   <trkpt lat="39.7713110" lon="-105.2211590">
    <ele>1958.6</ele>
    <time>2026-06-26T00:43:51Z</time>
   </trkpt>
   <trkpt lat="39.7713190" lon="-105.2211290">
    <ele>1958.5</ele>
    <time>2026-06-26T00:43:52Z</time>
   </trkpt>
   <trkpt lat="39.7713300" lon="-105.2210980">
    <ele>1958.4</ele>
    <time>2026-06-26T00:43:53Z</time>
   </trkpt>
   <trkpt lat="39.7713330" lon="-105.2210650">
    <ele>1958.3</ele>
    <time>2026-06-26T00:43:54Z</time>
   </trkpt>
   <trkpt lat="39.7713180" lon="-105.2210020">
    <ele>1958.1</ele>
    <time>2026-06-26T00:43:55Z</time>
   </trkpt>
   <trkpt lat="39.7713020" lon="-105.2209150">
    <ele>1957.8</ele>
    <time>2026-06-26T00:43:56Z</time>
   </trkpt>
   <trkpt lat="39.7712890" lon="-105.2208200">
    <ele>1957.5</ele>
    <time>2026-06-26T00:43:57Z</time>
   </trkpt>
   <trkpt lat="39.7712730" lon="-105.2207220">
    <ele>1957.2</ele>
    <time>2026-06-26T00:43:58Z</time>
   </trkpt>
   <trkpt lat="39.7712580" lon="-105.2206390">
    <ele>1957.0</ele>
    <time>2026-06-26T00:43:59Z</time>
   </trkpt>
   <trkpt lat="39.7712470" lon="-105.2205510">
    <ele>1956.8</ele>
    <time>2026-06-26T00:44:00Z</time>
   </trkpt>
   <trkpt lat="39.7712560" lon="-105.2204670">
    <ele>1956.6</ele>
    <time>2026-06-26T00:44:01Z</time>
   </trkpt>
   <trkpt lat="39.7712720" lon="-105.2203640">
    <ele>1956.3</ele>
    <time>2026-06-26T00:44:02Z</time>
   </trkpt>
   <trkpt lat="39.7712770" lon="-105.2202680">
    <ele>1956.1</ele>
    <time>2026-06-26T00:44:03Z</time>
   </trkpt>
   <trkpt lat="39.7712780" lon="-105.2201730">
    <ele>1955.8</ele>
    <time>2026-06-26T00:44:04Z</time>
   </trkpt>
   <trkpt lat="39.7713080" lon="-105.2200830">
    <ele>1955.6</ele>
    <time>2026-06-26T00:44:05Z</time>
   </trkpt>
   <trkpt lat="39.7713330" lon="-105.2200040">
    <ele>1955.3</ele>
    <time>2026-06-26T00:44:06Z</time>
   </trkpt>
   <trkpt lat="39.7713500" lon="-105.2199030">
    <ele>1955.0</ele>
    <time>2026-06-26T00:44:07Z</time>
   </trkpt>
   <trkpt lat="39.7713710" lon="-105.2198040">
    <ele>1954.6</ele>
    <time>2026-06-26T00:44:08Z</time>
   </trkpt>
   <trkpt lat="39.7714250" lon="-105.2197180">
    <ele>1954.2</ele>
    <time>2026-06-26T00:44:09Z</time>
   </trkpt>
   <trkpt lat="39.7714870" lon="-105.2196440">
    <ele>1953.8</ele>
    <time>2026-06-26T00:44:10Z</time>
   </trkpt>
   <trkpt lat="39.7715460" lon="-105.2195680">
    <ele>1953.4</ele>
    <time>2026-06-26T00:44:11Z</time>
   </trkpt>
   <trkpt lat="39.7715930" lon="-105.2194780">
    <ele>1953.0</ele>
    <time>2026-06-26T00:44:12Z</time>
   </trkpt>
   <trkpt lat="39.7716290" lon="-105.2193760">
    <ele>1952.5</ele>
    <time>2026-06-26T00:44:13Z</time>
   </trkpt>
   <trkpt lat="39.7716680" lon="-105.2192920">
    <ele>1952.1</ele>
    <time>2026-06-26T00:44:14Z</time>
   </trkpt>
   <trkpt lat="39.7717200" lon="-105.2192180">
    <ele>1951.7</ele>
    <time>2026-06-26T00:44:15Z</time>
   </trkpt>
   <trkpt lat="39.7717630" lon="-105.2191370">
    <ele>1951.2</ele>
    <time>2026-06-26T00:44:16Z</time>
   </trkpt>
   <trkpt lat="39.7717830" lon="-105.2190480">
    <ele>1950.8</ele>
    <time>2026-06-26T00:44:17Z</time>
   </trkpt>
   <trkpt lat="39.7717960" lon="-105.2189410">
    <ele>1950.3</ele>
    <time>2026-06-26T00:44:18Z</time>
   </trkpt>
   <trkpt lat="39.7717970" lon="-105.2188280">
    <ele>1949.7</ele>
    <time>2026-06-26T00:44:19Z</time>
   </trkpt>
   <trkpt lat="39.7718130" lon="-105.2187270">
    <ele>1949.2</ele>
    <time>2026-06-26T00:44:20Z</time>
   </trkpt>
   <trkpt lat="39.7718510" lon="-105.2186560">
    <ele>1948.8</ele>
    <time>2026-06-26T00:44:21Z</time>
   </trkpt>
   <trkpt lat="39.7718420" lon="-105.2185130">
    <ele>1948.2</ele>
    <time>2026-06-26T00:44:23Z</time>
   </trkpt>
   <trkpt lat="39.7718100" lon="-105.2184720">
    <ele>1948.0</ele>
    <time>2026-06-26T00:44:24Z</time>
   </trkpt>
   <trkpt lat="39.7717940" lon="-105.2183770">
    <ele>1947.8</ele>
    <time>2026-06-26T00:44:25Z</time>
   </trkpt>
   <trkpt lat="39.7717980" lon="-105.2183320">
    <ele>1947.7</ele>
    <time>2026-06-26T00:44:26Z</time>
   </trkpt>
   <trkpt lat="39.7717450" lon="-105.2183030">
    <ele>1947.5</ele>
    <time>2026-06-26T00:44:27Z</time>
   </trkpt>
   <trkpt lat="39.7717220" lon="-105.2182610">
    <ele>1947.3</ele>
    <time>2026-06-26T00:44:28Z</time>
   </trkpt>
   <trkpt lat="39.7717110" lon="-105.2182000">
    <ele>1947.2</ele>
    <time>2026-06-26T00:44:29Z</time>
   </trkpt>
   <trkpt lat="39.7716710" lon="-105.2181460">
    <ele>1947.0</ele>
    <time>2026-06-26T00:44:30Z</time>
   </trkpt>
   <trkpt lat="39.7716420" lon="-105.2180640">
    <ele>1946.8</ele>
    <time>2026-06-26T00:44:31Z</time>
   </trkpt>
   <trkpt lat="39.7716180" lon="-105.2179440">
    <ele>1946.5</ele>
    <time>2026-06-26T00:44:32Z</time>
   </trkpt>
   <trkpt lat="39.7716150" lon="-105.2178860">
    <ele>1946.4</ele>
    <time>2026-06-26T00:44:33Z</time>
   </trkpt>
   <trkpt lat="39.7716160" lon="-105.2178450">
    <ele>1946.4</ele>
    <time>2026-06-26T00:44:34Z</time>
   </trkpt>
   <trkpt lat="39.7716090" lon="-105.2178010">
    <ele>1946.3</ele>
    <time>2026-06-26T00:44:35Z</time>
   </trkpt>
   <trkpt lat="39.7716480" lon="-105.2177180">
    <ele>1946.2</ele>
    <time>2026-06-26T00:44:36Z</time>
   </trkpt>
   <trkpt lat="39.7716940" lon="-105.2176720">
    <ele>1946.1</ele>
    <time>2026-06-26T00:44:37Z</time>
   </trkpt>
   <trkpt lat="39.7717090" lon="-105.2176180">
    <ele>1945.9</ele>
    <time>2026-06-26T00:44:38Z</time>
   </trkpt>
   <trkpt lat="39.7717440" lon="-105.2175830">
    <ele>1945.7</ele>
    <time>2026-06-26T00:44:39Z</time>
   </trkpt>
   <trkpt lat="39.7718040" lon="-105.2175450">
    <ele>1945.2</ele>
    <time>2026-06-26T00:44:40Z</time>
   </trkpt>
   <trkpt lat="39.7718460" lon="-105.2174860">
    <ele>1944.8</ele>
    <time>2026-06-26T00:44:41Z</time>
   </trkpt>
   <trkpt lat="39.7719050" lon="-105.2174140">
    <ele>1944.1</ele>
    <time>2026-06-26T00:44:42Z</time>
   </trkpt>
   <trkpt lat="39.7719480" lon="-105.2173720">
    <ele>1943.8</ele>
    <time>2026-06-26T00:44:43Z</time>
   </trkpt>
   <trkpt lat="39.7719820" lon="-105.2173080">
    <ele>1943.4</ele>
    <time>2026-06-26T00:44:44Z</time>
   </trkpt>
   <trkpt lat="39.7720040" lon="-105.2172490">
    <ele>1943.0</ele>
    <time>2026-06-26T00:44:45Z</time>
   </trkpt>
   <trkpt lat="39.7720000" lon="-105.2171510">
    <ele>1942.5</ele>
    <time>2026-06-26T00:44:46Z</time>
   </trkpt>
   <trkpt lat="39.7719840" lon="-105.2170610">
    <ele>1942.0</ele>
    <time>2026-06-26T00:44:47Z</time>
   </trkpt>
   <trkpt lat="39.7719850" lon="-105.2169920">
    <ele>1941.6</ele>
    <time>2026-06-26T00:44:48Z</time>
   </trkpt>
   <trkpt lat="39.7719890" lon="-105.2169410">
    <ele>1941.3</ele>
    <time>2026-06-26T00:44:49Z</time>
   </trkpt>
   <trkpt lat="39.7719750" lon="-105.2169540">
    <ele>1941.2</ele>
    <time>2026-06-26T00:44:50Z</time>
   </trkpt>
   <trkpt lat="39.7719560" lon="-105.2169190">
    <ele>1940.9</ele>
    <time>2026-06-26T00:44:51Z</time>
   </trkpt>
   <trkpt lat="39.7719550" lon="-105.2168680">
    <ele>1940.6</ele>
    <time>2026-06-26T00:44:52Z</time>
   </trkpt>
   <trkpt lat="39.7719180" lon="-105.2168410">
    <ele>1940.3</ele>
    <time>2026-06-26T00:44:53Z</time>
   </trkpt>
   <trkpt lat="39.7718940" lon="-105.2168430">
    <ele>1940.1</ele>
    <time>2026-06-26T00:44:54Z</time>
   </trkpt>
   <trkpt lat="39.7718750" lon="-105.2168510">
    <ele>1939.9</ele>
    <time>2026-06-26T00:44:55Z</time>
   </trkpt>
   <trkpt lat="39.7718640" lon="-105.2168420">
    <ele>1939.8</ele>
    <time>2026-06-26T00:44:56Z</time>
   </trkpt>
   <trkpt lat="39.7718440" lon="-105.2168190">
    <ele>1939.5</ele>
    <time>2026-06-26T00:44:57Z</time>
   </trkpt>
   <trkpt lat="39.7718300" lon="-105.2167980">
    <ele>1939.3</ele>
    <time>2026-06-26T00:44:58Z</time>
   </trkpt>
   <trkpt lat="39.7718210" lon="-105.2167460">
    <ele>1938.9</ele>
    <time>2026-06-26T00:44:59Z</time>
   </trkpt>
   <trkpt lat="39.7718060" lon="-105.2166880">
    <ele>1938.3</ele>
    <time>2026-06-26T00:45:00Z</time>
   </trkpt>
   <trkpt lat="39.7717900" lon="-105.2166280">
    <ele>1937.7</ele>
    <time>2026-06-26T00:45:01Z</time>
   </trkpt>
   <trkpt lat="39.7717670" lon="-105.2165840">
    <ele>1937.1</ele>
    <time>2026-06-26T00:45:02Z</time>
   </trkpt>
   <trkpt lat="39.7717420" lon="-105.2165440">
    <ele>1936.6</ele>
    <time>2026-06-26T00:45:03Z</time>
   </trkpt>
   <trkpt lat="39.7717270" lon="-105.2164930">
    <ele>1936.1</ele>
    <time>2026-06-26T00:45:04Z</time>
   </trkpt>
   <trkpt lat="39.7717260" lon="-105.2164520">
    <ele>1935.7</ele>
    <time>2026-06-26T00:45:05Z</time>
   </trkpt>
   <trkpt lat="39.7717260" lon="-105.2164090">
    <ele>1935.3</ele>
    <time>2026-06-26T00:45:06Z</time>
   </trkpt>
   <trkpt lat="39.7717040" lon="-105.2163610">
    <ele>1934.8</ele>
    <time>2026-06-26T00:45:07Z</time>
   </trkpt>
   <trkpt lat="39.7716870" lon="-105.2163040">
    <ele>1934.2</ele>
    <time>2026-06-26T00:45:08Z</time>
   </trkpt>
   <trkpt lat="39.7716700" lon="-105.2162590">
    <ele>1933.7</ele>
    <time>2026-06-26T00:45:09Z</time>
   </trkpt>
   <trkpt lat="39.7716540" lon="-105.2162100">
    <ele>1933.1</ele>
    <time>2026-06-26T00:45:10Z</time>
   </trkpt>
   <trkpt lat="39.7716360" lon="-105.2161610">
    <ele>1932.6</ele>
    <time>2026-06-26T00:45:11Z</time>
   </trkpt>
   <trkpt lat="39.7716080" lon="-105.2161230">
    <ele>1932.1</ele>
    <time>2026-06-26T00:45:12Z</time>
   </trkpt>
   <trkpt lat="39.7715900" lon="-105.2160970">
    <ele>1931.8</ele>
    <time>2026-06-26T00:45:13Z</time>
   </trkpt>
   <trkpt lat="39.7715810" lon="-105.2160940">
    <ele>1931.7</ele>
    <time>2026-06-26T00:45:14Z</time>
   </trkpt>
   <trkpt lat="39.7715700" lon="-105.2160860">
    <ele>1931.6</ele>
    <time>2026-06-26T00:45:15Z</time>
   </trkpt>
   <trkpt lat="39.7715730" lon="-105.2160860">
    <ele>1931.5</ele>
    <time>2026-06-26T00:45:16Z</time>
   </trkpt>
   <trkpt lat="39.7715790" lon="-105.2160940">
    <ele>1931.4</ele>
    <time>2026-06-26T00:45:17Z</time>
   </trkpt>
   <trkpt lat="39.7715820" lon="-105.2160930">
    <ele>1931.4</ele>
    <time>2026-06-26T00:45:18Z</time>
   </trkpt>
   <trkpt lat="39.7715810" lon="-105.2160990">
    <ele>1931.4</ele>
    <time>2026-06-26T00:45:19Z</time>
   </trkpt>
   <trkpt lat="39.7715810" lon="-105.2160930">
    <ele>1931.3</ele>
    <time>2026-06-26T00:45:20Z</time>
   </trkpt>
   <trkpt lat="39.7715780" lon="-105.2160970">
    <ele>1931.3</ele>
    <time>2026-06-26T00:45:21Z</time>
   </trkpt>
   <trkpt lat="39.7715800" lon="-105.2161020">
    <ele>1931.2</ele>
    <time>2026-06-26T00:45:22Z</time>
   </trkpt>
   <trkpt lat="39.7715760" lon="-105.2161090">
    <ele>1931.1</ele>
    <time>2026-06-26T00:45:23Z</time>
   </trkpt>
   <trkpt lat="39.7715700" lon="-105.2161050">
    <ele>1931.1</ele>
    <time>2026-06-26T00:45:24Z</time>
   </trkpt>
   <trkpt lat="39.7715540" lon="-105.2161180">
    <ele>1930.9</ele>
    <time>2026-06-26T00:45:25Z</time>
   </trkpt>
   <trkpt lat="39.7715380" lon="-105.2161210">
    <ele>1930.7</ele>
    <time>2026-06-26T00:45:26Z</time>
   </trkpt>
   <trkpt lat="39.7715240" lon="-105.2161270">
    <ele>1930.6</ele>
    <time>2026-06-26T00:45:27Z</time>
   </trkpt>
   <trkpt lat="39.7715210" lon="-105.2161100">
    <ele>1930.4</ele>
    <time>2026-06-26T00:45:28Z</time>
   </trkpt>
   <trkpt lat="39.7715030" lon="-105.2160870">
    <ele>1930.2</ele>
    <time>2026-06-26T00:45:29Z</time>
   </trkpt>
   <trkpt lat="39.7714910" lon="-105.2160490">
    <ele>1929.8</ele>
    <time>2026-06-26T00:45:30Z</time>
   </trkpt>
   <trkpt lat="39.7714690" lon="-105.2159930">
    <ele>1929.3</ele>
    <time>2026-06-26T00:45:31Z</time>
   </trkpt>
   <trkpt lat="39.7714330" lon="-105.2159470">
    <ele>1928.8</ele>
    <time>2026-06-26T00:45:32Z</time>
   </trkpt>
   <trkpt lat="39.7714000" lon="-105.2159040">
    <ele>1928.4</ele>
    <time>2026-06-26T00:45:33Z</time>
   </trkpt>
   <trkpt lat="39.7713970" lon="-105.2158530">
    <ele>1928.1</ele>
    <time>2026-06-26T00:45:34Z</time>
   </trkpt>
   <trkpt lat="39.7714050" lon="-105.2158010">
    <ele>1927.7</ele>
    <time>2026-06-26T00:45:35Z</time>
   </trkpt>
   <trkpt lat="39.7714040" lon="-105.2157580">
    <ele>1927.4</ele>
    <time>2026-06-26T00:45:36Z</time>
   </trkpt>
   <trkpt lat="39.7714080" lon="-105.2157140">
    <ele>1927.1</ele>
    <time>2026-06-26T00:45:37Z</time>
   </trkpt>
   <trkpt lat="39.7714090" lon="-105.2156560">
    <ele>1926.7</ele>
    <time>2026-06-26T00:45:38Z</time>
   </trkpt>
   <trkpt lat="39.7714020" lon="-105.2155990">
    <ele>1926.3</ele>
    <time>2026-06-26T00:45:39Z</time>
   </trkpt>
   <trkpt lat="39.7713980" lon="-105.2155430">
    <ele>1925.8</ele>
    <time>2026-06-26T00:45:40Z</time>
   </trkpt>
   <trkpt lat="39.7714060" lon="-105.2154940">
    <ele>1925.5</ele>
    <time>2026-06-26T00:45:41Z</time>
   </trkpt>
   <trkpt lat="39.7714120" lon="-105.2154420">
    <ele>1925.0</ele>
    <time>2026-06-26T00:45:42Z</time>
   </trkpt>
   <trkpt lat="39.7714380" lon="-105.2153850">
    <ele>1924.5</ele>
    <time>2026-06-26T00:45:43Z</time>
   </trkpt>
   <trkpt lat="39.7714680" lon="-105.2153390">
    <ele>1924.0</ele>
    <time>2026-06-26T00:45:44Z</time>
   </trkpt>
   <trkpt lat="39.7714840" lon="-105.2152940">
    <ele>1923.5</ele>
    <time>2026-06-26T00:45:45Z</time>
   </trkpt>
   <trkpt lat="39.7714940" lon="-105.2152450">
    <ele>1923.1</ele>
    <time>2026-06-26T00:45:46Z</time>
   </trkpt>
   <trkpt lat="39.7715070" lon="-105.2151900">
    <ele>1922.6</ele>
    <time>2026-06-26T00:45:47Z</time>
   </trkpt>
   <trkpt lat="39.7715130" lon="-105.2151260">
    <ele>1922.0</ele>
    <time>2026-06-26T00:45:48Z</time>
   </trkpt>
   <trkpt lat="39.7715190" lon="-105.2150630">
    <ele>1921.4</ele>
    <time>2026-06-26T00:45:49Z</time>
   </trkpt>
   <trkpt lat="39.7715270" lon="-105.2150090">
    <ele>1921.0</ele>
    <time>2026-06-26T00:45:50Z</time>
   </trkpt>
   <trkpt lat="39.7715180" lon="-105.2149840">
    <ele>1920.8</ele>
    <time>2026-06-26T00:45:51Z</time>
   </trkpt>
   <trkpt lat="39.7715150" lon="-105.2149730">
    <ele>1920.7</ele>
    <time>2026-06-26T00:45:52Z</time>
   </trkpt>
   <trkpt lat="39.7714930" lon="-105.2149700">
    <ele>1920.5</ele>
    <time>2026-06-26T00:45:53Z</time>
   </trkpt>
   <trkpt lat="39.7715040" lon="-105.2150030">
    <ele>1920.2</ele>
    <time>2026-06-26T00:45:54Z</time>
   </trkpt>
   <trkpt lat="39.7715100" lon="-105.2149960">
    <ele>1920.1</ele>
    <time>2026-06-26T00:45:55Z</time>
   </trkpt>
   <trkpt lat="39.7715110" lon="-105.2149920">
    <ele>1920.1</ele>
    <time>2026-06-26T00:45:56Z</time>
   </trkpt>
   <trkpt lat="39.7715020" lon="-105.2149960">
    <ele>1920.0</ele>
    <time>2026-06-26T00:45:57Z</time>
   </trkpt>
   <trkpt lat="39.7715030" lon="-105.2149860">
    <ele>1919.9</ele>
    <time>2026-06-26T00:45:58Z</time>
   </trkpt>
   <trkpt lat="39.7715070" lon="-105.2149770">
    <ele>1919.8</ele>
    <time>2026-06-26T00:45:59Z</time>
   </trkpt>
   <trkpt lat="39.7715010" lon="-105.2149740">
    <ele>1919.8</ele>
    <time>2026-06-26T00:46:00Z</time>
   </trkpt>
   <trkpt lat="39.7714940" lon="-105.2149680">
    <ele>1919.7</ele>
    <time>2026-06-26T00:46:01Z</time>
   </trkpt>
   <trkpt lat="39.7714960" lon="-105.2149580">
    <ele>1919.6</ele>
    <time>2026-06-26T00:46:02Z</time>
   </trkpt>
   <trkpt lat="39.7715040" lon="-105.2149590">
    <ele>1919.5</ele>
    <time>2026-06-26T00:46:03Z</time>
   </trkpt>
   <trkpt lat="39.7714650" lon="-105.2149220">
    <ele>1919.1</ele>
    <time>2026-06-26T00:46:06Z</time>
   </trkpt>
   <trkpt lat="39.7714300" lon="-105.2148880">
    <ele>1918.6</ele>
    <time>2026-06-26T00:46:07Z</time>
   </trkpt>
   <trkpt lat="39.7713990" lon="-105.2148540">
    <ele>1918.2</ele>
    <time>2026-06-26T00:46:08Z</time>
   </trkpt>
   <trkpt lat="39.7713660" lon="-105.2148380">
    <ele>1917.7</ele>
    <time>2026-06-26T00:46:09Z</time>
   </trkpt>
   <trkpt lat="39.7713330" lon="-105.2148100">
    <ele>1917.2</ele>
    <time>2026-06-26T00:46:10Z</time>
   </trkpt>
   <trkpt lat="39.7713150" lon="-105.2148020">
    <ele>1916.9</ele>
    <time>2026-06-26T00:46:11Z</time>
   </trkpt>
   <trkpt lat="39.7713050" lon="-105.2147780">
    <ele>1916.6</ele>
    <time>2026-06-26T00:46:12Z</time>
   </trkpt>
   <trkpt lat="39.7712910" lon="-105.2147660">
    <ele>1916.3</ele>
    <time>2026-06-26T00:46:13Z</time>
   </trkpt>
   <trkpt lat="39.7712740" lon="-105.2147680">
    <ele>1916.1</ele>
    <time>2026-06-26T00:46:14Z</time>
   </trkpt>
   <trkpt lat="39.7712610" lon="-105.2147630">
    <ele>1915.8</ele>
    <time>2026-06-26T00:46:15Z</time>
   </trkpt>
   <trkpt lat="39.7712510" lon="-105.2147510">
    <ele>1915.6</ele>
    <time>2026-06-26T00:46:16Z</time>
   </trkpt>
   <trkpt lat="39.7712400" lon="-105.2147340">
    <ele>1915.3</ele>
    <time>2026-06-26T00:46:17Z</time>
   </trkpt>
   <trkpt lat="39.7712250" lon="-105.2147200">
    <ele>1915.0</ele>
    <time>2026-06-26T00:46:18Z</time>
   </trkpt>
   <trkpt lat="39.7712160" lon="-105.2147010">
    <ele>1914.7</ele>
    <time>2026-06-26T00:46:19Z</time>
   </trkpt>
   <trkpt lat="39.7712150" lon="-105.2146900">
    <ele>1914.6</ele>
    <time>2026-06-26T00:46:20Z</time>
   </trkpt>
   <trkpt lat="39.7712080" lon="-105.2146920">
    <ele>1914.4</ele>
    <time>2026-06-26T00:46:21Z</time>
   </trkpt>
   <trkpt lat="39.7712090" lon="-105.2147020">
    <ele>1914.3</ele>
    <time>2026-06-26T00:46:22Z</time>
   </trkpt>
   <trkpt lat="39.7712060" lon="-105.2147010">
    <ele>1914.2</ele>
    <time>2026-06-26T00:46:23Z</time>
   </trkpt>
   <trkpt lat="39.7711960" lon="-105.2146950">
    <ele>1914.0</ele>
    <time>2026-06-26T00:46:24Z</time>
   </trkpt>
   <trkpt lat="39.7711900" lon="-105.2146950">
    <ele>1913.9</ele>
    <time>2026-06-26T00:46:25Z</time>
   </trkpt>
   <trkpt lat="39.7711810" lon="-105.2147030">
    <ele>1913.7</ele>
    <time>2026-06-26T00:46:26Z</time>
   </trkpt>
   <trkpt lat="39.7711710" lon="-105.2147100">
    <ele>1913.5</ele>
    <time>2026-06-26T00:46:27Z</time>
   </trkpt>
   <trkpt lat="39.7711640" lon="-105.2147070">
    <ele>1913.4</ele>
    <time>2026-06-26T00:46:28Z</time>
   </trkpt>
   <trkpt lat="39.7711570" lon="-105.2146990">
    <ele>1913.2</ele>
    <time>2026-06-26T00:46:29Z</time>
   </trkpt>
   <trkpt lat="39.7711450" lon="-105.2146860">
    <ele>1913.0</ele>
    <time>2026-06-26T00:46:30Z</time>
   </trkpt>
   <trkpt lat="39.7711370" lon="-105.2146570">
    <ele>1912.5</ele>
    <time>2026-06-26T00:46:31Z</time>
   </trkpt>
   <trkpt lat="39.7711200" lon="-105.2146240">
    <ele>1912.0</ele>
    <time>2026-06-26T00:46:32Z</time>
   </trkpt>
   <trkpt lat="39.7710990" lon="-105.2145880">
    <ele>1911.4</ele>
    <time>2026-06-26T00:46:33Z</time>
   </trkpt>
   <trkpt lat="39.7710940" lon="-105.2145710">
    <ele>1911.2</ele>
    <time>2026-06-26T00:46:34Z</time>
   </trkpt>
   <trkpt lat="39.7710920" lon="-105.2145650">
    <ele>1911.1</ele>
    <time>2026-06-26T00:46:35Z</time>
   </trkpt>
   <trkpt lat="39.7710900" lon="-105.2145850">
    <ele>1910.8</ele>
    <time>2026-06-26T00:46:36Z</time>
   </trkpt>
   <trkpt lat="39.7710880" lon="-105.2145860">
    <ele>1910.8</ele>
    <time>2026-06-26T00:46:37Z</time>
   </trkpt>
   <trkpt lat="39.7710680" lon="-105.2145930">
    <ele>1910.4</ele>
    <time>2026-06-26T00:46:38Z</time>
   </trkpt>
   <trkpt lat="39.7710420" lon="-105.2145940">
    <ele>1910.0</ele>
    <time>2026-06-26T00:46:39Z</time>
   </trkpt>
   <trkpt lat="39.7710210" lon="-105.2145750">
    <ele>1909.6</ele>
    <time>2026-06-26T00:46:40Z</time>
   </trkpt>
   <trkpt lat="39.7710100" lon="-105.2145610">
    <ele>1909.3</ele>
    <time>2026-06-26T00:46:41Z</time>
   </trkpt>
   <trkpt lat="39.7710080" lon="-105.2145550">
    <ele>1909.3</ele>
    <time>2026-06-26T00:46:42Z</time>
   </trkpt>
   <trkpt lat="39.7710030" lon="-105.2145080">
    <ele>1908.7</ele>
    <time>2026-06-26T00:46:43Z</time>
   </trkpt>
   <trkpt lat="39.7710110" lon="-105.2144760">
    <ele>1908.3</ele>
    <time>2026-06-26T00:46:44Z</time>
   </trkpt>
   <trkpt lat="39.7710150" lon="-105.2144460">
    <ele>1908.0</ele>
    <time>2026-06-26T00:46:45Z</time>
   </trkpt>
   <trkpt lat="39.7710260" lon="-105.2144050">
    <ele>1907.6</ele>
    <time>2026-06-26T00:46:46Z</time>
   </trkpt>
   <trkpt lat="39.7710490" lon="-105.2143820">
    <ele>1907.3</ele>
    <time>2026-06-26T00:46:47Z</time>
   </trkpt>
   <trkpt lat="39.7710650" lon="-105.2143590">
    <ele>1907.0</ele>
    <time>2026-06-26T00:46:48Z</time>
   </trkpt>
   <trkpt lat="39.7711010" lon="-105.2143020">
    <ele>1906.4</ele>
    <time>2026-06-26T00:46:49Z</time>
   </trkpt>
   <trkpt lat="39.7711050" lon="-105.2142610">
    <ele>1906.0</ele>
    <time>2026-06-26T00:46:50Z</time>
   </trkpt>
   <trkpt lat="39.7710820" lon="-105.2142270">
    <ele>1905.5</ele>
    <time>2026-06-26T00:46:51Z</time>
   </trkpt>
   <trkpt lat="39.7711120" lon="-105.2141990">
    <ele>1905.0</ele>
    <time>2026-06-26T00:46:52Z</time>
   </trkpt>
   <trkpt lat="39.7710600" lon="-105.2141620">
    <ele>1904.1</ele>
    <time>2026-06-26T00:46:53Z</time>
   </trkpt>
   <trkpt lat="39.7710410" lon="-105.2141350">
    <ele>1903.7</ele>
    <time>2026-06-26T00:46:54Z</time>
   </trkpt>
   <trkpt lat="39.7710250" lon="-105.2140990">
    <ele>1903.1</ele>
    <time>2026-06-26T00:46:55Z</time>
   </trkpt>
   <trkpt lat="39.7710100" lon="-105.2140550">
    <ele>1902.5</ele>
    <time>2026-06-26T00:46:56Z</time>
   </trkpt>
   <trkpt lat="39.7709970" lon="-105.2140150">
    <ele>1901.9</ele>
    <time>2026-06-26T00:46:57Z</time>
   </trkpt>
   <trkpt lat="39.7709990" lon="-105.2139710">
    <ele>1901.3</ele>
    <time>2026-06-26T00:46:58Z</time>
   </trkpt>
   <trkpt lat="39.7710070" lon="-105.2139120">
    <ele>1900.5</ele>
    <time>2026-06-26T00:46:59Z</time>
   </trkpt>
   <trkpt lat="39.7710260" lon="-105.2138700">
    <ele>1899.9</ele>
    <time>2026-06-26T00:47:00Z</time>
   </trkpt>
   <trkpt lat="39.7710210" lon="-105.2138180">
    <ele>1899.3</ele>
    <time>2026-06-26T00:47:01Z</time>
   </trkpt>
   <trkpt lat="39.7710170" lon="-105.2137630">
    <ele>1898.6</ele>
    <time>2026-06-26T00:47:02Z</time>
   </trkpt>
   <trkpt lat="39.7710160" lon="-105.2137230">
    <ele>1898.2</ele>
    <time>2026-06-26T00:47:03Z</time>
   </trkpt>
   <trkpt lat="39.7710030" lon="-105.2136830">
    <ele>1897.6</ele>
    <time>2026-06-26T00:47:04Z</time>
   </trkpt>
   <trkpt lat="39.7709990" lon="-105.2136260">
    <ele>1897.0</ele>
    <time>2026-06-26T00:47:05Z</time>
   </trkpt>
   <trkpt lat="39.7710060" lon="-105.2135740">
    <ele>1896.3</ele>
    <time>2026-06-26T00:47:06Z</time>
   </trkpt>
   <trkpt lat="39.7710310" lon="-105.2135200">
    <ele>1895.6</ele>
    <time>2026-06-26T00:47:07Z</time>
   </trkpt>
   <trkpt lat="39.7710400" lon="-105.2134710">
    <ele>1895.0</ele>
    <time>2026-06-26T00:47:08Z</time>
   </trkpt>
   <trkpt lat="39.7710410" lon="-105.2134180">
    <ele>1894.3</ele>
    <time>2026-06-26T00:47:09Z</time>
   </trkpt>
   <trkpt lat="39.7710410" lon="-105.2133760">
    <ele>1893.8</ele>
    <time>2026-06-26T00:47:10Z</time>
   </trkpt>
   <trkpt lat="39.7710410" lon="-105.2133380">
    <ele>1893.3</ele>
    <time>2026-06-26T00:47:11Z</time>
   </trkpt>
   <trkpt lat="39.7710290" lon="-105.2132950">
    <ele>1892.7</ele>
    <time>2026-06-26T00:47:12Z</time>
   </trkpt>
   <trkpt lat="39.7710080" lon="-105.2132530">
    <ele>1892.1</ele>
    <time>2026-06-26T00:47:13Z</time>
   </trkpt>
   <trkpt lat="39.7710120" lon="-105.2131910">
    <ele>1891.3</ele>
    <time>2026-06-26T00:47:14Z</time>
   </trkpt>
   <trkpt lat="39.7710200" lon="-105.2131300">
    <ele>1890.4</ele>
    <time>2026-06-26T00:47:15Z</time>
   </trkpt>
   <trkpt lat="39.7710110" lon="-105.2130970">
    <ele>1890.0</ele>
    <time>2026-06-26T00:47:16Z</time>
   </trkpt>
   <trkpt lat="39.7709910" lon="-105.2130630">
    <ele>1889.4</ele>
    <time>2026-06-26T00:47:17Z</time>
   </trkpt>
   <trkpt lat="39.7709780" lon="-105.2130280">
    <ele>1888.9</ele>
    <time>2026-06-26T00:47:18Z</time>
   </trkpt>
   <trkpt lat="39.7709730" lon="-105.2129880">
    <ele>1888.3</ele>
    <time>2026-06-26T00:47:19Z</time>
   </trkpt>
   <trkpt lat="39.7709620" lon="-105.2129500">
    <ele>1887.8</ele>
    <time>2026-06-26T00:47:20Z</time>
   </trkpt>
   <trkpt lat="39.7709550" lon="-105.2129170">
    <ele>1887.3</ele>
    <time>2026-06-26T00:47:21Z</time>
   </trkpt>
   <trkpt lat="39.7709440" lon="-105.2128690">
    <ele>1886.6</ele>
    <time>2026-06-26T00:47:22Z</time>
   </trkpt>
   <trkpt lat="39.7709340" lon="-105.2128260">
    <ele>1886.0</ele>
    <time>2026-06-26T00:47:23Z</time>
   </trkpt>
   <trkpt lat="39.7709290" lon="-105.2127700">
    <ele>1885.3</ele>
    <time>2026-06-26T00:47:24Z</time>
   </trkpt>
   <trkpt lat="39.7709200" lon="-105.2127200">
    <ele>1884.6</ele>
    <time>2026-06-26T00:47:25Z</time>
   </trkpt>
   <trkpt lat="39.7709130" lon="-105.2126730">
    <ele>1884.1</ele>
    <time>2026-06-26T00:47:26Z</time>
   </trkpt>
   <trkpt lat="39.7709020" lon="-105.2126550">
    <ele>1883.8</ele>
    <time>2026-06-26T00:47:27Z</time>
   </trkpt>
   <trkpt lat="39.7708790" lon="-105.2126260">
    <ele>1883.3</ele>
    <time>2026-06-26T00:47:28Z</time>
   </trkpt>
   <trkpt lat="39.7708530" lon="-105.2126000">
    <ele>1882.8</ele>
    <time>2026-06-26T00:47:29Z</time>
   </trkpt>
   <trkpt lat="39.7708460" lon="-105.2125510">
    <ele>1882.3</ele>
    <time>2026-06-26T00:47:30Z</time>
   </trkpt>
   <trkpt lat="39.7708440" lon="-105.2125250">
    <ele>1882.0</ele>
    <time>2026-06-26T00:47:31Z</time>
   </trkpt>
   <trkpt lat="39.7708260" lon="-105.2124970">
    <ele>1881.6</ele>
    <time>2026-06-26T00:47:32Z</time>
   </trkpt>
   <trkpt lat="39.7708260" lon="-105.2124490">
    <ele>1881.0</ele>
    <time>2026-06-26T00:47:33Z</time>
   </trkpt>
   <trkpt lat="39.7708330" lon="-105.2124080">
    <ele>1880.6</ele>
    <time>2026-06-26T00:47:34Z</time>
   </trkpt>
   <trkpt lat="39.7708300" lon="-105.2123550">
    <ele>1880.0</ele>
    <time>2026-06-26T00:47:35Z</time>
   </trkpt>
   <trkpt lat="39.7708410" lon="-105.2123110">
    <ele>1879.4</ele>
    <time>2026-06-26T00:47:36Z</time>
   </trkpt>
   <trkpt lat="39.7708260" lon="-105.2122890">
    <ele>1879.1</ele>
    <time>2026-06-26T00:47:37Z</time>
   </trkpt>
   <trkpt lat="39.7708190" lon="-105.2122450">
    <ele>1878.6</ele>
    <time>2026-06-26T00:47:38Z</time>
   </trkpt>
   <trkpt lat="39.7708140" lon="-105.2122210">
    <ele>1878.3</ele>
    <time>2026-06-26T00:47:39Z</time>
   </trkpt>
   <trkpt lat="39.7708050" lon="-105.2121670">
    <ele>1877.6</ele>
    <time>2026-06-26T00:47:40Z</time>
   </trkpt>
   <trkpt lat="39.7708320" lon="-105.2121340">
    <ele>1877.1</ele>
    <time>2026-06-26T00:47:41Z</time>
   </trkpt>
   <trkpt lat="39.7708250" lon="-105.2121070">
    <ele>1876.7</ele>
    <time>2026-06-26T00:47:42Z</time>
   </trkpt>
   <trkpt lat="39.7708060" lon="-105.2120600">
    <ele>1876.1</ele>
    <time>2026-06-26T00:47:43Z</time>
   </trkpt>
   <trkpt lat="39.7707940" lon="-105.2120230">
    <ele>1875.6</ele>
    <time>2026-06-26T00:47:44Z</time>
   </trkpt>
   <trkpt lat="39.7707840" lon="-105.2119830">
    <ele>1875.1</ele>
    <time>2026-06-26T00:47:45Z</time>
   </trkpt>
   <trkpt lat="39.7707940" lon="-105.2119510">
    <ele>1874.7</ele>
    <time>2026-06-26T00:47:46Z</time>
   </trkpt>
   <trkpt lat="39.7708110" lon="-105.2119210">
    <ele>1874.2</ele>
    <time>2026-06-26T00:47:47Z</time>
   </trkpt>
   <trkpt lat="39.7708210" lon="-105.2118760">
    <ele>1873.7</ele>
    <time>2026-06-26T00:47:48Z</time>
   </trkpt>
   <trkpt lat="39.7708080" lon="-105.2118270">
    <ele>1873.1</ele>
    <time>2026-06-26T00:47:49Z</time>
   </trkpt>
   <trkpt lat="39.7707950" lon="-105.2118050">
    <ele>1872.7</ele>
    <time>2026-06-26T00:47:50Z</time>
   </trkpt>
   <trkpt lat="39.7707790" lon="-105.2117670">
    <ele>1872.2</ele>
    <time>2026-06-26T00:47:51Z</time>
   </trkpt>
   <trkpt lat="39.7707720" lon="-105.2117200">
    <ele>1871.6</ele>
    <time>2026-06-26T00:47:52Z</time>
   </trkpt>
   <trkpt lat="39.7707640" lon="-105.2116800">
    <ele>1871.2</ele>
    <time>2026-06-26T00:47:53Z</time>
   </trkpt>
   <trkpt lat="39.7707520" lon="-105.2116470">
    <ele>1870.7</ele>
    <time>2026-06-26T00:47:54Z</time>
   </trkpt>
   <trkpt lat="39.7707400" lon="-105.2116040">
    <ele>1870.2</ele>
    <time>2026-06-26T00:47:55Z</time>
   </trkpt>
   <trkpt lat="39.7707270" lon="-105.2115670">
    <ele>1869.7</ele>
    <time>2026-06-26T00:47:56Z</time>
   </trkpt>
   <trkpt lat="39.7707200" lon="-105.2115250">
    <ele>1869.2</ele>
    <time>2026-06-26T00:47:57Z</time>
   </trkpt>
   <trkpt lat="39.7707100" lon="-105.2114890">
    <ele>1868.7</ele>
    <time>2026-06-26T00:47:58Z</time>
   </trkpt>
   <trkpt lat="39.7707120" lon="-105.2114440">
    <ele>1868.1</ele>
    <time>2026-06-26T00:47:59Z</time>
   </trkpt>
   <trkpt lat="39.7707180" lon="-105.2114110">
    <ele>1867.7</ele>
    <time>2026-06-26T00:48:00Z</time>
   </trkpt>
   <trkpt lat="39.7707130" lon="-105.2113750">
    <ele>1867.2</ele>
    <time>2026-06-26T00:48:01Z</time>
   </trkpt>
   <trkpt lat="39.7707070" lon="-105.2113480">
    <ele>1866.9</ele>
    <time>2026-06-26T00:48:02Z</time>
   </trkpt>
   <trkpt lat="39.7706950" lon="-105.2113140">
    <ele>1866.4</ele>
    <time>2026-06-26T00:48:03Z</time>
   </trkpt>
   <trkpt lat="39.7706930" lon="-105.2112850">
    <ele>1866.0</ele>
    <time>2026-06-26T00:48:04Z</time>
   </trkpt>
   <trkpt lat="39.7706750" lon="-105.2112460">
    <ele>1865.4</ele>
    <time>2026-06-26T00:48:05Z</time>
   </trkpt>
   <trkpt lat="39.7706710" lon="-105.2112180">
    <ele>1865.1</ele>
    <time>2026-06-26T00:48:06Z</time>
   </trkpt>
   <trkpt lat="39.7706830" lon="-105.2111970">
    <ele>1864.7</ele>
    <time>2026-06-26T00:48:07Z</time>
   </trkpt>
   <trkpt lat="39.7706810" lon="-105.2111900">
    <ele>1864.6</ele>
    <time>2026-06-26T00:48:08Z</time>
   </trkpt>
   <trkpt lat="39.7706810" lon="-105.2111990">
    <ele>1864.5</ele>
    <time>2026-06-26T00:48:09Z</time>
   </trkpt>
   <trkpt lat="39.7706740" lon="-105.2111960">
    <ele>1864.4</ele>
    <time>2026-06-26T00:48:10Z</time>
   </trkpt>
   <trkpt lat="39.7706790" lon="-105.2111980">
    <ele>1864.3</ele>
    <time>2026-06-26T00:48:11Z</time>
   </trkpt>
   <trkpt lat="39.7706830" lon="-105.2111910">
    <ele>1864.2</ele>
    <time>2026-06-26T00:48:12Z</time>
   </trkpt>
   <trkpt lat="39.7706840" lon="-105.2111820">
    <ele>1864.1</ele>
    <time>2026-06-26T00:48:13Z</time>
   </trkpt>
   <trkpt lat="39.7706800" lon="-105.2111700">
    <ele>1863.9</ele>
    <time>2026-06-26T00:48:14Z</time>
   </trkpt>
   <trkpt lat="39.7706770" lon="-105.2111660">
    <ele>1863.8</ele>
    <time>2026-06-26T00:48:15Z</time>
   </trkpt>
   <trkpt lat="39.7706680" lon="-105.2111470">
    <ele>1863.6</ele>
    <time>2026-06-26T00:48:16Z</time>
   </trkpt>
   <trkpt lat="39.7706620" lon="-105.2111220">
    <ele>1863.2</ele>
    <time>2026-06-26T00:48:17Z</time>
   </trkpt>
   <trkpt lat="39.7706490" lon="-105.2110890">
    <ele>1862.7</ele>
    <time>2026-06-26T00:48:18Z</time>
   </trkpt>
   <trkpt lat="39.7706370" lon="-105.2110520">
    <ele>1862.2</ele>
    <time>2026-06-26T00:48:19Z</time>
   </trkpt>
   <trkpt lat="39.7706270" lon="-105.2110190">
    <ele>1861.8</ele>
    <time>2026-06-26T00:48:20Z</time>
   </trkpt>
   <trkpt lat="39.7706070" lon="-105.2109950">
    <ele>1861.3</ele>
    <time>2026-06-26T00:48:21Z</time>
   </trkpt>
   <trkpt lat="39.7705810" lon="-105.2109460">
    <ele>1860.6</ele>
    <time>2026-06-26T00:48:22Z</time>
   </trkpt>
   <trkpt lat="39.7705630" lon="-105.2109040">
    <ele>1860.0</ele>
    <time>2026-06-26T00:48:23Z</time>
   </trkpt>
   <trkpt lat="39.7705420" lon="-105.2108580">
    <ele>1859.4</ele>
    <time>2026-06-26T00:48:24Z</time>
   </trkpt>
   <trkpt lat="39.7705300" lon="-105.2108090">
    <ele>1858.8</ele>
    <time>2026-06-26T00:48:25Z</time>
   </trkpt>
   <trkpt lat="39.7705200" lon="-105.2107520">
    <ele>1858.1</ele>
    <time>2026-06-26T00:48:26Z</time>
   </trkpt>
   <trkpt lat="39.7705030" lon="-105.2107010">
    <ele>1857.5</ele>
    <time>2026-06-26T00:48:27Z</time>
   </trkpt>
   <trkpt lat="39.7704360" lon="-105.2106060">
    <ele>1856.0</ele>
    <time>2026-06-26T00:48:29Z</time>
   </trkpt>
   <trkpt lat="39.7704070" lon="-105.2105610">
    <ele>1855.4</ele>
    <time>2026-06-26T00:48:31Z</time>
   </trkpt>
   <trkpt lat="39.7703920" lon="-105.2104910">
    <ele>1854.7</ele>
    <time>2026-06-26T00:48:32Z</time>
   </trkpt>
   <trkpt lat="39.7703610" lon="-105.2104300">
    <ele>1854.0</ele>
    <time>2026-06-26T00:48:33Z</time>
   </trkpt>
   <trkpt lat="39.7703210" lon="-105.2103570">
    <ele>1853.3</ele>
    <time>2026-06-26T00:48:34Z</time>
   </trkpt>
   <trkpt lat="39.7702950" lon="-105.2102800">
    <ele>1852.6</ele>
    <time>2026-06-26T00:48:35Z</time>
   </trkpt>
   <trkpt lat="39.7702600" lon="-105.2102140">
    <ele>1852.1</ele>
    <time>2026-06-26T00:48:36Z</time>
   </trkpt>
   <trkpt lat="39.7702290" lon="-105.2101200">
    <ele>1851.4</ele>
    <time>2026-06-26T00:48:37Z</time>
   </trkpt>
   <trkpt lat="39.7701970" lon="-105.2100500">
    <ele>1851.0</ele>
    <time>2026-06-26T00:48:38Z</time>
   </trkpt>
   <trkpt lat="39.7701780" lon="-105.2099830">
    <ele>1850.6</ele>
    <time>2026-06-26T00:48:39Z</time>
   </trkpt>
   <trkpt lat="39.7701770" lon="-105.2099130">
    <ele>1850.2</ele>
    <time>2026-06-26T00:48:40Z</time>
   </trkpt>
   <trkpt lat="39.7701500" lon="-105.2098500">
    <ele>1849.9</ele>
    <time>2026-06-26T00:48:41Z</time>
   </trkpt>
   <trkpt lat="39.7701000" lon="-105.2097890">
    <ele>1849.4</ele>
    <time>2026-06-26T00:48:42Z</time>
   </trkpt>
   <trkpt lat="39.7700090" lon="-105.2096790">
    <ele>1849.0</ele>
    <time>2026-06-26T00:48:43Z</time>
   </trkpt>
   <trkpt lat="39.7699730" lon="-105.2096440">
    <ele>1848.9</ele>
    <time>2026-06-26T00:48:44Z</time>
   </trkpt>
   <trkpt lat="39.7699440" lon="-105.2095770">
    <ele>1848.8</ele>
    <time>2026-06-26T00:48:45Z</time>
   </trkpt>
   <trkpt lat="39.7699230" lon="-105.2095220">
    <ele>1848.8</ele>
    <time>2026-06-26T00:48:46Z</time>
   </trkpt>
   <trkpt lat="39.7699090" lon="-105.2094510">
    <ele>1848.7</ele>
    <time>2026-06-26T00:48:47Z</time>
   </trkpt>
   <trkpt lat="39.7698920" lon="-105.2093800">
    <ele>1848.6</ele>
    <time>2026-06-26T00:48:48Z</time>
   </trkpt>
   <trkpt lat="39.7698890" lon="-105.2092980">
    <ele>1848.5</ele>
    <time>2026-06-26T00:48:49Z</time>
   </trkpt>
   <trkpt lat="39.7698850" lon="-105.2092260">
    <ele>1848.5</ele>
    <time>2026-06-26T00:48:50Z</time>
   </trkpt>
   <trkpt lat="39.7698860" lon="-105.2091540">
    <ele>1848.5</ele>
    <time>2026-06-26T00:48:51Z</time>
   </trkpt>
   <trkpt lat="39.7698860" lon="-105.2090850">
    <ele>1848.5</ele>
    <time>2026-06-26T00:48:52Z</time>
   </trkpt>
   <trkpt lat="39.7698840" lon="-105.2090180">
    <ele>1848.4</ele>
    <time>2026-06-26T00:48:53Z</time>
   </trkpt>
   <trkpt lat="39.7698790" lon="-105.2089640">
    <ele>1848.4</ele>
    <time>2026-06-26T00:48:54Z</time>
   </trkpt>
   <trkpt lat="39.7699020" lon="-105.2089040">
    <ele>1848.4</ele>
    <time>2026-06-26T00:48:55Z</time>
   </trkpt>
   <trkpt lat="39.7699250" lon="-105.2088500">
    <ele>1848.4</ele>
    <time>2026-06-26T00:48:56Z</time>
   </trkpt>
   <trkpt lat="39.7699430" lon="-105.2088020">
    <ele>1848.4</ele>
    <time>2026-06-26T00:48:57Z</time>
   </trkpt>
   <trkpt lat="39.7699570" lon="-105.2087570">
    <ele>1848.5</ele>
    <time>2026-06-26T00:48:58Z</time>
   </trkpt>
   <trkpt lat="39.7699630" lon="-105.2087320">
    <ele>1848.5</ele>
    <time>2026-06-26T00:48:59Z</time>
   </trkpt>
   <trkpt lat="39.7699640" lon="-105.2087140">
    <ele>1848.5</ele>
    <time>2026-06-26T00:49:00Z</time>
   </trkpt>
   <trkpt lat="39.7699570" lon="-105.2087170">
    <ele>1848.5</ele>
    <time>2026-06-26T00:49:01Z</time>
   </trkpt>
   <trkpt lat="39.7699600" lon="-105.2087180">
    <ele>1848.5</ele>
    <time>2026-06-26T00:49:02Z</time>
   </trkpt>
   <trkpt lat="39.7699630" lon="-105.2087210">
    <ele>1848.5</ele>
    <time>2026-06-26T00:49:03Z</time>
   </trkpt>
   <trkpt lat="39.7699520" lon="-105.2087210">
    <ele>1848.5</ele>
    <time>2026-06-26T00:49:04Z</time>
   </trkpt>
   <trkpt lat="39.7699570" lon="-105.2087240">
    <ele>1848.5</ele>
    <time>2026-06-26T00:49:05Z</time>
   </trkpt>
   <trkpt lat="39.7699580" lon="-105.2087250">
    <ele>1848.5</ele>
    <time>2026-06-26T00:49:06Z</time>
   </trkpt>
   <trkpt lat="39.7699580" lon="-105.2087250">
    <ele>1848.5</ele>
    <time>2026-06-26T00:49:07Z</time>
   </trkpt>
   <trkpt lat="39.7699580" lon="-105.2087250">
    <ele>1848.5</ele>
    <time>2026-06-26T00:49:08Z</time>
   </trkpt>
   <trkpt lat="39.7699550" lon="-105.2087200">
    <ele>1848.6</ele>
    <time>2026-06-26T00:49:09Z</time>
   </trkpt>
   <trkpt lat="39.7699580" lon="-105.2087250">
    <ele>1848.6</ele>
    <time>2026-06-26T00:49:10Z</time>
   </trkpt>
   <trkpt lat="39.7699590" lon="-105.2087220">
    <ele>1848.6</ele>
    <time>2026-06-26T00:49:11Z</time>
   </trkpt>
   <trkpt lat="39.7699700" lon="-105.2086310">
    <ele>1848.7</ele>
    <time>2026-06-26T00:49:17Z</time>
   </trkpt>
   <trkpt lat="39.7699740" lon="-105.2086010">
    <ele>1848.7</ele>
    <time>2026-06-26T00:49:18Z</time>
   </trkpt>
   <trkpt lat="39.7699840" lon="-105.2085570">
    <ele>1848.8</ele>
    <time>2026-06-26T00:49:19Z</time>
   </trkpt>
   <trkpt lat="39.7699880" lon="-105.2085100">
    <ele>1848.9</ele>
    <time>2026-06-26T00:49:20Z</time>
   </trkpt>
   <trkpt lat="39.7699900" lon="-105.2084610">
    <ele>1849.0</ele>
    <time>2026-06-26T00:49:21Z</time>
   </trkpt>
   <trkpt lat="39.7699900" lon="-105.2084140">
    <ele>1849.1</ele>
    <time>2026-06-26T00:49:22Z</time>
   </trkpt>
   <trkpt lat="39.7699890" lon="-105.2083680">
    <ele>1849.3</ele>
    <time>2026-06-26T00:49:23Z</time>
   </trkpt>
   <trkpt lat="39.7699890" lon="-105.2083270">
    <ele>1849.4</ele>
    <time>2026-06-26T00:49:24Z</time>
   </trkpt>
   <trkpt lat="39.7699890" lon="-105.2082850">
    <ele>1849.6</ele>
    <time>2026-06-26T00:49:25Z</time>
   </trkpt>
   <trkpt lat="39.7699830" lon="-105.2082460">
    <ele>1849.8</ele>
    <time>2026-06-26T00:49:26Z</time>
   </trkpt>
   <trkpt lat="39.7699820" lon="-105.2082000">
    <ele>1850.0</ele>
    <time>2026-06-26T00:49:27Z</time>
   </trkpt>
   <trkpt lat="39.7699710" lon="-105.2081690">
    <ele>1850.2</ele>
    <time>2026-06-26T00:49:28Z</time>
   </trkpt>
   <trkpt lat="39.7699660" lon="-105.2081340">
    <ele>1850.4</ele>
    <time>2026-06-26T00:49:29Z</time>
   </trkpt>
   <trkpt lat="39.7699700" lon="-105.2080890">
    <ele>1850.7</ele>
    <time>2026-06-26T00:49:30Z</time>
   </trkpt>
   <trkpt lat="39.7699760" lon="-105.2080570">
    <ele>1851.0</ele>
    <time>2026-06-26T00:49:31Z</time>
   </trkpt>
   <trkpt lat="39.7699700" lon="-105.2080320">
    <ele>1851.2</ele>
    <time>2026-06-26T00:49:32Z</time>
   </trkpt>
   <trkpt lat="39.7699650" lon="-105.2080010">
    <ele>1851.5</ele>
    <time>2026-06-26T00:49:33Z</time>
   </trkpt>
   <trkpt lat="39.7699680" lon="-105.2079690">
    <ele>1851.7</ele>
    <time>2026-06-26T00:49:34Z</time>
   </trkpt>
   <trkpt lat="39.7699760" lon="-105.2079630">
    <ele>1851.9</ele>
    <time>2026-06-26T00:49:35Z</time>
   </trkpt>
   <trkpt lat="39.7699840" lon="-105.2079460">
    <ele>1852.0</ele>
    <time>2026-06-26T00:49:36Z</time>
   </trkpt>
   <trkpt lat="39.7699970" lon="-105.2079210">
    <ele>1852.3</ele>
    <time>2026-06-26T00:49:37Z</time>
   </trkpt>
   <trkpt lat="39.7699950" lon="-105.2079080">
    <ele>1852.4</ele>
    <time>2026-06-26T00:49:38Z</time>
   </trkpt>
   <trkpt lat="39.7699980" lon="-105.2078700">
    <ele>1852.8</ele>
    <time>2026-06-26T00:49:39Z</time>
   </trkpt>
   <trkpt lat="39.7699960" lon="-105.2078600">
    <ele>1852.9</ele>
    <time>2026-06-26T00:49:40Z</time>
   </trkpt>
   <trkpt lat="39.7700000" lon="-105.2078370">
    <ele>1853.1</ele>
    <time>2026-06-26T00:49:41Z</time>
   </trkpt>
   <trkpt lat="39.7700140" lon="-105.2078180">
    <ele>1853.4</ele>
    <time>2026-06-26T00:49:42Z</time>
   </trkpt>
   <trkpt lat="39.7700220" lon="-105.2078000">
    <ele>1853.5</ele>
    <time>2026-06-26T00:49:43Z</time>
   </trkpt>
   <trkpt lat="39.7700250" lon="-105.2077770">
    <ele>1853.8</ele>
    <time>2026-06-26T00:49:44Z</time>
   </trkpt>
   <trkpt lat="39.7700350" lon="-105.2077590">
    <ele>1854.0</ele>
    <time>2026-06-26T00:49:45Z</time>
   </trkpt>
   <trkpt lat="39.7700360" lon="-105.2077300">
    <ele>1854.2</ele>
    <time>2026-06-26T00:49:46Z</time>
   </trkpt>
   <trkpt lat="39.7700490" lon="-105.2077180">
    <ele>1854.4</ele>
    <time>2026-06-26T00:49:47Z</time>
   </trkpt>
   <trkpt lat="39.7700540" lon="-105.2076920">
    <ele>1854.7</ele>
    <time>2026-06-26T00:49:48Z</time>
   </trkpt>
   <trkpt lat="39.7700540" lon="-105.2076690">
    <ele>1854.9</ele>
    <time>2026-06-26T00:49:49Z</time>
   </trkpt>
   <trkpt lat="39.7700570" lon="-105.2076500">
    <ele>1855.1</ele>
    <time>2026-06-26T00:49:50Z</time>
   </trkpt>
   <trkpt lat="39.7700550" lon="-105.2076280">
    <ele>1855.3</ele>
    <time>2026-06-26T00:49:51Z</time>
   </trkpt>
   <trkpt lat="39.7700550" lon="-105.2076120">
    <ele>1855.5</ele>
    <time>2026-06-26T00:49:52Z</time>
   </trkpt>
   <trkpt lat="39.7700580" lon="-105.2075940">
    <ele>1855.7</ele>
    <time>2026-06-26T00:49:53Z</time>
   </trkpt>
   <trkpt lat="39.7700560" lon="-105.2075900">
    <ele>1855.7</ele>
    <time>2026-06-26T00:49:54Z</time>
   </trkpt>
   <trkpt lat="39.7700660" lon="-105.2075640">
    <ele>1856.0</ele>
    <time>2026-06-26T00:49:55Z</time>
   </trkpt>
   <trkpt lat="39.7700790" lon="-105.2075540">
    <ele>1856.2</ele>
    <time>2026-06-26T00:49:56Z</time>
   </trkpt>
   <trkpt lat="39.7700870" lon="-105.2075420">
    <ele>1856.4</ele>
    <time>2026-06-26T00:49:57Z</time>
   </trkpt>
   <trkpt lat="39.7701020" lon="-105.2075270">
    <ele>1856.7</ele>
    <time>2026-06-26T00:49:58Z</time>
   </trkpt>
   <trkpt lat="39.7701160" lon="-105.2075130">
    <ele>1856.9</ele>
    <time>2026-06-26T00:49:59Z</time>
   </trkpt>
   <trkpt lat="39.7701260" lon="-105.2075120">
    <ele>1857.0</ele>
    <time>2026-06-26T00:50:00Z</time>
   </trkpt>
   <trkpt lat="39.7701470" lon="-105.2075110">
    <ele>1857.3</ele>
    <time>2026-06-26T00:50:01Z</time>
   </trkpt>
   <trkpt lat="39.7701580" lon="-105.2074980">
    <ele>1857.5</ele>
    <time>2026-06-26T00:50:02Z</time>
   </trkpt>
   <trkpt lat="39.7701640" lon="-105.2074920">
    <ele>1857.6</ele>
    <time>2026-06-26T00:50:03Z</time>
   </trkpt>
   <trkpt lat="39.7701750" lon="-105.2074890">
    <ele>1857.8</ele>
    <time>2026-06-26T00:50:04Z</time>
   </trkpt>
   <trkpt lat="39.7701940" lon="-105.2074840">
    <ele>1858.0</ele>
    <time>2026-06-26T00:50:05Z</time>
   </trkpt>
   <trkpt lat="39.7701970" lon="-105.2074690">
    <ele>1858.1</ele>
    <time>2026-06-26T00:50:06Z</time>
   </trkpt>
   <trkpt lat="39.7702050" lon="-105.2074520">
    <ele>1858.3</ele>
    <time>2026-06-26T00:50:07Z</time>
   </trkpt>
   <trkpt lat="39.7702150" lon="-105.2074380">
    <ele>1858.5</ele>
    <time>2026-06-26T00:50:08Z</time>
   </trkpt>
   <trkpt lat="39.7702190" lon="-105.2074200">
    <ele>1858.6</ele>
    <time>2026-06-26T00:50:09Z</time>
   </trkpt>
   <trkpt lat="39.7702270" lon="-105.2074100">
    <ele>1858.7</ele>
    <time>2026-06-26T00:50:10Z</time>
   </trkpt>
   <trkpt lat="39.7702420" lon="-105.2074000">
    <ele>1858.9</ele>
    <time>2026-06-26T00:50:11Z</time>
   </trkpt>
   <trkpt lat="39.7702400" lon="-105.2073930">
    <ele>1858.9</ele>
    <time>2026-06-26T00:50:12Z</time>
   </trkpt>
   <trkpt lat="39.7702500" lon="-105.2073800">
    <ele>1859.1</ele>
    <time>2026-06-26T00:50:13Z</time>
   </trkpt>
   <trkpt lat="39.7702570" lon="-105.2073580">
    <ele>1859.2</ele>
    <time>2026-06-26T00:50:14Z</time>
   </trkpt>
   <trkpt lat="39.7702590" lon="-105.2073600">
    <ele>1859.2</ele>
    <time>2026-06-26T00:50:15Z</time>
   </trkpt>
   <trkpt lat="39.7702700" lon="-105.2073410">
    <ele>1859.4</ele>
    <time>2026-06-26T00:50:16Z</time>
   </trkpt>
   <trkpt lat="39.7702950" lon="-105.2073120">
    <ele>1859.6</ele>
    <time>2026-06-26T00:50:17Z</time>
   </trkpt>
   <trkpt lat="39.7702800" lon="-105.2073150">
    <ele>1859.7</ele>
    <time>2026-06-26T00:50:18Z</time>
   </trkpt>
   <trkpt lat="39.7702910" lon="-105.2072950">
    <ele>1859.8</ele>
    <time>2026-06-26T00:50:19Z</time>
   </trkpt>
   <trkpt lat="39.7702930" lon="-105.2072790">
    <ele>1859.9</ele>
    <time>2026-06-26T00:50:20Z</time>
   </trkpt>
   <trkpt lat="39.7702970" lon="-105.2072640">
    <ele>1860.0</ele>
    <time>2026-06-26T00:50:21Z</time>
   </trkpt>
   <trkpt lat="39.7703010" lon="-105.2072470">
    <ele>1860.0</ele>
    <time>2026-06-26T00:50:22Z</time>
   </trkpt>
   <trkpt lat="39.7703090" lon="-105.2072270">
    <ele>1860.1</ele>
    <time>2026-06-26T00:50:23Z</time>
   </trkpt>
   <trkpt lat="39.7703140" lon="-105.2072060">
    <ele>1860.2</ele>
    <time>2026-06-26T00:50:24Z</time>
   </trkpt>
   <trkpt lat="39.7703300" lon="-105.2071680">
    <ele>1860.3</ele>
    <time>2026-06-26T00:50:25Z</time>
   </trkpt>
   <trkpt lat="39.7703410" lon="-105.2071490">
    <ele>1860.4</ele>
    <time>2026-06-26T00:50:26Z</time>
   </trkpt>
   <trkpt lat="39.7703440" lon="-105.2071140">
    <ele>1860.6</ele>
    <time>2026-06-26T00:50:27Z</time>
   </trkpt>
   <trkpt lat="39.7703520" lon="-105.2070810">
    <ele>1860.7</ele>
    <time>2026-06-26T00:50:28Z</time>
   </trkpt>
   <trkpt lat="39.7703660" lon="-105.2070470">
    <ele>1860.9</ele>
    <time>2026-06-26T00:50:29Z</time>
   </trkpt>
   <trkpt lat="39.7703780" lon="-105.2070250">
    <ele>1861.0</ele>
    <time>2026-06-26T00:50:30Z</time>
   </trkpt>
   <trkpt lat="39.7703890" lon="-105.2070080">
    <ele>1861.1</ele>
    <time>2026-06-26T00:50:31Z</time>
   </trkpt>
   <trkpt lat="39.7703980" lon="-105.2069890">
    <ele>1861.2</ele>
    <time>2026-06-26T00:50:32Z</time>
   </trkpt>
   <trkpt lat="39.7704060" lon="-105.2069680">
    <ele>1861.3</ele>
    <time>2026-06-26T00:50:34Z</time>
   </trkpt>
   <trkpt lat="39.7704230" lon="-105.2069550">
    <ele>1861.4</ele>
    <time>2026-06-26T00:50:35Z</time>
   </trkpt>
   <trkpt lat="39.7704320" lon="-105.2069350">
    <ele>1861.6</ele>
    <time>2026-06-26T00:50:36Z</time>
   </trkpt>
   <trkpt lat="39.7704440" lon="-105.2069210">
    <ele>1861.7</ele>
    <time>2026-06-26T00:50:37Z</time>
   </trkpt>
   <trkpt lat="39.7704530" lon="-105.2069010">
    <ele>1861.8</ele>
    <time>2026-06-26T00:50:38Z</time>
   </trkpt>
   <trkpt lat="39.7704590" lon="-105.2068790">
    <ele>1862.0</ele>
    <time>2026-06-26T00:50:39Z</time>
   </trkpt>
   <trkpt lat="39.7704740" lon="-105.2068650">
    <ele>1862.1</ele>
    <time>2026-06-26T00:50:40Z</time>
   </trkpt>
   <trkpt lat="39.7704880" lon="-105.2068510">
    <ele>1862.2</ele>
    <time>2026-06-26T00:50:41Z</time>
   </trkpt>
   <trkpt lat="39.7704970" lon="-105.2068350">
    <ele>1862.3</ele>
    <time>2026-06-26T00:50:42Z</time>
   </trkpt>
   <trkpt lat="39.7704950" lon="-105.2068100">
    <ele>1862.5</ele>
    <time>2026-06-26T00:50:43Z</time>
   </trkpt>
   <trkpt lat="39.7704890" lon="-105.2067870">
    <ele>1862.6</ele>
    <time>2026-06-26T00:50:44Z</time>
   </trkpt>
   <trkpt lat="39.7704880" lon="-105.2067660">
    <ele>1862.7</ele>
    <time>2026-06-26T00:50:45Z</time>
   </trkpt>
   <trkpt lat="39.7704910" lon="-105.2067390">
    <ele>1862.8</ele>
    <time>2026-06-26T00:50:46Z</time>
   </trkpt>
   <trkpt lat="39.7704970" lon="-105.2067130">
    <ele>1862.9</ele>
    <time>2026-06-26T00:50:47Z</time>
   </trkpt>
   <trkpt lat="39.7705060" lon="-105.2066880">
    <ele>1863.0</ele>
    <time>2026-06-26T00:50:48Z</time>
   </trkpt>
   <trkpt lat="39.7705240" lon="-105.2066640">
    <ele>1863.2</ele>
    <time>2026-06-26T00:50:49Z</time>
   </trkpt>
   <trkpt lat="39.7705290" lon="-105.2066390">
    <ele>1863.2</ele>
    <time>2026-06-26T00:50:50Z</time>
   </trkpt>
   <trkpt lat="39.7705240" lon="-105.2066090">
    <ele>1863.4</ele>
    <time>2026-06-26T00:50:51Z</time>
   </trkpt>
   <trkpt lat="39.7705290" lon="-105.2065800">
    <ele>1863.5</ele>
    <time>2026-06-26T00:50:52Z</time>
   </trkpt>
   <trkpt lat="39.7705280" lon="-105.2065540">
    <ele>1863.6</ele>
    <time>2026-06-26T00:50:53Z</time>
   </trkpt>
   <trkpt lat="39.7705370" lon="-105.2065260">
    <ele>1863.7</ele>
    <time>2026-06-26T00:50:54Z</time>
   </trkpt>
   <trkpt lat="39.7705560" lon="-105.2065050">
    <ele>1863.8</ele>
    <time>2026-06-26T00:50:55Z</time>
   </trkpt>
   <trkpt lat="39.7705680" lon="-105.2064870">
    <ele>1863.9</ele>
    <time>2026-06-26T00:50:56Z</time>
   </trkpt>
   <trkpt lat="39.7705720" lon="-105.2064620">
    <ele>1864.0</ele>
    <time>2026-06-26T00:50:57Z</time>
   </trkpt>
   <trkpt lat="39.7705830" lon="-105.2064140">
    <ele>1864.3</ele>
    <time>2026-06-26T00:50:58Z</time>
   </trkpt>
   <trkpt lat="39.7705920" lon="-105.2063920">
    <ele>1864.4</ele>
    <time>2026-06-26T00:50:59Z</time>
   </trkpt>
   <trkpt lat="39.7705950" lon="-105.2063670">
    <ele>1864.6</ele>
    <time>2026-06-26T00:51:00Z</time>
   </trkpt>
   <trkpt lat="39.7706030" lon="-105.2063530">
    <ele>1864.7</ele>
    <time>2026-06-26T00:51:01Z</time>
   </trkpt>
   <trkpt lat="39.7705960" lon="-105.2063240">
    <ele>1864.8</ele>
    <time>2026-06-26T00:51:02Z</time>
   </trkpt>
   <trkpt lat="39.7706030" lon="-105.2063010">
    <ele>1865.0</ele>
    <time>2026-06-26T00:51:03Z</time>
   </trkpt>
   <trkpt lat="39.7706160" lon="-105.2062840">
    <ele>1865.1</ele>
    <time>2026-06-26T00:51:04Z</time>
   </trkpt>
   <trkpt lat="39.7706410" lon="-105.2062690">
    <ele>1865.3</ele>
    <time>2026-06-26T00:51:05Z</time>
   </trkpt>
   <trkpt lat="39.7706480" lon="-105.2062550">
    <ele>1865.3</ele>
    <time>2026-06-26T00:51:06Z</time>
   </trkpt>
   <trkpt lat="39.7706450" lon="-105.2062250">
    <ele>1865.5</ele>
    <time>2026-06-26T00:51:07Z</time>
   </trkpt>
   <trkpt lat="39.7706450" lon="-105.2062050">
    <ele>1865.5</ele>
    <time>2026-06-26T00:51:08Z</time>
   </trkpt>
   <trkpt lat="39.7706200" lon="-105.2061650">
    <ele>1865.7</ele>
    <time>2026-06-26T00:51:09Z</time>
   </trkpt>
   <trkpt lat="39.7706330" lon="-105.2061550">
    <ele>1865.8</ele>
    <time>2026-06-26T00:51:10Z</time>
   </trkpt>
   <trkpt lat="39.7706360" lon="-105.2061320">
    <ele>1865.9</ele>
    <time>2026-06-26T00:51:11Z</time>
   </trkpt>
   <trkpt lat="39.7706680" lon="-105.2061050">
    <ele>1866.0</ele>
    <time>2026-06-26T00:51:12Z</time>
   </trkpt>
   <trkpt lat="39.7706780" lon="-105.2060880">
    <ele>1866.0</ele>
    <time>2026-06-26T00:51:13Z</time>
   </trkpt>
   <trkpt lat="39.7706840" lon="-105.2060670">
    <ele>1866.0</ele>
    <time>2026-06-26T00:51:14Z</time>
   </trkpt>
   <trkpt lat="39.7706850" lon="-105.2060440">
    <ele>1866.0</ele>
    <time>2026-06-26T00:51:15Z</time>
   </trkpt>
   <trkpt lat="39.7706900" lon="-105.2060230">
    <ele>1866.1</ele>
    <time>2026-06-26T00:51:16Z</time>
   </trkpt>
   <trkpt lat="39.7706740" lon="-105.2059930">
    <ele>1866.1</ele>
    <time>2026-06-26T00:51:17Z</time>
   </trkpt>
   <trkpt lat="39.7706900" lon="-105.2059680">
    <ele>1866.0</ele>
    <time>2026-06-26T00:51:18Z</time>
   </trkpt>
   <trkpt lat="39.7707030" lon="-105.2059480">
    <ele>1866.0</ele>
    <time>2026-06-26T00:51:19Z</time>
   </trkpt>
   <trkpt lat="39.7707140" lon="-105.2059270">
    <ele>1866.0</ele>
    <time>2026-06-26T00:51:20Z</time>
   </trkpt>
   <trkpt lat="39.7707150" lon="-105.2059080">
    <ele>1866.0</ele>
    <time>2026-06-26T00:51:21Z</time>
   </trkpt>
   <trkpt lat="39.7707130" lon="-105.2058680">
    <ele>1865.9</ele>
    <time>2026-06-26T00:51:22Z</time>
   </trkpt>
   <trkpt lat="39.7707090" lon="-105.2058470">
    <ele>1865.9</ele>
    <time>2026-06-26T00:51:23Z</time>
   </trkpt>
   <trkpt lat="39.7707020" lon="-105.2058050">
    <ele>1865.8</ele>
    <time>2026-06-26T00:51:24Z</time>
   </trkpt>
   <trkpt lat="39.7706910" lon="-105.2057680">
    <ele>1865.7</ele>
    <time>2026-06-26T00:51:25Z</time>
   </trkpt>
   <trkpt lat="39.7706850" lon="-105.2057270">
    <ele>1865.6</ele>
    <time>2026-06-26T00:51:26Z</time>
   </trkpt>
   <trkpt lat="39.7706760" lon="-105.2057020">
    <ele>1865.6</ele>
    <time>2026-06-26T00:51:27Z</time>
   </trkpt>
   <trkpt lat="39.7706740" lon="-105.2056570">
    <ele>1865.5</ele>
    <time>2026-06-26T00:51:28Z</time>
   </trkpt>
   <trkpt lat="39.7706800" lon="-105.2056070">
    <ele>1865.4</ele>
    <time>2026-06-26T00:51:29Z</time>
   </trkpt>
   <trkpt lat="39.7706910" lon="-105.2055500">
    <ele>1865.3</ele>
    <time>2026-06-26T00:51:30Z</time>
   </trkpt>
   <trkpt lat="39.7707000" lon="-105.2055050">
    <ele>1865.2</ele>
    <time>2026-06-26T00:51:31Z</time>
   </trkpt>
   <trkpt lat="39.7707190" lon="-105.2054670">
    <ele>1865.2</ele>
    <time>2026-06-26T00:51:32Z</time>
   </trkpt>
   <trkpt lat="39.7707380" lon="-105.2054290">
    <ele>1865.2</ele>
    <time>2026-06-26T00:51:33Z</time>
   </trkpt>
   <trkpt lat="39.7707550" lon="-105.2053850">
    <ele>1865.3</ele>
    <time>2026-06-26T00:51:34Z</time>
   </trkpt>
   <trkpt lat="39.7707700" lon="-105.2053480">
    <ele>1865.4</ele>
    <time>2026-06-26T00:51:35Z</time>
   </trkpt>
   <trkpt lat="39.7707950" lon="-105.2053120">
    <ele>1865.6</ele>
    <time>2026-06-26T00:51:36Z</time>
   </trkpt>
   <trkpt lat="39.7708160" lon="-105.2052910">
    <ele>1865.7</ele>
    <time>2026-06-26T00:51:37Z</time>
   </trkpt>
   <trkpt lat="39.7708470" lon="-105.2052660">
    <ele>1865.9</ele>
    <time>2026-06-26T00:51:38Z</time>
   </trkpt>
   <trkpt lat="39.7708750" lon="-105.2052670">
    <ele>1866.1</ele>
    <time>2026-06-26T00:51:39Z</time>
   </trkpt>
   <trkpt lat="39.7709000" lon="-105.2052710">
    <ele>1866.3</ele>
    <time>2026-06-26T00:51:40Z</time>
   </trkpt>
   <trkpt lat="39.7709310" lon="-105.2052920">
    <ele>1866.7</ele>
    <time>2026-06-26T00:51:41Z</time>
   </trkpt>
   <trkpt lat="39.7709500" lon="-105.2053110">
    <ele>1866.9</ele>
    <time>2026-06-26T00:51:42Z</time>
   </trkpt>
   <trkpt lat="39.7709720" lon="-105.2053170">
    <ele>1867.1</ele>
    <time>2026-06-26T00:51:43Z</time>
   </trkpt>
   <trkpt lat="39.7709860" lon="-105.2053160">
    <ele>1867.3</ele>
    <time>2026-06-26T00:51:44Z</time>
   </trkpt>
   <trkpt lat="39.7709990" lon="-105.2053030">
    <ele>1867.5</ele>
    <time>2026-06-26T00:51:45Z</time>
   </trkpt>
   <trkpt lat="39.7710220" lon="-105.2052930">
    <ele>1867.7</ele>
    <time>2026-06-26T00:51:46Z</time>
   </trkpt>
   <trkpt lat="39.7710430" lon="-105.2052740">
    <ele>1868.0</ele>
    <time>2026-06-26T00:51:47Z</time>
   </trkpt>
   <trkpt lat="39.7710520" lon="-105.2052560">
    <ele>1868.2</ele>
    <time>2026-06-26T00:51:48Z</time>
   </trkpt>
   <trkpt lat="39.7710660" lon="-105.2052330">
    <ele>1868.4</ele>
    <time>2026-06-26T00:51:49Z</time>
   </trkpt>
   <trkpt lat="39.7710680" lon="-105.2052130">
    <ele>1868.5</ele>
    <time>2026-06-26T00:51:50Z</time>
   </trkpt>
   <trkpt lat="39.7710570" lon="-105.2051930">
    <ele>1868.7</ele>
    <time>2026-06-26T00:51:51Z</time>
   </trkpt>
   <trkpt lat="39.7710680" lon="-105.2051610">
    <ele>1868.9</ele>
    <time>2026-06-26T00:51:52Z</time>
   </trkpt>
   <trkpt lat="39.7710690" lon="-105.2051370">
    <ele>1869.0</ele>
    <time>2026-06-26T00:51:53Z</time>
   </trkpt>
   <trkpt lat="39.7710970" lon="-105.2051100">
    <ele>1869.2</ele>
    <time>2026-06-26T00:51:54Z</time>
   </trkpt>
   <trkpt lat="39.7711140" lon="-105.2050940">
    <ele>1869.3</ele>
    <time>2026-06-26T00:51:55Z</time>
   </trkpt>
   <trkpt lat="39.7711270" lon="-105.2050770">
    <ele>1869.4</ele>
    <time>2026-06-26T00:51:56Z</time>
   </trkpt>
   <trkpt lat="39.7711350" lon="-105.2050610">
    <ele>1869.5</ele>
    <time>2026-06-26T00:51:57Z</time>
   </trkpt>
   <trkpt lat="39.7711470" lon="-105.2050540">
    <ele>1869.5</ele>
    <time>2026-06-26T00:51:58Z</time>
   </trkpt>
   <trkpt lat="39.7711800" lon="-105.2050450">
    <ele>1869.6</ele>
    <time>2026-06-26T00:51:59Z</time>
   </trkpt>
   <trkpt lat="39.7711890" lon="-105.2050340">
    <ele>1869.6</ele>
    <time>2026-06-26T00:52:00Z</time>
   </trkpt>
   <trkpt lat="39.7712100" lon="-105.2050240">
    <ele>1869.7</ele>
    <time>2026-06-26T00:52:01Z</time>
   </trkpt>
   <trkpt lat="39.7712360" lon="-105.2050240">
    <ele>1869.7</ele>
    <time>2026-06-26T00:52:02Z</time>
   </trkpt>
   <trkpt lat="39.7712560" lon="-105.2050170">
    <ele>1869.7</ele>
    <time>2026-06-26T00:52:03Z</time>
   </trkpt>
   <trkpt lat="39.7712690" lon="-105.2050060">
    <ele>1869.7</ele>
    <time>2026-06-26T00:52:04Z</time>
   </trkpt>
   <trkpt lat="39.7712850" lon="-105.2049990">
    <ele>1869.7</ele>
    <time>2026-06-26T00:52:05Z</time>
   </trkpt>
   <trkpt lat="39.7713080" lon="-105.2049760">
    <ele>1869.7</ele>
    <time>2026-06-26T00:52:06Z</time>
   </trkpt>
   <trkpt lat="39.7713240" lon="-105.2049670">
    <ele>1869.7</ele>
    <time>2026-06-26T00:52:07Z</time>
   </trkpt>
   <trkpt lat="39.7713400" lon="-105.2049480">
    <ele>1869.7</ele>
    <time>2026-06-26T00:52:08Z</time>
   </trkpt>
   <trkpt lat="39.7713440" lon="-105.2049330">
    <ele>1869.7</ele>
    <time>2026-06-26T00:52:09Z</time>
   </trkpt>
   <trkpt lat="39.7713520" lon="-105.2048930">
    <ele>1869.7</ele>
    <time>2026-06-26T00:52:10Z</time>
   </trkpt>
   <trkpt lat="39.7713710" lon="-105.2048840">
    <ele>1869.7</ele>
    <time>2026-06-26T00:52:11Z</time>
   </trkpt>
   <trkpt lat="39.7714100" lon="-105.2048670">
    <ele>1869.6</ele>
    <time>2026-06-26T00:52:12Z</time>
   </trkpt>
   <trkpt lat="39.7714280" lon="-105.2048640">
    <ele>1869.6</ele>
    <time>2026-06-26T00:52:13Z</time>
   </trkpt>
   <trkpt lat="39.7714540" lon="-105.2048600">
    <ele>1869.6</ele>
    <time>2026-06-26T00:52:14Z</time>
   </trkpt>
   <trkpt lat="39.7714600" lon="-105.2048630">
    <ele>1869.6</ele>
    <time>2026-06-26T00:52:15Z</time>
   </trkpt>
   <trkpt lat="39.7714970" lon="-105.2048650">
    <ele>1869.6</ele>
    <time>2026-06-26T00:52:16Z</time>
   </trkpt>
   <trkpt lat="39.7715370" lon="-105.2048570">
    <ele>1869.8</ele>
    <time>2026-06-26T00:52:17Z</time>
   </trkpt>
   <trkpt lat="39.7715600" lon="-105.2048520">
    <ele>1869.9</ele>
    <time>2026-06-26T00:52:18Z</time>
   </trkpt>
   <trkpt lat="39.7715770" lon="-105.2048450">
    <ele>1869.9</ele>
    <time>2026-06-26T00:52:19Z</time>
   </trkpt>
   <trkpt lat="39.7716060" lon="-105.2048310">
    <ele>1870.1</ele>
    <time>2026-06-26T00:52:20Z</time>
   </trkpt>
   <trkpt lat="39.7716240" lon="-105.2048310">
    <ele>1870.2</ele>
    <time>2026-06-26T00:52:21Z</time>
   </trkpt>
   <trkpt lat="39.7716520" lon="-105.2048140">
    <ele>1870.3</ele>
    <time>2026-06-26T00:52:22Z</time>
   </trkpt>
   <trkpt lat="39.7716740" lon="-105.2048120">
    <ele>1870.4</ele>
    <time>2026-06-26T00:52:23Z</time>
   </trkpt>
   <trkpt lat="39.7717340" lon="-105.2048180">
    <ele>1870.7</ele>
    <time>2026-06-26T00:52:24Z</time>
   </trkpt>
   <trkpt lat="39.7717490" lon="-105.2048280">
    <ele>1870.8</ele>
    <time>2026-06-26T00:52:25Z</time>
   </trkpt>
   <trkpt lat="39.7717740" lon="-105.2048070">
    <ele>1871.0</ele>
    <time>2026-06-26T00:52:26Z</time>
   </trkpt>
   <trkpt lat="39.7718030" lon="-105.2047940">
    <ele>1871.1</ele>
    <time>2026-06-26T00:52:27Z</time>
   </trkpt>
   <trkpt lat="39.7718320" lon="-105.2047800">
    <ele>1871.3</ele>
    <time>2026-06-26T00:52:28Z</time>
   </trkpt>
   <trkpt lat="39.7718380" lon="-105.2047830">
    <ele>1871.3</ele>
    <time>2026-06-26T00:52:29Z</time>
   </trkpt>
   <trkpt lat="39.7718660" lon="-105.2047790">
    <ele>1871.5</ele>
    <time>2026-06-26T00:52:30Z</time>
   </trkpt>
   <trkpt lat="39.7718860" lon="-105.2047690">
    <ele>1871.6</ele>
    <time>2026-06-26T00:52:31Z</time>
   </trkpt>
   <trkpt lat="39.7719060" lon="-105.2047560">
    <ele>1871.7</ele>
    <time>2026-06-26T00:52:32Z</time>
   </trkpt>
   <trkpt lat="39.7719400" lon="-105.2047670">
    <ele>1871.9</ele>
    <time>2026-06-26T00:52:33Z</time>
   </trkpt>
   <trkpt lat="39.7719610" lon="-105.2047720">
    <ele>1872.0</ele>
    <time>2026-06-26T00:52:34Z</time>
   </trkpt>
   <trkpt lat="39.7719870" lon="-105.2047780">
    <ele>1872.2</ele>
    <time>2026-06-26T00:52:35Z</time>
   </trkpt>
   <trkpt lat="39.7720030" lon="-105.2047610">
    <ele>1872.3</ele>
    <time>2026-06-26T00:52:36Z</time>
   </trkpt>
   <trkpt lat="39.7720330" lon="-105.2047600">
    <ele>1872.5</ele>
    <time>2026-06-26T00:52:37Z</time>
   </trkpt>
   <trkpt lat="39.7720540" lon="-105.2047680">
    <ele>1872.6</ele>
    <time>2026-06-26T00:52:38Z</time>
   </trkpt>
   <trkpt lat="39.7720790" lon="-105.2047470">
    <ele>1872.7</ele>
    <time>2026-06-26T00:52:40Z</time>
   </trkpt>
   <trkpt lat="39.7720910" lon="-105.2047370">
    <ele>1872.8</ele>
    <time>2026-06-26T00:52:41Z</time>
   </trkpt>
   <trkpt lat="39.7721030" lon="-105.2047260">
    <ele>1872.9</ele>
    <time>2026-06-26T00:52:42Z</time>
   </trkpt>
   <trkpt lat="39.7721220" lon="-105.2047140">
    <ele>1873.0</ele>
    <time>2026-06-26T00:52:43Z</time>
   </trkpt>
   <trkpt lat="39.7721460" lon="-105.2047070">
    <ele>1873.1</ele>
    <time>2026-06-26T00:52:44Z</time>
   </trkpt>
   <trkpt lat="39.7721690" lon="-105.2046980">
    <ele>1873.2</ele>
    <time>2026-06-26T00:52:45Z</time>
   </trkpt>
   <trkpt lat="39.7722030" lon="-105.2046810">
    <ele>1873.2</ele>
    <time>2026-06-26T00:52:46Z</time>
   </trkpt>
   <trkpt lat="39.7722090" lon="-105.2046690">
    <ele>1873.2</ele>
    <time>2026-06-26T00:52:47Z</time>
   </trkpt>
   <trkpt lat="39.7722250" lon="-105.2046510">
    <ele>1873.1</ele>
    <time>2026-06-26T00:52:48Z</time>
   </trkpt>
   <trkpt lat="39.7722480" lon="-105.2046490">
    <ele>1873.1</ele>
    <time>2026-06-26T00:52:49Z</time>
   </trkpt>
   <trkpt lat="39.7722570" lon="-105.2046210">
    <ele>1873.0</ele>
    <time>2026-06-26T00:52:50Z</time>
   </trkpt>
   <trkpt lat="39.7722660" lon="-105.2045790">
    <ele>1872.8</ele>
    <time>2026-06-26T00:52:51Z</time>
   </trkpt>
   <trkpt lat="39.7722720" lon="-105.2045650">
    <ele>1872.8</ele>
    <time>2026-06-26T00:52:52Z</time>
   </trkpt>
   <trkpt lat="39.7722970" lon="-105.2045270">
    <ele>1872.6</ele>
    <time>2026-06-26T00:52:53Z</time>
   </trkpt>
   <trkpt lat="39.7723100" lon="-105.2045140">
    <ele>1872.5</ele>
    <time>2026-06-26T00:52:54Z</time>
   </trkpt>
   <trkpt lat="39.7723110" lon="-105.2044780">
    <ele>1872.4</ele>
    <time>2026-06-26T00:52:55Z</time>
   </trkpt>
   <trkpt lat="39.7723080" lon="-105.2044300">
    <ele>1872.3</ele>
    <time>2026-06-26T00:52:56Z</time>
   </trkpt>
   <trkpt lat="39.7723010" lon="-105.2044030">
    <ele>1872.2</ele>
    <time>2026-06-26T00:52:57Z</time>
   </trkpt>
   <trkpt lat="39.7723060" lon="-105.2043600">
    <ele>1872.1</ele>
    <time>2026-06-26T00:52:58Z</time>
   </trkpt>
   <trkpt lat="39.7723400" lon="-105.2042660">
    <ele>1872.0</ele>
    <time>2026-06-26T00:52:59Z</time>
   </trkpt>
   <trkpt lat="39.7723570" lon="-105.2042300">
    <ele>1871.9</ele>
    <time>2026-06-26T00:53:00Z</time>
   </trkpt>
   <trkpt lat="39.7723770" lon="-105.2041750">
    <ele>1871.9</ele>
    <time>2026-06-26T00:53:01Z</time>
   </trkpt>
   <trkpt lat="39.7723890" lon="-105.2041280">
    <ele>1871.9</ele>
    <time>2026-06-26T00:53:02Z</time>
   </trkpt>
   <trkpt lat="39.7723910" lon="-105.2040900">
    <ele>1871.9</ele>
    <time>2026-06-26T00:53:03Z</time>
   </trkpt>
   <trkpt lat="39.7724010" lon="-105.2040640">
    <ele>1871.9</ele>
    <time>2026-06-26T00:53:04Z</time>
   </trkpt>
   <trkpt lat="39.7724150" lon="-105.2040250">
    <ele>1871.9</ele>
    <time>2026-06-26T00:53:05Z</time>
   </trkpt>
   <trkpt lat="39.7724220" lon="-105.2039970">
    <ele>1871.9</ele>
    <time>2026-06-26T00:53:06Z</time>
   </trkpt>
   <trkpt lat="39.7724310" lon="-105.2039710">
    <ele>1872.0</ele>
    <time>2026-06-26T00:53:07Z</time>
   </trkpt>
   <trkpt lat="39.7724480" lon="-105.2039500">
    <ele>1872.0</ele>
    <time>2026-06-26T00:53:08Z</time>
   </trkpt>
   <trkpt lat="39.7724980" lon="-105.2039150">
    <ele>1872.0</ele>
    <time>2026-06-26T00:53:09Z</time>
   </trkpt>
   <trkpt lat="39.7725170" lon="-105.2038400">
    <ele>1872.0</ele>
    <time>2026-06-26T00:53:10Z</time>
   </trkpt>
   <trkpt lat="39.7725510" lon="-105.2037840">
    <ele>1872.1</ele>
    <time>2026-06-26T00:53:11Z</time>
   </trkpt>
   <trkpt lat="39.7725920" lon="-105.2037270">
    <ele>1872.1</ele>
    <time>2026-06-26T00:53:12Z</time>
   </trkpt>
   <trkpt lat="39.7726150" lon="-105.2036550">
    <ele>1872.0</ele>
    <time>2026-06-26T00:53:13Z</time>
   </trkpt>
   <trkpt lat="39.7726160" lon="-105.2035840">
    <ele>1871.9</ele>
    <time>2026-06-26T00:53:14Z</time>
   </trkpt>
   <trkpt lat="39.7725960" lon="-105.2035170">
    <ele>1871.8</ele>
    <time>2026-06-26T00:53:15Z</time>
   </trkpt>
   <trkpt lat="39.7726100" lon="-105.2034500">
    <ele>1871.8</ele>
    <time>2026-06-26T00:53:16Z</time>
   </trkpt>
   <trkpt lat="39.7726270" lon="-105.2033980">
    <ele>1871.8</ele>
    <time>2026-06-26T00:53:17Z</time>
   </trkpt>
   <trkpt lat="39.7726520" lon="-105.2033480">
    <ele>1871.9</ele>
    <time>2026-06-26T00:53:18Z</time>
   </trkpt>
   <trkpt lat="39.7726500" lon="-105.2033340">
    <ele>1871.9</ele>
    <time>2026-06-26T00:53:19Z</time>
   </trkpt>
   <trkpt lat="39.7726470" lon="-105.2032970">
    <ele>1871.9</ele>
    <time>2026-06-26T00:53:20Z</time>
   </trkpt>
   <trkpt lat="39.7726520" lon="-105.2032590">
    <ele>1872.0</ele>
    <time>2026-06-26T00:53:21Z</time>
   </trkpt>
   <trkpt lat="39.7726580" lon="-105.2032280">
    <ele>1872.0</ele>
    <time>2026-06-26T00:53:22Z</time>
   </trkpt>
   <trkpt lat="39.7726630" lon="-105.2031930">
    <ele>1872.1</ele>
    <time>2026-06-26T00:53:23Z</time>
   </trkpt>
   <trkpt lat="39.7726770" lon="-105.2031230">
    <ele>1872.3</ele>
    <time>2026-06-26T00:53:24Z</time>
   </trkpt>
   <trkpt lat="39.7726710" lon="-105.2030880">
    <ele>1872.3</ele>
    <time>2026-06-26T00:53:25Z</time>
   </trkpt>
   <trkpt lat="39.7727000" lon="-105.2030320">
    <ele>1872.4</ele>
    <time>2026-06-26T00:53:26Z</time>
   </trkpt>
   <trkpt lat="39.7727180" lon="-105.2029830">
    <ele>1872.4</ele>
    <time>2026-06-26T00:53:27Z</time>
   </trkpt>
   <trkpt lat="39.7727420" lon="-105.2029530">
    <ele>1872.4</ele>
    <time>2026-06-26T00:53:28Z</time>
   </trkpt>
   <trkpt lat="39.7727700" lon="-105.2029110">
    <ele>1872.4</ele>
    <time>2026-06-26T00:53:29Z</time>
   </trkpt>
   <trkpt lat="39.7727810" lon="-105.2028650">
    <ele>1872.4</ele>
    <time>2026-06-26T00:53:30Z</time>
   </trkpt>
   <trkpt lat="39.7728050" lon="-105.2028310">
    <ele>1872.4</ele>
    <time>2026-06-26T00:53:31Z</time>
   </trkpt>
   <trkpt lat="39.7728070" lon="-105.2027790">
    <ele>1872.4</ele>
    <time>2026-06-26T00:53:32Z</time>
   </trkpt>
   <trkpt lat="39.7728100" lon="-105.2027320">
    <ele>1872.3</ele>
    <time>2026-06-26T00:53:33Z</time>
   </trkpt>
   <trkpt lat="39.7728080" lon="-105.2026780">
    <ele>1872.3</ele>
    <time>2026-06-26T00:53:34Z</time>
   </trkpt>
   <trkpt lat="39.7728040" lon="-105.2026090">
    <ele>1872.1</ele>
    <time>2026-06-26T00:53:35Z</time>
   </trkpt>
   <trkpt lat="39.7728380" lon="-105.2025730">
    <ele>1871.9</ele>
    <time>2026-06-26T00:53:36Z</time>
   </trkpt>
   <trkpt lat="39.7728450" lon="-105.2025070">
    <ele>1871.6</ele>
    <time>2026-06-26T00:53:37Z</time>
   </trkpt>
   <trkpt lat="39.7728450" lon="-105.2024740">
    <ele>1871.5</ele>
    <time>2026-06-26T00:53:38Z</time>
   </trkpt>
   <trkpt lat="39.7728830" lon="-105.2023690">
    <ele>1871.0</ele>
    <time>2026-06-26T00:53:39Z</time>
   </trkpt>
   <trkpt lat="39.7729190" lon="-105.2023260">
    <ele>1870.7</ele>
    <time>2026-06-26T00:53:40Z</time>
   </trkpt>
   <trkpt lat="39.7729870" lon="-105.2022310">
    <ele>1870.3</ele>
    <time>2026-06-26T00:53:41Z</time>
   </trkpt>
   <trkpt lat="39.7730600" lon="-105.2021500">
    <ele>1870.2</ele>
    <time>2026-06-26T00:53:42Z</time>
   </trkpt>
   <trkpt lat="39.7730860" lon="-105.2021200">
    <ele>1870.2</ele>
    <time>2026-06-26T00:53:43Z</time>
   </trkpt>
   <trkpt lat="39.7730960" lon="-105.2020790">
    <ele>1870.3</ele>
    <time>2026-06-26T00:53:44Z</time>
   </trkpt>
   <trkpt lat="39.7731090" lon="-105.2020670">
    <ele>1870.3</ele>
    <time>2026-06-26T00:53:45Z</time>
   </trkpt>
   <trkpt lat="39.7731290" lon="-105.2020560">
    <ele>1870.4</ele>
    <time>2026-06-26T00:53:46Z</time>
   </trkpt>
   <trkpt lat="39.7731440" lon="-105.2020350">
    <ele>1870.4</ele>
    <time>2026-06-26T00:53:47Z</time>
   </trkpt>
   <trkpt lat="39.7731670" lon="-105.2020060">
    <ele>1870.5</ele>
    <time>2026-06-26T00:53:48Z</time>
   </trkpt>
   <trkpt lat="39.7731930" lon="-105.2020020">
    <ele>1870.6</ele>
    <time>2026-06-26T00:53:49Z</time>
   </trkpt>
   <trkpt lat="39.7732110" lon="-105.2019770">
    <ele>1870.7</ele>
    <time>2026-06-26T00:53:50Z</time>
   </trkpt>
   <trkpt lat="39.7732230" lon="-105.2019610">
    <ele>1870.7</ele>
    <time>2026-06-26T00:53:51Z</time>
   </trkpt>
   <trkpt lat="39.7732350" lon="-105.2019310">
    <ele>1870.8</ele>
    <time>2026-06-26T00:53:52Z</time>
   </trkpt>
   <trkpt lat="39.7732570" lon="-105.2019130">
    <ele>1870.8</ele>
    <time>2026-06-26T00:53:53Z</time>
   </trkpt>
   <trkpt lat="39.7732780" lon="-105.2018990">
    <ele>1870.9</ele>
    <time>2026-06-26T00:53:54Z</time>
   </trkpt>
   <trkpt lat="39.7732930" lon="-105.2018840">
    <ele>1870.9</ele>
    <time>2026-06-26T00:53:55Z</time>
   </trkpt>
   <trkpt lat="39.7733190" lon="-105.2018720">
    <ele>1870.9</ele>
    <time>2026-06-26T00:53:56Z</time>
   </trkpt>
   <trkpt lat="39.7733340" lon="-105.2018530">
    <ele>1870.9</ele>
    <time>2026-06-26T00:53:57Z</time>
   </trkpt>
   <trkpt lat="39.7733580" lon="-105.2018370">
    <ele>1871.0</ele>
    <time>2026-06-26T00:53:58Z</time>
   </trkpt>
   <trkpt lat="39.7733790" lon="-105.2018310">
    <ele>1871.0</ele>
    <time>2026-06-26T00:53:59Z</time>
   </trkpt>
   <trkpt lat="39.7734080" lon="-105.2018280">
    <ele>1871.0</ele>
    <time>2026-06-26T00:54:00Z</time>
   </trkpt>
   <trkpt lat="39.7734200" lon="-105.2018160">
    <ele>1871.0</ele>
    <time>2026-06-26T00:54:01Z</time>
   </trkpt>
   <trkpt lat="39.7734390" lon="-105.2018130">
    <ele>1871.0</ele>
    <time>2026-06-26T00:54:02Z</time>
   </trkpt>
   <trkpt lat="39.7734510" lon="-105.2018020">
    <ele>1871.1</ele>
    <time>2026-06-26T00:54:03Z</time>
   </trkpt>
   <trkpt lat="39.7734620" lon="-105.2018200">
    <ele>1871.1</ele>
    <time>2026-06-26T00:54:04Z</time>
   </trkpt>
   <trkpt lat="39.7734680" lon="-105.2018110">
    <ele>1871.1</ele>
    <time>2026-06-26T00:54:05Z</time>
   </trkpt>
   <trkpt lat="39.7734710" lon="-105.2018050">
    <ele>1871.1</ele>
    <time>2026-06-26T00:54:06Z</time>
   </trkpt>
   <trkpt lat="39.7734820" lon="-105.2017940">
    <ele>1871.1</ele>
    <time>2026-06-26T00:54:07Z</time>
   </trkpt>
   <trkpt lat="39.7735020" lon="-105.2017840">
    <ele>1871.1</ele>
    <time>2026-06-26T00:54:08Z</time>
   </trkpt>
   <trkpt lat="39.7735170" lon="-105.2017770">
    <ele>1871.1</ele>
    <time>2026-06-26T00:54:09Z</time>
   </trkpt>
   <trkpt lat="39.7735280" lon="-105.2017720">
    <ele>1871.1</ele>
    <time>2026-06-26T00:54:10Z</time>
   </trkpt>
   <trkpt lat="39.7735240" lon="-105.2017770">
    <ele>1871.1</ele>
    <time>2026-06-26T00:54:11Z</time>
   </trkpt>
   <trkpt lat="39.7735240" lon="-105.2017740">
    <ele>1871.1</ele>
    <time>2026-06-26T00:54:12Z</time>
   </trkpt>
   <trkpt lat="39.7735270" lon="-105.2017720">
    <ele>1871.1</ele>
    <time>2026-06-26T00:54:13Z</time>
   </trkpt>
   <trkpt lat="39.7735290" lon="-105.2017700">
    <ele>1871.1</ele>
    <time>2026-06-26T00:54:14Z</time>
   </trkpt>
   <trkpt lat="39.7735250" lon="-105.2017580">
    <ele>1871.1</ele>
    <time>2026-06-26T00:54:15Z</time>
   </trkpt>
   <trkpt lat="39.7735250" lon="-105.2017580">
    <ele>1871.1</ele>
    <time>2026-06-26T00:54:16Z</time>
   </trkpt>
   <trkpt lat="39.7735250" lon="-105.2017580">
    <ele>1871.1</ele>
    <time>2026-06-26T00:54:17Z</time>
   </trkpt>
   <trkpt lat="39.7735250" lon="-105.2017580">
    <ele>1871.1</ele>
    <time>2026-06-26T00:54:18Z</time>
   </trkpt>
   <trkpt lat="39.7735250" lon="-105.2017580">
    <ele>1871.1</ele>
    <time>2026-06-26T00:54:19Z</time>
   </trkpt>
   <trkpt lat="39.7735250" lon="-105.2017580">
    <ele>1871.1</ele>
    <time>2026-06-26T00:54:20Z</time>
   </trkpt>
   <trkpt lat="39.7735910" lon="-105.2017590">
    <ele>1871.1</ele>
    <time>2026-06-26T00:54:46Z</time>
   </trkpt>
   <trkpt lat="39.7736220" lon="-105.2017550">
    <ele>1871.1</ele>
    <time>2026-06-26T00:54:47Z</time>
   </trkpt>
   <trkpt lat="39.7736430" lon="-105.2017530">
    <ele>1871.0</ele>
    <time>2026-06-26T00:54:48Z</time>
   </trkpt>
   <trkpt lat="39.7736600" lon="-105.2017370">
    <ele>1871.0</ele>
    <time>2026-06-26T00:54:49Z</time>
   </trkpt>
   <trkpt lat="39.7737200" lon="-105.2017500">
    <ele>1870.8</ele>
    <time>2026-06-26T00:54:50Z</time>
   </trkpt>
   <trkpt lat="39.7737500" lon="-105.2017500">
    <ele>1870.7</ele>
    <time>2026-06-26T00:54:52Z</time>
   </trkpt>
   <trkpt lat="39.7737900" lon="-105.2017440">
    <ele>1870.4</ele>
    <time>2026-06-26T00:54:53Z</time>
   </trkpt>
   <trkpt lat="39.7738160" lon="-105.2017540">
    <ele>1870.3</ele>
    <time>2026-06-26T00:54:54Z</time>
   </trkpt>
   <trkpt lat="39.7738470" lon="-105.2017490">
    <ele>1870.1</ele>
    <time>2026-06-26T00:54:55Z</time>
   </trkpt>
   <trkpt lat="39.7738790" lon="-105.2017400">
    <ele>1869.8</ele>
    <time>2026-06-26T00:54:56Z</time>
   </trkpt>
   <trkpt lat="39.7739200" lon="-105.2017430">
    <ele>1869.5</ele>
    <time>2026-06-26T00:54:57Z</time>
   </trkpt>
   <trkpt lat="39.7739610" lon="-105.2017460">
    <ele>1869.1</ele>
    <time>2026-06-26T00:54:58Z</time>
   </trkpt>
   <trkpt lat="39.7739910" lon="-105.2017480">
    <ele>1868.9</ele>
    <time>2026-06-26T00:54:59Z</time>
   </trkpt>
   <trkpt lat="39.7740490" lon="-105.2017480">
    <ele>1868.3</ele>
    <time>2026-06-26T00:55:00Z</time>
   </trkpt>
   <trkpt lat="39.7740920" lon="-105.2017410">
    <ele>1867.8</ele>
    <time>2026-06-26T00:55:01Z</time>
   </trkpt>
   <trkpt lat="39.7741870" lon="-105.2017100">
    <ele>1866.6</ele>
    <time>2026-06-26T00:55:02Z</time>
   </trkpt>
   <trkpt lat="39.7742320" lon="-105.2016940">
    <ele>1866.1</ele>
    <time>2026-06-26T00:55:03Z</time>
   </trkpt>
   <trkpt lat="39.7742770" lon="-105.2016510">
    <ele>1865.4</ele>
    <time>2026-06-26T00:55:04Z</time>
   </trkpt>
   <trkpt lat="39.7743200" lon="-105.2016330">
    <ele>1864.9</ele>
    <time>2026-06-26T00:55:05Z</time>
   </trkpt>
   <trkpt lat="39.7743720" lon="-105.2016450">
    <ele>1864.5</ele>
    <time>2026-06-26T00:55:06Z</time>
   </trkpt>
   <trkpt lat="39.7744280" lon="-105.2016580">
    <ele>1864.2</ele>
    <time>2026-06-26T00:55:07Z</time>
   </trkpt>
   <trkpt lat="39.7744570" lon="-105.2016930">
    <ele>1864.0</ele>
    <time>2026-06-26T00:55:08Z</time>
   </trkpt>
   <trkpt lat="39.7744780" lon="-105.2017350">
    <ele>1863.8</ele>
    <time>2026-06-26T00:55:09Z</time>
   </trkpt>
   <trkpt lat="39.7744910" lon="-105.2017590">
    <ele>1863.7</ele>
    <time>2026-06-26T00:55:10Z</time>
   </trkpt>
   <trkpt lat="39.7744850" lon="-105.2017930">
    <ele>1863.6</ele>
    <time>2026-06-26T00:55:11Z</time>
   </trkpt>
   <trkpt lat="39.7744930" lon="-105.2017970">
    <ele>1863.6</ele>
    <time>2026-06-26T00:55:12Z</time>
   </trkpt>
   <trkpt lat="39.7745190" lon="-105.2017950">
    <ele>1863.4</ele>
    <time>2026-06-26T00:55:13Z</time>
   </trkpt>
   <trkpt lat="39.7745390" lon="-105.2017980">
    <ele>1863.3</ele>
    <time>2026-06-26T00:55:14Z</time>
   </trkpt>
   <trkpt lat="39.7745630" lon="-105.2017900">
    <ele>1863.2</ele>
    <time>2026-06-26T00:55:15Z</time>
   </trkpt>
   <trkpt lat="39.7746060" lon="-105.2018320">
    <ele>1862.9</ele>
    <time>2026-06-26T00:55:16Z</time>
   </trkpt>
   <trkpt lat="39.7746290" lon="-105.2018590">
    <ele>1862.7</ele>
    <time>2026-06-26T00:55:17Z</time>
   </trkpt>
   <trkpt lat="39.7746680" lon="-105.2018920">
    <ele>1862.6</ele>
    <time>2026-06-26T00:55:18Z</time>
   </trkpt>
   <trkpt lat="39.7747030" lon="-105.2019020">
    <ele>1862.4</ele>
    <time>2026-06-26T00:55:19Z</time>
   </trkpt>
   <trkpt lat="39.7747470" lon="-105.2019460">
    <ele>1862.4</ele>
    <time>2026-06-26T00:55:20Z</time>
   </trkpt>
   <trkpt lat="39.7747810" lon="-105.2019670">
    <ele>1862.4</ele>
    <time>2026-06-26T00:55:21Z</time>
   </trkpt>
   <trkpt lat="39.7748210" lon="-105.2019920">
    <ele>1862.4</ele>
    <time>2026-06-26T00:55:22Z</time>
   </trkpt>
   <trkpt lat="39.7748620" lon="-105.2020150">
    <ele>1862.5</ele>
    <time>2026-06-26T00:55:23Z</time>
   </trkpt>
   <trkpt lat="39.7748970" lon="-105.2020490">
    <ele>1862.5</ele>
    <time>2026-06-26T00:55:24Z</time>
   </trkpt>
   <trkpt lat="39.7749150" lon="-105.2020770">
    <ele>1862.5</ele>
    <time>2026-06-26T00:55:25Z</time>
   </trkpt>
   <trkpt lat="39.7749410" lon="-105.2021210">
    <ele>1862.6</ele>
    <time>2026-06-26T00:55:26Z</time>
   </trkpt>
   <trkpt lat="39.7749560" lon="-105.2021630">
    <ele>1862.6</ele>
    <time>2026-06-26T00:55:27Z</time>
   </trkpt>
   <trkpt lat="39.7749720" lon="-105.2021560">
    <ele>1862.6</ele>
    <time>2026-06-26T00:55:28Z</time>
   </trkpt>
   <trkpt lat="39.7750110" lon="-105.2021650">
    <ele>1862.7</ele>
    <time>2026-06-26T00:55:29Z</time>
   </trkpt>
   <trkpt lat="39.7750270" lon="-105.2022070">
    <ele>1862.7</ele>
    <time>2026-06-26T00:55:30Z</time>
   </trkpt>
   <trkpt lat="39.7750580" lon="-105.2022060">
    <ele>1862.8</ele>
    <time>2026-06-26T00:55:31Z</time>
   </trkpt>
   <trkpt lat="39.7750700" lon="-105.2022390">
    <ele>1862.9</ele>
    <time>2026-06-26T00:55:32Z</time>
   </trkpt>
   <trkpt lat="39.7750770" lon="-105.2022790">
    <ele>1863.0</ele>
    <time>2026-06-26T00:55:33Z</time>
   </trkpt>
   <trkpt lat="39.7750940" lon="-105.2023060">
    <ele>1863.0</ele>
    <time>2026-06-26T00:55:34Z</time>
   </trkpt>
   <trkpt lat="39.7751150" lon="-105.2023300">
    <ele>1863.1</ele>
    <time>2026-06-26T00:55:35Z</time>
   </trkpt>
   <trkpt lat="39.7751570" lon="-105.2023800">
    <ele>1863.2</ele>
    <time>2026-06-26T00:55:36Z</time>
   </trkpt>
   <trkpt lat="39.7751850" lon="-105.2023880">
    <ele>1863.3</ele>
    <time>2026-06-26T00:55:37Z</time>
   </trkpt>
   <trkpt lat="39.7752120" lon="-105.2023950">
    <ele>1863.3</ele>
    <time>2026-06-26T00:55:38Z</time>
   </trkpt>
   <trkpt lat="39.7752390" lon="-105.2024220">
    <ele>1863.3</ele>
    <time>2026-06-26T00:55:39Z</time>
   </trkpt>
   <trkpt lat="39.7752640" lon="-105.2024610">
    <ele>1863.3</ele>
    <time>2026-06-26T00:55:40Z</time>
   </trkpt>
   <trkpt lat="39.7753070" lon="-105.2024650">
    <ele>1863.3</ele>
    <time>2026-06-26T00:55:41Z</time>
   </trkpt>
   <trkpt lat="39.7753290" lon="-105.2024750">
    <ele>1863.3</ele>
    <time>2026-06-26T00:55:42Z</time>
   </trkpt>
   <trkpt lat="39.7753500" lon="-105.2025040">
    <ele>1863.3</ele>
    <time>2026-06-26T00:55:43Z</time>
   </trkpt>
   <trkpt lat="39.7753660" lon="-105.2025680">
    <ele>1863.2</ele>
    <time>2026-06-26T00:55:44Z</time>
   </trkpt>
   <trkpt lat="39.7753980" lon="-105.2025640">
    <ele>1863.1</ele>
    <time>2026-06-26T00:55:45Z</time>
   </trkpt>
   <trkpt lat="39.7754330" lon="-105.2025670">
    <ele>1863.1</ele>
    <time>2026-06-26T00:55:46Z</time>
   </trkpt>
   <trkpt lat="39.7754610" lon="-105.2025750">
    <ele>1863.0</ele>
    <time>2026-06-26T00:55:47Z</time>
   </trkpt>
   <trkpt lat="39.7755020" lon="-105.2026090">
    <ele>1862.9</ele>
    <time>2026-06-26T00:55:48Z</time>
   </trkpt>
   <trkpt lat="39.7755440" lon="-105.2026470">
    <ele>1862.8</ele>
    <time>2026-06-26T00:55:49Z</time>
   </trkpt>
   <trkpt lat="39.7755920" lon="-105.2026870">
    <ele>1862.7</ele>
    <time>2026-06-26T00:55:50Z</time>
   </trkpt>
   <trkpt lat="39.7756060" lon="-105.2026820">
    <ele>1862.6</ele>
    <time>2026-06-26T00:55:51Z</time>
   </trkpt>
   <trkpt lat="39.7756430" lon="-105.2026810">
    <ele>1862.5</ele>
    <time>2026-06-26T00:55:52Z</time>
   </trkpt>
   <trkpt lat="39.7756680" lon="-105.2026930">
    <ele>1862.3</ele>
    <time>2026-06-26T00:55:53Z</time>
   </trkpt>
   <trkpt lat="39.7757110" lon="-105.2026560">
    <ele>1861.9</ele>
    <time>2026-06-26T00:55:54Z</time>
   </trkpt>
   <trkpt lat="39.7757460" lon="-105.2026440">
    <ele>1861.6</ele>
    <time>2026-06-26T00:55:55Z</time>
   </trkpt>
   <trkpt lat="39.7758130" lon="-105.2026420">
    <ele>1860.8</ele>
    <time>2026-06-26T00:55:56Z</time>
   </trkpt>
   <trkpt lat="39.7758790" lon="-105.2026360">
    <ele>1860.0</ele>
    <time>2026-06-26T00:55:57Z</time>
   </trkpt>
   <trkpt lat="39.7759470" lon="-105.2026490">
    <ele>1859.1</ele>
    <time>2026-06-26T00:55:58Z</time>
   </trkpt>
   <trkpt lat="39.7759970" lon="-105.2026570">
    <ele>1858.5</ele>
    <time>2026-06-26T00:55:59Z</time>
   </trkpt>
   <trkpt lat="39.7760490" lon="-105.2026370">
    <ele>1857.9</ele>
    <time>2026-06-26T00:56:00Z</time>
   </trkpt>
   <trkpt lat="39.7760980" lon="-105.2026500">
    <ele>1857.4</ele>
    <time>2026-06-26T00:56:01Z</time>
   </trkpt>
   <trkpt lat="39.7761370" lon="-105.2026590">
    <ele>1857.1</ele>
    <time>2026-06-26T00:56:02Z</time>
   </trkpt>
   <trkpt lat="39.7761670" lon="-105.2026410">
    <ele>1856.8</ele>
    <time>2026-06-26T00:56:03Z</time>
   </trkpt>
   <trkpt lat="39.7761820" lon="-105.2026010">
    <ele>1856.4</ele>
    <time>2026-06-26T00:56:04Z</time>
   </trkpt>
   <trkpt lat="39.7761960" lon="-105.2025690">
    <ele>1856.1</ele>
    <time>2026-06-26T00:56:05Z</time>
   </trkpt>
   <trkpt lat="39.7762380" lon="-105.2025180">
    <ele>1855.5</ele>
    <time>2026-06-26T00:56:06Z</time>
   </trkpt>
   <trkpt lat="39.7762620" lon="-105.2024990">
    <ele>1855.2</ele>
    <time>2026-06-26T00:56:07Z</time>
   </trkpt>
   <trkpt lat="39.7763010" lon="-105.2024750">
    <ele>1854.7</ele>
    <time>2026-06-26T00:56:08Z</time>
   </trkpt>
   <trkpt lat="39.7763440" lon="-105.2024740">
    <ele>1854.1</ele>
    <time>2026-06-26T00:56:09Z</time>
   </trkpt>
   <trkpt lat="39.7763860" lon="-105.2024380">
    <ele>1853.6</ele>
    <time>2026-06-26T00:56:10Z</time>
   </trkpt>
   <trkpt lat="39.7764260" lon="-105.2024110">
    <ele>1853.2</ele>
    <time>2026-06-26T00:56:11Z</time>
   </trkpt>
   <trkpt lat="39.7764630" lon="-105.2023970">
    <ele>1852.9</ele>
    <time>2026-06-26T00:56:12Z</time>
   </trkpt>
   <trkpt lat="39.7765150" lon="-105.2024170">
    <ele>1852.6</ele>
    <time>2026-06-26T00:56:13Z</time>
   </trkpt>
   <trkpt lat="39.7765420" lon="-105.2024360">
    <ele>1852.4</ele>
    <time>2026-06-26T00:56:14Z</time>
   </trkpt>
   <trkpt lat="39.7765790" lon="-105.2024060">
    <ele>1852.3</ele>
    <time>2026-06-26T00:56:15Z</time>
   </trkpt>
   <trkpt lat="39.7766150" lon="-105.2023720">
    <ele>1852.1</ele>
    <time>2026-06-26T00:56:16Z</time>
   </trkpt>
   <trkpt lat="39.7766470" lon="-105.2023480">
    <ele>1852.0</ele>
    <time>2026-06-26T00:56:17Z</time>
   </trkpt>
   <trkpt lat="39.7766710" lon="-105.2023170">
    <ele>1851.9</ele>
    <time>2026-06-26T00:56:18Z</time>
   </trkpt>
   <trkpt lat="39.7767100" lon="-105.2022940">
    <ele>1851.8</ele>
    <time>2026-06-26T00:56:19Z</time>
   </trkpt>
   <trkpt lat="39.7767430" lon="-105.2022680">
    <ele>1851.7</ele>
    <time>2026-06-26T00:56:20Z</time>
   </trkpt>
   <trkpt lat="39.7767640" lon="-105.2022470">
    <ele>1851.7</ele>
    <time>2026-06-26T00:56:21Z</time>
   </trkpt>
   <trkpt lat="39.7767820" lon="-105.2022410">
    <ele>1851.6</ele>
    <time>2026-06-26T00:56:22Z</time>
   </trkpt>
   <trkpt lat="39.7768070" lon="-105.2022620">
    <ele>1851.6</ele>
    <time>2026-06-26T00:56:23Z</time>
   </trkpt>
   <trkpt lat="39.7768510" lon="-105.2022570">
    <ele>1851.5</ele>
    <time>2026-06-26T00:56:24Z</time>
   </trkpt>
   <trkpt lat="39.7768640" lon="-105.2022360">
    <ele>1851.4</ele>
    <time>2026-06-26T00:56:25Z</time>
   </trkpt>
   <trkpt lat="39.7769020" lon="-105.2022050">
    <ele>1851.3</ele>
    <time>2026-06-26T00:56:26Z</time>
   </trkpt>
   <trkpt lat="39.7769220" lon="-105.2021980">
    <ele>1851.2</ele>
    <time>2026-06-26T00:56:27Z</time>
   </trkpt>
   <trkpt lat="39.7769580" lon="-105.2022080">
    <ele>1851.0</ele>
    <time>2026-06-26T00:56:28Z</time>
   </trkpt>
   <trkpt lat="39.7769860" lon="-105.2021760">
    <ele>1850.8</ele>
    <time>2026-06-26T00:56:29Z</time>
   </trkpt>
   <trkpt lat="39.7770080" lon="-105.2021510">
    <ele>1850.6</ele>
    <time>2026-06-26T00:56:30Z</time>
   </trkpt>
   <trkpt lat="39.7770460" lon="-105.2021460">
    <ele>1850.4</ele>
    <time>2026-06-26T00:56:31Z</time>
   </trkpt>
   <trkpt lat="39.7770760" lon="-105.2021290">
    <ele>1850.1</ele>
    <time>2026-06-26T00:56:32Z</time>
   </trkpt>
   <trkpt lat="39.7770960" lon="-105.2021260">
    <ele>1850.0</ele>
    <time>2026-06-26T00:56:33Z</time>
   </trkpt>
   <trkpt lat="39.7771020" lon="-105.2020450">
    <ele>1849.6</ele>
    <time>2026-06-26T00:56:34Z</time>
   </trkpt>
   <trkpt lat="39.7771360" lon="-105.2020130">
    <ele>1849.3</ele>
    <time>2026-06-26T00:56:35Z</time>
   </trkpt>
   <trkpt lat="39.7772090" lon="-105.2019730">
    <ele>1849.0</ele>
    <time>2026-06-26T00:56:36Z</time>
   </trkpt>
   <trkpt lat="39.7772700" lon="-105.2019510">
    <ele>1848.9</ele>
    <time>2026-06-26T00:56:37Z</time>
   </trkpt>
   <trkpt lat="39.7773150" lon="-105.2019390">
    <ele>1848.9</ele>
    <time>2026-06-26T00:56:38Z</time>
   </trkpt>
   <trkpt lat="39.7773630" lon="-105.2019710">
    <ele>1849.0</ele>
    <time>2026-06-26T00:56:39Z</time>
   </trkpt>
   <trkpt lat="39.7773890" lon="-105.2019770">
    <ele>1849.0</ele>
    <time>2026-06-26T00:56:40Z</time>
   </trkpt>
   <trkpt lat="39.7774090" lon="-105.2019910">
    <ele>1849.1</ele>
    <time>2026-06-26T00:56:41Z</time>
   </trkpt>
   <trkpt lat="39.7774290" lon="-105.2019990">
    <ele>1849.2</ele>
    <time>2026-06-26T00:56:42Z</time>
   </trkpt>
   <trkpt lat="39.7774610" lon="-105.2020250">
    <ele>1849.3</ele>
    <time>2026-06-26T00:56:43Z</time>
   </trkpt>
   <trkpt lat="39.7775040" lon="-105.2020170">
    <ele>1849.5</ele>
    <time>2026-06-26T00:56:44Z</time>
   </trkpt>
   <trkpt lat="39.7775240" lon="-105.2020190">
    <ele>1849.6</ele>
    <time>2026-06-26T00:56:45Z</time>
   </trkpt>
   <trkpt lat="39.7775490" lon="-105.2020090">
    <ele>1849.8</ele>
    <time>2026-06-26T00:56:46Z</time>
   </trkpt>
   <trkpt lat="39.7775680" lon="-105.2020240">
    <ele>1849.9</ele>
    <time>2026-06-26T00:56:47Z</time>
   </trkpt>
   <trkpt lat="39.7776100" lon="-105.2020280">
    <ele>1850.1</ele>
    <time>2026-06-26T00:56:48Z</time>
   </trkpt>
   <trkpt lat="39.7776230" lon="-105.2020360">
    <ele>1850.2</ele>
    <time>2026-06-26T00:56:49Z</time>
   </trkpt>
   <trkpt lat="39.7776530" lon="-105.2020440">
    <ele>1850.4</ele>
    <time>2026-06-26T00:56:50Z</time>
   </trkpt>
   <trkpt lat="39.7776770" lon="-105.2020480">
    <ele>1850.5</ele>
    <time>2026-06-26T00:56:51Z</time>
   </trkpt>
   <trkpt lat="39.7777050" lon="-105.2020640">
    <ele>1850.7</ele>
    <time>2026-06-26T00:56:52Z</time>
   </trkpt>
   <trkpt lat="39.7777170" lon="-105.2020660">
    <ele>1850.7</ele>
    <time>2026-06-26T00:56:53Z</time>
   </trkpt>
   <trkpt lat="39.7777440" lon="-105.2020760">
    <ele>1850.9</ele>
    <time>2026-06-26T00:56:54Z</time>
   </trkpt>
   <trkpt lat="39.7777670" lon="-105.2020920">
    <ele>1851.0</ele>
    <time>2026-06-26T00:56:55Z</time>
   </trkpt>
   <trkpt lat="39.7777910" lon="-105.2021000">
    <ele>1851.1</ele>
    <time>2026-06-26T00:56:56Z</time>
   </trkpt>
   <trkpt lat="39.7778150" lon="-105.2021160">
    <ele>1851.3</ele>
    <time>2026-06-26T00:56:57Z</time>
   </trkpt>
   <trkpt lat="39.7778420" lon="-105.2021210">
    <ele>1851.4</ele>
    <time>2026-06-26T00:56:58Z</time>
   </trkpt>
   <trkpt lat="39.7778690" lon="-105.2021240">
    <ele>1851.5</ele>
    <time>2026-06-26T00:56:59Z</time>
   </trkpt>
   <trkpt lat="39.7778950" lon="-105.2021320">
    <ele>1851.7</ele>
    <time>2026-06-26T00:57:00Z</time>
   </trkpt>
   <trkpt lat="39.7779260" lon="-105.2021500">
    <ele>1851.8</ele>
    <time>2026-06-26T00:57:01Z</time>
   </trkpt>
   <trkpt lat="39.7779490" lon="-105.2021560">
    <ele>1851.9</ele>
    <time>2026-06-26T00:57:02Z</time>
   </trkpt>
   <trkpt lat="39.7779760" lon="-105.2021640">
    <ele>1852.0</ele>
    <time>2026-06-26T00:57:03Z</time>
   </trkpt>
   <trkpt lat="39.7780000" lon="-105.2021750">
    <ele>1852.1</ele>
    <time>2026-06-26T00:57:04Z</time>
   </trkpt>
   <trkpt lat="39.7780270" lon="-105.2021980">
    <ele>1852.2</ele>
    <time>2026-06-26T00:57:05Z</time>
   </trkpt>
   <trkpt lat="39.7780500" lon="-105.2022160">
    <ele>1852.2</ele>
    <time>2026-06-26T00:57:06Z</time>
   </trkpt>
   <trkpt lat="39.7780790" lon="-105.2022410">
    <ele>1852.3</ele>
    <time>2026-06-26T00:57:07Z</time>
   </trkpt>
   <trkpt lat="39.7781090" lon="-105.2022590">
    <ele>1852.3</ele>
    <time>2026-06-26T00:57:08Z</time>
   </trkpt>
   <trkpt lat="39.7781330" lon="-105.2022810">
    <ele>1852.3</ele>
    <time>2026-06-26T00:57:09Z</time>
   </trkpt>
   <trkpt lat="39.7781640" lon="-105.2022760">
    <ele>1852.3</ele>
    <time>2026-06-26T00:57:10Z</time>
   </trkpt>
   <trkpt lat="39.7781880" lon="-105.2022820">
    <ele>1852.3</ele>
    <time>2026-06-26T00:57:11Z</time>
   </trkpt>
   <trkpt lat="39.7782080" lon="-105.2022870">
    <ele>1852.3</ele>
    <time>2026-06-26T00:57:12Z</time>
   </trkpt>
   <trkpt lat="39.7782500" lon="-105.2022810">
    <ele>1852.2</ele>
    <time>2026-06-26T00:57:13Z</time>
   </trkpt>
   <trkpt lat="39.7782820" lon="-105.2022760">
    <ele>1852.2</ele>
    <time>2026-06-26T00:57:14Z</time>
   </trkpt>
   <trkpt lat="39.7783140" lon="-105.2022710">
    <ele>1852.1</ele>
    <time>2026-06-26T00:57:15Z</time>
   </trkpt>
   <trkpt lat="39.7783210" lon="-105.2022720">
    <ele>1852.1</ele>
    <time>2026-06-26T00:57:16Z</time>
   </trkpt>
   <trkpt lat="39.7783560" lon="-105.2022660">
    <ele>1852.0</ele>
    <time>2026-06-26T00:57:17Z</time>
   </trkpt>
   <trkpt lat="39.7783910" lon="-105.2023140">
    <ele>1852.0</ele>
    <time>2026-06-26T00:57:18Z</time>
   </trkpt>
   <trkpt lat="39.7784370" lon="-105.2023000">
    <ele>1852.0</ele>
    <time>2026-06-26T00:57:19Z</time>
   </trkpt>
   <trkpt lat="39.7784750" lon="-105.2023500">
    <ele>1852.1</ele>
    <time>2026-06-26T00:57:20Z</time>
   </trkpt>
   <trkpt lat="39.7784840" lon="-105.2023710">
    <ele>1852.2</ele>
    <time>2026-06-26T00:57:21Z</time>
   </trkpt>
   <trkpt lat="39.7785080" lon="-105.2024300">
    <ele>1852.4</ele>
    <time>2026-06-26T00:57:22Z</time>
   </trkpt>
   <trkpt lat="39.7785420" lon="-105.2024610">
    <ele>1852.6</ele>
    <time>2026-06-26T00:57:23Z</time>
   </trkpt>
   <trkpt lat="39.7785670" lon="-105.2025040">
    <ele>1852.8</ele>
    <time>2026-06-26T00:57:24Z</time>
   </trkpt>
   <trkpt lat="39.7785880" lon="-105.2025320">
    <ele>1853.0</ele>
    <time>2026-06-26T00:57:25Z</time>
   </trkpt>
   <trkpt lat="39.7786220" lon="-105.2025530">
    <ele>1853.2</ele>
    <time>2026-06-26T00:57:26Z</time>
   </trkpt>
   <trkpt lat="39.7786400" lon="-105.2025630">
    <ele>1853.3</ele>
    <time>2026-06-26T00:57:27Z</time>
   </trkpt>
   <trkpt lat="39.7786630" lon="-105.2025590">
    <ele>1853.5</ele>
    <time>2026-06-26T00:57:28Z</time>
   </trkpt>
   <trkpt lat="39.7786720" lon="-105.2025650">
    <ele>1853.5</ele>
    <time>2026-06-26T00:57:29Z</time>
   </trkpt>
   <trkpt lat="39.7786740" lon="-105.2025680">
    <ele>1853.6</ele>
    <time>2026-06-26T00:57:30Z</time>
   </trkpt>
   <trkpt lat="39.7786840" lon="-105.2025660">
    <ele>1853.6</ele>
    <time>2026-06-26T00:57:31Z</time>
   </trkpt>
   <trkpt lat="39.7786990" lon="-105.2025690">
    <ele>1853.7</ele>
    <time>2026-06-26T00:57:32Z</time>
   </trkpt>
   <trkpt lat="39.7787050" lon="-105.2025700">
    <ele>1853.8</ele>
    <time>2026-06-26T00:57:33Z</time>
   </trkpt>
   <trkpt lat="39.7787040" lon="-105.2025700">
    <ele>1853.8</ele>
    <time>2026-06-26T00:57:34Z</time>
   </trkpt>
   <trkpt lat="39.7787230" lon="-105.2025650">
    <ele>1853.9</ele>
    <time>2026-06-26T00:57:35Z</time>
   </trkpt>
   <trkpt lat="39.7787280" lon="-105.2025700">
    <ele>1854.0</ele>
    <time>2026-06-26T00:57:36Z</time>
   </trkpt>
   <trkpt lat="39.7787280" lon="-105.2025700">
    <ele>1854.0</ele>
    <time>2026-06-26T00:57:37Z</time>
   </trkpt>
   <trkpt lat="39.7787280" lon="-105.2025700">
    <ele>1854.0</ele>
    <time>2026-06-26T00:57:38Z</time>
   </trkpt>
   <trkpt lat="39.7787280" lon="-105.2025700">
    <ele>1854.0</ele>
    <time>2026-06-26T00:57:39Z</time>
   </trkpt>
   <trkpt lat="39.7787600" lon="-105.2026110">
    <ele>1854.3</ele>
    <time>2026-06-26T00:58:21Z</time>
   </trkpt>
   <trkpt lat="39.7787720" lon="-105.2026200">
    <ele>1854.4</ele>
    <time>2026-06-26T00:58:22Z</time>
   </trkpt>
   <trkpt lat="39.7787890" lon="-105.2026520">
    <ele>1854.6</ele>
    <time>2026-06-26T00:58:23Z</time>
   </trkpt>
   <trkpt lat="39.7788140" lon="-105.2026570">
    <ele>1854.7</ele>
    <time>2026-06-26T00:58:24Z</time>
   </trkpt>
   <trkpt lat="39.7788450" lon="-105.2026650">
    <ele>1855.0</ele>
    <time>2026-06-26T00:58:25Z</time>
   </trkpt>
   <trkpt lat="39.7788600" lon="-105.2026850">
    <ele>1855.1</ele>
    <time>2026-06-26T00:58:26Z</time>
   </trkpt>
   <trkpt lat="39.7788810" lon="-105.2027090">
    <ele>1855.3</ele>
    <time>2026-06-26T00:58:27Z</time>
   </trkpt>
   <trkpt lat="39.7788890" lon="-105.2027220">
    <ele>1855.4</ele>
    <time>2026-06-26T00:58:28Z</time>
   </trkpt>
   <trkpt lat="39.7788880" lon="-105.2027260">
    <ele>1855.5</ele>
    <time>2026-06-26T00:58:29Z</time>
   </trkpt>
   <trkpt lat="39.7788730" lon="-105.2027130">
    <ele>1855.6</ele>
    <time>2026-06-26T00:58:30Z</time>
   </trkpt>
   <trkpt lat="39.7788790" lon="-105.2027150">
    <ele>1855.7</ele>
    <time>2026-06-26T00:58:31Z</time>
   </trkpt>
   <trkpt lat="39.7788780" lon="-105.2027160">
    <ele>1855.7</ele>
    <time>2026-06-26T00:58:32Z</time>
   </trkpt>
   <trkpt lat="39.7788930" lon="-105.2027220">
    <ele>1855.8</ele>
    <time>2026-06-26T00:58:33Z</time>
   </trkpt>
   <trkpt lat="39.7788910" lon="-105.2027160">
    <ele>1855.9</ele>
    <time>2026-06-26T00:58:34Z</time>
   </trkpt>
   <trkpt lat="39.7789030" lon="-105.2027120">
    <ele>1856.0</ele>
    <time>2026-06-26T00:58:35Z</time>
   </trkpt>
   <trkpt lat="39.7789040" lon="-105.2027100">
    <ele>1856.0</ele>
    <time>2026-06-26T00:58:36Z</time>
   </trkpt>
   <trkpt lat="39.7789020" lon="-105.2027080">
    <ele>1856.0</ele>
    <time>2026-06-26T00:58:37Z</time>
   </trkpt>
   <trkpt lat="39.7789050" lon="-105.2026990">
    <ele>1856.1</ele>
    <time>2026-06-26T00:58:38Z</time>
   </trkpt>
   <trkpt lat="39.7789090" lon="-105.2026890">
    <ele>1856.2</ele>
    <time>2026-06-26T00:58:39Z</time>
   </trkpt>
   <trkpt lat="39.7789180" lon="-105.2026710">
    <ele>1856.3</ele>
    <time>2026-06-26T00:58:40Z</time>
   </trkpt>
   <trkpt lat="39.7789250" lon="-105.2026480">
    <ele>1856.5</ele>
    <time>2026-06-26T00:58:41Z</time>
   </trkpt>
   <trkpt lat="39.7789190" lon="-105.2026400">
    <ele>1856.5</ele>
    <time>2026-06-26T00:58:42Z</time>
   </trkpt>
   <trkpt lat="39.7789170" lon="-105.2026290">
    <ele>1856.6</ele>
    <time>2026-06-26T00:58:43Z</time>
   </trkpt>
   <trkpt lat="39.7789240" lon="-105.2026120">
    <ele>1856.7</ele>
    <time>2026-06-26T00:58:44Z</time>
   </trkpt>
   <trkpt lat="39.7789180" lon="-105.2026000">
    <ele>1856.8</ele>
    <time>2026-06-26T00:58:45Z</time>
   </trkpt>
   <trkpt lat="39.7789230" lon="-105.2025830">
    <ele>1856.9</ele>
    <time>2026-06-26T00:58:46Z</time>
   </trkpt>
   <trkpt lat="39.7789260" lon="-105.2025760">
    <ele>1857.0</ele>
    <time>2026-06-26T00:58:47Z</time>
   </trkpt>
   <trkpt lat="39.7789210" lon="-105.2025580">
    <ele>1857.1</ele>
    <time>2026-06-26T00:58:48Z</time>
   </trkpt>
   <trkpt lat="39.7789150" lon="-105.2025590">
    <ele>1857.1</ele>
    <time>2026-06-26T00:58:49Z</time>
   </trkpt>
   <trkpt lat="39.7789060" lon="-105.2025430">
    <ele>1857.2</ele>
    <time>2026-06-26T00:58:50Z</time>
   </trkpt>
   <trkpt lat="39.7789070" lon="-105.2025340">
    <ele>1857.2</ele>
    <time>2026-06-26T00:58:51Z</time>
   </trkpt>
   <trkpt lat="39.7789010" lon="-105.2025430">
    <ele>1857.3</ele>
    <time>2026-06-26T00:58:52Z</time>
   </trkpt>
   <trkpt lat="39.7789060" lon="-105.2025440">
    <ele>1857.3</ele>
    <time>2026-06-26T00:58:53Z</time>
   </trkpt>
   <trkpt lat="39.7789070" lon="-105.2025500">
    <ele>1857.3</ele>
    <time>2026-06-26T00:58:54Z</time>
   </trkpt>
   <trkpt lat="39.7788990" lon="-105.2025490">
    <ele>1857.3</ele>
    <time>2026-06-26T00:58:55Z</time>
   </trkpt>
   <trkpt lat="39.7789100" lon="-105.2025390">
    <ele>1857.4</ele>
    <time>2026-06-26T00:58:56Z</time>
   </trkpt>
   <trkpt lat="39.7789100" lon="-105.2025420">
    <ele>1857.4</ele>
    <time>2026-06-26T00:58:57Z</time>
   </trkpt>
   <trkpt lat="39.7789090" lon="-105.2025430">
    <ele>1857.4</ele>
    <time>2026-06-26T00:58:58Z</time>
   </trkpt>
   <trkpt lat="39.7789080" lon="-105.2025440">
    <ele>1857.4</ele>
    <time>2026-06-26T00:58:59Z</time>
   </trkpt>
   <trkpt lat="39.7789060" lon="-105.2025500">
    <ele>1857.4</ele>
    <time>2026-06-26T00:59:00Z</time>
   </trkpt>
   <trkpt lat="39.7788820" lon="-105.2025270">
    <ele>1857.5</ele>
    <time>2026-06-26T00:59:04Z</time>
   </trkpt>
   <trkpt lat="39.7788860" lon="-105.2025290">
    <ele>1857.5</ele>
    <time>2026-06-26T00:59:05Z</time>
   </trkpt>
   <trkpt lat="39.7788860" lon="-105.2025300">
    <ele>1857.5</ele>
    <time>2026-06-26T00:59:06Z</time>
   </trkpt>
   <trkpt lat="39.7788770" lon="-105.2025120">
    <ele>1857.5</ele>
    <time>2026-06-26T00:59:07Z</time>
   </trkpt>
   <trkpt lat="39.7788640" lon="-105.2024950">
    <ele>1857.5</ele>
    <time>2026-06-26T00:59:08Z</time>
   </trkpt>
   <trkpt lat="39.7788720" lon="-105.2025010">
    <ele>1857.5</ele>
    <time>2026-06-26T00:59:09Z</time>
   </trkpt>
   <trkpt lat="39.7788730" lon="-105.2025050">
    <ele>1857.5</ele>
    <time>2026-06-26T00:59:10Z</time>
   </trkpt>
   <trkpt lat="39.7788730" lon="-105.2025000">
    <ele>1857.5</ele>
    <time>2026-06-26T00:59:11Z</time>
   </trkpt>
   <trkpt lat="39.7788770" lon="-105.2025040">
    <ele>1857.5</ele>
    <time>2026-06-26T00:59:12Z</time>
   </trkpt>
   <trkpt lat="39.7788770" lon="-105.2025040">
    <ele>1857.5</ele>
    <time>2026-06-26T00:59:13Z</time>
   </trkpt>
   <trkpt lat="39.7788750" lon="-105.2025060">
    <ele>1857.5</ele>
    <time>2026-06-26T00:59:14Z</time>
   </trkpt>
   <trkpt lat="39.7788760" lon="-105.2025050">
    <ele>1857.5</ele>
    <time>2026-06-26T00:59:15Z</time>
   </trkpt>
   <trkpt lat="39.7788720" lon="-105.2025050">
    <ele>1857.5</ele>
    <time>2026-06-26T00:59:16Z</time>
   </trkpt>
   <trkpt lat="39.7788650" lon="-105.2024780">
    <ele>1857.5</ele>
    <time>2026-06-26T00:59:17Z</time>
   </trkpt>
   <trkpt lat="39.7788630" lon="-105.2024630">
    <ele>1857.5</ele>
    <time>2026-06-26T00:59:18Z</time>
   </trkpt>
   <trkpt lat="39.7788620" lon="-105.2024380">
    <ele>1857.4</ele>
    <time>2026-06-26T00:59:19Z</time>
   </trkpt>
   <trkpt lat="39.7788550" lon="-105.2024160">
    <ele>1857.3</ele>
    <time>2026-06-26T00:59:20Z</time>
   </trkpt>
   <trkpt lat="39.7788460" lon="-105.2023740">
    <ele>1857.2</ele>
    <time>2026-06-26T00:59:21Z</time>
   </trkpt>
   <trkpt lat="39.7788430" lon="-105.2023390">
    <ele>1857.1</ele>
    <time>2026-06-26T00:59:22Z</time>
   </trkpt>
   <trkpt lat="39.7788370" lon="-105.2023100">
    <ele>1857.0</ele>
    <time>2026-06-26T00:59:23Z</time>
   </trkpt>
   <trkpt lat="39.7788290" lon="-105.2022710">
    <ele>1856.8</ele>
    <time>2026-06-26T00:59:24Z</time>
   </trkpt>
   <trkpt lat="39.7788200" lon="-105.2022340">
    <ele>1856.7</ele>
    <time>2026-06-26T00:59:25Z</time>
   </trkpt>
   <trkpt lat="39.7788100" lon="-105.2021780">
    <ele>1856.6</ele>
    <time>2026-06-26T00:59:26Z</time>
   </trkpt>
   <trkpt lat="39.7787930" lon="-105.2021310">
    <ele>1856.5</ele>
    <time>2026-06-26T00:59:27Z</time>
   </trkpt>
   <trkpt lat="39.7787830" lon="-105.2020770">
    <ele>1856.5</ele>
    <time>2026-06-26T00:59:28Z</time>
   </trkpt>
   <trkpt lat="39.7787970" lon="-105.2020080">
    <ele>1856.5</ele>
    <time>2026-06-26T00:59:29Z</time>
   </trkpt>
   <trkpt lat="39.7787930" lon="-105.2019660">
    <ele>1856.5</ele>
    <time>2026-06-26T00:59:30Z</time>
   </trkpt>
   <trkpt lat="39.7787800" lon="-105.2019290">
    <ele>1856.5</ele>
    <time>2026-06-26T00:59:31Z</time>
   </trkpt>
   <trkpt lat="39.7787650" lon="-105.2018980">
    <ele>1856.5</ele>
    <time>2026-06-26T00:59:32Z</time>
   </trkpt>
   <trkpt lat="39.7787590" lon="-105.2018740">
    <ele>1856.6</ele>
    <time>2026-06-26T00:59:33Z</time>
   </trkpt>
   <trkpt lat="39.7787440" lon="-105.2018430">
    <ele>1856.6</ele>
    <time>2026-06-26T00:59:34Z</time>
   </trkpt>
   <trkpt lat="39.7787260" lon="-105.2018100">
    <ele>1856.6</ele>
    <time>2026-06-26T00:59:35Z</time>
   </trkpt>
   <trkpt lat="39.7787070" lon="-105.2017740">
    <ele>1856.6</ele>
    <time>2026-06-26T00:59:36Z</time>
   </trkpt>
   <trkpt lat="39.7786770" lon="-105.2017730">
    <ele>1856.7</ele>
    <time>2026-06-26T00:59:37Z</time>
   </trkpt>
   <trkpt lat="39.7786660" lon="-105.2017400">
    <ele>1856.7</ele>
    <time>2026-06-26T00:59:38Z</time>
   </trkpt>
   <trkpt lat="39.7786450" lon="-105.2016950">
    <ele>1856.7</ele>
    <time>2026-06-26T00:59:39Z</time>
   </trkpt>
   <trkpt lat="39.7786320" lon="-105.2016350">
    <ele>1856.8</ele>
    <time>2026-06-26T00:59:40Z</time>
   </trkpt>
   <trkpt lat="39.7786400" lon="-105.2015720">
    <ele>1856.9</ele>
    <time>2026-06-26T00:59:41Z</time>
   </trkpt>
   <trkpt lat="39.7786470" lon="-105.2015310">
    <ele>1856.9</ele>
    <time>2026-06-26T00:59:42Z</time>
   </trkpt>
   <trkpt lat="39.7786310" lon="-105.2014770">
    <ele>1857.0</ele>
    <time>2026-06-26T00:59:43Z</time>
   </trkpt>
   <trkpt lat="39.7786300" lon="-105.2014210">
    <ele>1857.1</ele>
    <time>2026-06-26T00:59:44Z</time>
   </trkpt>
   <trkpt lat="39.7786230" lon="-105.2013870">
    <ele>1857.1</ele>
    <time>2026-06-26T00:59:45Z</time>
   </trkpt>
   <trkpt lat="39.7786070" lon="-105.2013450">
    <ele>1857.2</ele>
    <time>2026-06-26T00:59:46Z</time>
   </trkpt>
   <trkpt lat="39.7786020" lon="-105.2013070">
    <ele>1857.2</ele>
    <time>2026-06-26T00:59:47Z</time>
   </trkpt>
   <trkpt lat="39.7786020" lon="-105.2012630">
    <ele>1857.2</ele>
    <time>2026-06-26T00:59:48Z</time>
   </trkpt>
   <trkpt lat="39.7786020" lon="-105.2012340">
    <ele>1857.2</ele>
    <time>2026-06-26T00:59:49Z</time>
   </trkpt>
   <trkpt lat="39.7786070" lon="-105.2011840">
    <ele>1857.3</ele>
    <time>2026-06-26T00:59:50Z</time>
   </trkpt>
   <trkpt lat="39.7785990" lon="-105.2011470">
    <ele>1857.3</ele>
    <time>2026-06-26T00:59:51Z</time>
   </trkpt>
   <trkpt lat="39.7785820" lon="-105.2011110">
    <ele>1857.3</ele>
    <time>2026-06-26T00:59:52Z</time>
   </trkpt>
   <trkpt lat="39.7785740" lon="-105.2010620">
    <ele>1857.3</ele>
    <time>2026-06-26T00:59:53Z</time>
   </trkpt>
   <trkpt lat="39.7785630" lon="-105.2010280">
    <ele>1857.4</ele>
    <time>2026-06-26T00:59:54Z</time>
   </trkpt>
   <trkpt lat="39.7785550" lon="-105.2009940">
    <ele>1857.4</ele>
    <time>2026-06-26T00:59:55Z</time>
   </trkpt>
   <trkpt lat="39.7785420" lon="-105.2009600">
    <ele>1857.4</ele>
    <time>2026-06-26T00:59:56Z</time>
   </trkpt>
   <trkpt lat="39.7785180" lon="-105.2009300">
    <ele>1857.5</ele>
    <time>2026-06-26T00:59:57Z</time>
   </trkpt>
   <trkpt lat="39.7784960" lon="-105.2008950">
    <ele>1857.6</ele>
    <time>2026-06-26T00:59:58Z</time>
   </trkpt>
   <trkpt lat="39.7784870" lon="-105.2008460">
    <ele>1857.7</ele>
    <time>2026-06-26T00:59:59Z</time>
   </trkpt>
   <trkpt lat="39.7784770" lon="-105.2008070">
    <ele>1857.8</ele>
    <time>2026-06-26T01:00:00Z</time>
   </trkpt>
   <trkpt lat="39.7784690" lon="-105.2007750">
    <ele>1857.9</ele>
    <time>2026-06-26T01:00:01Z</time>
   </trkpt>
   <trkpt lat="39.7784650" lon="-105.2007350">
    <ele>1858.0</ele>
    <time>2026-06-26T01:00:02Z</time>
   </trkpt>
   <trkpt lat="39.7784700" lon="-105.2006980">
    <ele>1858.1</ele>
    <time>2026-06-26T01:00:03Z</time>
   </trkpt>
   <trkpt lat="39.7784630" lon="-105.2006730">
    <ele>1858.2</ele>
    <time>2026-06-26T01:00:04Z</time>
   </trkpt>
   <trkpt lat="39.7784410" lon="-105.2006550">
    <ele>1858.3</ele>
    <time>2026-06-26T01:00:05Z</time>
   </trkpt>
   <trkpt lat="39.7784210" lon="-105.2006100">
    <ele>1858.5</ele>
    <time>2026-06-26T01:00:06Z</time>
   </trkpt>
   <trkpt lat="39.7784140" lon="-105.2005660">
    <ele>1858.7</ele>
    <time>2026-06-26T01:00:07Z</time>
   </trkpt>
   <trkpt lat="39.7784120" lon="-105.2005210">
    <ele>1858.9</ele>
    <time>2026-06-26T01:00:08Z</time>
   </trkpt>
   <trkpt lat="39.7784110" lon="-105.2005040">
    <ele>1859.0</ele>
    <time>2026-06-26T01:00:09Z</time>
   </trkpt>
   <trkpt lat="39.7784050" lon="-105.2004760">
    <ele>1859.1</ele>
    <time>2026-06-26T01:00:10Z</time>
   </trkpt>
   <trkpt lat="39.7784070" lon="-105.2004470">
    <ele>1859.2</ele>
    <time>2026-06-26T01:00:11Z</time>
   </trkpt>
   <trkpt lat="39.7783990" lon="-105.2004230">
    <ele>1859.3</ele>
    <time>2026-06-26T01:00:12Z</time>
   </trkpt>
   <trkpt lat="39.7783930" lon="-105.2003990">
    <ele>1859.3</ele>
    <time>2026-06-26T01:00:13Z</time>
   </trkpt>
   <trkpt lat="39.7783870" lon="-105.2003760">
    <ele>1859.4</ele>
    <time>2026-06-26T01:00:14Z</time>
   </trkpt>
   <trkpt lat="39.7783720" lon="-105.2003510">
    <ele>1859.5</ele>
    <time>2026-06-26T01:00:15Z</time>
   </trkpt>
   <trkpt lat="39.7783610" lon="-105.2003250">
    <ele>1859.5</ele>
    <time>2026-06-26T01:00:16Z</time>
   </trkpt>
   <trkpt lat="39.7783470" lon="-105.2003050">
    <ele>1859.5</ele>
    <time>2026-06-26T01:00:17Z</time>
   </trkpt>
   <trkpt lat="39.7783360" lon="-105.2002780">
    <ele>1859.5</ele>
    <time>2026-06-26T01:00:18Z</time>
   </trkpt>
   <trkpt lat="39.7783300" lon="-105.2002510">
    <ele>1859.6</ele>
    <time>2026-06-26T01:00:19Z</time>
   </trkpt>
   <trkpt lat="39.7783230" lon="-105.2002200">
    <ele>1859.6</ele>
    <time>2026-06-26T01:00:20Z</time>
   </trkpt>
   <trkpt lat="39.7783050" lon="-105.2001970">
    <ele>1859.6</ele>
    <time>2026-06-26T01:00:21Z</time>
   </trkpt>
   <trkpt lat="39.7782850" lon="-105.2001520">
    <ele>1859.7</ele>
    <time>2026-06-26T01:00:22Z</time>
   </trkpt>
   <trkpt lat="39.7782730" lon="-105.2001090">
    <ele>1859.7</ele>
    <time>2026-06-26T01:00:23Z</time>
   </trkpt>
   <trkpt lat="39.7782590" lon="-105.2000680">
    <ele>1859.8</ele>
    <time>2026-06-26T01:00:24Z</time>
   </trkpt>
   <trkpt lat="39.7782450" lon="-105.2000150">
    <ele>1859.9</ele>
    <time>2026-06-26T01:00:25Z</time>
   </trkpt>
   <trkpt lat="39.7782290" lon="-105.1999820">
    <ele>1860.0</ele>
    <time>2026-06-26T01:00:26Z</time>
   </trkpt>
   <trkpt lat="39.7782130" lon="-105.1999340">
    <ele>1860.1</ele>
    <time>2026-06-26T01:00:27Z</time>
   </trkpt>
   <trkpt lat="39.7781990" lon="-105.1999180">
    <ele>1860.2</ele>
    <time>2026-06-26T01:00:28Z</time>
   </trkpt>
   <trkpt lat="39.7781920" lon="-105.1998780">
    <ele>1860.4</ele>
    <time>2026-06-26T01:00:29Z</time>
   </trkpt>
   <trkpt lat="39.7781960" lon="-105.1998440">
    <ele>1860.5</ele>
    <time>2026-06-26T01:00:30Z</time>
   </trkpt>
   <trkpt lat="39.7781910" lon="-105.1998050">
    <ele>1860.7</ele>
    <time>2026-06-26T01:00:31Z</time>
   </trkpt>
   <trkpt lat="39.7781810" lon="-105.1997710">
    <ele>1860.8</ele>
    <time>2026-06-26T01:00:32Z</time>
   </trkpt>
   <trkpt lat="39.7781660" lon="-105.1997460">
    <ele>1860.9</ele>
    <time>2026-06-26T01:00:33Z</time>
   </trkpt>
   <trkpt lat="39.7781580" lon="-105.1997390">
    <ele>1861.0</ele>
    <time>2026-06-26T01:00:34Z</time>
   </trkpt>
   <trkpt lat="39.7781450" lon="-105.1997100">
    <ele>1861.1</ele>
    <time>2026-06-26T01:00:35Z</time>
   </trkpt>
   <trkpt lat="39.7781250" lon="-105.1997080">
    <ele>1861.2</ele>
    <time>2026-06-26T01:00:36Z</time>
   </trkpt>
   <trkpt lat="39.7781000" lon="-105.1996840">
    <ele>1861.3</ele>
    <time>2026-06-26T01:00:37Z</time>
   </trkpt>
   <trkpt lat="39.7780880" lon="-105.1996750">
    <ele>1861.4</ele>
    <time>2026-06-26T01:00:38Z</time>
   </trkpt>
   <trkpt lat="39.7780710" lon="-105.1996550">
    <ele>1861.4</ele>
    <time>2026-06-26T01:00:39Z</time>
   </trkpt>
   <trkpt lat="39.7780560" lon="-105.1996410">
    <ele>1861.5</ele>
    <time>2026-06-26T01:00:40Z</time>
   </trkpt>
   <trkpt lat="39.7780440" lon="-105.1996190">
    <ele>1861.6</ele>
    <time>2026-06-26T01:00:41Z</time>
   </trkpt>
   <trkpt lat="39.7780270" lon="-105.1996030">
    <ele>1861.7</ele>
    <time>2026-06-26T01:00:42Z</time>
   </trkpt>
   <trkpt lat="39.7780170" lon="-105.1996010">
    <ele>1861.7</ele>
    <time>2026-06-26T01:00:43Z</time>
   </trkpt>
   <trkpt lat="39.7780060" lon="-105.1995880">
    <ele>1861.8</ele>
    <time>2026-06-26T01:00:44Z</time>
   </trkpt>
   <trkpt lat="39.7779800" lon="-105.1995730">
    <ele>1861.9</ele>
    <time>2026-06-26T01:00:45Z</time>
   </trkpt>
   <trkpt lat="39.7779590" lon="-105.1995540">
    <ele>1862.0</ele>
    <time>2026-06-26T01:00:46Z</time>
   </trkpt>
   <trkpt lat="39.7779380" lon="-105.1995110">
    <ele>1862.1</ele>
    <time>2026-06-26T01:00:47Z</time>
   </trkpt>
   <trkpt lat="39.7779080" lon="-105.1994990">
    <ele>1862.2</ele>
    <time>2026-06-26T01:00:48Z</time>
   </trkpt>
   <trkpt lat="39.7778860" lon="-105.1994700">
    <ele>1862.2</ele>
    <time>2026-06-26T01:00:49Z</time>
   </trkpt>
   <trkpt lat="39.7778570" lon="-105.1994540">
    <ele>1862.3</ele>
    <time>2026-06-26T01:00:50Z</time>
   </trkpt>
   <trkpt lat="39.7778380" lon="-105.1994310">
    <ele>1862.4</ele>
    <time>2026-06-26T01:00:51Z</time>
   </trkpt>
   <trkpt lat="39.7778170" lon="-105.1994190">
    <ele>1862.4</ele>
    <time>2026-06-26T01:00:52Z</time>
   </trkpt>
   <trkpt lat="39.7778040" lon="-105.1993780">
    <ele>1862.5</ele>
    <time>2026-06-26T01:00:53Z</time>
   </trkpt>
   <trkpt lat="39.7777850" lon="-105.1993510">
    <ele>1862.6</ele>
    <time>2026-06-26T01:00:54Z</time>
   </trkpt>
   <trkpt lat="39.7777630" lon="-105.1993390">
    <ele>1862.6</ele>
    <time>2026-06-26T01:00:55Z</time>
   </trkpt>
   <trkpt lat="39.7777500" lon="-105.1993190">
    <ele>1862.7</ele>
    <time>2026-06-26T01:00:56Z</time>
   </trkpt>
   <trkpt lat="39.7777350" lon="-105.1992970">
    <ele>1862.7</ele>
    <time>2026-06-26T01:00:57Z</time>
   </trkpt>
   <trkpt lat="39.7777140" lon="-105.1992980">
    <ele>1862.8</ele>
    <time>2026-06-26T01:00:58Z</time>
   </trkpt>
   <trkpt lat="39.7776980" lon="-105.1992770">
    <ele>1862.8</ele>
    <time>2026-06-26T01:00:59Z</time>
   </trkpt>
   <trkpt lat="39.7776870" lon="-105.1992590">
    <ele>1862.8</ele>
    <time>2026-06-26T01:01:00Z</time>
   </trkpt>
   <trkpt lat="39.7776720" lon="-105.1992270">
    <ele>1862.9</ele>
    <time>2026-06-26T01:01:01Z</time>
   </trkpt>
   <trkpt lat="39.7776650" lon="-105.1991960">
    <ele>1862.9</ele>
    <time>2026-06-26T01:01:02Z</time>
   </trkpt>
   <trkpt lat="39.7776520" lon="-105.1991720">
    <ele>1863.0</ele>
    <time>2026-06-26T01:01:04Z</time>
   </trkpt>
   <trkpt lat="39.7776440" lon="-105.1991320">
    <ele>1863.1</ele>
    <time>2026-06-26T01:01:05Z</time>
   </trkpt>
   <trkpt lat="39.7776480" lon="-105.1990730">
    <ele>1863.2</ele>
    <time>2026-06-26T01:01:06Z</time>
   </trkpt>
   <trkpt lat="39.7776460" lon="-105.1990110">
    <ele>1863.4</ele>
    <time>2026-06-26T01:01:07Z</time>
   </trkpt>
   <trkpt lat="39.7776300" lon="-105.1989860">
    <ele>1863.5</ele>
    <time>2026-06-26T01:01:08Z</time>
   </trkpt>
   <trkpt lat="39.7776280" lon="-105.1989360">
    <ele>1863.8</ele>
    <time>2026-06-26T01:01:09Z</time>
   </trkpt>
   <trkpt lat="39.7776290" lon="-105.1989310">
    <ele>1863.8</ele>
    <time>2026-06-26T01:01:10Z</time>
   </trkpt>
   <trkpt lat="39.7776310" lon="-105.1989220">
    <ele>1863.8</ele>
    <time>2026-06-26T01:01:11Z</time>
   </trkpt>
   <trkpt lat="39.7776280" lon="-105.1989270">
    <ele>1863.9</ele>
    <time>2026-06-26T01:01:12Z</time>
   </trkpt>
   <trkpt lat="39.7776210" lon="-105.1989310">
    <ele>1863.9</ele>
    <time>2026-06-26T01:01:13Z</time>
   </trkpt>
   <trkpt lat="39.7776220" lon="-105.1989330">
    <ele>1863.9</ele>
    <time>2026-06-26T01:01:14Z</time>
   </trkpt>
   <trkpt lat="39.7776140" lon="-105.1989250">
    <ele>1864.0</ele>
    <time>2026-06-26T01:01:15Z</time>
   </trkpt>
   <trkpt lat="39.7776130" lon="-105.1989260">
    <ele>1864.0</ele>
    <time>2026-06-26T01:01:16Z</time>
   </trkpt>
   <trkpt lat="39.7776130" lon="-105.1989260">
    <ele>1864.0</ele>
    <time>2026-06-26T01:01:17Z</time>
   </trkpt>
   <trkpt lat="39.7776050" lon="-105.1989240">
    <ele>1864.1</ele>
    <time>2026-06-26T01:01:18Z</time>
   </trkpt>
   <trkpt lat="39.7776050" lon="-105.1989240">
    <ele>1864.1</ele>
    <time>2026-06-26T01:01:19Z</time>
   </trkpt>
   <trkpt lat="39.7776030" lon="-105.1988510">
    <ele>1863.8</ele>
    <time>2026-06-26T01:01:49Z</time>
   </trkpt>
   <trkpt lat="39.7776060" lon="-105.1988370">
    <ele>1863.7</ele>
    <time>2026-06-26T01:01:50Z</time>
   </trkpt>
   <trkpt lat="39.7775900" lon="-105.1988190">
    <ele>1863.6</ele>
    <time>2026-06-26T01:01:51Z</time>
   </trkpt>
   <trkpt lat="39.7775860" lon="-105.1987910">
    <ele>1863.4</ele>
    <time>2026-06-26T01:01:52Z</time>
   </trkpt>
   <trkpt lat="39.7775510" lon="-105.1987630">
    <ele>1863.0</ele>
    <time>2026-06-26T01:01:53Z</time>
   </trkpt>
   <trkpt lat="39.7775360" lon="-105.1986890">
    <ele>1862.4</ele>
    <time>2026-06-26T01:01:54Z</time>
   </trkpt>
   <trkpt lat="39.7775250" lon="-105.1986310">
    <ele>1861.9</ele>
    <time>2026-06-26T01:01:55Z</time>
   </trkpt>
   <trkpt lat="39.7775060" lon="-105.1985810">
    <ele>1861.5</ele>
    <time>2026-06-26T01:01:56Z</time>
   </trkpt>
   <trkpt lat="39.7774780" lon="-105.1985440">
    <ele>1861.1</ele>
    <time>2026-06-26T01:01:57Z</time>
   </trkpt>
   <trkpt lat="39.7774450" lon="-105.1985180">
    <ele>1860.7</ele>
    <time>2026-06-26T01:01:58Z</time>
   </trkpt>
   <trkpt lat="39.7774040" lon="-105.1985200">
    <ele>1860.2</ele>
    <time>2026-06-26T01:01:59Z</time>
   </trkpt>
   <trkpt lat="39.7773600" lon="-105.1984890">
    <ele>1859.8</ele>
    <time>2026-06-26T01:02:00Z</time>
   </trkpt>
   <trkpt lat="39.7773160" lon="-105.1984440">
    <ele>1859.3</ele>
    <time>2026-06-26T01:02:01Z</time>
   </trkpt>
   <trkpt lat="39.7772680" lon="-105.1983990">
    <ele>1858.9</ele>
    <time>2026-06-26T01:02:02Z</time>
   </trkpt>
   <trkpt lat="39.7772230" lon="-105.1983680">
    <ele>1858.7</ele>
    <time>2026-06-26T01:02:03Z</time>
   </trkpt>
   <trkpt lat="39.7771960" lon="-105.1983060">
    <ele>1858.4</ele>
    <time>2026-06-26T01:02:04Z</time>
   </trkpt>
   <trkpt lat="39.7771790" lon="-105.1982360">
    <ele>1858.2</ele>
    <time>2026-06-26T01:02:05Z</time>
   </trkpt>
   <trkpt lat="39.7771630" lon="-105.1981790">
    <ele>1858.1</ele>
    <time>2026-06-26T01:02:06Z</time>
   </trkpt>
   <trkpt lat="39.7771400" lon="-105.1981340">
    <ele>1858.0</ele>
    <time>2026-06-26T01:02:07Z</time>
   </trkpt>
   <trkpt lat="39.7771190" lon="-105.1981000">
    <ele>1857.9</ele>
    <time>2026-06-26T01:02:08Z</time>
   </trkpt>
   <trkpt lat="39.7770920" lon="-105.1980440">
    <ele>1857.8</ele>
    <time>2026-06-26T01:02:09Z</time>
   </trkpt>
   <trkpt lat="39.7770290" lon="-105.1980270">
    <ele>1857.7</ele>
    <time>2026-06-26T01:02:10Z</time>
   </trkpt>
   <trkpt lat="39.7769910" lon="-105.1979600">
    <ele>1857.6</ele>
    <time>2026-06-26T01:02:11Z</time>
   </trkpt>
   <trkpt lat="39.7769550" lon="-105.1979020">
    <ele>1857.5</ele>
    <time>2026-06-26T01:02:12Z</time>
   </trkpt>
   <trkpt lat="39.7769060" lon="-105.1978300">
    <ele>1857.4</ele>
    <time>2026-06-26T01:02:13Z</time>
   </trkpt>
   <trkpt lat="39.7768590" lon="-105.1977620">
    <ele>1857.3</ele>
    <time>2026-06-26T01:02:14Z</time>
   </trkpt>
   <trkpt lat="39.7768400" lon="-105.1976660">
    <ele>1857.3</ele>
    <time>2026-06-26T01:02:15Z</time>
   </trkpt>
   <trkpt lat="39.7768240" lon="-105.1975920">
    <ele>1857.2</ele>
    <time>2026-06-26T01:02:16Z</time>
   </trkpt>
   <trkpt lat="39.7767940" lon="-105.1975200">
    <ele>1857.2</ele>
    <time>2026-06-26T01:02:17Z</time>
   </trkpt>
   <trkpt lat="39.7767670" lon="-105.1974460">
    <ele>1857.1</ele>
    <time>2026-06-26T01:02:18Z</time>
   </trkpt>
   <trkpt lat="39.7767400" lon="-105.1973720">
    <ele>1857.0</ele>
    <time>2026-06-26T01:02:19Z</time>
   </trkpt>
   <trkpt lat="39.7767230" lon="-105.1972850">
    <ele>1856.9</ele>
    <time>2026-06-26T01:02:20Z</time>
   </trkpt>
   <trkpt lat="39.7767070" lon="-105.1972030">
    <ele>1856.7</ele>
    <time>2026-06-26T01:02:21Z</time>
   </trkpt>
   <trkpt lat="39.7767050" lon="-105.1971200">
    <ele>1856.4</ele>
    <time>2026-06-26T01:02:22Z</time>
   </trkpt>
   <trkpt lat="39.7766920" lon="-105.1970400">
    <ele>1856.1</ele>
    <time>2026-06-26T01:02:23Z</time>
   </trkpt>
   <trkpt lat="39.7766790" lon="-105.1969600">
    <ele>1855.7</ele>
    <time>2026-06-26T01:02:24Z</time>
   </trkpt>
   <trkpt lat="39.7766630" lon="-105.1968790">
    <ele>1855.2</ele>
    <time>2026-06-26T01:02:25Z</time>
   </trkpt>
   <trkpt lat="39.7766590" lon="-105.1967870">
    <ele>1854.7</ele>
    <time>2026-06-26T01:02:26Z</time>
   </trkpt>
   <trkpt lat="39.7766410" lon="-105.1967070">
    <ele>1854.2</ele>
    <time>2026-06-26T01:02:27Z</time>
   </trkpt>
   <trkpt lat="39.7766600" lon="-105.1965980">
    <ele>1853.6</ele>
    <time>2026-06-26T01:02:28Z</time>
   </trkpt>
   <trkpt lat="39.7766520" lon="-105.1965110">
    <ele>1853.4</ele>
    <time>2026-06-26T01:02:29Z</time>
   </trkpt>
   <trkpt lat="39.7766370" lon="-105.1964180">
    <ele>1853.3</ele>
    <time>2026-06-26T01:02:30Z</time>
   </trkpt>
   <trkpt lat="39.7766530" lon="-105.1963280">
    <ele>1853.4</ele>
    <time>2026-06-26T01:02:31Z</time>
   </trkpt>
   <trkpt lat="39.7766770" lon="-105.1962750">
    <ele>1853.6</ele>
    <time>2026-06-26T01:02:32Z</time>
   </trkpt>
   <trkpt lat="39.7767060" lon="-105.1962320">
    <ele>1853.8</ele>
    <time>2026-06-26T01:02:33Z</time>
   </trkpt>
   <trkpt lat="39.7767300" lon="-105.1961740">
    <ele>1854.0</ele>
    <time>2026-06-26T01:02:34Z</time>
   </trkpt>
   <trkpt lat="39.7767450" lon="-105.1961160">
    <ele>1854.3</ele>
    <time>2026-06-26T01:02:35Z</time>
   </trkpt>
   <trkpt lat="39.7767620" lon="-105.1960680">
    <ele>1854.5</ele>
    <time>2026-06-26T01:02:36Z</time>
   </trkpt>
   <trkpt lat="39.7768210" lon="-105.1960320">
    <ele>1854.7</ele>
    <time>2026-06-26T01:02:37Z</time>
   </trkpt>
   <trkpt lat="39.7768100" lon="-105.1960320">
    <ele>1854.7</ele>
    <time>2026-06-26T01:02:38Z</time>
   </trkpt>
   <trkpt lat="39.7768280" lon="-105.1960110">
    <ele>1854.8</ele>
    <time>2026-06-26T01:02:39Z</time>
   </trkpt>
   <trkpt lat="39.7768380" lon="-105.1959840">
    <ele>1854.8</ele>
    <time>2026-06-26T01:02:40Z</time>
   </trkpt>
   <trkpt lat="39.7768570" lon="-105.1959500">
    <ele>1854.8</ele>
    <time>2026-06-26T01:02:41Z</time>
   </trkpt>
   <trkpt lat="39.7768710" lon="-105.1959110">
    <ele>1854.8</ele>
    <time>2026-06-26T01:02:42Z</time>
   </trkpt>
   <trkpt lat="39.7768760" lon="-105.1958660">
    <ele>1854.7</ele>
    <time>2026-06-26T01:02:43Z</time>
   </trkpt>
   <trkpt lat="39.7768950" lon="-105.1958260">
    <ele>1854.6</ele>
    <time>2026-06-26T01:02:44Z</time>
   </trkpt>
   <trkpt lat="39.7769100" lon="-105.1957830">
    <ele>1854.4</ele>
    <time>2026-06-26T01:02:45Z</time>
   </trkpt>
   <trkpt lat="39.7769230" lon="-105.1957420">
    <ele>1854.2</ele>
    <time>2026-06-26T01:02:46Z</time>
   </trkpt>
   <trkpt lat="39.7769370" lon="-105.1956960">
    <ele>1854.0</ele>
    <time>2026-06-26T01:02:47Z</time>
   </trkpt>
   <trkpt lat="39.7769570" lon="-105.1956380">
    <ele>1853.7</ele>
    <time>2026-06-26T01:02:48Z</time>
   </trkpt>
   <trkpt lat="39.7769790" lon="-105.1955800">
    <ele>1853.3</ele>
    <time>2026-06-26T01:02:49Z</time>
   </trkpt>
   <trkpt lat="39.7770030" lon="-105.1955230">
    <ele>1852.8</ele>
    <time>2026-06-26T01:02:50Z</time>
   </trkpt>
   <trkpt lat="39.7770430" lon="-105.1954390">
    <ele>1852.1</ele>
    <time>2026-06-26T01:02:51Z</time>
   </trkpt>
   <trkpt lat="39.7770720" lon="-105.1953700">
    <ele>1851.4</ele>
    <time>2026-06-26T01:02:52Z</time>
   </trkpt>
   <trkpt lat="39.7771030" lon="-105.1952850">
    <ele>1850.7</ele>
    <time>2026-06-26T01:02:53Z</time>
   </trkpt>
   <trkpt lat="39.7771380" lon="-105.1952090">
    <ele>1850.1</ele>
    <time>2026-06-26T01:02:54Z</time>
   </trkpt>
   <trkpt lat="39.7771690" lon="-105.1951310">
    <ele>1849.5</ele>
    <time>2026-06-26T01:02:55Z</time>
   </trkpt>
   <trkpt lat="39.7771910" lon="-105.1950660">
    <ele>1849.0</ele>
    <time>2026-06-26T01:02:56Z</time>
   </trkpt>
   <trkpt lat="39.7772240" lon="-105.1950120">
    <ele>1848.5</ele>
    <time>2026-06-26T01:02:57Z</time>
   </trkpt>
   <trkpt lat="39.7772440" lon="-105.1949680">
    <ele>1848.1</ele>
    <time>2026-06-26T01:02:58Z</time>
   </trkpt>
   <trkpt lat="39.7772540" lon="-105.1949010">
    <ele>1847.7</ele>
    <time>2026-06-26T01:02:59Z</time>
   </trkpt>
   <trkpt lat="39.7772950" lon="-105.1948240">
    <ele>1847.1</ele>
    <time>2026-06-26T01:03:00Z</time>
   </trkpt>
   <trkpt lat="39.7773340" lon="-105.1947590">
    <ele>1846.8</ele>
    <time>2026-06-26T01:03:01Z</time>
   </trkpt>
   <trkpt lat="39.7773710" lon="-105.1946890">
    <ele>1846.5</ele>
    <time>2026-06-26T01:03:02Z</time>
   </trkpt>
   <trkpt lat="39.7774260" lon="-105.1946380">
    <ele>1846.1</ele>
    <time>2026-06-26T01:03:03Z</time>
   </trkpt>
   <trkpt lat="39.7774620" lon="-105.1945840">
    <ele>1845.7</ele>
    <time>2026-06-26T01:03:04Z</time>
   </trkpt>
   <trkpt lat="39.7774930" lon="-105.1945480">
    <ele>1845.4</ele>
    <time>2026-06-26T01:03:05Z</time>
   </trkpt>
   <trkpt lat="39.7775420" lon="-105.1945310">
    <ele>1845.1</ele>
    <time>2026-06-26T01:03:06Z</time>
   </trkpt>
   <trkpt lat="39.7775900" lon="-105.1944900">
    <ele>1844.7</ele>
    <time>2026-06-26T01:03:07Z</time>
   </trkpt>
   <trkpt lat="39.7776330" lon="-105.1944440">
    <ele>1844.4</ele>
    <time>2026-06-26T01:03:08Z</time>
   </trkpt>
   <trkpt lat="39.7776820" lon="-105.1943930">
    <ele>1844.0</ele>
    <time>2026-06-26T01:03:09Z</time>
   </trkpt>
   <trkpt lat="39.7776960" lon="-105.1943080">
    <ele>1843.7</ele>
    <time>2026-06-26T01:03:10Z</time>
   </trkpt>
   <trkpt lat="39.7777260" lon="-105.1942280">
    <ele>1843.3</ele>
    <time>2026-06-26T01:03:11Z</time>
   </trkpt>
   <trkpt lat="39.7777500" lon="-105.1941460">
    <ele>1842.9</ele>
    <time>2026-06-26T01:03:12Z</time>
   </trkpt>
   <trkpt lat="39.7777600" lon="-105.1940600">
    <ele>1842.6</ele>
    <time>2026-06-26T01:03:13Z</time>
   </trkpt>
   <trkpt lat="39.7777740" lon="-105.1939820">
    <ele>1842.3</ele>
    <time>2026-06-26T01:03:15Z</time>
   </trkpt>
   <trkpt lat="39.7777890" lon="-105.1939190">
    <ele>1842.0</ele>
    <time>2026-06-26T01:03:16Z</time>
   </trkpt>
   <trkpt lat="39.7777990" lon="-105.1938470">
    <ele>1841.7</ele>
    <time>2026-06-26T01:03:17Z</time>
   </trkpt>
   <trkpt lat="39.7778340" lon="-105.1937780">
    <ele>1841.4</ele>
    <time>2026-06-26T01:03:18Z</time>
   </trkpt>
   <trkpt lat="39.7778680" lon="-105.1937170">
    <ele>1841.1</ele>
    <time>2026-06-26T01:03:19Z</time>
   </trkpt>
   <trkpt lat="39.7779140" lon="-105.1936730">
    <ele>1840.8</ele>
    <time>2026-06-26T01:03:20Z</time>
   </trkpt>
   <trkpt lat="39.7779780" lon="-105.1936600">
    <ele>1840.5</ele>
    <time>2026-06-26T01:03:21Z</time>
   </trkpt>
   <trkpt lat="39.7780400" lon="-105.1936700">
    <ele>1840.1</ele>
    <time>2026-06-26T01:03:22Z</time>
   </trkpt>
   <trkpt lat="39.7781380" lon="-105.1936620">
    <ele>1839.5</ele>
    <time>2026-06-26T01:03:23Z</time>
   </trkpt>
   <trkpt lat="39.7781690" lon="-105.1936590">
    <ele>1839.2</ele>
    <time>2026-06-26T01:03:24Z</time>
   </trkpt>
   <trkpt lat="39.7781860" lon="-105.1936500">
    <ele>1839.1</ele>
    <time>2026-06-26T01:03:25Z</time>
   </trkpt>
   <trkpt lat="39.7781870" lon="-105.1936330">
    <ele>1839.0</ele>
    <time>2026-06-26T01:03:26Z</time>
   </trkpt>
   <trkpt lat="39.7781760" lon="-105.1936140">
    <ele>1838.8</ele>
    <time>2026-06-26T01:03:27Z</time>
   </trkpt>
   <trkpt lat="39.7781480" lon="-105.1936160">
    <ele>1838.6</ele>
    <time>2026-06-26T01:03:28Z</time>
   </trkpt>
   <trkpt lat="39.7781110" lon="-105.1936260">
    <ele>1838.2</ele>
    <time>2026-06-26T01:03:29Z</time>
   </trkpt>
   <trkpt lat="39.7780640" lon="-105.1936380">
    <ele>1837.7</ele>
    <time>2026-06-26T01:03:30Z</time>
   </trkpt>
   <trkpt lat="39.7780240" lon="-105.1936490">
    <ele>1837.3</ele>
    <time>2026-06-26T01:03:31Z</time>
   </trkpt>
   <trkpt lat="39.7779930" lon="-105.1936440">
    <ele>1837.0</ele>
    <time>2026-06-26T01:03:32Z</time>
   </trkpt>
   <trkpt lat="39.7780060" lon="-105.1936040">
    <ele>1836.6</ele>
    <time>2026-06-26T01:03:33Z</time>
   </trkpt>
   <trkpt lat="39.7780340" lon="-105.1935810">
    <ele>1836.2</ele>
    <time>2026-06-26T01:03:34Z</time>
   </trkpt>
   <trkpt lat="39.7780730" lon="-105.1935750">
    <ele>1835.8</ele>
    <time>2026-06-26T01:03:35Z</time>
   </trkpt>
   <trkpt lat="39.7781130" lon="-105.1935410">
    <ele>1835.3</ele>
    <time>2026-06-26T01:03:36Z</time>
   </trkpt>
   <trkpt lat="39.7781560" lon="-105.1935160">
    <ele>1834.8</ele>
    <time>2026-06-26T01:03:37Z</time>
   </trkpt>
   <trkpt lat="39.7781960" lon="-105.1934960">
    <ele>1834.4</ele>
    <time>2026-06-26T01:03:38Z</time>
   </trkpt>
   <trkpt lat="39.7782430" lon="-105.1934860">
    <ele>1834.0</ele>
    <time>2026-06-26T01:03:39Z</time>
   </trkpt>
   <trkpt lat="39.7782970" lon="-105.1934670">
    <ele>1833.5</ele>
    <time>2026-06-26T01:03:40Z</time>
   </trkpt>
   <trkpt lat="39.7783480" lon="-105.1934360">
    <ele>1833.1</ele>
    <time>2026-06-26T01:03:41Z</time>
   </trkpt>
   <trkpt lat="39.7784010" lon="-105.1934120">
    <ele>1832.7</ele>
    <time>2026-06-26T01:03:42Z</time>
   </trkpt>
   <trkpt lat="39.7784400" lon="-105.1933910">
    <ele>1832.4</ele>
    <time>2026-06-26T01:03:43Z</time>
   </trkpt>
   <trkpt lat="39.7784850" lon="-105.1933570">
    <ele>1831.9</ele>
    <time>2026-06-26T01:03:44Z</time>
   </trkpt>
   <trkpt lat="39.7785410" lon="-105.1933330">
    <ele>1831.4</ele>
    <time>2026-06-26T01:03:45Z</time>
   </trkpt>
   <trkpt lat="39.7785930" lon="-105.1933100">
    <ele>1830.7</ele>
    <time>2026-06-26T01:03:46Z</time>
   </trkpt>
   <trkpt lat="39.7786110" lon="-105.1932950">
    <ele>1830.5</ele>
    <time>2026-06-26T01:03:47Z</time>
   </trkpt>
   <trkpt lat="39.7786630" lon="-105.1933150">
    <ele>1829.7</ele>
    <time>2026-06-26T01:03:48Z</time>
   </trkpt>
   <trkpt lat="39.7786950" lon="-105.1933120">
    <ele>1829.3</ele>
    <time>2026-06-26T01:03:49Z</time>
   </trkpt>
   <trkpt lat="39.7786930" lon="-105.1932890">
    <ele>1829.0</ele>
    <time>2026-06-26T01:03:50Z</time>
   </trkpt>
   <trkpt lat="39.7786730" lon="-105.1932590">
    <ele>1828.6</ele>
    <time>2026-06-26T01:03:51Z</time>
   </trkpt>
   <trkpt lat="39.7786210" lon="-105.1932640">
    <ele>1827.9</ele>
    <time>2026-06-26T01:03:52Z</time>
   </trkpt>
   <trkpt lat="39.7785760" lon="-105.1932540">
    <ele>1827.4</ele>
    <time>2026-06-26T01:03:53Z</time>
   </trkpt>
   <trkpt lat="39.7785070" lon="-105.1932330">
    <ele>1826.6</ele>
    <time>2026-06-26T01:03:54Z</time>
   </trkpt>
   <trkpt lat="39.7784470" lon="-105.1932320">
    <ele>1826.1</ele>
    <time>2026-06-26T01:03:55Z</time>
   </trkpt>
   <trkpt lat="39.7783760" lon="-105.1932200">
    <ele>1825.6</ele>
    <time>2026-06-26T01:03:56Z</time>
   </trkpt>
   <trkpt lat="39.7783050" lon="-105.1932150">
    <ele>1825.1</ele>
    <time>2026-06-26T01:03:57Z</time>
   </trkpt>
   <trkpt lat="39.7782460" lon="-105.1932260">
    <ele>1824.8</ele>
    <time>2026-06-26T01:03:58Z</time>
   </trkpt>
   <trkpt lat="39.7781930" lon="-105.1932190">
    <ele>1824.4</ele>
    <time>2026-06-26T01:03:59Z</time>
   </trkpt>
   <trkpt lat="39.7781560" lon="-105.1932400">
    <ele>1824.2</ele>
    <time>2026-06-26T01:04:00Z</time>
   </trkpt>
   <trkpt lat="39.7781260" lon="-105.1932650">
    <ele>1823.9</ele>
    <time>2026-06-26T01:04:01Z</time>
   </trkpt>
   <trkpt lat="39.7780960" lon="-105.1932560">
    <ele>1823.7</ele>
    <time>2026-06-26T01:04:02Z</time>
   </trkpt>
   <trkpt lat="39.7780710" lon="-105.1932430">
    <ele>1823.5</ele>
    <time>2026-06-26T01:04:03Z</time>
   </trkpt>
   <trkpt lat="39.7780320" lon="-105.1932540">
    <ele>1823.3</ele>
    <time>2026-06-26T01:04:04Z</time>
   </trkpt>
   <trkpt lat="39.7779750" lon="-105.1932650">
    <ele>1823.0</ele>
    <time>2026-06-26T01:04:05Z</time>
   </trkpt>
   <trkpt lat="39.7779220" lon="-105.1933000">
    <ele>1822.8</ele>
    <time>2026-06-26T01:04:06Z</time>
   </trkpt>
   <trkpt lat="39.7778590" lon="-105.1933220">
    <ele>1822.5</ele>
    <time>2026-06-26T01:04:07Z</time>
   </trkpt>
   <trkpt lat="39.7778090" lon="-105.1933210">
    <ele>1822.3</ele>
    <time>2026-06-26T01:04:08Z</time>
   </trkpt>
   <trkpt lat="39.7777580" lon="-105.1933350">
    <ele>1822.1</ele>
    <time>2026-06-26T01:04:09Z</time>
   </trkpt>
   <trkpt lat="39.7777230" lon="-105.1933660">
    <ele>1821.8</ele>
    <time>2026-06-26T01:04:10Z</time>
   </trkpt>
   <trkpt lat="39.7776890" lon="-105.1933900">
    <ele>1821.5</ele>
    <time>2026-06-26T01:04:11Z</time>
   </trkpt>
   <trkpt lat="39.7776440" lon="-105.1934480">
    <ele>1821.0</ele>
    <time>2026-06-26T01:04:12Z</time>
   </trkpt>
   <trkpt lat="39.7776280" lon="-105.1934810">
    <ele>1820.7</ele>
    <time>2026-06-26T01:04:13Z</time>
   </trkpt>
   <trkpt lat="39.7776060" lon="-105.1935290">
    <ele>1820.2</ele>
    <time>2026-06-26T01:04:14Z</time>
   </trkpt>
   <trkpt lat="39.7775850" lon="-105.1935870">
    <ele>1819.7</ele>
    <time>2026-06-26T01:04:15Z</time>
   </trkpt>
   <trkpt lat="39.7775460" lon="-105.1936400">
    <ele>1819.0</ele>
    <time>2026-06-26T01:04:16Z</time>
   </trkpt>
   <trkpt lat="39.7775200" lon="-105.1936900">
    <ele>1818.5</ele>
    <time>2026-06-26T01:04:17Z</time>
   </trkpt>
   <trkpt lat="39.7774720" lon="-105.1937570">
    <ele>1817.8</ele>
    <time>2026-06-26T01:04:18Z</time>
   </trkpt>
   <trkpt lat="39.7774190" lon="-105.1938240">
    <ele>1817.1</ele>
    <time>2026-06-26T01:04:19Z</time>
   </trkpt>
   <trkpt lat="39.7773740" lon="-105.1938830">
    <ele>1816.5</ele>
    <time>2026-06-26T01:04:20Z</time>
   </trkpt>
   <trkpt lat="39.7773440" lon="-105.1939560">
    <ele>1816.1</ele>
    <time>2026-06-26T01:04:21Z</time>
   </trkpt>
   <trkpt lat="39.7773020" lon="-105.1939950">
    <ele>1815.7</ele>
    <time>2026-06-26T01:04:22Z</time>
   </trkpt>
   <trkpt lat="39.7772500" lon="-105.1940400">
    <ele>1815.2</ele>
    <time>2026-06-26T01:04:23Z</time>
   </trkpt>
   <trkpt lat="39.7771690" lon="-105.1940680">
    <ele>1814.4</ele>
    <time>2026-06-26T01:04:24Z</time>
   </trkpt>
   <trkpt lat="39.7771490" lon="-105.1940910">
    <ele>1814.1</ele>
    <time>2026-06-26T01:04:25Z</time>
   </trkpt>
   <trkpt lat="39.7771480" lon="-105.1940860">
    <ele>1814.1</ele>
    <time>2026-06-26T01:04:26Z</time>
   </trkpt>
   <trkpt lat="39.7771290" lon="-105.1940630">
    <ele>1813.8</ele>
    <time>2026-06-26T01:04:27Z</time>
   </trkpt>
   <trkpt lat="39.7771500" lon="-105.1940420">
    <ele>1813.5</ele>
    <time>2026-06-26T01:04:28Z</time>
   </trkpt>
   <trkpt lat="39.7771580" lon="-105.1940240">
    <ele>1813.3</ele>
    <time>2026-06-26T01:04:29Z</time>
   </trkpt>
   <trkpt lat="39.7771840" lon="-105.1939930">
    <ele>1812.9</ele>
    <time>2026-06-26T01:04:30Z</time>
   </trkpt>
   <trkpt lat="39.7772240" lon="-105.1939500">
    <ele>1812.3</ele>
    <time>2026-06-26T01:04:31Z</time>
   </trkpt>
   <trkpt lat="39.7772660" lon="-105.1938890">
    <ele>1811.7</ele>
    <time>2026-06-26T01:04:32Z</time>
   </trkpt>
   <trkpt lat="39.7772990" lon="-105.1938240">
    <ele>1811.2</ele>
    <time>2026-06-26T01:04:33Z</time>
   </trkpt>
   <trkpt lat="39.7773250" lon="-105.1937620">
    <ele>1810.8</ele>
    <time>2026-06-26T01:04:34Z</time>
   </trkpt>
   <trkpt lat="39.7773460" lon="-105.1936940">
    <ele>1810.4</ele>
    <time>2026-06-26T01:04:35Z</time>
   </trkpt>
   <trkpt lat="39.7773790" lon="-105.1936100">
    <ele>1809.9</ele>
    <time>2026-06-26T01:04:36Z</time>
   </trkpt>
   <trkpt lat="39.7774150" lon="-105.1935250">
    <ele>1809.6</ele>
    <time>2026-06-26T01:04:37Z</time>
   </trkpt>
   <trkpt lat="39.7774470" lon="-105.1934380">
    <ele>1809.3</ele>
    <time>2026-06-26T01:04:38Z</time>
   </trkpt>
   <trkpt lat="39.7774710" lon="-105.1933510">
    <ele>1809.1</ele>
    <time>2026-06-26T01:04:39Z</time>
   </trkpt>
   <trkpt lat="39.7774830" lon="-105.1932720">
    <ele>1809.0</ele>
    <time>2026-06-26T01:04:40Z</time>
   </trkpt>
   <trkpt lat="39.7775040" lon="-105.1932190">
    <ele>1808.8</ele>
    <time>2026-06-26T01:04:41Z</time>
   </trkpt>
   <trkpt lat="39.7775190" lon="-105.1931890">
    <ele>1808.8</ele>
    <time>2026-06-26T01:04:42Z</time>
   </trkpt>
   <trkpt lat="39.7775620" lon="-105.1931520">
    <ele>1808.6</ele>
    <time>2026-06-26T01:04:43Z</time>
   </trkpt>
   <trkpt lat="39.7776020" lon="-105.1931130">
    <ele>1808.4</ele>
    <time>2026-06-26T01:04:44Z</time>
   </trkpt>
   <trkpt lat="39.7776400" lon="-105.1930820">
    <ele>1808.2</ele>
    <time>2026-06-26T01:04:45Z</time>
   </trkpt>
   <trkpt lat="39.7776840" lon="-105.1930680">
    <ele>1808.0</ele>
    <time>2026-06-26T01:04:46Z</time>
   </trkpt>
   <trkpt lat="39.7777210" lon="-105.1930440">
    <ele>1807.7</ele>
    <time>2026-06-26T01:04:47Z</time>
   </trkpt>
   <trkpt lat="39.7777680" lon="-105.1930170">
    <ele>1807.4</ele>
    <time>2026-06-26T01:04:48Z</time>
   </trkpt>
   <trkpt lat="39.7778160" lon="-105.1929900">
    <ele>1807.1</ele>
    <time>2026-06-26T01:04:49Z</time>
   </trkpt>
   <trkpt lat="39.7778700" lon="-105.1929590">
    <ele>1806.8</ele>
    <time>2026-06-26T01:04:50Z</time>
   </trkpt>
   <trkpt lat="39.7779340" lon="-105.1929290">
    <ele>1806.5</ele>
    <time>2026-06-26T01:04:51Z</time>
   </trkpt>
   <trkpt lat="39.7780000" lon="-105.1929030">
    <ele>1806.2</ele>
    <time>2026-06-26T01:04:52Z</time>
   </trkpt>
   <trkpt lat="39.7780290" lon="-105.1928480">
    <ele>1806.1</ele>
    <time>2026-06-26T01:04:53Z</time>
   </trkpt>
   <trkpt lat="39.7780600" lon="-105.1928030">
    <ele>1805.9</ele>
    <time>2026-06-26T01:04:54Z</time>
   </trkpt>
   <trkpt lat="39.7781160" lon="-105.1927720">
    <ele>1805.7</ele>
    <time>2026-06-26T01:04:55Z</time>
   </trkpt>
   <trkpt lat="39.7781720" lon="-105.1927510">
    <ele>1805.4</ele>
    <time>2026-06-26T01:04:56Z</time>
   </trkpt>
   <trkpt lat="39.7782220" lon="-105.1927380">
    <ele>1805.3</ele>
    <time>2026-06-26T01:04:57Z</time>
   </trkpt>
   <trkpt lat="39.7782770" lon="-105.1927400">
    <ele>1805.1</ele>
    <time>2026-06-26T01:04:58Z</time>
   </trkpt>
   <trkpt lat="39.7783380" lon="-105.1927570">
    <ele>1804.8</ele>
    <time>2026-06-26T01:04:59Z</time>
   </trkpt>
   <trkpt lat="39.7783730" lon="-105.1927510">
    <ele>1804.7</ele>
    <time>2026-06-26T01:05:00Z</time>
   </trkpt>
   <trkpt lat="39.7784070" lon="-105.1927370">
    <ele>1804.5</ele>
    <time>2026-06-26T01:05:01Z</time>
   </trkpt>
   <trkpt lat="39.7784390" lon="-105.1927240">
    <ele>1804.3</ele>
    <time>2026-06-26T01:05:02Z</time>
   </trkpt>
   <trkpt lat="39.7784710" lon="-105.1927100">
    <ele>1804.0</ele>
    <time>2026-06-26T01:05:03Z</time>
   </trkpt>
   <trkpt lat="39.7784880" lon="-105.1926880">
    <ele>1803.8</ele>
    <time>2026-06-26T01:05:04Z</time>
   </trkpt>
   <trkpt lat="39.7785380" lon="-105.1926720">
    <ele>1803.5</ele>
    <time>2026-06-26T01:05:05Z</time>
   </trkpt>
   <trkpt lat="39.7786290" lon="-105.1926760">
    <ele>1802.8</ele>
    <time>2026-06-26T01:05:06Z</time>
   </trkpt>
   <trkpt lat="39.7787390" lon="-105.1926530">
    <ele>1802.1</ele>
    <time>2026-06-26T01:05:07Z</time>
   </trkpt>
   <trkpt lat="39.7787990" lon="-105.1926530">
    <ele>1801.8</ele>
    <time>2026-06-26T01:05:08Z</time>
   </trkpt>
   <trkpt lat="39.7788590" lon="-105.1926510">
    <ele>1801.5</ele>
    <time>2026-06-26T01:05:09Z</time>
   </trkpt>
   <trkpt lat="39.7789170" lon="-105.1926510">
    <ele>1801.2</ele>
    <time>2026-06-26T01:05:10Z</time>
   </trkpt>
   <trkpt lat="39.7789670" lon="-105.1926570">
    <ele>1800.9</ele>
    <time>2026-06-26T01:05:11Z</time>
   </trkpt>
   <trkpt lat="39.7790180" lon="-105.1926430">
    <ele>1800.7</ele>
    <time>2026-06-26T01:05:12Z</time>
   </trkpt>
   <trkpt lat="39.7790740" lon="-105.1926090">
    <ele>1800.3</ele>
    <time>2026-06-26T01:05:13Z</time>
   </trkpt>
   <trkpt lat="39.7791320" lon="-105.1925930">
    <ele>1800.0</ele>
    <time>2026-06-26T01:05:14Z</time>
   </trkpt>
   <trkpt lat="39.7791980" lon="-105.1925740">
    <ele>1799.6</ele>
    <time>2026-06-26T01:05:15Z</time>
   </trkpt>
   <trkpt lat="39.7792610" lon="-105.1925550">
    <ele>1799.3</ele>
    <time>2026-06-26T01:05:16Z</time>
   </trkpt>
   <trkpt lat="39.7793130" lon="-105.1925530">
    <ele>1799.0</ele>
    <time>2026-06-26T01:05:17Z</time>
   </trkpt>
   <trkpt lat="39.7793580" lon="-105.1925540">
    <ele>1798.7</ele>
    <time>2026-06-26T01:05:18Z</time>
   </trkpt>
   <trkpt lat="39.7794150" lon="-105.1925420">
    <ele>1798.3</ele>
    <time>2026-06-26T01:05:19Z</time>
   </trkpt>
   <trkpt lat="39.7794700" lon="-105.1925220">
    <ele>1797.9</ele>
    <time>2026-06-26T01:05:20Z</time>
   </trkpt>
   <trkpt lat="39.7795840" lon="-105.1925130">
    <ele>1797.0</ele>
    <time>2026-06-26T01:05:22Z</time>
   </trkpt>
   <trkpt lat="39.7796360" lon="-105.1925430">
    <ele>1796.6</ele>
    <time>2026-06-26T01:05:23Z</time>
   </trkpt>
   <trkpt lat="39.7797470" lon="-105.1925160">
    <ele>1795.8</ele>
    <time>2026-06-26T01:05:25Z</time>
   </trkpt>
   <trkpt lat="39.7797990" lon="-105.1924810">
    <ele>1795.4</ele>
    <time>2026-06-26T01:05:26Z</time>
   </trkpt>
   <trkpt lat="39.7798870" lon="-105.1924700">
    <ele>1794.8</ele>
    <time>2026-06-26T01:05:28Z</time>
   </trkpt>
   <trkpt lat="39.7799070" lon="-105.1924690">
    <ele>1794.7</ele>
    <time>2026-06-26T01:05:29Z</time>
   </trkpt>
   <trkpt lat="39.7799180" lon="-105.1924800">
    <ele>1794.6</ele>
    <time>2026-06-26T01:05:30Z</time>
   </trkpt>
   <trkpt lat="39.7799460" lon="-105.1924780">
    <ele>1794.5</ele>
    <time>2026-06-26T01:05:31Z</time>
   </trkpt>
   <trkpt lat="39.7799880" lon="-105.1924810">
    <ele>1794.4</ele>
    <time>2026-06-26T01:05:32Z</time>
   </trkpt>
   <trkpt lat="39.7800200" lon="-105.1924770">
    <ele>1794.2</ele>
    <time>2026-06-26T01:05:33Z</time>
   </trkpt>
   <trkpt lat="39.7800460" lon="-105.1924700">
    <ele>1794.2</ele>
    <time>2026-06-26T01:05:34Z</time>
   </trkpt>
   <trkpt lat="39.7800870" lon="-105.1924730">
    <ele>1794.0</ele>
    <time>2026-06-26T01:05:35Z</time>
   </trkpt>
   <trkpt lat="39.7801260" lon="-105.1924910">
    <ele>1793.9</ele>
    <time>2026-06-26T01:05:36Z</time>
   </trkpt>
   <trkpt lat="39.7801610" lon="-105.1924870">
    <ele>1793.7</ele>
    <time>2026-06-26T01:05:37Z</time>
   </trkpt>
   <trkpt lat="39.7801910" lon="-105.1924880">
    <ele>1793.6</ele>
    <time>2026-06-26T01:05:38Z</time>
   </trkpt>
   <trkpt lat="39.7802120" lon="-105.1924920">
    <ele>1793.5</ele>
    <time>2026-06-26T01:05:39Z</time>
   </trkpt>
   <trkpt lat="39.7802110" lon="-105.1924860">
    <ele>1793.5</ele>
    <time>2026-06-26T01:05:40Z</time>
   </trkpt>
   <trkpt lat="39.7802050" lon="-105.1924860">
    <ele>1793.5</ele>
    <time>2026-06-26T01:05:41Z</time>
   </trkpt>
   <trkpt lat="39.7802060" lon="-105.1924860">
    <ele>1793.5</ele>
    <time>2026-06-26T01:05:42Z</time>
   </trkpt>
   <trkpt lat="39.7802050" lon="-105.1924800">
    <ele>1793.5</ele>
    <time>2026-06-26T01:05:43Z</time>
   </trkpt>
   <trkpt lat="39.7802060" lon="-105.1924810">
    <ele>1793.5</ele>
    <time>2026-06-26T01:05:44Z</time>
   </trkpt>
   <trkpt lat="39.7802150" lon="-105.1924810">
    <ele>1793.4</ele>
    <time>2026-06-26T01:05:45Z</time>
   </trkpt>
   <trkpt lat="39.7802330" lon="-105.1924900">
    <ele>1793.3</ele>
    <time>2026-06-26T01:05:46Z</time>
   </trkpt>
   <trkpt lat="39.7802450" lon="-105.1925010">
    <ele>1793.2</ele>
    <time>2026-06-26T01:05:47Z</time>
   </trkpt>
   <trkpt lat="39.7802710" lon="-105.1925080">
    <ele>1793.1</ele>
    <time>2026-06-26T01:05:48Z</time>
   </trkpt>
   <trkpt lat="39.7803100" lon="-105.1925130">
    <ele>1792.8</ele>
    <time>2026-06-26T01:05:49Z</time>
   </trkpt>
   <trkpt lat="39.7803530" lon="-105.1925110">
    <ele>1792.5</ele>
    <time>2026-06-26T01:05:50Z</time>
   </trkpt>
   <trkpt lat="39.7804000" lon="-105.1924980">
    <ele>1792.1</ele>
    <time>2026-06-26T01:05:51Z</time>
   </trkpt>
   <trkpt lat="39.7804440" lon="-105.1924830">
    <ele>1791.8</ele>
    <time>2026-06-26T01:05:52Z</time>
   </trkpt>
   <trkpt lat="39.7804770" lon="-105.1924860">
    <ele>1791.5</ele>
    <time>2026-06-26T01:05:53Z</time>
   </trkpt>
   <trkpt lat="39.7805080" lon="-105.1925230">
    <ele>1791.1</ele>
    <time>2026-06-26T01:05:54Z</time>
   </trkpt>
   <trkpt lat="39.7805380" lon="-105.1925350">
    <ele>1790.8</ele>
    <time>2026-06-26T01:05:55Z</time>
   </trkpt>
   <trkpt lat="39.7805540" lon="-105.1925440">
    <ele>1790.7</ele>
    <time>2026-06-26T01:05:56Z</time>
   </trkpt>
   <trkpt lat="39.7805540" lon="-105.1925410">
    <ele>1790.7</ele>
    <time>2026-06-26T01:05:57Z</time>
   </trkpt>
   <trkpt lat="39.7805450" lon="-105.1925390">
    <ele>1790.6</ele>
    <time>2026-06-26T01:05:58Z</time>
   </trkpt>
   <trkpt lat="39.7805460" lon="-105.1925400">
    <ele>1790.6</ele>
    <time>2026-06-26T01:05:59Z</time>
   </trkpt>
   <trkpt lat="39.7805430" lon="-105.1925340">
    <ele>1790.5</ele>
    <time>2026-06-26T01:06:00Z</time>
   </trkpt>
   <trkpt lat="39.7805510" lon="-105.1925520">
    <ele>1790.4</ele>
    <time>2026-06-26T01:06:01Z</time>
   </trkpt>
   <trkpt lat="39.7805690" lon="-105.1925710">
    <ele>1790.1</ele>
    <time>2026-06-26T01:06:02Z</time>
   </trkpt>
   <trkpt lat="39.7805900" lon="-105.1925930">
    <ele>1789.9</ele>
    <time>2026-06-26T01:06:03Z</time>
   </trkpt>
   <trkpt lat="39.7806000" lon="-105.1926180">
    <ele>1789.7</ele>
    <time>2026-06-26T01:06:04Z</time>
   </trkpt>
   <trkpt lat="39.7806260" lon="-105.1926340">
    <ele>1789.4</ele>
    <time>2026-06-26T01:06:05Z</time>
   </trkpt>
   <trkpt lat="39.7806510" lon="-105.1926490">
    <ele>1789.1</ele>
    <time>2026-06-26T01:06:06Z</time>
   </trkpt>
   <trkpt lat="39.7806870" lon="-105.1926770">
    <ele>1788.7</ele>
    <time>2026-06-26T01:06:07Z</time>
   </trkpt>
   <trkpt lat="39.7807220" lon="-105.1927130">
    <ele>1788.2</ele>
    <time>2026-06-26T01:06:08Z</time>
   </trkpt>
   <trkpt lat="39.7807800" lon="-105.1926880">
    <ele>1787.6</ele>
    <time>2026-06-26T01:06:09Z</time>
   </trkpt>
   <trkpt lat="39.7808590" lon="-105.1926910">
    <ele>1786.7</ele>
    <time>2026-06-26T01:06:10Z</time>
   </trkpt>
   <trkpt lat="39.7809250" lon="-105.1926890">
    <ele>1786.0</ele>
    <time>2026-06-26T01:06:11Z</time>
   </trkpt>
   <trkpt lat="39.7809880" lon="-105.1926850">
    <ele>1785.4</ele>
    <time>2026-06-26T01:06:12Z</time>
   </trkpt>
   <trkpt lat="39.7810580" lon="-105.1926990">
    <ele>1784.8</ele>
    <time>2026-06-26T01:06:13Z</time>
   </trkpt>
   <trkpt lat="39.7811230" lon="-105.1927180">
    <ele>1784.3</ele>
    <time>2026-06-26T01:06:14Z</time>
   </trkpt>
   <trkpt lat="39.7811680" lon="-105.1927420">
    <ele>1783.9</ele>
    <time>2026-06-26T01:06:15Z</time>
   </trkpt>
   <trkpt lat="39.7812390" lon="-105.1927680">
    <ele>1783.3</ele>
    <time>2026-06-26T01:06:16Z</time>
   </trkpt>
   <trkpt lat="39.7813030" lon="-105.1927860">
    <ele>1782.8</ele>
    <time>2026-06-26T01:06:17Z</time>
   </trkpt>
   <trkpt lat="39.7813620" lon="-105.1928040">
    <ele>1782.3</ele>
    <time>2026-06-26T01:06:18Z</time>
   </trkpt>
   <trkpt lat="39.7814000" lon="-105.1928150">
    <ele>1782.1</ele>
    <time>2026-06-26T01:06:19Z</time>
   </trkpt>
   <trkpt lat="39.7814240" lon="-105.1928380">
    <ele>1781.8</ele>
    <time>2026-06-26T01:06:20Z</time>
   </trkpt>
   <trkpt lat="39.7814420" lon="-105.1928250">
    <ele>1781.6</ele>
    <time>2026-06-26T01:06:21Z</time>
   </trkpt>
   <trkpt lat="39.7814150" lon="-105.1927960">
    <ele>1781.2</ele>
    <time>2026-06-26T01:06:22Z</time>
   </trkpt>
   <trkpt lat="39.7813870" lon="-105.1927670">
    <ele>1780.7</ele>
    <time>2026-06-26T01:06:23Z</time>
   </trkpt>
   <trkpt lat="39.7813600" lon="-105.1927430">
    <ele>1780.3</ele>
    <time>2026-06-26T01:06:24Z</time>
   </trkpt>
   <trkpt lat="39.7813240" lon="-105.1927270">
    <ele>1779.8</ele>
    <time>2026-06-26T01:06:25Z</time>
   </trkpt>
   <trkpt lat="39.7812940" lon="-105.1926920">
    <ele>1779.4</ele>
    <time>2026-06-26T01:06:26Z</time>
   </trkpt>
   <trkpt lat="39.7812690" lon="-105.1926770">
    <ele>1779.0</ele>
    <time>2026-06-26T01:06:27Z</time>
   </trkpt>
   <trkpt lat="39.7812430" lon="-105.1926620">
    <ele>1778.7</ele>
    <time>2026-06-26T01:06:28Z</time>
   </trkpt>
   <trkpt lat="39.7812400" lon="-105.1926640">
    <ele>1778.6</ele>
    <time>2026-06-26T01:06:29Z</time>
   </trkpt>
   <trkpt lat="39.7812430" lon="-105.1926350">
    <ele>1778.4</ele>
    <time>2026-06-26T01:06:30Z</time>
   </trkpt>
   <trkpt lat="39.7811880" lon="-105.1926180">
    <ele>1777.7</ele>
    <time>2026-06-26T01:06:31Z</time>
   </trkpt>
   <trkpt lat="39.7811760" lon="-105.1925890">
    <ele>1777.5</ele>
    <time>2026-06-26T01:06:32Z</time>
   </trkpt>
   <trkpt lat="39.7811780" lon="-105.1925500">
    <ele>1777.1</ele>
    <time>2026-06-26T01:06:33Z</time>
   </trkpt>
   <trkpt lat="39.7812010" lon="-105.1925410">
    <ele>1776.8</ele>
    <time>2026-06-26T01:06:34Z</time>
   </trkpt>
   <trkpt lat="39.7812290" lon="-105.1925410">
    <ele>1776.5</ele>
    <time>2026-06-26T01:06:35Z</time>
   </trkpt>
   <trkpt lat="39.7812600" lon="-105.1925560">
    <ele>1776.1</ele>
    <time>2026-06-26T01:06:36Z</time>
   </trkpt>
   <trkpt lat="39.7812910" lon="-105.1925710">
    <ele>1775.8</ele>
    <time>2026-06-26T01:06:37Z</time>
   </trkpt>
   <trkpt lat="39.7813610" lon="-105.1925550">
    <ele>1775.0</ele>
    <time>2026-06-26T01:06:38Z</time>
   </trkpt>
   <trkpt lat="39.7814230" lon="-105.1925340">
    <ele>1774.4</ele>
    <time>2026-06-26T01:06:39Z</time>
   </trkpt>
   <trkpt lat="39.7814740" lon="-105.1925460">
    <ele>1773.9</ele>
    <time>2026-06-26T01:06:40Z</time>
   </trkpt>
   <trkpt lat="39.7815210" lon="-105.1925880">
    <ele>1773.4</ele>
    <time>2026-06-26T01:06:41Z</time>
   </trkpt>
   <trkpt lat="39.7815740" lon="-105.1926340">
    <ele>1772.9</ele>
    <time>2026-06-26T01:06:42Z</time>
   </trkpt>
   <trkpt lat="39.7816340" lon="-105.1926550">
    <ele>1772.4</ele>
    <time>2026-06-26T01:06:43Z</time>
   </trkpt>
   <trkpt lat="39.7816920" lon="-105.1926560">
    <ele>1771.9</ele>
    <time>2026-06-26T01:06:44Z</time>
   </trkpt>
   <trkpt lat="39.7817530" lon="-105.1926380">
    <ele>1771.4</ele>
    <time>2026-06-26T01:06:45Z</time>
   </trkpt>
   <trkpt lat="39.7818170" lon="-105.1926250">
    <ele>1770.8</ele>
    <time>2026-06-26T01:06:46Z</time>
   </trkpt>
   <trkpt lat="39.7818800" lon="-105.1926410">
    <ele>1770.2</ele>
    <time>2026-06-26T01:06:47Z</time>
   </trkpt>
   <trkpt lat="39.7819410" lon="-105.1926660">
    <ele>1769.6</ele>
    <time>2026-06-26T01:06:48Z</time>
   </trkpt>
   <trkpt lat="39.7819900" lon="-105.1926810">
    <ele>1769.1</ele>
    <time>2026-06-26T01:06:49Z</time>
   </trkpt>
   <trkpt lat="39.7820290" lon="-105.1927190">
    <ele>1768.6</ele>
    <time>2026-06-26T01:06:50Z</time>
   </trkpt>
   <trkpt lat="39.7820710" lon="-105.1927500">
    <ele>1768.1</ele>
    <time>2026-06-26T01:06:51Z</time>
   </trkpt>
   <trkpt lat="39.7820840" lon="-105.1927280">
    <ele>1767.8</ele>
    <time>2026-06-26T01:06:52Z</time>
   </trkpt>
   <trkpt lat="39.7820670" lon="-105.1926790">
    <ele>1767.3</ele>
    <time>2026-06-26T01:06:53Z</time>
   </trkpt>
   <trkpt lat="39.7820190" lon="-105.1926250">
    <ele>1766.5</ele>
    <time>2026-06-26T01:06:54Z</time>
   </trkpt>
   <trkpt lat="39.7820040" lon="-105.1926200">
    <ele>1766.3</ele>
    <time>2026-06-26T01:06:55Z</time>
   </trkpt>
   <trkpt lat="39.7819750" lon="-105.1926280">
    <ele>1765.9</ele>
    <time>2026-06-26T01:06:56Z</time>
   </trkpt>
   <trkpt lat="39.7819540" lon="-105.1926190">
    <ele>1765.6</ele>
    <time>2026-06-26T01:06:57Z</time>
   </trkpt>
   <trkpt lat="39.7819080" lon="-105.1926040">
    <ele>1765.0</ele>
    <time>2026-06-26T01:06:58Z</time>
   </trkpt>
   <trkpt lat="39.7818990" lon="-105.1925700">
    <ele>1764.7</ele>
    <time>2026-06-26T01:06:59Z</time>
   </trkpt>
   <trkpt lat="39.7818540" lon="-105.1925520">
    <ele>1764.2</ele>
    <time>2026-06-26T01:07:00Z</time>
   </trkpt>
   <trkpt lat="39.7818090" lon="-105.1924900">
    <ele>1763.4</ele>
    <time>2026-06-26T01:07:01Z</time>
   </trkpt>
   <trkpt lat="39.7817790" lon="-105.1924620">
    <ele>1763.0</ele>
    <time>2026-06-26T01:07:02Z</time>
   </trkpt>
   <trkpt lat="39.7817510" lon="-105.1923980">
    <ele>1762.3</ele>
    <time>2026-06-26T01:07:03Z</time>
   </trkpt>
   <trkpt lat="39.7817270" lon="-105.1923610">
    <ele>1761.9</ele>
    <time>2026-06-26T01:07:04Z</time>
   </trkpt>
   <trkpt lat="39.7816990" lon="-105.1923320">
    <ele>1761.5</ele>
    <time>2026-06-26T01:07:05Z</time>
   </trkpt>
   <trkpt lat="39.7816700" lon="-105.1923000">
    <ele>1761.1</ele>
    <time>2026-06-26T01:07:06Z</time>
   </trkpt>
   <trkpt lat="39.7816290" lon="-105.1922540">
    <ele>1760.4</ele>
    <time>2026-06-26T01:07:07Z</time>
   </trkpt>
   <trkpt lat="39.7815980" lon="-105.1922110">
    <ele>1759.9</ele>
    <time>2026-06-26T01:07:08Z</time>
   </trkpt>
   <trkpt lat="39.7815770" lon="-105.1921670">
    <ele>1759.5</ele>
    <time>2026-06-26T01:07:09Z</time>
   </trkpt>
   <trkpt lat="39.7815640" lon="-105.1921490">
    <ele>1759.3</ele>
    <time>2026-06-26T01:07:10Z</time>
   </trkpt>
   <trkpt lat="39.7815510" lon="-105.1921240">
    <ele>1759.0</ele>
    <time>2026-06-26T01:07:11Z</time>
   </trkpt>
   <trkpt lat="39.7815500" lon="-105.1920620">
    <ele>1758.4</ele>
    <time>2026-06-26T01:07:12Z</time>
   </trkpt>
   <trkpt lat="39.7815800" lon="-105.1920760">
    <ele>1758.0</ele>
    <time>2026-06-26T01:07:13Z</time>
   </trkpt>
   <trkpt lat="39.7816400" lon="-105.1921250">
    <ele>1757.1</ele>
    <time>2026-06-26T01:07:14Z</time>
   </trkpt>
   <trkpt lat="39.7816880" lon="-105.1921520">
    <ele>1756.5</ele>
    <time>2026-06-26T01:07:15Z</time>
   </trkpt>
   <trkpt lat="39.7817420" lon="-105.1921410">
    <ele>1755.9</ele>
    <time>2026-06-26T01:07:16Z</time>
   </trkpt>
   <trkpt lat="39.7817790" lon="-105.1921140">
    <ele>1755.4</ele>
    <time>2026-06-26T01:07:17Z</time>
   </trkpt>
   <trkpt lat="39.7818400" lon="-105.1921060">
    <ele>1754.8</ele>
    <time>2026-06-26T01:07:18Z</time>
   </trkpt>
   <trkpt lat="39.7818970" lon="-105.1920970">
    <ele>1754.3</ele>
    <time>2026-06-26T01:07:19Z</time>
   </trkpt>
   <trkpt lat="39.7819280" lon="-105.1921380">
    <ele>1754.0</ele>
    <time>2026-06-26T01:07:20Z</time>
   </trkpt>
   <trkpt lat="39.7820080" lon="-105.1921760">
    <ele>1753.4</ele>
    <time>2026-06-26T01:07:21Z</time>
   </trkpt>
   <trkpt lat="39.7820660" lon="-105.1921450">
    <ele>1753.1</ele>
    <time>2026-06-26T01:07:22Z</time>
   </trkpt>
   <trkpt lat="39.7821010" lon="-105.1921190">
    <ele>1752.8</ele>
    <time>2026-06-26T01:07:23Z</time>
   </trkpt>
   <trkpt lat="39.7821260" lon="-105.1920390">
    <ele>1752.4</ele>
    <time>2026-06-26T01:07:24Z</time>
   </trkpt>
   <trkpt lat="39.7821300" lon="-105.1919980">
    <ele>1752.2</ele>
    <time>2026-06-26T01:07:25Z</time>
   </trkpt>
   <trkpt lat="39.7821110" lon="-105.1919360">
    <ele>1751.8</ele>
    <time>2026-06-26T01:07:26Z</time>
   </trkpt>
   <trkpt lat="39.7820850" lon="-105.1918640">
    <ele>1751.4</ele>
    <time>2026-06-26T01:07:27Z</time>
   </trkpt>
   <trkpt lat="39.7820620" lon="-105.1918110">
    <ele>1751.2</ele>
    <time>2026-06-26T01:07:28Z</time>
   </trkpt>
   <trkpt lat="39.7820190" lon="-105.1917880">
    <ele>1751.1</ele>
    <time>2026-06-26T01:07:29Z</time>
   </trkpt>
   <trkpt lat="39.7819630" lon="-105.1918130">
    <ele>1751.1</ele>
    <time>2026-06-26T01:07:30Z</time>
   </trkpt>
   <trkpt lat="39.7819140" lon="-105.1918320">
    <ele>1751.1</ele>
    <time>2026-06-26T01:07:31Z</time>
   </trkpt>
   <trkpt lat="39.7818880" lon="-105.1918180">
    <ele>1751.1</ele>
    <time>2026-06-26T01:07:32Z</time>
   </trkpt>
   <trkpt lat="39.7818620" lon="-105.1918040">
    <ele>1751.1</ele>
    <time>2026-06-26T01:07:33Z</time>
   </trkpt>
   <trkpt lat="39.7818360" lon="-105.1917900">
    <ele>1751.2</ele>
    <time>2026-06-26T01:07:34Z</time>
   </trkpt>
   <trkpt lat="39.7817840" lon="-105.1917720">
    <ele>1751.3</ele>
    <time>2026-06-26T01:07:35Z</time>
   </trkpt>
   <trkpt lat="39.7817550" lon="-105.1917970">
    <ele>1751.3</ele>
    <time>2026-06-26T01:07:36Z</time>
   </trkpt>
   <trkpt lat="39.7817310" lon="-105.1917950">
    <ele>1751.4</ele>
    <time>2026-06-26T01:07:37Z</time>
   </trkpt>
   <trkpt lat="39.7817050" lon="-105.1917770">
    <ele>1751.4</ele>
    <time>2026-06-26T01:07:38Z</time>
   </trkpt>
   <trkpt lat="39.7816870" lon="-105.1917790">
    <ele>1751.4</ele>
    <time>2026-06-26T01:07:39Z</time>
   </trkpt>
   <trkpt lat="39.7816630" lon="-105.1917890">
    <ele>1751.4</ele>
    <time>2026-06-26T01:07:40Z</time>
   </trkpt>
   <trkpt lat="39.7816520" lon="-105.1917980">
    <ele>1751.4</ele>
    <time>2026-06-26T01:07:41Z</time>
   </trkpt>
   <trkpt lat="39.7816430" lon="-105.1917950">
    <ele>1751.4</ele>
    <time>2026-06-26T01:07:42Z</time>
   </trkpt>
   <trkpt lat="39.7816430" lon="-105.1917830">
    <ele>1751.4</ele>
    <time>2026-06-26T01:07:43Z</time>
   </trkpt>
   <trkpt lat="39.7816410" lon="-105.1917730">
    <ele>1751.4</ele>
    <time>2026-06-26T01:07:44Z</time>
   </trkpt>
   <trkpt lat="39.7816450" lon="-105.1917760">
    <ele>1751.4</ele>
    <time>2026-06-26T01:07:45Z</time>
   </trkpt>
   <trkpt lat="39.7816440" lon="-105.1917760">
    <ele>1751.4</ele>
    <time>2026-06-26T01:07:46Z</time>
   </trkpt>
   <trkpt lat="39.7816440" lon="-105.1917730">
    <ele>1751.4</ele>
    <time>2026-06-26T01:07:47Z</time>
   </trkpt>
   <trkpt lat="39.7816410" lon="-105.1917770">
    <ele>1751.4</ele>
    <time>2026-06-26T01:07:48Z</time>
   </trkpt>
   <trkpt lat="39.7816400" lon="-105.1917760">
    <ele>1751.4</ele>
    <time>2026-06-26T01:07:49Z</time>
   </trkpt>
   <trkpt lat="39.7816400" lon="-105.1917770">
    <ele>1751.4</ele>
    <time>2026-06-26T01:07:50Z</time>
   </trkpt>
   <trkpt lat="39.7816430" lon="-105.1917740">
    <ele>1751.4</ele>
    <time>2026-06-26T01:07:51Z</time>
   </trkpt>
   <trkpt lat="39.7816410" lon="-105.1917810">
    <ele>1751.4</ele>
    <time>2026-06-26T01:07:52Z</time>
   </trkpt>
   <trkpt lat="39.7816410" lon="-105.1917810">
    <ele>1751.4</ele>
    <time>2026-06-26T01:07:53Z</time>
   </trkpt>
   <trkpt lat="39.7815850" lon="-105.1917660">
    <ele>1751.2</ele>
    <time>2026-06-26T01:08:15Z</time>
   </trkpt>
   <trkpt lat="39.7815670" lon="-105.1917660">
    <ele>1751.1</ele>
    <time>2026-06-26T01:08:16Z</time>
   </trkpt>
   <trkpt lat="39.7815370" lon="-105.1917530">
    <ele>1750.9</ele>
    <time>2026-06-26T01:08:17Z</time>
   </trkpt>
   <trkpt lat="39.7815090" lon="-105.1917280">
    <ele>1750.7</ele>
    <time>2026-06-26T01:08:18Z</time>
   </trkpt>
   <trkpt lat="39.7814810" lon="-105.1917010">
    <ele>1750.4</ele>
    <time>2026-06-26T01:08:19Z</time>
   </trkpt>
   <trkpt lat="39.7814480" lon="-105.1916780">
    <ele>1750.1</ele>
    <time>2026-06-26T01:08:20Z</time>
   </trkpt>
   <trkpt lat="39.7814220" lon="-105.1916490">
    <ele>1749.8</ele>
    <time>2026-06-26T01:08:21Z</time>
   </trkpt>
   <trkpt lat="39.7813920" lon="-105.1915970">
    <ele>1749.3</ele>
    <time>2026-06-26T01:08:22Z</time>
   </trkpt>
   <trkpt lat="39.7813630" lon="-105.1915470">
    <ele>1748.7</ele>
    <time>2026-06-26T01:08:23Z</time>
   </trkpt>
   <trkpt lat="39.7813370" lon="-105.1914800">
    <ele>1748.0</ele>
    <time>2026-06-26T01:08:24Z</time>
   </trkpt>
   <trkpt lat="39.7813220" lon="-105.1914240">
    <ele>1747.5</ele>
    <time>2026-06-26T01:08:25Z</time>
   </trkpt>
   <trkpt lat="39.7812640" lon="-105.1913520">
    <ele>1746.5</ele>
    <time>2026-06-26T01:08:26Z</time>
   </trkpt>
   <trkpt lat="39.7812240" lon="-105.1912750">
    <ele>1745.6</ele>
    <time>2026-06-26T01:08:27Z</time>
   </trkpt>
   <trkpt lat="39.7811790" lon="-105.1912030">
    <ele>1744.8</ele>
    <time>2026-06-26T01:08:28Z</time>
   </trkpt>
   <trkpt lat="39.7811320" lon="-105.1911230">
    <ele>1744.0</ele>
    <time>2026-06-26T01:08:29Z</time>
   </trkpt>
   <trkpt lat="39.7810900" lon="-105.1910500">
    <ele>1743.3</ele>
    <time>2026-06-26T01:08:30Z</time>
   </trkpt>
   <trkpt lat="39.7810470" lon="-105.1909770">
    <ele>1742.7</ele>
    <time>2026-06-26T01:08:31Z</time>
   </trkpt>
   <trkpt lat="39.7809990" lon="-105.1909120">
    <ele>1742.2</ele>
    <time>2026-06-26T01:08:32Z</time>
   </trkpt>
   <trkpt lat="39.7809390" lon="-105.1908800">
    <ele>1741.8</ele>
    <time>2026-06-26T01:08:33Z</time>
   </trkpt>
   <trkpt lat="39.7808900" lon="-105.1908500">
    <ele>1741.5</ele>
    <time>2026-06-26T01:08:34Z</time>
   </trkpt>
   <trkpt lat="39.7808210" lon="-105.1908370">
    <ele>1741.3</ele>
    <time>2026-06-26T01:08:35Z</time>
   </trkpt>
   <trkpt lat="39.7807530" lon="-105.1908370">
    <ele>1741.1</ele>
    <time>2026-06-26T01:08:36Z</time>
   </trkpt>
   <trkpt lat="39.7806730" lon="-105.1908300">
    <ele>1741.0</ele>
    <time>2026-06-26T01:08:37Z</time>
   </trkpt>
   <trkpt lat="39.7806240" lon="-105.1908400">
    <ele>1741.0</ele>
    <time>2026-06-26T01:08:38Z</time>
   </trkpt>
   <trkpt lat="39.7805620" lon="-105.1908350">
    <ele>1741.0</ele>
    <time>2026-06-26T01:08:39Z</time>
   </trkpt>
   <trkpt lat="39.7805110" lon="-105.1908230">
    <ele>1741.0</ele>
    <time>2026-06-26T01:08:40Z</time>
   </trkpt>
   <trkpt lat="39.7804660" lon="-105.1907950">
    <ele>1740.8</ele>
    <time>2026-06-26T01:08:41Z</time>
   </trkpt>
   <trkpt lat="39.7804300" lon="-105.1907530">
    <ele>1740.6</ele>
    <time>2026-06-26T01:08:42Z</time>
   </trkpt>
   <trkpt lat="39.7804010" lon="-105.1907100">
    <ele>1740.3</ele>
    <time>2026-06-26T01:08:43Z</time>
   </trkpt>
   <trkpt lat="39.7803840" lon="-105.1906680">
    <ele>1740.1</ele>
    <time>2026-06-26T01:08:44Z</time>
   </trkpt>
   <trkpt lat="39.7803670" lon="-105.1906180">
    <ele>1739.7</ele>
    <time>2026-06-26T01:08:45Z</time>
   </trkpt>
   <trkpt lat="39.7803490" lon="-105.1905680">
    <ele>1739.3</ele>
    <time>2026-06-26T01:08:46Z</time>
   </trkpt>
   <trkpt lat="39.7803190" lon="-105.1905250">
    <ele>1738.9</ele>
    <time>2026-06-26T01:08:47Z</time>
   </trkpt>
   <trkpt lat="39.7802720" lon="-105.1904940">
    <ele>1738.4</ele>
    <time>2026-06-26T01:08:48Z</time>
   </trkpt>
   <trkpt lat="39.7802180" lon="-105.1904770">
    <ele>1737.9</ele>
    <time>2026-06-26T01:08:49Z</time>
   </trkpt>
   <trkpt lat="39.7801580" lon="-105.1904390">
    <ele>1737.3</ele>
    <time>2026-06-26T01:08:50Z</time>
   </trkpt>
   <trkpt lat="39.7800960" lon="-105.1904120">
    <ele>1736.7</ele>
    <time>2026-06-26T01:08:51Z</time>
   </trkpt>
   <trkpt lat="39.7800440" lon="-105.1903940">
    <ele>1736.2</ele>
    <time>2026-06-26T01:08:52Z</time>
   </trkpt>
   <trkpt lat="39.7799890" lon="-105.1903990">
    <ele>1735.7</ele>
    <time>2026-06-26T01:08:53Z</time>
   </trkpt>
   <trkpt lat="39.7799180" lon="-105.1904130">
    <ele>1735.1</ele>
    <time>2026-06-26T01:08:54Z</time>
   </trkpt>
   <trkpt lat="39.7798470" lon="-105.1904230">
    <ele>1734.4</ele>
    <time>2026-06-26T01:08:55Z</time>
   </trkpt>
   <trkpt lat="39.7797600" lon="-105.1904240">
    <ele>1733.8</ele>
    <time>2026-06-26T01:08:56Z</time>
   </trkpt>
   <trkpt lat="39.7796840" lon="-105.1904390">
    <ele>1733.4</ele>
    <time>2026-06-26T01:08:57Z</time>
   </trkpt>
   <trkpt lat="39.7796150" lon="-105.1904530">
    <ele>1733.2</ele>
    <time>2026-06-26T01:08:58Z</time>
   </trkpt>
   <trkpt lat="39.7795550" lon="-105.1904680">
    <ele>1733.1</ele>
    <time>2026-06-26T01:08:59Z</time>
   </trkpt>
   <trkpt lat="39.7795020" lon="-105.1904930">
    <ele>1733.0</ele>
    <time>2026-06-26T01:09:00Z</time>
   </trkpt>
   <trkpt lat="39.7794510" lon="-105.1905190">
    <ele>1733.0</ele>
    <time>2026-06-26T01:09:01Z</time>
   </trkpt>
   <trkpt lat="39.7794080" lon="-105.1905230">
    <ele>1733.0</ele>
    <time>2026-06-26T01:09:02Z</time>
   </trkpt>
   <trkpt lat="39.7793780" lon="-105.1905320">
    <ele>1732.9</ele>
    <time>2026-06-26T01:09:03Z</time>
   </trkpt>
   <trkpt lat="39.7793580" lon="-105.1905350">
    <ele>1732.9</ele>
    <time>2026-06-26T01:09:04Z</time>
   </trkpt>
   <trkpt lat="39.7793400" lon="-105.1905320">
    <ele>1732.9</ele>
    <time>2026-06-26T01:09:05Z</time>
   </trkpt>
   <trkpt lat="39.7793460" lon="-105.1905210">
    <ele>1732.9</ele>
    <time>2026-06-26T01:09:06Z</time>
   </trkpt>
   <trkpt lat="39.7793440" lon="-105.1905100">
    <ele>1732.9</ele>
    <time>2026-06-26T01:09:07Z</time>
   </trkpt>
   <trkpt lat="39.7793530" lon="-105.1905160">
    <ele>1732.8</ele>
    <time>2026-06-26T01:09:08Z</time>
   </trkpt>
   <trkpt lat="39.7793540" lon="-105.1905220">
    <ele>1732.8</ele>
    <time>2026-06-26T01:09:09Z</time>
   </trkpt>
   <trkpt lat="39.7793550" lon="-105.1905280">
    <ele>1732.8</ele>
    <time>2026-06-26T01:09:10Z</time>
   </trkpt>
   <trkpt lat="39.7793540" lon="-105.1905290">
    <ele>1732.8</ele>
    <time>2026-06-26T01:09:11Z</time>
   </trkpt>
   <trkpt lat="39.7793580" lon="-105.1905260">
    <ele>1732.8</ele>
    <time>2026-06-26T01:09:12Z</time>
   </trkpt>
   <trkpt lat="39.7793580" lon="-105.1905280">
    <ele>1732.8</ele>
    <time>2026-06-26T01:09:13Z</time>
   </trkpt>
   <trkpt lat="39.7793550" lon="-105.1905250">
    <ele>1732.8</ele>
    <time>2026-06-26T01:09:14Z</time>
   </trkpt>
   <trkpt lat="39.7793550" lon="-105.1905250">
    <ele>1732.8</ele>
    <time>2026-06-26T01:09:15Z</time>
   </trkpt>
   <trkpt lat="39.7793520" lon="-105.1905140">
    <ele>1732.7</ele>
    <time>2026-06-26T01:09:16Z</time>
   </trkpt>
   <trkpt lat="39.7793500" lon="-105.1905070">
    <ele>1732.7</ele>
    <time>2026-06-26T01:09:17Z</time>
   </trkpt>
  </trkseg>
 </trk>
</gpx>
