<?xml version="1.0" encoding="UTF-8"?>
<gpx creator="Garmin Connect" version="1.1"
  xsi:schemaLocation="http://www.topografix.com/GPX/1/1 http://www.topografix.com/GPX/11.xsd"
  xmlns:ns3="http://www.garmin.com/xmlschemas/TrackPointExtension/v1"
  xmlns="http://www.topografix.com/GPX/1/1"
  xmlns:xsi="http://www.w3.org/2001/XMLSchema-instance" xmlns:ns2="http://www.garmin.com/xmlschemas/GpxExtensions/v3">
  <metadata>
    <link href="connect.garmin.com">
      <text>Garmin Connect</text>
    </link>
    <time>2026-07-22T00:56:20.000Z</time>
  </metadata>
  <trk>
    <name>Denver Road Cycling</name>
    <type>road_biking</type>
    <trkseg>
      <trkpt lat="39.75213090889155864715576171875" lon="-105.02116240561008453369140625">
        <ele>1625</ele>
        <time>2026-07-22T00:56:20.000Z</time>
        <extensions>
          <ns3:TrackPointExtension>
            <ns3:atemp>35.0</ns3:atemp>
          </ns3:TrackPointExtension>
        </extensions>
      </trkpt>
      <trkpt lat="39.75213392637670040130615234375" lon="-105.02116081304848194122314453125">
        <ele>1611.4000244140625</ele>
        <time>2026-07-22T00:56:22.000Z</time>
        <extensions>
          <ns3:TrackPointExtension>
            <ns3:atemp>35.0</ns3:atemp>
          </ns3:TrackPointExtension>
        </extensions>
      </trkpt>
      <trkpt lat="39.75217097438871860504150390625" lon="-105.0211575441062450408935546875">
        <ele>1611</ele>
        <time>2026-07-22T00:56:24.000Z</time>
        <extensions>
          <ns3:TrackPointExtension>
            <ns3:atemp>34.0</ns3:atemp>
          </ns3:TrackPointExtension>
        </extensions>
      </trkpt>
      <trkpt lat="39.7522565536201000213623046875" lon="-105.021145306527614593505859375">
        <ele>1610.5999755859375</ele>
        <time>2026-07-22T00:56:27.000Z</time>
        <extensions>
          <ns3:TrackPointExtension>
            <ns3:atemp>34.0</ns3:atemp>
          </ns3:TrackPointExtension>
        </extensions>
      </trkpt>
      <trkpt lat="39.752321429550647735595703125" lon="-105.02113264985382556915283203125">
        <ele>1610.4000244140625</ele>
        <time>2026-07-22T00:56:29.000Z</time>
        <extensions>
          <ns3:TrackPointExtension>
            <ns3:atemp>34.0</ns3:atemp>
          </ns3:TrackPointExtension>
        </extensions>
      </trkpt>
      <trkpt lat="39.75235235877335071563720703125" lon="-105.021127201616764068603515625">
        <ele>1610.4000244140625</ele>
        <time>2026-07-22T00:56:30.000Z</time>
        <extensions>
          <ns3:TrackPointExtension>
            <ns3:atemp>34.0</ns3:atemp>
          </ns3:TrackPointExtension>
        </extensions>
      </trkpt>
      <trkpt lat="39.752383120357990264892578125" lon="-105.0211166404187679290771484375">
        <ele>1610.5999755859375</ele>
        <time>2026-07-22T00:56:31.000Z</time>
        <extensions>
          <ns3:TrackPointExtension>
            <ns3:atemp>34.0</ns3:atemp>
          </ns3:TrackPointExtension>
        </extensions>
      </trkpt>
      <trkpt lat="39.75241086445748805999755859375" lon="-105.0210720486938953399658203125">
        <ele>1610.5999755859375</ele>
        <time>2026-07-22T00:56:33.000Z</time>
        <extensions>
          <ns3:TrackPointExtension>
            <ns3:atemp>34.0</ns3:atemp>
          </ns3:TrackPointExtension>
        </extensions>
      </trkpt>
      <trkpt lat="39.75241430103778839111328125" lon="-105.0208517722785472869873046875">
        <ele>1610.5999755859375</ele>
        <time>2026-07-22T00:56:39.000Z</time>
        <extensions>
          <ns3:TrackPointExtension>
            <ns3:atemp>34.0</ns3:atemp>
          </ns3:TrackPointExtension>
        </extensions>
      </trkpt>
      <trkpt lat="39.75243735127151012420654296875" lon="-105.02074758522212505340576171875">
        <ele>1610.5999755859375</ele>
        <time>2026-07-22T00:56:43.000Z</time>
        <extensions>
          <ns3:TrackPointExtension>
            <ns3:atemp>34.0</ns3:atemp>
          </ns3:TrackPointExtension>
        </extensions>
      </trkpt>
      <trkpt lat="39.75239778868854045867919921875" lon="-105.02073735930025577545166015625">
        <ele>1610.4000244140625</ele>
        <time>2026-07-22T00:56:47.000Z</time>
        <extensions>
          <ns3:TrackPointExtension>
            <ns3:atemp>34.0</ns3:atemp>
          </ns3:TrackPointExtension>
        </extensions>
      </trkpt>
      <trkpt lat="39.7524096071720123291015625" lon="-105.02081849612295627593994140625">
        <ele>1610.4000244140625</ele>
        <time>2026-07-22T00:56:53.000Z</time>
        <extensions>
          <ns3:TrackPointExtension>
            <ns3:atemp>34.0</ns3:atemp>
          </ns3:TrackPointExtension>
        </extensions>
      </trkpt>
      <trkpt lat="39.75240332074463367462158203125" lon="-105.02084297128021717071533203125">
        <ele>1610.4000244140625</ele>
        <time>2026-07-22T00:56:56.000Z</time>
        <extensions>
          <ns3:TrackPointExtension>
            <ns3:atemp>34.0</ns3:atemp>
          </ns3:TrackPointExtension>
        </extensions>
      </trkpt>
      <trkpt lat="39.75240449421107769012451171875" lon="-105.0208303146064281463623046875">
        <ele>1610.4000244140625</ele>
        <time>2026-07-22T00:56:57.000Z</time>
        <extensions>
          <ns3:TrackPointExtension>
            <ns3:atemp>34.0</ns3:atemp>
          </ns3:TrackPointExtension>
        </extensions>
      </trkpt>
      <trkpt lat="39.7524080984294414520263671875" lon="-105.02079888246953487396240234375">
        <ele>1610.5999755859375</ele>
        <time>2026-07-22T00:56:59.000Z</time>
        <extensions>
          <ns3:TrackPointExtension>
            <ns3:atemp>34.0</ns3:atemp>
          </ns3:TrackPointExtension>
        </extensions>
      </trkpt>
      <trkpt lat="39.75242511369287967681884765625" lon="-105.02077256329357624053955078125">
        <ele>1610.5999755859375</ele>
        <time>2026-07-22T00:57:02.000Z</time>
        <extensions>
          <ns3:TrackPointExtension>
            <ns3:atemp>34.0</ns3:atemp>
          </ns3:TrackPointExtension>
        </extensions>
      </trkpt>
      <trkpt lat="39.75242226384580135345458984375" lon="-105.02077189274132251739501953125">
        <ele>1610.4000244140625</ele>
        <time>2026-07-22T00:57:11.000Z</time>
        <extensions>
          <ns3:TrackPointExtension>
            <ns3:atemp>34.0</ns3:atemp>
          </ns3:TrackPointExtension>
        </extensions>
      </trkpt>
      <trkpt lat="39.752399884164333343505859375" lon="-105.0207444839179515838623046875">
        <ele>1610</ele>
        <time>2026-07-22T00:57:25.000Z</time>
        <extensions>
          <ns3:TrackPointExtension>
            <ns3:atemp>34.0</ns3:atemp>
          </ns3:TrackPointExtension>
        </extensions>
      </trkpt>
      <trkpt lat="39.75239326246082782745361328125" lon="-105.02071405760943889617919921875">
        <ele>1610</ele>
        <time>2026-07-22T00:57:26.000Z</time>
        <extensions>
          <ns3:TrackPointExtension>
            <ns3:atemp>34.0</ns3:atemp>
          </ns3:TrackPointExtension>
        </extensions>
      </trkpt>
      <trkpt lat="39.75238286890089511871337890625" lon="-105.02065219916403293609619140625">
        <ele>1610</ele>
        <time>2026-07-22T00:57:28.000Z</time>
        <extensions>
          <ns3:TrackPointExtension>
            <ns3:atemp>34.0</ns3:atemp>
          </ns3:TrackPointExtension>
        </extensions>
      </trkpt>
      <trkpt lat="39.7523242793977260589599609375" lon="-105.0206073559820652008056640625">
        <ele>1610</ele>
        <time>2026-07-22T00:57:30.000Z</time>
        <extensions>
          <ns3:TrackPointExtension>
            <ns3:atemp>34.0</ns3:atemp>
          </ns3:TrackPointExtension>
        </extensions>
      </trkpt>
      <trkpt lat="39.75224624387919902801513671875" lon="-105.02058262936770915985107421875">
        <ele>1610</ele>
        <time>2026-07-22T00:57:32.000Z</time>
        <extensions>
          <ns3:TrackPointExtension>
            <ns3:atemp>34.0</ns3:atemp>
          </ns3:TrackPointExtension>
        </extensions>
      </trkpt>
      <trkpt lat="39.75210048258304595947265625" lon="-105.0205771811306476593017578125">
        <ele>1610</ele>
        <time>2026-07-22T00:57:35.000Z</time>
        <extensions>
          <ns3:TrackPointExtension>
            <ns3:atemp>33.0</ns3:atemp>
          </ns3:TrackPointExtension>
        </extensions>
      </trkpt>
      <trkpt lat="39.75194583646953105926513671875" lon="-105.02057575620710849761962890625">
        <ele>1609.5999755859375</ele>
        <time>2026-07-22T00:57:38.000Z</time>
        <extensions>
          <ns3:TrackPointExtension>
            <ns3:atemp>33.0</ns3:atemp>
          </ns3:TrackPointExtension>
        </extensions>
      </trkpt>
      <trkpt lat="39.75169052369892597198486328125" lon="-105.02056972123682498931884765625">
        <ele>1608.800048828125</ele>
        <time>2026-07-22T00:57:42.000Z</time>
        <extensions>
          <ns3:TrackPointExtension>
            <ns3:atemp>33.0</ns3:atemp>
          </ns3:TrackPointExtension>
        </extensions>
      </trkpt>
      <trkpt lat="39.751623384654521942138671875" lon="-105.0205620937049388885498046875">
        <ele>1608.5999755859375</ele>
        <time>2026-07-22T00:57:43.000Z</time>
        <extensions>
          <ns3:TrackPointExtension>
            <ns3:atemp>33.0</ns3:atemp>
          </ns3:TrackPointExtension>
        </extensions>
      </trkpt>
      <trkpt lat="39.75155658088624477386474609375" lon="-105.02055278979241847991943359375">
        <ele>1608.4000244140625</ele>
        <time>2026-07-22T00:57:44.000Z</time>
        <extensions>
          <ns3:TrackPointExtension>
            <ns3:atemp>33.0</ns3:atemp>
          </ns3:TrackPointExtension>
        </extensions>
      </trkpt>
      <trkpt lat="39.7514914534986019134521484375" lon="-105.02055547200143337249755859375">
        <ele>1608</ele>
        <time>2026-07-22T00:57:45.000Z</time>
        <extensions>
          <ns3:TrackPointExtension>
            <ns3:atemp>33.0</ns3:atemp>
          </ns3:TrackPointExtension>
        </extensions>
      </trkpt>
      <trkpt lat="39.75143470801413059234619140625" lon="-105.02056536264717578887939453125">
        <ele>1607.800048828125</ele>
        <time>2026-07-22T00:57:46.000Z</time>
        <extensions>
          <ns3:TrackPointExtension>
            <ns3:atemp>33.0</ns3:atemp>
          </ns3:TrackPointExtension>
        </extensions>
      </trkpt>
      <trkpt lat="39.75138491950929164886474609375" lon="-105.0205738283693790435791015625">
        <ele>1607.4000244140625</ele>
        <time>2026-07-22T00:57:47.000Z</time>
        <extensions>
          <ns3:TrackPointExtension>
            <ns3:atemp>33.0</ns3:atemp>
          </ns3:TrackPointExtension>
        </extensions>
      </trkpt>
      <trkpt lat="39.75134116597473621368408203125" lon="-105.02057743258774280548095703125">
        <ele>1607.199951171875</ele>
        <time>2026-07-22T00:57:48.000Z</time>
        <extensions>
          <ns3:TrackPointExtension>
            <ns3:atemp>33.0</ns3:atemp>
          </ns3:TrackPointExtension>
        </extensions>
      </trkpt>
      <trkpt lat="39.75129741244018077850341796875" lon="-105.02058229409158229827880859375">
        <ele>1606.800048828125</ele>
        <time>2026-07-22T00:57:49.000Z</time>
        <extensions>
          <ns3:TrackPointExtension>
            <ns3:atemp>33.0</ns3:atemp>
          </ns3:TrackPointExtension>
        </extensions>
      </trkpt>
      <trkpt lat="39.7512376494705677032470703125" lon="-105.02063644118607044219970703125">
        <ele>1606.199951171875</ele>
        <time>2026-07-22T00:57:51.000Z</time>
        <extensions>
          <ns3:TrackPointExtension>
            <ns3:atemp>33.0</ns3:atemp>
          </ns3:TrackPointExtension>
        </extensions>
      </trkpt>
      <trkpt lat="39.7512255795300006866455078125" lon="-105.02069461159408092498779296875">
        <ele>1606.199951171875</ele>
        <time>2026-07-22T00:57:52.000Z</time>
        <extensions>
          <ns3:TrackPointExtension>
            <ns3:atemp>33.0</ns3:atemp>
          </ns3:TrackPointExtension>
        </extensions>
      </trkpt>
      <trkpt lat="39.75122298114001750946044921875" lon="-105.02077055163681507110595703125">
        <ele>1605.5999755859375</ele>
        <time>2026-07-22T00:57:53.000Z</time>
        <extensions>
          <ns3:TrackPointExtension>
            <ns3:atemp>33.0</ns3:atemp>
          </ns3:TrackPointExtension>
        </extensions>
      </trkpt>
      <trkpt lat="39.75122666917741298675537109375" lon="-105.02097825519740581512451171875">
        <ele>1605.4000244140625</ele>
        <time>2026-07-22T00:57:56.000Z</time>
        <extensions>
          <ns3:TrackPointExtension>
            <ns3:atemp>33.0</ns3:atemp>
          </ns3:TrackPointExtension>
        </extensions>
      </trkpt>
      <trkpt lat="39.75123681128025054931640625" lon="-105.02124044112861156463623046875">
        <ele>1605.5999755859375</ele>
        <time>2026-07-22T00:58:01.000Z</time>
        <extensions>
          <ns3:TrackPointExtension>
            <ns3:atemp>33.0</ns3:atemp>
          </ns3:TrackPointExtension>
        </extensions>
      </trkpt>
      <trkpt lat="39.75124351680278778076171875" lon="-105.02158611081540584564208984375">
        <ele>1606.4000244140625</ele>
        <time>2026-07-22T00:58:08.000Z</time>
        <extensions>
          <ns3:TrackPointExtension>
            <ns3:atemp>33.0</ns3:atemp>
          </ns3:TrackPointExtension>
        </extensions>
      </trkpt>
      <trkpt lat="39.75124427117407321929931640625" lon="-105.0216916389763355255126953125">
        <ele>1607</ele>
        <time>2026-07-22T00:58:10.000Z</time>
        <extensions>
          <ns3:TrackPointExtension>
            <ns3:atemp>33.0</ns3:atemp>
          </ns3:TrackPointExtension>
        </extensions>
      </trkpt>
      <trkpt lat="39.7512443549931049346923828125" lon="-105.02196765504777431488037109375">
        <ele>1608</ele>
        <time>2026-07-22T00:58:15.000Z</time>
        <extensions>
          <ns3:TrackPointExtension>
            <ns3:atemp>33.0</ns3:atemp>
          </ns3:TrackPointExtension>
        </extensions>
      </trkpt>
      <trkpt lat="39.75124326534569263458251953125" lon="-105.02218902111053466796875">
        <ele>1608.800048828125</ele>
        <time>2026-07-22T00:58:18.000Z</time>
        <extensions>
          <ns3:TrackPointExtension>
            <ns3:atemp>33.0</ns3:atemp>
          </ns3:TrackPointExtension>
        </extensions>
      </trkpt>
      <trkpt lat="39.75124628283083438873291015625" lon="-105.02230527810752391815185546875">
        <ele>1609.199951171875</ele>
        <time>2026-07-22T00:58:20.000Z</time>
        <extensions>
          <ns3:TrackPointExtension>
            <ns3:atemp>33.0</ns3:atemp>
          </ns3:TrackPointExtension>
        </extensions>
      </trkpt>
      <trkpt lat="39.7512490488588809967041015625" lon="-105.0224185176193714141845703125">
        <ele>1609.5999755859375</ele>
        <time>2026-07-22T00:58:22.000Z</time>
        <extensions>
          <ns3:TrackPointExtension>
            <ns3:atemp>33.0</ns3:atemp>
          </ns3:TrackPointExtension>
        </extensions>
      </trkpt>
      <trkpt lat="39.751247875392436981201171875" lon="-105.022677518427371978759765625">
        <ele>1610</ele>
        <time>2026-07-22T00:58:26.000Z</time>
        <extensions>
          <ns3:TrackPointExtension>
            <ns3:atemp>33.0</ns3:atemp>
          </ns3:TrackPointExtension>
        </extensions>
      </trkpt>
      <trkpt lat="39.75125667639076709747314453125" lon="-105.02286334522068500518798828125">
        <ele>1610.4000244140625</ele>
        <time>2026-07-22T00:58:29.000Z</time>
        <extensions>
          <ns3:TrackPointExtension>
            <ns3:atemp>33.0</ns3:atemp>
          </ns3:TrackPointExtension>
        </extensions>
      </trkpt>
      <trkpt lat="39.75125684402883052825927734375" lon="-105.0231953524053096771240234375">
        <ele>1611.199951171875</ele>
        <time>2026-07-22T00:58:34.000Z</time>
        <extensions>
          <ns3:TrackPointExtension>
            <ns3:atemp>33.0</ns3:atemp>
          </ns3:TrackPointExtension>
        </extensions>
      </trkpt>
      <trkpt lat="39.7512597776949405670166015625" lon="-105.0233291275799274444580078125">
        <ele>1611.199951171875</ele>
        <time>2026-07-22T00:58:36.000Z</time>
        <extensions>
          <ns3:TrackPointExtension>
            <ns3:atemp>33.0</ns3:atemp>
          </ns3:TrackPointExtension>
        </extensions>
      </trkpt>
      <trkpt lat="39.75126002915203571319580078125" lon="-105.0233948417007923126220703125">
        <ele>1611.4000244140625</ele>
        <time>2026-07-22T00:58:37.000Z</time>
        <extensions>
          <ns3:TrackPointExtension>
            <ns3:atemp>33.0</ns3:atemp>
          </ns3:TrackPointExtension>
        </extensions>
      </trkpt>
      <trkpt lat="39.75127092562615871429443359375" lon="-105.0238555110991001129150390625">
        <ele>1612.4000244140625</ele>
        <time>2026-07-22T00:58:44.000Z</time>
        <extensions>
          <ns3:TrackPointExtension>
            <ns3:atemp>33.0</ns3:atemp>
          </ns3:TrackPointExtension>
        </extensions>
      </trkpt>
      <trkpt lat="39.75127159617841243743896484375" lon="-105.0239229016005992889404296875">
        <ele>1612.4000244140625</ele>
        <time>2026-07-22T00:58:45.000Z</time>
        <extensions>
          <ns3:TrackPointExtension>
            <ns3:atemp>33.0</ns3:atemp>
          </ns3:TrackPointExtension>
        </extensions>
      </trkpt>
      <trkpt lat="39.751276038587093353271484375" lon="-105.0242038629949092864990234375">
        <ele>1612.4000244140625</ele>
        <time>2026-07-22T00:58:49.000Z</time>
        <extensions>
          <ns3:TrackPointExtension>
            <ns3:atemp>33.0</ns3:atemp>
          </ns3:TrackPointExtension>
        </extensions>
      </trkpt>
      <trkpt lat="39.7512674890458583831787109375" lon="-105.024398155510425567626953125">
        <ele>1612.800048828125</ele>
        <time>2026-07-22T00:58:52.000Z</time>
        <extensions>
          <ns3:TrackPointExtension>
            <ns3:atemp>33.0</ns3:atemp>
          </ns3:TrackPointExtension>
        </extensions>
      </trkpt>
      <trkpt lat="39.7512681595981121063232421875" lon="-105.02458465285599231719970703125">
        <ele>1613</ele>
        <time>2026-07-22T00:58:55.000Z</time>
        <extensions>
          <ns3:TrackPointExtension>
            <ns3:atemp>33.0</ns3:atemp>
          </ns3:TrackPointExtension>
        </extensions>
      </trkpt>
      <trkpt lat="39.751273356378078460693359375" lon="-105.02491481602191925048828125">
        <ele>1613.199951171875</ele>
        <time>2026-07-22T00:59:01.000Z</time>
        <extensions>
          <ns3:TrackPointExtension>
            <ns3:atemp>33.0</ns3:atemp>
          </ns3:TrackPointExtension>
        </extensions>
      </trkpt>
      <trkpt lat="39.75126656703650951385498046875" lon="-105.02503107301890850067138671875">
        <ele>1613.4000244140625</ele>
        <time>2026-07-22T00:59:06.000Z</time>
        <extensions>
          <ns3:TrackPointExtension>
            <ns3:atemp>33.0</ns3:atemp>
          </ns3:TrackPointExtension>
        </extensions>
      </trkpt>
      <trkpt lat="39.75126656703650951385498046875" lon="-105.02503107301890850067138671875">
        <ele>1613.4000244140625</ele>
        <time>2026-07-22T00:59:07.000Z</time>
        <extensions>
          <ns3:TrackPointExtension>
            <ns3:atemp>33.0</ns3:atemp>
          </ns3:TrackPointExtension>
        </extensions>
      </trkpt>
      <trkpt lat="39.75126656703650951385498046875" lon="-105.02503107301890850067138671875">
        <ele>1613.4000244140625</ele>
        <time>2026-07-22T00:59:15.000Z</time>
        <extensions>
          <ns3:TrackPointExtension>
            <ns3:atemp>33.0</ns3:atemp>
          </ns3:TrackPointExtension>
        </extensions>
      </trkpt>
      <trkpt lat="39.751274026930332183837890625" lon="-105.02509779296815395355224609375">
        <ele>1613.4000244140625</ele>
        <time>2026-07-22T00:59:24.000Z</time>
        <extensions>
          <ns3:TrackPointExtension>
            <ns3:atemp>33.0</ns3:atemp>
          </ns3:TrackPointExtension>
        </extensions>
      </trkpt>
      <trkpt lat="39.75125935859978199005126953125" lon="-105.025317482650279998779296875">
        <ele>1613.4000244140625</ele>
        <time>2026-07-22T00:59:28.000Z</time>
        <extensions>
          <ns3:TrackPointExtension>
            <ns3:atemp>33.0</ns3:atemp>
          </ns3:TrackPointExtension>
        </extensions>
      </trkpt>
      <trkpt lat="39.7512562572956085205078125" lon="-105.0257538445293903350830078125">
        <ele>1613.199951171875</ele>
        <time>2026-07-22T00:59:34.000Z</time>
        <extensions>
          <ns3:TrackPointExtension>
            <ns3:atemp>33.0</ns3:atemp>
          </ns3:TrackPointExtension>
        </extensions>
      </trkpt>
      <trkpt lat="39.7512460313737392425537109375" lon="-105.026285760104656219482421875">
        <ele>1613.5999755859375</ele>
        <time>2026-07-22T00:59:40.000Z</time>
        <extensions>
          <ns3:TrackPointExtension>
            <ns3:atemp>33.0</ns3:atemp>
          </ns3:TrackPointExtension>
        </extensions>
      </trkpt>
      <trkpt lat="39.75124754011631011962890625" lon="-105.026992522180080413818359375">
        <ele>1614.199951171875</ele>
        <time>2026-07-22T00:59:47.000Z</time>
        <extensions>
          <ns3:TrackPointExtension>
            <ns3:atemp>33.0</ns3:atemp>
          </ns3:TrackPointExtension>
        </extensions>
      </trkpt>
      <trkpt lat="39.7512393258512020111083984375" lon="-105.02752250991761684417724609375">
        <ele>1614.5999755859375</ele>
        <time>2026-07-22T00:59:53.000Z</time>
        <extensions>
          <ns3:TrackPointExtension>
            <ns3:atemp>33.0</ns3:atemp>
          </ns3:TrackPointExtension>
        </extensions>
      </trkpt>
      <trkpt lat="39.75125332362949848175048828125" lon="-105.02812148071825504302978515625">
        <ele>1615.199951171875</ele>
        <time>2026-07-22T00:59:58.000Z</time>
        <extensions>
          <ns3:TrackPointExtension>
            <ns3:atemp>33.0</ns3:atemp>
          </ns3:TrackPointExtension>
        </extensions>
      </trkpt>
      <trkpt lat="39.7512544132769107818603515625" lon="-105.02839556895196437835693359375">
        <ele>1615.5999755859375</ele>
        <time>2026-07-22T01:00:01.000Z</time>
        <extensions>
          <ns3:TrackPointExtension>
            <ns3:atemp>33.0</ns3:atemp>
          </ns3:TrackPointExtension>
        </extensions>
      </trkpt>
      <trkpt lat="39.75125424563884735107421875" lon="-105.02877987921237945556640625">
        <ele>1616.199951171875</ele>
        <time>2026-07-22T01:00:05.000Z</time>
        <extensions>
          <ns3:TrackPointExtension>
            <ns3:atemp>33.0</ns3:atemp>
          </ns3:TrackPointExtension>
        </extensions>
      </trkpt>
      <trkpt lat="39.75125349126756191253662109375" lon="-105.02922470681369304656982421875">
        <ele>1617</ele>
        <time>2026-07-22T01:00:11.000Z</time>
        <extensions>
          <ns3:TrackPointExtension>
            <ns3:atemp>33.0</ns3:atemp>
          </ns3:TrackPointExtension>
        </extensions>
      </trkpt>
      <trkpt lat="39.75125986151397228240966796875" lon="-105.02954103983938694000244140625">
        <ele>1617.4000244140625</ele>
        <time>2026-07-22T01:00:14.000Z</time>
        <extensions>
          <ns3:TrackPointExtension>
            <ns3:atemp>33.0</ns3:atemp>
          </ns3:TrackPointExtension>
        </extensions>
      </trkpt>
      <trkpt lat="39.7512537427246570587158203125" lon="-105.02982183359563350677490234375">
        <ele>1617.800048828125</ele>
        <time>2026-07-22T01:00:18.000Z</time>
        <extensions>
          <ns3:TrackPointExtension>
            <ns3:atemp>33.0</ns3:atemp>
          </ns3:TrackPointExtension>
        </extensions>
      </trkpt>
      <trkpt lat="39.7512495517730712890625" lon="-105.03024076111614704132080078125">
        <ele>1618.199951171875</ele>
        <time>2026-07-22T01:00:24.000Z</time>
        <extensions>
          <ns3:TrackPointExtension>
            <ns3:atemp>33.0</ns3:atemp>
          </ns3:TrackPointExtension>
        </extensions>
      </trkpt>
      <trkpt lat="39.7512495517730712890625" lon="-105.03024076111614704132080078125">
        <ele>1618.4000244140625</ele>
        <time>2026-07-22T01:00:25.000Z</time>
        <extensions>
          <ns3:TrackPointExtension>
            <ns3:atemp>33.0</ns3:atemp>
          </ns3:TrackPointExtension>
        </extensions>
      </trkpt>
      <trkpt lat="39.75124980323016643524169921875" lon="-105.0308621115982532501220703125">
        <ele>1619</ele>
        <time>2026-07-22T01:00:31.000Z</time>
        <extensions>
          <ns3:TrackPointExtension>
            <ns3:atemp>33.0</ns3:atemp>
          </ns3:TrackPointExtension>
        </extensions>
      </trkpt>
      <trkpt lat="39.75126103498041629791259765625" lon="-105.0316114537417888641357421875">
        <ele>1619.199951171875</ele>
        <time>2026-07-22T01:00:39.000Z</time>
        <extensions>
          <ns3:TrackPointExtension>
            <ns3:atemp>33.0</ns3:atemp>
          </ns3:TrackPointExtension>
        </extensions>
      </trkpt>
      <trkpt lat="39.75125801749527454376220703125" lon="-105.0318793393671512603759765625">
        <ele>1619.4000244140625</ele>
        <time>2026-07-22T01:00:42.000Z</time>
        <extensions>
          <ns3:TrackPointExtension>
            <ns3:atemp>33.0</ns3:atemp>
          </ns3:TrackPointExtension>
        </extensions>
      </trkpt>
      <trkpt lat="39.751251898705959320068359375" lon="-105.0319688580930233001708984375">
        <ele>1619.4000244140625</ele>
        <time>2026-07-22T01:00:43.000Z</time>
        <extensions>
          <ns3:TrackPointExtension>
            <ns3:atemp>33.0</ns3:atemp>
          </ns3:TrackPointExtension>
        </extensions>
      </trkpt>
      <trkpt lat="39.75124460645020008087158203125" lon="-105.03223481588065624237060546875">
        <ele>1619.800048828125</ele>
        <time>2026-07-22T01:00:46.000Z</time>
        <extensions>
          <ns3:TrackPointExtension>
            <ns3:atemp>33.0</ns3:atemp>
          </ns3:TrackPointExtension>
        </extensions>
      </trkpt>
      <trkpt lat="39.75124443881213665008544921875" lon="-105.03295465372502803802490234375">
        <ele>1620.5999755859375</ele>
        <time>2026-07-22T01:00:54.000Z</time>
        <extensions>
          <ns3:TrackPointExtension>
            <ns3:atemp>33.0</ns3:atemp>
          </ns3:TrackPointExtension>
        </extensions>
      </trkpt>
      <trkpt lat="39.75124485790729522705078125" lon="-105.03304459154605865478515625">
        <ele>1620.800048828125</ele>
        <time>2026-07-22T01:00:55.000Z</time>
        <extensions>
          <ns3:TrackPointExtension>
            <ns3:atemp>33.0</ns3:atemp>
          </ns3:TrackPointExtension>
        </extensions>
      </trkpt>
      <trkpt lat="39.75124611519277095794677734375" lon="-105.0337531976401805877685546875">
        <ele>1621.800048828125</ele>
        <time>2026-07-22T01:01:03.000Z</time>
        <extensions>
          <ns3:TrackPointExtension>
            <ns3:atemp>33.0</ns3:atemp>
          </ns3:TrackPointExtension>
        </extensions>
      </trkpt>
      <trkpt lat="39.75124754011631011962890625" lon="-105.034099034965038299560546875">
        <ele>1622</ele>
        <time>2026-07-22T01:01:07.000Z</time>
        <extensions>
          <ns3:TrackPointExtension>
            <ns3:atemp>33.0</ns3:atemp>
          </ns3:TrackPointExtension>
        </extensions>
      </trkpt>
      <trkpt lat="39.751251228153705596923828125" lon="-105.03465525805950164794921875">
        <ele>1622.199951171875</ele>
        <time>2026-07-22T01:01:14.000Z</time>
        <extensions>
          <ns3:TrackPointExtension>
            <ns3:atemp>33.0</ns3:atemp>
          </ns3:TrackPointExtension>
        </extensions>
      </trkpt>
      <trkpt lat="39.75124351680278778076171875" lon="-105.03529974259436130523681640625">
        <ele>1622.5999755859375</ele>
        <time>2026-07-22T01:01:22.000Z</time>
        <extensions>
          <ns3:TrackPointExtension>
            <ns3:atemp>33.0</ns3:atemp>
          </ns3:TrackPointExtension>
        </extensions>
      </trkpt>
      <trkpt lat="39.751239158213138580322265625" lon="-105.03547542728483676910400390625">
        <ele>1622.5999755859375</ele>
        <time>2026-07-22T01:01:24.000Z</time>
        <extensions>
          <ns3:TrackPointExtension>
            <ns3:atemp>33.0</ns3:atemp>
          </ns3:TrackPointExtension>
        </extensions>
      </trkpt>
      <trkpt lat="39.751234464347362518310546875" lon="-105.035904161632061004638671875">
        <ele>1623</ele>
        <time>2026-07-22T01:01:29.000Z</time>
        <extensions>
          <ns3:TrackPointExtension>
            <ns3:atemp>33.0</ns3:atemp>
          </ns3:TrackPointExtension>
        </extensions>
      </trkpt>
      <trkpt lat="39.75123002193868160247802734375" lon="-105.0364716164767742156982421875">
        <ele>1623.5999755859375</ele>
        <time>2026-07-22T01:01:36.000Z</time>
        <extensions>
          <ns3:TrackPointExtension>
            <ns3:atemp>33.0</ns3:atemp>
          </ns3:TrackPointExtension>
        </extensions>
      </trkpt>
      <trkpt lat="39.751230776309967041015625" lon="-105.0365504063665866851806640625">
        <ele>1623.5999755859375</ele>
        <time>2026-07-22T01:01:37.000Z</time>
        <extensions>
          <ns3:TrackPointExtension>
            <ns3:atemp>33.0</ns3:atemp>
          </ns3:TrackPointExtension>
        </extensions>
      </trkpt>
      <trkpt lat="39.75123136304318904876708984375" lon="-105.03728382289409637451171875">
        <ele>1623.800048828125</ele>
        <time>2026-07-22T01:01:46.000Z</time>
        <extensions>
          <ns3:TrackPointExtension>
            <ns3:atemp>33.0</ns3:atemp>
          </ns3:TrackPointExtension>
        </extensions>
      </trkpt>
      <trkpt lat="39.75123655982315540313720703125" lon="-105.03745372407138347625732421875">
        <ele>1623.800048828125</ele>
        <time>2026-07-22T01:01:48.000Z</time>
        <extensions>
          <ns3:TrackPointExtension>
            <ns3:atemp>33.0</ns3:atemp>
          </ns3:TrackPointExtension>
        </extensions>
      </trkpt>
      <trkpt lat="39.7512503899633884429931640625" lon="-105.0378908403217792510986328125">
        <ele>1623.800048828125</ele>
        <time>2026-07-22T01:01:53.000Z</time>
        <extensions>
          <ns3:TrackPointExtension>
            <ns3:atemp>33.0</ns3:atemp>
          </ns3:TrackPointExtension>
        </extensions>
      </trkpt>
      <trkpt lat="39.7512265853583812713623046875" lon="-105.0385865382850170135498046875">
        <ele>1623.800048828125</ele>
        <time>2026-07-22T01:02:01.000Z</time>
        <extensions>
          <ns3:TrackPointExtension>
            <ns3:atemp>33.0</ns3:atemp>
          </ns3:TrackPointExtension>
        </extensions>
      </trkpt>
      <trkpt lat="39.7512463666498661041259765625" lon="-105.03933395259082317352294921875">
        <ele>1623.4000244140625</ele>
        <time>2026-07-22T01:02:09.000Z</time>
        <extensions>
          <ns3:TrackPointExtension>
            <ns3:atemp>33.0</ns3:atemp>
          </ns3:TrackPointExtension>
        </extensions>
      </trkpt>
      <trkpt lat="39.75121476687490940093994140625" lon="-105.04005781374871730804443359375">
        <ele>1623</ele>
        <time>2026-07-22T01:02:17.000Z</time>
        <extensions>
          <ns3:TrackPointExtension>
            <ns3:atemp>33.0</ns3:atemp>
          </ns3:TrackPointExtension>
        </extensions>
      </trkpt>
      <trkpt lat="39.7512101568281650543212890625" lon="-105.04079223610460758209228515625">
        <ele>1622.4000244140625</ele>
        <time>2026-07-22T01:02:25.000Z</time>
        <extensions>
          <ns3:TrackPointExtension>
            <ns3:atemp>33.0</ns3:atemp>
          </ns3:TrackPointExtension>
        </extensions>
      </trkpt>
      <trkpt lat="39.7512104921042919158935546875" lon="-105.040889047086238861083984375">
        <ele>1622.199951171875</ele>
        <time>2026-07-22T01:02:26.000Z</time>
        <extensions>
          <ns3:TrackPointExtension>
            <ns3:atemp>33.0</ns3:atemp>
          </ns3:TrackPointExtension>
        </extensions>
      </trkpt>
      <trkpt lat="39.75121074356138706207275390625" lon="-105.04107638262212276458740234375">
        <ele>1622</ele>
        <time>2026-07-22T01:02:28.000Z</time>
        <extensions>
          <ns3:TrackPointExtension>
            <ns3:atemp>33.0</ns3:atemp>
          </ns3:TrackPointExtension>
        </extensions>
      </trkpt>
      <trkpt lat="39.7512084804475307464599609375" lon="-105.04154057241976261138916015625">
        <ele>1621.800048828125</ele>
        <time>2026-07-22T01:02:33.000Z</time>
        <extensions>
          <ns3:TrackPointExtension>
            <ns3:atemp>33.0</ns3:atemp>
          </ns3:TrackPointExtension>
        </extensions>
      </trkpt>
      <trkpt lat="39.75121862255036830902099609375" lon="-105.04162455908954143524169921875">
        <ele>1621.800048828125</ele>
        <time>2026-07-22T01:02:34.000Z</time>
        <extensions>
          <ns3:TrackPointExtension>
            <ns3:atemp>33.0</ns3:atemp>
          </ns3:TrackPointExtension>
        </extensions>
      </trkpt>
      <trkpt lat="39.7512267529964447021484375" lon="-105.04170787520706653594970703125">
        <ele>1621.800048828125</ele>
        <time>2026-07-22T01:02:35.000Z</time>
        <extensions>
          <ns3:TrackPointExtension>
            <ns3:atemp>33.0</ns3:atemp>
          </ns3:TrackPointExtension>
        </extensions>
      </trkpt>
      <trkpt lat="39.75121677853167057037353515625" lon="-105.04188573919236660003662109375">
        <ele>1621.800048828125</ele>
        <time>2026-07-22T01:02:37.000Z</time>
        <extensions>
          <ns3:TrackPointExtension>
            <ns3:atemp>33.0</ns3:atemp>
          </ns3:TrackPointExtension>
        </extensions>
      </trkpt>
      <trkpt lat="39.75119062699377536773681640625" lon="-105.04244615323841571807861328125">
        <ele>1622</ele>
        <time>2026-07-22T01:02:43.000Z</time>
        <extensions>
          <ns3:TrackPointExtension>
            <ns3:atemp>33.0</ns3:atemp>
          </ns3:TrackPointExtension>
        </extensions>
      </trkpt>
      <trkpt lat="39.75119448266923427581787109375" lon="-105.04277690313756465911865234375">
        <ele>1622</ele>
        <time>2026-07-22T01:02:47.000Z</time>
        <extensions>
          <ns3:TrackPointExtension>
            <ns3:atemp>33.0</ns3:atemp>
          </ns3:TrackPointExtension>
        </extensions>
      </trkpt>
      <trkpt lat="39.75118710659444332122802734375" lon="-105.04284110851585865020751953125">
        <ele>1622</ele>
        <time>2026-07-22T01:02:48.000Z</time>
        <extensions>
          <ns3:TrackPointExtension>
            <ns3:atemp>33.0</ns3:atemp>
          </ns3:TrackPointExtension>
        </extensions>
      </trkpt>
      <trkpt lat="39.7511648945510387420654296875" lon="-105.0428834371268749237060546875">
        <ele>1622.199951171875</ele>
        <time>2026-07-22T01:02:49.000Z</time>
        <extensions>
          <ns3:TrackPointExtension>
            <ns3:atemp>33.0</ns3:atemp>
          </ns3:TrackPointExtension>
        </extensions>
      </trkpt>
      <trkpt lat="39.75112793035805225372314453125" lon="-105.0429035536944866180419921875">
        <ele>1622.199951171875</ele>
        <time>2026-07-22T01:02:50.000Z</time>
        <extensions>
          <ns3:TrackPointExtension>
            <ns3:atemp>33.0</ns3:atemp>
          </ns3:TrackPointExtension>
        </extensions>
      </trkpt>
      <trkpt lat="39.75108199752867221832275390625" lon="-105.04290464334189891815185546875">
        <ele>1622.199951171875</ele>
        <time>2026-07-22T01:02:51.000Z</time>
        <extensions>
          <ns3:TrackPointExtension>
            <ns3:atemp>33.0</ns3:atemp>
          </ns3:TrackPointExtension>
        </extensions>
      </trkpt>
      <trkpt lat="39.7509087435901165008544921875" lon="-105.0428995303809642791748046875">
        <ele>1622.4000244140625</ele>
        <time>2026-07-22T01:02:54.000Z</time>
        <extensions>
          <ns3:TrackPointExtension>
            <ns3:atemp>33.0</ns3:atemp>
          </ns3:TrackPointExtension>
        </extensions>
      </trkpt>
      <trkpt lat="39.75060003809630870819091796875" lon="-105.04286373965442180633544921875">
        <ele>1622.4000244140625</ele>
        <time>2026-07-22T01:02:59.000Z</time>
        <extensions>
          <ns3:TrackPointExtension>
            <ns3:atemp>33.0</ns3:atemp>
          </ns3:TrackPointExtension>
        </extensions>
      </trkpt>
      <trkpt lat="39.75042904727160930633544921875" lon="-105.042864494025707244873046875">
        <ele>1622.199951171875</ele>
        <time>2026-07-22T01:03:02.000Z</time>
        <extensions>
          <ns3:TrackPointExtension>
            <ns3:atemp>33.0</ns3:atemp>
          </ns3:TrackPointExtension>
        </extensions>
      </trkpt>
      <trkpt lat="39.75003476254642009735107421875" lon="-105.042855441570281982421875">
        <ele>1621.800048828125</ele>
        <time>2026-07-22T01:03:08.000Z</time>
        <extensions>
          <ns3:TrackPointExtension>
            <ns3:atemp>33.0</ns3:atemp>
          </ns3:TrackPointExtension>
        </extensions>
      </trkpt>
      <trkpt lat="39.7495505400002002716064453125" lon="-105.04284940659999847412109375">
        <ele>1620.800048828125</ele>
        <time>2026-07-22T01:03:15.000Z</time>
        <extensions>
          <ns3:TrackPointExtension>
            <ns3:atemp>33.0</ns3:atemp>
          </ns3:TrackPointExtension>
        </extensions>
      </trkpt>
      <trkpt lat="39.7494808025658130645751953125" lon="-105.0428509153425693511962890625">
        <ele>1620.5999755859375</ele>
        <time>2026-07-22T01:03:16.000Z</time>
        <extensions>
          <ns3:TrackPointExtension>
            <ns3:atemp>33.0</ns3:atemp>
          </ns3:TrackPointExtension>
        </extensions>
      </trkpt>
      <trkpt lat="39.74918651394546031951904296875" lon="-105.04285485483705997467041015625">
        <ele>1619.5999755859375</ele>
        <time>2026-07-22T01:03:20.000Z</time>
        <extensions>
          <ns3:TrackPointExtension>
            <ns3:atemp>33.0</ns3:atemp>
          </ns3:TrackPointExtension>
        </extensions>
      </trkpt>
      <trkpt lat="39.7488250024616718292236328125" lon="-105.04287212155759334564208984375">
        <ele>1618.5999755859375</ele>
        <time>2026-07-22T01:03:25.000Z</time>
        <extensions>
          <ns3:TrackPointExtension>
            <ns3:atemp>33.0</ns3:atemp>
          </ns3:TrackPointExtension>
        </extensions>
      </trkpt>
      <trkpt lat="39.7486020438373088836669921875" lon="-105.0428458862006664276123046875">
        <ele>1618.4000244140625</ele>
        <time>2026-07-22T01:03:28.000Z</time>
        <extensions>
          <ns3:TrackPointExtension>
            <ns3:atemp>33.0</ns3:atemp>
          </ns3:TrackPointExtension>
        </extensions>
      </trkpt>
      <trkpt lat="39.7484655864536762237548828125" lon="-105.0427950918674468994140625">
        <ele>1618.4000244140625</ele>
        <time>2026-07-22T01:03:30.000Z</time>
        <extensions>
          <ns3:TrackPointExtension>
            <ns3:atemp>33.0</ns3:atemp>
          </ns3:TrackPointExtension>
        </extensions>
      </trkpt>
      <trkpt lat="39.74833407439291477203369140625" lon="-105.0427540205419063568115234375">
        <ele>1618.199951171875</ele>
        <time>2026-07-22T01:03:32.000Z</time>
        <extensions>
          <ns3:TrackPointExtension>
            <ns3:atemp>33.0</ns3:atemp>
          </ns3:TrackPointExtension>
        </extensions>
      </trkpt>
      <trkpt lat="39.748211614787578582763671875" lon="-105.0426886416971683502197265625">
        <ele>1618.199951171875</ele>
        <time>2026-07-22T01:03:34.000Z</time>
        <extensions>
          <ns3:TrackPointExtension>
            <ns3:atemp>33.0</ns3:atemp>
          </ns3:TrackPointExtension>
        </extensions>
      </trkpt>
      <trkpt lat="39.74815721623599529266357421875" lon="-105.0426376797258853912353515625">
        <ele>1618.199951171875</ele>
        <time>2026-07-22T01:03:35.000Z</time>
        <extensions>
          <ns3:TrackPointExtension>
            <ns3:atemp>33.0</ns3:atemp>
          </ns3:TrackPointExtension>
        </extensions>
      </trkpt>
      <trkpt lat="39.74810935556888580322265625" lon="-105.04257573746144771575927734375">
        <ele>1618.199951171875</ele>
        <time>2026-07-22T01:03:36.000Z</time>
        <extensions>
          <ns3:TrackPointExtension>
            <ns3:atemp>33.0</ns3:atemp>
          </ns3:TrackPointExtension>
        </extensions>
      </trkpt>
      <trkpt lat="39.7480210103094577789306640625" lon="-105.04243324510753154754638671875">
        <ele>1618.199951171875</ele>
        <time>2026-07-22T01:03:38.000Z</time>
        <extensions>
          <ns3:TrackPointExtension>
            <ns3:atemp>33.0</ns3:atemp>
          </ns3:TrackPointExtension>
        </extensions>
      </trkpt>
      <trkpt lat="39.74798253737390041351318359375" lon="-105.0423557125031948089599609375">
        <ele>1618.4000244140625</ele>
        <time>2026-07-22T01:03:39.000Z</time>
        <extensions>
          <ns3:TrackPointExtension>
            <ns3:atemp>33.0</ns3:atemp>
          </ns3:TrackPointExtension>
        </extensions>
      </trkpt>
      <trkpt lat="39.7479536198079586029052734375" lon="-105.04227365367114543914794921875">
        <ele>1618.4000244140625</ele>
        <time>2026-07-22T01:03:40.000Z</time>
        <extensions>
          <ns3:TrackPointExtension>
            <ns3:atemp>33.0</ns3:atemp>
          </ns3:TrackPointExtension>
        </extensions>
      </trkpt>
      <trkpt lat="39.74787206389009952545166015625" lon="-105.04192194901406764984130859375">
        <ele>1618.4000244140625</ele>
        <time>2026-07-22T01:03:44.000Z</time>
        <extensions>
          <ns3:TrackPointExtension>
            <ns3:atemp>33.0</ns3:atemp>
          </ns3:TrackPointExtension>
        </extensions>
      </trkpt>
      <trkpt lat="39.74782428704202175140380859375" lon="-105.0417528860270977020263671875">
        <ele>1618.5999755859375</ele>
        <time>2026-07-22T01:03:46.000Z</time>
        <extensions>
          <ns3:TrackPointExtension>
            <ns3:atemp>33.0</ns3:atemp>
          </ns3:TrackPointExtension>
        </extensions>
      </trkpt>
      <trkpt lat="39.7477702237665653228759765625" lon="-105.04146446473896503448486328125">
        <ele>1618.4000244140625</ele>
        <time>2026-07-22T01:03:49.000Z</time>
        <extensions>
          <ns3:TrackPointExtension>
            <ns3:atemp>33.0</ns3:atemp>
          </ns3:TrackPointExtension>
        </extensions>
      </trkpt>
      <trkpt lat="39.74767341278493404388427734375" lon="-105.0409807451069355010986328125">
        <ele>1618.199951171875</ele>
        <time>2026-07-22T01:03:54.000Z</time>
        <extensions>
          <ns3:TrackPointExtension>
            <ns3:atemp>33.0</ns3:atemp>
          </ns3:TrackPointExtension>
        </extensions>
      </trkpt>
      <trkpt lat="39.74760116077959537506103515625" lon="-105.040807910263538360595703125">
        <ele>1618</ele>
        <time>2026-07-22T01:03:56.000Z</time>
        <extensions>
          <ns3:TrackPointExtension>
            <ns3:atemp>33.0</ns3:atemp>
          </ns3:TrackPointExtension>
        </extensions>
      </trkpt>
      <trkpt lat="39.7475194372236728668212890625" lon="-105.0406340695917606353759765625">
        <ele>1618</ele>
        <time>2026-07-22T01:03:58.000Z</time>
        <extensions>
          <ns3:TrackPointExtension>
            <ns3:atemp>33.0</ns3:atemp>
          </ns3:TrackPointExtension>
        </extensions>
      </trkpt>
      <trkpt lat="39.74742405116558074951171875" lon="-105.0403504259884357452392578125">
        <ele>1617.800048828125</ele>
        <time>2026-07-22T01:04:01.000Z</time>
        <extensions>
          <ns3:TrackPointExtension>
            <ns3:atemp>33.0</ns3:atemp>
          </ns3:TrackPointExtension>
        </extensions>
      </trkpt>
      <trkpt lat="39.7472948022186756134033203125" lon="-105.03987140022218227386474609375">
        <ele>1617.800048828125</ele>
        <time>2026-07-22T01:04:06.000Z</time>
        <extensions>
          <ns3:TrackPointExtension>
            <ns3:atemp>33.0</ns3:atemp>
          </ns3:TrackPointExtension>
        </extensions>
      </trkpt>
      <trkpt lat="39.7471368871629238128662109375" lon="-105.03919296897947788238525390625">
        <ele>1618.199951171875</ele>
        <time>2026-07-22T01:04:13.000Z</time>
        <extensions>
          <ns3:TrackPointExtension>
            <ns3:atemp>33.0</ns3:atemp>
          </ns3:TrackPointExtension>
        </extensions>
      </trkpt>
      <trkpt lat="39.7470701672136783599853515625" lon="-105.0390022806823253631591796875">
        <ele>1618.4000244140625</ele>
        <time>2026-07-22T01:04:15.000Z</time>
        <extensions>
          <ns3:TrackPointExtension>
            <ns3:atemp>33.0</ns3:atemp>
          </ns3:TrackPointExtension>
        </extensions>
      </trkpt>
      <trkpt lat="39.746938236057758331298828125" lon="-105.0387357361614704132080078125">
        <ele>1618.5999755859375</ele>
        <time>2026-07-22T01:04:18.000Z</time>
        <extensions>
          <ns3:TrackPointExtension>
            <ns3:atemp>33.0</ns3:atemp>
          </ns3:TrackPointExtension>
        </extensions>
      </trkpt>
      <trkpt lat="39.74659633822739124298095703125" lon="-105.03819133155047893524169921875">
        <ele>1618.800048828125</ele>
        <time>2026-07-22T01:04:25.000Z</time>
        <extensions>
          <ns3:TrackPointExtension>
            <ns3:atemp>33.0</ns3:atemp>
          </ns3:TrackPointExtension>
        </extensions>
      </trkpt>
      <trkpt lat="39.7465478070080280303955078125" lon="-105.03811589442193508148193359375">
        <ele>1618.800048828125</ele>
        <time>2026-07-22T01:04:26.000Z</time>
        <extensions>
          <ns3:TrackPointExtension>
            <ns3:atemp>33.0</ns3:atemp>
          </ns3:TrackPointExtension>
        </extensions>
      </trkpt>
      <trkpt lat="39.74626810289919376373291015625" lon="-105.0376467593014240264892578125">
        <ele>1618.4000244140625</ele>
        <time>2026-07-22T01:04:33.000Z</time>
        <extensions>
          <ns3:TrackPointExtension>
            <ns3:atemp>33.0</ns3:atemp>
          </ns3:TrackPointExtension>
        </extensions>
      </trkpt>
      <trkpt lat="39.74617707543075084686279296875" lon="-105.037491023540496826171875">
        <ele>1618.4000244140625</ele>
        <time>2026-07-22T01:04:34.000Z</time>
        <extensions>
          <ns3:TrackPointExtension>
            <ns3:atemp>33.0</ns3:atemp>
          </ns3:TrackPointExtension>
        </extensions>
      </trkpt>
      <trkpt lat="39.74591773934662342071533203125" lon="-105.0371689908206462860107421875">
        <ele>1618.199951171875</ele>
        <time>2026-07-22T01:04:39.000Z</time>
        <extensions>
          <ns3:TrackPointExtension>
            <ns3:atemp>33.0</ns3:atemp>
          </ns3:TrackPointExtension>
        </extensions>
      </trkpt>
      <trkpt lat="39.74587499164044857025146484375" lon="-105.03713118843734264373779296875">
        <ele>1618.199951171875</ele>
        <time>2026-07-22T01:04:40.000Z</time>
        <extensions>
          <ns3:TrackPointExtension>
            <ns3:atemp>33.0</ns3:atemp>
          </ns3:TrackPointExtension>
        </extensions>
      </trkpt>
      <trkpt lat="39.745855964720249176025390625" lon="-105.03709849901497364044189453125">
        <ele>1618.199951171875</ele>
        <time>2026-07-22T01:04:41.000Z</time>
        <extensions>
          <ns3:TrackPointExtension>
            <ns3:atemp>33.0</ns3:atemp>
          </ns3:TrackPointExtension>
        </extensions>
      </trkpt>
      <trkpt lat="39.74586040712893009185791015625" lon="-105.037070922553539276123046875">
        <ele>1618.199951171875</ele>
        <time>2026-07-22T01:04:42.000Z</time>
        <extensions>
          <ns3:TrackPointExtension>
            <ns3:atemp>33.0</ns3:atemp>
          </ns3:TrackPointExtension>
        </extensions>
      </trkpt>
      <trkpt lat="39.74592863582074642181396484375" lon="-105.03709564916789531707763671875">
        <ele>1618.199951171875</ele>
        <time>2026-07-22T01:04:45.000Z</time>
        <extensions>
          <ns3:TrackPointExtension>
            <ns3:atemp>33.0</ns3:atemp>
          </ns3:TrackPointExtension>
        </extensions>
      </trkpt>
      <trkpt lat="39.7460205852985382080078125" lon="-105.03724358975887298583984375">
        <ele>1617.4000244140625</ele>
        <time>2026-07-22T01:04:50.000Z</time>
        <extensions>
          <ns3:TrackPointExtension>
            <ns3:atemp>33.0</ns3:atemp>
          </ns3:TrackPointExtension>
        </extensions>
      </trkpt>
      <trkpt lat="39.74610582925379276275634765625" lon="-105.03737526945769786834716796875">
        <ele>1617.199951171875</ele>
        <time>2026-07-22T01:04:55.000Z</time>
        <extensions>
          <ns3:TrackPointExtension>
            <ns3:atemp>33.0</ns3:atemp>
          </ns3:TrackPointExtension>
        </extensions>
      </trkpt>
      <trkpt lat="39.7462054900825023651123046875" lon="-105.03746696747839450836181640625">
        <ele>1617.199951171875</ele>
        <time>2026-07-22T01:05:01.000Z</time>
        <extensions>
          <ns3:TrackPointExtension>
            <ns3:atemp>33.0</ns3:atemp>
          </ns3:TrackPointExtension>
        </extensions>
      </trkpt>
      <trkpt lat="39.74621663801372051239013671875" lon="-105.0374762713909149169921875">
        <ele>1617.199951171875</ele>
        <time>2026-07-22T01:05:02.000Z</time>
        <extensions>
          <ns3:TrackPointExtension>
            <ns3:atemp>33.0</ns3:atemp>
          </ns3:TrackPointExtension>
        </extensions>
      </trkpt>
      <trkpt lat="39.74623608402907848358154296875" lon="-105.0374707393348217010498046875">
        <ele>1617.199951171875</ele>
        <time>2026-07-22T01:05:04.000Z</time>
        <extensions>
          <ns3:TrackPointExtension>
            <ns3:atemp>33.0</ns3:atemp>
          </ns3:TrackPointExtension>
        </extensions>
      </trkpt>
      <trkpt lat="39.74622149951756000518798828125" lon="-105.037441067397594451904296875">
        <ele>1617.4000244140625</ele>
        <time>2026-07-22T01:05:06.000Z</time>
        <extensions>
          <ns3:TrackPointExtension>
            <ns3:atemp>33.0</ns3:atemp>
          </ns3:TrackPointExtension>
        </extensions>
      </trkpt>
      <trkpt lat="39.74618629552423954010009765625" lon="-105.03743209876120090484619140625">
        <ele>1617.4000244140625</ele>
        <time>2026-07-22T01:05:08.000Z</time>
        <extensions>
          <ns3:TrackPointExtension>
            <ns3:atemp>33.0</ns3:atemp>
          </ns3:TrackPointExtension>
        </extensions>
      </trkpt>
      <trkpt lat="39.74615813232958316802978515625" lon="-105.03745682537555694580078125">
        <ele>1617.4000244140625</ele>
        <time>2026-07-22T01:05:12.000Z</time>
        <extensions>
          <ns3:TrackPointExtension>
            <ns3:atemp>33.0</ns3:atemp>
          </ns3:TrackPointExtension>
        </extensions>
      </trkpt>
      <trkpt lat="39.74615813232958316802978515625" lon="-105.03745682537555694580078125">
        <ele>1617.199951171875</ele>
        <time>2026-07-22T01:05:33.000Z</time>
        <extensions>
          <ns3:TrackPointExtension>
            <ns3:atemp>33.0</ns3:atemp>
          </ns3:TrackPointExtension>
        </extensions>
      </trkpt>
      <trkpt lat="39.74615813232958316802978515625" lon="-105.03745682537555694580078125">
        <ele>1617</ele>
        <time>2026-07-22T01:06:22.000Z</time>
        <extensions>
          <ns3:TrackPointExtension>
            <ns3:atemp>33.0</ns3:atemp>
          </ns3:TrackPointExtension>
        </extensions>
      </trkpt>
      <trkpt lat="39.74615813232958316802978515625" lon="-105.03745682537555694580078125">
        <ele>1616.5999755859375</ele>
        <time>2026-07-22T01:06:54.000Z</time>
        <extensions>
          <ns3:TrackPointExtension>
            <ns3:atemp>33.0</ns3:atemp>
          </ns3:TrackPointExtension>
        </extensions>
      </trkpt>
      <trkpt lat="39.746153689920902252197265625" lon="-105.0374553166329860687255859375">
        <ele>1616.199951171875</ele>
        <time>2026-07-22T01:08:01.000Z</time>
        <extensions>
          <ns3:TrackPointExtension>
            <ns3:atemp>33.0</ns3:atemp>
          </ns3:TrackPointExtension>
        </extensions>
      </trkpt>
      <trkpt lat="39.74608018063008785247802734375" lon="-105.0373607687652111053466796875">
        <ele>1616.199951171875</ele>
        <time>2026-07-22T01:08:04.000Z</time>
        <extensions>
          <ns3:TrackPointExtension>
            <ns3:atemp>33.0</ns3:atemp>
          </ns3:TrackPointExtension>
        </extensions>
      </trkpt>
      <trkpt lat="39.74583174102008342742919921875" lon="-105.03705742768943309783935546875">
        <ele>1616.199951171875</ele>
        <time>2026-07-22T01:08:10.000Z</time>
        <extensions>
          <ns3:TrackPointExtension>
            <ns3:atemp>33.0</ns3:atemp>
          </ns3:TrackPointExtension>
        </extensions>
      </trkpt>
      <trkpt lat="39.7455322556197643280029296875" lon="-105.03678702749311923980712890625">
        <ele>1616.199951171875</ele>
        <time>2026-07-22T01:08:15.000Z</time>
        <extensions>
          <ns3:TrackPointExtension>
            <ns3:atemp>33.0</ns3:atemp>
          </ns3:TrackPointExtension>
        </extensions>
      </trkpt>
      <trkpt lat="39.74546109326183795928955078125" lon="-105.03674427978694438934326171875">
        <ele>1616.4000244140625</ele>
        <time>2026-07-22T01:08:16.000Z</time>
        <extensions>
          <ns3:TrackPointExtension>
            <ns3:atemp>33.0</ns3:atemp>
          </ns3:TrackPointExtension>
        </extensions>
      </trkpt>
      <trkpt lat="39.74522489123046398162841796875" lon="-105.0366483069956302642822265625">
        <ele>1616.4000244140625</ele>
        <time>2026-07-22T01:08:19.000Z</time>
        <extensions>
          <ns3:TrackPointExtension>
            <ns3:atemp>33.0</ns3:atemp>
          </ns3:TrackPointExtension>
        </extensions>
      </trkpt>
      <trkpt lat="39.74514191038906574249267578125" lon="-105.0366191379725933074951171875">
        <ele>1616.5999755859375</ele>
        <time>2026-07-22T01:08:20.000Z</time>
        <extensions>
          <ns3:TrackPointExtension>
            <ns3:atemp>33.0</ns3:atemp>
          </ns3:TrackPointExtension>
        </extensions>
      </trkpt>
      <trkpt lat="39.7449750266969203948974609375" lon="-105.03658954985439777374267578125">
        <ele>1616.5999755859375</ele>
        <time>2026-07-22T01:08:22.000Z</time>
        <extensions>
          <ns3:TrackPointExtension>
            <ns3:atemp>33.0</ns3:atemp>
          </ns3:TrackPointExtension>
        </extensions>
      </trkpt>
      <trkpt lat="39.74489481188356876373291015625" lon="-105.036584101617336273193359375">
        <ele>1616.5999755859375</ele>
        <time>2026-07-22T01:08:23.000Z</time>
        <extensions>
          <ns3:TrackPointExtension>
            <ns3:atemp>33.0</ns3:atemp>
          </ns3:TrackPointExtension>
        </extensions>
      </trkpt>
      <trkpt lat="39.74481971003115177154541015625" lon="-105.03658167086541652679443359375">
        <ele>1616.5999755859375</ele>
        <time>2026-07-22T01:08:24.000Z</time>
        <extensions>
          <ns3:TrackPointExtension>
            <ns3:atemp>33.0</ns3:atemp>
          </ns3:TrackPointExtension>
        </extensions>
      </trkpt>
      <trkpt lat="39.74459909833967685699462890625" lon="-105.03663070499897003173828125">
        <ele>1616.4000244140625</ele>
        <time>2026-07-22T01:08:27.000Z</time>
        <extensions>
          <ns3:TrackPointExtension>
            <ns3:atemp>33.0</ns3:atemp>
          </ns3:TrackPointExtension>
        </extensions>
      </trkpt>
      <trkpt lat="39.74445861764252185821533203125" lon="-105.03669910132884979248046875">
        <ele>1616.199951171875</ele>
        <time>2026-07-22T01:08:29.000Z</time>
        <extensions>
          <ns3:TrackPointExtension>
            <ns3:atemp>33.0</ns3:atemp>
          </ns3:TrackPointExtension>
        </extensions>
      </trkpt>
      <trkpt lat="39.744337834417819976806640625" lon="-105.03678669221699237823486328125">
        <ele>1616.199951171875</ele>
        <time>2026-07-22T01:08:31.000Z</time>
        <extensions>
          <ns3:TrackPointExtension>
            <ns3:atemp>33.0</ns3:atemp>
          </ns3:TrackPointExtension>
        </extensions>
      </trkpt>
      <trkpt lat="39.74428653717041015625" lon="-105.036831535398960113525390625">
        <ele>1616</ele>
        <time>2026-07-22T01:08:32.000Z</time>
        <extensions>
          <ns3:TrackPointExtension>
            <ns3:atemp>33.0</ns3:atemp>
          </ns3:TrackPointExtension>
        </extensions>
      </trkpt>
      <trkpt lat="39.744203053414821624755859375" lon="-105.0369205512106418609619140625">
        <ele>1616</ele>
        <time>2026-07-22T01:08:34.000Z</time>
        <extensions>
          <ns3:TrackPointExtension>
            <ns3:atemp>33.0</ns3:atemp>
          </ns3:TrackPointExtension>
        </extensions>
      </trkpt>
      <trkpt lat="39.7441683523356914520263671875" lon="-105.03696137107908725738525390625">
        <ele>1616</ele>
        <time>2026-07-22T01:08:35.000Z</time>
        <extensions>
          <ns3:TrackPointExtension>
            <ns3:atemp>33.0</ns3:atemp>
          </ns3:TrackPointExtension>
        </extensions>
      </trkpt>
      <trkpt lat="39.7441338188946247100830078125" lon="-105.0369923003017902374267578125">
        <ele>1615.800048828125</ele>
        <time>2026-07-22T01:08:36.000Z</time>
        <extensions>
          <ns3:TrackPointExtension>
            <ns3:atemp>33.0</ns3:atemp>
          </ns3:TrackPointExtension>
        </extensions>
      </trkpt>
      <trkpt lat="39.74404103122651576995849609375" lon="-105.03703898750245571136474609375">
        <ele>1615.5999755859375</ele>
        <time>2026-07-22T01:08:39.000Z</time>
        <extensions>
          <ns3:TrackPointExtension>
            <ns3:atemp>33.0</ns3:atemp>
          </ns3:TrackPointExtension>
        </extensions>
      </trkpt>
      <trkpt lat="39.7440147958695888519287109375" lon="-105.03704736940562725067138671875">
        <ele>1615.5999755859375</ele>
        <time>2026-07-22T01:08:40.000Z</time>
        <extensions>
          <ns3:TrackPointExtension>
            <ns3:atemp>33.0</ns3:atemp>
          </ns3:TrackPointExtension>
        </extensions>
      </trkpt>
      <trkpt lat="39.743979088962078094482421875" lon="-105.03705709241330623626708984375">
        <ele>1615.5999755859375</ele>
        <time>2026-07-22T01:08:42.000Z</time>
        <extensions>
          <ns3:TrackPointExtension>
            <ns3:atemp>33.0</ns3:atemp>
          </ns3:TrackPointExtension>
        </extensions>
      </trkpt>
      <trkpt lat="39.74396827630698680877685546875" lon="-105.0371565856039524078369140625">
        <ele>1615.4000244140625</ele>
        <time>2026-07-22T01:08:45.000Z</time>
        <extensions>
          <ns3:TrackPointExtension>
            <ns3:atemp>33.0</ns3:atemp>
          </ns3:TrackPointExtension>
        </extensions>
      </trkpt>
      <trkpt lat="39.74396056495606899261474609375" lon="-105.0373302586376667022705078125">
        <ele>1615.4000244140625</ele>
        <time>2026-07-22T01:08:48.000Z</time>
        <extensions>
          <ns3:TrackPointExtension>
            <ns3:atemp>33.0</ns3:atemp>
          </ns3:TrackPointExtension>
        </extensions>
      </trkpt>
      <trkpt lat="39.7439606487751007080078125" lon="-105.03739513456821441650390625">
        <ele>1615.4000244140625</ele>
        <time>2026-07-22T01:08:49.000Z</time>
        <extensions>
          <ns3:TrackPointExtension>
            <ns3:atemp>33.0</ns3:atemp>
          </ns3:TrackPointExtension>
        </extensions>
      </trkpt>
      <trkpt lat="39.7439738921821117401123046875" lon="-105.03783057443797588348388671875">
        <ele>1615.4000244140625</ele>
        <time>2026-07-22T01:08:55.000Z</time>
        <extensions>
          <ns3:TrackPointExtension>
            <ns3:atemp>33.0</ns3:atemp>
          </ns3:TrackPointExtension>
        </extensions>
      </trkpt>
      <trkpt lat="39.74399040453135967254638671875" lon="-105.03797893412411212921142578125">
        <ele>1615.4000244140625</ele>
        <time>2026-07-22T01:08:57.000Z</time>
        <extensions>
          <ns3:TrackPointExtension>
            <ns3:atemp>33.0</ns3:atemp>
          </ns3:TrackPointExtension>
        </extensions>
      </trkpt>
      <trkpt lat="39.7440007142722606658935546875" lon="-105.0383059121668338775634765625">
        <ele>1615</ele>
        <time>2026-07-22T01:09:02.000Z</time>
        <extensions>
          <ns3:TrackPointExtension>
            <ns3:atemp>33.0</ns3:atemp>
          </ns3:TrackPointExtension>
        </extensions>
      </trkpt>
      <trkpt lat="39.7440010495483875274658203125" lon="-105.03836634568870067596435546875">
        <ele>1615</ele>
        <time>2026-07-22T01:09:03.000Z</time>
        <extensions>
          <ns3:TrackPointExtension>
            <ns3:atemp>33.0</ns3:atemp>
          </ns3:TrackPointExtension>
        </extensions>
      </trkpt>
      <trkpt lat="39.74400063045322895050048828125" lon="-105.038533397018909454345703125">
        <ele>1615</ele>
        <time>2026-07-22T01:09:06.000Z</time>
        <extensions>
          <ns3:TrackPointExtension>
            <ns3:atemp>33.0</ns3:atemp>
          </ns3:TrackPointExtension>
        </extensions>
      </trkpt>
      <trkpt lat="39.74400029517710208892822265625" lon="-105.03873464651405811309814453125">
        <ele>1615</ele>
        <time>2026-07-22T01:09:10.000Z</time>
        <extensions>
          <ns3:TrackPointExtension>
            <ns3:atemp>33.0</ns3:atemp>
          </ns3:TrackPointExtension>
        </extensions>
      </trkpt>
      <trkpt lat="39.74400222301483154296875" lon="-105.03887713886797428131103515625">
        <ele>1615</ele>
        <time>2026-07-22T01:09:12.000Z</time>
        <extensions>
          <ns3:TrackPointExtension>
            <ns3:atemp>33.0</ns3:atemp>
          </ns3:TrackPointExtension>
        </extensions>
      </trkpt>
      <trkpt lat="39.7440010495483875274658203125" lon="-105.03930813632905483245849609375">
        <ele>1615</ele>
        <time>2026-07-22T01:09:17.000Z</time>
        <extensions>
          <ns3:TrackPointExtension>
            <ns3:atemp>33.0</ns3:atemp>
          </ns3:TrackPointExtension>
        </extensions>
      </trkpt>
      <trkpt lat="39.744008593261241912841796875" lon="-105.03997080959379673004150390625">
        <ele>1615.199951171875</ele>
        <time>2026-07-22T01:09:23.000Z</time>
        <extensions>
          <ns3:TrackPointExtension>
            <ns3:atemp>33.0</ns3:atemp>
          </ns3:TrackPointExtension>
        </extensions>
      </trkpt>
      <trkpt lat="39.7439966909587383270263671875" lon="-105.04060448147356510162353515625">
        <ele>1616</ele>
        <time>2026-07-22T01:09:29.000Z</time>
        <extensions>
          <ns3:TrackPointExtension>
            <ns3:atemp>33.0</ns3:atemp>
          </ns3:TrackPointExtension>
        </extensions>
      </trkpt>
      <trkpt lat="39.7440050728619098663330078125" lon="-105.04091461189091205596923828125">
        <ele>1616.4000244140625</ele>
        <time>2026-07-22T01:09:32.000Z</time>
        <extensions>
          <ns3:TrackPointExtension>
            <ns3:atemp>33.0</ns3:atemp>
          </ns3:TrackPointExtension>
        </extensions>
      </trkpt>
      <trkpt lat="39.744002558290958404541015625" lon="-105.04130487330257892608642578125">
        <ele>1616.4000244140625</ele>
        <time>2026-07-22T01:09:36.000Z</time>
        <extensions>
          <ns3:TrackPointExtension>
            <ns3:atemp>33.0</ns3:atemp>
          </ns3:TrackPointExtension>
        </extensions>
      </trkpt>
      <trkpt lat="39.744004905223846435546875" lon="-105.041632689535617828369140625">
        <ele>1617</ele>
        <time>2026-07-22T01:09:40.000Z</time>
        <extensions>
          <ns3:TrackPointExtension>
            <ns3:atemp>33.0</ns3:atemp>
          </ns3:TrackPointExtension>
        </extensions>
      </trkpt>
      <trkpt lat="39.7440089285373687744140625" lon="-105.0417743436992168426513671875">
        <ele>1617.199951171875</ele>
        <time>2026-07-22T01:09:42.000Z</time>
        <extensions>
          <ns3:TrackPointExtension>
            <ns3:atemp>33.0</ns3:atemp>
          </ns3:TrackPointExtension>
        </extensions>
      </trkpt>
      <trkpt lat="39.7440077550709247589111328125" lon="-105.04187232814729213714599609375">
        <ele>1617.199951171875</ele>
        <time>2026-07-22T01:09:43.000Z</time>
        <extensions>
          <ns3:TrackPointExtension>
            <ns3:atemp>33.0</ns3:atemp>
          </ns3:TrackPointExtension>
        </extensions>
      </trkpt>
      <trkpt lat="39.74399887025356292724609375" lon="-105.0423096120357513427734375">
        <ele>1617.4000244140625</ele>
        <time>2026-07-22T01:09:48.000Z</time>
        <extensions>
          <ns3:TrackPointExtension>
            <ns3:atemp>33.0</ns3:atemp>
          </ns3:TrackPointExtension>
        </extensions>
      </trkpt>
      <trkpt lat="39.74400163628160953521728515625" lon="-105.04287245683372020721435546875">
        <ele>1617.5999755859375</ele>
        <time>2026-07-22T01:09:54.000Z</time>
        <extensions>
          <ns3:TrackPointExtension>
            <ns3:atemp>33.0</ns3:atemp>
          </ns3:TrackPointExtension>
        </extensions>
      </trkpt>
      <trkpt lat="39.7440010495483875274658203125" lon="-105.043561868369579315185546875">
        <ele>1617.800048828125</ele>
        <time>2026-07-22T01:10:01.000Z</time>
        <extensions>
          <ns3:TrackPointExtension>
            <ns3:atemp>32.0</ns3:atemp>
          </ns3:TrackPointExtension>
        </extensions>
      </trkpt>
      <trkpt lat="39.74400951527059078216552734375" lon="-105.04426653496921062469482421875">
        <ele>1618.199951171875</ele>
        <time>2026-07-22T01:10:08.000Z</time>
        <extensions>
          <ns3:TrackPointExtension>
            <ns3:atemp>32.0</ns3:atemp>
          </ns3:TrackPointExtension>
        </extensions>
      </trkpt>
      <trkpt lat="39.74401454441249370574951171875" lon="-105.044367201626300811767578125">
        <ele>1618.199951171875</ele>
        <time>2026-07-22T01:10:09.000Z</time>
        <extensions>
          <ns3:TrackPointExtension>
            <ns3:atemp>32.0</ns3:atemp>
          </ns3:TrackPointExtension>
        </extensions>
      </trkpt>
      <trkpt lat="39.7440017201006412506103515625" lon="-105.04506549797952175140380859375">
        <ele>1618.4000244140625</ele>
        <time>2026-07-22T01:10:16.000Z</time>
        <extensions>
          <ns3:TrackPointExtension>
            <ns3:atemp>32.0</ns3:atemp>
          </ns3:TrackPointExtension>
        </extensions>
      </trkpt>
      <trkpt lat="39.74401094019412994384765625" lon="-105.0457401573657989501953125">
        <ele>1618.4000244140625</ele>
        <time>2026-07-22T01:10:23.000Z</time>
        <extensions>
          <ns3:TrackPointExtension>
            <ns3:atemp>32.0</ns3:atemp>
          </ns3:TrackPointExtension>
        </extensions>
      </trkpt>
      <trkpt lat="39.74401236511766910552978515625" lon="-105.04634005017578601837158203125">
        <ele>1618.5999755859375</ele>
        <time>2026-07-22T01:10:29.000Z</time>
        <extensions>
          <ns3:TrackPointExtension>
            <ns3:atemp>32.0</ns3:atemp>
          </ns3:TrackPointExtension>
        </extensions>
      </trkpt>
      <trkpt lat="39.744008593261241912841796875" lon="-105.04674070514738559722900390625">
        <ele>1619</ele>
        <time>2026-07-22T01:10:33.000Z</time>
        <extensions>
          <ns3:TrackPointExtension>
            <ns3:atemp>32.0</ns3:atemp>
          </ns3:TrackPointExtension>
        </extensions>
      </trkpt>
      <trkpt lat="39.7440117783844470977783203125" lon="-105.047147311270236968994140625">
        <ele>1619.199951171875</ele>
        <time>2026-07-22T01:10:37.000Z</time>
        <extensions>
          <ns3:TrackPointExtension>
            <ns3:atemp>32.0</ns3:atemp>
          </ns3:TrackPointExtension>
        </extensions>
      </trkpt>
      <trkpt lat="39.74401756189763545989990234375" lon="-105.0478854216635227203369140625">
        <ele>1619.199951171875</ele>
        <time>2026-07-22T01:10:44.000Z</time>
        <extensions>
          <ns3:TrackPointExtension>
            <ns3:atemp>32.0</ns3:atemp>
          </ns3:TrackPointExtension>
        </extensions>
      </trkpt>
      <trkpt lat="39.74401689134538173675537109375" lon="-105.04808231256902217864990234375">
        <ele>1619.199951171875</ele>
        <time>2026-07-22T01:10:46.000Z</time>
        <extensions>
          <ns3:TrackPointExtension>
            <ns3:atemp>32.0</ns3:atemp>
          </ns3:TrackPointExtension>
        </extensions>
      </trkpt>
      <trkpt lat="39.74401974119246006011962890625" lon="-105.04885562695562839508056640625">
        <ele>1618.800048828125</ele>
        <time>2026-07-22T01:10:53.000Z</time>
        <extensions>
          <ns3:TrackPointExtension>
            <ns3:atemp>32.0</ns3:atemp>
          </ns3:TrackPointExtension>
        </extensions>
      </trkpt>
      <trkpt lat="39.74401957355439662933349609375" lon="-105.04904933273792266845703125">
        <ele>1618.800048828125</ele>
        <time>2026-07-22T01:10:55.000Z</time>
        <extensions>
          <ns3:TrackPointExtension>
            <ns3:atemp>32.0</ns3:atemp>
          </ns3:TrackPointExtension>
        </extensions>
      </trkpt>
      <trkpt lat="39.74402225576341152191162109375" lon="-105.0498028658330440521240234375">
        <ele>1618.5999755859375</ele>
        <time>2026-07-22T01:11:02.000Z</time>
        <extensions>
          <ns3:TrackPointExtension>
            <ns3:atemp>32.0</ns3:atemp>
          </ns3:TrackPointExtension>
        </extensions>
      </trkpt>
      <trkpt lat="39.74402644671499729156494140625" lon="-105.05002339370548725128173828125">
        <ele>1618.4000244140625</ele>
        <time>2026-07-22T01:11:04.000Z</time>
        <extensions>
          <ns3:TrackPointExtension>
            <ns3:atemp>32.0</ns3:atemp>
          </ns3:TrackPointExtension>
        </extensions>
      </trkpt>
      <trkpt lat="39.74402912892401218414306640625" lon="-105.05065103061497211456298828125">
        <ele>1618.4000244140625</ele>
        <time>2026-07-22T01:11:10.000Z</time>
        <extensions>
          <ns3:TrackPointExtension>
            <ns3:atemp>32.0</ns3:atemp>
          </ns3:TrackPointExtension>
        </extensions>
      </trkpt>
      <trkpt lat="39.7440265305340290069580078125" lon="-105.05097088403999805450439453125">
        <ele>1618.199951171875</ele>
        <time>2026-07-22T01:11:13.000Z</time>
        <extensions>
          <ns3:TrackPointExtension>
            <ns3:atemp>32.0</ns3:atemp>
          </ns3:TrackPointExtension>
        </extensions>
      </trkpt>
      <trkpt lat="39.7440282069146633148193359375" lon="-105.05147798918187618255615234375">
        <ele>1618</ele>
        <time>2026-07-22T01:11:18.000Z</time>
        <extensions>
          <ns3:TrackPointExtension>
            <ns3:atemp>32.0</ns3:atemp>
          </ns3:TrackPointExtension>
        </extensions>
      </trkpt>
      <trkpt lat="39.744024015963077545166015625" lon="-105.05170463584363460540771484375">
        <ele>1617.800048828125</ele>
        <time>2026-07-22T01:11:20.000Z</time>
        <extensions>
          <ns3:TrackPointExtension>
            <ns3:atemp>32.0</ns3:atemp>
          </ns3:TrackPointExtension>
        </extensions>
      </trkpt>
      <trkpt lat="39.7440241836011409759521484375" lon="-105.05230863578617572784423828125">
        <ele>1617.5999755859375</ele>
        <time>2026-07-22T01:11:26.000Z</time>
        <extensions>
          <ns3:TrackPointExtension>
            <ns3:atemp>32.0</ns3:atemp>
          </ns3:TrackPointExtension>
        </extensions>
      </trkpt>
      <trkpt lat="39.74403901956975460052490234375" lon="-105.052702836692333221435546875">
        <ele>1617.5999755859375</ele>
        <time>2026-07-22T01:11:31.000Z</time>
        <extensions>
          <ns3:TrackPointExtension>
            <ns3:atemp>32.0</ns3:atemp>
          </ns3:TrackPointExtension>
        </extensions>
      </trkpt>
      <trkpt lat="39.7440345771610736846923828125" lon="-105.05297784693539142608642578125">
        <ele>1617.5999755859375</ele>
        <time>2026-07-22T01:11:36.000Z</time>
        <extensions>
          <ns3:TrackPointExtension>
            <ns3:atemp>32.0</ns3:atemp>
          </ns3:TrackPointExtension>
        </extensions>
      </trkpt>
      <trkpt lat="39.74403164349496364593505859375" lon="-105.05325729958713054656982421875">
        <ele>1617.800048828125</ele>
        <time>2026-07-22T01:11:41.000Z</time>
        <extensions>
          <ns3:TrackPointExtension>
            <ns3:atemp>32.0</ns3:atemp>
          </ns3:TrackPointExtension>
        </extensions>
      </trkpt>
      <trkpt lat="39.74404639564454555511474609375" lon="-105.0534389354288578033447265625">
        <ele>1617.800048828125</ele>
        <time>2026-07-22T01:11:43.000Z</time>
        <extensions>
          <ns3:TrackPointExtension>
            <ns3:atemp>32.0</ns3:atemp>
          </ns3:TrackPointExtension>
        </extensions>
      </trkpt>
      <trkpt lat="39.74404170177876949310302734375" lon="-105.05358704365789890289306640625">
        <ele>1618</ele>
        <time>2026-07-22T01:11:45.000Z</time>
        <extensions>
          <ns3:TrackPointExtension>
            <ns3:atemp>32.0</ns3:atemp>
          </ns3:TrackPointExtension>
        </extensions>
      </trkpt>
      <trkpt lat="39.7440386004745960235595703125" lon="-105.0540960766375064849853515625">
        <ele>1618.199951171875</ele>
        <time>2026-07-22T01:11:52.000Z</time>
        <extensions>
          <ns3:TrackPointExtension>
            <ns3:atemp>32.0</ns3:atemp>
          </ns3:TrackPointExtension>
        </extensions>
      </trkpt>
      <trkpt lat="39.74402762018144130706787109375" lon="-105.054494552314281463623046875">
        <ele>1618.5999755859375</ele>
        <time>2026-07-22T01:11:57.000Z</time>
        <extensions>
          <ns3:TrackPointExtension>
            <ns3:atemp>32.0</ns3:atemp>
          </ns3:TrackPointExtension>
        </extensions>
      </trkpt>
      <trkpt lat="39.744020663201808929443359375" lon="-105.05466043017804622650146484375">
        <ele>1618.800048828125</ele>
        <time>2026-07-22T01:11:59.000Z</time>
        <extensions>
          <ns3:TrackPointExtension>
            <ns3:atemp>32.0</ns3:atemp>
          </ns3:TrackPointExtension>
        </extensions>
      </trkpt>
      <trkpt lat="39.74401622079312801361083984375" lon="-105.05484416149556636810302734375">
        <ele>1619</ele>
        <time>2026-07-22T01:12:02.000Z</time>
        <extensions>
          <ns3:TrackPointExtension>
            <ns3:atemp>32.0</ns3:atemp>
          </ns3:TrackPointExtension>
        </extensions>
      </trkpt>
      <trkpt lat="39.74400959908962249755859375" lon="-105.05499889142811298370361328125">
        <ele>1619</ele>
        <time>2026-07-22T01:12:04.000Z</time>
        <extensions>
          <ns3:TrackPointExtension>
            <ns3:atemp>32.0</ns3:atemp>
          </ns3:TrackPointExtension>
        </extensions>
      </trkpt>
      <trkpt lat="39.7439795918762683868408203125" lon="-105.05532838404178619384765625">
        <ele>1619.199951171875</ele>
        <time>2026-07-22T01:12:08.000Z</time>
        <extensions>
          <ns3:TrackPointExtension>
            <ns3:atemp>32.0</ns3:atemp>
          </ns3:TrackPointExtension>
        </extensions>
      </trkpt>
      <trkpt lat="39.74399342201650142669677734375" lon="-105.05571604706346988677978515625">
        <ele>1619.4000244140625</ele>
        <time>2026-07-22T01:12:12.000Z</time>
        <extensions>
          <ns3:TrackPointExtension>
            <ns3:atemp>32.0</ns3:atemp>
          </ns3:TrackPointExtension>
        </extensions>
      </trkpt>
      <trkpt lat="39.74399057216942310333251953125" lon="-105.05581520497798919677734375">
        <ele>1619.5999755859375</ele>
        <time>2026-07-22T01:12:13.000Z</time>
        <extensions>
          <ns3:TrackPointExtension>
            <ns3:atemp>32.0</ns3:atemp>
          </ns3:TrackPointExtension>
        </extensions>
      </trkpt>
      <trkpt lat="39.743992500007152557373046875" lon="-105.0560101680457592010498046875">
        <ele>1619.5999755859375</ele>
        <time>2026-07-22T01:12:15.000Z</time>
        <extensions>
          <ns3:TrackPointExtension>
            <ns3:atemp>32.0</ns3:atemp>
          </ns3:TrackPointExtension>
        </extensions>
      </trkpt>
      <trkpt lat="39.74399442784488201141357421875" lon="-105.05638978444039821624755859375">
        <ele>1620</ele>
        <time>2026-07-22T01:12:19.000Z</time>
        <extensions>
          <ns3:TrackPointExtension>
            <ns3:atemp>32.0</ns3:atemp>
          </ns3:TrackPointExtension>
        </extensions>
      </trkpt>
      <trkpt lat="39.7439742274582386016845703125" lon="-105.05685648880898952484130859375">
        <ele>1620.5999755859375</ele>
        <time>2026-07-22T01:12:24.000Z</time>
        <extensions>
          <ns3:TrackPointExtension>
            <ns3:atemp>32.0</ns3:atemp>
          </ns3:TrackPointExtension>
        </extensions>
      </trkpt>
      <trkpt lat="39.74397665821015834808349609375" lon="-105.05694718100130558013916015625">
        <ele>1620.800048828125</ele>
        <time>2026-07-22T01:12:25.000Z</time>
        <extensions>
          <ns3:TrackPointExtension>
            <ns3:atemp>32.0</ns3:atemp>
          </ns3:TrackPointExtension>
        </extensions>
      </trkpt>
      <trkpt lat="39.74396978504955768585205078125" lon="-105.05737918429076671600341796875">
        <ele>1621.800048828125</ele>
        <time>2026-07-22T01:12:30.000Z</time>
        <extensions>
          <ns3:TrackPointExtension>
            <ns3:atemp>32.0</ns3:atemp>
          </ns3:TrackPointExtension>
        </extensions>
      </trkpt>
      <trkpt lat="39.7439685277640819549560546875" lon="-105.05760868079960346221923828125">
        <ele>1622.199951171875</ele>
        <time>2026-07-22T01:12:33.000Z</time>
        <extensions>
          <ns3:TrackPointExtension>
            <ns3:atemp>32.0</ns3:atemp>
          </ns3:TrackPointExtension>
        </extensions>
      </trkpt>
      <trkpt lat="39.74397095851600170135498046875" lon="-105.05790456198155879974365234375">
        <ele>1622.5999755859375</ele>
        <time>2026-07-22T01:12:37.000Z</time>
        <extensions>
          <ns3:TrackPointExtension>
            <ns3:atemp>32.0</ns3:atemp>
          </ns3:TrackPointExtension>
        </extensions>
      </trkpt>
      <trkpt lat="39.743978418409824371337890625" lon="-105.05797731690108776092529296875">
        <ele>1622.5999755859375</ele>
        <time>2026-07-22T01:12:38.000Z</time>
        <extensions>
          <ns3:TrackPointExtension>
            <ns3:atemp>32.0</ns3:atemp>
          </ns3:TrackPointExtension>
        </extensions>
      </trkpt>
      <trkpt lat="39.74398638121783733367919921875" lon="-105.05803967826068401336669921875">
        <ele>1622.800048828125</ele>
        <time>2026-07-22T01:12:39.000Z</time>
        <extensions>
          <ns3:TrackPointExtension>
            <ns3:atemp>32.0</ns3:atemp>
          </ns3:TrackPointExtension>
        </extensions>
      </trkpt>
      <trkpt lat="39.74400465376675128936767578125" lon="-105.0586145929992198944091796875">
        <ele>1623.800048828125</ele>
        <time>2026-07-22T01:12:46.000Z</time>
        <extensions>
          <ns3:TrackPointExtension>
            <ns3:atemp>32.0</ns3:atemp>
          </ns3:TrackPointExtension>
        </extensions>
      </trkpt>
      <trkpt lat="39.74400381557643413543701171875" lon="-105.05868776701390743255615234375">
        <ele>1623.800048828125</ele>
        <time>2026-07-22T01:12:47.000Z</time>
        <extensions>
          <ns3:TrackPointExtension>
            <ns3:atemp>32.0</ns3:atemp>
          </ns3:TrackPointExtension>
        </extensions>
      </trkpt>
      <trkpt lat="39.7440020553767681121826171875" lon="-105.058822967112064361572265625">
        <ele>1624.199951171875</ele>
        <time>2026-07-22T01:12:49.000Z</time>
        <extensions>
          <ns3:TrackPointExtension>
            <ns3:atemp>32.0</ns3:atemp>
          </ns3:TrackPointExtension>
        </extensions>
      </trkpt>
      <trkpt lat="39.74400012753903865814208984375" lon="-105.05905036814510822296142578125">
        <ele>1624.800048828125</ele>
        <time>2026-07-22T01:12:52.000Z</time>
        <extensions>
          <ns3:TrackPointExtension>
            <ns3:atemp>32.0</ns3:atemp>
          </ns3:TrackPointExtension>
        </extensions>
      </trkpt>
      <trkpt lat="39.74399752914905548095703125" lon="-105.059106610715389251708984375">
        <ele>1625</ele>
        <time>2026-07-22T01:12:53.000Z</time>
        <extensions>
          <ns3:TrackPointExtension>
            <ns3:atemp>32.0</ns3:atemp>
          </ns3:TrackPointExtension>
        </extensions>
      </trkpt>
      <trkpt lat="39.7439913265407085418701171875" lon="-105.05926377139985561370849609375">
        <ele>1625.199951171875</ele>
        <time>2026-07-22T01:12:55.000Z</time>
        <extensions>
          <ns3:TrackPointExtension>
            <ns3:atemp>32.0</ns3:atemp>
          </ns3:TrackPointExtension>
        </extensions>
      </trkpt>
      <trkpt lat="39.74398654885590076446533203125" lon="-105.059549845755100250244140625">
        <ele>1625.800048828125</ele>
        <time>2026-07-22T01:12:59.000Z</time>
        <extensions>
          <ns3:TrackPointExtension>
            <ns3:atemp>32.0</ns3:atemp>
          </ns3:TrackPointExtension>
        </extensions>
      </trkpt>
      <trkpt lat="39.743990488350391387939453125" lon="-105.05999014712870121002197265625">
        <ele>1626.800048828125</ele>
        <time>2026-07-22T01:13:05.000Z</time>
        <extensions>
          <ns3:TrackPointExtension>
            <ns3:atemp>32.0</ns3:atemp>
          </ns3:TrackPointExtension>
        </extensions>
      </trkpt>
      <trkpt lat="39.74398948252201080322265625" lon="-105.06012425757944583892822265625">
        <ele>1627.199951171875</ele>
        <time>2026-07-22T01:13:07.000Z</time>
        <extensions>
          <ns3:TrackPointExtension>
            <ns3:atemp>32.0</ns3:atemp>
          </ns3:TrackPointExtension>
        </extensions>
      </trkpt>
      <trkpt lat="39.74394866265356540679931640625" lon="-105.060369931161403656005859375">
        <ele>1627.4000244140625</ele>
        <time>2026-07-22T01:13:11.000Z</time>
        <extensions>
          <ns3:TrackPointExtension>
            <ns3:atemp>32.0</ns3:atemp>
          </ns3:TrackPointExtension>
        </extensions>
      </trkpt>
      <trkpt lat="39.743932820856571197509765625" lon="-105.0605055503547191619873046875">
        <ele>1627.800048828125</ele>
        <time>2026-07-22T01:13:13.000Z</time>
        <extensions>
          <ns3:TrackPointExtension>
            <ns3:atemp>32.0</ns3:atemp>
          </ns3:TrackPointExtension>
        </extensions>
      </trkpt>
      <trkpt lat="39.7439306415617465972900390625" lon="-105.06056581623852252960205078125">
        <ele>1627.800048828125</ele>
        <time>2026-07-22T01:13:14.000Z</time>
        <extensions>
          <ns3:TrackPointExtension>
            <ns3:atemp>32.0</ns3:atemp>
          </ns3:TrackPointExtension>
        </extensions>
      </trkpt>
      <trkpt lat="39.74392804317176342010498046875" lon="-105.06073177792131900787353515625">
        <ele>1628.5999755859375</ele>
        <time>2026-07-22T01:13:18.000Z</time>
        <extensions>
          <ns3:TrackPointExtension>
            <ns3:atemp>32.0</ns3:atemp>
          </ns3:TrackPointExtension>
        </extensions>
      </trkpt>
      <trkpt lat="39.74392938427627086639404296875" lon="-105.06077460944652557373046875">
        <ele>1629</ele>
        <time>2026-07-22T01:13:20.000Z</time>
        <extensions>
          <ns3:TrackPointExtension>
            <ns3:atemp>32.0</ns3:atemp>
          </ns3:TrackPointExtension>
        </extensions>
      </trkpt>
      <trkpt lat="39.74393047392368316650390625" lon="-105.06081358529627323150634765625">
        <ele>1629.4000244140625</ele>
        <time>2026-07-22T01:13:22.000Z</time>
        <extensions>
          <ns3:TrackPointExtension>
            <ns3:atemp>32.0</ns3:atemp>
          </ns3:TrackPointExtension>
        </extensions>
      </trkpt>
      <trkpt lat="39.74388160742819309234619140625" lon="-105.06098407320678234100341796875">
        <ele>1630</ele>
        <time>2026-07-22T01:13:29.000Z</time>
        <extensions>
          <ns3:TrackPointExtension>
            <ns3:atemp>32.0</ns3:atemp>
          </ns3:TrackPointExtension>
        </extensions>
      </trkpt>
      <trkpt lat="39.743865430355072021484375" lon="-105.06103570573031902313232421875">
        <ele>1630</ele>
        <time>2026-07-22T01:13:31.000Z</time>
        <extensions>
          <ns3:TrackPointExtension>
            <ns3:atemp>32.0</ns3:atemp>
          </ns3:TrackPointExtension>
        </extensions>
      </trkpt>
      <trkpt lat="39.74384958855807781219482421875" lon="-105.06110259331762790679931640625">
        <ele>1630.199951171875</ele>
        <time>2026-07-22T01:13:34.000Z</time>
        <extensions>
          <ns3:TrackPointExtension>
            <ns3:atemp>32.0</ns3:atemp>
          </ns3:TrackPointExtension>
        </extensions>
      </trkpt>
      <trkpt lat="39.74382997490465641021728515625" lon="-105.0613264739513397216796875">
        <ele>1630.800048828125</ele>
        <time>2026-07-22T01:13:41.000Z</time>
        <extensions>
          <ns3:TrackPointExtension>
            <ns3:atemp>32.0</ns3:atemp>
          </ns3:TrackPointExtension>
        </extensions>
      </trkpt>
      <trkpt lat="39.74379292689263820648193359375" lon="-105.06147055886685848236083984375">
        <ele>1631</ele>
        <time>2026-07-22T01:13:46.000Z</time>
        <extensions>
          <ns3:TrackPointExtension>
            <ns3:atemp>32.0</ns3:atemp>
          </ns3:TrackPointExtension>
        </extensions>
      </trkpt>
      <trkpt lat="39.74378957413136959075927734375" lon="-105.061503164470195770263671875">
        <ele>1631</ele>
        <time>2026-07-22T01:13:47.000Z</time>
        <extensions>
          <ns3:TrackPointExtension>
            <ns3:atemp>32.0</ns3:atemp>
          </ns3:TrackPointExtension>
        </extensions>
      </trkpt>
      <trkpt lat="39.74380030296742916107177734375" lon="-105.06155119277536869049072265625">
        <ele>1631.199951171875</ele>
        <time>2026-07-22T01:13:49.000Z</time>
        <extensions>
          <ns3:TrackPointExtension>
            <ns3:atemp>32.0</ns3:atemp>
          </ns3:TrackPointExtension>
        </extensions>
      </trkpt>
      <trkpt lat="39.74380013532936573028564453125" lon="-105.06160316057503223419189453125">
        <ele>1631.4000244140625</ele>
        <time>2026-07-22T01:13:51.000Z</time>
        <extensions>
          <ns3:TrackPointExtension>
            <ns3:atemp>32.0</ns3:atemp>
          </ns3:TrackPointExtension>
        </extensions>
      </trkpt>
      <trkpt lat="39.7438384406268596649169921875" lon="-105.06179594434797763824462890625">
        <ele>1631.800048828125</ele>
        <time>2026-07-22T01:13:56.000Z</time>
        <extensions>
          <ns3:TrackPointExtension>
            <ns3:atemp>32.0</ns3:atemp>
          </ns3:TrackPointExtension>
        </extensions>
      </trkpt>
      <trkpt lat="39.74388831295073032379150390625" lon="-105.0619764067232608795166015625">
        <ele>1631.800048828125</ele>
        <time>2026-07-22T01:14:01.000Z</time>
        <extensions>
          <ns3:TrackPointExtension>
            <ns3:atemp>32.0</ns3:atemp>
          </ns3:TrackPointExtension>
        </extensions>
      </trkpt>
      <trkpt lat="39.74387607537209987640380859375" lon="-105.06204773671925067901611328125">
        <ele>1632</ele>
        <time>2026-07-22T01:14:04.000Z</time>
        <extensions>
          <ns3:TrackPointExtension>
            <ns3:atemp>32.0</ns3:atemp>
          </ns3:TrackPointExtension>
        </extensions>
      </trkpt>
      <trkpt lat="39.74386199377477169036865234375" lon="-105.06206450052559375762939453125">
        <ele>1632.199951171875</ele>
        <time>2026-07-22T01:14:05.000Z</time>
        <extensions>
          <ns3:TrackPointExtension>
            <ns3:atemp>32.0</ns3:atemp>
          </ns3:TrackPointExtension>
        </extensions>
      </trkpt>
      <trkpt lat="39.74384740926325321197509765625" lon="-105.062073133885860443115234375">
        <ele>1632.199951171875</ele>
        <time>2026-07-22T01:14:06.000Z</time>
        <extensions>
          <ns3:TrackPointExtension>
            <ns3:atemp>32.0</ns3:atemp>
          </ns3:TrackPointExtension>
        </extensions>
      </trkpt>
      <trkpt lat="39.743825532495975494384765625" lon="-105.06209400482475757598876953125">
        <ele>1632.4000244140625</ele>
        <time>2026-07-22T01:14:08.000Z</time>
        <extensions>
          <ns3:TrackPointExtension>
            <ns3:atemp>32.0</ns3:atemp>
          </ns3:TrackPointExtension>
        </extensions>
      </trkpt>
      <trkpt lat="39.74382662214338779449462890625" lon="-105.06213717162609100341796875">
        <ele>1632.5999755859375</ele>
        <time>2026-07-22T01:14:10.000Z</time>
        <extensions>
          <ns3:TrackPointExtension>
            <ns3:atemp>32.0</ns3:atemp>
          </ns3:TrackPointExtension>
        </extensions>
      </trkpt>
      <trkpt lat="39.7438548691570758819580078125" lon="-105.06217597983777523040771484375">
        <ele>1632.800048828125</ele>
        <time>2026-07-22T01:14:13.000Z</time>
        <extensions>
          <ns3:TrackPointExtension>
            <ns3:atemp>32.0</ns3:atemp>
          </ns3:TrackPointExtension>
        </extensions>
      </trkpt>
      <trkpt lat="39.7438560426235198974609375" lon="-105.06219257600605487823486328125">
        <ele>1633</ele>
        <time>2026-07-22T01:14:14.000Z</time>
        <extensions>
          <ns3:TrackPointExtension>
            <ns3:atemp>32.0</ns3:atemp>
          </ns3:TrackPointExtension>
        </extensions>
      </trkpt>
      <trkpt lat="39.74385327659547328948974609375" lon="-105.0622067414224147796630859375">
        <ele>1633</ele>
        <time>2026-07-22T01:14:15.000Z</time>
        <extensions>
          <ns3:TrackPointExtension>
            <ns3:atemp>32.0</ns3:atemp>
          </ns3:TrackPointExtension>
        </extensions>
      </trkpt>
      <trkpt lat="39.74381622858345508575439453125" lon="-105.06221721880137920379638671875">
        <ele>1633.199951171875</ele>
        <time>2026-07-22T01:14:18.000Z</time>
        <extensions>
          <ns3:TrackPointExtension>
            <ns3:atemp>32.0</ns3:atemp>
          </ns3:TrackPointExtension>
        </extensions>
      </trkpt>
      <trkpt lat="39.74380231462419033050537109375" lon="-105.062224678695201873779296875">
        <ele>1633.199951171875</ele>
        <time>2026-07-22T01:14:19.000Z</time>
        <extensions>
          <ns3:TrackPointExtension>
            <ns3:atemp>32.0</ns3:atemp>
          </ns3:TrackPointExtension>
        </extensions>
      </trkpt>
      <trkpt lat="39.743795692920684814453125" lon="-105.06226566620171070098876953125">
        <ele>1633.4000244140625</ele>
        <time>2026-07-22T01:14:21.000Z</time>
        <extensions>
          <ns3:TrackPointExtension>
            <ns3:atemp>32.0</ns3:atemp>
          </ns3:TrackPointExtension>
        </extensions>
      </trkpt>
      <trkpt lat="39.74380516447126865386962890625" lon="-105.062285698950290679931640625">
        <ele>1633.4000244140625</ele>
        <time>2026-07-22T01:14:22.000Z</time>
        <extensions>
          <ns3:TrackPointExtension>
            <ns3:atemp>32.0</ns3:atemp>
          </ns3:TrackPointExtension>
        </extensions>
      </trkpt>
      <trkpt lat="39.7438277117908000946044921875" lon="-105.062320567667484283447265625">
        <ele>1633.4000244140625</ele>
        <time>2026-07-22T01:14:24.000Z</time>
        <extensions>
          <ns3:TrackPointExtension>
            <ns3:atemp>32.0</ns3:atemp>
          </ns3:TrackPointExtension>
        </extensions>
      </trkpt>
      <trkpt lat="39.7438176535069942474365234375" lon="-105.06235904060304164886474609375">
        <ele>1633.4000244140625</ele>
        <time>2026-07-22T01:14:26.000Z</time>
        <extensions>
          <ns3:TrackPointExtension>
            <ns3:atemp>32.0</ns3:atemp>
          </ns3:TrackPointExtension>
        </extensions>
      </trkpt>
      <trkpt lat="39.74380264990031719207763671875" lon="-105.062336660921573638916015625">
        <ele>1633.4000244140625</ele>
        <time>2026-07-22T01:14:29.000Z</time>
        <extensions>
          <ns3:TrackPointExtension>
            <ns3:atemp>32.0</ns3:atemp>
          </ns3:TrackPointExtension>
        </extensions>
      </trkpt>
      <trkpt lat="39.74381019361317157745361328125" lon="-105.06232501007616519927978515625">
        <ele>1633.5999755859375</ele>
        <time>2026-07-22T01:14:30.000Z</time>
        <extensions>
          <ns3:TrackPointExtension>
            <ns3:atemp>32.0</ns3:atemp>
          </ns3:TrackPointExtension>
        </extensions>
      </trkpt>
      <trkpt lat="39.74382595159113407135009765625" lon="-105.06233640946447849273681640625">
        <ele>1633.5999755859375</ele>
        <time>2026-07-22T01:14:32.000Z</time>
        <extensions>
          <ns3:TrackPointExtension>
            <ns3:atemp>32.0</ns3:atemp>
          </ns3:TrackPointExtension>
        </extensions>
      </trkpt>
      <trkpt lat="39.743901304900646209716796875" lon="-105.06239022128283977508544921875">
        <ele>1633.5999755859375</ele>
        <time>2026-07-22T01:14:39.000Z</time>
        <extensions>
          <ns3:TrackPointExtension>
            <ns3:atemp>32.0</ns3:atemp>
          </ns3:TrackPointExtension>
        </extensions>
      </trkpt>
      <trkpt lat="39.74392569623887538909912109375" lon="-105.06243732757866382598876953125">
        <ele>1633.5999755859375</ele>
        <time>2026-07-22T01:14:41.000Z</time>
        <extensions>
          <ns3:TrackPointExtension>
            <ns3:atemp>32.0</ns3:atemp>
          </ns3:TrackPointExtension>
        </extensions>
      </trkpt>
      <trkpt lat="39.74393340758979320526123046875" lon="-105.0625004433095455169677734375">
        <ele>1633.199951171875</ele>
        <time>2026-07-22T01:14:43.000Z</time>
        <extensions>
          <ns3:TrackPointExtension>
            <ns3:atemp>32.0</ns3:atemp>
          </ns3:TrackPointExtension>
        </extensions>
      </trkpt>
      <trkpt lat="39.743942879140377044677734375" lon="-105.06258317269384860992431640625">
        <ele>1633.199951171875</ele>
        <time>2026-07-22T01:14:45.000Z</time>
        <extensions>
          <ns3:TrackPointExtension>
            <ns3:atemp>32.0</ns3:atemp>
          </ns3:TrackPointExtension>
        </extensions>
      </trkpt>
      <trkpt lat="39.74393692798912525177001953125" lon="-105.06275282241404056549072265625">
        <ele>1633</ele>
        <time>2026-07-22T01:14:48.000Z</time>
        <extensions>
          <ns3:TrackPointExtension>
            <ns3:atemp>32.0</ns3:atemp>
          </ns3:TrackPointExtension>
        </extensions>
      </trkpt>
      <trkpt lat="39.74395201541483402252197265625" lon="-105.063192285597324371337890625">
        <ele>1633</ele>
        <time>2026-07-22T01:14:55.000Z</time>
        <extensions>
          <ns3:TrackPointExtension>
            <ns3:atemp>32.0</ns3:atemp>
          </ns3:TrackPointExtension>
        </extensions>
      </trkpt>
      <trkpt lat="39.74395369179546833038330078125" lon="-105.0637163221836090087890625">
        <ele>1633.4000244140625</ele>
        <time>2026-07-22T01:15:03.000Z</time>
        <extensions>
          <ns3:TrackPointExtension>
            <ns3:atemp>32.0</ns3:atemp>
          </ns3:TrackPointExtension>
        </extensions>
      </trkpt>
      <trkpt lat="39.7439400292932987213134765625" lon="-105.06402402184903621673583984375">
        <ele>1633.4000244140625</ele>
        <time>2026-07-22T01:15:08.000Z</time>
        <extensions>
          <ns3:TrackPointExtension>
            <ns3:atemp>32.0</ns3:atemp>
          </ns3:TrackPointExtension>
        </extensions>
      </trkpt>
      <trkpt lat="39.7439423762261867523193359375" lon="-105.0641546957194805145263671875">
        <ele>1633.800048828125</ele>
        <time>2026-07-22T01:15:10.000Z</time>
        <extensions>
          <ns3:TrackPointExtension>
            <ns3:atemp>32.0</ns3:atemp>
          </ns3:TrackPointExtension>
        </extensions>
      </trkpt>
      <trkpt lat="39.74395017139613628387451171875" lon="-105.0644074939191341400146484375">
        <ele>1634</ele>
        <time>2026-07-22T01:15:14.000Z</time>
        <extensions>
          <ns3:TrackPointExtension>
            <ns3:atemp>32.0</ns3:atemp>
          </ns3:TrackPointExtension>
        </extensions>
      </trkpt>
      <trkpt lat="39.74395419470965862274169921875" lon="-105.06476665847003459930419921875">
        <ele>1634.5999755859375</ele>
        <time>2026-07-22T01:15:20.000Z</time>
        <extensions>
          <ns3:TrackPointExtension>
            <ns3:atemp>32.0</ns3:atemp>
          </ns3:TrackPointExtension>
        </extensions>
      </trkpt>
      <trkpt lat="39.7439551167190074920654296875" lon="-105.0649915449321269989013671875">
        <ele>1635</ele>
        <time>2026-07-22T01:15:25.000Z</time>
        <extensions>
          <ns3:TrackPointExtension>
            <ns3:atemp>32.0</ns3:atemp>
          </ns3:TrackPointExtension>
        </extensions>
      </trkpt>
      <trkpt lat="39.7439487464725971221923828125" lon="-105.06528331898152828216552734375">
        <ele>1635.5999755859375</ele>
        <time>2026-07-22T01:15:31.000Z</time>
        <extensions>
          <ns3:TrackPointExtension>
            <ns3:atemp>32.0</ns3:atemp>
          </ns3:TrackPointExtension>
        </extensions>
      </trkpt>
      <trkpt lat="39.7439524345099925994873046875" lon="-105.06550057791173458099365234375">
        <ele>1636</ele>
        <time>2026-07-22T01:15:35.000Z</time>
        <extensions>
          <ns3:TrackPointExtension>
            <ns3:atemp>32.0</ns3:atemp>
          </ns3:TrackPointExtension>
        </extensions>
      </trkpt>
      <trkpt lat="39.743952266871929168701171875" lon="-105.0656517036259174346923828125">
        <ele>1636.5999755859375</ele>
        <time>2026-07-22T01:15:38.000Z</time>
        <extensions>
          <ns3:TrackPointExtension>
            <ns3:atemp>32.0</ns3:atemp>
          </ns3:TrackPointExtension>
        </extensions>
      </trkpt>
      <trkpt lat="39.7439499199390411376953125" lon="-105.065800063312053680419921875">
        <ele>1637</ele>
        <time>2026-07-22T01:15:41.000Z</time>
        <extensions>
          <ns3:TrackPointExtension>
            <ns3:atemp>32.0</ns3:atemp>
          </ns3:TrackPointExtension>
        </extensions>
      </trkpt>
      <trkpt lat="39.7439541108906269073486328125" lon="-105.0659779272973537445068359375">
        <ele>1637.5999755859375</ele>
        <time>2026-07-22T01:15:45.000Z</time>
        <extensions>
          <ns3:TrackPointExtension>
            <ns3:atemp>32.0</ns3:atemp>
          </ns3:TrackPointExtension>
        </extensions>
      </trkpt>
      <trkpt lat="39.743944220244884490966796875" lon="-105.06604707799851894378662109375">
        <ele>1638.199951171875</ele>
        <time>2026-07-22T01:15:47.000Z</time>
        <extensions>
          <ns3:TrackPointExtension>
            <ns3:atemp>32.0</ns3:atemp>
          </ns3:TrackPointExtension>
        </extensions>
      </trkpt>
      <trkpt lat="39.74393223412334918975830078125" lon="-105.06610809825360774993896484375">
        <ele>1638.5999755859375</ele>
        <time>2026-07-22T01:15:49.000Z</time>
        <extensions>
          <ns3:TrackPointExtension>
            <ns3:atemp>32.0</ns3:atemp>
          </ns3:TrackPointExtension>
        </extensions>
      </trkpt>
      <trkpt lat="39.7438793443143367767333984375" lon="-105.0661780871450901031494140625">
        <ele>1638.800048828125</ele>
        <time>2026-07-22T01:15:52.000Z</time>
        <extensions>
          <ns3:TrackPointExtension>
            <ns3:atemp>32.0</ns3:atemp>
          </ns3:TrackPointExtension>
        </extensions>
      </trkpt>
      <trkpt lat="39.7438479959964752197265625" lon="-105.06618353538215160369873046875">
        <ele>1639</ele>
        <time>2026-07-22T01:15:53.000Z</time>
        <extensions>
          <ns3:TrackPointExtension>
            <ns3:atemp>32.0</ns3:atemp>
          </ns3:TrackPointExtension>
        </extensions>
      </trkpt>
      <trkpt lat="39.74365093745291233062744140625" lon="-105.06619459949433803558349609375">
        <ele>1639.199951171875</ele>
        <time>2026-07-22T01:15:58.000Z</time>
        <extensions>
          <ns3:TrackPointExtension>
            <ns3:atemp>32.0</ns3:atemp>
          </ns3:TrackPointExtension>
        </extensions>
      </trkpt>
      <trkpt lat="39.7436040826141834259033203125" lon="-105.06619510240852832794189453125">
        <ele>1639.4000244140625</ele>
        <time>2026-07-22T01:15:59.000Z</time>
        <extensions>
          <ns3:TrackPointExtension>
            <ns3:atemp>32.0</ns3:atemp>
          </ns3:TrackPointExtension>
        </extensions>
      </trkpt>
      <trkpt lat="39.74326000548899173736572265625" lon="-105.06617699749767780303955078125">
        <ele>1640</ele>
        <time>2026-07-22T01:16:06.000Z</time>
        <extensions>
          <ns3:TrackPointExtension>
            <ns3:atemp>32.0</ns3:atemp>
          </ns3:TrackPointExtension>
        </extensions>
      </trkpt>
      <trkpt lat="39.74294501356780529022216796875" lon="-105.066180936992168426513671875">
        <ele>1640.199951171875</ele>
        <time>2026-07-22T01:16:12.000Z</time>
        <extensions>
          <ns3:TrackPointExtension>
            <ns3:atemp>32.0</ns3:atemp>
          </ns3:TrackPointExtension>
        </extensions>
      </trkpt>
      <trkpt lat="39.74278357811272144317626953125" lon="-105.06618169136345386505126953125">
        <ele>1640.4000244140625</ele>
        <time>2026-07-22T01:16:15.000Z</time>
        <extensions>
          <ns3:TrackPointExtension>
            <ns3:atemp>32.0</ns3:atemp>
          </ns3:TrackPointExtension>
        </extensions>
      </trkpt>
      <trkpt lat="39.7424628026783466339111328125" lon="-105.06617649458348751068115234375">
        <ele>1640.5999755859375</ele>
        <time>2026-07-22T01:16:21.000Z</time>
        <extensions>
          <ns3:TrackPointExtension>
            <ns3:atemp>32.0</ns3:atemp>
          </ns3:TrackPointExtension>
        </extensions>
      </trkpt>
      <trkpt lat="39.7423645667731761932373046875" lon="-105.0661894865334033966064453125">
        <ele>1640.5999755859375</ele>
        <time>2026-07-22T01:16:23.000Z</time>
        <extensions>
          <ns3:TrackPointExtension>
            <ns3:atemp>32.0</ns3:atemp>
          </ns3:TrackPointExtension>
        </extensions>
      </trkpt>
      <trkpt lat="39.74215577356517314910888671875" lon="-105.06622645072638988494873046875">
        <ele>1640.4000244140625</ele>
        <time>2026-07-22T01:16:27.000Z</time>
        <extensions>
          <ns3:TrackPointExtension>
            <ns3:atemp>32.0</ns3:atemp>
          </ns3:TrackPointExtension>
        </extensions>
      </trkpt>
      <trkpt lat="39.74208100698888301849365234375" lon="-105.06631395779550075531005859375">
        <ele>1640.4000244140625</ele>
        <time>2026-07-22T01:16:29.000Z</time>
        <extensions>
          <ns3:TrackPointExtension>
            <ns3:atemp>32.0</ns3:atemp>
          </ns3:TrackPointExtension>
        </extensions>
      </trkpt>
      <trkpt lat="39.74207329563796520233154296875" lon="-105.06652769632637500762939453125">
        <ele>1640</ele>
        <time>2026-07-22T01:16:32.000Z</time>
        <extensions>
          <ns3:TrackPointExtension>
            <ns3:atemp>32.0</ns3:atemp>
          </ns3:TrackPointExtension>
        </extensions>
      </trkpt>
      <trkpt lat="39.7421198152005672454833984375" lon="-105.06674948148429393768310546875">
        <ele>1639.5999755859375</ele>
        <time>2026-07-22T01:16:35.000Z</time>
        <extensions>
          <ns3:TrackPointExtension>
            <ns3:atemp>32.0</ns3:atemp>
          </ns3:TrackPointExtension>
        </extensions>
      </trkpt>
      <trkpt lat="39.74213607609272003173828125" lon="-105.06682089529931545257568359375">
        <ele>1639.5999755859375</ele>
        <time>2026-07-22T01:16:36.000Z</time>
        <extensions>
          <ns3:TrackPointExtension>
            <ns3:atemp>32.0</ns3:atemp>
          </ns3:TrackPointExtension>
        </extensions>
      </trkpt>
      <trkpt lat="39.74216029979288578033447265625" lon="-105.0670449435710906982421875">
        <ele>1639.4000244140625</ele>
        <time>2026-07-22T01:16:39.000Z</time>
        <extensions>
          <ns3:TrackPointExtension>
            <ns3:atemp>32.0</ns3:atemp>
          </ns3:TrackPointExtension>
        </extensions>
      </trkpt>
      <trkpt lat="39.74215828813612461090087890625" lon="-105.06720445118844509124755859375">
        <ele>1639.4000244140625</ele>
        <time>2026-07-22T01:16:41.000Z</time>
        <extensions>
          <ns3:TrackPointExtension>
            <ns3:atemp>32.0</ns3:atemp>
          </ns3:TrackPointExtension>
        </extensions>
      </trkpt>
      <trkpt lat="39.7421613894402980804443359375" lon="-105.067645423114299774169921875">
        <ele>1639.5999755859375</ele>
        <time>2026-07-22T01:16:47.000Z</time>
        <extensions>
          <ns3:TrackPointExtension>
            <ns3:atemp>32.0</ns3:atemp>
          </ns3:TrackPointExtension>
        </extensions>
      </trkpt>
      <trkpt lat="39.7421365790069103240966796875" lon="-105.0678165815770626068115234375">
        <ele>1640</ele>
        <time>2026-07-22T01:16:50.000Z</time>
        <extensions>
          <ns3:TrackPointExtension>
            <ns3:atemp>32.0</ns3:atemp>
          </ns3:TrackPointExtension>
        </extensions>
      </trkpt>
      <trkpt lat="39.7421218268573284149169921875" lon="-105.0679252110421657562255859375">
        <ele>1640</ele>
        <time>2026-07-22T01:16:52.000Z</time>
        <extensions>
          <ns3:TrackPointExtension>
            <ns3:atemp>32.0</ns3:atemp>
          </ns3:TrackPointExtension>
        </extensions>
      </trkpt>
      <trkpt lat="39.74211285822093486785888671875" lon="-105.06809569895267486572265625">
        <ele>1640.4000244140625</ele>
        <time>2026-07-22T01:16:55.000Z</time>
        <extensions>
          <ns3:TrackPointExtension>
            <ns3:atemp>32.0</ns3:atemp>
          </ns3:TrackPointExtension>
        </extensions>
      </trkpt>
      <trkpt lat="39.7421300411224365234375" lon="-105.06821145303547382354736328125">
        <ele>1640.4000244140625</ele>
        <time>2026-07-22T01:16:57.000Z</time>
        <extensions>
          <ns3:TrackPointExtension>
            <ns3:atemp>32.0</ns3:atemp>
          </ns3:TrackPointExtension>
        </extensions>
      </trkpt>
      <trkpt lat="39.7421503253281116485595703125" lon="-105.06827113218605518341064453125">
        <ele>1640.199951171875</ele>
        <time>2026-07-22T01:16:58.000Z</time>
        <extensions>
          <ns3:TrackPointExtension>
            <ns3:atemp>32.0</ns3:atemp>
          </ns3:TrackPointExtension>
        </extensions>
      </trkpt>
      <trkpt lat="39.7421704418957233428955078125" lon="-105.0683335773646831512451171875">
        <ele>1640.4000244140625</ele>
        <time>2026-07-22T01:16:59.000Z</time>
        <extensions>
          <ns3:TrackPointExtension>
            <ns3:atemp>32.0</ns3:atemp>
          </ns3:TrackPointExtension>
        </extensions>
      </trkpt>
      <trkpt lat="39.7422267682850360870361328125" lon="-105.0685228407382965087890625">
        <ele>1640.5999755859375</ele>
        <time>2026-07-22T01:17:02.000Z</time>
        <extensions>
          <ns3:TrackPointExtension>
            <ns3:atemp>32.0</ns3:atemp>
          </ns3:TrackPointExtension>
        </extensions>
      </trkpt>
      <trkpt lat="39.74224663339555263519287109375" lon="-105.06857908330857753753662109375">
        <ele>1640.5999755859375</ele>
        <time>2026-07-22T01:17:03.000Z</time>
        <extensions>
          <ns3:TrackPointExtension>
            <ns3:atemp>32.0</ns3:atemp>
          </ns3:TrackPointExtension>
        </extensions>
      </trkpt>
      <trkpt lat="39.7422587871551513671875" lon="-105.06863708607852458953857421875">
        <ele>1640.5999755859375</ele>
        <time>2026-07-22T01:17:04.000Z</time>
        <extensions>
          <ns3:TrackPointExtension>
            <ns3:atemp>32.0</ns3:atemp>
          </ns3:TrackPointExtension>
        </extensions>
      </trkpt>
      <trkpt lat="39.74230161868035793304443359375" lon="-105.068868510425090789794921875">
        <ele>1640.5999755859375</ele>
        <time>2026-07-22T01:17:08.000Z</time>
        <extensions>
          <ns3:TrackPointExtension>
            <ns3:atemp>32.0</ns3:atemp>
          </ns3:TrackPointExtension>
        </extensions>
      </trkpt>
      <trkpt lat="39.7423571906983852386474609375" lon="-105.06925583817064762115478515625">
        <ele>1640.800048828125</ele>
        <time>2026-07-22T01:17:14.000Z</time>
        <extensions>
          <ns3:TrackPointExtension>
            <ns3:atemp>32.0</ns3:atemp>
          </ns3:TrackPointExtension>
        </extensions>
      </trkpt>
      <trkpt lat="39.7423699311912059783935546875" lon="-105.0693907029926776885986328125">
        <ele>1640.800048828125</ele>
        <time>2026-07-22T01:17:16.000Z</time>
        <extensions>
          <ns3:TrackPointExtension>
            <ns3:atemp>32.0</ns3:atemp>
          </ns3:TrackPointExtension>
        </extensions>
      </trkpt>
      <trkpt lat="39.7423746250569820404052734375" lon="-105.06945499219000339508056640625">
        <ele>1640.800048828125</ele>
        <time>2026-07-22T01:17:17.000Z</time>
        <extensions>
          <ns3:TrackPointExtension>
            <ns3:atemp>32.0</ns3:atemp>
          </ns3:TrackPointExtension>
        </extensions>
      </trkpt>
      <trkpt lat="39.7423773072659969329833984375" lon="-105.0697192735970020294189453125">
        <ele>1641.199951171875</ele>
        <time>2026-07-22T01:17:21.000Z</time>
        <extensions>
          <ns3:TrackPointExtension>
            <ns3:atemp>32.0</ns3:atemp>
          </ns3:TrackPointExtension>
        </extensions>
      </trkpt>
      <trkpt lat="39.742375127971172332763671875" lon="-105.06979085505008697509765625">
        <ele>1641.199951171875</ele>
        <time>2026-07-22T01:17:22.000Z</time>
        <extensions>
          <ns3:TrackPointExtension>
            <ns3:atemp>32.0</ns3:atemp>
          </ns3:TrackPointExtension>
        </extensions>
      </trkpt>
      <trkpt lat="39.742350988090038299560546875" lon="-105.0699318386614322662353515625">
        <ele>1641.4000244140625</ele>
        <time>2026-07-22T01:17:24.000Z</time>
        <extensions>
          <ns3:TrackPointExtension>
            <ns3:atemp>32.0</ns3:atemp>
          </ns3:TrackPointExtension>
        </extensions>
      </trkpt>
      <trkpt lat="39.74234269000589847564697265625" lon="-105.07000199519097805023193359375">
        <ele>1641.4000244140625</ele>
        <time>2026-07-22T01:17:25.000Z</time>
        <extensions>
          <ns3:TrackPointExtension>
            <ns3:atemp>32.0</ns3:atemp>
          </ns3:TrackPointExtension>
        </extensions>
      </trkpt>
      <trkpt lat="39.7423303686082363128662109375" lon="-105.0701366923749446868896484375">
        <ele>1641.4000244140625</ele>
        <time>2026-07-22T01:17:27.000Z</time>
        <extensions>
          <ns3:TrackPointExtension>
            <ns3:atemp>32.0</ns3:atemp>
          </ns3:TrackPointExtension>
        </extensions>
      </trkpt>
      <trkpt lat="39.742314107716083526611328125" lon="-105.07033911533653736114501953125">
        <ele>1641.5999755859375</ele>
        <time>2026-07-22T01:17:30.000Z</time>
        <extensions>
          <ns3:TrackPointExtension>
            <ns3:atemp>32.0</ns3:atemp>
          </ns3:TrackPointExtension>
        </extensions>
      </trkpt>
      <trkpt lat="39.7422639839351177215576171875" lon="-105.07071018218994140625">
        <ele>1641.800048828125</ele>
        <time>2026-07-22T01:17:36.000Z</time>
        <extensions>
          <ns3:TrackPointExtension>
            <ns3:atemp>32.0</ns3:atemp>
          </ns3:TrackPointExtension>
        </extensions>
      </trkpt>
      <trkpt lat="39.7422708570957183837890625" lon="-105.07076206617057323455810546875">
        <ele>1642</ele>
        <time>2026-07-22T01:17:37.000Z</time>
        <extensions>
          <ns3:TrackPointExtension>
            <ns3:atemp>32.0</ns3:atemp>
          </ns3:TrackPointExtension>
        </extensions>
      </trkpt>
      <trkpt lat="39.7422864474356174468994140625" lon="-105.07080196402966976165771484375">
        <ele>1642</ele>
        <time>2026-07-22T01:17:38.000Z</time>
        <extensions>
          <ns3:TrackPointExtension>
            <ns3:atemp>32.0</ns3:atemp>
          </ns3:TrackPointExtension>
        </extensions>
      </trkpt>
      <trkpt lat="39.7423169575631618499755859375" lon="-105.07085041143000125885009765625">
        <ele>1642</ele>
        <time>2026-07-22T01:17:40.000Z</time>
        <extensions>
          <ns3:TrackPointExtension>
            <ns3:atemp>32.0</ns3:atemp>
          </ns3:TrackPointExtension>
        </extensions>
      </trkpt>
      <trkpt lat="39.7423538379371166229248046875" lon="-105.07100396789610385894775390625">
        <ele>1642.199951171875</ele>
        <time>2026-07-22T01:17:44.000Z</time>
        <extensions>
          <ns3:TrackPointExtension>
            <ns3:atemp>32.0</ns3:atemp>
          </ns3:TrackPointExtension>
        </extensions>
      </trkpt>
      <trkpt lat="39.742352329194545745849609375" lon="-105.07105543278157711029052734375">
        <ele>1642.199951171875</ele>
        <time>2026-07-22T01:17:45.000Z</time>
        <extensions>
          <ns3:TrackPointExtension>
            <ns3:atemp>32.0</ns3:atemp>
          </ns3:TrackPointExtension>
        </extensions>
      </trkpt>
      <trkpt lat="39.7423808276653289794921875" lon="-105.07124352268874645233154296875">
        <ele>1642.5999755859375</ele>
        <time>2026-07-22T01:17:50.000Z</time>
        <extensions>
          <ns3:TrackPointExtension>
            <ns3:atemp>32.0</ns3:atemp>
          </ns3:TrackPointExtension>
        </extensions>
      </trkpt>
      <trkpt lat="39.7424084879457950592041015625" lon="-105.07130236364901065826416015625">
        <ele>1642.5999755859375</ele>
        <time>2026-07-22T01:17:52.000Z</time>
        <extensions>
          <ns3:TrackPointExtension>
            <ns3:atemp>32.0</ns3:atemp>
          </ns3:TrackPointExtension>
        </extensions>
      </trkpt>
      <trkpt lat="39.74240563809871673583984375" lon="-105.07133220322430133819580078125">
        <ele>1642.800048828125</ele>
        <time>2026-07-22T01:17:53.000Z</time>
        <extensions>
          <ns3:TrackPointExtension>
            <ns3:atemp>32.0</ns3:atemp>
          </ns3:TrackPointExtension>
        </extensions>
      </trkpt>
      <trkpt lat="39.7424034588038921356201171875" lon="-105.0713517330586910247802734375">
        <ele>1643</ele>
        <time>2026-07-22T01:17:54.000Z</time>
        <extensions>
          <ns3:TrackPointExtension>
            <ns3:atemp>32.0</ns3:atemp>
          </ns3:TrackPointExtension>
        </extensions>
      </trkpt>
      <trkpt lat="39.74240303970873355865478515625" lon="-105.0713648088276386260986328125">
        <ele>1643</ele>
        <time>2026-07-22T01:17:55.000Z</time>
        <extensions>
          <ns3:TrackPointExtension>
            <ns3:atemp>32.0</ns3:atemp>
          </ns3:TrackPointExtension>
        </extensions>
      </trkpt>
      <trkpt lat="39.74240371026098728179931640625" lon="-105.07139355875551700592041015625">
        <ele>1643.199951171875</ele>
        <time>2026-07-22T01:17:57.000Z</time>
        <extensions>
          <ns3:TrackPointExtension>
            <ns3:atemp>32.0</ns3:atemp>
          </ns3:TrackPointExtension>
        </extensions>
      </trkpt>
      <trkpt lat="39.74240672774612903594970703125" lon="-105.07149984128773212432861328125">
        <ele>1643.4000244140625</ele>
        <time>2026-07-22T01:18:01.000Z</time>
        <extensions>
          <ns3:TrackPointExtension>
            <ns3:atemp>32.0</ns3:atemp>
          </ns3:TrackPointExtension>
        </extensions>
      </trkpt>
      <trkpt lat="39.7424215637147426605224609375" lon="-105.07151878438889980316162109375">
        <ele>1643.4000244140625</ele>
        <time>2026-07-22T01:18:02.000Z</time>
        <extensions>
          <ns3:TrackPointExtension>
            <ns3:atemp>32.0</ns3:atemp>
          </ns3:TrackPointExtension>
        </extensions>
      </trkpt>
      <trkpt lat="39.7425084002315998077392578125" lon="-105.0716598518192768096923828125">
        <ele>1643.4000244140625</ele>
        <time>2026-07-22T01:18:07.000Z</time>
        <extensions>
          <ns3:TrackPointExtension>
            <ns3:atemp>32.0</ns3:atemp>
          </ns3:TrackPointExtension>
        </extensions>
      </trkpt>
      <trkpt lat="39.74263220094144344329833984375" lon="-105.0717362947762012481689453125">
        <ele>1643.5999755859375</ele>
        <time>2026-07-22T01:18:11.000Z</time>
        <extensions>
          <ns3:TrackPointExtension>
            <ns3:atemp>32.0</ns3:atemp>
          </ns3:TrackPointExtension>
        </extensions>
      </trkpt>
      <trkpt lat="39.742679558694362640380859375" lon="-105.0717882625758647918701171875">
        <ele>1643.800048828125</ele>
        <time>2026-07-22T01:18:13.000Z</time>
        <extensions>
          <ns3:TrackPointExtension>
            <ns3:atemp>32.0</ns3:atemp>
          </ns3:TrackPointExtension>
        </extensions>
      </trkpt>
      <trkpt lat="39.74271384067833423614501953125" lon="-105.071850456297397613525390625">
        <ele>1644</ele>
        <time>2026-07-22T01:18:15.000Z</time>
        <extensions>
          <ns3:TrackPointExtension>
            <ns3:atemp>32.0</ns3:atemp>
          </ns3:TrackPointExtension>
        </extensions>
      </trkpt>
      <trkpt lat="39.7428188659250736236572265625" lon="-105.0719797052443027496337890625">
        <ele>1644.800048828125</ele>
        <time>2026-07-22T01:18:21.000Z</time>
        <extensions>
          <ns3:TrackPointExtension>
            <ns3:atemp>32.0</ns3:atemp>
          </ns3:TrackPointExtension>
        </extensions>
      </trkpt>
      <trkpt lat="39.742857255041599273681640625" lon="-105.071987919509410858154296875">
        <ele>1645</ele>
        <time>2026-07-22T01:18:22.000Z</time>
        <extensions>
          <ns3:TrackPointExtension>
            <ns3:atemp>32.0</ns3:atemp>
          </ns3:TrackPointExtension>
        </extensions>
      </trkpt>
      <trkpt lat="39.74294534884393215179443359375" lon="-105.071991272270679473876953125">
        <ele>1645</ele>
        <time>2026-07-22T01:18:24.000Z</time>
        <extensions>
          <ns3:TrackPointExtension>
            <ns3:atemp>32.0</ns3:atemp>
          </ns3:TrackPointExtension>
        </extensions>
      </trkpt>
      <trkpt lat="39.74299295805394649505615234375" lon="-105.0719877518713474273681640625">
        <ele>1645.199951171875</ele>
        <time>2026-07-22T01:18:25.000Z</time>
        <extensions>
          <ns3:TrackPointExtension>
            <ns3:atemp>32.0</ns3:atemp>
          </ns3:TrackPointExtension>
        </extensions>
      </trkpt>
      <trkpt lat="39.74303956143558025360107421875" lon="-105.07198699750006198883056640625">
        <ele>1645.199951171875</ele>
        <time>2026-07-22T01:18:26.000Z</time>
        <extensions>
          <ns3:TrackPointExtension>
            <ns3:atemp>32.0</ns3:atemp>
          </ns3:TrackPointExtension>
        </extensions>
      </trkpt>
      <trkpt lat="39.74350073374807834625244140625" lon="-105.0719974748790264129638671875">
        <ele>1645.5999755859375</ele>
        <time>2026-07-22T01:18:35.000Z</time>
        <extensions>
          <ns3:TrackPointExtension>
            <ns3:atemp>32.0</ns3:atemp>
          </ns3:TrackPointExtension>
        </extensions>
      </trkpt>
      <trkpt lat="39.7438820265233516693115234375" lon="-105.07199420593678951263427734375">
        <ele>1645.800048828125</ele>
        <time>2026-07-22T01:18:42.000Z</time>
        <extensions>
          <ns3:TrackPointExtension>
            <ns3:atemp>32.0</ns3:atemp>
          </ns3:TrackPointExtension>
        </extensions>
      </trkpt>
      <trkpt lat="39.7441515885293483734130859375" lon="-105.0719807110726833343505859375">
        <ele>1646</ele>
        <time>2026-07-22T01:18:47.000Z</time>
        <extensions>
          <ns3:TrackPointExtension>
            <ns3:atemp>32.0</ns3:atemp>
          </ns3:TrackPointExtension>
        </extensions>
      </trkpt>
      <trkpt lat="39.74437236785888671875" lon="-105.07197895087301731109619140625">
        <ele>1646</ele>
        <time>2026-07-22T01:18:51.000Z</time>
        <extensions>
          <ns3:TrackPointExtension>
            <ns3:atemp>32.0</ns3:atemp>
          </ns3:TrackPointExtension>
        </extensions>
      </trkpt>
      <trkpt lat="39.744793474674224853515625" lon="-105.07199026644229888916015625">
        <ele>1645.800048828125</ele>
        <time>2026-07-22T01:18:59.000Z</time>
        <extensions>
          <ns3:TrackPointExtension>
            <ns3:atemp>32.0</ns3:atemp>
          </ns3:TrackPointExtension>
        </extensions>
      </trkpt>
      <trkpt lat="39.7448395751416683197021484375" lon="-105.0719921104609966278076171875">
        <ele>1645.800048828125</ele>
        <time>2026-07-22T01:19:00.000Z</time>
        <extensions>
          <ns3:TrackPointExtension>
            <ns3:atemp>32.0</ns3:atemp>
          </ns3:TrackPointExtension>
        </extensions>
      </trkpt>
      <trkpt lat="39.74492314271628856658935546875" lon="-105.0720016658306121826171875">
        <ele>1645.800048828125</ele>
        <time>2026-07-22T01:19:02.000Z</time>
        <extensions>
          <ns3:TrackPointExtension>
            <ns3:atemp>32.0</ns3:atemp>
          </ns3:TrackPointExtension>
        </extensions>
      </trkpt>
      <trkpt lat="39.74496354348957538604736328125" lon="-105.0720051862299442291259765625">
        <ele>1645.800048828125</ele>
        <time>2026-07-22T01:19:03.000Z</time>
        <extensions>
          <ns3:TrackPointExtension>
            <ns3:atemp>32.0</ns3:atemp>
          </ns3:TrackPointExtension>
        </extensions>
      </trkpt>
      <trkpt lat="39.7450450994074344635009765625" lon="-105.0720085389912128448486328125">
        <ele>1646</ele>
        <time>2026-07-22T01:19:05.000Z</time>
        <extensions>
          <ns3:TrackPointExtension>
            <ns3:atemp>32.0</ns3:atemp>
          </ns3:TrackPointExtension>
        </extensions>
      </trkpt>
      <trkpt lat="39.7451877593994140625" lon="-105.07199294865131378173828125">
        <ele>1646</ele>
        <time>2026-07-22T01:19:08.000Z</time>
        <extensions>
          <ns3:TrackPointExtension>
            <ns3:atemp>32.0</ns3:atemp>
          </ns3:TrackPointExtension>
        </extensions>
      </trkpt>
      <trkpt lat="39.74528943188488483428955078125" lon="-105.0719870813190937042236328125">
        <ele>1646</ele>
        <time>2026-07-22T01:19:10.000Z</time>
        <extensions>
          <ns3:TrackPointExtension>
            <ns3:atemp>32.0</ns3:atemp>
          </ns3:TrackPointExtension>
        </extensions>
      </trkpt>
      <trkpt lat="39.7456261329352855682373046875" lon="-105.071976184844970703125">
        <ele>1646.4000244140625</ele>
        <time>2026-07-22T01:19:16.000Z</time>
        <extensions>
          <ns3:TrackPointExtension>
            <ns3:atemp>32.0</ns3:atemp>
          </ns3:TrackPointExtension>
        </extensions>
      </trkpt>
      <trkpt lat="39.74605503492057323455810546875" lon="-105.0719629414379596710205078125">
        <ele>1646.199951171875</ele>
        <time>2026-07-22T01:19:23.000Z</time>
        <extensions>
          <ns3:TrackPointExtension>
            <ns3:atemp>32.0</ns3:atemp>
          </ns3:TrackPointExtension>
        </extensions>
      </trkpt>
      <trkpt lat="39.7465317137539386749267578125" lon="-105.07196570746600627899169921875">
        <ele>1645.800048828125</ele>
        <time>2026-07-22T01:19:30.000Z</time>
        <extensions>
          <ns3:TrackPointExtension>
            <ns3:atemp>32.0</ns3:atemp>
          </ns3:TrackPointExtension>
        </extensions>
      </trkpt>
      <trkpt lat="39.74690764211118221282958984375" lon="-105.071974508464336395263671875">
        <ele>1644.800048828125</ele>
        <time>2026-07-22T01:19:35.000Z</time>
        <extensions>
          <ns3:TrackPointExtension>
            <ns3:atemp>32.0</ns3:atemp>
          </ns3:TrackPointExtension>
        </extensions>
      </trkpt>
      <trkpt lat="39.74706890992820262908935546875" lon="-105.07197425700724124908447265625">
        <ele>1644.199951171875</ele>
        <time>2026-07-22T01:19:37.000Z</time>
        <extensions>
          <ns3:TrackPointExtension>
            <ns3:atemp>32.0</ns3:atemp>
          </ns3:TrackPointExtension>
        </extensions>
      </trkpt>
      <trkpt lat="39.74732573144137859344482421875" lon="-105.0719726644456386566162109375">
        <ele>1643</ele>
        <time>2026-07-22T01:19:40.000Z</time>
        <extensions>
          <ns3:TrackPointExtension>
            <ns3:atemp>32.0</ns3:atemp>
          </ns3:TrackPointExtension>
        </extensions>
      </trkpt>
      <trkpt lat="39.7475992329418659210205078125" lon="-105.07196352817118167877197265625">
        <ele>1642.199951171875</ele>
        <time>2026-07-22T01:19:43.000Z</time>
        <extensions>
          <ns3:TrackPointExtension>
            <ns3:atemp>32.0</ns3:atemp>
          </ns3:TrackPointExtension>
        </extensions>
      </trkpt>
      <trkpt lat="39.7477765940129756927490234375" lon="-105.07195464335381984710693359375">
        <ele>1641.5999755859375</ele>
        <time>2026-07-22T01:19:45.000Z</time>
        <extensions>
          <ns3:TrackPointExtension>
            <ns3:atemp>32.0</ns3:atemp>
          </ns3:TrackPointExtension>
        </extensions>
      </trkpt>
      <trkpt lat="39.74815503694117069244384765625" lon="-105.0719507038593292236328125">
        <ele>1640</ele>
        <time>2026-07-22T01:19:49.000Z</time>
        <extensions>
          <ns3:TrackPointExtension>
            <ns3:atemp>32.0</ns3:atemp>
          </ns3:TrackPointExtension>
        </extensions>
      </trkpt>
      <trkpt lat="39.7482583858072757720947265625" lon="-105.07194944657385349273681640625">
        <ele>1639.800048828125</ele>
        <time>2026-07-22T01:19:50.000Z</time>
        <extensions>
          <ns3:TrackPointExtension>
            <ns3:atemp>32.0</ns3:atemp>
          </ns3:TrackPointExtension>
        </extensions>
      </trkpt>
      <trkpt lat="39.74847036413848400115966796875" lon="-105.07194374687969684600830078125">
        <ele>1639</ele>
        <time>2026-07-22T01:19:52.000Z</time>
        <extensions>
          <ns3:TrackPointExtension>
            <ns3:atemp>32.0</ns3:atemp>
          </ns3:TrackPointExtension>
        </extensions>
      </trkpt>
      <trkpt lat="39.74888778291642665863037109375" lon="-105.0719538889825344085693359375">
        <ele>1637.800048828125</ele>
        <time>2026-07-22T01:19:56.000Z</time>
        <extensions>
          <ns3:TrackPointExtension>
            <ns3:atemp>32.0</ns3:atemp>
          </ns3:TrackPointExtension>
        </extensions>
      </trkpt>
      <trkpt lat="39.74936823360621929168701171875" lon="-105.07199303247034549713134765625">
        <ele>1636.5999755859375</ele>
        <time>2026-07-22T01:20:01.000Z</time>
        <extensions>
          <ns3:TrackPointExtension>
            <ns3:atemp>32.0</ns3:atemp>
          </ns3:TrackPointExtension>
        </extensions>
      </trkpt>
      <trkpt lat="39.749655313789844512939453125" lon="-105.07199672050774097442626953125">
        <ele>1636.4000244140625</ele>
        <time>2026-07-22T01:20:04.000Z</time>
        <extensions>
          <ns3:TrackPointExtension>
            <ns3:atemp>32.0</ns3:atemp>
          </ns3:TrackPointExtension>
        </extensions>
      </trkpt>
      <trkpt lat="39.75009075365960597991943359375" lon="-105.07196805439889430999755859375">
        <ele>1637</ele>
        <time>2026-07-22T01:20:09.000Z</time>
        <extensions>
          <ns3:TrackPointExtension>
            <ns3:atemp>32.0</ns3:atemp>
          </ns3:TrackPointExtension>
        </extensions>
      </trkpt>
      <trkpt lat="39.75069642998278141021728515625" lon="-105.07198113016784191131591796875">
        <ele>1637.4000244140625</ele>
        <time>2026-07-22T01:20:16.000Z</time>
        <extensions>
          <ns3:TrackPointExtension>
            <ns3:atemp>32.0</ns3:atemp>
          </ns3:TrackPointExtension>
        </extensions>
      </trkpt>
      <trkpt lat="39.75078108720481395721435546875" lon="-105.0719807110726833343505859375">
        <ele>1637.199951171875</ele>
        <time>2026-07-22T01:20:17.000Z</time>
        <extensions>
          <ns3:TrackPointExtension>
            <ns3:atemp>32.0</ns3:atemp>
          </ns3:TrackPointExtension>
        </extensions>
      </trkpt>
      <trkpt lat="39.75086557678878307342529296875" lon="-105.07198079489171504974365234375">
        <ele>1637.4000244140625</ele>
        <time>2026-07-22T01:20:18.000Z</time>
        <extensions>
          <ns3:TrackPointExtension>
            <ns3:atemp>32.0</ns3:atemp>
          </ns3:TrackPointExtension>
        </extensions>
      </trkpt>
      <trkpt lat="39.75109507329761981964111328125" lon="-105.07198012433946132659912109375">
        <ele>1638</ele>
        <time>2026-07-22T01:20:21.000Z</time>
        <extensions>
          <ns3:TrackPointExtension>
            <ns3:atemp>32.0</ns3:atemp>
          </ns3:TrackPointExtension>
        </extensions>
      </trkpt>
      <trkpt lat="39.75116196088492870330810546875" lon="-105.0719654560089111328125">
        <ele>1638.199951171875</ele>
        <time>2026-07-22T01:20:22.000Z</time>
        <extensions>
          <ns3:TrackPointExtension>
            <ns3:atemp>32.0</ns3:atemp>
          </ns3:TrackPointExtension>
        </extensions>
      </trkpt>
      <trkpt lat="39.75123010575771331787109375" lon="-105.0719569064676761627197265625">
        <ele>1638.4000244140625</ele>
        <time>2026-07-22T01:20:23.000Z</time>
        <extensions>
          <ns3:TrackPointExtension>
            <ns3:atemp>32.0</ns3:atemp>
          </ns3:TrackPointExtension>
        </extensions>
      </trkpt>
      <trkpt lat="39.7513670660555362701416015625" lon="-105.071961097419261932373046875">
        <ele>1638.5999755859375</ele>
        <time>2026-07-22T01:20:25.000Z</time>
        <extensions>
          <ns3:TrackPointExtension>
            <ns3:atemp>32.0</ns3:atemp>
          </ns3:TrackPointExtension>
        </extensions>
      </trkpt>
      <trkpt lat="39.7514413297176361083984375" lon="-105.071963109076023101806640625">
        <ele>1638.5999755859375</ele>
        <time>2026-07-22T01:20:26.000Z</time>
        <extensions>
          <ns3:TrackPointExtension>
            <ns3:atemp>32.0</ns3:atemp>
          </ns3:TrackPointExtension>
        </extensions>
      </trkpt>
      <trkpt lat="39.75199311040341854095458984375" lon="-105.0719709880650043487548828125">
        <ele>1638.800048828125</ele>
        <time>2026-07-22T01:20:33.000Z</time>
        <extensions>
          <ns3:TrackPointExtension>
            <ns3:atemp>32.0</ns3:atemp>
          </ns3:TrackPointExtension>
        </extensions>
      </trkpt>
      <trkpt lat="39.7521529532968997955322265625" lon="-105.07197492755949497222900390625">
        <ele>1639</ele>
        <time>2026-07-22T01:20:35.000Z</time>
        <extensions>
          <ns3:TrackPointExtension>
            <ns3:atemp>32.0</ns3:atemp>
          </ns3:TrackPointExtension>
        </extensions>
      </trkpt>
      <trkpt lat="39.75270490162074565887451171875" lon="-105.07197593338787555694580078125">
        <ele>1639.199951171875</ele>
        <time>2026-07-22T01:20:42.000Z</time>
        <extensions>
          <ns3:TrackPointExtension>
            <ns3:atemp>32.0</ns3:atemp>
          </ns3:TrackPointExtension>
        </extensions>
      </trkpt>
      <trkpt lat="39.75294194184243679046630859375" lon="-105.07197660394012928009033203125">
        <ele>1639.5999755859375</ele>
        <time>2026-07-22T01:20:45.000Z</time>
        <extensions>
          <ns3:TrackPointExtension>
            <ns3:atemp>32.0</ns3:atemp>
          </ns3:TrackPointExtension>
        </extensions>
      </trkpt>
      <trkpt lat="39.753019809722900390625" lon="-105.07197325117886066436767578125">
        <ele>1639.5999755859375</ele>
        <time>2026-07-22T01:20:46.000Z</time>
        <extensions>
          <ns3:TrackPointExtension>
            <ns3:atemp>32.0</ns3:atemp>
          </ns3:TrackPointExtension>
        </extensions>
      </trkpt>
      <trkpt lat="39.75355398841202259063720703125" lon="-105.07196185179054737091064453125">
        <ele>1640.199951171875</ele>
        <time>2026-07-22T01:20:53.000Z</time>
        <extensions>
          <ns3:TrackPointExtension>
            <ns3:atemp>32.0</ns3:atemp>
          </ns3:TrackPointExtension>
        </extensions>
      </trkpt>
      <trkpt lat="39.753629006445407867431640625" lon="-105.0719654560089111328125">
        <ele>1640.4000244140625</ele>
        <time>2026-07-22T01:20:54.000Z</time>
        <extensions>
          <ns3:TrackPointExtension>
            <ns3:atemp>32.0</ns3:atemp>
          </ns3:TrackPointExtension>
        </extensions>
      </trkpt>
      <trkpt lat="39.75377661176025867462158203125" lon="-105.071969814598560333251953125">
        <ele>1640.5999755859375</ele>
        <time>2026-07-22T01:20:56.000Z</time>
        <extensions>
          <ns3:TrackPointExtension>
            <ns3:atemp>32.0</ns3:atemp>
          </ns3:TrackPointExtension>
        </extensions>
      </trkpt>
      <trkpt lat="39.7538507916033267974853515625" lon="-105.07197325117886066436767578125">
        <ele>1640.800048828125</ele>
        <time>2026-07-22T01:20:57.000Z</time>
        <extensions>
          <ns3:TrackPointExtension>
            <ns3:atemp>32.0</ns3:atemp>
          </ns3:TrackPointExtension>
        </extensions>
      </trkpt>
      <trkpt lat="39.75422085262835025787353515625" lon="-105.07198666222393512725830078125">
        <ele>1641.199951171875</ele>
        <time>2026-07-22T01:21:02.000Z</time>
        <extensions>
          <ns3:TrackPointExtension>
            <ns3:atemp>32.0</ns3:atemp>
          </ns3:TrackPointExtension>
        </extensions>
      </trkpt>
      <trkpt lat="39.7545055858790874481201171875" lon="-105.0719659589231014251708984375">
        <ele>1641.5999755859375</ele>
        <time>2026-07-22T01:21:06.000Z</time>
        <extensions>
          <ns3:TrackPointExtension>
            <ns3:atemp>31.0</ns3:atemp>
          </ns3:TrackPointExtension>
        </extensions>
      </trkpt>
      <trkpt lat="39.75456668995320796966552734375" lon="-105.07197140716016292572021484375">
        <ele>1641.5999755859375</ele>
        <time>2026-07-22T01:21:07.000Z</time>
        <extensions>
          <ns3:TrackPointExtension>
            <ns3:atemp>31.0</ns3:atemp>
          </ns3:TrackPointExtension>
        </extensions>
      </trkpt>
      <trkpt lat="39.75462519563734531402587890625" lon="-105.07197551429271697998046875">
        <ele>1641.5999755859375</ele>
        <time>2026-07-22T01:21:08.000Z</time>
        <extensions>
          <ns3:TrackPointExtension>
            <ns3:atemp>32.0</ns3:atemp>
          </ns3:TrackPointExtension>
        </extensions>
      </trkpt>
      <trkpt lat="39.754670374095439910888671875" lon="-105.07197392173111438751220703125">
        <ele>1641.5999755859375</ele>
        <time>2026-07-22T01:21:09.000Z</time>
        <extensions>
          <ns3:TrackPointExtension>
            <ns3:atemp>31.0</ns3:atemp>
          </ns3:TrackPointExtension>
        </extensions>
      </trkpt>
      <trkpt lat="39.7547020576894283294677734375" lon="-105.07197241298854351043701171875">
        <ele>1641.5999755859375</ele>
        <time>2026-07-22T01:21:10.000Z</time>
        <extensions>
          <ns3:TrackPointExtension>
            <ns3:atemp>31.0</ns3:atemp>
          </ns3:TrackPointExtension>
        </extensions>
      </trkpt>
      <trkpt lat="39.75475327111780643463134765625" lon="-105.07197207771241664886474609375">
        <ele>1642</ele>
        <time>2026-07-22T01:21:13.000Z</time>
        <extensions>
          <ns3:TrackPointExtension>
            <ns3:atemp>31.0</ns3:atemp>
          </ns3:TrackPointExtension>
        </extensions>
      </trkpt>
      <trkpt lat="39.7548639960587024688720703125" lon="-105.0719828903675079345703125">
        <ele>1642.4000244140625</ele>
        <time>2026-07-22T01:21:18.000Z</time>
        <extensions>
          <ns3:TrackPointExtension>
            <ns3:atemp>31.0</ns3:atemp>
          </ns3:TrackPointExtension>
        </extensions>
      </trkpt>
      <trkpt lat="39.7549454681575298309326171875" lon="-105.07201029919087886810302734375">
        <ele>1642.4000244140625</ele>
        <time>2026-07-22T01:21:20.000Z</time>
        <extensions>
          <ns3:TrackPointExtension>
            <ns3:atemp>31.0</ns3:atemp>
          </ns3:TrackPointExtension>
        </extensions>
      </trkpt>
      <trkpt lat="39.7549920715391635894775390625" lon="-105.07201306521892547607421875">
        <ele>1642.4000244140625</ele>
        <time>2026-07-22T01:21:21.000Z</time>
        <extensions>
          <ns3:TrackPointExtension>
            <ns3:atemp>31.0</ns3:atemp>
          </ns3:TrackPointExtension>
        </extensions>
      </trkpt>
      <trkpt lat="39.755042530596256256103515625" lon="-105.07200879044830799102783203125">
        <ele>1642.5999755859375</ele>
        <time>2026-07-22T01:21:22.000Z</time>
        <extensions>
          <ns3:TrackPointExtension>
            <ns3:atemp>31.0</ns3:atemp>
          </ns3:TrackPointExtension>
        </extensions>
      </trkpt>
      <trkpt lat="39.75509424693882465362548828125" lon="-105.0720070302486419677734375">
        <ele>1642.5999755859375</ele>
        <time>2026-07-22T01:21:23.000Z</time>
        <extensions>
          <ns3:TrackPointExtension>
            <ns3:atemp>31.0</ns3:atemp>
          </ns3:TrackPointExtension>
        </extensions>
      </trkpt>
      <trkpt lat="39.755318798124790191650390625" lon="-105.07201817817986011505126953125">
        <ele>1642.800048828125</ele>
        <time>2026-07-22T01:21:27.000Z</time>
        <extensions>
          <ns3:TrackPointExtension>
            <ns3:atemp>31.0</ns3:atemp>
          </ns3:TrackPointExtension>
        </extensions>
      </trkpt>
      <trkpt lat="39.7557679004967212677001953125" lon="-105.07203477434813976287841796875">
        <ele>1643.4000244140625</ele>
        <time>2026-07-22T01:21:34.000Z</time>
        <extensions>
          <ns3:TrackPointExtension>
            <ns3:atemp>31.0</ns3:atemp>
          </ns3:TrackPointExtension>
        </extensions>
      </trkpt>
      <trkpt lat="39.75590519607067108154296875" lon="-105.07203242741525173187255859375">
        <ele>1643.5999755859375</ele>
        <time>2026-07-22T01:21:36.000Z</time>
        <extensions>
          <ns3:TrackPointExtension>
            <ns3:atemp>31.0</ns3:atemp>
          </ns3:TrackPointExtension>
        </extensions>
      </trkpt>
      <trkpt lat="39.7561799548566341400146484375" lon="-105.0720487721264362335205078125">
        <ele>1644.199951171875</ele>
        <time>2026-07-22T01:21:40.000Z</time>
        <extensions>
          <ns3:TrackPointExtension>
            <ns3:atemp>31.0</ns3:atemp>
          </ns3:TrackPointExtension>
        </extensions>
      </trkpt>
      <trkpt lat="39.75637014023959636688232421875" lon="-105.0720541365444660186767578125">
        <ele>1644.5999755859375</ele>
        <time>2026-07-22T01:21:43.000Z</time>
        <extensions>
          <ns3:TrackPointExtension>
            <ns3:atemp>31.0</ns3:atemp>
          </ns3:TrackPointExtension>
        </extensions>
      </trkpt>
      <trkpt lat="39.756546914577484130859375" lon="-105.0720504485070705413818359375">
        <ele>1645</ele>
        <time>2026-07-22T01:21:46.000Z</time>
        <extensions>
          <ns3:TrackPointExtension>
            <ns3:atemp>31.0</ns3:atemp>
          </ns3:TrackPointExtension>
        </extensions>
      </trkpt>
      <trkpt lat="39.75677934475243091583251953125" lon="-105.07204533554613590240478515625">
        <ele>1645.5999755859375</ele>
        <time>2026-07-22T01:21:50.000Z</time>
        <extensions>
          <ns3:TrackPointExtension>
            <ns3:atemp>31.0</ns3:atemp>
          </ns3:TrackPointExtension>
        </extensions>
      </trkpt>
      <trkpt lat="39.756999202072620391845703125" lon="-105.07203913293778896331787109375">
        <ele>1646</ele>
        <time>2026-07-22T01:21:54.000Z</time>
        <extensions>
          <ns3:TrackPointExtension>
            <ns3:atemp>31.0</ns3:atemp>
          </ns3:TrackPointExtension>
        </extensions>
      </trkpt>
      <trkpt lat="39.75732265971601009368896484375" lon="-105.0720434077084064483642578125">
        <ele>1646.800048828125</ele>
        <time>2026-07-22T01:22:00.000Z</time>
        <extensions>
          <ns3:TrackPointExtension>
            <ns3:atemp>31.0</ns3:atemp>
          </ns3:TrackPointExtension>
        </extensions>
      </trkpt>
      <trkpt lat="39.75737580098211765289306640625" lon="-105.07204617373645305633544921875">
        <ele>1647</ele>
        <time>2026-07-22T01:22:01.000Z</time>
        <extensions>
          <ns3:TrackPointExtension>
            <ns3:atemp>31.0</ns3:atemp>
          </ns3:TrackPointExtension>
        </extensions>
      </trkpt>
      <trkpt lat="39.7576441057026386260986328125" lon="-105.07204659283161163330078125">
        <ele>1647.800048828125</ele>
        <time>2026-07-22T01:22:06.000Z</time>
        <extensions>
          <ns3:TrackPointExtension>
            <ns3:atemp>31.0</ns3:atemp>
          </ns3:TrackPointExtension>
        </extensions>
      </trkpt>
      <trkpt lat="39.75779808126389980316162109375" lon="-105.0720454193651676177978515625">
        <ele>1648.199951171875</ele>
        <time>2026-07-22T01:22:09.000Z</time>
        <extensions>
          <ns3:TrackPointExtension>
            <ns3:atemp>31.0</ns3:atemp>
          </ns3:TrackPointExtension>
        </extensions>
      </trkpt>
      <trkpt lat="39.7579435072839260101318359375" lon="-105.07204684428870677947998046875">
        <ele>1648.800048828125</ele>
        <time>2026-07-22T01:22:12.000Z</time>
        <extensions>
          <ns3:TrackPointExtension>
            <ns3:atemp>31.0</ns3:atemp>
          </ns3:TrackPointExtension>
        </extensions>
      </trkpt>
      <trkpt lat="39.758129417896270751953125" lon="-105.072049610316753387451171875">
        <ele>1649.5999755859375</ele>
        <time>2026-07-22T01:22:16.000Z</time>
        <extensions>
          <ns3:TrackPointExtension>
            <ns3:atemp>31.0</ns3:atemp>
          </ns3:TrackPointExtension>
        </extensions>
      </trkpt>
      <trkpt lat="39.75817291997373104095458984375" lon="-105.07204768247902393341064453125">
        <ele>1650.199951171875</ele>
        <time>2026-07-22T01:22:17.000Z</time>
        <extensions>
          <ns3:TrackPointExtension>
            <ns3:atemp>31.0</ns3:atemp>
          </ns3:TrackPointExtension>
        </extensions>
      </trkpt>
      <trkpt lat="39.75846326909959316253662109375" lon="-105.07204231806099414825439453125">
        <ele>1651</ele>
        <time>2026-07-22T01:22:23.000Z</time>
        <extensions>
          <ns3:TrackPointExtension>
            <ns3:atemp>31.0</ns3:atemp>
          </ns3:TrackPointExtension>
        </extensions>
      </trkpt>
      <trkpt lat="39.7585168294608592987060546875" lon="-105.0720410607755184173583984375">
        <ele>1651</ele>
        <time>2026-07-22T01:22:24.000Z</time>
        <extensions>
          <ns3:TrackPointExtension>
            <ns3:atemp>31.0</ns3:atemp>
          </ns3:TrackPointExtension>
        </extensions>
      </trkpt>
      <trkpt lat="39.75867725908756256103515625" lon="-105.0720377080142498016357421875">
        <ele>1651.5999755859375</ele>
        <time>2026-07-22T01:22:27.000Z</time>
        <extensions>
          <ns3:TrackPointExtension>
            <ns3:atemp>31.0</ns3:atemp>
          </ns3:TrackPointExtension>
        </extensions>
      </trkpt>
      <trkpt lat="39.75883282721042633056640625" lon="-105.0720346905291080474853515625">
        <ele>1652.4000244140625</ele>
        <time>2026-07-22T01:22:30.000Z</time>
        <extensions>
          <ns3:TrackPointExtension>
            <ns3:atemp>31.0</ns3:atemp>
          </ns3:TrackPointExtension>
        </extensions>
      </trkpt>
      <trkpt lat="39.75908361375331878662109375" lon="-105.07204147987067699432373046875">
        <ele>1653.4000244140625</ele>
        <time>2026-07-22T01:22:35.000Z</time>
        <extensions>
          <ns3:TrackPointExtension>
            <ns3:atemp>31.0</ns3:atemp>
          </ns3:TrackPointExtension>
        </extensions>
      </trkpt>
      <trkpt lat="39.75928855128586292266845703125" lon="-105.07204391062259674072265625">
        <ele>1654</ele>
        <time>2026-07-22T01:22:39.000Z</time>
        <extensions>
          <ns3:TrackPointExtension>
            <ns3:atemp>31.0</ns3:atemp>
          </ns3:TrackPointExtension>
        </extensions>
      </trkpt>
      <trkpt lat="39.75944495759904384613037109375" lon="-105.0720397196710109710693359375">
        <ele>1654.4000244140625</ele>
        <time>2026-07-22T01:22:42.000Z</time>
        <extensions>
          <ns3:TrackPointExtension>
            <ns3:atemp>31.0</ns3:atemp>
          </ns3:TrackPointExtension>
        </extensions>
      </trkpt>
      <trkpt lat="39.75971099920570850372314453125" lon="-105.07204818539321422576904296875">
        <ele>1655.199951171875</ele>
        <time>2026-07-22T01:22:47.000Z</time>
        <extensions>
          <ns3:TrackPointExtension>
            <ns3:atemp>31.0</ns3:atemp>
          </ns3:TrackPointExtension>
        </extensions>
      </trkpt>
      <trkpt lat="39.7598666511476039886474609375" lon="-105.07204634137451648712158203125">
        <ele>1655.4000244140625</ele>
        <time>2026-07-22T01:22:50.000Z</time>
        <extensions>
          <ns3:TrackPointExtension>
            <ns3:atemp>31.0</ns3:atemp>
          </ns3:TrackPointExtension>
        </extensions>
      </trkpt>
      <trkpt lat="39.760183654725551605224609375" lon="-105.0720424018800258636474609375">
        <ele>1655.800048828125</ele>
        <time>2026-07-22T01:22:56.000Z</time>
        <extensions>
          <ns3:TrackPointExtension>
            <ns3:atemp>31.0</ns3:atemp>
          </ns3:TrackPointExtension>
        </extensions>
      </trkpt>
      <trkpt lat="39.76061959750950336456298828125" lon="-105.07204181514680385589599609375">
        <ele>1656.4000244140625</ele>
        <time>2026-07-22T01:23:04.000Z</time>
        <extensions>
          <ns3:TrackPointExtension>
            <ns3:atemp>31.0</ns3:atemp>
          </ns3:TrackPointExtension>
        </extensions>
      </trkpt>
      <trkpt lat="39.7609700448811054229736328125" lon="-105.07204583846032619476318359375">
        <ele>1656.800048828125</ele>
        <time>2026-07-22T01:23:11.000Z</time>
        <extensions>
          <ns3:TrackPointExtension>
            <ns3:atemp>31.0</ns3:atemp>
          </ns3:TrackPointExtension>
        </extensions>
      </trkpt>
      <trkpt lat="39.76101807318627834320068359375" lon="-105.072045587003231048583984375">
        <ele>1657</ele>
        <time>2026-07-22T01:23:12.000Z</time>
        <extensions>
          <ns3:TrackPointExtension>
            <ns3:atemp>31.0</ns3:atemp>
          </ns3:TrackPointExtension>
        </extensions>
      </trkpt>
      <trkpt lat="39.7612211667001247406005859375" lon="-105.0720373727381229400634765625">
        <ele>1657.4000244140625</ele>
        <time>2026-07-22T01:23:16.000Z</time>
        <extensions>
          <ns3:TrackPointExtension>
            <ns3:atemp>31.0</ns3:atemp>
          </ns3:TrackPointExtension>
        </extensions>
      </trkpt>
      <trkpt lat="39.76142652332782745361328125" lon="-105.072046928107738494873046875">
        <ele>1657.5999755859375</ele>
        <time>2026-07-22T01:23:20.000Z</time>
        <extensions>
          <ns3:TrackPointExtension>
            <ns3:atemp>31.0</ns3:atemp>
          </ns3:TrackPointExtension>
        </extensions>
      </trkpt>
      <trkpt lat="39.7619046270847320556640625" lon="-105.07206763140857219696044921875">
        <ele>1656.4000244140625</ele>
        <time>2026-07-22T01:23:29.000Z</time>
        <extensions>
          <ns3:TrackPointExtension>
            <ns3:atemp>31.0</ns3:atemp>
          </ns3:TrackPointExtension>
        </extensions>
      </trkpt>
      <trkpt lat="39.76194444112479686737060546875" lon="-105.0720652006566524505615234375">
        <ele>1656.4000244140625</ele>
        <time>2026-07-22T01:23:30.000Z</time>
        <extensions>
          <ns3:TrackPointExtension>
            <ns3:atemp>31.0</ns3:atemp>
          </ns3:TrackPointExtension>
        </extensions>
      </trkpt>
      <trkpt lat="39.761976040899753570556640625" lon="-105.07206209935247898101806640625">
        <ele>1656</ele>
        <time>2026-07-22T01:23:31.000Z</time>
        <extensions>
          <ns3:TrackPointExtension>
            <ns3:atemp>31.0</ns3:atemp>
          </ns3:TrackPointExtension>
        </extensions>
      </trkpt>
      <trkpt lat="39.7620105743408203125" lon="-105.072056986391544342041015625">
        <ele>1655.4000244140625</ele>
        <time>2026-07-22T01:23:33.000Z</time>
        <extensions>
          <ns3:TrackPointExtension>
            <ns3:atemp>31.0</ns3:atemp>
          </ns3:TrackPointExtension>
        </extensions>
      </trkpt>
      <trkpt lat="39.76204033009707927703857421875" lon="-105.07204785011708736419677734375">
        <ele>1655</ele>
        <time>2026-07-22T01:23:35.000Z</time>
        <extensions>
          <ns3:TrackPointExtension>
            <ns3:atemp>31.0</ns3:atemp>
          </ns3:TrackPointExtension>
        </extensions>
      </trkpt>
      <trkpt lat="39.76213932037353515625" lon="-105.072046257555484771728515625">
        <ele>1654.4000244140625</ele>
        <time>2026-07-22T01:23:38.000Z</time>
        <extensions>
          <ns3:TrackPointExtension>
            <ns3:atemp>31.0</ns3:atemp>
          </ns3:TrackPointExtension>
        </extensions>
      </trkpt>
      <trkpt lat="39.76236068643629550933837890625" lon="-105.07205019704997539520263671875">
        <ele>1653.800048828125</ele>
        <time>2026-07-22T01:23:42.000Z</time>
        <extensions>
          <ns3:TrackPointExtension>
            <ns3:atemp>31.0</ns3:atemp>
          </ns3:TrackPointExtension>
        </extensions>
      </trkpt>
      <trkpt lat="39.7624238021671772003173828125" lon="-105.07205371744930744171142578125">
        <ele>1653.800048828125</ele>
        <time>2026-07-22T01:23:43.000Z</time>
        <extensions>
          <ns3:TrackPointExtension>
            <ns3:atemp>31.0</ns3:atemp>
          </ns3:TrackPointExtension>
        </extensions>
      </trkpt>
      <trkpt lat="39.76288790814578533172607421875" lon="-105.072036869823932647705078125">
        <ele>1653.4000244140625</ele>
        <time>2026-07-22T01:23:50.000Z</time>
        <extensions>
          <ns3:TrackPointExtension>
            <ns3:atemp>31.0</ns3:atemp>
          </ns3:TrackPointExtension>
        </extensions>
      </trkpt>
      <trkpt lat="39.76343491114675998687744140625" lon="-105.07202706299722194671630859375">
        <ele>1653.199951171875</ele>
        <time>2026-07-22T01:23:58.000Z</time>
        <extensions>
          <ns3:TrackPointExtension>
            <ns3:atemp>31.0</ns3:atemp>
          </ns3:TrackPointExtension>
        </extensions>
      </trkpt>
      <trkpt lat="39.76390848867595195770263671875" lon="-105.07203477434813976287841796875">
        <ele>1653</ele>
        <time>2026-07-22T01:24:05.000Z</time>
        <extensions>
          <ns3:TrackPointExtension>
            <ns3:atemp>31.0</ns3:atemp>
          </ns3:TrackPointExtension>
        </extensions>
      </trkpt>
      <trkpt lat="39.76435457356274127960205078125" lon="-105.0720588304102420806884765625">
        <ele>1653</ele>
        <time>2026-07-22T01:24:11.000Z</time>
        <extensions>
          <ns3:TrackPointExtension>
            <ns3:atemp>31.0</ns3:atemp>
          </ns3:TrackPointExtension>
        </extensions>
      </trkpt>
      <trkpt lat="39.76451517082750797271728515625" lon="-105.07205841131508350372314453125">
        <ele>1652.800048828125</ele>
        <time>2026-07-22T01:24:13.000Z</time>
        <extensions>
          <ns3:TrackPointExtension>
            <ns3:atemp>31.0</ns3:atemp>
          </ns3:TrackPointExtension>
        </extensions>
      </trkpt>
      <trkpt lat="39.764925129711627960205078125" lon="-105.0720554776489734649658203125">
        <ele>1651.800048828125</ele>
        <time>2026-07-22T01:24:18.000Z</time>
        <extensions>
          <ns3:TrackPointExtension>
            <ns3:atemp>31.0</ns3:atemp>
          </ns3:TrackPointExtension>
        </extensions>
      </trkpt>
      <trkpt lat="39.76509721018373966217041015625" lon="-105.0720564834773540496826171875">
        <ele>1651.5999755859375</ele>
        <time>2026-07-22T01:24:20.000Z</time>
        <extensions>
          <ns3:TrackPointExtension>
            <ns3:atemp>31.0</ns3:atemp>
          </ns3:TrackPointExtension>
        </extensions>
      </trkpt>
      <trkpt lat="39.7655234299600124359130859375" lon="-105.07204592227935791015625">
        <ele>1651.199951171875</ele>
        <time>2026-07-22T01:24:25.000Z</time>
        <extensions>
          <ns3:TrackPointExtension>
            <ns3:atemp>31.0</ns3:atemp>
          </ns3:TrackPointExtension>
        </extensions>
      </trkpt>
      <trkpt lat="39.76612365804612636566162109375" lon="-105.0720564834773540496826171875">
        <ele>1651.199951171875</ele>
        <time>2026-07-22T01:24:32.000Z</time>
        <extensions>
          <ns3:TrackPointExtension>
            <ns3:atemp>31.0</ns3:atemp>
          </ns3:TrackPointExtension>
        </extensions>
      </trkpt>
      <trkpt lat="39.76630152203142642974853515625" lon="-105.07206025533378124237060546875">
        <ele>1651</ele>
        <time>2026-07-22T01:24:34.000Z</time>
        <extensions>
          <ns3:TrackPointExtension>
            <ns3:atemp>31.0</ns3:atemp>
          </ns3:TrackPointExtension>
        </extensions>
      </trkpt>
      <trkpt lat="39.7669123113155364990234375" lon="-105.07206427864730358123779296875">
        <ele>1650.5999755859375</ele>
        <time>2026-07-22T01:24:41.000Z</time>
        <extensions>
          <ns3:TrackPointExtension>
            <ns3:atemp>31.0</ns3:atemp>
          </ns3:TrackPointExtension>
        </extensions>
      </trkpt>
      <trkpt lat="39.7669959627091884613037109375" lon="-105.0720655359327793121337890625">
        <ele>1650.5999755859375</ele>
        <time>2026-07-22T01:24:42.000Z</time>
        <extensions>
          <ns3:TrackPointExtension>
            <ns3:atemp>31.0</ns3:atemp>
          </ns3:TrackPointExtension>
        </extensions>
      </trkpt>
      <trkpt lat="39.76707885973155498504638671875" lon="-105.0720675475895404815673828125">
        <ele>1650.4000244140625</ele>
        <time>2026-07-22T01:24:43.000Z</time>
        <extensions>
          <ns3:TrackPointExtension>
            <ns3:atemp>31.0</ns3:atemp>
          </ns3:TrackPointExtension>
        </extensions>
      </trkpt>
      <trkpt lat="39.7675558738410472869873046875" lon="-105.07206561975181102752685546875">
        <ele>1650.4000244140625</ele>
        <time>2026-07-22T01:24:49.000Z</time>
        <extensions>
          <ns3:TrackPointExtension>
            <ns3:atemp>31.0</ns3:atemp>
          </ns3:TrackPointExtension>
        </extensions>
      </trkpt>
      <trkpt lat="39.768039174377918243408203125" lon="-105.07206377573311328887939453125">
        <ele>1651</ele>
        <time>2026-07-22T01:24:55.000Z</time>
        <extensions>
          <ns3:TrackPointExtension>
            <ns3:atemp>31.0</ns3:atemp>
          </ns3:TrackPointExtension>
        </extensions>
      </trkpt>
      <trkpt lat="39.76862649433314800262451171875" lon="-105.07204064168035984039306640625">
        <ele>1649.199951171875</ele>
        <time>2026-07-22T01:25:03.000Z</time>
        <extensions>
          <ns3:TrackPointExtension>
            <ns3:atemp>31.0</ns3:atemp>
          </ns3:TrackPointExtension>
        </extensions>
      </trkpt>
      <trkpt lat="39.7686958126723766326904296875" lon="-105.07203561253845691680908203125">
        <ele>1649.199951171875</ele>
        <time>2026-07-22T01:25:04.000Z</time>
        <extensions>
          <ns3:TrackPointExtension>
            <ns3:atemp>31.0</ns3:atemp>
          </ns3:TrackPointExtension>
        </extensions>
      </trkpt>
      <trkpt lat="39.769141562283039093017578125" lon="-105.071996636688709259033203125">
        <ele>1648.5999755859375</ele>
        <time>2026-07-22T01:25:11.000Z</time>
        <extensions>
          <ns3:TrackPointExtension>
            <ns3:atemp>31.0</ns3:atemp>
          </ns3:TrackPointExtension>
        </extensions>
      </trkpt>
      <trkpt lat="39.76923711597919464111328125" lon="-105.0720018334686756134033203125">
        <ele>1648</ele>
        <time>2026-07-22T01:25:14.000Z</time>
        <extensions>
          <ns3:TrackPointExtension>
            <ns3:atemp>31.0</ns3:atemp>
          </ns3:TrackPointExtension>
        </extensions>
      </trkpt>
      <trkpt lat="39.769284725189208984375" lon="-105.07202245295047760009765625">
        <ele>1647.5999755859375</ele>
        <time>2026-07-22T01:25:18.000Z</time>
        <extensions>
          <ns3:TrackPointExtension>
            <ns3:atemp>31.0</ns3:atemp>
          </ns3:TrackPointExtension>
        </extensions>
      </trkpt>
      <trkpt lat="39.76930081844329833984375" lon="-105.072031505405902862548828125">
        <ele>1647.4000244140625</ele>
        <time>2026-07-22T01:25:24.000Z</time>
        <extensions>
          <ns3:TrackPointExtension>
            <ns3:atemp>31.0</ns3:atemp>
          </ns3:TrackPointExtension>
        </extensions>
      </trkpt>
      <trkpt lat="39.76930081844329833984375" lon="-105.072031505405902862548828125">
        <ele>1647.4000244140625</ele>
        <time>2026-07-22T01:25:38.000Z</time>
        <extensions>
          <ns3:TrackPointExtension>
            <ns3:atemp>31.0</ns3:atemp>
          </ns3:TrackPointExtension>
        </extensions>
      </trkpt>
      <trkpt lat="39.76935672573745250701904296875" lon="-105.072018094360828399658203125">
        <ele>1647</ele>
        <time>2026-07-22T01:25:49.000Z</time>
        <extensions>
          <ns3:TrackPointExtension>
            <ns3:atemp>31.0</ns3:atemp>
          </ns3:TrackPointExtension>
        </extensions>
      </trkpt>
      <trkpt lat="39.7695909999310970306396484375" lon="-105.07203075103461742401123046875">
        <ele>1647</ele>
        <time>2026-07-22T01:25:55.000Z</time>
        <extensions>
          <ns3:TrackPointExtension>
            <ns3:atemp>31.0</ns3:atemp>
          </ns3:TrackPointExtension>
        </extensions>
      </trkpt>
      <trkpt lat="39.76986207067966461181640625" lon="-105.0720336847007274627685546875">
        <ele>1646.800048828125</ele>
        <time>2026-07-22T01:26:00.000Z</time>
        <extensions>
          <ns3:TrackPointExtension>
            <ns3:atemp>31.0</ns3:atemp>
          </ns3:TrackPointExtension>
        </extensions>
      </trkpt>
      <trkpt lat="39.76992066018283367156982421875" lon="-105.072035528719425201416015625">
        <ele>1646.800048828125</ele>
        <time>2026-07-22T01:26:01.000Z</time>
        <extensions>
          <ns3:TrackPointExtension>
            <ns3:atemp>31.0</ns3:atemp>
          </ns3:TrackPointExtension>
        </extensions>
      </trkpt>
      <trkpt lat="39.77025761269032955169677734375" lon="-105.07205103524029254913330078125">
        <ele>1646.800048828125</ele>
        <time>2026-07-22T01:26:06.000Z</time>
        <extensions>
          <ns3:TrackPointExtension>
            <ns3:atemp>31.0</ns3:atemp>
          </ns3:TrackPointExtension>
        </extensions>
      </trkpt>
      <trkpt lat="39.77080126293003559112548828125" lon="-105.072047598659992218017578125">
        <ele>1647.4000244140625</ele>
        <time>2026-07-22T01:26:14.000Z</time>
        <extensions>
          <ns3:TrackPointExtension>
            <ns3:atemp>31.0</ns3:atemp>
          </ns3:TrackPointExtension>
        </extensions>
      </trkpt>
      <trkpt lat="39.7708663903176784515380859375" lon="-105.072048604488372802734375">
        <ele>1647.5999755859375</ele>
        <time>2026-07-22T01:26:15.000Z</time>
        <extensions>
          <ns3:TrackPointExtension>
            <ns3:atemp>31.0</ns3:atemp>
          </ns3:TrackPointExtension>
        </extensions>
      </trkpt>
      <trkpt lat="39.7711212001740932464599609375" lon="-105.07204919122159481048583984375">
        <ele>1647.5999755859375</ele>
        <time>2026-07-22T01:26:19.000Z</time>
        <extensions>
          <ns3:TrackPointExtension>
            <ns3:atemp>31.0</ns3:atemp>
          </ns3:TrackPointExtension>
        </extensions>
      </trkpt>
      <trkpt lat="39.7714635170996189117431640625" lon="-105.07205857895314693450927734375">
        <ele>1654.4000244140625</ele>
        <time>2026-07-22T01:26:24.000Z</time>
        <extensions>
          <ns3:TrackPointExtension>
            <ns3:atemp>31.0</ns3:atemp>
          </ns3:TrackPointExtension>
        </extensions>
      </trkpt>
      <trkpt lat="39.7715339250862598419189453125" lon="-105.07205924950540065765380859375">
        <ele>1647.800048828125</ele>
        <time>2026-07-22T01:26:25.000Z</time>
        <extensions>
          <ns3:TrackPointExtension>
            <ns3:atemp>31.0</ns3:atemp>
          </ns3:TrackPointExtension>
        </extensions>
      </trkpt>
      <trkpt lat="39.77210649289190769195556640625" lon="-105.07205472327768802642822265625">
        <ele>1647.800048828125</ele>
        <time>2026-07-22T01:26:33.000Z</time>
        <extensions>
          <ns3:TrackPointExtension>
            <ns3:atemp>31.0</ns3:atemp>
          </ns3:TrackPointExtension>
        </extensions>
      </trkpt>
      <trkpt lat="39.772497676312923431396484375" lon="-105.0720782764256000518798828125">
        <ele>1647</ele>
        <time>2026-07-22T01:26:39.000Z</time>
        <extensions>
          <ns3:TrackPointExtension>
            <ns3:atemp>31.0</ns3:atemp>
          </ns3:TrackPointExtension>
        </extensions>
      </trkpt>
      <trkpt lat="39.7726205550134181976318359375" lon="-105.07207115180790424346923828125">
        <ele>1647</ele>
        <time>2026-07-22T01:26:41.000Z</time>
        <extensions>
          <ns3:TrackPointExtension>
            <ns3:atemp>31.0</ns3:atemp>
          </ns3:TrackPointExtension>
        </extensions>
      </trkpt>
      <trkpt lat="39.77291199378669261932373046875" lon="-105.072063021361827850341796875">
        <ele>1646.800048828125</ele>
        <time>2026-07-22T01:26:46.000Z</time>
        <extensions>
          <ns3:TrackPointExtension>
            <ns3:atemp>31.0</ns3:atemp>
          </ns3:TrackPointExtension>
        </extensions>
      </trkpt>
      <trkpt lat="39.7729581780731678009033203125" lon="-105.0720514543354511260986328125">
        <ele>1646.5999755859375</ele>
        <time>2026-07-22T01:26:47.000Z</time>
        <extensions>
          <ns3:TrackPointExtension>
            <ns3:atemp>31.0</ns3:atemp>
          </ns3:TrackPointExtension>
        </extensions>
      </trkpt>
      <trkpt lat="39.77302062325179576873779296875" lon="-105.0719802081584930419921875">
        <ele>1646.199951171875</ele>
        <time>2026-07-22T01:26:49.000Z</time>
        <extensions>
          <ns3:TrackPointExtension>
            <ns3:atemp>31.0</ns3:atemp>
          </ns3:TrackPointExtension>
        </extensions>
      </trkpt>
      <trkpt lat="39.77303302846848964691162109375" lon="-105.07191642187535762786865234375">
        <ele>1646</ele>
        <time>2026-07-22T01:26:50.000Z</time>
        <extensions>
          <ns3:TrackPointExtension>
            <ns3:atemp>31.0</ns3:atemp>
          </ns3:TrackPointExtension>
        </extensions>
      </trkpt>
      <trkpt lat="39.77303202264010906219482421875" lon="-105.0718388892710208892822265625">
        <ele>1645.800048828125</ele>
        <time>2026-07-22T01:26:51.000Z</time>
        <extensions>
          <ns3:TrackPointExtension>
            <ns3:atemp>31.0</ns3:atemp>
          </ns3:TrackPointExtension>
        </extensions>
      </trkpt>
      <trkpt lat="39.77302229963243007659912109375" lon="-105.07157980464398860931396484375">
        <ele>1645.5999755859375</ele>
        <time>2026-07-22T01:26:54.000Z</time>
        <extensions>
          <ns3:TrackPointExtension>
            <ns3:atemp>31.0</ns3:atemp>
          </ns3:TrackPointExtension>
        </extensions>
      </trkpt>
      <trkpt lat="39.7730223834514617919921875" lon="-105.0713959895074367523193359375">
        <ele>1645.4000244140625</ele>
        <time>2026-07-22T01:26:56.000Z</time>
        <extensions>
          <ns3:TrackPointExtension>
            <ns3:atemp>31.0</ns3:atemp>
          </ns3:TrackPointExtension>
        </extensions>
      </trkpt>
      <trkpt lat="39.773030765354633331298828125" lon="-105.070972703397274017333984375">
        <ele>1645</ele>
        <time>2026-07-22T01:27:00.000Z</time>
        <extensions>
          <ns3:TrackPointExtension>
            <ns3:atemp>31.0</ns3:atemp>
          </ns3:TrackPointExtension>
        </extensions>
      </trkpt>
      <trkpt lat="39.77301609702408313751220703125" lon="-105.07035152055323123931884765625">
        <ele>1644.199951171875</ele>
        <time>2026-07-22T01:27:06.000Z</time>
        <extensions>
          <ns3:TrackPointExtension>
            <ns3:atemp>31.0</ns3:atemp>
          </ns3:TrackPointExtension>
        </extensions>
      </trkpt>
      <trkpt lat="39.7730222158133983612060546875" lon="-105.07025177590548992156982421875">
        <ele>1644</ele>
        <time>2026-07-22T01:27:07.000Z</time>
        <extensions>
          <ns3:TrackPointExtension>
            <ns3:atemp>31.0</ns3:atemp>
          </ns3:TrackPointExtension>
        </extensions>
      </trkpt>
      <trkpt lat="39.77301777340471744537353515625" lon="-105.06966076791286468505859375">
        <ele>1643.4000244140625</ele>
        <time>2026-07-22T01:27:13.000Z</time>
        <extensions>
          <ns3:TrackPointExtension>
            <ns3:atemp>31.0</ns3:atemp>
          </ns3:TrackPointExtension>
        </extensions>
      </trkpt>
      <trkpt lat="39.77301794104278087615966796875" lon="-105.0695650465786457061767578125">
        <ele>1643.199951171875</ele>
        <time>2026-07-22T01:27:14.000Z</time>
        <extensions>
          <ns3:TrackPointExtension>
            <ns3:atemp>31.0</ns3:atemp>
          </ns3:TrackPointExtension>
        </extensions>
      </trkpt>
      <trkpt lat="39.77301961742341518402099609375" lon="-105.06924997083842754364013671875">
        <ele>1642.5999755859375</ele>
        <time>2026-07-22T01:27:17.000Z</time>
        <extensions>
          <ns3:TrackPointExtension>
            <ns3:atemp>31.0</ns3:atemp>
          </ns3:TrackPointExtension>
        </extensions>
      </trkpt>
      <trkpt lat="39.7730145044624805450439453125" lon="-105.069146454334259033203125">
        <ele>1642.5999755859375</ele>
        <time>2026-07-22T01:27:18.000Z</time>
        <extensions>
          <ns3:TrackPointExtension>
            <ns3:atemp>31.0</ns3:atemp>
          </ns3:TrackPointExtension>
        </extensions>
      </trkpt>
      <trkpt lat="39.77300771512091159820556640625" lon="-105.06856131367385387420654296875">
        <ele>1642.4000244140625</ele>
        <time>2026-07-22T01:27:24.000Z</time>
        <extensions>
          <ns3:TrackPointExtension>
            <ns3:atemp>31.0</ns3:atemp>
          </ns3:TrackPointExtension>
        </extensions>
      </trkpt>
      <trkpt lat="39.77301090024411678314208984375" lon="-105.06796670146286487579345703125">
        <ele>1642.800048828125</ele>
        <time>2026-07-22T01:27:30.000Z</time>
        <extensions>
          <ns3:TrackPointExtension>
            <ns3:atemp>31.0</ns3:atemp>
          </ns3:TrackPointExtension>
        </extensions>
      </trkpt>
      <trkpt lat="39.7730067931115627288818359375" lon="-105.0673894397914409637451171875">
        <ele>1643</ele>
        <time>2026-07-22T01:27:36.000Z</time>
        <extensions>
          <ns3:TrackPointExtension>
            <ns3:atemp>31.0</ns3:atemp>
          </ns3:TrackPointExtension>
        </extensions>
      </trkpt>
      <trkpt lat="39.7729928791522979736328125" lon="-105.06684872321784496307373046875">
        <ele>1643</ele>
        <time>2026-07-22T01:27:42.000Z</time>
        <extensions>
          <ns3:TrackPointExtension>
            <ns3:atemp>31.0</ns3:atemp>
          </ns3:TrackPointExtension>
        </extensions>
      </trkpt>
      <trkpt lat="39.7730010934174060821533203125" lon="-105.06622008047997951507568359375">
        <ele>1642.800048828125</ele>
        <time>2026-07-22T01:27:49.000Z</time>
        <extensions>
          <ns3:TrackPointExtension>
            <ns3:atemp>31.0</ns3:atemp>
          </ns3:TrackPointExtension>
        </extensions>
      </trkpt>
      <trkpt lat="39.7729850001633167266845703125" lon="-105.065739043056964874267578125">
        <ele>1643.4000244140625</ele>
        <time>2026-07-22T01:27:55.000Z</time>
        <extensions>
          <ns3:TrackPointExtension>
            <ns3:atemp>31.0</ns3:atemp>
          </ns3:TrackPointExtension>
        </extensions>
      </trkpt>
      <trkpt lat="39.77300964295864105224609375" lon="-105.06538541056215763092041015625">
        <ele>1643.5999755859375</ele>
        <time>2026-07-22T01:28:00.000Z</time>
        <extensions>
          <ns3:TrackPointExtension>
            <ns3:atemp>31.0</ns3:atemp>
          </ns3:TrackPointExtension>
        </extensions>
      </trkpt>
      <trkpt lat="39.77300201542675495147705078125" lon="-105.06477177143096923828125">
        <ele>1643.4000244140625</ele>
        <time>2026-07-22T01:28:07.000Z</time>
        <extensions>
          <ns3:TrackPointExtension>
            <ns3:atemp>31.0</ns3:atemp>
          </ns3:TrackPointExtension>
        </extensions>
      </trkpt>
      <trkpt lat="39.7729977406561374664306640625" lon="-105.06406039930880069732666015625">
        <ele>1643.199951171875</ele>
        <time>2026-07-22T01:28:14.000Z</time>
        <extensions>
          <ns3:TrackPointExtension>
            <ns3:atemp>31.0</ns3:atemp>
          </ns3:TrackPointExtension>
        </extensions>
      </trkpt>
      <trkpt lat="39.77299279533326625823974609375" lon="-105.063759572803974151611328125">
        <ele>1643</ele>
        <time>2026-07-22T01:28:17.000Z</time>
        <extensions>
          <ns3:TrackPointExtension>
            <ns3:atemp>31.0</ns3:atemp>
          </ns3:TrackPointExtension>
        </extensions>
      </trkpt>
      <trkpt lat="39.77299011312425136566162109375" lon="-105.0635709799826145172119140625">
        <ele>1643</ele>
        <time>2026-07-22T01:28:19.000Z</time>
        <extensions>
          <ns3:TrackPointExtension>
            <ns3:atemp>31.0</ns3:atemp>
          </ns3:TrackPointExtension>
        </extensions>
      </trkpt>
      <trkpt lat="39.77296764962375164031982421875" lon="-105.0629829056560993194580078125">
        <ele>1642.800048828125</ele>
        <time>2026-07-22T01:28:26.000Z</time>
        <extensions>
          <ns3:TrackPointExtension>
            <ns3:atemp>31.0</ns3:atemp>
          </ns3:TrackPointExtension>
        </extensions>
      </trkpt>
      <trkpt lat="39.7729554958641529083251953125" lon="-105.06274729035794734954833984375">
        <ele>1642.800048828125</ele>
        <time>2026-07-22T01:28:31.000Z</time>
        <extensions>
          <ns3:TrackPointExtension>
            <ns3:atemp>31.0</ns3:atemp>
          </ns3:TrackPointExtension>
        </extensions>
      </trkpt>
      <trkpt lat="39.77293143980205059051513671875" lon="-105.06270705722272396087646484375">
        <ele>1642.5999755859375</ele>
        <time>2026-07-22T01:28:34.000Z</time>
        <extensions>
          <ns3:TrackPointExtension>
            <ns3:atemp>31.0</ns3:atemp>
          </ns3:TrackPointExtension>
        </extensions>
      </trkpt>
      <trkpt lat="39.77290864102542400360107421875" lon="-105.0626851804554462432861328125">
        <ele>1642.5999755859375</ele>
        <time>2026-07-22T01:28:36.000Z</time>
        <extensions>
          <ns3:TrackPointExtension>
            <ns3:atemp>31.0</ns3:atemp>
          </ns3:TrackPointExtension>
        </extensions>
      </trkpt>
      <trkpt lat="39.7728990018367767333984375" lon="-105.06266347132623195648193359375">
        <ele>1642.5999755859375</ele>
        <time>2026-07-22T01:28:37.000Z</time>
        <extensions>
          <ns3:TrackPointExtension>
            <ns3:atemp>31.0</ns3:atemp>
          </ns3:TrackPointExtension>
        </extensions>
      </trkpt>
      <trkpt lat="39.7729155980050563812255859375" lon="-105.0625503994524478912353515625">
        <ele>1642.800048828125</ele>
        <time>2026-07-22T01:28:40.000Z</time>
        <extensions>
          <ns3:TrackPointExtension>
            <ns3:atemp>31.0</ns3:atemp>
          </ns3:TrackPointExtension>
        </extensions>
      </trkpt>
      <trkpt lat="39.772925488650798797607421875" lon="-105.06249792873859405517578125">
        <ele>1642.5999755859375</ele>
        <time>2026-07-22T01:28:41.000Z</time>
        <extensions>
          <ns3:TrackPointExtension>
            <ns3:atemp>31.0</ns3:atemp>
          </ns3:TrackPointExtension>
        </extensions>
      </trkpt>
      <trkpt lat="39.77292842231690883636474609375" lon="-105.0622905604541301727294921875">
        <ele>1642.5999755859375</ele>
        <time>2026-07-22T01:28:44.000Z</time>
        <extensions>
          <ns3:TrackPointExtension>
            <ns3:atemp>31.0</ns3:atemp>
          </ns3:TrackPointExtension>
        </extensions>
      </trkpt>
      <trkpt lat="39.7729444317519664764404296875" lon="-105.06186920218169689178466796875">
        <ele>1642.199951171875</ele>
        <time>2026-07-22T01:28:49.000Z</time>
        <extensions>
          <ns3:TrackPointExtension>
            <ns3:atemp>31.0</ns3:atemp>
          </ns3:TrackPointExtension>
        </extensions>
      </trkpt>
      <trkpt lat="39.77294468320906162261962890625" lon="-105.0617792643606662750244140625">
        <ele>1642</ele>
        <time>2026-07-22T01:28:50.000Z</time>
        <extensions>
          <ns3:TrackPointExtension>
            <ns3:atemp>31.0</ns3:atemp>
          </ns3:TrackPointExtension>
        </extensions>
      </trkpt>
      <trkpt lat="39.7729565016925334930419921875" lon="-105.0613856501877307891845703125">
        <ele>1641.5999755859375</ele>
        <time>2026-07-22T01:28:54.000Z</time>
        <extensions>
          <ns3:TrackPointExtension>
            <ns3:atemp>31.0</ns3:atemp>
          </ns3:TrackPointExtension>
        </extensions>
      </trkpt>
      <trkpt lat="39.772947616875171661376953125" lon="-105.060783661901950836181640625">
        <ele>1641</ele>
        <time>2026-07-22T01:29:00.000Z</time>
        <extensions>
          <ns3:TrackPointExtension>
            <ns3:atemp>31.0</ns3:atemp>
          </ns3:TrackPointExtension>
        </extensions>
      </trkpt>
      <trkpt lat="39.7729474492371082305908203125" lon="-105.06068341434001922607421875">
        <ele>1640.800048828125</ele>
        <time>2026-07-22T01:29:01.000Z</time>
        <extensions>
          <ns3:TrackPointExtension>
            <ns3:atemp>31.0</ns3:atemp>
          </ns3:TrackPointExtension>
        </extensions>
      </trkpt>
      <trkpt lat="39.77295608259737491607666015625" lon="-105.0599825195968151092529296875">
        <ele>1640</ele>
        <time>2026-07-22T01:29:08.000Z</time>
        <extensions>
          <ns3:TrackPointExtension>
            <ns3:atemp>31.0</ns3:atemp>
          </ns3:TrackPointExtension>
        </extensions>
      </trkpt>
      <trkpt lat="39.77295759133994579315185546875" lon="-105.0598785839974880218505859375">
        <ele>1639.5999755859375</ele>
        <time>2026-07-22T01:29:09.000Z</time>
        <extensions>
          <ns3:TrackPointExtension>
            <ns3:atemp>31.0</ns3:atemp>
          </ns3:TrackPointExtension>
        </extensions>
      </trkpt>
      <trkpt lat="39.77295792661607265472412109375" lon="-105.05977548658847808837890625">
        <ele>1639.5999755859375</ele>
        <time>2026-07-22T01:29:10.000Z</time>
        <extensions>
          <ns3:TrackPointExtension>
            <ns3:atemp>31.0</ns3:atemp>
          </ns3:TrackPointExtension>
        </extensions>
      </trkpt>
      <trkpt lat="39.77295071817934513092041015625" lon="-105.05906512029469013214111328125">
        <ele>1639.199951171875</ele>
        <time>2026-07-22T01:29:17.000Z</time>
        <extensions>
          <ns3:TrackPointExtension>
            <ns3:atemp>31.0</ns3:atemp>
          </ns3:TrackPointExtension>
        </extensions>
      </trkpt>
      <trkpt lat="39.77295021526515483856201171875" lon="-105.058961100876331329345703125">
        <ele>1639.199951171875</ele>
        <time>2026-07-22T01:29:18.000Z</time>
        <extensions>
          <ns3:TrackPointExtension>
            <ns3:atemp>31.0</ns3:atemp>
          </ns3:TrackPointExtension>
        </extensions>
      </trkpt>
      <trkpt lat="39.77295256219804286956787109375" lon="-105.05875163711607456207275390625">
        <ele>1639</ele>
        <time>2026-07-22T01:29:20.000Z</time>
        <extensions>
          <ns3:TrackPointExtension>
            <ns3:atemp>31.0</ns3:atemp>
          </ns3:TrackPointExtension>
        </extensions>
      </trkpt>
      <trkpt lat="39.772958345711231231689453125" lon="-105.0583373196423053741455078125">
        <ele>1638.800048828125</ele>
        <time>2026-07-22T01:29:24.000Z</time>
        <extensions>
          <ns3:TrackPointExtension>
            <ns3:atemp>31.0</ns3:atemp>
          </ns3:TrackPointExtension>
        </extensions>
      </trkpt>
      <trkpt lat="39.772973768413066864013671875" lon="-105.05796273238956928253173828125">
        <ele>1638.5999755859375</ele>
        <time>2026-07-22T01:29:28.000Z</time>
        <extensions>
          <ns3:TrackPointExtension>
            <ns3:atemp>31.0</ns3:atemp>
          </ns3:TrackPointExtension>
        </extensions>
      </trkpt>
      <trkpt lat="39.772977121174335479736328125" lon="-105.0577737204730510711669921875">
        <ele>1638.4000244140625</ele>
        <time>2026-07-22T01:29:30.000Z</time>
        <extensions>
          <ns3:TrackPointExtension>
            <ns3:atemp>31.0</ns3:atemp>
          </ns3:TrackPointExtension>
        </extensions>
      </trkpt>
      <trkpt lat="39.77296681143343448638916015625" lon="-105.05758219398558139801025390625">
        <ele>1638.4000244140625</ele>
        <time>2026-07-22T01:29:32.000Z</time>
        <extensions>
          <ns3:TrackPointExtension>
            <ns3:atemp>31.0</ns3:atemp>
          </ns3:TrackPointExtension>
        </extensions>
      </trkpt>
      <trkpt lat="39.772958345711231231689453125" lon="-105.0571440719068050384521484375">
        <ele>1638.4000244140625</ele>
        <time>2026-07-22T01:29:37.000Z</time>
        <extensions>
          <ns3:TrackPointExtension>
            <ns3:atemp>31.0</ns3:atemp>
          </ns3:TrackPointExtension>
        </extensions>
      </trkpt>
      <trkpt lat="39.772946275770664215087890625" lon="-105.0564232282340526580810546875">
        <ele>1638.5999755859375</ele>
        <time>2026-07-22T01:29:46.000Z</time>
        <extensions>
          <ns3:TrackPointExtension>
            <ns3:atemp>31.0</ns3:atemp>
          </ns3:TrackPointExtension>
        </extensions>
      </trkpt>
      <trkpt lat="39.7729390673339366912841796875" lon="-105.05564999766647815704345703125">
        <ele>1638.800048828125</ele>
        <time>2026-07-22T01:29:55.000Z</time>
        <extensions>
          <ns3:TrackPointExtension>
            <ns3:atemp>31.0</ns3:atemp>
          </ns3:TrackPointExtension>
        </extensions>
      </trkpt>
      <trkpt lat="39.7729360498487949371337890625" lon="-105.05556064657866954803466796875">
        <ele>1638.800048828125</ele>
        <time>2026-07-22T01:29:56.000Z</time>
        <extensions>
          <ns3:TrackPointExtension>
            <ns3:atemp>31.0</ns3:atemp>
          </ns3:TrackPointExtension>
        </extensions>
      </trkpt>
      <trkpt lat="39.7729457728564739227294921875" lon="-105.0548703968524932861328125">
        <ele>1638.4000244140625</ele>
        <time>2026-07-22T01:30:04.000Z</time>
        <extensions>
          <ns3:TrackPointExtension>
            <ns3:atemp>31.0</ns3:atemp>
          </ns3:TrackPointExtension>
        </extensions>
      </trkpt>
      <trkpt lat="39.77294753305613994598388671875" lon="-105.054187439382076263427734375">
        <ele>1638.4000244140625</ele>
        <time>2026-07-22T01:30:12.000Z</time>
        <extensions>
          <ns3:TrackPointExtension>
            <ns3:atemp>31.0</ns3:atemp>
          </ns3:TrackPointExtension>
        </extensions>
      </trkpt>
      <trkpt lat="39.7729494608938694000244140625" lon="-105.0540246628224849700927734375">
        <ele>1638.4000244140625</ele>
        <time>2026-07-22T01:30:14.000Z</time>
        <extensions>
          <ns3:TrackPointExtension>
            <ns3:atemp>31.0</ns3:atemp>
          </ns3:TrackPointExtension>
        </extensions>
      </trkpt>
      <trkpt lat="39.77294795215129852294921875" lon="-105.05358821712434291839599609375">
        <ele>1638.199951171875</ele>
        <time>2026-07-22T01:30:20.000Z</time>
        <extensions>
          <ns3:TrackPointExtension>
            <ns3:atemp>31.0</ns3:atemp>
          </ns3:TrackPointExtension>
        </extensions>
      </trkpt>
      <trkpt lat="39.7729404084384441375732421875" lon="-105.05342091433703899383544921875">
        <ele>1638.199951171875</ele>
        <time>2026-07-22T01:30:24.000Z</time>
        <extensions>
          <ns3:TrackPointExtension>
            <ns3:atemp>31.0</ns3:atemp>
          </ns3:TrackPointExtension>
        </extensions>
      </trkpt>
      <trkpt lat="39.77294166572391986846923828125" lon="-105.05338956601917743682861328125">
        <ele>1638.199951171875</ele>
        <time>2026-07-22T01:30:26.000Z</time>
        <extensions>
          <ns3:TrackPointExtension>
            <ns3:atemp>31.0</ns3:atemp>
          </ns3:TrackPointExtension>
        </extensions>
      </trkpt>
      <trkpt lat="39.77294401265680789947509765625" lon="-105.05338688381016254425048828125">
        <ele>1638.199951171875</ele>
        <time>2026-07-22T01:30:28.000Z</time>
        <extensions>
          <ns3:TrackPointExtension>
            <ns3:atemp>31.0</ns3:atemp>
          </ns3:TrackPointExtension>
        </extensions>
      </trkpt>
      <trkpt lat="39.772930853068828582763671875" lon="-105.05337095819413661956787109375">
        <ele>1638.4000244140625</ele>
        <time>2026-07-22T01:30:36.000Z</time>
        <extensions>
          <ns3:TrackPointExtension>
            <ns3:atemp>31.0</ns3:atemp>
          </ns3:TrackPointExtension>
        </extensions>
      </trkpt>
      <trkpt lat="39.77292590774595737457275390625" lon="-105.0532337464392185211181640625">
        <ele>1638.199951171875</ele>
        <time>2026-07-22T01:30:41.000Z</time>
        <extensions>
          <ns3:TrackPointExtension>
            <ns3:atemp>31.0</ns3:atemp>
          </ns3:TrackPointExtension>
        </extensions>
      </trkpt>
      <trkpt lat="39.772936888039112091064453125" lon="-105.05302478559315204620361328125">
        <ele>1638</ele>
        <time>2026-07-22T01:30:45.000Z</time>
        <extensions>
          <ns3:TrackPointExtension>
            <ns3:atemp>31.0</ns3:atemp>
          </ns3:TrackPointExtension>
        </extensions>
      </trkpt>
      <trkpt lat="39.772935211658477783203125" lon="-105.052958987653255462646484375">
        <ele>1638</ele>
        <time>2026-07-22T01:30:46.000Z</time>
        <extensions>
          <ns3:TrackPointExtension>
            <ns3:atemp>31.0</ns3:atemp>
          </ns3:TrackPointExtension>
        </extensions>
      </trkpt>
      <trkpt lat="39.7729370556771755218505859375" lon="-105.0528927706182003021240234375">
        <ele>1637.800048828125</ele>
        <time>2026-07-22T01:30:47.000Z</time>
        <extensions>
          <ns3:TrackPointExtension>
            <ns3:atemp>31.0</ns3:atemp>
          </ns3:TrackPointExtension>
        </extensions>
      </trkpt>
      <trkpt lat="39.77295063436031341552734375" lon="-105.05257819779217243194580078125">
        <ele>1637.5999755859375</ele>
        <time>2026-07-22T01:30:51.000Z</time>
        <extensions>
          <ns3:TrackPointExtension>
            <ns3:atemp>31.0</ns3:atemp>
          </ns3:TrackPointExtension>
        </extensions>
      </trkpt>
      <trkpt lat="39.7729504667222499847412109375" lon="-105.05211534909904003143310546875">
        <ele>1637.5999755859375</ele>
        <time>2026-07-22T01:30:56.000Z</time>
        <extensions>
          <ns3:TrackPointExtension>
            <ns3:atemp>31.0</ns3:atemp>
          </ns3:TrackPointExtension>
        </extensions>
      </trkpt>
      <trkpt lat="39.7729440964758396148681640625" lon="-105.05143138580024242401123046875">
        <ele>1637.5999755859375</ele>
        <time>2026-07-22T01:31:03.000Z</time>
        <extensions>
          <ns3:TrackPointExtension>
            <ns3:atemp>31.0</ns3:atemp>
          </ns3:TrackPointExtension>
        </extensions>
      </trkpt>
      <trkpt lat="39.7729487903416156768798828125" lon="-105.05072546191513538360595703125">
        <ele>1637.5999755859375</ele>
        <time>2026-07-22T01:31:10.000Z</time>
        <extensions>
          <ns3:TrackPointExtension>
            <ns3:atemp>31.0</ns3:atemp>
          </ns3:TrackPointExtension>
        </extensions>
      </trkpt>
      <trkpt lat="39.77294619195163249969482421875" lon="-105.05062580108642578125">
        <ele>1637.4000244140625</ele>
        <time>2026-07-22T01:31:11.000Z</time>
        <extensions>
          <ns3:TrackPointExtension>
            <ns3:atemp>31.0</ns3:atemp>
          </ns3:TrackPointExtension>
        </extensions>
      </trkpt>
      <trkpt lat="39.77295423857867717742919921875" lon="-105.0500479526817798614501953125">
        <ele>1637.4000244140625</ele>
        <time>2026-07-22T01:31:17.000Z</time>
        <extensions>
          <ns3:TrackPointExtension>
            <ns3:atemp>31.0</ns3:atemp>
          </ns3:TrackPointExtension>
        </extensions>
      </trkpt>
      <trkpt lat="39.77295222692191600799560546875" lon="-105.049374885857105255126953125">
        <ele>1637.4000244140625</ele>
        <time>2026-07-22T01:31:24.000Z</time>
        <extensions>
          <ns3:TrackPointExtension>
            <ns3:atemp>31.0</ns3:atemp>
          </ns3:TrackPointExtension>
        </extensions>
      </trkpt>
      <trkpt lat="39.77295189164578914642333984375" lon="-105.0487576425075531005859375">
        <ele>1638</ele>
        <time>2026-07-22T01:31:30.000Z</time>
        <extensions>
          <ns3:TrackPointExtension>
            <ns3:atemp>31.0</ns3:atemp>
          </ns3:TrackPointExtension>
        </extensions>
      </trkpt>
      <trkpt lat="39.77295541204512119293212890625" lon="-105.048031099140644073486328125">
        <ele>1638.199951171875</ele>
        <time>2026-07-22T01:31:37.000Z</time>
        <extensions>
          <ns3:TrackPointExtension>
            <ns3:atemp>31.0</ns3:atemp>
          </ns3:TrackPointExtension>
        </extensions>
      </trkpt>
      <trkpt lat="39.772957675158977508544921875" lon="-105.04732869565486907958984375">
        <ele>1638.4000244140625</ele>
        <time>2026-07-22T01:31:44.000Z</time>
        <extensions>
          <ns3:TrackPointExtension>
            <ns3:atemp>31.0</ns3:atemp>
          </ns3:TrackPointExtension>
        </extensions>
      </trkpt>
      <trkpt lat="39.77295474149286746978759765625" lon="-105.04713817499577999114990234375">
        <ele>1638.4000244140625</ele>
        <time>2026-07-22T01:31:46.000Z</time>
        <extensions>
          <ns3:TrackPointExtension>
            <ns3:atemp>31.0</ns3:atemp>
          </ns3:TrackPointExtension>
        </extensions>
      </trkpt>
      <trkpt lat="39.7729454375803470611572265625" lon="-105.04651204682886600494384765625">
        <ele>1638.800048828125</ele>
        <time>2026-07-22T01:31:53.000Z</time>
        <extensions>
          <ns3:TrackPointExtension>
            <ns3:atemp>31.0</ns3:atemp>
          </ns3:TrackPointExtension>
        </extensions>
      </trkpt>
      <trkpt lat="39.77294468320906162261962890625" lon="-105.0464387051761150360107421875">
        <ele>1638.800048828125</ele>
        <time>2026-07-22T01:31:54.000Z</time>
        <extensions>
          <ns3:TrackPointExtension>
            <ns3:atemp>31.0</ns3:atemp>
          </ns3:TrackPointExtension>
        </extensions>
      </trkpt>
      <trkpt lat="39.77294635958969593048095703125" lon="-105.0462377071380615234375">
        <ele>1638.800048828125</ele>
        <time>2026-07-22T01:31:57.000Z</time>
        <extensions>
          <ns3:TrackPointExtension>
            <ns3:atemp>31.0</ns3:atemp>
          </ns3:TrackPointExtension>
        </extensions>
      </trkpt>
      <trkpt lat="39.772946946322917938232421875" lon="-105.04616327583789825439453125">
        <ele>1639</ele>
        <time>2026-07-22T01:31:58.000Z</time>
        <extensions>
          <ns3:TrackPointExtension>
            <ns3:atemp>31.0</ns3:atemp>
          </ns3:TrackPointExtension>
        </extensions>
      </trkpt>
      <trkpt lat="39.77295423857867717742919921875" lon="-105.04567419178783893585205078125">
        <ele>1639.4000244140625</ele>
        <time>2026-07-22T01:32:04.000Z</time>
        <extensions>
          <ns3:TrackPointExtension>
            <ns3:atemp>31.0</ns3:atemp>
          </ns3:TrackPointExtension>
        </extensions>
      </trkpt>
      <trkpt lat="39.7729528136551380157470703125" lon="-105.04496240057051181793212890625">
        <ele>1639.5999755859375</ele>
        <time>2026-07-22T01:32:12.000Z</time>
        <extensions>
          <ns3:TrackPointExtension>
            <ns3:atemp>31.0</ns3:atemp>
          </ns3:TrackPointExtension>
        </extensions>
      </trkpt>
      <trkpt lat="39.772959016263484954833984375" lon="-105.0442812032997608184814453125">
        <ele>1640</ele>
        <time>2026-07-22T01:32:20.000Z</time>
        <extensions>
          <ns3:TrackPointExtension>
            <ns3:atemp>31.0</ns3:atemp>
          </ns3:TrackPointExtension>
        </extensions>
      </trkpt>
      <trkpt lat="39.772912077605724334716796875" lon="-105.04407693631947040557861328125">
        <ele>1640</ele>
        <time>2026-07-22T01:32:24.000Z</time>
        <extensions>
          <ns3:TrackPointExtension>
            <ns3:atemp>31.0</ns3:atemp>
          </ns3:TrackPointExtension>
        </extensions>
      </trkpt>
      <trkpt lat="39.77283052168786525726318359375" lon="-105.04402463324368000030517578125">
        <ele>1640</ele>
        <time>2026-07-22T01:32:26.000Z</time>
        <extensions>
          <ns3:TrackPointExtension>
            <ns3:atemp>31.0</ns3:atemp>
          </ns3:TrackPointExtension>
        </extensions>
      </trkpt>
      <trkpt lat="39.77278031408786773681640625" lon="-105.04400887526571750640869140625">
        <ele>1640</ele>
        <time>2026-07-22T01:32:27.000Z</time>
        <extensions>
          <ns3:TrackPointExtension>
            <ns3:atemp>31.0</ns3:atemp>
          </ns3:TrackPointExtension>
        </extensions>
      </trkpt>
      <trkpt lat="39.77272801101207733154296875" lon="-105.04399605095386505126953125">
        <ele>1640</ele>
        <time>2026-07-22T01:32:28.000Z</time>
        <extensions>
          <ns3:TrackPointExtension>
            <ns3:atemp>31.0</ns3:atemp>
          </ns3:TrackPointExtension>
        </extensions>
      </trkpt>
      <trkpt lat="39.772682078182697296142578125" lon="-105.043991692364215850830078125">
        <ele>1640</ele>
        <time>2026-07-22T01:32:29.000Z</time>
        <extensions>
          <ns3:TrackPointExtension>
            <ns3:atemp>31.0</ns3:atemp>
          </ns3:TrackPointExtension>
        </extensions>
      </trkpt>
      <trkpt lat="39.7725280188024044036865234375" lon="-105.04399814642965793609619140625">
        <ele>1640.199951171875</ele>
        <time>2026-07-22T01:32:33.000Z</time>
        <extensions>
          <ns3:TrackPointExtension>
            <ns3:atemp>31.0</ns3:atemp>
          </ns3:TrackPointExtension>
        </extensions>
      </trkpt>
      <trkpt lat="39.77217354811728000640869140625" lon="-105.04401692189276218414306640625">
        <ele>1640.5999755859375</ele>
        <time>2026-07-22T01:32:41.000Z</time>
        <extensions>
          <ns3:TrackPointExtension>
            <ns3:atemp>31.0</ns3:atemp>
          </ns3:TrackPointExtension>
        </extensions>
      </trkpt>
      <trkpt lat="39.77210573852062225341796875" lon="-105.044011138379573822021484375">
        <ele>1640.5999755859375</ele>
        <time>2026-07-22T01:32:44.000Z</time>
        <extensions>
          <ns3:TrackPointExtension>
            <ns3:atemp>31.0</ns3:atemp>
          </ns3:TrackPointExtension>
        </extensions>
      </trkpt>
      <trkpt lat="39.7719553671777248382568359375" lon="-105.04402681253850460052490234375">
        <ele>1640.800048828125</ele>
        <time>2026-07-22T01:32:49.000Z</time>
        <extensions>
          <ns3:TrackPointExtension>
            <ns3:atemp>31.0</ns3:atemp>
          </ns3:TrackPointExtension>
        </extensions>
      </trkpt>
      <trkpt lat="39.77172712795436382293701171875" lon="-105.0440354458987712860107421875">
        <ele>1640.800048828125</ele>
        <time>2026-07-22T01:32:54.000Z</time>
        <extensions>
          <ns3:TrackPointExtension>
            <ns3:atemp>31.0</ns3:atemp>
          </ns3:TrackPointExtension>
        </extensions>
      </trkpt>
      <trkpt lat="39.771465025842189788818359375" lon="-105.04403100349009037017822265625">
        <ele>1640.800048828125</ele>
        <time>2026-07-22T01:32:58.000Z</time>
        <extensions>
          <ns3:TrackPointExtension>
            <ns3:atemp>31.0</ns3:atemp>
          </ns3:TrackPointExtension>
        </extensions>
      </trkpt>
      <trkpt lat="39.77132563479244709014892578125" lon="-105.044030249118804931640625">
        <ele>1641</ele>
        <time>2026-07-22T01:33:00.000Z</time>
        <extensions>
          <ns3:TrackPointExtension>
            <ns3:atemp>31.0</ns3:atemp>
          </ns3:TrackPointExtension>
        </extensions>
      </trkpt>
      <trkpt lat="39.7712574899196624755859375" lon="-105.044041983783245086669921875">
        <ele>1641</ele>
        <time>2026-07-22T01:33:01.000Z</time>
        <extensions>
          <ns3:TrackPointExtension>
            <ns3:atemp>31.0</ns3:atemp>
          </ns3:TrackPointExtension>
        </extensions>
      </trkpt>
      <trkpt lat="39.771122038364410400390625" lon="-105.0440572388470172882080078125">
        <ele>1641.199951171875</ele>
        <time>2026-07-22T01:33:03.000Z</time>
        <extensions>
          <ns3:TrackPointExtension>
            <ns3:atemp>31.0</ns3:atemp>
          </ns3:TrackPointExtension>
        </extensions>
      </trkpt>
      <trkpt lat="39.77085440419614315032958984375" lon="-105.04406553693115711212158203125">
        <ele>1641.5999755859375</ele>
        <time>2026-07-22T01:33:07.000Z</time>
        <extensions>
          <ns3:TrackPointExtension>
            <ns3:atemp>31.0</ns3:atemp>
          </ns3:TrackPointExtension>
        </extensions>
      </trkpt>
      <trkpt lat="39.77078433148562908172607421875" lon="-105.04407140426337718963623046875">
        <ele>1641.5999755859375</ele>
        <time>2026-07-22T01:33:08.000Z</time>
        <extensions>
          <ns3:TrackPointExtension>
            <ns3:atemp>31.0</ns3:atemp>
          </ns3:TrackPointExtension>
        </extensions>
      </trkpt>
      <trkpt lat="39.7703845985233783721923828125" lon="-105.0440706498920917510986328125">
        <ele>1642</ele>
        <time>2026-07-22T01:33:14.000Z</time>
        <extensions>
          <ns3:TrackPointExtension>
            <ns3:atemp>31.0</ns3:atemp>
          </ns3:TrackPointExtension>
        </extensions>
      </trkpt>
      <trkpt lat="39.7703121788799762725830078125" lon="-105.04407643340528011322021484375">
        <ele>1642</ele>
        <time>2026-07-22T01:33:15.000Z</time>
        <extensions>
          <ns3:TrackPointExtension>
            <ns3:atemp>31.0</ns3:atemp>
          </ns3:TrackPointExtension>
        </extensions>
      </trkpt>
      <trkpt lat="39.77024554274976253509521484375" lon="-105.0440897606313228607177734375">
        <ele>1642.4000244140625</ele>
        <time>2026-07-22T01:33:16.000Z</time>
        <extensions>
          <ns3:TrackPointExtension>
            <ns3:atemp>31.0</ns3:atemp>
          </ns3:TrackPointExtension>
        </extensions>
      </trkpt>
      <trkpt lat="39.77004957385361194610595703125" lon="-105.0441008247435092926025390625">
        <ele>1642.800048828125</ele>
        <time>2026-07-22T01:33:19.000Z</time>
        <extensions>
          <ns3:TrackPointExtension>
            <ns3:atemp>31.0</ns3:atemp>
          </ns3:TrackPointExtension>
        </extensions>
      </trkpt>
      <trkpt lat="39.76986282505095005035400390625" lon="-105.04408649168908596038818359375">
        <ele>1643.4000244140625</ele>
        <time>2026-07-22T01:33:22.000Z</time>
        <extensions>
          <ns3:TrackPointExtension>
            <ns3:atemp>31.0</ns3:atemp>
          </ns3:TrackPointExtension>
        </extensions>
      </trkpt>
      <trkpt lat="39.7696885652840137481689453125" lon="-105.04408481530845165252685546875">
        <ele>1644</ele>
        <time>2026-07-22T01:33:25.000Z</time>
        <extensions>
          <ns3:TrackPointExtension>
            <ns3:atemp>31.0</ns3:atemp>
          </ns3:TrackPointExtension>
        </extensions>
      </trkpt>
      <trkpt lat="39.76962469518184661865234375" lon="-105.0440763495862483978271484375">
        <ele>1644</ele>
        <time>2026-07-22T01:33:26.000Z</time>
        <extensions>
          <ns3:TrackPointExtension>
            <ns3:atemp>31.0</ns3:atemp>
          </ns3:TrackPointExtension>
        </extensions>
      </trkpt>
      <trkpt lat="39.76956568658351898193359375" lon="-105.04407115280628204345703125">
        <ele>1644.199951171875</ele>
        <time>2026-07-22T01:33:27.000Z</time>
        <extensions>
          <ns3:TrackPointExtension>
            <ns3:atemp>31.0</ns3:atemp>
          </ns3:TrackPointExtension>
        </extensions>
      </trkpt>
      <trkpt lat="39.769515059888362884521484375" lon="-105.04408297128975391387939453125">
        <ele>1644.4000244140625</ele>
        <time>2026-07-22T01:33:28.000Z</time>
        <extensions>
          <ns3:TrackPointExtension>
            <ns3:atemp>31.0</ns3:atemp>
          </ns3:TrackPointExtension>
        </extensions>
      </trkpt>
      <trkpt lat="39.76948698051273822784423828125" lon="-105.04408967681229114532470703125">
        <ele>1644.5999755859375</ele>
        <time>2026-07-22T01:33:29.000Z</time>
        <extensions>
          <ns3:TrackPointExtension>
            <ns3:atemp>31.0</ns3:atemp>
          </ns3:TrackPointExtension>
        </extensions>
      </trkpt>
      <trkpt lat="39.76948346011340618133544921875" lon="-105.04408992826938629150390625">
        <ele>1645</ele>
        <time>2026-07-22T01:33:32.000Z</time>
        <extensions>
          <ns3:TrackPointExtension>
            <ns3:atemp>31.0</ns3:atemp>
          </ns3:TrackPointExtension>
        </extensions>
      </trkpt>
      <trkpt lat="39.76948346011340618133544921875" lon="-105.04408992826938629150390625">
        <ele>1645.199951171875</ele>
        <time>2026-07-22T01:33:34.000Z</time>
        <extensions>
          <ns3:TrackPointExtension>
            <ns3:atemp>31.0</ns3:atemp>
          </ns3:TrackPointExtension>
        </extensions>
      </trkpt>
      <trkpt lat="39.76948346011340618133544921875" lon="-105.04408992826938629150390625">
        <ele>1645.5999755859375</ele>
        <time>2026-07-22T01:33:42.000Z</time>
        <extensions>
          <ns3:TrackPointExtension>
            <ns3:atemp>31.0</ns3:atemp>
          </ns3:TrackPointExtension>
        </extensions>
      </trkpt>
      <trkpt lat="39.769421853125095367431640625" lon="-105.0440968014299869537353515625">
        <ele>1646</ele>
        <time>2026-07-22T01:34:07.000Z</time>
        <extensions>
          <ns3:TrackPointExtension>
            <ns3:atemp>31.0</ns3:atemp>
          </ns3:TrackPointExtension>
        </extensions>
      </trkpt>
      <trkpt lat="39.76931263692677021026611328125" lon="-105.0440807081758975982666015625">
        <ele>1645.800048828125</ele>
        <time>2026-07-22T01:34:10.000Z</time>
        <extensions>
          <ns3:TrackPointExtension>
            <ns3:atemp>31.0</ns3:atemp>
          </ns3:TrackPointExtension>
        </extensions>
      </trkpt>
      <trkpt lat="39.76921993307769298553466796875" lon="-105.04407810978591442108154296875">
        <ele>1645.800048828125</ele>
        <time>2026-07-22T01:34:12.000Z</time>
        <extensions>
          <ns3:TrackPointExtension>
            <ns3:atemp>31.0</ns3:atemp>
          </ns3:TrackPointExtension>
        </extensions>
      </trkpt>
      <trkpt lat="39.76894852705299854278564453125" lon="-105.0440941192209720611572265625">
        <ele>1646.199951171875</ele>
        <time>2026-07-22T01:34:17.000Z</time>
        <extensions>
          <ns3:TrackPointExtension>
            <ns3:atemp>31.0</ns3:atemp>
          </ns3:TrackPointExtension>
        </extensions>
      </trkpt>
      <trkpt lat="39.76889303885400295257568359375" lon="-105.04409705288708209991455078125">
        <ele>1646.4000244140625</ele>
        <time>2026-07-22T01:34:18.000Z</time>
        <extensions>
          <ns3:TrackPointExtension>
            <ns3:atemp>31.0</ns3:atemp>
          </ns3:TrackPointExtension>
        </extensions>
      </trkpt>
      <trkpt lat="39.76848031394183635711669921875" lon="-105.04410199820995330810546875">
        <ele>1646.800048828125</ele>
        <time>2026-07-22T01:34:25.000Z</time>
        <extensions>
          <ns3:TrackPointExtension>
            <ns3:atemp>31.0</ns3:atemp>
          </ns3:TrackPointExtension>
        </extensions>
      </trkpt>
      <trkpt lat="39.76812609471380710601806640625" lon="-105.0441021658480167388916015625">
        <ele>1647.199951171875</ele>
        <time>2026-07-22T01:34:31.000Z</time>
        <extensions>
          <ns3:TrackPointExtension>
            <ns3:atemp>31.0</ns3:atemp>
          </ns3:TrackPointExtension>
        </extensions>
      </trkpt>
      <trkpt lat="39.76795594207942485809326171875" lon="-105.0440954603254795074462890625">
        <ele>1647.5999755859375</ele>
        <time>2026-07-22T01:34:34.000Z</time>
        <extensions>
          <ns3:TrackPointExtension>
            <ns3:atemp>31.0</ns3:atemp>
          </ns3:TrackPointExtension>
        </extensions>
      </trkpt>
      <trkpt lat="39.7675206698477268218994140625" lon="-105.04407609812915325164794921875">
        <ele>1647.800048828125</ele>
        <time>2026-07-22T01:34:42.000Z</time>
        <extensions>
          <ns3:TrackPointExtension>
            <ns3:atemp>31.0</ns3:atemp>
          </ns3:TrackPointExtension>
        </extensions>
      </trkpt>
      <trkpt lat="39.7674100287258625030517578125" lon="-105.044082887470722198486328125">
        <ele>1648.4000244140625</ele>
        <time>2026-07-22T01:34:44.000Z</time>
        <extensions>
          <ns3:TrackPointExtension>
            <ns3:atemp>31.0</ns3:atemp>
          </ns3:TrackPointExtension>
        </extensions>
      </trkpt>
      <trkpt lat="39.7670311667025089263916015625" lon="-105.044082887470722198486328125">
        <ele>1649</ele>
        <time>2026-07-22T01:34:51.000Z</time>
        <extensions>
          <ns3:TrackPointExtension>
            <ns3:atemp>31.0</ns3:atemp>
          </ns3:TrackPointExtension>
        </extensions>
      </trkpt>
      <trkpt lat="39.76664610207080841064453125" lon="-105.04406754858791828155517578125">
        <ele>1648.800048828125</ele>
        <time>2026-07-22T01:34:57.000Z</time>
        <extensions>
          <ns3:TrackPointExtension>
            <ns3:atemp>31.0</ns3:atemp>
          </ns3:TrackPointExtension>
        </extensions>
      </trkpt>
      <trkpt lat="39.7661819122731685638427734375" lon="-105.0440679676830768585205078125">
        <ele>1649</ele>
        <time>2026-07-22T01:35:04.000Z</time>
        <extensions>
          <ns3:TrackPointExtension>
            <ns3:atemp>31.0</ns3:atemp>
          </ns3:TrackPointExtension>
        </extensions>
      </trkpt>
      <trkpt lat="39.7658751346170902252197265625" lon="-105.044071488082408905029296875">
        <ele>1649.4000244140625</ele>
        <time>2026-07-22T01:35:09.000Z</time>
        <extensions>
          <ns3:TrackPointExtension>
            <ns3:atemp>31.0</ns3:atemp>
          </ns3:TrackPointExtension>
        </extensions>
      </trkpt>
      <trkpt lat="39.76582040078938007354736328125" lon="-105.04407643340528011322021484375">
        <ele>1649.4000244140625</ele>
        <time>2026-07-22T01:35:10.000Z</time>
        <extensions>
          <ns3:TrackPointExtension>
            <ns3:atemp>31.0</ns3:atemp>
          </ns3:TrackPointExtension>
        </extensions>
      </trkpt>
      <trkpt lat="39.76576759479939937591552734375" lon="-105.04408045671880245208740234375">
        <ele>1649.4000244140625</ele>
        <time>2026-07-22T01:35:11.000Z</time>
        <extensions>
          <ns3:TrackPointExtension>
            <ns3:atemp>31.0</ns3:atemp>
          </ns3:TrackPointExtension>
        </extensions>
      </trkpt>
      <trkpt lat="39.76571529172360897064208984375" lon="-105.04407861270010471343994140625">
        <ele>1649.5999755859375</ele>
        <time>2026-07-22T01:35:12.000Z</time>
        <extensions>
          <ns3:TrackPointExtension>
            <ns3:atemp>31.0</ns3:atemp>
          </ns3:TrackPointExtension>
        </extensions>
      </trkpt>
      <trkpt lat="39.76543852128088474273681640625" lon="-105.04406771622598171234130859375">
        <ele>1649.800048828125</ele>
        <time>2026-07-22T01:35:17.000Z</time>
        <extensions>
          <ns3:TrackPointExtension>
            <ns3:atemp>31.0</ns3:atemp>
          </ns3:TrackPointExtension>
        </extensions>
      </trkpt>
      <trkpt lat="39.7650721482932567596435546875" lon="-105.04406352527439594268798828125">
        <ele>1650.5999755859375</ele>
        <time>2026-07-22T01:35:23.000Z</time>
        <extensions>
          <ns3:TrackPointExtension>
            <ns3:atemp>31.0</ns3:atemp>
          </ns3:TrackPointExtension>
        </extensions>
      </trkpt>
      <trkpt lat="39.765011966228485107421875" lon="-105.04406151361763477325439453125">
        <ele>1650.5999755859375</ele>
        <time>2026-07-22T01:35:24.000Z</time>
        <extensions>
          <ns3:TrackPointExtension>
            <ns3:atemp>31.0</ns3:atemp>
          </ns3:TrackPointExtension>
        </extensions>
      </trkpt>
      <trkpt lat="39.7646540589630603790283203125" lon="-105.04406989552080631256103515625">
        <ele>1651.5999755859375</ele>
        <time>2026-07-22T01:35:30.000Z</time>
        <extensions>
          <ns3:TrackPointExtension>
            <ns3:atemp>31.0</ns3:atemp>
          </ns3:TrackPointExtension>
        </extensions>
      </trkpt>
      <trkpt lat="39.7645323537290096282958984375" lon="-105.044073164463043212890625">
        <ele>1652.199951171875</ele>
        <time>2026-07-22T01:35:32.000Z</time>
        <extensions>
          <ns3:TrackPointExtension>
            <ns3:atemp>31.0</ns3:atemp>
          </ns3:TrackPointExtension>
        </extensions>
      </trkpt>
      <trkpt lat="39.763955511152744293212890625" lon="-105.044073164463043212890625">
        <ele>1652.199951171875</ele>
        <time>2026-07-22T01:35:41.000Z</time>
        <extensions>
          <ns3:TrackPointExtension>
            <ns3:atemp>31.0</ns3:atemp>
          </ns3:TrackPointExtension>
        </extensions>
      </trkpt>
      <trkpt lat="39.76389239542186260223388671875" lon="-105.0440726615488529205322265625">
        <ele>1652.199951171875</ele>
        <time>2026-07-22T01:35:42.000Z</time>
        <extensions>
          <ns3:TrackPointExtension>
            <ns3:atemp>31.0</ns3:atemp>
          </ns3:TrackPointExtension>
        </extensions>
      </trkpt>
      <trkpt lat="39.76344614289700984954833984375" lon="-105.04407710395753383636474609375">
        <ele>1652</ele>
        <time>2026-07-22T01:35:49.000Z</time>
        <extensions>
          <ns3:TrackPointExtension>
            <ns3:atemp>31.0</ns3:atemp>
          </ns3:TrackPointExtension>
        </extensions>
      </trkpt>
      <trkpt lat="39.76301698945462703704833984375" lon="-105.0440743379294872283935546875">
        <ele>1652.5999755859375</ele>
        <time>2026-07-22T01:35:56.000Z</time>
        <extensions>
          <ns3:TrackPointExtension>
            <ns3:atemp>31.0</ns3:atemp>
          </ns3:TrackPointExtension>
        </extensions>
      </trkpt>
      <trkpt lat="39.762942977249622344970703125" lon="-105.04406922496855258941650390625">
        <ele>1652.800048828125</ele>
        <time>2026-07-22T01:35:57.000Z</time>
        <extensions>
          <ns3:TrackPointExtension>
            <ns3:atemp>31.0</ns3:atemp>
          </ns3:TrackPointExtension>
        </extensions>
      </trkpt>
      <trkpt lat="39.76261314935982227325439453125" lon="-105.0440704822540283203125">
        <ele>1653.5999755859375</ele>
        <time>2026-07-22T01:36:02.000Z</time>
        <extensions>
          <ns3:TrackPointExtension>
            <ns3:atemp>31.0</ns3:atemp>
          </ns3:TrackPointExtension>
        </extensions>
      </trkpt>
      <trkpt lat="39.762435369193553924560546875" lon="-105.04407861270010471343994140625">
        <ele>1654</ele>
        <time>2026-07-22T01:36:05.000Z</time>
        <extensions>
          <ns3:TrackPointExtension>
            <ns3:atemp>31.0</ns3:atemp>
          </ns3:TrackPointExtension>
        </extensions>
      </trkpt>
      <trkpt lat="39.76211585104465484619140625" lon="-105.04407442174851894378662109375">
        <ele>1654.4000244140625</ele>
        <time>2026-07-22T01:36:11.000Z</time>
        <extensions>
          <ns3:TrackPointExtension>
            <ns3:atemp>31.0</ns3:atemp>
          </ns3:TrackPointExtension>
        </extensions>
      </trkpt>
      <trkpt lat="39.7620650567114353179931640625" lon="-105.04407308064401149749755859375">
        <ele>1654.5999755859375</ele>
        <time>2026-07-22T01:36:12.000Z</time>
        <extensions>
          <ns3:TrackPointExtension>
            <ns3:atemp>31.0</ns3:atemp>
          </ns3:TrackPointExtension>
        </extensions>
      </trkpt>
      <trkpt lat="39.761854000389575958251953125" lon="-105.04406671039760112762451171875">
        <ele>1655.199951171875</ele>
        <time>2026-07-22T01:36:16.000Z</time>
        <extensions>
          <ns3:TrackPointExtension>
            <ns3:atemp>31.0</ns3:atemp>
          </ns3:TrackPointExtension>
        </extensions>
      </trkpt>
      <trkpt lat="39.76178736425936222076416015625" lon="-105.04406268708407878875732421875">
        <ele>1655.199951171875</ele>
        <time>2026-07-22T01:36:17.000Z</time>
        <extensions>
          <ns3:TrackPointExtension>
            <ns3:atemp>31.0</ns3:atemp>
          </ns3:TrackPointExtension>
        </extensions>
      </trkpt>
      <trkpt lat="39.7615520842373371124267578125" lon="-105.04406972788274288177490234375">
        <ele>1654.800048828125</ele>
        <time>2026-07-22T01:36:20.000Z</time>
        <extensions>
          <ns3:TrackPointExtension>
            <ns3:atemp>31.0</ns3:atemp>
          </ns3:TrackPointExtension>
        </extensions>
      </trkpt>
      <trkpt lat="39.761071465909481048583984375" lon="-105.04406444728374481201171875">
        <ele>1653</ele>
        <time>2026-07-22T01:36:25.000Z</time>
        <extensions>
          <ns3:TrackPointExtension>
            <ns3:atemp>31.0</ns3:atemp>
          </ns3:TrackPointExtension>
        </extensions>
      </trkpt>
      <trkpt lat="39.760972894728183746337890625" lon="-105.044067464768886566162109375">
        <ele>1652.5999755859375</ele>
        <time>2026-07-22T01:36:26.000Z</time>
        <extensions>
          <ns3:TrackPointExtension>
            <ns3:atemp>31.0</ns3:atemp>
          </ns3:TrackPointExtension>
        </extensions>
      </trkpt>
      <trkpt lat="39.7608692944049835205078125" lon="-105.0440626032650470733642578125">
        <ele>1651.800048828125</ele>
        <time>2026-07-22T01:36:27.000Z</time>
        <extensions>
          <ns3:TrackPointExtension>
            <ns3:atemp>31.0</ns3:atemp>
          </ns3:TrackPointExtension>
        </extensions>
      </trkpt>
      <trkpt lat="39.76066368632018566131591796875" lon="-105.04406453110277652740478515625">
        <ele>1650.800048828125</ele>
        <time>2026-07-22T01:36:29.000Z</time>
        <extensions>
          <ns3:TrackPointExtension>
            <ns3:atemp>31.0</ns3:atemp>
          </ns3:TrackPointExtension>
        </extensions>
      </trkpt>
      <trkpt lat="39.76055882871150970458984375" lon="-105.04406620748341083526611328125">
        <ele>1650.199951171875</ele>
        <time>2026-07-22T01:36:30.000Z</time>
        <extensions>
          <ns3:TrackPointExtension>
            <ns3:atemp>31.0</ns3:atemp>
          </ns3:TrackPointExtension>
        </extensions>
      </trkpt>
      <trkpt lat="39.76034986786544322967529296875" lon="-105.04406587220728397369384765625">
        <ele>1649</ele>
        <time>2026-07-22T01:36:32.000Z</time>
        <extensions>
          <ns3:TrackPointExtension>
            <ns3:atemp>31.0</ns3:atemp>
          </ns3:TrackPointExtension>
        </extensions>
      </trkpt>
      <trkpt lat="39.7599332034587860107421875" lon="-105.04405547864735126495361328125">
        <ele>1647.800048828125</ele>
        <time>2026-07-22T01:36:36.000Z</time>
        <extensions>
          <ns3:TrackPointExtension>
            <ns3:atemp>31.0</ns3:atemp>
          </ns3:TrackPointExtension>
        </extensions>
      </trkpt>
      <trkpt lat="39.759724326431751251220703125" lon="-105.0440522097051143646240234375">
        <ele>1646.5999755859375</ele>
        <time>2026-07-22T01:36:38.000Z</time>
        <extensions>
          <ns3:TrackPointExtension>
            <ns3:atemp>31.0</ns3:atemp>
          </ns3:TrackPointExtension>
        </extensions>
      </trkpt>
      <trkpt lat="39.7595107555389404296875" lon="-105.04404701292514801025390625">
        <ele>1645.5999755859375</ele>
        <time>2026-07-22T01:36:40.000Z</time>
        <extensions>
          <ns3:TrackPointExtension>
            <ns3:atemp>31.0</ns3:atemp>
          </ns3:TrackPointExtension>
        </extensions>
      </trkpt>
      <trkpt lat="39.7592889703810214996337890625" lon="-105.04404793493449687957763671875">
        <ele>1644.4000244140625</ele>
        <time>2026-07-22T01:36:42.000Z</time>
        <extensions>
          <ns3:TrackPointExtension>
            <ns3:atemp>31.0</ns3:atemp>
          </ns3:TrackPointExtension>
        </extensions>
      </trkpt>
      <trkpt lat="39.75897808559238910675048828125" lon="-105.04404726438224315643310546875">
        <ele>1642.4000244140625</ele>
        <time>2026-07-22T01:36:45.000Z</time>
        <extensions>
          <ns3:TrackPointExtension>
            <ns3:atemp>31.0</ns3:atemp>
          </ns3:TrackPointExtension>
        </extensions>
      </trkpt>
      <trkpt lat="39.7587733156979084014892578125" lon="-105.04404642619192600250244140625">
        <ele>1641.199951171875</ele>
        <time>2026-07-22T01:36:48.000Z</time>
        <extensions>
          <ns3:TrackPointExtension>
            <ns3:atemp>31.0</ns3:atemp>
          </ns3:TrackPointExtension>
        </extensions>
      </trkpt>
      <trkpt lat="39.75867013446986675262451171875" lon="-105.0440491922199726104736328125">
        <ele>1640</ele>
        <time>2026-07-22T01:36:51.000Z</time>
        <extensions>
          <ns3:TrackPointExtension>
            <ns3:atemp>31.0</ns3:atemp>
          </ns3:TrackPointExtension>
        </extensions>
      </trkpt>
      <trkpt lat="39.75861330516636371612548828125" lon="-105.04405505955219268798828125">
        <ele>1638.800048828125</ele>
        <time>2026-07-22T01:36:54.000Z</time>
        <extensions>
          <ns3:TrackPointExtension>
            <ns3:atemp>31.0</ns3:atemp>
          </ns3:TrackPointExtension>
        </extensions>
      </trkpt>
      <trkpt lat="39.7586073540151119232177734375" lon="-105.0440569035708904266357421875">
        <ele>1638.5999755859375</ele>
        <time>2026-07-22T01:36:55.000Z</time>
        <extensions>
          <ns3:TrackPointExtension>
            <ns3:atemp>31.0</ns3:atemp>
          </ns3:TrackPointExtension>
        </extensions>
      </trkpt>
      <trkpt lat="39.75856888107955455780029296875" lon="-105.04407609812915325164794921875">
        <ele>1637.5999755859375</ele>
        <time>2026-07-22T01:36:59.000Z</time>
        <extensions>
          <ns3:TrackPointExtension>
            <ns3:atemp>31.0</ns3:atemp>
          </ns3:TrackPointExtension>
        </extensions>
      </trkpt>
      <trkpt lat="39.7585312463343143463134765625" lon="-105.0441001541912555694580078125">
        <ele>1637.4000244140625</ele>
        <time>2026-07-22T01:37:03.000Z</time>
        <extensions>
          <ns3:TrackPointExtension>
            <ns3:atemp>31.0</ns3:atemp>
          </ns3:TrackPointExtension>
        </extensions>
      </trkpt>
      <trkpt lat="39.758439548313617706298828125" lon="-105.0441088713705539703369140625">
        <ele>1637.199951171875</ele>
        <time>2026-07-22T01:37:06.000Z</time>
        <extensions>
          <ns3:TrackPointExtension>
            <ns3:atemp>31.0</ns3:atemp>
          </ns3:TrackPointExtension>
        </extensions>
      </trkpt>
      <trkpt lat="39.7583961300551891326904296875" lon="-105.04409571178257465362548828125">
        <ele>1637.199951171875</ele>
        <time>2026-07-22T01:37:07.000Z</time>
        <extensions>
          <ns3:TrackPointExtension>
            <ns3:atemp>31.0</ns3:atemp>
          </ns3:TrackPointExtension>
        </extensions>
      </trkpt>
      <trkpt lat="39.75817970931529998779296875" lon="-105.0440683029592037200927734375">
        <ele>1637</ele>
        <time>2026-07-22T01:37:11.000Z</time>
        <extensions>
          <ns3:TrackPointExtension>
            <ns3:atemp>31.0</ns3:atemp>
          </ns3:TrackPointExtension>
        </extensions>
      </trkpt>
      <trkpt lat="39.75783177651464939117431640625" lon="-105.044066123664379119873046875">
        <ele>1636.4000244140625</ele>
        <time>2026-07-22T01:37:16.000Z</time>
        <extensions>
          <ns3:TrackPointExtension>
            <ns3:atemp>31.0</ns3:atemp>
          </ns3:TrackPointExtension>
        </extensions>
      </trkpt>
      <trkpt lat="39.7575096599757671356201171875" lon="-105.0440572388470172882080078125">
        <ele>1635.199951171875</ele>
        <time>2026-07-22T01:37:20.000Z</time>
        <extensions>
          <ns3:TrackPointExtension>
            <ns3:atemp>31.0</ns3:atemp>
          </ns3:TrackPointExtension>
        </extensions>
      </trkpt>
      <trkpt lat="39.75733615458011627197265625" lon="-105.0440605916082859039306640625">
        <ele>1634.5999755859375</ele>
        <time>2026-07-22T01:37:22.000Z</time>
        <extensions>
          <ns3:TrackPointExtension>
            <ns3:atemp>31.0</ns3:atemp>
          </ns3:TrackPointExtension>
        </extensions>
      </trkpt>
      <trkpt lat="39.7571603022515773773193359375" lon="-105.04405983723700046539306640625">
        <ele>1634</ele>
        <time>2026-07-22T01:37:24.000Z</time>
        <extensions>
          <ns3:TrackPointExtension>
            <ns3:atemp>31.0</ns3:atemp>
          </ns3:TrackPointExtension>
        </extensions>
      </trkpt>
      <trkpt lat="39.7570707835257053375244140625" lon="-105.04406000487506389617919921875">
        <ele>1633.5999755859375</ele>
        <time>2026-07-22T01:37:25.000Z</time>
        <extensions>
          <ns3:TrackPointExtension>
            <ns3:atemp>31.0</ns3:atemp>
          </ns3:TrackPointExtension>
        </extensions>
      </trkpt>
      <trkpt lat="39.75698336027562618255615234375" lon="-105.04406578838825225830078125">
        <ele>1633</ele>
        <time>2026-07-22T01:37:26.000Z</time>
        <extensions>
          <ns3:TrackPointExtension>
            <ns3:atemp>31.0</ns3:atemp>
          </ns3:TrackPointExtension>
        </extensions>
      </trkpt>
      <trkpt lat="39.75689115934073925018310546875" lon="-105.04406084306538105010986328125">
        <ele>1632.800048828125</ele>
        <time>2026-07-22T01:37:27.000Z</time>
        <extensions>
          <ns3:TrackPointExtension>
            <ns3:atemp>31.0</ns3:atemp>
          </ns3:TrackPointExtension>
        </extensions>
      </trkpt>
      <trkpt lat="39.7567163966596126556396484375" lon="-105.0440545566380023956298828125">
        <ele>1631.800048828125</ele>
        <time>2026-07-22T01:37:29.000Z</time>
        <extensions>
          <ns3:TrackPointExtension>
            <ns3:atemp>31.0</ns3:atemp>
          </ns3:TrackPointExtension>
        </extensions>
      </trkpt>
      <trkpt lat="39.756358154118061065673828125" lon="-105.04406654275953769683837890625">
        <ele>1630.5999755859375</ele>
        <time>2026-07-22T01:37:33.000Z</time>
        <extensions>
          <ns3:TrackPointExtension>
            <ns3:atemp>31.0</ns3:atemp>
          </ns3:TrackPointExtension>
        </extensions>
      </trkpt>
      <trkpt lat="39.75626788102090358734130859375" lon="-105.04407593049108982086181640625">
        <ele>1630.199951171875</ele>
        <time>2026-07-22T01:37:34.000Z</time>
        <extensions>
          <ns3:TrackPointExtension>
            <ns3:atemp>31.0</ns3:atemp>
          </ns3:TrackPointExtension>
        </extensions>
      </trkpt>
      <trkpt lat="39.75617467425763607025146484375" lon="-105.044081546366214752197265625">
        <ele>1629.800048828125</ele>
        <time>2026-07-22T01:37:35.000Z</time>
        <extensions>
          <ns3:TrackPointExtension>
            <ns3:atemp>31.0</ns3:atemp>
          </ns3:TrackPointExtension>
        </extensions>
      </trkpt>
      <trkpt lat="39.75608364678919315338134765625" lon="-105.04407894797623157501220703125">
        <ele>1629.5999755859375</ele>
        <time>2026-07-22T01:37:36.000Z</time>
        <extensions>
          <ns3:TrackPointExtension>
            <ns3:atemp>31.0</ns3:atemp>
          </ns3:TrackPointExtension>
        </extensions>
      </trkpt>
      <trkpt lat="39.7558121569454669952392578125" lon="-105.04405732266604900360107421875">
        <ele>1628.5999755859375</ele>
        <time>2026-07-22T01:37:39.000Z</time>
        <extensions>
          <ns3:TrackPointExtension>
            <ns3:atemp>31.0</ns3:atemp>
          </ns3:TrackPointExtension>
        </extensions>
      </trkpt>
      <trkpt lat="39.75555055774748325347900390625" lon="-105.04407995380461215972900390625">
        <ele>1627.800048828125</ele>
        <time>2026-07-22T01:37:42.000Z</time>
        <extensions>
          <ns3:TrackPointExtension>
            <ns3:atemp>31.0</ns3:atemp>
          </ns3:TrackPointExtension>
        </extensions>
      </trkpt>
      <trkpt lat="39.75546573288738727569580078125" lon="-105.04406821914017200469970703125">
        <ele>1627.199951171875</ele>
        <time>2026-07-22T01:37:43.000Z</time>
        <extensions>
          <ns3:TrackPointExtension>
            <ns3:atemp>31.0</ns3:atemp>
          </ns3:TrackPointExtension>
        </extensions>
      </trkpt>
      <trkpt lat="39.7552988491952419281005859375" lon="-105.0440364517271518707275390625">
        <ele>1626.5999755859375</ele>
        <time>2026-07-22T01:37:45.000Z</time>
        <extensions>
          <ns3:TrackPointExtension>
            <ns3:atemp>31.0</ns3:atemp>
          </ns3:TrackPointExtension>
        </extensions>
      </trkpt>
      <trkpt lat="39.75513850338757038116455078125" lon="-105.04403217695653438568115234375">
        <ele>1626</ele>
        <time>2026-07-22T01:37:47.000Z</time>
        <extensions>
          <ns3:TrackPointExtension>
            <ns3:atemp>31.0</ns3:atemp>
          </ns3:TrackPointExtension>
        </extensions>
      </trkpt>
      <trkpt lat="39.7549857012927532196044921875" lon="-105.04404927603900432586669921875">
        <ele>1625.4000244140625</ele>
        <time>2026-07-22T01:37:50.000Z</time>
        <extensions>
          <ns3:TrackPointExtension>
            <ns3:atemp>31.0</ns3:atemp>
          </ns3:TrackPointExtension>
        </extensions>
      </trkpt>
      <trkpt lat="39.75492426194250583648681640625" lon="-105.04405011422932147979736328125">
        <ele>1624.800048828125</ele>
        <time>2026-07-22T01:37:53.000Z</time>
        <extensions>
          <ns3:TrackPointExtension>
            <ns3:atemp>31.0</ns3:atemp>
          </ns3:TrackPointExtension>
        </extensions>
      </trkpt>
      <trkpt lat="39.754915125668048858642578125" lon="-105.0440481863915920257568359375">
        <ele>1624.5999755859375</ele>
        <time>2026-07-22T01:37:54.000Z</time>
        <extensions>
          <ns3:TrackPointExtension>
            <ns3:atemp>31.0</ns3:atemp>
          </ns3:TrackPointExtension>
        </extensions>
      </trkpt>
      <trkpt lat="39.7549045644700527191162109375" lon="-105.04404642619192600250244140625">
        <ele>1624.199951171875</ele>
        <time>2026-07-22T01:37:55.000Z</time>
        <extensions>
          <ns3:TrackPointExtension>
            <ns3:atemp>31.0</ns3:atemp>
          </ns3:TrackPointExtension>
        </extensions>
      </trkpt>
      <trkpt lat="39.75486072711646556854248046875" lon="-105.04405514337122440338134765625">
        <ele>1623.800048828125</ele>
        <time>2026-07-22T01:37:58.000Z</time>
        <extensions>
          <ns3:TrackPointExtension>
            <ns3:atemp>31.0</ns3:atemp>
          </ns3:TrackPointExtension>
        </extensions>
      </trkpt>
      <trkpt lat="39.754844047129154205322265625" lon="-105.0440760143101215362548828125">
        <ele>1623.800048828125</ele>
        <time>2026-07-22T01:37:59.000Z</time>
        <extensions>
          <ns3:TrackPointExtension>
            <ns3:atemp>31.0</ns3:atemp>
          </ns3:TrackPointExtension>
        </extensions>
      </trkpt>
      <trkpt lat="39.7548026405274868011474609375" lon="-105.04416980780661106109619140625">
        <ele>1623.800048828125</ele>
        <time>2026-07-22T01:38:02.000Z</time>
        <extensions>
          <ns3:TrackPointExtension>
            <ns3:atemp>31.0</ns3:atemp>
          </ns3:TrackPointExtension>
        </extensions>
      </trkpt>
      <trkpt lat="39.75475712679326534271240234375" lon="-105.04421138204634189605712890625">
        <ele>1623.5999755859375</ele>
        <time>2026-07-22T01:38:04.000Z</time>
        <extensions>
          <ns3:TrackPointExtension>
            <ns3:atemp>31.0</ns3:atemp>
          </ns3:TrackPointExtension>
        </extensions>
      </trkpt>
      <trkpt lat="39.75472426973283290863037109375" lon="-105.04421037621796131134033203125">
        <ele>1623.5999755859375</ele>
        <time>2026-07-22T01:38:05.000Z</time>
        <extensions>
          <ns3:TrackPointExtension>
            <ns3:atemp>31.0</ns3:atemp>
          </ns3:TrackPointExtension>
        </extensions>
      </trkpt>
      <trkpt lat="39.75469007156789302825927734375" lon="-105.0441960431635379791259765625">
        <ele>1623.5999755859375</ele>
        <time>2026-07-22T01:38:06.000Z</time>
        <extensions>
          <ns3:TrackPointExtension>
            <ns3:atemp>31.0</ns3:atemp>
          </ns3:TrackPointExtension>
        </extensions>
      </trkpt>
      <trkpt lat="39.75461061112582683563232421875" lon="-105.044159330427646636962890625">
        <ele>1623.4000244140625</ele>
        <time>2026-07-22T01:38:08.000Z</time>
        <extensions>
          <ns3:TrackPointExtension>
            <ns3:atemp>31.0</ns3:atemp>
          </ns3:TrackPointExtension>
        </extensions>
      </trkpt>
      <trkpt lat="39.7545714676380157470703125" lon="-105.0441303290426731109619140625">
        <ele>1623.4000244140625</ele>
        <time>2026-07-22T01:38:09.000Z</time>
        <extensions>
          <ns3:TrackPointExtension>
            <ns3:atemp>31.0</ns3:atemp>
          </ns3:TrackPointExtension>
        </extensions>
      </trkpt>
      <trkpt lat="39.75453567691147327423095703125" lon="-105.04409872926771640777587890625">
        <ele>1623.199951171875</ele>
        <time>2026-07-22T01:38:10.000Z</time>
        <extensions>
          <ns3:TrackPointExtension>
            <ns3:atemp>31.0</ns3:atemp>
          </ns3:TrackPointExtension>
        </extensions>
      </trkpt>
      <trkpt lat="39.7544723935425281524658203125" lon="-105.04409772343933582305908203125">
        <ele>1622.800048828125</ele>
        <time>2026-07-22T01:38:12.000Z</time>
        <extensions>
          <ns3:TrackPointExtension>
            <ns3:atemp>31.0</ns3:atemp>
          </ns3:TrackPointExtension>
        </extensions>
      </trkpt>
      <trkpt lat="39.7544574737548828125" lon="-105.0441323406994342803955078125">
        <ele>1622.5999755859375</ele>
        <time>2026-07-22T01:38:13.000Z</time>
        <extensions>
          <ns3:TrackPointExtension>
            <ns3:atemp>31.0</ns3:atemp>
          </ns3:TrackPointExtension>
        </extensions>
      </trkpt>
      <trkpt lat="39.75445437245070934295654296875" lon="-105.04417098127305507659912109375">
        <ele>1622.5999755859375</ele>
        <time>2026-07-22T01:38:14.000Z</time>
        <extensions>
          <ns3:TrackPointExtension>
            <ns3:atemp>31.0</ns3:atemp>
          </ns3:TrackPointExtension>
        </extensions>
      </trkpt>
      <trkpt lat="39.75445085205137729644775390625" lon="-105.04420467652380466461181640625">
        <ele>1622.4000244140625</ele>
        <time>2026-07-22T01:38:15.000Z</time>
        <extensions>
          <ns3:TrackPointExtension>
            <ns3:atemp>31.0</ns3:atemp>
          </ns3:TrackPointExtension>
        </extensions>
      </trkpt>
      <trkpt lat="39.75443408824503421783447265625" lon="-105.0442285649478435516357421875">
        <ele>1622.4000244140625</ele>
        <time>2026-07-22T01:38:16.000Z</time>
        <extensions>
          <ns3:TrackPointExtension>
            <ns3:atemp>31.0</ns3:atemp>
          </ns3:TrackPointExtension>
        </extensions>
      </trkpt>
      <trkpt lat="39.75438379682600498199462890625" lon="-105.04422781057655811309814453125">
        <ele>1622.199951171875</ele>
        <time>2026-07-22T01:38:18.000Z</time>
        <extensions>
          <ns3:TrackPointExtension>
            <ns3:atemp>31.0</ns3:atemp>
          </ns3:TrackPointExtension>
        </extensions>
      </trkpt>
      <trkpt lat="39.7543074376881122589111328125" lon="-105.04421138204634189605712890625">
        <ele>1622</ele>
        <time>2026-07-22T01:38:21.000Z</time>
        <extensions>
          <ns3:TrackPointExtension>
            <ns3:atemp>31.0</ns3:atemp>
          </ns3:TrackPointExtension>
        </extensions>
      </trkpt>
      <trkpt lat="39.75425153039395809173583984375" lon="-105.0442335940897464752197265625">
        <ele>1621.800048828125</ele>
        <time>2026-07-22T01:38:23.000Z</time>
        <extensions>
          <ns3:TrackPointExtension>
            <ns3:atemp>31.0</ns3:atemp>
          </ns3:TrackPointExtension>
        </extensions>
      </trkpt>
      <trkpt lat="39.754084311425685882568359375" lon="-105.044332332909107208251953125">
        <ele>1621.800048828125</ele>
        <time>2026-07-22T01:38:29.000Z</time>
        <extensions>
          <ns3:TrackPointExtension>
            <ns3:atemp>31.0</ns3:atemp>
          </ns3:TrackPointExtension>
        </extensions>
      </trkpt>
      <trkpt lat="39.75401767529547214508056640625" lon="-105.0443588197231292724609375">
        <ele>1621.5999755859375</ele>
        <time>2026-07-22T01:38:31.000Z</time>
        <extensions>
          <ns3:TrackPointExtension>
            <ns3:atemp>31.0</ns3:atemp>
          </ns3:TrackPointExtension>
        </extensions>
      </trkpt>
      <trkpt lat="39.75393083877861499786376953125" lon="-105.04441791214048862457275390625">
        <ele>1621.4000244140625</ele>
        <time>2026-07-22T01:38:34.000Z</time>
        <extensions>
          <ns3:TrackPointExtension>
            <ns3:atemp>31.0</ns3:atemp>
          </ns3:TrackPointExtension>
        </extensions>
      </trkpt>
      <trkpt lat="39.7538239695131778717041015625" lon="-105.04446677863597869873046875">
        <ele>1621.199951171875</ele>
        <time>2026-07-22T01:38:38.000Z</time>
        <extensions>
          <ns3:TrackPointExtension>
            <ns3:atemp>31.0</ns3:atemp>
          </ns3:TrackPointExtension>
        </extensions>
      </trkpt>
      <trkpt lat="39.75372028537094593048095703125" lon="-105.0444830395281314849853515625">
        <ele>1621</ele>
        <time>2026-07-22T01:38:42.000Z</time>
        <extensions>
          <ns3:TrackPointExtension>
            <ns3:atemp>31.0</ns3:atemp>
          </ns3:TrackPointExtension>
        </extensions>
      </trkpt>
      <trkpt lat="39.75370519794523715972900390625" lon="-105.04452486522495746612548828125">
        <ele>1621</ele>
        <time>2026-07-22T01:38:44.000Z</time>
        <extensions>
          <ns3:TrackPointExtension>
            <ns3:atemp>31.0</ns3:atemp>
          </ns3:TrackPointExtension>
        </extensions>
      </trkpt>
      <trkpt lat="39.75370586849749088287353515625" lon="-105.0445457361638545989990234375">
        <ele>1621</ele>
        <time>2026-07-22T01:38:45.000Z</time>
        <extensions>
          <ns3:TrackPointExtension>
            <ns3:atemp>31.0</ns3:atemp>
          </ns3:TrackPointExtension>
        </extensions>
      </trkpt>
      <trkpt lat="39.75368323735892772674560546875" lon="-105.0446865521371364593505859375">
        <ele>1620.5999755859375</ele>
        <time>2026-07-22T01:38:50.000Z</time>
        <extensions>
          <ns3:TrackPointExtension>
            <ns3:atemp>31.0</ns3:atemp>
          </ns3:TrackPointExtension>
        </extensions>
      </trkpt>
      <trkpt lat="39.75377644412219524383544921875" lon="-105.04486382938921451568603515625">
        <ele>1620.5999755859375</ele>
        <time>2026-07-22T01:38:56.000Z</time>
        <extensions>
          <ns3:TrackPointExtension>
            <ns3:atemp>31.0</ns3:atemp>
          </ns3:TrackPointExtension>
        </extensions>
      </trkpt>
      <trkpt lat="39.75382908247411251068115234375" lon="-105.04491395317018032073974609375">
        <ele>1620.4000244140625</ele>
        <time>2026-07-22T01:38:59.000Z</time>
        <extensions>
          <ns3:TrackPointExtension>
            <ns3:atemp>31.0</ns3:atemp>
          </ns3:TrackPointExtension>
        </extensions>
      </trkpt>
      <trkpt lat="39.7538445889949798583984375" lon="-105.044976733624935150146484375">
        <ele>1620.5999755859375</ele>
        <time>2026-07-22T01:39:01.000Z</time>
        <extensions>
          <ns3:TrackPointExtension>
            <ns3:atemp>31.0</ns3:atemp>
          </ns3:TrackPointExtension>
        </extensions>
      </trkpt>
      <trkpt lat="39.753837883472442626953125" lon="-105.0450463034212589263916015625">
        <ele>1620.5999755859375</ele>
        <time>2026-07-22T01:39:03.000Z</time>
        <extensions>
          <ns3:TrackPointExtension>
            <ns3:atemp>31.0</ns3:atemp>
          </ns3:TrackPointExtension>
        </extensions>
      </trkpt>
      <trkpt lat="39.75379019044339656829833984375" lon="-105.045080669224262237548828125">
        <ele>1620.5999755859375</ele>
        <time>2026-07-22T01:39:05.000Z</time>
        <extensions>
          <ns3:TrackPointExtension>
            <ns3:atemp>31.0</ns3:atemp>
          </ns3:TrackPointExtension>
        </extensions>
      </trkpt>
      <trkpt lat="39.7537104785442352294921875" lon="-105.04506398923695087432861328125">
        <ele>1620.5999755859375</ele>
        <time>2026-07-22T01:39:08.000Z</time>
        <extensions>
          <ns3:TrackPointExtension>
            <ns3:atemp>31.0</ns3:atemp>
          </ns3:TrackPointExtension>
        </extensions>
      </trkpt>
      <trkpt lat="39.7536851651966571807861328125" lon="-105.04504077136516571044921875">
        <ele>1620.5999755859375</ele>
        <time>2026-07-22T01:39:09.000Z</time>
        <extensions>
          <ns3:TrackPointExtension>
            <ns3:atemp>31.0</ns3:atemp>
          </ns3:TrackPointExtension>
        </extensions>
      </trkpt>
      <trkpt lat="39.7536727599799633026123046875" lon="-105.04500866867601871490478515625">
        <ele>1620.5999755859375</ele>
        <time>2026-07-22T01:39:10.000Z</time>
        <extensions>
          <ns3:TrackPointExtension>
            <ns3:atemp>31.0</ns3:atemp>
          </ns3:TrackPointExtension>
        </extensions>
      </trkpt>
      <trkpt lat="39.75367552600800991058349609375" lon="-105.0449462234973907470703125">
        <ele>1620.4000244140625</ele>
        <time>2026-07-22T01:39:12.000Z</time>
        <extensions>
          <ns3:TrackPointExtension>
            <ns3:atemp>31.0</ns3:atemp>
          </ns3:TrackPointExtension>
        </extensions>
      </trkpt>
      <trkpt lat="39.7536774538457393646240234375" lon="-105.0449138693511486053466796875">
        <ele>1620.199951171875</ele>
        <time>2026-07-22T01:39:13.000Z</time>
        <extensions>
          <ns3:TrackPointExtension>
            <ns3:atemp>31.0</ns3:atemp>
          </ns3:TrackPointExtension>
        </extensions>
      </trkpt>
      <trkpt lat="39.7536616958677768707275390625" lon="-105.044829882681369781494140625">
        <ele>1620.199951171875</ele>
        <time>2026-07-22T01:39:15.000Z</time>
        <extensions>
          <ns3:TrackPointExtension>
            <ns3:atemp>31.0</ns3:atemp>
          </ns3:TrackPointExtension>
        </extensions>
      </trkpt>
      <trkpt lat="39.7536529786884784698486328125" lon="-105.04478051327168941497802734375">
        <ele>1620.199951171875</ele>
        <time>2026-07-22T01:39:16.000Z</time>
        <extensions>
          <ns3:TrackPointExtension>
            <ns3:atemp>31.0</ns3:atemp>
          </ns3:TrackPointExtension>
        </extensions>
      </trkpt>
      <trkpt lat="39.753686003386974334716796875" lon="-105.04451497457921504974365234375">
        <ele>1620.199951171875</ele>
        <time>2026-07-22T01:39:22.000Z</time>
        <extensions>
          <ns3:TrackPointExtension>
            <ns3:atemp>31.0</ns3:atemp>
          </ns3:TrackPointExtension>
        </extensions>
      </trkpt>
      <trkpt lat="39.753699414432048797607421875" lon="-105.04448329098522663116455078125">
        <ele>1620.199951171875</ele>
        <time>2026-07-22T01:39:24.000Z</time>
        <extensions>
          <ns3:TrackPointExtension>
            <ns3:atemp>31.0</ns3:atemp>
          </ns3:TrackPointExtension>
        </extensions>
      </trkpt>
      <trkpt lat="39.7536952234804630279541015625" lon="-105.04447122104465961456298828125">
        <ele>1620.199951171875</ele>
        <time>2026-07-22T01:39:25.000Z</time>
        <extensions>
          <ns3:TrackPointExtension>
            <ns3:atemp>31.0</ns3:atemp>
          </ns3:TrackPointExtension>
        </extensions>
      </trkpt>
      <trkpt lat="39.75359086878597736358642578125" lon="-105.04441506229341030120849609375">
        <ele>1620.199951171875</ele>
        <time>2026-07-22T01:39:31.000Z</time>
        <extensions>
          <ns3:TrackPointExtension>
            <ns3:atemp>31.0</ns3:atemp>
          </ns3:TrackPointExtension>
        </extensions>
      </trkpt>
      <trkpt lat="39.7535460256040096282958984375" lon="-105.0443995557725429534912109375">
        <ele>1620</ele>
        <time>2026-07-22T01:39:32.000Z</time>
        <extensions>
          <ns3:TrackPointExtension>
            <ns3:atemp>31.0</ns3:atemp>
          </ns3:TrackPointExtension>
        </extensions>
      </trkpt>
      <trkpt lat="39.7534534893929958343505859375" lon="-105.04434230737388134002685546875">
        <ele>1620</ele>
        <time>2026-07-22T01:39:34.000Z</time>
        <extensions>
          <ns3:TrackPointExtension>
            <ns3:atemp>31.0</ns3:atemp>
          </ns3:TrackPointExtension>
        </extensions>
      </trkpt>
      <trkpt lat="39.753409735858440399169921875" lon="-105.04429888911545276641845703125">
        <ele>1619.800048828125</ele>
        <time>2026-07-22T01:39:35.000Z</time>
        <extensions>
          <ns3:TrackPointExtension>
            <ns3:atemp>31.0</ns3:atemp>
          </ns3:TrackPointExtension>
        </extensions>
      </trkpt>
      <trkpt lat="39.75331242196261882781982421875" lon="-105.0442166626453399658203125">
        <ele>1619.5999755859375</ele>
        <time>2026-07-22T01:39:37.000Z</time>
        <extensions>
          <ns3:TrackPointExtension>
            <ns3:atemp>31.0</ns3:atemp>
          </ns3:TrackPointExtension>
        </extensions>
      </trkpt>
      <trkpt lat="39.753265567123889923095703125" lon="-105.04418707452714443206787109375">
        <ele>1619.4000244140625</ele>
        <time>2026-07-22T01:39:38.000Z</time>
        <extensions>
          <ns3:TrackPointExtension>
            <ns3:atemp>31.0</ns3:atemp>
          </ns3:TrackPointExtension>
        </extensions>
      </trkpt>
      <trkpt lat="39.75321762263774871826171875" lon="-105.0441353581845760345458984375">
        <ele>1619</ele>
        <time>2026-07-22T01:39:40.000Z</time>
        <extensions>
          <ns3:TrackPointExtension>
            <ns3:atemp>31.0</ns3:atemp>
          </ns3:TrackPointExtension>
        </extensions>
      </trkpt>
      <trkpt lat="39.753214605152606964111328125" lon="-105.04412387497723102569580078125">
        <ele>1618.800048828125</ele>
        <time>2026-07-22T01:39:41.000Z</time>
        <extensions>
          <ns3:TrackPointExtension>
            <ns3:atemp>31.0</ns3:atemp>
          </ns3:TrackPointExtension>
        </extensions>
      </trkpt>
      <trkpt lat="39.753213934600353240966796875" lon="-105.04411901347339153289794921875">
        <ele>1618.4000244140625</ele>
        <time>2026-07-22T01:39:43.000Z</time>
        <extensions>
          <ns3:TrackPointExtension>
            <ns3:atemp>31.0</ns3:atemp>
          </ns3:TrackPointExtension>
        </extensions>
      </trkpt>
      <trkpt lat="39.75322608835995197296142578125" lon="-105.04411716945469379425048828125">
        <ele>1618.199951171875</ele>
        <time>2026-07-22T01:39:45.000Z</time>
        <extensions>
          <ns3:TrackPointExtension>
            <ns3:atemp>31.0</ns3:atemp>
          </ns3:TrackPointExtension>
        </extensions>
      </trkpt>
      <trkpt lat="39.75322910584509372711181640625" lon="-105.044116079807281494140625">
        <ele>1617.4000244140625</ele>
        <time>2026-07-22T01:39:52.000Z</time>
        <extensions>
          <ns3:TrackPointExtension>
            <ns3:atemp>31.0</ns3:atemp>
          </ns3:TrackPointExtension>
        </extensions>
      </trkpt>
      <trkpt lat="39.75322910584509372711181640625" lon="-105.044116079807281494140625">
        <ele>1617.199951171875</ele>
        <time>2026-07-22T01:39:55.000Z</time>
        <extensions>
          <ns3:TrackPointExtension>
            <ns3:atemp>31.0</ns3:atemp>
          </ns3:TrackPointExtension>
        </extensions>
      </trkpt>
      <trkpt lat="39.75322910584509372711181640625" lon="-105.044116079807281494140625">
        <ele>1617.800048828125</ele>
        <time>2026-07-22T01:40:10.000Z</time>
        <extensions>
          <ns3:TrackPointExtension>
            <ns3:atemp>31.0</ns3:atemp>
          </ns3:TrackPointExtension>
        </extensions>
      </trkpt>
      <trkpt lat="39.75323882885277271270751953125" lon="-105.04414625465869903564453125">
        <ele>1617.4000244140625</ele>
        <time>2026-07-22T01:51:21.000Z</time>
        <extensions>
          <ns3:TrackPointExtension>
            <ns3:atemp>31.0</ns3:atemp>
          </ns3:TrackPointExtension>
        </extensions>
      </trkpt>
      <trkpt lat="39.75325877778232097625732421875" lon="-105.0441672094166278839111328125">
        <ele>1617.4000244140625</ele>
        <time>2026-07-22T01:52:53.000Z</time>
        <extensions>
          <ns3:TrackPointExtension>
            <ns3:atemp>31.0</ns3:atemp>
          </ns3:TrackPointExtension>
        </extensions>
      </trkpt>
      <trkpt lat="39.75326498039066791534423828125" lon="-105.04434876143932342529296875">
        <ele>1617.5999755859375</ele>
        <time>2026-07-22T01:52:58.000Z</time>
        <extensions>
          <ns3:TrackPointExtension>
            <ns3:atemp>31.0</ns3:atemp>
          </ns3:TrackPointExtension>
        </extensions>
      </trkpt>
      <trkpt lat="39.75315886549651622772216796875" lon="-105.04450273700058460235595703125">
        <ele>1617.5999755859375</ele>
        <time>2026-07-22T01:53:01.000Z</time>
        <extensions>
          <ns3:TrackPointExtension>
            <ns3:atemp>31.0</ns3:atemp>
          </ns3:TrackPointExtension>
        </extensions>
      </trkpt>
      <trkpt lat="39.7530399262905120849609375" lon="-105.04459108226001262664794921875">
        <ele>1617.5999755859375</ele>
        <time>2026-07-22T01:53:03.000Z</time>
        <extensions>
          <ns3:TrackPointExtension>
            <ns3:atemp>31.0</ns3:atemp>
          </ns3:TrackPointExtension>
        </extensions>
      </trkpt>
      <trkpt lat="39.75297815166413784027099609375" lon="-105.04461161792278289794921875">
        <ele>1617.5999755859375</ele>
        <time>2026-07-22T01:53:04.000Z</time>
        <extensions>
          <ns3:TrackPointExtension>
            <ns3:atemp>31.0</ns3:atemp>
          </ns3:TrackPointExtension>
        </extensions>
      </trkpt>
      <trkpt lat="39.752912856638431549072265625" lon="-105.04461287520825862884521484375">
        <ele>1617.5999755859375</ele>
        <time>2026-07-22T01:53:05.000Z</time>
        <extensions>
          <ns3:TrackPointExtension>
            <ns3:atemp>31.0</ns3:atemp>
          </ns3:TrackPointExtension>
        </extensions>
      </trkpt>
      <trkpt lat="39.7527963481843471527099609375" lon="-105.04455956630408763885498046875">
        <ele>1617.4000244140625</ele>
        <time>2026-07-22T01:53:07.000Z</time>
        <extensions>
          <ns3:TrackPointExtension>
            <ns3:atemp>31.0</ns3:atemp>
          </ns3:TrackPointExtension>
        </extensions>
      </trkpt>
      <trkpt lat="39.7527242638170719146728515625" lon="-105.04445931874215602874755859375">
        <ele>1616.5999755859375</ele>
        <time>2026-07-22T01:53:09.000Z</time>
        <extensions>
          <ns3:TrackPointExtension>
            <ns3:atemp>31.0</ns3:atemp>
          </ns3:TrackPointExtension>
        </extensions>
      </trkpt>
      <trkpt lat="39.75270263850688934326171875" lon="-105.0444017350673675537109375">
        <ele>1616.5999755859375</ele>
        <time>2026-07-22T01:53:10.000Z</time>
        <extensions>
          <ns3:TrackPointExtension>
            <ns3:atemp>31.0</ns3:atemp>
          </ns3:TrackPointExtension>
        </extensions>
      </trkpt>
      <trkpt lat="39.7526912391185760498046875" lon="-105.04434448666870594024658203125">
        <ele>1616.5999755859375</ele>
        <time>2026-07-22T01:53:11.000Z</time>
        <extensions>
          <ns3:TrackPointExtension>
            <ns3:atemp>31.0</ns3:atemp>
          </ns3:TrackPointExtension>
        </extensions>
      </trkpt>
      <trkpt lat="39.75268788635730743408203125" lon="-105.04428983666002750396728515625">
        <ele>1616.800048828125</ele>
        <time>2026-07-22T01:53:12.000Z</time>
        <extensions>
          <ns3:TrackPointExtension>
            <ns3:atemp>31.0</ns3:atemp>
          </ns3:TrackPointExtension>
        </extensions>
      </trkpt>
      <trkpt lat="39.752690233290195465087890625" lon="-105.0442349351942539215087890625">
        <ele>1617</ele>
        <time>2026-07-22T01:53:13.000Z</time>
        <extensions>
          <ns3:TrackPointExtension>
            <ns3:atemp>31.0</ns3:atemp>
          </ns3:TrackPointExtension>
        </extensions>
      </trkpt>
      <trkpt lat="39.75272367708384990692138671875" lon="-105.0441308319568634033203125">
        <ele>1617</ele>
        <time>2026-07-22T01:53:15.000Z</time>
        <extensions>
          <ns3:TrackPointExtension>
            <ns3:atemp>31.0</ns3:atemp>
          </ns3:TrackPointExtension>
        </extensions>
      </trkpt>
      <trkpt lat="39.75278670899569988250732421875" lon="-105.04404827021062374114990234375">
        <ele>1617</ele>
        <time>2026-07-22T01:53:17.000Z</time>
        <extensions>
          <ns3:TrackPointExtension>
            <ns3:atemp>31.0</ns3:atemp>
          </ns3:TrackPointExtension>
        </extensions>
      </trkpt>
      <trkpt lat="39.7529083304107189178466796875" lon="-105.04398255608975887298583984375">
        <ele>1617.4000244140625</ele>
        <time>2026-07-22T01:53:20.000Z</time>
        <extensions>
          <ns3:TrackPointExtension>
            <ns3:atemp>31.0</ns3:atemp>
          </ns3:TrackPointExtension>
        </extensions>
      </trkpt>
      <trkpt lat="39.7529941610991954803466796875" lon="-105.0439707376062870025634765625">
        <ele>1617.4000244140625</ele>
        <time>2026-07-22T01:53:22.000Z</time>
        <extensions>
          <ns3:TrackPointExtension>
            <ns3:atemp>31.0</ns3:atemp>
          </ns3:TrackPointExtension>
        </extensions>
      </trkpt>
      <trkpt lat="39.75308041088283061981201171875" lon="-105.04400133155286312103271484375">
        <ele>1617.4000244140625</ele>
        <time>2026-07-22T01:53:24.000Z</time>
        <extensions>
          <ns3:TrackPointExtension>
            <ns3:atemp>31.0</ns3:atemp>
          </ns3:TrackPointExtension>
        </extensions>
      </trkpt>
      <trkpt lat="39.75315366871654987335205078125" lon="-105.0440659560263156890869140625">
        <ele>1617</ele>
        <time>2026-07-22T01:53:26.000Z</time>
        <extensions>
          <ns3:TrackPointExtension>
            <ns3:atemp>31.0</ns3:atemp>
          </ns3:TrackPointExtension>
        </extensions>
      </trkpt>
      <trkpt lat="39.7532506473362445831298828125" lon="-105.0441494397819042205810546875">
        <ele>1616.5999755859375</ele>
        <time>2026-07-22T01:53:30.000Z</time>
        <extensions>
          <ns3:TrackPointExtension>
            <ns3:atemp>31.0</ns3:atemp>
          </ns3:TrackPointExtension>
        </extensions>
      </trkpt>
      <trkpt lat="39.7532553412020206451416015625" lon="-105.0441511161625385284423828125">
        <ele>1617.199951171875</ele>
        <time>2026-07-22T01:53:34.000Z</time>
        <extensions>
          <ns3:TrackPointExtension>
            <ns3:atemp>31.0</ns3:atemp>
          </ns3:TrackPointExtension>
        </extensions>
      </trkpt>
      <trkpt lat="39.753256849944591522216796875" lon="-105.04414466209709644317626953125">
        <ele>1617.199951171875</ele>
        <time>2026-07-22T01:53:41.000Z</time>
        <extensions>
          <ns3:TrackPointExtension>
            <ns3:atemp>31.0</ns3:atemp>
          </ns3:TrackPointExtension>
        </extensions>
      </trkpt>
      <trkpt lat="39.753256849944591522216796875" lon="-105.04414466209709644317626953125">
        <ele>1617.199951171875</ele>
        <time>2026-07-22T01:53:55.000Z</time>
        <extensions>
          <ns3:TrackPointExtension>
            <ns3:atemp>30.0</ns3:atemp>
          </ns3:TrackPointExtension>
        </extensions>
      </trkpt>
      <trkpt lat="39.753256849944591522216796875" lon="-105.04414466209709644317626953125">
        <ele>1616.5999755859375</ele>
        <time>2026-07-22T01:56:33.000Z</time>
        <extensions>
          <ns3:TrackPointExtension>
            <ns3:atemp>31.0</ns3:atemp>
          </ns3:TrackPointExtension>
        </extensions>
      </trkpt>
      <trkpt lat="39.753256849944591522216796875" lon="-105.04414466209709644317626953125">
        <ele>1616</ele>
        <time>2026-07-22T02:04:03.000Z</time>
        <extensions>
          <ns3:TrackPointExtension>
            <ns3:atemp>31.0</ns3:atemp>
          </ns3:TrackPointExtension>
        </extensions>
      </trkpt>
      <trkpt lat="39.753256849944591522216796875" lon="-105.04414466209709644317626953125">
        <ele>1616.5999755859375</ele>
        <time>2026-07-22T02:08:55.000Z</time>
        <extensions>
          <ns3:TrackPointExtension>
            <ns3:atemp>30.0</ns3:atemp>
          </ns3:TrackPointExtension>
        </extensions>
      </trkpt>
      <trkpt lat="39.753256849944591522216796875" lon="-105.04414466209709644317626953125">
        <ele>1616.4000244140625</ele>
        <time>2026-07-22T02:11:59.000Z</time>
        <extensions>
          <ns3:TrackPointExtension>
            <ns3:atemp>30.0</ns3:atemp>
          </ns3:TrackPointExtension>
        </extensions>
      </trkpt>
      <trkpt lat="39.753256849944591522216796875" lon="-105.04414466209709644317626953125">
        <ele>1616.199951171875</ele>
        <time>2026-07-22T02:15:16.000Z</time>
        <extensions>
          <ns3:TrackPointExtension>
            <ns3:atemp>29.0</ns3:atemp>
          </ns3:TrackPointExtension>
        </extensions>
      </trkpt>
      <trkpt lat="39.753256849944591522216796875" lon="-105.04414466209709644317626953125">
        <ele>1615.5999755859375</ele>
        <time>2026-07-22T02:23:17.000Z</time>
        <extensions>
          <ns3:TrackPointExtension>
            <ns3:atemp>29.0</ns3:atemp>
          </ns3:TrackPointExtension>
        </extensions>
      </trkpt>
      <trkpt lat="39.753256849944591522216796875" lon="-105.04414466209709644317626953125">
        <ele>1614.4000244140625</ele>
        <time>2026-07-22T02:27:12.000Z</time>
        <extensions>
          <ns3:TrackPointExtension>
            <ns3:atemp>28.0</ns3:atemp>
          </ns3:TrackPointExtension>
        </extensions>
      </trkpt>
      <trkpt lat="39.753256849944591522216796875" lon="-105.04414466209709644317626953125">
        <ele>1614</ele>
        <time>2026-07-22T02:31:29.000Z</time>
        <extensions>
          <ns3:TrackPointExtension>
            <ns3:atemp>28.0</ns3:atemp>
          </ns3:TrackPointExtension>
        </extensions>
      </trkpt>
      <trkpt lat="39.753256849944591522216796875" lon="-105.04414466209709644317626953125">
        <ele>1613.199951171875</ele>
        <time>2026-07-22T02:34:56.000Z</time>
        <extensions>
          <ns3:TrackPointExtension>
            <ns3:atemp>28.0</ns3:atemp>
          </ns3:TrackPointExtension>
        </extensions>
      </trkpt>
      <trkpt lat="39.753256849944591522216796875" lon="-105.04414466209709644317626953125">
        <ele>1612.800048828125</ele>
        <time>2026-07-22T02:38:41.000Z</time>
        <extensions>
          <ns3:TrackPointExtension>
            <ns3:atemp>27.0</ns3:atemp>
          </ns3:TrackPointExtension>
        </extensions>
      </trkpt>
      <trkpt lat="39.75325894542038440704345703125" lon="-105.04414298571646213531494140625">
        <ele>1612.800048828125</ele>
        <time>2026-07-22T02:39:47.000Z</time>
        <extensions>
          <ns3:TrackPointExtension>
            <ns3:atemp>27.0</ns3:atemp>
          </ns3:TrackPointExtension>
        </extensions>
      </trkpt>
      <trkpt lat="39.753257520496845245361328125" lon="-105.04415740258991718292236328125">
        <ele>1612.800048828125</ele>
        <time>2026-07-22T02:39:48.000Z</time>
        <extensions>
          <ns3:TrackPointExtension>
            <ns3:atemp>27.0</ns3:atemp>
          </ns3:TrackPointExtension>
        </extensions>
      </trkpt>
      <trkpt lat="39.7532315365970134735107421875" lon="-105.0441470928490161895751953125">
        <ele>1612.800048828125</ele>
        <time>2026-07-22T02:39:50.000Z</time>
        <extensions>
          <ns3:TrackPointExtension>
            <ns3:atemp>27.0</ns3:atemp>
          </ns3:TrackPointExtension>
        </extensions>
      </trkpt>
      <trkpt lat="39.7531933151185512542724609375" lon="-105.044027231633663177490234375">
        <ele>1613</ele>
        <time>2026-07-22T02:39:55.000Z</time>
        <extensions>
          <ns3:TrackPointExtension>
            <ns3:atemp>27.0</ns3:atemp>
          </ns3:TrackPointExtension>
        </extensions>
      </trkpt>
      <trkpt lat="39.75321351550519466400146484375" lon="-105.04382665269076824188232421875">
        <ele>1612.800048828125</ele>
        <time>2026-07-22T02:40:01.000Z</time>
        <extensions>
          <ns3:TrackPointExtension>
            <ns3:atemp>27.0</ns3:atemp>
          </ns3:TrackPointExtension>
        </extensions>
      </trkpt>
      <trkpt lat="39.753233380615711212158203125" lon="-105.0436371378600597381591796875">
        <ele>1613.199951171875</ele>
        <time>2026-07-22T02:40:06.000Z</time>
        <extensions>
          <ns3:TrackPointExtension>
            <ns3:atemp>27.0</ns3:atemp>
          </ns3:TrackPointExtension>
        </extensions>
      </trkpt>
      <trkpt lat="39.7532169520854949951171875" lon="-105.04349757917225360870361328125">
        <ele>1613.5999755859375</ele>
        <time>2026-07-22T02:40:10.000Z</time>
        <extensions>
          <ns3:TrackPointExtension>
            <ns3:atemp>27.0</ns3:atemp>
          </ns3:TrackPointExtension>
        </extensions>
      </trkpt>
      <trkpt lat="39.75320077501237392425537109375" lon="-105.04338040016591548919677734375">
        <ele>1614.199951171875</ele>
        <time>2026-07-22T02:40:13.000Z</time>
        <extensions>
          <ns3:TrackPointExtension>
            <ns3:atemp>27.0</ns3:atemp>
          </ns3:TrackPointExtension>
        </extensions>
      </trkpt>
      <trkpt lat="39.75320831872522830963134765625" lon="-105.0432985089719295501708984375">
        <ele>1614.4000244140625</ele>
        <time>2026-07-22T02:40:15.000Z</time>
        <extensions>
          <ns3:TrackPointExtension>
            <ns3:atemp>27.0</ns3:atemp>
          </ns3:TrackPointExtension>
        </extensions>
      </trkpt>
      <trkpt lat="39.753215275704860687255859375" lon="-105.0431003607809543609619140625">
        <ele>1614.800048828125</ele>
        <time>2026-07-22T02:40:20.000Z</time>
        <extensions>
          <ns3:TrackPointExtension>
            <ns3:atemp>27.0</ns3:atemp>
          </ns3:TrackPointExtension>
        </extensions>
      </trkpt>
      <trkpt lat="39.7532392479479312896728515625" lon="-105.04297471605241298675537109375">
        <ele>1614.5999755859375</ele>
        <time>2026-07-22T02:40:24.000Z</time>
        <extensions>
          <ns3:TrackPointExtension>
            <ns3:atemp>27.0</ns3:atemp>
          </ns3:TrackPointExtension>
        </extensions>
      </trkpt>
      <trkpt lat="39.7532459534704685211181640625" lon="-105.04292559809982776641845703125">
        <ele>1614.5999755859375</ele>
        <time>2026-07-22T02:40:25.000Z</time>
        <extensions>
          <ns3:TrackPointExtension>
            <ns3:atemp>27.0</ns3:atemp>
          </ns3:TrackPointExtension>
        </extensions>
      </trkpt>
      <trkpt lat="39.7532486356794834136962890625" lon="-105.04287111572921276092529296875">
        <ele>1614.5999755859375</ele>
        <time>2026-07-22T02:40:26.000Z</time>
        <extensions>
          <ns3:TrackPointExtension>
            <ns3:atemp>27.0</ns3:atemp>
          </ns3:TrackPointExtension>
        </extensions>
      </trkpt>
      <trkpt lat="39.75325383245944976806640625" lon="-105.04268604330718517303466796875">
        <ele>1614.5999755859375</ele>
        <time>2026-07-22T02:40:30.000Z</time>
        <extensions>
          <ns3:TrackPointExtension>
            <ns3:atemp>27.0</ns3:atemp>
          </ns3:TrackPointExtension>
        </extensions>
      </trkpt>
      <trkpt lat="39.75325383245944976806640625" lon="-105.04232101142406463623046875">
        <ele>1615.199951171875</ele>
        <time>2026-07-22T02:40:38.000Z</time>
        <extensions>
          <ns3:TrackPointExtension>
            <ns3:atemp>27.0</ns3:atemp>
          </ns3:TrackPointExtension>
        </extensions>
      </trkpt>
      <trkpt lat="39.753254838287830352783203125" lon="-105.04222202114760875701904296875">
        <ele>1615.4000244140625</ele>
        <time>2026-07-22T02:40:40.000Z</time>
        <extensions>
          <ns3:TrackPointExtension>
            <ns3:atemp>27.0</ns3:atemp>
          </ns3:TrackPointExtension>
        </extensions>
      </trkpt>
      <trkpt lat="39.75325517356395721435546875" lon="-105.041985400021076202392578125">
        <ele>1616</ele>
        <time>2026-07-22T02:40:45.000Z</time>
        <extensions>
          <ns3:TrackPointExtension>
            <ns3:atemp>27.0</ns3:atemp>
          </ns3:TrackPointExtension>
        </extensions>
      </trkpt>
      <trkpt lat="39.75326933898031711578369140625" lon="-105.04168926738202571868896484375">
        <ele>1616.4000244140625</ele>
        <time>2026-07-22T02:40:51.000Z</time>
        <extensions>
          <ns3:TrackPointExtension>
            <ns3:atemp>27.0</ns3:atemp>
          </ns3:TrackPointExtension>
        </extensions>
      </trkpt>
      <trkpt lat="39.75326590240001678466796875" lon="-105.041546858847141265869140625">
        <ele>1616.199951171875</ele>
        <time>2026-07-22T02:40:54.000Z</time>
        <extensions>
          <ns3:TrackPointExtension>
            <ns3:atemp>27.0</ns3:atemp>
          </ns3:TrackPointExtension>
        </extensions>
      </trkpt>
      <trkpt lat="39.753234051167964935302734375" lon="-105.04140646196901798248291015625">
        <ele>1616.4000244140625</ele>
        <time>2026-07-22T02:40:57.000Z</time>
        <extensions>
          <ns3:TrackPointExtension>
            <ns3:atemp>27.0</ns3:atemp>
          </ns3:TrackPointExtension>
        </extensions>
      </trkpt>
      <trkpt lat="39.753212593495845794677734375" lon="-105.04135868512094020843505859375">
        <ele>1616.4000244140625</ele>
        <time>2026-07-22T02:40:58.000Z</time>
        <extensions>
          <ns3:TrackPointExtension>
            <ns3:atemp>27.0</ns3:atemp>
          </ns3:TrackPointExtension>
        </extensions>
      </trkpt>
      <trkpt lat="39.75309566594660282135009765625" lon="-105.0412117503583431243896484375">
        <ele>1616.199951171875</ele>
        <time>2026-07-22T02:41:02.000Z</time>
        <extensions>
          <ns3:TrackPointExtension>
            <ns3:atemp>27.0</ns3:atemp>
          </ns3:TrackPointExtension>
        </extensions>
      </trkpt>
      <trkpt lat="39.7530360706150531768798828125" lon="-105.04113815724849700927734375">
        <ele>1616.4000244140625</ele>
        <time>2026-07-22T02:41:04.000Z</time>
        <extensions>
          <ns3:TrackPointExtension>
            <ns3:atemp>27.0</ns3:atemp>
          </ns3:TrackPointExtension>
        </extensions>
      </trkpt>
      <trkpt lat="39.75299189798533916473388671875" lon="-105.04105123691260814666748046875">
        <ele>1616.199951171875</ele>
        <time>2026-07-22T02:41:06.000Z</time>
        <extensions>
          <ns3:TrackPointExtension>
            <ns3:atemp>27.0</ns3:atemp>
          </ns3:TrackPointExtension>
        </extensions>
      </trkpt>
      <trkpt lat="39.75298200733959674835205078125" lon="-105.0409998558461666107177734375">
        <ele>1616.199951171875</ele>
        <time>2026-07-22T02:41:07.000Z</time>
        <extensions>
          <ns3:TrackPointExtension>
            <ns3:atemp>27.0</ns3:atemp>
          </ns3:TrackPointExtension>
        </extensions>
      </trkpt>
      <trkpt lat="39.75297890603542327880859375" lon="-105.04094369709491729736328125">
        <ele>1616.199951171875</ele>
        <time>2026-07-22T02:41:08.000Z</time>
        <extensions>
          <ns3:TrackPointExtension>
            <ns3:atemp>27.0</ns3:atemp>
          </ns3:TrackPointExtension>
        </extensions>
      </trkpt>
      <trkpt lat="39.7530018724501132965087890625" lon="-105.0407564453780651092529296875">
        <ele>1615.800048828125</ele>
        <time>2026-07-22T02:41:11.000Z</time>
        <extensions>
          <ns3:TrackPointExtension>
            <ns3:atemp>27.0</ns3:atemp>
          </ns3:TrackPointExtension>
        </extensions>
      </trkpt>
      <trkpt lat="39.7530048899352550506591796875" lon="-105.0406930781900882720947265625">
        <ele>1615.800048828125</ele>
        <time>2026-07-22T02:41:12.000Z</time>
        <extensions>
          <ns3:TrackPointExtension>
            <ns3:atemp>27.0</ns3:atemp>
          </ns3:TrackPointExtension>
        </extensions>
      </trkpt>
      <trkpt lat="39.75302140228450298309326171875" lon="-105.04022930748760700225830078125">
        <ele>1615</ele>
        <time>2026-07-22T02:41:19.000Z</time>
        <extensions>
          <ns3:TrackPointExtension>
            <ns3:atemp>27.0</ns3:atemp>
          </ns3:TrackPointExtension>
        </extensions>
      </trkpt>
      <trkpt lat="39.753037579357624053955078125" lon="-105.03978523425757884979248046875">
        <ele>1615</ele>
        <time>2026-07-22T02:41:27.000Z</time>
        <extensions>
          <ns3:TrackPointExtension>
            <ns3:atemp>27.0</ns3:atemp>
          </ns3:TrackPointExtension>
        </extensions>
      </trkpt>
      <trkpt lat="39.75303950719535350799560546875" lon="-105.0397320091724395751953125">
        <ele>1615</ele>
        <time>2026-07-22T02:41:28.000Z</time>
        <extensions>
          <ns3:TrackPointExtension>
            <ns3:atemp>27.0</ns3:atemp>
          </ns3:TrackPointExtension>
        </extensions>
      </trkpt>
      <trkpt lat="39.7530129365622997283935546875" lon="-105.039428584277629852294921875">
        <ele>1614.800048828125</ele>
        <time>2026-07-22T02:41:34.000Z</time>
        <extensions>
          <ns3:TrackPointExtension>
            <ns3:atemp>27.0</ns3:atemp>
          </ns3:TrackPointExtension>
        </extensions>
      </trkpt>
      <trkpt lat="39.75298519246280193328857421875" lon="-105.03929807804524898529052734375">
        <ele>1614.800048828125</ele>
        <time>2026-07-22T02:41:37.000Z</time>
        <extensions>
          <ns3:TrackPointExtension>
            <ns3:atemp>27.0</ns3:atemp>
          </ns3:TrackPointExtension>
        </extensions>
      </trkpt>
      <trkpt lat="39.75299759767949581146240234375" lon="-105.03919531591236591339111328125">
        <ele>1614.5999755859375</ele>
        <time>2026-07-22T02:41:39.000Z</time>
        <extensions>
          <ns3:TrackPointExtension>
            <ns3:atemp>27.0</ns3:atemp>
          </ns3:TrackPointExtension>
        </extensions>
      </trkpt>
      <trkpt lat="39.75300732068717479705810546875" lon="-105.03910428844392299652099609375">
        <ele>1614.5999755859375</ele>
        <time>2026-07-22T02:41:41.000Z</time>
        <extensions>
          <ns3:TrackPointExtension>
            <ns3:atemp>27.0</ns3:atemp>
          </ns3:TrackPointExtension>
        </extensions>
      </trkpt>
      <trkpt lat="39.7530183009803295135498046875" lon="-105.03898694179952144622802734375">
        <ele>1614.5999755859375</ele>
        <time>2026-07-22T02:41:43.000Z</time>
        <extensions>
          <ns3:TrackPointExtension>
            <ns3:atemp>27.0</ns3:atemp>
          </ns3:TrackPointExtension>
        </extensions>
      </trkpt>
      <trkpt lat="39.75303313694894313812255859375" lon="-105.03888099454343318939208984375">
        <ele>1614.5999755859375</ele>
        <time>2026-07-22T02:41:45.000Z</time>
        <extensions>
          <ns3:TrackPointExtension>
            <ns3:atemp>27.0</ns3:atemp>
          </ns3:TrackPointExtension>
        </extensions>
      </trkpt>
      <trkpt lat="39.7530313767492771148681640625" lon="-105.0383639149367809295654296875">
        <ele>1614.4000244140625</ele>
        <time>2026-07-22T02:41:54.000Z</time>
        <extensions>
          <ns3:TrackPointExtension>
            <ns3:atemp>27.0</ns3:atemp>
          </ns3:TrackPointExtension>
        </extensions>
      </trkpt>
      <trkpt lat="39.7530441172420978546142578125" lon="-105.03786678425967693328857421875">
        <ele>1614.4000244140625</ele>
        <time>2026-07-22T02:42:02.000Z</time>
        <extensions>
          <ns3:TrackPointExtension>
            <ns3:atemp>27.0</ns3:atemp>
          </ns3:TrackPointExtension>
        </extensions>
      </trkpt>
      <trkpt lat="39.75303062237799167633056640625" lon="-105.03736420534551143646240234375">
        <ele>1614.199951171875</ele>
        <time>2026-07-22T02:42:09.000Z</time>
        <extensions>
          <ns3:TrackPointExtension>
            <ns3:atemp>27.0</ns3:atemp>
          </ns3:TrackPointExtension>
        </extensions>
      </trkpt>
      <trkpt lat="39.75302978418767452239990234375" lon="-105.0372746028006076812744140625">
        <ele>1614.199951171875</ele>
        <time>2026-07-22T02:42:10.000Z</time>
        <extensions>
          <ns3:TrackPointExtension>
            <ns3:atemp>27.0</ns3:atemp>
          </ns3:TrackPointExtension>
        </extensions>
      </trkpt>
      <trkpt lat="39.75302961654961109161376953125" lon="-105.0372018478810787200927734375">
        <ele>1614</ele>
        <time>2026-07-22T02:42:11.000Z</time>
        <extensions>
          <ns3:TrackPointExtension>
            <ns3:atemp>27.0</ns3:atemp>
          </ns3:TrackPointExtension>
        </extensions>
      </trkpt>
      <trkpt lat="39.75304864346981048583984375" lon="-105.03694779239594936370849609375">
        <ele>1613.800048828125</ele>
        <time>2026-07-22T02:42:15.000Z</time>
        <extensions>
          <ns3:TrackPointExtension>
            <ns3:atemp>27.0</ns3:atemp>
          </ns3:TrackPointExtension>
        </extensions>
      </trkpt>
      <trkpt lat="39.7530196420848369598388671875" lon="-105.03631093539297580718994140625">
        <ele>1613.5999755859375</ele>
        <time>2026-07-22T02:42:24.000Z</time>
        <extensions>
          <ns3:TrackPointExtension>
            <ns3:atemp>27.0</ns3:atemp>
          </ns3:TrackPointExtension>
        </extensions>
      </trkpt>
      <trkpt lat="39.7530216537415981292724609375" lon="-105.0360427983105182647705078125">
        <ele>1613.5999755859375</ele>
        <time>2026-07-22T02:42:28.000Z</time>
        <extensions>
          <ns3:TrackPointExtension>
            <ns3:atemp>27.0</ns3:atemp>
          </ns3:TrackPointExtension>
        </extensions>
      </trkpt>
      <trkpt lat="39.7530291974544525146484375" lon="-105.035891421139240264892578125">
        <ele>1613.5999755859375</ele>
        <time>2026-07-22T02:42:30.000Z</time>
        <extensions>
          <ns3:TrackPointExtension>
            <ns3:atemp>27.0</ns3:atemp>
          </ns3:TrackPointExtension>
        </extensions>
      </trkpt>
      <trkpt lat="39.753018133342266082763671875" lon="-105.0354852341115474700927734375">
        <ele>1613.199951171875</ele>
        <time>2026-07-22T02:42:36.000Z</time>
        <extensions>
          <ns3:TrackPointExtension>
            <ns3:atemp>27.0</ns3:atemp>
          </ns3:TrackPointExtension>
        </extensions>
      </trkpt>
      <trkpt lat="39.75302106700837612152099609375" lon="-105.03541457466781139373779296875">
        <ele>1613.199951171875</ele>
        <time>2026-07-22T02:42:37.000Z</time>
        <extensions>
          <ns3:TrackPointExtension>
            <ns3:atemp>27.0</ns3:atemp>
          </ns3:TrackPointExtension>
        </extensions>
      </trkpt>
      <trkpt lat="39.7530211508274078369140625" lon="-105.0353511236608028411865234375">
        <ele>1613.199951171875</ele>
        <time>2026-07-22T02:42:38.000Z</time>
        <extensions>
          <ns3:TrackPointExtension>
            <ns3:atemp>27.0</ns3:atemp>
          </ns3:TrackPointExtension>
        </extensions>
      </trkpt>
      <trkpt lat="39.75301570259034633636474609375" lon="-105.03522656857967376708984375">
        <ele>1613.199951171875</ele>
        <time>2026-07-22T02:42:40.000Z</time>
        <extensions>
          <ns3:TrackPointExtension>
            <ns3:atemp>27.0</ns3:atemp>
          </ns3:TrackPointExtension>
        </extensions>
      </trkpt>
      <trkpt lat="39.7530184686183929443359375" lon="-105.03516278229653835296630859375">
        <ele>1613</ele>
        <time>2026-07-22T02:42:41.000Z</time>
        <extensions>
          <ns3:TrackPointExtension>
            <ns3:atemp>27.0</ns3:atemp>
          </ns3:TrackPointExtension>
        </extensions>
      </trkpt>
      <trkpt lat="39.75303129293024539947509765625" lon="-105.0348368100821971893310546875">
        <ele>1612.5999755859375</ele>
        <time>2026-07-22T02:42:46.000Z</time>
        <extensions>
          <ns3:TrackPointExtension>
            <ns3:atemp>27.0</ns3:atemp>
          </ns3:TrackPointExtension>
        </extensions>
      </trkpt>
      <trkpt lat="39.7530162893235683441162109375" lon="-105.034606643021106719970703125">
        <ele>1612.4000244140625</ele>
        <time>2026-07-22T02:42:51.000Z</time>
        <extensions>
          <ns3:TrackPointExtension>
            <ns3:atemp>28.0</ns3:atemp>
          </ns3:TrackPointExtension>
        </extensions>
      </trkpt>
      <trkpt lat="39.753033220767974853515625" lon="-105.0345803238451480865478515625">
        <ele>1612.4000244140625</ele>
        <time>2026-07-22T02:42:52.000Z</time>
        <extensions>
          <ns3:TrackPointExtension>
            <ns3:atemp>27.0</ns3:atemp>
          </ns3:TrackPointExtension>
        </extensions>
      </trkpt>
      <trkpt lat="39.7531111724674701690673828125" lon="-105.0345660746097564697265625">
        <ele>1612.4000244140625</ele>
        <time>2026-07-22T02:42:54.000Z</time>
        <extensions>
          <ns3:TrackPointExtension>
            <ns3:atemp>28.0</ns3:atemp>
          </ns3:TrackPointExtension>
        </extensions>
      </trkpt>
      <trkpt lat="39.7532464563846588134765625" lon="-105.03459013067185878753662109375">
        <ele>1612.4000244140625</ele>
        <time>2026-07-22T02:42:57.000Z</time>
        <extensions>
          <ns3:TrackPointExtension>
            <ns3:atemp>28.0</ns3:atemp>
          </ns3:TrackPointExtension>
        </extensions>
      </trkpt>
      <trkpt lat="39.75330437533557415008544921875" lon="-105.03458862192928791046142578125">
        <ele>1612.4000244140625</ele>
        <time>2026-07-22T02:42:58.000Z</time>
        <extensions>
          <ns3:TrackPointExtension>
            <ns3:atemp>28.0</ns3:atemp>
          </ns3:TrackPointExtension>
        </extensions>
      </trkpt>
      <trkpt lat="39.7535389848053455352783203125" lon="-105.03458677791059017181396484375">
        <ele>1612.4000244140625</ele>
        <time>2026-07-22T02:43:02.000Z</time>
        <extensions>
          <ns3:TrackPointExtension>
            <ns3:atemp>28.0</ns3:atemp>
          </ns3:TrackPointExtension>
        </extensions>
      </trkpt>
      <trkpt lat="39.753582067787647247314453125" lon="-105.03454796969890594482421875">
        <ele>1612.4000244140625</ele>
        <time>2026-07-22T02:43:03.000Z</time>
        <extensions>
          <ns3:TrackPointExtension>
            <ns3:atemp>28.0</ns3:atemp>
          </ns3:TrackPointExtension>
        </extensions>
      </trkpt>
      <trkpt lat="39.75360880605876445770263671875" lon="-105.034487955272197723388671875">
        <ele>1612.4000244140625</ele>
        <time>2026-07-22T02:43:04.000Z</time>
        <extensions>
          <ns3:TrackPointExtension>
            <ns3:atemp>28.0</ns3:atemp>
          </ns3:TrackPointExtension>
        </extensions>
      </trkpt>
      <trkpt lat="39.7536154277622699737548828125" lon="-105.03436557948589324951171875">
        <ele>1612.4000244140625</ele>
        <time>2026-07-22T02:43:06.000Z</time>
        <extensions>
          <ns3:TrackPointExtension>
            <ns3:atemp>28.0</ns3:atemp>
          </ns3:TrackPointExtension>
        </extensions>
      </trkpt>
      <trkpt lat="39.75361383520066738128662109375" lon="-105.03421210683882236480712890625">
        <ele>1612.4000244140625</ele>
        <time>2026-07-22T02:43:08.000Z</time>
        <extensions>
          <ns3:TrackPointExtension>
            <ns3:atemp>28.0</ns3:atemp>
          </ns3:TrackPointExtension>
        </extensions>
      </trkpt>
      <trkpt lat="39.7536150924861431121826171875" lon="-105.03408067859709262847900390625">
        <ele>1612.5999755859375</ele>
        <time>2026-07-22T02:43:10.000Z</time>
        <extensions>
          <ns3:TrackPointExtension>
            <ns3:atemp>28.0</ns3:atemp>
          </ns3:TrackPointExtension>
        </extensions>
      </trkpt>
      <trkpt lat="39.75361886434257030487060546875" lon="-105.03400616347789764404296875">
        <ele>1612.5999755859375</ele>
        <time>2026-07-22T02:43:11.000Z</time>
        <extensions>
          <ns3:TrackPointExtension>
            <ns3:atemp>28.0</ns3:atemp>
          </ns3:TrackPointExtension>
        </extensions>
      </trkpt>
      <trkpt lat="39.753621630370616912841796875" lon="-105.03392058424651622772216796875">
        <ele>1612.5999755859375</ele>
        <time>2026-07-22T02:43:12.000Z</time>
        <extensions>
          <ns3:TrackPointExtension>
            <ns3:atemp>28.0</ns3:atemp>
          </ns3:TrackPointExtension>
        </extensions>
      </trkpt>
      <trkpt lat="39.75362992845475673675537109375" lon="-105.03347164951264858245849609375">
        <ele>1612.4000244140625</ele>
        <time>2026-07-22T02:43:18.000Z</time>
        <extensions>
          <ns3:TrackPointExtension>
            <ns3:atemp>28.0</ns3:atemp>
          </ns3:TrackPointExtension>
        </extensions>
      </trkpt>
      <trkpt lat="39.7536098957061767578125" lon="-105.0331228785216808319091796875">
        <ele>1612.4000244140625</ele>
        <time>2026-07-22T02:43:24.000Z</time>
        <extensions>
          <ns3:TrackPointExtension>
            <ns3:atemp>28.0</ns3:atemp>
          </ns3:TrackPointExtension>
        </extensions>
      </trkpt>
      <trkpt lat="39.7535825707018375396728515625" lon="-105.0330501236021518707275390625">
        <ele>1612</ele>
        <time>2026-07-22T02:43:28.000Z</time>
        <extensions>
          <ns3:TrackPointExtension>
            <ns3:atemp>28.0</ns3:atemp>
          </ns3:TrackPointExtension>
        </extensions>
      </trkpt>
      <trkpt lat="39.75355331785976886749267578125" lon="-105.03301131539046764373779296875">
        <ele>1611.800048828125</ele>
        <time>2026-07-22T02:43:30.000Z</time>
        <extensions>
          <ns3:TrackPointExtension>
            <ns3:atemp>28.0</ns3:atemp>
          </ns3:TrackPointExtension>
        </extensions>
      </trkpt>
      <trkpt lat="39.75354393012821674346923828125" lon="-105.03297192044556140899658203125">
        <ele>1611.800048828125</ele>
        <time>2026-07-22T02:43:31.000Z</time>
        <extensions>
          <ns3:TrackPointExtension>
            <ns3:atemp>28.0</ns3:atemp>
          </ns3:TrackPointExtension>
        </extensions>
      </trkpt>
      <trkpt lat="39.7535500489175319671630859375" lon="-105.03278198651969432830810546875">
        <ele>1611.4000244140625</ele>
        <time>2026-07-22T02:43:35.000Z</time>
        <extensions>
          <ns3:TrackPointExtension>
            <ns3:atemp>28.0</ns3:atemp>
          </ns3:TrackPointExtension>
        </extensions>
      </trkpt>
      <trkpt lat="39.75355734117329120635986328125" lon="-105.03271794877946376800537109375">
        <ele>1611.4000244140625</ele>
        <time>2026-07-22T02:43:36.000Z</time>
        <extensions>
          <ns3:TrackPointExtension>
            <ns3:atemp>28.0</ns3:atemp>
          </ns3:TrackPointExtension>
        </extensions>
      </trkpt>
      <trkpt lat="39.75356019102036952972412109375" lon="-105.0325633026659488677978515625">
        <ele>1611.5999755859375</ele>
        <time>2026-07-22T02:43:38.000Z</time>
        <extensions>
          <ns3:TrackPointExtension>
            <ns3:atemp>28.0</ns3:atemp>
          </ns3:TrackPointExtension>
        </extensions>
      </trkpt>
      <trkpt lat="39.75354887545108795166015625" lon="-105.0323661603033542633056640625">
        <ele>1611.5999755859375</ele>
        <time>2026-07-22T02:43:40.000Z</time>
        <extensions>
          <ns3:TrackPointExtension>
            <ns3:atemp>28.0</ns3:atemp>
          </ns3:TrackPointExtension>
        </extensions>
      </trkpt>
      <trkpt lat="39.753546528518199920654296875" lon="-105.03227940760552883148193359375">
        <ele>1611.4000244140625</ele>
        <time>2026-07-22T02:43:41.000Z</time>
        <extensions>
          <ns3:TrackPointExtension>
            <ns3:atemp>28.0</ns3:atemp>
          </ns3:TrackPointExtension>
        </extensions>
      </trkpt>
      <trkpt lat="39.75354141555726528167724609375" lon="-105.03197145648300647735595703125">
        <ele>1611.4000244140625</ele>
        <time>2026-07-22T02:43:45.000Z</time>
        <extensions>
          <ns3:TrackPointExtension>
            <ns3:atemp>28.0</ns3:atemp>
          </ns3:TrackPointExtension>
        </extensions>
      </trkpt>
      <trkpt lat="39.7535441815853118896484375" lon="-105.0318424589931964874267578125">
        <ele>1611.4000244140625</ele>
        <time>2026-07-22T02:43:47.000Z</time>
        <extensions>
          <ns3:TrackPointExtension>
            <ns3:atemp>28.0</ns3:atemp>
          </ns3:TrackPointExtension>
        </extensions>
      </trkpt>
      <trkpt lat="39.75354979746043682098388671875" lon="-105.03171798773109912872314453125">
        <ele>1611.4000244140625</ele>
        <time>2026-07-22T02:43:49.000Z</time>
        <extensions>
          <ns3:TrackPointExtension>
            <ns3:atemp>28.0</ns3:atemp>
          </ns3:TrackPointExtension>
        </extensions>
      </trkpt>
      <trkpt lat="39.75355566479265689849853515625" lon="-105.0314394570887088775634765625">
        <ele>1611.199951171875</ele>
        <time>2026-07-22T02:43:54.000Z</time>
        <extensions>
          <ns3:TrackPointExtension>
            <ns3:atemp>28.0</ns3:atemp>
          </ns3:TrackPointExtension>
        </extensions>
      </trkpt>
      <trkpt lat="39.75354962982237339019775390625" lon="-105.031331665813922882080078125">
        <ele>1611.199951171875</ele>
        <time>2026-07-22T02:43:56.000Z</time>
        <extensions>
          <ns3:TrackPointExtension>
            <ns3:atemp>28.0</ns3:atemp>
          </ns3:TrackPointExtension>
        </extensions>
      </trkpt>
      <trkpt lat="39.753549881279468536376953125" lon="-105.03111474215984344482421875">
        <ele>1611</ele>
        <time>2026-07-22T02:44:00.000Z</time>
        <extensions>
          <ns3:TrackPointExtension>
            <ns3:atemp>28.0</ns3:atemp>
          </ns3:TrackPointExtension>
        </extensions>
      </trkpt>
      <trkpt lat="39.7535577602684497833251953125" lon="-105.0308926217257976531982421875">
        <ele>1611.199951171875</ele>
        <time>2026-07-22T02:44:04.000Z</time>
        <extensions>
          <ns3:TrackPointExtension>
            <ns3:atemp>28.0</ns3:atemp>
          </ns3:TrackPointExtension>
        </extensions>
      </trkpt>
      <trkpt lat="39.753555245697498321533203125" lon="-105.0307179428637027740478515625">
        <ele>1611.199951171875</ele>
        <time>2026-07-22T02:44:07.000Z</time>
        <extensions>
          <ns3:TrackPointExtension>
            <ns3:atemp>28.0</ns3:atemp>
          </ns3:TrackPointExtension>
        </extensions>
      </trkpt>
      <trkpt lat="39.75354828871786594390869140625" lon="-105.030480064451694488525390625">
        <ele>1611.4000244140625</ele>
        <time>2026-07-22T02:44:11.000Z</time>
        <extensions>
          <ns3:TrackPointExtension>
            <ns3:atemp>28.0</ns3:atemp>
          </ns3:TrackPointExtension>
        </extensions>
      </trkpt>
      <trkpt lat="39.7535527311265468597412109375" lon="-105.03031033091247081756591796875">
        <ele>1611.5999755859375</ele>
        <time>2026-07-22T02:44:14.000Z</time>
        <extensions>
          <ns3:TrackPointExtension>
            <ns3:atemp>28.0</ns3:atemp>
          </ns3:TrackPointExtension>
        </extensions>
      </trkpt>
      <trkpt lat="39.7535503841936588287353515625" lon="-105.0301055610179901123046875">
        <ele>1612</ele>
        <time>2026-07-22T02:44:18.000Z</time>
        <extensions>
          <ns3:TrackPointExtension>
            <ns3:atemp>28.0</ns3:atemp>
          </ns3:TrackPointExtension>
        </extensions>
      </trkpt>
      <trkpt lat="39.75355516187846660614013671875" lon="-105.02997019328176975250244140625">
        <ele>1612.199951171875</ele>
        <time>2026-07-22T02:44:21.000Z</time>
        <extensions>
          <ns3:TrackPointExtension>
            <ns3:atemp>28.0</ns3:atemp>
          </ns3:TrackPointExtension>
        </extensions>
      </trkpt>
      <trkpt lat="39.75360344164073467254638671875" lon="-105.02989592961966991424560546875">
        <ele>1612.199951171875</ele>
        <time>2026-07-22T02:44:23.000Z</time>
        <extensions>
          <ns3:TrackPointExtension>
            <ns3:atemp>28.0</ns3:atemp>
          </ns3:TrackPointExtension>
        </extensions>
      </trkpt>
      <trkpt lat="39.75361886434257030487060546875" lon="-105.029843039810657501220703125">
        <ele>1612.199951171875</ele>
        <time>2026-07-22T02:44:24.000Z</time>
        <extensions>
          <ns3:TrackPointExtension>
            <ns3:atemp>28.0</ns3:atemp>
          </ns3:TrackPointExtension>
        </extensions>
      </trkpt>
      <trkpt lat="39.75362758152186870574951171875" lon="-105.02978294156491756439208984375">
        <ele>1612.199951171875</ele>
        <time>2026-07-22T02:44:25.000Z</time>
        <extensions>
          <ns3:TrackPointExtension>
            <ns3:atemp>28.0</ns3:atemp>
          </ns3:TrackPointExtension>
        </extensions>
      </trkpt>
      <trkpt lat="39.753636382520198822021484375" lon="-105.0296001322567462921142578125">
        <ele>1612.199951171875</ele>
        <time>2026-07-22T02:44:28.000Z</time>
        <extensions>
          <ns3:TrackPointExtension>
            <ns3:atemp>28.0</ns3:atemp>
          </ns3:TrackPointExtension>
        </extensions>
      </trkpt>
      <trkpt lat="39.75363898091018199920654296875" lon="-105.02922722138464450836181640625">
        <ele>1612.4000244140625</ele>
        <time>2026-07-22T02:44:34.000Z</time>
        <extensions>
          <ns3:TrackPointExtension>
            <ns3:atemp>28.0</ns3:atemp>
          </ns3:TrackPointExtension>
        </extensions>
      </trkpt>
      <trkpt lat="39.75362841971218585968017578125" lon="-105.029031336307525634765625">
        <ele>1612.5999755859375</ele>
        <time>2026-07-22T02:44:37.000Z</time>
        <extensions>
          <ns3:TrackPointExtension>
            <ns3:atemp>28.0</ns3:atemp>
          </ns3:TrackPointExtension>
        </extensions>
      </trkpt>
      <trkpt lat="39.7536271624267101287841796875" lon="-105.02896319143474102020263671875">
        <ele>1612.800048828125</ele>
        <time>2026-07-22T02:44:38.000Z</time>
        <extensions>
          <ns3:TrackPointExtension>
            <ns3:atemp>28.0</ns3:atemp>
          </ns3:TrackPointExtension>
        </extensions>
      </trkpt>
      <trkpt lat="39.75363738834857940673828125" lon="-105.0287441723048686981201171875">
        <ele>1612.800048828125</ele>
        <time>2026-07-22T02:44:41.000Z</time>
        <extensions>
          <ns3:TrackPointExtension>
            <ns3:atemp>28.0</ns3:atemp>
          </ns3:TrackPointExtension>
        </extensions>
      </trkpt>
      <trkpt lat="39.75363445468246936798095703125" lon="-105.02867334522306919097900390625">
        <ele>1612.800048828125</ele>
        <time>2026-07-22T02:44:42.000Z</time>
        <extensions>
          <ns3:TrackPointExtension>
            <ns3:atemp>28.0</ns3:atemp>
          </ns3:TrackPointExtension>
        </extensions>
      </trkpt>
      <trkpt lat="39.7536228038370609283447265625" lon="-105.02847637049853801727294921875">
        <ele>1612.800048828125</ele>
        <time>2026-07-22T02:44:45.000Z</time>
        <extensions>
          <ns3:TrackPointExtension>
            <ns3:atemp>28.0</ns3:atemp>
          </ns3:TrackPointExtension>
        </extensions>
      </trkpt>
      <trkpt lat="39.75361769087612628936767578125" lon="-105.02802659757435321807861328125">
        <ele>1612.4000244140625</ele>
        <time>2026-07-22T02:44:51.000Z</time>
        <extensions>
          <ns3:TrackPointExtension>
            <ns3:atemp>28.0</ns3:atemp>
          </ns3:TrackPointExtension>
        </extensions>
      </trkpt>
      <trkpt lat="39.7536207921802997589111328125" lon="-105.0279492326080799102783203125">
        <ele>1612.199951171875</ele>
        <time>2026-07-22T02:44:52.000Z</time>
        <extensions>
          <ns3:TrackPointExtension>
            <ns3:atemp>28.0</ns3:atemp>
          </ns3:TrackPointExtension>
        </extensions>
      </trkpt>
      <trkpt lat="39.75363068282604217529296875" lon="-105.02760649658739566802978515625">
        <ele>1612</ele>
        <time>2026-07-22T02:44:56.000Z</time>
        <extensions>
          <ns3:TrackPointExtension>
            <ns3:atemp>28.0</ns3:atemp>
          </ns3:TrackPointExtension>
        </extensions>
      </trkpt>
      <trkpt lat="39.753633029758930206298828125" lon="-105.027427040040493011474609375">
        <ele>1611.4000244140625</ele>
        <time>2026-07-22T02:44:58.000Z</time>
        <extensions>
          <ns3:TrackPointExtension>
            <ns3:atemp>28.0</ns3:atemp>
          </ns3:TrackPointExtension>
        </extensions>
      </trkpt>
      <trkpt lat="39.753635041415691375732421875" lon="-105.02733525820076465606689453125">
        <ele>1611.199951171875</ele>
        <time>2026-07-22T02:44:59.000Z</time>
        <extensions>
          <ns3:TrackPointExtension>
            <ns3:atemp>28.0</ns3:atemp>
          </ns3:TrackPointExtension>
        </extensions>
      </trkpt>
      <trkpt lat="39.7536211274564266204833984375" lon="-105.0271945260465145111083984375">
        <ele>1610.800048828125</ele>
        <time>2026-07-22T02:45:01.000Z</time>
        <extensions>
          <ns3:TrackPointExtension>
            <ns3:atemp>28.0</ns3:atemp>
          </ns3:TrackPointExtension>
        </extensions>
      </trkpt>
      <trkpt lat="39.753620289266109466552734375" lon="-105.027085058391094207763671875">
        <ele>1609.800048828125</ele>
        <time>2026-07-22T02:45:04.000Z</time>
        <extensions>
          <ns3:TrackPointExtension>
            <ns3:atemp>28.0</ns3:atemp>
          </ns3:TrackPointExtension>
        </extensions>
      </trkpt>
      <trkpt lat="39.7536313533782958984375" lon="-105.026792697608470916748046875">
        <ele>1608.800048828125</ele>
        <time>2026-07-22T02:45:09.000Z</time>
        <extensions>
          <ns3:TrackPointExtension>
            <ns3:atemp>28.0</ns3:atemp>
          </ns3:TrackPointExtension>
        </extensions>
      </trkpt>
      <trkpt lat="39.75363277830183506011962890625" lon="-105.02672337926924228668212890625">
        <ele>1608.5999755859375</ele>
        <time>2026-07-22T02:45:10.000Z</time>
        <extensions>
          <ns3:TrackPointExtension>
            <ns3:atemp>28.0</ns3:atemp>
          </ns3:TrackPointExtension>
        </extensions>
      </trkpt>
      <trkpt lat="39.75363562814891338348388671875" lon="-105.02659228630363941192626953125">
        <ele>1608.199951171875</ele>
        <time>2026-07-22T02:45:12.000Z</time>
        <extensions>
          <ns3:TrackPointExtension>
            <ns3:atemp>28.0</ns3:atemp>
          </ns3:TrackPointExtension>
        </extensions>
      </trkpt>
      <trkpt lat="39.7536375559866428375244140625" lon="-105.02637402154505252838134765625">
        <ele>1607.800048828125</ele>
        <time>2026-07-22T02:45:15.000Z</time>
        <extensions>
          <ns3:TrackPointExtension>
            <ns3:atemp>28.0</ns3:atemp>
          </ns3:TrackPointExtension>
        </extensions>
      </trkpt>
      <trkpt lat="39.75364208221435546875" lon="-105.02622348256409168243408203125">
        <ele>1607.4000244140625</ele>
        <time>2026-07-22T02:45:17.000Z</time>
        <extensions>
          <ns3:TrackPointExtension>
            <ns3:atemp>28.0</ns3:atemp>
          </ns3:TrackPointExtension>
        </extensions>
      </trkpt>
      <trkpt lat="39.753629676997661590576171875" lon="-105.0260683335363864898681640625">
        <ele>1607.199951171875</ele>
        <time>2026-07-22T02:45:19.000Z</time>
        <extensions>
          <ns3:TrackPointExtension>
            <ns3:atemp>28.0</ns3:atemp>
          </ns3:TrackPointExtension>
        </extensions>
      </trkpt>
      <trkpt lat="39.753646440804004669189453125" lon="-105.02576080150902271270751953125">
        <ele>1606.4000244140625</ele>
        <time>2026-07-22T02:45:23.000Z</time>
        <extensions>
          <ns3:TrackPointExtension>
            <ns3:atemp>28.0</ns3:atemp>
          </ns3:TrackPointExtension>
        </extensions>
      </trkpt>
      <trkpt lat="39.75366228260099887847900390625" lon="-105.0257102586328983306884765625">
        <ele>1606.199951171875</ele>
        <time>2026-07-22T02:45:24.000Z</time>
        <extensions>
          <ns3:TrackPointExtension>
            <ns3:atemp>28.0</ns3:atemp>
          </ns3:TrackPointExtension>
        </extensions>
      </trkpt>
      <trkpt lat="39.75371005944907665252685546875" lon="-105.02563708461821079254150390625">
        <ele>1605.5999755859375</ele>
        <time>2026-07-22T02:45:27.000Z</time>
        <extensions>
          <ns3:TrackPointExtension>
            <ns3:atemp>29.0</ns3:atemp>
          </ns3:TrackPointExtension>
        </extensions>
      </trkpt>
      <trkpt lat="39.7537133283913135528564453125" lon="-105.02543860115110874176025390625">
        <ele>1605.199951171875</ele>
        <time>2026-07-22T02:45:33.000Z</time>
        <extensions>
          <ns3:TrackPointExtension>
            <ns3:atemp>29.0</ns3:atemp>
          </ns3:TrackPointExtension>
        </extensions>
      </trkpt>
      <trkpt lat="39.75370704196393489837646484375" lon="-105.02540507353842258453369140625">
        <ele>1605.199951171875</ele>
        <time>2026-07-22T02:45:34.000Z</time>
        <extensions>
          <ns3:TrackPointExtension>
            <ns3:atemp>29.0</ns3:atemp>
          </ns3:TrackPointExtension>
        </extensions>
      </trkpt>
      <trkpt lat="39.75369698368012905120849609375" lon="-105.02533986233174800872802734375">
        <ele>1605.199951171875</ele>
        <time>2026-07-22T02:45:36.000Z</time>
        <extensions>
          <ns3:TrackPointExtension>
            <ns3:atemp>29.0</ns3:atemp>
          </ns3:TrackPointExtension>
        </extensions>
      </trkpt>
      <trkpt lat="39.75369798950850963592529296875" lon="-105.025293342769145965576171875">
        <ele>1605</ele>
        <time>2026-07-22T02:45:37.000Z</time>
        <extensions>
          <ns3:TrackPointExtension>
            <ns3:atemp>29.0</ns3:atemp>
          </ns3:TrackPointExtension>
        </extensions>
      </trkpt>
      <trkpt lat="39.75369413383305072784423828125" lon="-105.02523777075111865997314453125">
        <ele>1605</ele>
        <time>2026-07-22T02:45:38.000Z</time>
        <extensions>
          <ns3:TrackPointExtension>
            <ns3:atemp>29.0</ns3:atemp>
          </ns3:TrackPointExtension>
        </extensions>
      </trkpt>
      <trkpt lat="39.75364518351852893829345703125" lon="-105.0251127965748310089111328125">
        <ele>1604.5999755859375</ele>
        <time>2026-07-22T02:45:40.000Z</time>
        <extensions>
          <ns3:TrackPointExtension>
            <ns3:atemp>29.0</ns3:atemp>
          </ns3:TrackPointExtension>
        </extensions>
      </trkpt>
      <trkpt lat="39.7536137513816356658935546875" lon="-105.02503727562725543975830078125">
        <ele>1604.5999755859375</ele>
        <time>2026-07-22T02:45:41.000Z</time>
        <extensions>
          <ns3:TrackPointExtension>
            <ns3:atemp>29.0</ns3:atemp>
          </ns3:TrackPointExtension>
        </extensions>
      </trkpt>
      <trkpt lat="39.75358382798731327056884765625" lon="-105.024869553744792938232421875">
        <ele>1604.4000244140625</ele>
        <time>2026-07-22T02:45:43.000Z</time>
        <extensions>
          <ns3:TrackPointExtension>
            <ns3:atemp>29.0</ns3:atemp>
          </ns3:TrackPointExtension>
        </extensions>
      </trkpt>
      <trkpt lat="39.75358533672988414764404296875" lon="-105.0247004069387912750244140625">
        <ele>1604.199951171875</ele>
        <time>2026-07-22T02:45:45.000Z</time>
        <extensions>
          <ns3:TrackPointExtension>
            <ns3:atemp>29.0</ns3:atemp>
          </ns3:TrackPointExtension>
        </extensions>
      </trkpt>
      <trkpt lat="39.753586091101169586181640625" lon="-105.0246175937354564666748046875">
        <ele>1604</ele>
        <time>2026-07-22T02:45:46.000Z</time>
        <extensions>
          <ns3:TrackPointExtension>
            <ns3:atemp>29.0</ns3:atemp>
          </ns3:TrackPointExtension>
        </extensions>
      </trkpt>
      <trkpt lat="39.7535875998437404632568359375" lon="-105.0245351158082485198974609375">
        <ele>1604</ele>
        <time>2026-07-22T02:45:47.000Z</time>
        <extensions>
          <ns3:TrackPointExtension>
            <ns3:atemp>29.0</ns3:atemp>
          </ns3:TrackPointExtension>
        </extensions>
      </trkpt>
      <trkpt lat="39.7535946406424045562744140625" lon="-105.024308972060680389404296875">
        <ele>1603.800048828125</ele>
        <time>2026-07-22T02:45:50.000Z</time>
        <extensions>
          <ns3:TrackPointExtension>
            <ns3:atemp>29.0</ns3:atemp>
          </ns3:TrackPointExtension>
        </extensions>
      </trkpt>
      <trkpt lat="39.75358081050217151641845703125" lon="-105.0240865163505077362060546875">
        <ele>1603.5999755859375</ele>
        <time>2026-07-22T02:45:53.000Z</time>
        <extensions>
          <ns3:TrackPointExtension>
            <ns3:atemp>29.0</ns3:atemp>
          </ns3:TrackPointExtension>
        </extensions>
      </trkpt>
      <trkpt lat="39.75359573028981685638427734375" lon="-105.02368074841797351837158203125">
        <ele>1603.4000244140625</ele>
        <time>2026-07-22T02:45:59.000Z</time>
        <extensions>
          <ns3:TrackPointExtension>
            <ns3:atemp>29.0</ns3:atemp>
          </ns3:TrackPointExtension>
        </extensions>
      </trkpt>
      <trkpt lat="39.7536020167171955108642578125" lon="-105.02349198795855045318603515625">
        <ele>1603.199951171875</ele>
        <time>2026-07-22T02:46:02.000Z</time>
        <extensions>
          <ns3:TrackPointExtension>
            <ns3:atemp>29.0</ns3:atemp>
          </ns3:TrackPointExtension>
        </extensions>
      </trkpt>
      <trkpt lat="39.75359841249883174896240234375" lon="-105.0233423709869384765625">
        <ele>1603.199951171875</ele>
        <time>2026-07-22T02:46:04.000Z</time>
        <extensions>
          <ns3:TrackPointExtension>
            <ns3:atemp>29.0</ns3:atemp>
          </ns3:TrackPointExtension>
        </extensions>
      </trkpt>
      <trkpt lat="39.75359505973756313323974609375" lon="-105.02325746230781078338623046875">
        <ele>1603.199951171875</ele>
        <time>2026-07-22T02:46:05.000Z</time>
        <extensions>
          <ns3:TrackPointExtension>
            <ns3:atemp>29.0</ns3:atemp>
          </ns3:TrackPointExtension>
        </extensions>
      </trkpt>
      <trkpt lat="39.75359187461435794830322265625" lon="-105.02317045815289020538330078125">
        <ele>1603.199951171875</ele>
        <time>2026-07-22T02:46:06.000Z</time>
        <extensions>
          <ns3:TrackPointExtension>
            <ns3:atemp>29.0</ns3:atemp>
          </ns3:TrackPointExtension>
        </extensions>
      </trkpt>
      <trkpt lat="39.75359220989048480987548828125" lon="-105.02299946732819080352783203125">
        <ele>1603</ele>
        <time>2026-07-22T02:46:08.000Z</time>
        <extensions>
          <ns3:TrackPointExtension>
            <ns3:atemp>29.0</ns3:atemp>
          </ns3:TrackPointExtension>
        </extensions>
      </trkpt>
      <trkpt lat="39.75362003780901432037353515625" lon="-105.02266712486743927001953125">
        <ele>1602.800048828125</ele>
        <time>2026-07-22T02:46:12.000Z</time>
        <extensions>
          <ns3:TrackPointExtension>
            <ns3:atemp>29.0</ns3:atemp>
          </ns3:TrackPointExtension>
        </extensions>
      </trkpt>
      <trkpt lat="39.75362531840801239013671875" lon="-105.0225864909589290618896484375">
        <ele>1602.800048828125</ele>
        <time>2026-07-22T02:46:13.000Z</time>
        <extensions>
          <ns3:TrackPointExtension>
            <ns3:atemp>29.0</ns3:atemp>
          </ns3:TrackPointExtension>
        </extensions>
      </trkpt>
      <trkpt lat="39.75363646633923053741455078125" lon="-105.02219480462372303009033203125">
        <ele>1602.199951171875</ele>
        <time>2026-07-22T02:46:18.000Z</time>
        <extensions>
          <ns3:TrackPointExtension>
            <ns3:atemp>29.0</ns3:atemp>
          </ns3:TrackPointExtension>
        </extensions>
      </trkpt>
      <trkpt lat="39.7536704130470752716064453125" lon="-105.02207712270319461822509765625">
        <ele>1602.199951171875</ele>
        <time>2026-07-22T02:46:20.000Z</time>
        <extensions>
          <ns3:TrackPointExtension>
            <ns3:atemp>29.0</ns3:atemp>
          </ns3:TrackPointExtension>
        </extensions>
      </trkpt>
      <trkpt lat="39.75369681604206562042236328125" lon="-105.02202532254159450531005859375">
        <ele>1602.199951171875</ele>
        <time>2026-07-22T02:46:21.000Z</time>
        <extensions>
          <ns3:TrackPointExtension>
            <ns3:atemp>29.0</ns3:atemp>
          </ns3:TrackPointExtension>
        </extensions>
      </trkpt>
      <trkpt lat="39.75370938889682292938232421875" lon="-105.02196715213358402252197265625">
        <ele>1602.199951171875</ele>
        <time>2026-07-22T02:46:22.000Z</time>
        <extensions>
          <ns3:TrackPointExtension>
            <ns3:atemp>29.0</ns3:atemp>
          </ns3:TrackPointExtension>
        </extensions>
      </trkpt>
      <trkpt lat="39.753714837133884429931640625" lon="-105.02184259705245494842529296875">
        <ele>1602</ele>
        <time>2026-07-22T02:46:24.000Z</time>
        <extensions>
          <ns3:TrackPointExtension>
            <ns3:atemp>29.0</ns3:atemp>
          </ns3:TrackPointExtension>
        </extensions>
      </trkpt>
      <trkpt lat="39.75371777079999446868896484375" lon="-105.0216480530798435211181640625">
        <ele>1601.800048828125</ele>
        <time>2026-07-22T02:46:28.000Z</time>
        <extensions>
          <ns3:TrackPointExtension>
            <ns3:atemp>29.0</ns3:atemp>
          </ns3:TrackPointExtension>
        </extensions>
      </trkpt>
      <trkpt lat="39.753719530999660491943359375" lon="-105.02162349410355091094970703125">
        <ele>1601.199951171875</ele>
        <time>2026-07-22T02:46:31.000Z</time>
        <extensions>
          <ns3:TrackPointExtension>
            <ns3:atemp>29.0</ns3:atemp>
          </ns3:TrackPointExtension>
        </extensions>
      </trkpt>
      <trkpt lat="39.753764458000659942626953125" lon="-105.02164729870855808258056640625">
        <ele>1601</ele>
        <time>2026-07-22T02:46:34.000Z</time>
        <extensions>
          <ns3:TrackPointExtension>
            <ns3:atemp>29.0</ns3:atemp>
          </ns3:TrackPointExtension>
        </extensions>
      </trkpt>
    </trkseg>
  </trk>
</gpx>
